{
  "archives": 805,
  "groups": 283,
  "ships": 805
}
{
  "certified": [
    true
  ],
  "collected_kg": [
    528.952772073922
  ],
  "done": 1,
  "elapsed_seconds": 34.908554267998625,
  "group": "cluster_fleet_h100_v1/clusters/family_0000",
  "slot": 1,
  "total": 805
}
{
  "certified": [
    true
  ],
  "collected_kg": [
    527.3100616016427
  ],
  "done": 2,
  "elapsed_seconds": 34.90875638399848,
  "group": "cluster_fleet_h100_v1/clusters/family_0000",
  "slot": 2,
  "total": 805
}
{
  "certified": [
    true
  ],
  "collected_kg": [
    597.1252566735113
  ],
  "done": 3,
  "elapsed_seconds": 34.90880854099851,
  "group": "cluster_fleet_h100_v1/clusters/family_0001",
  "slot": 1,
  "total": 805
}
{
  "certified": [
    true
  ],
  "collected_kg": [
    604.1067761806981
  ],
  "done": 4,
  "elapsed_seconds": 34.9088435729991,
  "group": "cluster_fleet_h100_v1/clusters/family_0001",
  "slot": 2,
  "total": 805
}
{
  "certified": [
    true
  ],
  "collected_kg": [
    510.4722792607803
  ],
  "done": 5,
  "elapsed_seconds": 34.908878632999404,
  "group": "cluster_fleet_h100_v1/clusters/family_0002",
  "slot": 1,
  "total": 805
}
{
  "certified": [
    true
  ],
  "collected_kg": [
    453.7987679671458
  ],
  "done": 6,
  "elapsed_seconds": 34.90890639600002,
  "group": "cluster_fleet_h100_v1/clusters/family_0002",
  "slot": 2,
  "total": 805
}
{
  "certified": [
    true
  ],
  "collected_kg": [
    492.8131416837782
  ],
  "done": 7,
  "elapsed_seconds": 34.90893347999918,
  "group": "cluster_fleet_h100_v1/clusters/family_0003",
  "slot": 1,
  "total": 805
}
{
  "certified": [
    true
  ],
  "collected_kg": [
    498.9733059548255
  ],
  "done": 8,
  "elapsed_seconds": 34.90895901299882,
  "group": "cluster_fleet_h100_v1/clusters/family_0003",
  "slot": 2,
  "total": 805
}
{
  "certified": [
    true
  ],
  "collected_kg": [
    499.7946611909651
  ],
  "done": 9,
  "elapsed_seconds": 34.908988336999755,
  "group": "cluster_fleet_h100_v1/clusters/family_0004",
  "slot": 1,
  "total": 805
}
{
  "certified": [
    true
  ],
  "collected_kg": [
    511.29363449691994
  ],
  "done": 10,
  "elapsed_seconds": 34.90901481399851,
  "group": "cluster_fleet_h100_v1/clusters/family_0004",
  "slot": 2,
  "total": 805
}
{
  "certified": [
    true
  ],
  "collected_kg": [
    517.8644763860369
  ],
  "done": 11,
  "elapsed_seconds": 37.07710182699884,
  "group": "cluster_fleet_h100_v1/clusters/family_0005",
  "slot": 1,
  "total": 805
}
{
  "certified": [
    true
  ],
  "collected_kg": [
    526.8993839835729
  ],
  "done": 12,
  "elapsed_seconds": 37.07736522999949,
  "group": "cluster_fleet_h100_v1/clusters/family_0005",
  "slot": 2,
  "total": 805
}
{
  "certified": [
    true
  ],
  "collected_kg": [
    587.2689938398357
  ],
  "done": 13,
  "elapsed_seconds": 37.07746285999929,
  "group": "cluster_fleet_h100_v1/clusters/family_0006",
  "slot": 1,
  "total": 805
}
{
  "certified": [
    true
  ],
  "collected_kg": [
    508.82956878850104
  ],
  "done": 14,
  "elapsed_seconds": 37.0775301499998,
  "group": "cluster_fleet_h100_v1/clusters/family_0006",
  "slot": 2,
  "total": 805
}
{
  "certified": [
    true
  ],
  "collected_kg": [
    539.6303901437371
  ],
  "done": 15,
  "elapsed_seconds": 37.077561944999616,
  "group": "cluster_fleet_h100_v1/clusters/family_0007",
  "slot": 1,
  "total": 805
}
{
  "certified": [
    true
  ],
  "collected_kg": [
    583.5728952772074
  ],
  "done": 16,
  "elapsed_seconds": 37.077589703998456,
  "group": "cluster_fleet_h100_v1/clusters/family_0007",
  "slot": 2,
  "total": 805
}
{
  "certified": [
    true
  ],
  "collected_kg": [
    494.0451745379877
  ],
  "done": 17,
  "elapsed_seconds": 49.431383133000054,
  "group": "cluster_fleet_h100_v1/clusters/family_0008",
  "slot": 1,
  "total": 805
}
{
  "certified": [
    true
  ],
  "collected_kg": [
    602.8747433264887
  ],
  "done": 18,
  "elapsed_seconds": 49.431545939998614,
  "group": "cluster_fleet_h100_v1/clusters/family_0008",
  "slot": 2,
  "total": 805
}
{
  "certified": [
    true
  ],
  "collected_kg": [
    459.1375770020534
  ],
  "done": 19,
  "elapsed_seconds": 70.86052124399976,
  "group": "cluster_fleet_h100_v1/clusters/family_0008",
  "slot": 3,
  "total": 805
}
{
  "certified": [
    true
  ],
  "collected_kg": [
    520.4654346338125
  ],
  "done": 20,
  "elapsed_seconds": 70.86068577999868,
  "group": "cluster_fleet_h100_v1/clusters/family_0009",
  "slot": 1,
  "total": 805
}
{
  "certified": [
    true
  ],
  "collected_kg": [
    510.3353867214237
  ],
  "done": 21,
  "elapsed_seconds": 70.86073514700001,
  "group": "cluster_fleet_h100_v1/clusters/family_0009",
  "slot": 2,
  "total": 805
}
{
  "certified": [
    true
  ],
  "collected_kg": [
    468.9938398357289
  ],
  "done": 22,
  "elapsed_seconds": 70.86078340599852,
  "group": "cluster_fleet_h100_v1/clusters/family_0009",
  "slot": 3,
  "total": 805
}
{
  "certified": [
    true
  ],
  "collected_kg": [
    493.22381930184804
  ],
  "done": 23,
  "elapsed_seconds": 75.24221894799848,
  "group": "cluster_fleet_h100_v1/clusters/family_0010",
  "slot": 1,
  "total": 805
}
{
  "certified": [
    true
  ],
  "collected_kg": [
    480.9034907597536
  ],
  "done": 24,
  "elapsed_seconds": 75.24240865199863,
  "group": "cluster_fleet_h100_v1/clusters/family_0010",
  "slot": 2,
  "total": 805
}
{
  "certified": [
    true
  ],
  "collected_kg": [
    528.952772073922
  ],
  "done": 25,
  "elapsed_seconds": 75.24249912999949,
  "group": "cluster_fleet_h100_v1/clusters/family_0011",
  "slot": 1,
  "total": 805
}
{
  "certified": [
    true
  ],
  "collected_kg": [
    440.2464065708419
  ],
  "done": 26,
  "elapsed_seconds": 75.24253567899905,
  "group": "cluster_fleet_h100_v1/clusters/family_0011",
  "slot": 2,
  "total": 805
}
{
  "certified": [
    true
  ],
  "collected_kg": [
    534.9760438056126
  ],
  "done": 27,
  "elapsed_seconds": 75.24256549499842,
  "group": "cluster_fleet_h100_v1/clusters/family_0012",
  "slot": 1,
  "total": 805
}
{
  "certified": [
    true
  ],
  "collected_kg": [
    483.5044490075291
  ],
  "done": 28,
  "elapsed_seconds": 75.24260325499927,
  "group": "cluster_fleet_h100_v1/clusters/family_0012",
  "slot": 2,
  "total": 805
}
{
  "certified": [
    true
  ],
  "collected_kg": [
    496.9199178644764
  ],
  "done": 29,
  "elapsed_seconds": 75.24263518999942,
  "group": "cluster_fleet_h100_v1/clusters/family_0012",
  "slot": 3,
  "total": 805
}
{
  "certified": [
    true
  ],
  "collected_kg": [
    478.4394250513347
  ],
  "done": 30,
  "elapsed_seconds": 75.24265944299987,
  "group": "cluster_fleet_h100_v1/clusters/family_0013",
  "slot": 1,
  "total": 805
}
{
  "certified": [
    true
  ],
  "collected_kg": [
    464.88706365503083
  ],
  "done": 31,
  "elapsed_seconds": 75.24268377699991,
  "group": "cluster_fleet_h100_v1/clusters/family_0013",
  "slot": 2,
  "total": 805
}
{
  "certified": [
    true
  ],
  "collected_kg": [
    512.2518822724162
  ],
  "done": 32,
  "elapsed_seconds": 75.24270689399964,
  "group": "cluster_fleet_h100_v1/clusters/family_0014",
  "slot": 1,
  "total": 805
}
{
  "certified": [
    true
  ],
  "collected_kg": [
    449.1444216290212
  ],
  "done": 33,
  "elapsed_seconds": 76.35552807899876,
  "group": "cluster_fleet_h100_v1/clusters/family_0014",
  "slot": 2,
  "total": 805
}
{
  "certified": [
    true
  ],
  "collected_kg": [
    388.50102669404515
  ],
  "done": 34,
  "elapsed_seconds": 84.51515915099844,
  "group": "cluster_fleet_h100_v1/clusters/family_0014",
  "slot": 3,
  "total": 805
}
{
  "certified": [
    true
  ],
  "collected_kg": [
    475.1540041067762
  ],
  "done": 35,
  "elapsed_seconds": 84.51549082299971,
  "group": "cluster_fleet_h100_v1/clusters/family_0015",
  "slot": 1,
  "total": 805
}
{
  "certified": [
    true
  ],
  "collected_kg": [
    418.8911704312115
  ],
  "done": 36,
  "elapsed_seconds": 84.51566112,
  "group": "cluster_fleet_h100_v1/clusters/family_0015",
  "slot": 2,
  "total": 805
}
{
  "certified": [
    true
  ],
  "collected_kg": [
    550.7186858316222
  ],
  "done": 37,
  "elapsed_seconds": 84.51573917799942,
  "group": "cluster_fleet_h100_v1/clusters/family_0016",
  "slot": 1,
  "total": 805
}
{
  "certified": [
    true
  ],
  "collected_kg": [
    559.3429158110883
  ],
  "done": 38,
  "elapsed_seconds": 84.51578532899839,
  "group": "cluster_fleet_h100_v1/clusters/family_0016",
  "slot": 2,
  "total": 805
}
{
  "certified": [
    true
  ],
  "collected_kg": [
    466.5297741273101
  ],
  "done": 39,
  "elapsed_seconds": 108.01415910799915,
  "group": "cluster_fleet_h100_v1/clusters/family_0016",
  "slot": 3,
  "total": 805
}
{
  "certified": [
    true
  ],
  "collected_kg": [
    512.9363449691991
  ],
  "done": 40,
  "elapsed_seconds": 108.01445280400003,
  "group": "cluster_fleet_h100_v1/clusters/family_0017",
  "slot": 1,
  "total": 805
}
{
  "certified": [
    true
  ],
  "collected_kg": [
    451.3347022587269
  ],
  "done": 41,
  "elapsed_seconds": 108.0146177739989,
  "group": "cluster_fleet_h100_v1/clusters/family_0017",
  "slot": 2,
  "total": 805
}
{
  "certified": [
    true
  ],
  "collected_kg": [
    472.6899383983573
  ],
  "done": 42,
  "elapsed_seconds": 108.01466723799967,
  "group": "cluster_fleet_h100_v1/clusters/family_0017",
  "slot": 3,
  "total": 805
}
{
  "certified": [
    true
  ],
  "collected_kg": [
    550.7186858316221
  ],
  "done": 43,
  "elapsed_seconds": 108.01471736799976,
  "group": "cluster_fleet_h100_v1/clusters/family_0018",
  "slot": 1,
  "total": 805
}
{
  "certified": [
    true
  ],
  "collected_kg": [
    476.3860369609856
  ],
  "done": 44,
  "elapsed_seconds": 108.01474496399896,
  "group": "cluster_fleet_h100_v1/clusters/family_0018",
  "slot": 2,
  "total": 805
}
{
  "certified": [
    true
  ],
  "collected_kg": [
    411.9096509240246
  ],
  "done": 45,
  "elapsed_seconds": 110.85306411799866,
  "group": "cluster_fleet_h100_v1/clusters/family_0018",
  "slot": 3,
  "total": 805
}
{
  "certified": [
    true
  ],
  "collected_kg": [
    529.5003422313484
  ],
  "done": 46,
  "elapsed_seconds": 110.85333319999881,
  "group": "cluster_fleet_h100_v1/clusters/family_0019",
  "slot": 1,
  "total": 805
}
{
  "certified": [
    true
  ],
  "collected_kg": [
    573.7166324435318
  ],
  "done": 47,
  "elapsed_seconds": 110.85353490899979,
  "group": "cluster_fleet_h100_v1/clusters/family_0019",
  "slot": 2,
  "total": 805
}
{
  "certified": [
    true
  ],
  "collected_kg": [
    395.89322381930185
  ],
  "done": 48,
  "elapsed_seconds": 110.85358628999893,
  "group": "cluster_fleet_h100_v1/clusters/family_0019",
  "slot": 3,
  "total": 805
}
{
  "certified": [
    true
  ],
  "collected_kg": [
    501.84804928131416
  ],
  "done": 49,
  "elapsed_seconds": 115.0044806549995,
  "group": "cluster_fleet_h100_v1/clusters/family_0020",
  "slot": 1,
  "total": 805
}
{
  "certified": [
    true
  ],
  "collected_kg": [
    438.60369609856264
  ],
  "done": 50,
  "elapsed_seconds": 115.00470787999984,
  "group": "cluster_fleet_h100_v1/clusters/family_0020",
  "slot": 2,
  "total": 805
}
{
  "certified": [
    true
  ],
  "collected_kg": [
    519.5071868583162
  ],
  "done": 51,
  "elapsed_seconds": 115.00480479699945,
  "group": "cluster_fleet_h100_v1/clusters/family_0022",
  "slot": 1,
  "total": 805
}
{
  "certified": [
    true
  ],
  "collected_kg": [
    423.5455167693361
  ],
  "done": 52,
  "elapsed_seconds": 115.00484928100013,
  "group": "cluster_fleet_h100_v1/clusters/family_0022",
  "slot": 2,
  "total": 805
}
{
  "certified": [
    true
  ],
  "collected_kg": [
    480.35592060232716
  ],
  "done": 53,
  "elapsed_seconds": 115.92901638399962,
  "group": "cluster_fleet_h100_v1/clusters/family_0023",
  "slot": 1,
  "total": 805
}
{
  "certified": [
    true
  ],
  "collected_kg": [
    379.87679671457903
  ],
  "done": 54,
  "elapsed_seconds": 115.92940089199874,
  "group": "cluster_fleet_h100_v1/clusters/family_0023",
  "slot": 2,
  "total": 805
}
{
  "certified": [
    true
  ],
  "collected_kg": [
    460.3696098562628
  ],
  "done": 55,
  "elapsed_seconds": 132.1495369789991,
  "group": "cluster_fleet_h100_v1/clusters/family_0023",
  "slot": 3,
  "total": 805
}
{
  "certified": [
    true
  ],
  "collected_kg": [
    533.47022587269
  ],
  "done": 56,
  "elapsed_seconds": 132.14968722499907,
  "group": "cluster_fleet_h100_v1/clusters/family_0024",
  "slot": 1,
  "total": 805
}
{
  "certified": [
    true
  ],
  "collected_kg": [
    470.2258726899384
  ],
  "done": 57,
  "elapsed_seconds": 132.1497466410001,
  "group": "cluster_fleet_h100_v1/clusters/family_0024",
  "slot": 2,
  "total": 805
}
{
  "certified": [
    true
  ],
  "collected_kg": [
    550.3080082135524
  ],
  "done": 58,
  "elapsed_seconds": 132.14977952499976,
  "group": "cluster_fleet_h100_v1/clusters/family_0024",
  "slot": 3,
  "total": 805
}
{
  "certified": [
    true
  ],
  "collected_kg": [
    554.4147843942505
  ],
  "done": 59,
  "elapsed_seconds": 132.149807926,
  "group": "cluster_fleet_h100_v1/clusters/family_0025",
  "slot": 1,
  "total": 805
}
{
  "certified": [
    true
  ],
  "collected_kg": [
    542.3682409308693
  ],
  "done": 60,
  "elapsed_seconds": 132.14984161399843,
  "group": "cluster_fleet_h100_v1/clusters/family_0025",
  "slot": 2,
  "total": 805
}
{
  "certified": [
    true
  ],
  "collected_kg": [
    526.488706365503
  ],
  "done": 61,
  "elapsed_seconds": 133.4725114269986,
  "group": "cluster_fleet_h100_v1/clusters/family_0025",
  "slot": 3,
  "total": 805
}
{
  "certified": [
    true
  ],
  "collected_kg": [
    548.2546201232033
  ],
  "done": 62,
  "elapsed_seconds": 133.47260907399868,
  "group": "cluster_fleet_h100_v1/clusters/family_0028",
  "slot": 1,
  "total": 805
}
{
  "certified": [
    true
  ],
  "collected_kg": [
    572.4845995893223
  ],
  "done": 63,
  "elapsed_seconds": 133.47264356099913,
  "group": "cluster_fleet_h100_v1/clusters/family_0028",
  "slot": 2,
  "total": 805
}
{
  "certified": [
    true
  ],
  "collected_kg": [
    480.08213552361394
  ],
  "done": 64,
  "elapsed_seconds": 133.4726800190001,
  "group": "cluster_fleet_h100_v1/clusters/family_0029",
  "slot": 1,
  "total": 805
}
{
  "certified": [
    true
  ],
  "collected_kg": [
    493.0869267624915
  ],
  "done": 65,
  "elapsed_seconds": 139.63551418899988,
  "group": "cluster_fleet_h100_v1/clusters/family_0029",
  "slot": 2,
  "total": 805
}
{
  "certified": [
    true
  ],
  "collected_kg": [
    513.347022587269
  ],
  "done": 66,
  "elapsed_seconds": 139.63579902199854,
  "group": "cluster_fleet_h100_v1/clusters/family_0032",
  "slot": 1,
  "total": 805
}
{
  "certified": [
    true
  ],
  "collected_kg": [
    422.99794661190964
  ],
  "done": 67,
  "elapsed_seconds": 139.63596432599843,
  "group": "cluster_fleet_h100_v1/clusters/family_0032",
  "slot": 2,
  "total": 805
}
{
  "certified": [
    true
  ],
  "collected_kg": [
    300.3422313483915
  ],
  "done": 68,
  "elapsed_seconds": 139.6360493359989,
  "group": "cluster_fleet_h100_v1/clusters/family_0032",
  "slot": 3,
  "total": 805
}
{
  "certified": [
    true
  ],
  "collected_kg": [
    467.7618069815195
  ],
  "done": 69,
  "elapsed_seconds": 139.6360843099992,
  "group": "cluster_fleet_h100_v1/clusters/family_0033",
  "slot": 1,
  "total": 805
}
{
  "certified": [
    true
  ],
  "collected_kg": [
    454.20944558521563
  ],
  "done": 70,
  "elapsed_seconds": 156.8381810869996,
  "group": "cluster_fleet_h100_v1/clusters/family_0033",
  "slot": 2,
  "total": 805
}
{
  "certified": [
    true
  ],
  "collected_kg": [
    462.8336755646817
  ],
  "done": 71,
  "elapsed_seconds": 156.84151306399872,
  "group": "cluster_fleet_h100_v1/clusters/family_0033",
  "slot": 3,
  "total": 805
}
{
  "certified": [
    true
  ],
  "collected_kg": [
    368.37782340862424
  ],
  "done": 72,
  "elapsed_seconds": 156.8415976010001,
  "group": "cluster_fleet_h100_v1/clusters/family_0033",
  "slot": 4,
  "total": 805
}
{
  "certified": [
    true
  ],
  "collected_kg": [
    545.3798767967146
  ],
  "done": 73,
  "elapsed_seconds": 156.84163804499985,
  "group": "cluster_fleet_h100_v1/clusters/family_0035",
  "slot": 1,
  "total": 805
}
{
  "certified": [
    true
  ],
  "collected_kg": [
    517.4537987679671
  ],
  "done": 74,
  "elapsed_seconds": 156.84167796600013,
  "group": "cluster_fleet_h100_v1/clusters/family_0035",
  "slot": 2,
  "total": 805
}
{
  "certified": [
    true
  ],
  "collected_kg": [
    428.7474332648871
  ],
  "done": 75,
  "elapsed_seconds": 156.84173368999836,
  "group": "cluster_fleet_h100_v1/clusters/family_0035",
  "slot": 3,
  "total": 805
}
{
  "certified": [
    true
  ],
  "collected_kg": [
    499.38398357289526
  ],
  "done": 76,
  "elapsed_seconds": 156.84176258799926,
  "group": "cluster_fleet_h100_v1/clusters/family_0036",
  "slot": 1,
  "total": 805
}
{
  "certified": [
    true
  ],
  "collected_kg": [
    551.5400410677618
  ],
  "done": 77,
  "elapsed_seconds": 157.57862005199968,
  "group": "cluster_fleet_h100_v1/clusters/family_0036",
  "slot": 2,
  "total": 805
}
{
  "certified": [
    true
  ],
  "collected_kg": [
    514.1683778234086
  ],
  "done": 78,
  "elapsed_seconds": 163.64228220099903,
  "group": "cluster_fleet_h100_v1/clusters/family_0038",
  "slot": 1,
  "total": 805
}
{
  "certified": [
    true
  ],
  "collected_kg": [
    495.55099247091033
  ],
  "done": 79,
  "elapsed_seconds": 163.642533577,
  "group": "cluster_fleet_h100_v1/clusters/family_0038",
  "slot": 2,
  "total": 805
}
{
  "certified": [
    true
  ],
  "collected_kg": [
    445.3114305270363
  ],
  "done": 80,
  "elapsed_seconds": 163.6426216939999,
  "group": "cluster_fleet_h100_v1/clusters/family_0038",
  "slot": 3,
  "total": 805
}
{
  "certified": [
    true
  ],
  "collected_kg": [
    544.0109514031485
  ],
  "done": 81,
  "elapsed_seconds": 163.64374712099925,
  "group": "cluster_fleet_h100_v1/clusters/family_0040",
  "slot": 1,
  "total": 805
}
{
  "certified": [
    true
  ],
  "collected_kg": [
    453.7987679671458
  ],
  "done": 82,
  "elapsed_seconds": 163.64378722199945,
  "group": "cluster_fleet_h100_v1/clusters/family_0040",
  "slot": 2,
  "total": 805
}
{
  "certified": [
    true
  ],
  "collected_kg": [
    404.517453798768
  ],
  "done": 83,
  "elapsed_seconds": 163.64382131799903,
  "group": "cluster_fleet_h100_v1/clusters/family_0040",
  "slot": 3,
  "total": 805
}
{
  "certified": [
    true
  ],
  "collected_kg": [
    444.0793976728268
  ],
  "done": 84,
  "elapsed_seconds": 163.64385981799933,
  "group": "cluster_fleet_h100_v1/clusters/family_0051",
  "slot": 1,
  "total": 805
}
{
  "certified": [
    true
  ],
  "collected_kg": [
    458.72689938398355
  ],
  "done": 85,
  "elapsed_seconds": 168.18423667599927,
  "group": "cluster_fleet_h100_v1/clusters/family_0051",
  "slot": 2,
  "total": 805
}
{
  "certified": [
    true
  ],
  "collected_kg": [
    468.1724845995893
  ],
  "done": 86,
  "elapsed_seconds": 173.87443525399976,
  "group": "cluster_fleet_h100_v1/clusters/family_0052",
  "slot": 1,
  "total": 805
}
{
  "certified": [
    true
  ],
  "collected_kg": [
    602.8747433264887
  ],
  "done": 87,
  "elapsed_seconds": 173.87472166999942,
  "group": "cluster_fleet_h100_v1/clusters/family_0054",
  "slot": 1,
  "total": 805
}
{
  "certified": [
    true
  ],
  "collected_kg": [
    533.47022587269
  ],
  "done": 88,
  "elapsed_seconds": 173.8748923839994,
  "group": "cluster_fleet_h100_v1/clusters/family_0054",
  "slot": 2,
  "total": 805
}
{
  "certified": [
    true
  ],
  "collected_kg": [
    422.99794661190964
  ],
  "done": 89,
  "elapsed_seconds": 173.87494119499934,
  "group": "cluster_fleet_h100_v1/clusters/family_0060",
  "slot": 1,
  "total": 805
}
{
  "certified": [
    true
  ],
  "collected_kg": [
    444.76386036960986
  ],
  "done": 90,
  "elapsed_seconds": 178.91455883799972,
  "group": "cluster_fleet_h100_v1/clusters/family_0060",
  "slot": 2,
  "total": 805
}
{
  "certified": [
    true
  ],
  "collected_kg": [
    559.3429158110883
  ],
  "done": 91,
  "elapsed_seconds": 178.91470064299938,
  "group": "cluster_fleet_h100_v1/clusters/family_0065",
  "slot": 1,
  "total": 805
}
{
  "certified": [
    true
  ],
  "collected_kg": [
    533.8809034907597
  ],
  "done": 92,
  "elapsed_seconds": 178.9165080719995,
  "group": "cluster_fleet_h100_v1/clusters/family_0065",
  "slot": 2,
  "total": 805
}
{
  "certified": [
    true
  ],
  "collected_kg": [
    464.476386036961
  ],
  "done": 93,
  "elapsed_seconds": 183.8024546809993,
  "group": "cluster_fleet_h100_v1/clusters/family_0065",
  "slot": 3,
  "total": 805
}
{
  "certified": [
    true
  ],
  "collected_kg": [
    501.57426420260094
  ],
  "done": 94,
  "elapsed_seconds": 183.80264346399963,
  "group": "cluster_fleet_h100_v1/clusters/family_0080",
  "slot": 1,
  "total": 805
}
{
  "certified": [
    true
  ],
  "collected_kg": [
    446.4065708418891
  ],
  "done": 95,
  "elapsed_seconds": 190.6821314129993,
  "group": "cluster_fleet_h100_v1/clusters/family_0080",
  "slot": 2,
  "total": 805
}
{
  "certified": [
    true
  ],
  "collected_kg": [
    418.0698151950719
  ],
  "done": 96,
  "elapsed_seconds": 190.68228803499915,
  "group": "cluster_fleet_h100_v1/clusters/family_0080",
  "slot": 3,
  "total": 805
}
{
  "certified": [
    true
  ],
  "collected_kg": [
    517.0431211498974
  ],
  "done": 97,
  "elapsed_seconds": 190.68232966999858,
  "group": "cluster_fleet_h100_v1/clusters/family_0085",
  "slot": 1,
  "total": 805
}
{
  "certified": [
    true
  ],
  "collected_kg": [
    354.2778918548939
  ],
  "done": 98,
  "elapsed_seconds": 190.68236092699954,
  "group": "cluster_fleet_h100_v1/clusters/family_0085",
  "slot": 2,
  "total": 805
}
{
  "certified": [
    true
  ],
  "collected_kg": [
    517.8644763860369
  ],
  "done": 99,
  "elapsed_seconds": 212.4435454229988,
  "group": "cluster_fleet_h100_v1/clusters/family_0086",
  "slot": 1,
  "total": 805
}
{
  "certified": [
    true
  ],
  "collected_kg": [
    503.49075975359347
  ],
  "done": 100,
  "elapsed_seconds": 212.44382742000016,
  "group": "cluster_fleet_h100_v1/clusters/family_0086",
  "slot": 2,
  "total": 805
}
{
  "certified": [
    true
  ],
  "collected_kg": [
    555.6468172484599
  ],
  "done": 101,
  "elapsed_seconds": 212.44401967999875,
  "group": "cluster_fleet_h100_v1/clusters/family_0090",
  "slot": 1,
  "total": 805
}
{
  "certified": [
    true
  ],
  "collected_kg": [
    519.0965092402464
  ],
  "done": 102,
  "elapsed_seconds": 212.44407764899915,
  "group": "cluster_fleet_h100_v1/clusters/family_0090",
  "slot": 2,
  "total": 805
}
{
  "certified": [
    true
  ],
  "collected_kg": [
    443.8056125941136
  ],
  "done": 103,
  "elapsed_seconds": 212.4441096669998,
  "group": "cluster_fleet_h100_v1/clusters/family_0096",
  "slot": 1,
  "total": 805
}
{
  "certified": [
    true
  ],
  "collected_kg": [
    475.56468172484597
  ],
  "done": 104,
  "elapsed_seconds": 212.4441380749995,
  "group": "cluster_fleet_h100_v1/clusters/family_0096",
  "slot": 2,
  "total": 805
}
{
  "certified": [
    true
  ],
  "collected_kg": [
    433.26488706365507
  ],
  "done": 105,
  "elapsed_seconds": 212.44416547699984,
  "group": "cluster_fleet_h100_v1/clusters/family_0096",
  "slot": 3,
  "total": 805
}
{
  "certified": [
    true
  ],
  "collected_kg": [
    492.8131416837782
  ],
  "done": 106,
  "elapsed_seconds": 212.44419129499875,
  "group": "cluster_fleet_h100_v1/clusters/family_0099",
  "slot": 1,
  "total": 805
}
{
  "certified": [
    true
  ],
  "collected_kg": [
    460.3696098562628
  ],
  "done": 107,
  "elapsed_seconds": 212.44421625499854,
  "group": "cluster_fleet_h100_v1/clusters/family_0099",
  "slot": 2,
  "total": 805
}
{
  "certified": [
    true
  ],
  "collected_kg": [
    429.9794661190965
  ],
  "done": 108,
  "elapsed_seconds": 212.4442413779998,
  "group": "cluster_fleet_h100_v1/clusters/family_0103",
  "slot": 1,
  "total": 805
}
{
  "certified": [
    true
  ],
  "collected_kg": [
    405.33880903490757
  ],
  "done": 109,
  "elapsed_seconds": 212.44426955999916,
  "group": "cluster_fleet_h100_v1/clusters/family_0103",
  "slot": 2,
  "total": 805
}
{
  "certified": [
    true
  ],
  "collected_kg": [
    270.6365503080082
  ],
  "done": 110,
  "elapsed_seconds": 212.44429891799882,
  "group": "cluster_fleet_h100_v1/clusters/family_0103",
  "slot": 3,
  "total": 805
}
{
  "certified": [
    true
  ],
  "collected_kg": [
    489.80150581793293
  ],
  "done": 111,
  "elapsed_seconds": 218.2781801279998,
  "group": "cluster_fleet_h100_v1/clusters/family_0108",
  "slot": 1,
  "total": 805
}
{
  "certified": [
    true
  ],
  "collected_kg": [
    447.6386036960986
  ],
  "done": 112,
  "elapsed_seconds": 218.2795065629998,
  "group": "cluster_fleet_h100_v1/clusters/family_0108",
  "slot": 2,
  "total": 805
}
{
  "certified": [
    true
  ],
  "collected_kg": [
    354.8254620123203
  ],
  "done": 113,
  "elapsed_seconds": 218.27967741999964,
  "group": "cluster_fleet_h100_v1/clusters/family_0108",
  "slot": 3,
  "total": 805
}
{
  "certified": [
    true
  ],
  "collected_kg": [
    555.2361396303902
  ],
  "done": 114,
  "elapsed_seconds": 218.27971723100018,
  "group": "cluster_fleet_h100_v1/clusters/family_0109",
  "slot": 1,
  "total": 805
}
{
  "certified": [
    true
  ],
  "collected_kg": [
    531.1430527036276
  ],
  "done": 115,
  "elapsed_seconds": 218.27974918299878,
  "group": "cluster_fleet_h100_v1/clusters/family_0109",
  "slot": 2,
  "total": 805
}
{
  "certified": [
    true
  ],
  "collected_kg": [
    369.60985626283366
  ],
  "done": 116,
  "elapsed_seconds": 221.12438981000014,
  "group": "cluster_fleet_h100_v1/clusters/family_0109",
  "slot": 3,
  "total": 805
}
{
  "certified": [
    true
  ],
  "collected_kg": [
    502.258726899384
  ],
  "done": 117,
  "elapsed_seconds": 241.67350467299912,
  "group": "cluster_fleet_v1/clusters/family_0000",
  "slot": 1,
  "total": 805
}
{
  "certified": [
    true
  ],
  "collected_kg": [
    494.8665297741273
  ],
  "done": 118,
  "elapsed_seconds": 241.6737083199987,
  "group": "cluster_fleet_v1/clusters/family_0000",
  "slot": 3,
  "total": 805
}
{
  "certified": [
    true
  ],
  "collected_kg": [
    486.24229979466116
  ],
  "done": 119,
  "elapsed_seconds": 241.6737833399984,
  "group": "cluster_fleet_v1/clusters/family_0001",
  "slot": 1,
  "total": 805
}
{
  "certified": [
    true
  ],
  "collected_kg": [
    448.4599589322382
  ],
  "done": 120,
  "elapsed_seconds": 241.67381999399913,
  "group": "cluster_fleet_v1/clusters/family_0003",
  "slot": 1,
  "total": 805
}
{
  "certified": [
    true
  ],
  "collected_kg": [
    322.29979466119096
  ],
  "done": 121,
  "elapsed_seconds": 241.67386002499916,
  "group": "cluster_fleet_v1/clusters/family_0003",
  "slot": 2,
  "total": 805
}
{
  "certified": [
    true
  ],
  "collected_kg": [
    379.98631074606436
  ],
  "done": 122,
  "elapsed_seconds": 241.67388748399935,
  "group": "cluster_fleet_v1/clusters/family_0003",
  "slot": 3,
  "total": 805
}
{
  "certified": [
    true
  ],
  "collected_kg": [
    447.33744010951403
  ],
  "done": 123,
  "elapsed_seconds": 241.6739110719991,
  "group": "cluster_fleet_v1/clusters/family_0004",
  "slot": 1,
  "total": 805
}
{
  "certified": [
    true
  ],
  "collected_kg": [
    461.19096509240245
  ],
  "done": 124,
  "elapsed_seconds": 251.44252901299842,
  "group": "cluster_fleet_v1/clusters/family_0004",
  "slot": 2,
  "total": 805
}
{
  "certified": [
    true
  ],
  "collected_kg": [
    512.1149897330596
  ],
  "done": 125,
  "elapsed_seconds": 251.44267212500017,
  "group": "cluster_fleet_v1/clusters/family_0004",
  "slot": 3,
  "total": 805
}
{
  "certified": [
    true
  ],
  "collected_kg": [
    453.22381930184804
  ],
  "done": 126,
  "elapsed_seconds": 251.4427181989995,
  "group": "cluster_fleet_v1/clusters/family_0005",
  "slot": 2,
  "total": 805
}
{
  "certified": [
    true
  ],
  "collected_kg": [
    450.485968514716
  ],
  "done": 127,
  "elapsed_seconds": 251.4427532969985,
  "group": "cluster_fleet_v1/clusters/family_0005",
  "slot": 3,
  "total": 805
}
{
  "certified": [
    true
  ],
  "collected_kg": [
    91.77275838466804
  ],
  "done": 128,
  "elapsed_seconds": 251.44278285699875,
  "group": "cluster_fleet_v1/clusters/family_0006",
  "slot": 1,
  "total": 805
}
{
  "certified": [
    true
  ],
  "collected_kg": [
    210.02053388090349
  ],
  "done": 129,
  "elapsed_seconds": 251.44281276399852,
  "group": "cluster_fleet_v1/clusters/family_0007",
  "slot": 1,
  "total": 805
}
{
  "certified": [
    true
  ],
  "collected_kg": [
    476.7693360711841
  ],
  "done": 130,
  "elapsed_seconds": 251.44284691199937,
  "group": "cluster_fleet_v1/clusters/family_0007",
  "slot": 2,
  "total": 805
}
{
  "certified": [
    true
  ],
  "collected_kg": [
    446.4065708418891
  ],
  "done": 131,
  "elapsed_seconds": 251.44289648299855,
  "group": "cluster_fleet_v1/clusters/family_0007",
  "slot": 3,
  "total": 805
}
{
  "certified": [
    true
  ],
  "collected_kg": [
    94.51060917180014
  ],
  "done": 132,
  "elapsed_seconds": 251.442931218,
  "group": "cluster_fleet_v1/clusters/family_0008",
  "slot": 1,
  "total": 805
}
{
  "certified": [
    true
  ],
  "collected_kg": [
    397.8644763860369
  ],
  "done": 133,
  "elapsed_seconds": 261.11993939499916,
  "group": "cluster_fleet_v1/clusters/family_0009",
  "slot": 1,
  "total": 805
}
{
  "certified": [
    true
  ],
  "collected_kg": [
    334.6201232032854
  ],
  "done": 134,
  "elapsed_seconds": 261.12019453299945,
  "group": "cluster_fleet_v1/clusters/family_0009",
  "slot": 2,
  "total": 805
}
{
  "certified": [
    true
  ],
  "collected_kg": [
    403.2854209445585
  ],
  "done": 135,
  "elapsed_seconds": 261.9710820519995,
  "group": "cluster_fleet_v1/clusters/family_0010",
  "slot": 1,
  "total": 805
}
{
  "certified": [
    true
  ],
  "collected_kg": [
    474.33264887063655
  ],
  "done": 136,
  "elapsed_seconds": 261.9713357669989,
  "group": "cluster_fleet_v1/clusters/family_0010",
  "slot": 2,
  "total": 805
}
{
  "certified": [
    true
  ],
  "collected_kg": [
    389.73305954825463
  ],
  "done": 137,
  "elapsed_seconds": 265.72225014299875,
  "group": "cluster_fleet_v1/clusters/family_0011",
  "slot": 1,
  "total": 805
}
{
  "certified": [
    true
  ],
  "collected_kg": [
    299.24709103353865
  ],
  "done": 138,
  "elapsed_seconds": 265.72250945299857,
  "group": "cluster_fleet_v1/clusters/family_0011",
  "slot": 2,
  "total": 805
}
{
  "certified": [
    true
  ],
  "collected_kg": [
    294.3737166324435
  ],
  "done": 139,
  "elapsed_seconds": 265.72260557699883,
  "group": "cluster_fleet_v1/clusters/family_0011",
  "slot": 3,
  "total": 805
}
{
  "certified": [
    true
  ],
  "collected_kg": [
    408.2135523613963
  ],
  "done": 140,
  "elapsed_seconds": 278.5770113639992,
  "group": "cluster_fleet_v1/clusters/family_0013",
  "slot": 1,
  "total": 805
}
{
  "certified": [
    true
  ],
  "collected_kg": [
    326.4887063655031
  ],
  "done": 141,
  "elapsed_seconds": 278.57724739999867,
  "group": "cluster_fleet_v1/clusters/family_0013",
  "slot": 2,
  "total": 805
}
{
  "certified": [
    true
  ],
  "collected_kg": [
    355.9753593429158
  ],
  "done": 142,
  "elapsed_seconds": 278.5773978449997,
  "group": "cluster_fleet_v1/clusters/family_0013",
  "slot": 3,
  "total": 805
}
{
  "certified": [
    true
  ],
  "collected_kg": [
    464.88706365503083
  ],
  "done": 143,
  "elapsed_seconds": 278.57743940599903,
  "group": "cluster_fleet_v1/clusters/family_0014",
  "slot": 1,
  "total": 805
}
{
  "certified": [
    true
  ],
  "collected_kg": [
    403.6960985626283
  ],
  "done": 144,
  "elapsed_seconds": 278.577493806999,
  "group": "cluster_fleet_v1/clusters/family_0014",
  "slot": 2,
  "total": 805
}
{
  "certified": [
    true
  ],
  "collected_kg": [
    398.7679671457905
  ],
  "done": 145,
  "elapsed_seconds": 278.5775247189995,
  "group": "cluster_fleet_v1/clusters/family_0014",
  "slot": 3,
  "total": 805
}
{
  "certified": [
    true
  ],
  "collected_kg": [
    402.8747433264887
  ],
  "done": 146,
  "elapsed_seconds": 282.3608297309984,
  "group": "cluster_fleet_v1/clusters/family_0015",
  "slot": 1,
  "total": 805
}
{
  "certified": [
    true
  ],
  "collected_kg": [
    498.56262833675567
  ],
  "done": 147,
  "elapsed_seconds": 282.3609479299994,
  "group": "cluster_fleet_v1/clusters/family_0015",
  "slot": 2,
  "total": 805
}
{
  "certified": [
    true
  ],
  "collected_kg": [
    553.5934291581109
  ],
  "done": 148,
  "elapsed_seconds": 290.25404257099945,
  "group": "cluster_fleet_v1/clusters/family_0015",
  "slot": 3,
  "total": 805
}
{
  "certified": [
    true
  ],
  "collected_kg": [
    295.2772073921971
  ],
  "done": 149,
  "elapsed_seconds": 290.2543297199991,
  "group": "cluster_fleet_v1/clusters/family_0016",
  "slot": 1,
  "total": 805
}
{
  "certified": [
    true
  ],
  "collected_kg": [
    226.91307323750857
  ],
  "done": 150,
  "elapsed_seconds": 290.25441307599976,
  "group": "cluster_fleet_v1/clusters/family_0016",
  "slot": 2,
  "total": 805
}
{
  "certified": [
    true
  ],
  "collected_kg": [
    452.5667351129363
  ],
  "done": 151,
  "elapsed_seconds": 294.44551719099945,
  "group": "cluster_fleet_v1/clusters/family_0018",
  "slot": 1,
  "total": 805
}
{
  "certified": [
    true
  ],
  "collected_kg": [
    493.22381930184804
  ],
  "done": 152,
  "elapsed_seconds": 301.05136627999855,
  "group": "cluster_fleet_v1/clusters/family_0018",
  "slot": 2,
  "total": 805
}
{
  "certified": [
    true
  ],
  "collected_kg": [
    489.1170431211499
  ],
  "done": 153,
  "elapsed_seconds": 301.051526715999,
  "group": "cluster_fleet_v1/clusters/family_0018",
  "slot": 3,
  "total": 805
}
{
  "certified": [
    true
  ],
  "collected_kg": [
    336.26283367556465
  ],
  "done": 154,
  "elapsed_seconds": 301.05158209599904,
  "group": "cluster_fleet_v1/clusters/family_0020",
  "slot": 1,
  "total": 805
}
{
  "certified": [
    true
  ],
  "collected_kg": [
    304.5859000684463
  ],
  "done": 155,
  "elapsed_seconds": 301.0516180809991,
  "group": "cluster_fleet_v1/clusters/family_0022",
  "slot": 1,
  "total": 805
}
{
  "certified": [
    true
  ],
  "collected_kg": [
    406.57084188911705
  ],
  "done": 156,
  "elapsed_seconds": 301.05167252499996,
  "group": "cluster_fleet_v1/clusters/family_0022",
  "slot": 2,
  "total": 805
}
{
  "certified": [
    true
  ],
  "collected_kg": [
    432.85420944558524
  ],
  "done": 157,
  "elapsed_seconds": 301.05170502999863,
  "group": "cluster_fleet_v1/clusters/family_0022",
  "slot": 3,
  "total": 805
}
{
  "certified": [
    true
  ],
  "collected_kg": [
    278.7132101300479
  ],
  "done": 158,
  "elapsed_seconds": 301.0517347349996,
  "group": "cluster_fleet_v1/clusters/family_0023",
  "slot": 1,
  "total": 805
}
{
  "certified": [
    true
  ],
  "collected_kg": [
    299.38398357289526
  ],
  "done": 159,
  "elapsed_seconds": 301.05176779199974,
  "group": "cluster_fleet_v1/clusters/family_0023",
  "slot": 2,
  "total": 805
}
{
  "certified": [
    true
  ],
  "collected_kg": [
    541.2731006160164
  ],
  "done": 160,
  "elapsed_seconds": 301.05179927599966,
  "group": "cluster_fleet_v1/clusters/family_0024",
  "slot": 2,
  "total": 805
}
{
  "certified": [
    true
  ],
  "collected_kg": [
    539.6303901437371
  ],
  "done": 161,
  "elapsed_seconds": 301.05182685699947,
  "group": "cluster_fleet_v1/clusters/family_0024",
  "slot": 3,
  "total": 805
}
{
  "certified": [
    true
  ],
  "collected_kg": [
    516.6324435318276
  ],
  "done": 162,
  "elapsed_seconds": 310.56042473900015,
  "group": "cluster_fleet_v1/clusters/family_0025",
  "slot": 1,
  "total": 805
}
{
  "certified": [
    true
  ],
  "collected_kg": [
    411.088295687885
  ],
  "done": 163,
  "elapsed_seconds": 314.6310245179993,
  "group": "cluster_fleet_v1/clusters/family_0025",
  "slot": 2,
  "total": 805
}
{
  "certified": [
    true
  ],
  "collected_kg": [
    365.8316221765914
  ],
  "done": 164,
  "elapsed_seconds": 318.57589435299997,
  "group": "cluster_fleet_v1/clusters/family_0025",
  "slot": 3,
  "total": 805
}
{
  "certified": [
    true
  ],
  "collected_kg": [
    411.49897330595485
  ],
  "done": 165,
  "elapsed_seconds": 318.57616121999854,
  "group": "cluster_fleet_v1/clusters/family_0026",
  "slot": 1,
  "total": 805
}
{
  "certified": [
    true
  ],
  "collected_kg": [
    281.3141683778234
  ],
  "done": 166,
  "elapsed_seconds": 318.5762232069992,
  "group": "cluster_fleet_v1/clusters/family_0026",
  "slot": 2,
  "total": 805
}
{
  "certified": [
    true
  ],
  "collected_kg": [
    455.03080082135523
  ],
  "done": 167,
  "elapsed_seconds": 322.2590358189991,
  "group": "cluster_fleet_v1/clusters/family_0027",
  "slot": 1,
  "total": 805
}
{
  "certified": [
    true
  ],
  "collected_kg": [
    439.7535934291581
  ],
  "done": 168,
  "elapsed_seconds": 330.9552213879997,
  "group": "cluster_fleet_v1/clusters/family_0027",
  "slot": 2,
  "total": 805
}
{
  "certified": [
    true
  ],
  "collected_kg": [
    181.6290212183436
  ],
  "done": 169,
  "elapsed_seconds": 330.9554969419987,
  "group": "cluster_fleet_v1/clusters/family_0027",
  "slot": 3,
  "total": 805
}
{
  "certified": [
    true
  ],
  "collected_kg": [
    403.6960985626283
  ],
  "done": 170,
  "elapsed_seconds": 330.9556637429996,
  "group": "cluster_fleet_v1/clusters/family_0030",
  "slot": 1,
  "total": 805
}
{
  "certified": [
    true
  ],
  "collected_kg": [
    164.9281314168378
  ],
  "done": 171,
  "elapsed_seconds": 330.95571912000014,
  "group": "cluster_fleet_v1/clusters/family_0030",
  "slot": 3,
  "total": 805
}
{
  "certified": [
    true
  ],
  "collected_kg": [
    296.8377823408624
  ],
  "done": 172,
  "elapsed_seconds": 330.9557531149985,
  "group": "cluster_fleet_v1/clusters/family_0031",
  "slot": 1,
  "total": 805
}
{
  "certified": [
    true
  ],
  "collected_kg": [
    253.19644079397673
  ],
  "done": 173,
  "elapsed_seconds": 335.24475367299965,
  "group": "cluster_fleet_v1/clusters/family_0032",
  "slot": 1,
  "total": 805
}
{
  "certified": [
    true
  ],
  "collected_kg": [
    438.60369609856264
  ],
  "done": 174,
  "elapsed_seconds": 335.24485791999905,
  "group": "cluster_fleet_v1/clusters/family_0033",
  "slot": 1,
  "total": 805
}
{
  "certified": [
    true
  ],
  "collected_kg": [
    528.5420944558522
  ],
  "done": 175,
  "elapsed_seconds": 335.24489450999863,
  "group": "cluster_fleet_v1/clusters/family_0033",
  "slot": 2,
  "total": 805
}
{
  "certified": [
    true
  ],
  "collected_kg": [
    338.80903490759755
  ],
  "done": 176,
  "elapsed_seconds": 335.2449241279992,
  "group": "cluster_fleet_v1/clusters/family_0033",
  "slot": 3,
  "total": 805
}
{
  "certified": [
    true
  ],
  "collected_kg": [
    174.2368240930869
  ],
  "done": 177,
  "elapsed_seconds": 335.2449517320001,
  "group": "cluster_fleet_v1/clusters/family_0034",
  "slot": 1,
  "total": 805
}
{
  "certified": [
    true
  ],
  "collected_kg": [
    94.92128678986995
  ],
  "done": 178,
  "elapsed_seconds": 335.24497713899837,
  "group": "cluster_fleet_v1/clusters/family_0034",
  "slot": 2,
  "total": 805
}
{
  "certified": [
    true
  ],
  "collected_kg": [
    416.0164271047228
  ],
  "done": 179,
  "elapsed_seconds": 335.245004729999,
  "group": "cluster_fleet_v1/clusters/family_0034",
  "slot": 3,
  "total": 805
}
{
  "certified": [
    true
  ],
  "collected_kg": [
    404.435318275154
  ],
  "done": 180,
  "elapsed_seconds": 335.2450299739994,
  "group": "cluster_fleet_v1/clusters/family_0036",
  "slot": 1,
  "total": 805
}
{
  "certified": [
    true
  ],
  "collected_kg": [
    455.2772073921971
  ],
  "done": 181,
  "elapsed_seconds": 348.1045253639986,
  "group": "cluster_fleet_v1/clusters/family_0036",
  "slot": 2,
  "total": 805
}
{
  "certified": [
    true
  ],
  "collected_kg": [
    140.28747433264886
  ],
  "done": 182,
  "elapsed_seconds": 366.4644901679985,
  "group": "cluster_fleet_v1/clusters/family_0038",
  "slot": 1,
  "total": 805
}
{
  "certified": [
    true
  ],
  "collected_kg": [
    253.9356605065024
  ],
  "done": 183,
  "elapsed_seconds": 366.46461935499974,
  "group": "cluster_fleet_v1/clusters/family_0038",
  "slot": 2,
  "total": 805
}
{
  "certified": [
    true
  ],
  "collected_kg": [
    244.435318275154
  ],
  "done": 184,
  "elapsed_seconds": 366.4646783219996,
  "group": "cluster_fleet_v1/clusters/family_0038",
  "slot": 3,
  "total": 805
}
{
  "certified": [
    true
  ],
  "collected_kg": [
    313.347022587269
  ],
  "done": 185,
  "elapsed_seconds": 366.4647100959992,
  "group": "cluster_fleet_v1/clusters/family_0043",
  "slot": 1,
  "total": 805
}
{
  "certified": [
    true
  ],
  "collected_kg": [
    210.26694045174537
  ],
  "done": 186,
  "elapsed_seconds": 366.4647341009986,
  "group": "cluster_fleet_v1/clusters/family_0043",
  "slot": 2,
  "total": 805
}
{
  "certified": [
    true
  ],
  "collected_kg": [
    453.7713894592745
  ],
  "done": 187,
  "elapsed_seconds": 366.46477238899934,
  "group": "cluster_fleet_v1/clusters/family_0045",
  "slot": 1,
  "total": 805
}
{
  "certified": [
    true
  ],
  "collected_kg": [
    449.60985626283366
  ],
  "done": 188,
  "elapsed_seconds": 366.46480323499964,
  "group": "cluster_fleet_v1/clusters/family_0045",
  "slot": 2,
  "total": 805
}
{
  "certified": [
    true
  ],
  "collected_kg": [
    462.94318959616703
  ],
  "done": 189,
  "elapsed_seconds": 366.46482783099964,
  "group": "cluster_fleet_v1/clusters/family_0045",
  "slot": 3,
  "total": 805
}
{
  "certified": [
    true
  ],
  "collected_kg": [
    292.40246406570844
  ],
  "done": 190,
  "elapsed_seconds": 366.4648503439985,
  "group": "cluster_fleet_v1/clusters/family_0046",
  "slot": 1,
  "total": 805
}
{
  "certified": [
    true
  ],
  "collected_kg": [
    354.8254620123203
  ],
  "done": 191,
  "elapsed_seconds": 366.4648793799988,
  "group": "cluster_fleet_v1/clusters/family_0046",
  "slot": 2,
  "total": 805
}
{
  "certified": [
    true
  ],
  "collected_kg": [
    438.1930184804928
  ],
  "done": 192,
  "elapsed_seconds": 366.46490512299897,
  "group": "cluster_fleet_v1/clusters/family_0046",
  "slot": 3,
  "total": 805
}
{
  "certified": [
    true
  ],
  "collected_kg": [
    463.21697467488025
  ],
  "done": 193,
  "elapsed_seconds": 366.4649340679989,
  "group": "cluster_fleet_v1/clusters/family_0047",
  "slot": 1,
  "total": 805
}
{
  "certified": [
    true
  ],
  "collected_kg": [
    160.73921971252568
  ],
  "done": 194,
  "elapsed_seconds": 366.4649582129987,
  "group": "cluster_fleet_v1/clusters/family_0047",
  "slot": 2,
  "total": 805
}
{
  "certified": [
    true
  ],
  "collected_kg": [
    415.9342915811088
  ],
  "done": 195,
  "elapsed_seconds": 381.09153613599847,
  "group": "cluster_fleet_v1/clusters/family_0047",
  "slot": 3,
  "total": 805
}
{
  "certified": [
    true
  ],
  "collected_kg": [
    420.50650239561946
  ],
  "done": 196,
  "elapsed_seconds": 381.0916683359992,
  "group": "cluster_fleet_v1/clusters/family_0049",
  "slot": 2,
  "total": 805
}
{
  "certified": [
    true
  ],
  "collected_kg": [
    111.75906913073237
  ],
  "done": 197,
  "elapsed_seconds": 381.09193006999885,
  "group": "cluster_fleet_v1/clusters/family_0049",
  "slot": 3,
  "total": 805
}
{
  "certified": [
    true
  ],
  "collected_kg": [
    420.12320328542097
  ],
  "done": 198,
  "elapsed_seconds": 381.0919679689996,
  "group": "cluster_fleet_v1/clusters/family_0051",
  "slot": 1,
  "total": 805
}
{
  "certified": [
    true
  ],
  "collected_kg": [
    412.73100616016427
  ],
  "done": 199,
  "elapsed_seconds": 381.09199800399983,
  "group": "cluster_fleet_v1/clusters/family_0051",
  "slot": 2,
  "total": 805
}
{
  "certified": [
    true
  ],
  "collected_kg": [
    501.43737166324433
  ],
  "done": 200,
  "elapsed_seconds": 381.1834473629988,
  "group": "cluster_fleet_v1/clusters/family_0065",
  "slot": 1,
  "total": 805
}
{
  "certified": [
    true
  ],
  "collected_kg": [
    507.84394250513344
  ],
  "done": 201,
  "elapsed_seconds": 381.18374276899885,
  "group": "cluster_fleet_v1/clusters/family_0065",
  "slot": 2,
  "total": 805
}
{
  "certified": [
    true
  ],
  "collected_kg": [
    468.993839835729
  ],
  "done": 202,
  "elapsed_seconds": 381.1838419179985,
  "group": "cluster_fleet_v1/clusters/family_0065",
  "slot": 3,
  "total": 805
}
{
  "certified": [
    true
  ],
  "collected_kg": [
    397.9466119096509
  ],
  "done": 203,
  "elapsed_seconds": 392.4635050910001,
  "group": "cluster_fleet_v1/clusters/family_0069",
  "slot": 1,
  "total": 805
}
{
  "certified": [
    true
  ],
  "collected_kg": [
    358.11088295687887
  ],
  "done": 204,
  "elapsed_seconds": 392.4637507799998,
  "group": "cluster_fleet_v1/clusters/family_0069",
  "slot": 2,
  "total": 805
}
{
  "certified": [
    true
  ],
  "collected_kg": [
    427.92607802874744
  ],
  "done": 205,
  "elapsed_seconds": 392.46383735999916,
  "group": "cluster_fleet_v1/clusters/family_0069",
  "slot": 3,
  "total": 805
}
{
  "certified": [
    true
  ],
  "collected_kg": [
    409.4455852156058
  ],
  "done": 206,
  "elapsed_seconds": 392.4638894749987,
  "group": "cluster_fleet_v1/clusters/family_0080",
  "slot": 2,
  "total": 805
}
{
  "certified": [
    true
  ],
  "collected_kg": [
    122.79260780287476
  ],
  "done": 207,
  "elapsed_seconds": 392.4639241730001,
  "group": "cluster_fleet_v1/clusters/family_0080",
  "slot": 3,
  "total": 805
}
{
  "certified": [
    true
  ],
  "collected_kg": [
    321.5605749486653
  ],
  "done": 208,
  "elapsed_seconds": 392.4639547829993,
  "group": "cluster_fleet_v1/clusters/family_0083",
  "slot": 1,
  "total": 805
}
{
  "certified": [
    true
  ],
  "collected_kg": [
    424.1478439425051
  ],
  "done": 209,
  "elapsed_seconds": 392.4639828439995,
  "group": "cluster_fleet_v1/clusters/family_0091",
  "slot": 1,
  "total": 805
}
{
  "certified": [
    true
  ],
  "collected_kg": [
    307.1868583162218
  ],
  "done": 210,
  "elapsed_seconds": 392.4640141689997,
  "group": "cluster_fleet_v1/clusters/family_0092",
  "slot": 2,
  "total": 805
}
{
  "certified": [
    true
  ],
  "collected_kg": [
    343.65503080082135
  ],
  "done": 211,
  "elapsed_seconds": 394.33399242799896,
  "group": "cluster_fleet_v1/clusters/family_0100",
  "slot": 1,
  "total": 805
}
{
  "certified": [
    true
  ],
  "collected_kg": [
    291.3073237508556
  ],
  "done": 212,
  "elapsed_seconds": 394.3342086039993,
  "group": "cluster_fleet_v1/clusters/family_0102",
  "slot": 1,
  "total": 805
}
{
  "certified": [
    true
  ],
  "collected_kg": [
    98.7542778918549
  ],
  "done": 213,
  "elapsed_seconds": 394.33425750399874,
  "group": "cluster_fleet_v1/clusters/family_0111",
  "slot": 1,
  "total": 805
}
{
  "certified": [
    true
  ],
  "collected_kg": [
    100.94455852156058
  ],
  "done": 214,
  "elapsed_seconds": 394.3342972899991,
  "group": "cluster_fleet_v1/clusters/family_0111",
  "slot": 3,
  "total": 805
}
{
  "certified": [
    true
  ],
  "collected_kg": [
    360.08213552361394
  ],
  "done": 215,
  "elapsed_seconds": 394.3343277569984,
  "group": "cluster_fleet_v1/clusters/family_0112",
  "slot": 1,
  "total": 805
}
{
  "certified": [
    true
  ],
  "collected_kg": [
    415.19507186858317
  ],
  "done": 216,
  "elapsed_seconds": 399.01231346999884,
  "group": "cluster_fleet_v1/clusters/family_0112",
  "slot": 2,
  "total": 805
}
{
  "certified": [
    true
  ],
  "collected_kg": [
    306.77618069815196
  ],
  "done": 217,
  "elapsed_seconds": 399.841493685999,
  "group": "cluster_fleet_v1/clusters/family_0112",
  "slot": 3,
  "total": 805
}
{
  "certified": [
    true
  ],
  "collected_kg": [
    421.3552361396304
  ],
  "done": 218,
  "elapsed_seconds": 403.85140294699886,
  "group": "cluster_fleet_v1/clusters/family_0114",
  "slot": 1,
  "total": 805
}
{
  "certified": [
    true
  ],
  "collected_kg": [
    216.50924024640656
  ],
  "done": 219,
  "elapsed_seconds": 403.8516686059993,
  "group": "cluster_fleet_v1/clusters/family_0114",
  "slot": 2,
  "total": 805
}
{
  "certified": [
    true
  ],
  "collected_kg": [
    394.90759753593426
  ],
  "done": 220,
  "elapsed_seconds": 403.8518350300001,
  "group": "cluster_fleet_v1/clusters/family_0121",
  "slot": 1,
  "total": 805
}
{
  "certified": [
    true
  ],
  "collected_kg": [
    430.39014373716634
  ],
  "done": 221,
  "elapsed_seconds": 403.8518780859995,
  "group": "cluster_fleet_v1/clusters/family_0121",
  "slot": 2,
  "total": 805
}
{
  "certified": [
    true
  ],
  "collected_kg": [
    171.82751540041068
  ],
  "done": 222,
  "elapsed_seconds": 403.85191254799975,
  "group": "cluster_fleet_v1/clusters/family_0121",
  "slot": 3,
  "total": 805
}
{
  "certified": [
    true
  ],
  "collected_kg": [
    458.3162217659137
  ],
  "done": 223,
  "elapsed_seconds": 411.2215227479992,
  "group": "cluster_fleet_v1/clusters/family_0122",
  "slot": 1,
  "total": 805
}
{
  "certified": [
    true
  ],
  "collected_kg": [
    373.7166324435318
  ],
  "done": 224,
  "elapsed_seconds": 411.22165821199997,
  "group": "cluster_fleet_v1/clusters/family_0122",
  "slot": 2,
  "total": 805
}
{
  "certified": [
    true
  ],
  "collected_kg": [
    363.3675564681725
  ],
  "done": 225,
  "elapsed_seconds": 411.22171745800006,
  "group": "cluster_fleet_v1/clusters/family_0135",
  "slot": 1,
  "total": 805
}
{
  "certified": [
    true
  ],
  "collected_kg": [
    394.2505133470226
  ],
  "done": 226,
  "elapsed_seconds": 411.2217555719999,
  "group": "cluster_fleet_v1/clusters/family_0135",
  "slot": 2,
  "total": 805
}
{
  "certified": [
    true
  ],
  "collected_kg": [
    170.4312114989733
  ],
  "done": 227,
  "elapsed_seconds": 411.22178444699966,
  "group": "cluster_fleet_v1/clusters/family_0135",
  "slot": 3,
  "total": 805
}
{
  "certified": [
    true
  ],
  "collected_kg": [
    346.11909650924025
  ],
  "done": 228,
  "elapsed_seconds": 411.2218113909985,
  "group": "cluster_fleet_v1/clusters/family_0160",
  "slot": 1,
  "total": 805
}
{
  "certified": [
    true
  ],
  "collected_kg": [
    336.34496919917865
  ],
  "done": 229,
  "elapsed_seconds": 426.8301362379989,
  "group": "cluster_fleet_v1/clusters/family_0160",
  "slot": 2,
  "total": 805
}
{
  "certified": [
    true
  ],
  "collected_kg": [
    210.02053388090349
  ],
  "done": 230,
  "elapsed_seconds": 426.83026892199996,
  "group": "cluster_fleet_v1/clusters/family_0160",
  "slot": 3,
  "total": 805
}
{
  "certified": [
    true
  ],
  "collected_kg": [
    350.71868583162217
  ],
  "done": 231,
  "elapsed_seconds": 426.83031478299927,
  "group": "cluster_fleet_v1/clusters/family_0164",
  "slot": 1,
  "total": 805
}
{
  "certified": [
    true
  ],
  "collected_kg": [
    439.01437371663246
  ],
  "done": 232,
  "elapsed_seconds": 426.8303478889993,
  "group": "cluster_fleet_v1/clusters/family_0164",
  "slot": 2,
  "total": 805
}
{
  "certified": [
    true
  ],
  "collected_kg": [
    458.72689938398355
  ],
  "done": 233,
  "elapsed_seconds": 426.8303749489987,
  "group": "cluster_fleet_v1/clusters/family_0169",
  "slot": 1,
  "total": 805
}
{
  "certified": [
    true
  ],
  "collected_kg": [
    445.1745379876797
  ],
  "done": 234,
  "elapsed_seconds": 434.902073846999,
  "group": "cluster_fleet_v1/clusters/family_0169",
  "slot": 2,
  "total": 805
}
{
  "certified": [
    true
  ],
  "collected_kg": [
    326.8993839835729
  ],
  "done": 235,
  "elapsed_seconds": 434.9024140769998,
  "group": "cluster_fleet_v1/clusters/family_0170",
  "slot": 1,
  "total": 805
}
{
  "certified": [
    true
  ],
  "collected_kg": [
    96.4271047227926
  ],
  "done": 236,
  "elapsed_seconds": 434.90249514899915,
  "group": "cluster_fleet_v1/clusters/family_0170",
  "slot": 2,
  "total": 805
}
{
  "certified": [
    true
  ],
  "collected_kg": [
    406.1601642710472
  ],
  "done": 237,
  "elapsed_seconds": 434.9025390930001,
  "group": "cluster_fleet_v1/clusters/family_0178",
  "slot": 2,
  "total": 805
}
{
  "certified": [
    true
  ],
  "collected_kg": [
    398.35728952772075
  ],
  "done": 238,
  "elapsed_seconds": 434.90258671399897,
  "group": "cluster_fleet_v1/clusters/family_0178",
  "slot": 3,
  "total": 805
}
{
  "certified": [
    true
  ],
  "collected_kg": [
    432.6899383983573
  ],
  "done": 239,
  "elapsed_seconds": 437.6001154209989,
  "group": "cluster_fleet_v1/clusters/family_0183",
  "slot": 1,
  "total": 805
}
{
  "certified": [
    true
  ],
  "collected_kg": [
    455.03080082135523
  ],
  "done": 240,
  "elapsed_seconds": 437.6035140999993,
  "group": "cluster_fleet_v1/clusters/family_0183",
  "slot": 2,
  "total": 805
}
{
  "certified": [
    true
  ],
  "collected_kg": [
    190.93771389459275
  ],
  "done": 241,
  "elapsed_seconds": 437.60359744299967,
  "group": "cluster_fleet_v1/clusters/family_0185",
  "slot": 2,
  "total": 805
}
{
  "certified": [
    true
  ],
  "collected_kg": [
    399.5893223819302
  ],
  "done": 242,
  "elapsed_seconds": 437.6036330349998,
  "group": "cluster_fleet_v1/clusters/family_0185",
  "slot": 3,
  "total": 805
}
{
  "certified": [
    true
  ],
  "collected_kg": [
    287.61122518822725
  ],
  "done": 243,
  "elapsed_seconds": 440.97177993900004,
  "group": "cluster_fleet_v1/clusters/family_0203",
  "slot": 1,
  "total": 805
}
{
  "certified": [
    true
  ],
  "collected_kg": [
    362.5462012320329
  ],
  "done": 244,
  "elapsed_seconds": 441.33880675399996,
  "group": "cluster_fleet_v1/clusters/family_0203",
  "slot": 2,
  "total": 805
}
{
  "certified": [
    true
  ],
  "collected_kg": [
    196.4681724845996
  ],
  "done": 245,
  "elapsed_seconds": 441.33907888299836,
  "group": "cluster_fleet_v1/clusters/family_0203",
  "slot": 3,
  "total": 805
}
{
  "certified": [
    true
  ],
  "collected_kg": [
    353.18275154004107
  ],
  "done": 246,
  "elapsed_seconds": 441.3391776449989,
  "group": "cluster_fleet_v1/clusters/family_0219",
  "slot": 1,
  "total": 805
}
{
  "certified": [
    true
  ],
  "collected_kg": [
    100.80766598220397
  ],
  "done": 247,
  "elapsed_seconds": 441.33921541400014,
  "group": "cluster_fleet_v1/clusters/family_0219",
  "slot": 2,
  "total": 805
}
{
  "certified": [
    true
  ],
  "collected_kg": [
    428.74743326488704
  ],
  "done": 248,
  "elapsed_seconds": 441.33939582399944,
  "group": "cluster_fleet_v1/clusters/family_0252",
  "slot": 1,
  "total": 805
}
{
  "certified": [
    true
  ],
  "collected_kg": [
    328.5420944558522
  ],
  "done": 249,
  "elapsed_seconds": 458.64265792399965,
  "group": "cluster_fleet_v1/clusters/family_0252",
  "slot": 3,
  "total": 805
}
{
  "certified": [
    true
  ],
  "collected_kg": [
    115.1813826146475
  ],
  "done": 250,
  "elapsed_seconds": 458.64294325099945,
  "group": "cluster_fleet_v1/clusters/family_0253",
  "slot": 3,
  "total": 805
}
{
  "certified": [
    true
  ],
  "collected_kg": [
    327.22792607802876
  ],
  "done": 251,
  "elapsed_seconds": 458.64315360899855,
  "group": "cluster_fleet_v1/clusters/family_0256",
  "slot": 1,
  "total": 805
}
{
  "certified": [
    true
  ],
  "collected_kg": [
    323.6139630390144
  ],
  "done": 252,
  "elapsed_seconds": 458.6432056369995,
  "group": "cluster_fleet_v1/clusters/family_0256",
  "slot": 2,
  "total": 805
}
{
  "certified": [
    true
  ],
  "collected_kg": [
    337.57700205338807
  ],
  "done": 253,
  "elapsed_seconds": 458.64323822699953,
  "group": "cluster_fleet_v1/clusters/family_0272",
  "slot": 1,
  "total": 805
}
{
  "certified": [
    true
  ],
  "collected_kg": [
    460.7802874743327
  ],
  "done": 254,
  "elapsed_seconds": 458.64326519399947,
  "group": "cluster_fleet_v1/clusters/family_0272",
  "slot": 2,
  "total": 805
}
{
  "certified": [
    true
  ],
  "collected_kg": [
    110.80082135523614
  ],
  "done": 255,
  "elapsed_seconds": 458.6432967839992,
  "group": "cluster_fleet_v1/clusters/family_0291",
  "slot": 3,
  "total": 805
}
{
  "certified": [
    true
  ],
  "collected_kg": [
    332.6488706365503
  ],
  "done": 256,
  "elapsed_seconds": 471.3003150429995,
  "group": "cluster_fleet_v1/clusters/family_0293",
  "slot": 1,
  "total": 805
}
{
  "certified": [
    true
  ],
  "collected_kg": [
    327.3100616016427
  ],
  "done": 257,
  "elapsed_seconds": 471.30045860799873,
  "group": "cluster_fleet_v1/clusters/family_0293",
  "slot": 2,
  "total": 805
}
{
  "certified": [
    true
  ],
  "collected_kg": [
    288.2956878850103
  ],
  "done": 258,
  "elapsed_seconds": 471.3005296219999,
  "group": "cluster_fleet_v1/clusters/family_0293",
  "slot": 3,
  "total": 805
}
{
  "certified": [
    true
  ],
  "collected_kg": [
    316.22176591375774
  ],
  "done": 259,
  "elapsed_seconds": 471.300565268999,
  "group": "cluster_fleet_v1/clusters/family_0294",
  "slot": 1,
  "total": 805
}
{
  "certified": [
    true
  ],
  "collected_kg": [
    240.41067761806983
  ],
  "done": 260,
  "elapsed_seconds": 471.30059624599926,
  "group": "cluster_fleet_v1/clusters/family_0294",
  "slot": 3,
  "total": 805
}
{
  "certified": [
    true
  ],
  "collected_kg": [
    196.13963039014374
  ],
  "done": 261,
  "elapsed_seconds": 471.3006278929988,
  "group": "cluster_fleet_v1/clusters/family_0328",
  "slot": 2,
  "total": 805
}
{
  "certified": [
    true
  ],
  "collected_kg": [
    461.57426420260094
  ],
  "done": 262,
  "elapsed_seconds": 474.84666752799967,
  "group": "cluster_fleet_v1/clusters/family_0328",
  "slot": 3,
  "total": 805
}
{
  "certified": [
    true
  ],
  "collected_kg": [
    103.54551676933607
  ],
  "done": 263,
  "elapsed_seconds": 474.84679851999863,
  "group": "cluster_fleet_v1/clusters/family_0349",
  "slot": 1,
  "total": 805
}
{
  "certified": [
    true
  ],
  "collected_kg": [
    236.7693360711841
  ],
  "done": 264,
  "elapsed_seconds": 474.8468391189999,
  "group": "cluster_fleet_v1/clusters/family_0358",
  "slot": 2,
  "total": 805
}
{
  "certified": [
    true
  ],
  "collected_kg": [
    183.68240930869268
  ],
  "done": 265,
  "elapsed_seconds": 474.8468711689984,
  "group": "cluster_fleet_v1/clusters/family_0373",
  "slot": 2,
  "total": 805
}
{
  "certified": [
    true
  ],
  "collected_kg": [
    332.15605749486656
  ],
  "done": 266,
  "elapsed_seconds": 476.1880941499985,
  "group": "cluster_fleet_v1/clusters/family_0373",
  "slot": 3,
  "total": 805
}
{
  "certified": [
    true
  ],
  "collected_kg": [
    465.13347022587266
  ],
  "done": 267,
  "elapsed_seconds": 476.1882101659994,
  "group": "cluster_fleet_v2_deep/clusters/family_0000",
  "slot": 1,
  "total": 805
}
{
  "certified": [
    true
  ],
  "collected_kg": [
    302.3956194387406
  ],
  "done": 268,
  "elapsed_seconds": 476.18839393099915,
  "group": "cluster_fleet_v2_deep/clusters/family_0000",
  "slot": 3,
  "total": 805
}
{
  "certified": [
    true
  ],
  "collected_kg": [
    486.24229979466116
  ],
  "done": 269,
  "elapsed_seconds": 477.2550130669988,
  "group": "cluster_fleet_v2_deep/clusters/family_0001",
  "slot": 1,
  "total": 805
}
{
  "certified": [
    true
  ],
  "collected_kg": [
    402.8747433264887
  ],
  "done": 270,
  "elapsed_seconds": 490.9070710010001,
  "group": "cluster_fleet_v2_deep/clusters/family_0015",
  "slot": 1,
  "total": 805
}
{
  "certified": [
    true
  ],
  "collected_kg": [
    498.56262833675567
  ],
  "done": 271,
  "elapsed_seconds": 490.90849619799883,
  "group": "cluster_fleet_v2_deep/clusters/family_0015",
  "slot": 2,
  "total": 805
}
{
  "certified": [
    true
  ],
  "collected_kg": [
    530.5954825462012
  ],
  "done": 272,
  "elapsed_seconds": 490.90855959500004,
  "group": "cluster_fleet_v2_deep/clusters/family_0015",
  "slot": 3,
  "total": 805
}
{
  "certified": [
    true
  ],
  "collected_kg": [
    192.1971252566735
  ],
  "done": 273,
  "elapsed_seconds": 490.90860052599965,
  "group": "cluster_fleet_v2_deep/clusters/family_0015",
  "slot": 4,
  "total": 805
}
{
  "certified": [
    true
  ],
  "collected_kg": [
    423.40862422997947
  ],
  "done": 274,
  "elapsed_seconds": 493.9553453869994,
  "group": "cluster_fleet_v3_repair/clusters/family_0003",
  "slot": 1,
  "total": 805
}
{
  "certified": [
    true
  ],
  "collected_kg": [
    322.29979466119096
  ],
  "done": 275,
  "elapsed_seconds": 493.9554623919994,
  "group": "cluster_fleet_v3_repair/clusters/family_0003",
  "slot": 2,
  "total": 805
}
{
  "certified": [
    true
  ],
  "collected_kg": [
    379.98631074606436
  ],
  "done": 276,
  "elapsed_seconds": 493.9555182699987,
  "group": "cluster_fleet_v3_repair/clusters/family_0003",
  "slot": 3,
  "total": 805
}
{
  "certified": [
    true
  ],
  "collected_kg": [
    353.5112936344969
  ],
  "done": 277,
  "elapsed_seconds": 493.95555324199995,
  "group": "cluster_fleet_v3_repair/clusters/family_0003",
  "slot": 4,
  "total": 805
}
{
  "certified": [
    true
  ],
  "collected_kg": [
    296.09856262833677
  ],
  "done": 278,
  "elapsed_seconds": 493.955582609,
  "group": "cluster_fleet_v3_repair/clusters/family_0007",
  "slot": 1,
  "total": 805
}
{
  "certified": [
    true
  ],
  "collected_kg": [
    498.15195071868584
  ],
  "done": 279,
  "elapsed_seconds": 494.7560278459987,
  "group": "cluster_fleet_v3_repair/clusters/family_0007",
  "slot": 2,
  "total": 805
}
{
  "certified": [
    true
  ],
  "collected_kg": [
    416.01642710472277
  ],
  "done": 280,
  "elapsed_seconds": 501.33991033799975,
  "group": "cluster_fleet_v3_repair/clusters/family_0007",
  "slot": 3,
  "total": 805
}
{
  "certified": [
    true
  ],
  "collected_kg": [
    293.08692676249143
  ],
  "done": 281,
  "elapsed_seconds": 501.3400397709993,
  "group": "cluster_fleet_v3_repair/clusters/family_0007",
  "slot": 4,
  "total": 805
}
{
  "certified": [
    true
  ],
  "collected_kg": [
    309.24024640657086
  ],
  "done": 282,
  "elapsed_seconds": 501.3400855669988,
  "group": "cluster_fleet_v3_repair/clusters/family_0019",
  "slot": 1,
  "total": 805
}
{
  "certified": [
    true
  ],
  "collected_kg": [
    394.1683778234086
  ],
  "done": 283,
  "elapsed_seconds": 501.34012015400003,
  "group": "cluster_fleet_v3_repair/clusters/family_0019",
  "slot": 2,
  "total": 805
}
{
  "certified": [
    true
  ],
  "collected_kg": [
    393.8398357289528
  ],
  "done": 284,
  "elapsed_seconds": 501.3401485759987,
  "group": "cluster_fleet_v3_repair/clusters/family_0019",
  "slot": 3,
  "total": 805
}
{
  "certified": [
    true
  ],
  "collected_kg": [
    374.0451745379877
  ],
  "done": 285,
  "elapsed_seconds": 508.80951906799964,
  "group": "cluster_fleet_v3_repair/clusters/family_0019",
  "slot": 4,
  "total": 805
}
{
  "certified": [
    true
  ],
  "collected_kg": [
    516.6324435318276
  ],
  "done": 286,
  "elapsed_seconds": 508.8097914049995,
  "group": "cluster_fleet_v3_repair/clusters/family_0025",
  "slot": 1,
  "total": 805
}
{
  "certified": [
    true
  ],
  "collected_kg": [
    400.3285420944558
  ],
  "done": 287,
  "elapsed_seconds": 509.28582196800016,
  "group": "cluster_fleet_v3_repair/clusters/family_0025",
  "slot": 2,
  "total": 805
}
{
  "certified": [
    true
  ],
  "collected_kg": [
    437.3716632443532
  ],
  "done": 288,
  "elapsed_seconds": 509.376246541,
  "group": "cluster_fleet_v3_repair/clusters/family_0025",
  "slot": 3,
  "total": 805
}
{
  "certified": [
    true
  ],
  "collected_kg": [
    314.71594798083504
  ],
  "done": 289,
  "elapsed_seconds": 509.37653306799984,
  "group": "cluster_fleet_v3_repair/clusters/family_0025",
  "slot": 4,
  "total": 805
}
{
  "certified": [
    true
  ],
  "collected_kg": [
    425.87268993839837
  ],
  "done": 290,
  "elapsed_seconds": 534.6121213089991,
  "group": "cluster_fleet_v3_repair/clusters/family_0066",
  "slot": 1,
  "total": 805
}
{
  "certified": [
    true
  ],
  "collected_kg": [
    417.65913757700207
  ],
  "done": 291,
  "elapsed_seconds": 534.6123658019987,
  "group": "cluster_fleet_v3_repair/clusters/family_0066",
  "slot": 2,
  "total": 805
}
{
  "certified": [
    true
  ],
  "collected_kg": [
    363.03901437371667
  ],
  "done": 292,
  "elapsed_seconds": 534.6125280629985,
  "group": "cluster_fleet_v3_repair/clusters/family_0066",
  "slot": 3,
  "total": 805
}
{
  "certified": [
    true
  ],
  "collected_kg": [
    314.71594798083504
  ],
  "done": 293,
  "elapsed_seconds": 534.6125750299998,
  "group": "cluster_fleet_v3_repair/clusters/family_0138",
  "slot": 1,
  "total": 805
}
{
  "certified": [
    true
  ],
  "collected_kg": [
    168.4873374401095
  ],
  "done": 294,
  "elapsed_seconds": 534.6126212049985,
  "group": "cluster_fleet_v3_repair/clusters/family_0138",
  "slot": 2,
  "total": 805
}
{
  "certified": [
    true
  ],
  "collected_kg": [
    342.6420260095825
  ],
  "done": 295,
  "elapsed_seconds": 534.612654831999,
  "group": "cluster_fleet_v3_repair/clusters/family_0371",
  "slot": 1,
  "total": 805
}
{
  "certified": [
    true
  ],
  "collected_kg": [
    161.23203285420945
  ],
  "done": 296,
  "elapsed_seconds": 534.6126889959996,
  "group": "cluster_fleet_v3_repair/clusters/family_0371",
  "slot": 2,
  "total": 805
}
{
  "certified": [
    true
  ],
  "collected_kg": [
    270.17111567419573
  ],
  "done": 297,
  "elapsed_seconds": 534.6127192449985,
  "group": "cluster_fleet_v4/clusters/family_0000",
  "slot": 1,
  "total": 805
}
{
  "certified": [
    true
  ],
  "collected_kg": [
    338.72689938398355
  ],
  "done": 298,
  "elapsed_seconds": 534.6127485109992,
  "group": "cluster_fleet_v4/clusters/family_0000",
  "slot": 2,
  "total": 805
}
{
  "certified": [
    true
  ],
  "collected_kg": [
    283.91512662559893
  ],
  "done": 299,
  "elapsed_seconds": 542.6054777049994,
  "group": "cluster_fleet_v4/clusters/family_0000",
  "slot": 3,
  "total": 805
}
{
  "certified": [
    true
  ],
  "collected_kg": [
    351.86858316221765
  ],
  "done": 300,
  "elapsed_seconds": 542.6055925759993,
  "group": "cluster_fleet_v4/clusters/family_0000",
  "slot": 4,
  "total": 805
}
{
  "certified": [
    true
  ],
  "collected_kg": [
    370.0205338809035
  ],
  "done": 301,
  "elapsed_seconds": 542.6056290569995,
  "group": "cluster_fleet_v4/clusters/family_0001",
  "slot": 1,
  "total": 805
}
{
  "certified": [
    true
  ],
  "collected_kg": [
    378.15195071868584
  ],
  "done": 302,
  "elapsed_seconds": 542.6056581119992,
  "group": "cluster_fleet_v4/clusters/family_0001",
  "slot": 2,
  "total": 805
}
{
  "certified": [
    true
  ],
  "collected_kg": [
    434.08624229979466
  ],
  "done": 303,
  "elapsed_seconds": 565.5045214029997,
  "group": "cluster_fleet_v4/clusters/family_0001",
  "slot": 3,
  "total": 805
}
{
  "certified": [
    true
  ],
  "collected_kg": [
    365.91375770020534
  ],
  "done": 304,
  "elapsed_seconds": 565.5046429169997,
  "group": "cluster_fleet_v4/clusters/family_0001",
  "slot": 4,
  "total": 805
}
{
  "certified": [
    true
  ],
  "collected_kg": [
    441.88911704312113
  ],
  "done": 305,
  "elapsed_seconds": 565.5046917319996,
  "group": "cluster_fleet_v4/clusters/family_0002",
  "slot": 1,
  "total": 805
}
{
  "certified": [
    true
  ],
  "collected_kg": [
    428.33675564681727
  ],
  "done": 306,
  "elapsed_seconds": 565.5047200989993,
  "group": "cluster_fleet_v4/clusters/family_0002",
  "slot": 2,
  "total": 805
}
{
  "certified": [
    true
  ],
  "collected_kg": [
    482.95687885010267
  ],
  "done": 307,
  "elapsed_seconds": 565.5047454139985,
  "group": "cluster_fleet_v4/clusters/family_0002",
  "slot": 3,
  "total": 805
}
{
  "certified": [
    true
  ],
  "collected_kg": [
    374.53798767967146
  ],
  "done": 308,
  "elapsed_seconds": 565.5047749779987,
  "group": "cluster_fleet_v4/clusters/family_0002",
  "slot": 4,
  "total": 805
}
{
  "certified": [
    true
  ],
  "collected_kg": [
    505.1334702258727
  ],
  "done": 309,
  "elapsed_seconds": 565.5048010249993,
  "group": "cluster_fleet_v4/clusters/family_0003",
  "slot": 2,
  "total": 805
}
{
  "certified": [
    true
  ],
  "collected_kg": [
    461.19096509240245
  ],
  "done": 310,
  "elapsed_seconds": 565.504828223,
  "group": "cluster_fleet_v4/clusters/family_0003",
  "slot": 3,
  "total": 805
}
{
  "certified": [
    true
  ],
  "collected_kg": [
    412.1560574948665
  ],
  "done": 311,
  "elapsed_seconds": 565.5048577139987,
  "group": "cluster_fleet_v4/clusters/family_0003",
  "slot": 4,
  "total": 805
}
{
  "certified": [
    true
  ],
  "collected_kg": [
    453.388090349076
  ],
  "done": 312,
  "elapsed_seconds": 565.5049928569988,
  "group": "cluster_fleet_v4/clusters/family_0004",
  "slot": 2,
  "total": 805
}
{
  "certified": [
    true
  ],
  "collected_kg": [
    499.38398357289526
  ],
  "done": 313,
  "elapsed_seconds": 565.5050187699999,
  "group": "cluster_fleet_v4/clusters/family_0004",
  "slot": 3,
  "total": 805
}
{
  "certified": [
    true
  ],
  "collected_kg": [
    521.1498973305955
  ],
  "done": 314,
  "elapsed_seconds": 565.5050429359999,
  "group": "cluster_fleet_v4/clusters/family_0004",
  "slot": 4,
  "total": 805
}
{
  "certified": [
    true
  ],
  "collected_kg": [
    418.06981519507184
  ],
  "done": 315,
  "elapsed_seconds": 565.5050647959997,
  "group": "cluster_fleet_v4/clusters/family_0005",
  "slot": 1,
  "total": 805
}
{
  "certified": [
    true
  ],
  "collected_kg": [
    494.86652977412734
  ],
  "done": 316,
  "elapsed_seconds": 565.5050880559993,
  "group": "cluster_fleet_v4/clusters/family_0005",
  "slot": 2,
  "total": 805
}
{
  "certified": [
    true
  ],
  "collected_kg": [
    407.39219712525664
  ],
  "done": 317,
  "elapsed_seconds": 565.5051107439995,
  "group": "cluster_fleet_v4/clusters/family_0007",
  "slot": 1,
  "total": 805
}
{
  "certified": [
    true
  ],
  "collected_kg": [
    374.12731006160163
  ],
  "done": 318,
  "elapsed_seconds": 568.6263360839985,
  "group": "cluster_fleet_v4/clusters/family_0007",
  "slot": 2,
  "total": 805
}
{
  "certified": [
    true
  ],
  "collected_kg": [
    437.782340862423
  ],
  "done": 319,
  "elapsed_seconds": 568.6264399169995,
  "group": "cluster_fleet_v4/clusters/family_0007",
  "slot": 3,
  "total": 805
}
{
  "certified": [
    true
  ],
  "collected_kg": [
    413.5523613963039
  ],
  "done": 320,
  "elapsed_seconds": 568.6264934189985,
  "group": "cluster_fleet_v4/clusters/family_0007",
  "slot": 4,
  "total": 805
}
{
  "certified": [
    true
  ],
  "collected_kg": [
    397.5359342915811
  ],
  "done": 321,
  "elapsed_seconds": 573.3027697999987,
  "group": "cluster_fleet_v4/clusters/family_0008",
  "slot": 1,
  "total": 805
}
{
  "certified": [
    true
  ],
  "collected_kg": [
    363.36755646817244
  ],
  "done": 322,
  "elapsed_seconds": 573.3028903769991,
  "group": "cluster_fleet_v4/clusters/family_0008",
  "slot": 2,
  "total": 805
}
{
  "certified": [
    true
  ],
  "collected_kg": [
    297.05681040383297
  ],
  "done": 323,
  "elapsed_seconds": 577.90578843,
  "group": "cluster_fleet_v4/clusters/family_0008",
  "slot": 3,
  "total": 805
}
{
  "certified": [
    true
  ],
  "collected_kg": [
    337.90554414784395
  ],
  "done": 324,
  "elapsed_seconds": 584.005708617,
  "group": "cluster_fleet_v4/clusters/family_0008",
  "slot": 4,
  "total": 805
}
{
  "certified": [
    true
  ],
  "collected_kg": [
    493.22381930184804
  ],
  "done": 325,
  "elapsed_seconds": 584.0058545009997,
  "group": "cluster_fleet_v4/clusters/family_0009",
  "slot": 1,
  "total": 805
}
{
  "certified": [
    true
  ],
  "collected_kg": [
    404.9281314168378
  ],
  "done": 326,
  "elapsed_seconds": 584.005905168,
  "group": "cluster_fleet_v4/clusters/family_0009",
  "slot": 2,
  "total": 805
}
{
  "certified": [
    true
  ],
  "collected_kg": [
    445.01026694045174
  ],
  "done": 327,
  "elapsed_seconds": 584.0059444409999,
  "group": "cluster_fleet_v4/clusters/family_0009",
  "slot": 3,
  "total": 805
}
{
  "certified": [
    true
  ],
  "collected_kg": [
    453.388090349076
  ],
  "done": 328,
  "elapsed_seconds": 584.0059743229995,
  "group": "cluster_fleet_v4/clusters/family_0009",
  "slot": 4,
  "total": 805
}
{
  "certified": [
    true
  ],
  "collected_kg": [
    400.0
  ],
  "done": 329,
  "elapsed_seconds": 584.006001451,
  "group": "cluster_fleet_v4/clusters/family_0010",
  "slot": 1,
  "total": 805
}
{
  "certified": [
    true
  ],
  "collected_kg": [
    334.7022587268994
  ],
  "done": 330,
  "elapsed_seconds": 594.1595169989996,
  "group": "cluster_fleet_v4/clusters/family_0010",
  "slot": 2,
  "total": 805
}
{
  "certified": [
    true
  ],
  "collected_kg": [
    383.9835728952772
  ],
  "done": 331,
  "elapsed_seconds": 595.7370821299992,
  "group": "cluster_fleet_v4/clusters/family_0010",
  "slot": 3,
  "total": 805
}
{
  "certified": [
    true
  ],
  "collected_kg": [
    432.0328542094456
  ],
  "done": 332,
  "elapsed_seconds": 595.7372167129997,
  "group": "cluster_fleet_v4/clusters/family_0010",
  "slot": 4,
  "total": 805
}
{
  "certified": [
    true
  ],
  "collected_kg": [
    361.8069815195072
  ],
  "done": 333,
  "elapsed_seconds": 595.7372602659998,
  "group": "cluster_fleet_v4/clusters/family_0011",
  "slot": 1,
  "total": 805
}
{
  "certified": [
    true
  ],
  "collected_kg": [
    388.5010266940452
  ],
  "done": 334,
  "elapsed_seconds": 595.7372921099995,
  "group": "cluster_fleet_v4/clusters/family_0011",
  "slot": 2,
  "total": 805
}
{
  "certified": [
    true
  ],
  "collected_kg": [
    481.64271047227925
  ],
  "done": 335,
  "elapsed_seconds": 595.737320704,
  "group": "cluster_fleet_v4/clusters/family_0011",
  "slot": 3,
  "total": 805
}
{
  "certified": [
    true
  ],
  "collected_kg": [
    392.11498973305953
  ],
  "done": 336,
  "elapsed_seconds": 595.737349011999,
  "group": "cluster_fleet_v4/clusters/family_0011",
  "slot": 4,
  "total": 805
}
{
  "certified": [
    true
  ],
  "collected_kg": [
    421.7659137577002
  ],
  "done": 337,
  "elapsed_seconds": 601.0916808459988,
  "group": "cluster_fleet_v4/clusters/family_0013",
  "slot": 1,
  "total": 805
}
{
  "certified": [
    true
  ],
  "collected_kg": [
    342.9158110882957
  ],
  "done": 338,
  "elapsed_seconds": 601.0917902729998,
  "group": "cluster_fleet_v4/clusters/family_0013",
  "slot": 2,
  "total": 805
}
{
  "certified": [
    true
  ],
  "collected_kg": [
    299.38398357289526
  ],
  "done": 339,
  "elapsed_seconds": 601.0918249669994,
  "group": "cluster_fleet_v4/clusters/family_0015",
  "slot": 1,
  "total": 805
}
{
  "certified": [
    true
  ],
  "collected_kg": [
    395.7289527720739
  ],
  "done": 340,
  "elapsed_seconds": 601.0918524519984,
  "group": "cluster_fleet_v4/clusters/family_0015",
  "slot": 3,
  "total": 805
}
{
  "certified": [
    true
  ],
  "collected_kg": [
    382.258726899384
  ],
  "done": 341,
  "elapsed_seconds": 601.3635218349991,
  "group": "cluster_fleet_v4/clusters/family_0016",
  "slot": 1,
  "total": 805
}
{
  "certified": [
    true
  ],
  "collected_kg": [
    463.2443531827515
  ],
  "done": 342,
  "elapsed_seconds": 603.6156576389985,
  "group": "cluster_fleet_v4/clusters/family_0016",
  "slot": 2,
  "total": 805
}
{
  "certified": [
    true
  ],
  "collected_kg": [
    381.4373716632444
  ],
  "done": 343,
  "elapsed_seconds": 614.731978803,
  "group": "cluster_fleet_v4/clusters/family_0016",
  "slot": 3,
  "total": 805
}
{
  "certified": [
    true
  ],
  "collected_kg": [
    524.0246406570842
  ],
  "done": 344,
  "elapsed_seconds": 614.7322719650001,
  "group": "cluster_fleet_v4/clusters/family_0017",
  "slot": 1,
  "total": 805
}
{
  "certified": [
    true
  ],
  "collected_kg": [
    446.81724845995893
  ],
  "done": 345,
  "elapsed_seconds": 614.7324445489994,
  "group": "cluster_fleet_v4/clusters/family_0017",
  "slot": 2,
  "total": 805
}
{
  "certified": [
    true
  ],
  "collected_kg": [
    423.40862422997947
  ],
  "done": 346,
  "elapsed_seconds": 614.7325151139994,
  "group": "cluster_fleet_v4/clusters/family_0017",
  "slot": 3,
  "total": 805
}
{
  "certified": [
    true
  ],
  "collected_kg": [
    533.8809034907598
  ],
  "done": 347,
  "elapsed_seconds": 621.4153496489998,
  "group": "cluster_fleet_v4/clusters/family_0017",
  "slot": 4,
  "total": 805
}
{
  "certified": [
    true
  ],
  "collected_kg": [
    501.02669404517457
  ],
  "done": 348,
  "elapsed_seconds": 622.6450666969995,
  "group": "cluster_fleet_v4/clusters/family_0020",
  "slot": 1,
  "total": 805
}
{
  "certified": [
    true
  ],
  "collected_kg": [
    439.8357289527721
  ],
  "done": 349,
  "elapsed_seconds": 624.5588891829993,
  "group": "cluster_fleet_v4/clusters/family_0020",
  "slot": 2,
  "total": 805
}
{
  "certified": [
    true
  ],
  "collected_kg": [
    427.92607802874744
  ],
  "done": 350,
  "elapsed_seconds": 624.5591648319987,
  "group": "cluster_fleet_v4/clusters/family_0020",
  "slot": 3,
  "total": 805
}
{
  "certified": [
    true
  ],
  "collected_kg": [
    388.0082135523614
  ],
  "done": 351,
  "elapsed_seconds": 625.4798233199999,
  "group": "cluster_fleet_v4/clusters/family_0020",
  "slot": 4,
  "total": 805
}
{
  "certified": [
    true
  ],
  "collected_kg": [
    379.05544147843943
  ],
  "done": 352,
  "elapsed_seconds": 625.4801125049999,
  "group": "cluster_fleet_v4/clusters/family_0023",
  "slot": 1,
  "total": 805
}
{
  "certified": [
    true
  ],
  "collected_kg": [
    306.694045174538
  ],
  "done": 353,
  "elapsed_seconds": 625.4803000829997,
  "group": "cluster_fleet_v4/clusters/family_0023",
  "slot": 2,
  "total": 805
}
{
  "certified": [
    true
  ],
  "collected_kg": [
    370.84188911704314
  ],
  "done": 354,
  "elapsed_seconds": 625.4803638419999,
  "group": "cluster_fleet_v4/clusters/family_0023",
  "slot": 3,
  "total": 805
}
{
  "certified": [
    true
  ],
  "collected_kg": [
    361.3141683778234
  ],
  "done": 355,
  "elapsed_seconds": 625.4803964019993,
  "group": "cluster_fleet_v4/clusters/family_0023",
  "slot": 4,
  "total": 805
}
{
  "certified": [
    true
  ],
  "collected_kg": [
    355.23613963039014
  ],
  "done": 356,
  "elapsed_seconds": 625.4804403089984,
  "group": "cluster_fleet_v4/clusters/family_0024",
  "slot": 1,
  "total": 805
}
{
  "certified": [
    true
  ],
  "collected_kg": [
    491.9917864476386
  ],
  "done": 357,
  "elapsed_seconds": 625.4804632369996,
  "group": "cluster_fleet_v4/clusters/family_0030",
  "slot": 1,
  "total": 805
}
{
  "certified": [
    true
  ],
  "collected_kg": [
    488.29568788501024
  ],
  "done": 358,
  "elapsed_seconds": 625.4805096479995,
  "group": "cluster_fleet_v4/clusters/family_0030",
  "slot": 2,
  "total": 805
}
{
  "certified": [
    true
  ],
  "collected_kg": [
    436.13963039014374
  ],
  "done": 359,
  "elapsed_seconds": 630.9601139480001,
  "group": "cluster_fleet_v4/clusters/family_0030",
  "slot": 3,
  "total": 805
}
{
  "certified": [
    true
  ],
  "collected_kg": [
    388.0082135523614
  ],
  "done": 360,
  "elapsed_seconds": 634.6008520539999,
  "group": "cluster_fleet_v4/clusters/family_0030",
  "slot": 4,
  "total": 805
}
{
  "certified": [
    true
  ],
  "collected_kg": [
    362.54620123203284
  ],
  "done": 361,
  "elapsed_seconds": 659.3005177879986,
  "group": "cluster_fleet_v4/clusters/family_0044",
  "slot": 1,
  "total": 805
}
{
  "certified": [
    true
  ],
  "collected_kg": [
    354.41478439425055
  ],
  "done": 362,
  "elapsed_seconds": 659.3006451929996,
  "group": "cluster_fleet_v4/clusters/family_0044",
  "slot": 2,
  "total": 805
}
{
  "certified": [
    true
  ],
  "collected_kg": [
    471.04722792607805
  ],
  "done": 363,
  "elapsed_seconds": 659.3006889879998,
  "group": "cluster_fleet_v4/clusters/family_0044",
  "slot": 3,
  "total": 805
}
{
  "certified": [
    true
  ],
  "collected_kg": [
    491.17043121149896
  ],
  "done": 364,
  "elapsed_seconds": 659.3007316619987,
  "group": "cluster_fleet_v4/clusters/family_0044",
  "slot": 4,
  "total": 805
}
{
  "certified": [
    true
  ],
  "collected_kg": [
    210.4312114989733
  ],
  "done": 365,
  "elapsed_seconds": 659.3007592839986,
  "group": "cluster_fleet_v4/clusters/family_0070",
  "slot": 3,
  "total": 805
}
{
  "certified": [
    true
  ],
  "collected_kg": [
    182.50513347022587
  ],
  "done": 366,
  "elapsed_seconds": 659.3007852279989,
  "group": "cluster_fleet_v4/clusters/family_0070",
  "slot": 4,
  "total": 805
}
{
  "certified": [
    true
  ],
  "collected_kg": [
    234.57905544147843
  ],
  "done": 367,
  "elapsed_seconds": 659.3008109019993,
  "group": "cluster_fleet_v4/clusters/family_0081",
  "slot": 1,
  "total": 805
}
{
  "certified": [
    true
  ],
  "collected_kg": [
    395.89322381930185
  ],
  "done": 368,
  "elapsed_seconds": 659.3008416029988,
  "group": "cluster_fleet_v4/clusters/family_0081",
  "slot": 2,
  "total": 805
}
{
  "certified": [
    true
  ],
  "collected_kg": [
    377.82340862422996
  ],
  "done": 369,
  "elapsed_seconds": 659.3008660989999,
  "group": "cluster_fleet_v4/clusters/family_0081",
  "slot": 3,
  "total": 805
}
{
  "certified": [
    true
  ],
  "collected_kg": [
    406.57084188911705
  ],
  "done": 370,
  "elapsed_seconds": 659.3008893689985,
  "group": "cluster_fleet_v4/clusters/family_0081",
  "slot": 4,
  "total": 805
}
{
  "certified": [
    true
  ],
  "collected_kg": [
    282.54620123203284
  ],
  "done": 371,
  "elapsed_seconds": 659.3009133809992,
  "group": "cluster_fleet_v4/clusters/family_0083",
  "slot": 2,
  "total": 805
}
{
  "certified": [
    true
  ],
  "collected_kg": [
    337.0841889117043
  ],
  "done": 372,
  "elapsed_seconds": 659.300939454999,
  "group": "cluster_fleet_v4/clusters/family_0083",
  "slot": 3,
  "total": 805
}
{
  "certified": [
    true
  ],
  "collected_kg": [
    286.9815195071869
  ],
  "done": 373,
  "elapsed_seconds": 659.3009656459999,
  "group": "cluster_fleet_v4/clusters/family_0087",
  "slot": 1,
  "total": 805
}
{
  "certified": [
    true
  ],
  "collected_kg": [
    263.1074606433949
  ],
  "done": 374,
  "elapsed_seconds": 659.3009893069993,
  "group": "cluster_fleet_v4/clusters/family_0087",
  "slot": 2,
  "total": 805
}
{
  "certified": [
    true
  ],
  "collected_kg": [
    341.19096509240245
  ],
  "done": 375,
  "elapsed_seconds": 666.9109995059989,
  "group": "cluster_fleet_v4/clusters/family_0087",
  "slot": 3,
  "total": 805
}
{
  "certified": [
    true
  ],
  "collected_kg": [
    418.8911704312115
  ],
  "done": 376,
  "elapsed_seconds": 666.911274262,
  "group": "cluster_fleet_v4/clusters/family_0093",
  "slot": 1,
  "total": 805
}
{
  "certified": [
    true
  ],
  "collected_kg": [
    312.52566735112936
  ],
  "done": 377,
  "elapsed_seconds": 666.9114548959988,
  "group": "cluster_fleet_v4/clusters/family_0093",
  "slot": 2,
  "total": 805
}
{
  "certified": [
    true
  ],
  "collected_kg": [
    417.24845995893224
  ],
  "done": 378,
  "elapsed_seconds": 666.9115288719986,
  "group": "cluster_fleet_v4/clusters/family_0093",
  "slot": 3,
  "total": 805
}
{
  "certified": [
    true
  ],
  "collected_kg": [
    279.8083504449007
  ],
  "done": 379,
  "elapsed_seconds": 691.3911542899987,
  "group": "cluster_fleet_v4/clusters/family_0093",
  "slot": 4,
  "total": 805
}
{
  "certified": [
    true
  ],
  "collected_kg": [
    357.97399041752226
  ],
  "done": 380,
  "elapsed_seconds": 691.3912946829987,
  "group": "cluster_fleet_v4/clusters/family_0105",
  "slot": 1,
  "total": 805
}
{
  "certified": [
    true
  ],
  "collected_kg": [
    396.2217659137577
  ],
  "done": 381,
  "elapsed_seconds": 691.3913542109985,
  "group": "cluster_fleet_v4/clusters/family_0105",
  "slot": 2,
  "total": 805
}
{
  "certified": [
    true
  ],
  "collected_kg": [
    401.64271047227925
  ],
  "done": 382,
  "elapsed_seconds": 691.3913881929984,
  "group": "cluster_fleet_v4/clusters/family_0105",
  "slot": 3,
  "total": 805
}
{
  "certified": [
    true
  ],
  "collected_kg": [
    383.025325119781
  ],
  "done": 383,
  "elapsed_seconds": 691.3915457079984,
  "group": "cluster_fleet_v4/clusters/family_0105",
  "slot": 4,
  "total": 805
}
{
  "certified": [
    true
  ],
  "collected_kg": [
    336.34496919917865
  ],
  "done": 384,
  "elapsed_seconds": 691.391576774,
  "group": "cluster_fleet_v4/clusters/family_0240",
  "slot": 1,
  "total": 805
}
{
  "certified": [
    true
  ],
  "collected_kg": [
    448.870636550308
  ],
  "done": 385,
  "elapsed_seconds": 691.3916046459999,
  "group": "cluster_fleet_v4/clusters/family_0240",
  "slot": 2,
  "total": 805
}
{
  "certified": [
    true
  ],
  "collected_kg": [
    364.6817248459959
  ],
  "done": 386,
  "elapsed_seconds": 691.3916322669993,
  "group": "cluster_fleet_v4/clusters/family_0240",
  "slot": 3,
  "total": 805
}
{
  "certified": [
    true
  ],
  "collected_kg": [
    488.70636550308006
  ],
  "done": 387,
  "elapsed_seconds": 691.391659081999,
  "group": "cluster_fleet_v4/clusters/family_0247",
  "slot": 3,
  "total": 805
}
{
  "certified": [
    true
  ],
  "collected_kg": [
    395.89322381930185
  ],
  "done": 388,
  "elapsed_seconds": 691.3916933209985,
  "group": "cluster_fleet_v4/clusters/family_0247",
  "slot": 4,
  "total": 805
}
{
  "certified": [
    true
  ],
  "collected_kg": [
    466.5297741273101
  ],
  "done": 389,
  "elapsed_seconds": 691.3917235359986,
  "group": "cluster_fleet_v4/clusters/family_0274",
  "slot": 1,
  "total": 805
}
{
  "certified": [
    true
  ],
  "collected_kg": [
    346.9404517453799
  ],
  "done": 390,
  "elapsed_seconds": 691.3917484559988,
  "group": "cluster_fleet_v4/clusters/family_0274",
  "slot": 2,
  "total": 805
}
{
  "certified": [
    true
  ],
  "collected_kg": [
    395.0718685831622
  ],
  "done": 391,
  "elapsed_seconds": 691.3917726929994,
  "group": "cluster_fleet_v4/clusters/family_0275",
  "slot": 1,
  "total": 805
}
{
  "certified": [
    true
  ],
  "collected_kg": [
    323.6139630390144
  ],
  "done": 392,
  "elapsed_seconds": 691.3917984619984,
  "group": "cluster_fleet_v4/clusters/family_0275",
  "slot": 2,
  "total": 805
}
{
  "certified": [
    true
  ],
  "collected_kg": [
    386.0369609856263
  ],
  "done": 393,
  "elapsed_seconds": 693.6356853919988,
  "group": "cluster_fleet_v4/clusters/family_0275",
  "slot": 3,
  "total": 805
}
{
  "certified": [
    true
  ],
  "collected_kg": [
    436.55030800821356
  ],
  "done": 394,
  "elapsed_seconds": 702.6893517069984,
  "group": "cluster_fleet_v4/clusters/family_0280",
  "slot": 3,
  "total": 805
}
{
  "certified": [
    true
  ],
  "collected_kg": [
    396.7145790554415
  ],
  "done": 395,
  "elapsed_seconds": 708.8723730269994,
  "group": "cluster_fleet_v4/clusters/family_0280",
  "slot": 4,
  "total": 805
}
{
  "certified": [
    true
  ],
  "collected_kg": [
    468.993839835729
  ],
  "done": 396,
  "elapsed_seconds": 708.8725279720002,
  "group": "cluster_fleet_v4/clusters/family_0291",
  "slot": 3,
  "total": 805
}
{
  "certified": [
    true
  ],
  "collected_kg": [
    476.79671457905545
  ],
  "done": 397,
  "elapsed_seconds": 708.8725885160002,
  "group": "cluster_fleet_v4/clusters/family_0291",
  "slot": 4,
  "total": 805
}
{
  "certified": [
    true
  ],
  "collected_kg": [
    404.517453798768
  ],
  "done": 398,
  "elapsed_seconds": 708.8726236289986,
  "group": "cluster_fleet_v4/clusters/family_0324",
  "slot": 1,
  "total": 805
}
{
  "certified": [
    true
  ],
  "collected_kg": [
    512.5256673511294
  ],
  "done": 399,
  "elapsed_seconds": 708.8726554389996,
  "group": "cluster_fleet_v4/clusters/family_0324",
  "slot": 2,
  "total": 805
}
{
  "certified": [
    true
  ],
  "collected_kg": [
    226.44763860369608
  ],
  "done": 400,
  "elapsed_seconds": 708.8726838899984,
  "group": "cluster_fleet_v4/clusters/family_0353",
  "slot": 1,
  "total": 805
}
{
  "certified": [
    true
  ],
  "collected_kg": [
    375.68788501026694
  ],
  "done": 401,
  "elapsed_seconds": 719.6400215989997,
  "group": "cluster_fleet_v4/clusters/family_0353",
  "slot": 2,
  "total": 805
}
{
  "certified": [
    true
  ],
  "collected_kg": [
    537.5770020533881
  ],
  "done": 402,
  "elapsed_seconds": 719.6404927839994,
  "group": "cluster_fleet_v4/clusters/family_0355",
  "slot": 1,
  "total": 805
}
{
  "certified": [
    true
  ],
  "collected_kg": [
    403.2854209445585
  ],
  "done": 403,
  "elapsed_seconds": 719.6405391699991,
  "group": "cluster_fleet_v4/clusters/family_0355",
  "slot": 2,
  "total": 805
}
{
  "certified": [
    true
  ],
  "collected_kg": [
    305.9548254620123
  ],
  "done": 404,
  "elapsed_seconds": 719.6405716129993,
  "group": "cluster_fleet_v4/clusters/family_0363",
  "slot": 2,
  "total": 805
}
{
  "certified": [
    true
  ],
  "collected_kg": [
    402.8747433264887
  ],
  "done": 405,
  "elapsed_seconds": 719.8985209759994,
  "group": "cluster_fleet_v4/clusters/family_0363",
  "slot": 3,
  "total": 805
}
{
  "certified": [
    true
  ],
  "collected_kg": [
    450.9240246406571
  ],
  "done": 406,
  "elapsed_seconds": 719.8986481949996,
  "group": "cluster_fleet_v4/clusters/family_0410",
  "slot": 1,
  "total": 805
}
{
  "certified": [
    true
  ],
  "collected_kg": [
    456.2628336755647
  ],
  "done": 407,
  "elapsed_seconds": 724.3806514529988,
  "group": "cluster_fleet_v4/clusters/family_0410",
  "slot": 2,
  "total": 805
}
{
  "certified": [
    true
  ],
  "collected_kg": [
    564.271047227926
  ],
  "done": 408,
  "elapsed_seconds": 725.529920945999,
  "group": "cluster_fleet_v4/clusters/family_0430",
  "slot": 1,
  "total": 805
}
{
  "certified": [
    true
  ],
  "collected_kg": [
    475.15400410677614
  ],
  "done": 409,
  "elapsed_seconds": 726.3087384679984,
  "group": "cluster_fleet_v4/clusters/family_0430",
  "slot": 2,
  "total": 805
}
{
  "certified": [
    true
  ],
  "collected_kg": [
    463.2443531827515
  ],
  "done": 410,
  "elapsed_seconds": 732.5123755119985,
  "group": "cluster_fleet_v4/clusters/family_0459",
  "slot": 1,
  "total": 805
}
{
  "certified": [
    true
  ],
  "collected_kg": [
    472.2792607802875
  ],
  "done": 411,
  "elapsed_seconds": 747.9767800589998,
  "group": "cluster_fleet_v4/clusters/family_0459",
  "slot": 2,
  "total": 805
}
{
  "certified": [
    true
  ],
  "collected_kg": [
    388.0903490759754
  ],
  "done": 412,
  "elapsed_seconds": 747.9769206799992,
  "group": "cluster_fleet_v4/clusters/family_0462",
  "slot": 1,
  "total": 805
}
{
  "certified": [
    true
  ],
  "collected_kg": [
    424.22997946611906
  ],
  "done": 413,
  "elapsed_seconds": 747.9769707629985,
  "group": "cluster_fleet_v4/clusters/family_0462",
  "slot": 2,
  "total": 805
}
{
  "certified": [
    true
  ],
  "collected_kg": [
    445.1745379876797
  ],
  "done": 414,
  "elapsed_seconds": 747.9770005929986,
  "group": "cluster_fleet_v4/clusters/family_0497",
  "slot": 1,
  "total": 805
}
{
  "certified": [
    true
  ],
  "collected_kg": [
    353.5934291581109
  ],
  "done": 415,
  "elapsed_seconds": 747.9770261189988,
  "group": "cluster_fleet_v4/clusters/family_0497",
  "slot": 2,
  "total": 805
}
{
  "certified": [
    true
  ],
  "collected_kg": [
    256.2628336755647
  ],
  "done": 416,
  "elapsed_seconds": 747.9770573059996,
  "group": "cluster_fleet_v5/clusters/family_0000",
  "slot": 1,
  "total": 805
}
{
  "certified": [
    true
  ],
  "collected_kg": [
    520.3285420944559
  ],
  "done": 417,
  "elapsed_seconds": 747.9770805979988,
  "group": "cluster_fleet_v5/clusters/family_0000",
  "slot": 2,
  "total": 805
}
{
  "certified": [
    true
  ],
  "collected_kg": [
    487.0636550308008
  ],
  "done": 418,
  "elapsed_seconds": 747.9771029109997,
  "group": "cluster_fleet_v5/clusters/family_0000",
  "slot": 3,
  "total": 805
}
{
  "certified": [
    true
  ],
  "collected_kg": [
    557.2895277207392
  ],
  "done": 419,
  "elapsed_seconds": 747.9771247230001,
  "group": "cluster_fleet_v5/clusters/family_0000",
  "slot": 4,
  "total": 805
}
{
  "certified": [
    true
  ],
  "collected_kg": [
    468.1724845995893
  ],
  "done": 420,
  "elapsed_seconds": 747.9771498299997,
  "group": "cluster_fleet_v5/clusters/family_0001",
  "slot": 1,
  "total": 805
}
{
  "certified": [
    true
  ],
  "collected_kg": [
    433.7850787132101
  ],
  "done": 421,
  "elapsed_seconds": 747.9771738889995,
  "group": "cluster_fleet_v5/clusters/family_0001",
  "slot": 2,
  "total": 805
}
{
  "certified": [
    true
  ],
  "collected_kg": [
    448.870636550308
  ],
  "done": 422,
  "elapsed_seconds": 747.977195989999,
  "group": "cluster_fleet_v5/clusters/family_0001",
  "slot": 3,
  "total": 805
}
{
  "certified": [
    true
  ],
  "collected_kg": [
    442.984257357974
  ],
  "done": 423,
  "elapsed_seconds": 753.0766501919989,
  "group": "cluster_fleet_v5/clusters/family_0001",
  "slot": 4,
  "total": 805
}
{
  "certified": [
    true
  ],
  "collected_kg": [
    513.7577002053388
  ],
  "done": 424,
  "elapsed_seconds": 753.0769098769997,
  "group": "cluster_fleet_v5/clusters/family_0002",
  "slot": 1,
  "total": 805
}
{
  "certified": [
    true
  ],
  "collected_kg": [
    480.49281314168377
  ],
  "done": 425,
  "elapsed_seconds": 765.3093017849988,
  "group": "cluster_fleet_v5/clusters/family_0002",
  "slot": 2,
  "total": 805
}
{
  "certified": [
    true
  ],
  "collected_kg": [
    506.77618069815196
  ],
  "done": 426,
  "elapsed_seconds": 765.3095873659986,
  "group": "cluster_fleet_v5/clusters/family_0002",
  "slot": 3,
  "total": 805
}
{
  "certified": [
    true
  ],
  "collected_kg": [
    549.0759753593429
  ],
  "done": 427,
  "elapsed_seconds": 765.3096554139993,
  "group": "cluster_fleet_v5/clusters/family_0002",
  "slot": 4,
  "total": 805
}
{
  "certified": [
    true
  ],
  "collected_kg": [
    546.2012320328543
  ],
  "done": 428,
  "elapsed_seconds": 765.3096925259997,
  "group": "cluster_fleet_v5/clusters/family_0003",
  "slot": 2,
  "total": 805
}
{
  "certified": [
    true
  ],
  "collected_kg": [
    524.435318275154
  ],
  "done": 429,
  "elapsed_seconds": 765.309721276999,
  "group": "cluster_fleet_v5/clusters/family_0003",
  "slot": 3,
  "total": 805
}
{
  "certified": [
    true
  ],
  "collected_kg": [
    471.86858316221765
  ],
  "done": 430,
  "elapsed_seconds": 765.3097483429992,
  "group": "cluster_fleet_v5/clusters/family_0003",
  "slot": 4,
  "total": 805
}
{
  "certified": [
    true
  ],
  "collected_kg": [
    472.2792607802875
  ],
  "done": 431,
  "elapsed_seconds": 765.3097876209995,
  "group": "cluster_fleet_v5/clusters/family_0004",
  "slot": 2,
  "total": 805
}
{
  "certified": [
    true
  ],
  "collected_kg": [
    558.1108829568789
  ],
  "done": 432,
  "elapsed_seconds": 765.3098204489997,
  "group": "cluster_fleet_v5/clusters/family_0004",
  "slot": 3,
  "total": 805
}
{
  "certified": [
    true
  ],
  "collected_kg": [
    535.523613963039
  ],
  "done": 433,
  "elapsed_seconds": 770.3929617509984,
  "group": "cluster_fleet_v5/clusters/family_0004",
  "slot": 4,
  "total": 805
}
{
  "certified": [
    true
  ],
  "collected_kg": [
    497.741273100616
  ],
  "done": 434,
  "elapsed_seconds": 770.3931055069988,
  "group": "cluster_fleet_v5/clusters/family_0005",
  "slot": 1,
  "total": 805
}
{
  "certified": [
    true
  ],
  "collected_kg": [
    475.564681724846
  ],
  "done": 435,
  "elapsed_seconds": 770.3931543620001,
  "group": "cluster_fleet_v5/clusters/family_0005",
  "slot": 2,
  "total": 805
}
{
  "certified": [
    true
  ],
  "collected_kg": [
    457.0841889117043
  ],
  "done": 436,
  "elapsed_seconds": 773.6432943149994,
  "group": "cluster_fleet_v5/clusters/family_0005",
  "slot": 3,
  "total": 805
}
{
  "certified": [
    true
  ],
  "collected_kg": [
    365.0650239561944
  ],
  "done": 437,
  "elapsed_seconds": 773.643575017999,
  "group": "cluster_fleet_v5/clusters/family_0005",
  "slot": 4,
  "total": 805
}
{
  "certified": [
    true
  ],
  "collected_kg": [
    469.8151950718686
  ],
  "done": 438,
  "elapsed_seconds": 775.876612606,
  "group": "cluster_fleet_v5/clusters/family_0006",
  "slot": 1,
  "total": 805
}
{
  "certified": [
    true
  ],
  "collected_kg": [
    425.73579739904176
  ],
  "done": 439,
  "elapsed_seconds": 778.1882799229988,
  "group": "cluster_fleet_v5/clusters/family_0006",
  "slot": 2,
  "total": 805
}
{
  "certified": [
    true
  ],
  "collected_kg": [
    511.29363449691994
  ],
  "done": 440,
  "elapsed_seconds": 783.0056457649989,
  "group": "cluster_fleet_v5/clusters/family_0006",
  "slot": 3,
  "total": 805
}
{
  "certified": [
    true
  ],
  "collected_kg": [
    478.02874743326487
  ],
  "done": 441,
  "elapsed_seconds": 783.0059055949987,
  "group": "cluster_fleet_v5/clusters/family_0006",
  "slot": 4,
  "total": 805
}
{
  "certified": [
    true
  ],
  "collected_kg": [
    399.1786447638604
  ],
  "done": 442,
  "elapsed_seconds": 783.0060059159987,
  "group": "cluster_fleet_v5/clusters/family_0007",
  "slot": 1,
  "total": 805
}
{
  "certified": [
    true
  ],
  "collected_kg": [
    461.46475017111567
  ],
  "done": 443,
  "elapsed_seconds": 788.2660175029996,
  "group": "cluster_fleet_v5/clusters/family_0007",
  "slot": 2,
  "total": 805
}
{
  "certified": [
    true
  ],
  "collected_kg": [
    484.1889117043121
  ],
  "done": 444,
  "elapsed_seconds": 788.266172321999,
  "group": "cluster_fleet_v5/clusters/family_0007",
  "slot": 3,
  "total": 805
}
{
  "certified": [
    true
  ],
  "collected_kg": [
    390.14373716632446
  ],
  "done": 445,
  "elapsed_seconds": 788.2666705629999,
  "group": "cluster_fleet_v5/clusters/family_0007",
  "slot": 4,
  "total": 805
}
{
  "certified": [
    true
  ],
  "collected_kg": [
    479.6714579055441
  ],
  "done": 446,
  "elapsed_seconds": 791.6391801739992,
  "group": "cluster_fleet_v5/clusters/family_0008",
  "slot": 1,
  "total": 805
}
{
  "certified": [
    true
  ],
  "collected_kg": [
    498.97330595482543
  ],
  "done": 447,
  "elapsed_seconds": 792.9273816360001,
  "group": "cluster_fleet_v5/clusters/family_0008",
  "slot": 2,
  "total": 805
}
{
  "certified": [
    true
  ],
  "collected_kg": [
    498.15195071868584
  ],
  "done": 448,
  "elapsed_seconds": 797.7843377629997,
  "group": "cluster_fleet_v5/clusters/family_0008",
  "slot": 4,
  "total": 805
}
{
  "certified": [
    true
  ],
  "collected_kg": [
    558.1108829568789
  ],
  "done": 449,
  "elapsed_seconds": 797.784453369999,
  "group": "cluster_fleet_v5/clusters/family_0009",
  "slot": 1,
  "total": 805
}
{
  "certified": [
    true
  ],
  "collected_kg": [
    534.2915811088296
  ],
  "done": 450,
  "elapsed_seconds": 797.7845205319991,
  "group": "cluster_fleet_v5/clusters/family_0009",
  "slot": 2,
  "total": 805
}
{
  "certified": [
    true
  ],
  "collected_kg": [
    510.8829568788501
  ],
  "done": 451,
  "elapsed_seconds": 811.0663031019994,
  "group": "cluster_fleet_v5/clusters/family_0009",
  "slot": 3,
  "total": 805
}
{
  "certified": [
    true
  ],
  "collected_kg": [
    544.1478439425051
  ],
  "done": 452,
  "elapsed_seconds": 811.0665740320001,
  "group": "cluster_fleet_v5/clusters/family_0009",
  "slot": 4,
  "total": 805
}
{
  "certified": [
    true
  ],
  "collected_kg": [
    424.22997946611906
  ],
  "done": 453,
  "elapsed_seconds": 811.0667303350001,
  "group": "cluster_fleet_v5/clusters/family_0010",
  "slot": 1,
  "total": 805
}
{
  "certified": [
    true
  ],
  "collected_kg": [
    406.9815195071869
  ],
  "done": 454,
  "elapsed_seconds": 811.0668200569999,
  "group": "cluster_fleet_v5/clusters/family_0010",
  "slot": 2,
  "total": 805
}
{
  "certified": [
    true
  ],
  "collected_kg": [
    349.8973305954826
  ],
  "done": 455,
  "elapsed_seconds": 811.0668652629993,
  "group": "cluster_fleet_v5/clusters/family_0010",
  "slot": 3,
  "total": 805
}
{
  "certified": [
    true
  ],
  "collected_kg": [
    453.388090349076
  ],
  "done": 456,
  "elapsed_seconds": 811.0668970979987,
  "group": "cluster_fleet_v5/clusters/family_0010",
  "slot": 4,
  "total": 805
}
{
  "certified": [
    true
  ],
  "collected_kg": [
    471.04722792607805
  ],
  "done": 457,
  "elapsed_seconds": 811.0669253659999,
  "group": "cluster_fleet_v5/clusters/family_0011",
  "slot": 1,
  "total": 805
}
{
  "certified": [
    true
  ],
  "collected_kg": [
    528.5420944558522
  ],
  "done": 458,
  "elapsed_seconds": 818.5224494689992,
  "group": "cluster_fleet_v5/clusters/family_0011",
  "slot": 2,
  "total": 805
}
{
  "certified": [
    true
  ],
  "collected_kg": [
    550.7186858316221
  ],
  "done": 459,
  "elapsed_seconds": 818.5227145059998,
  "group": "cluster_fleet_v5/clusters/family_0011",
  "slot": 3,
  "total": 805
}
{
  "certified": [
    true
  ],
  "collected_kg": [
    513.347022587269
  ],
  "done": 460,
  "elapsed_seconds": 818.5228313199987,
  "group": "cluster_fleet_v5/clusters/family_0011",
  "slot": 4,
  "total": 805
}
{
  "certified": [
    true
  ],
  "collected_kg": [
    276.3860369609856
  ],
  "done": 461,
  "elapsed_seconds": 818.5228789899993,
  "group": "cluster_fleet_v5/clusters/family_0012",
  "slot": 1,
  "total": 805
}
{
  "certified": [
    true
  ],
  "collected_kg": [
    380.8350444900753
  ],
  "done": 462,
  "elapsed_seconds": 818.5229107779996,
  "group": "cluster_fleet_v5/clusters/family_0012",
  "slot": 2,
  "total": 805
}
{
  "certified": [
    true
  ],
  "collected_kg": [
    160.16427104722794
  ],
  "done": 463,
  "elapsed_seconds": 818.5229392249985,
  "group": "cluster_fleet_v5/clusters/family_0012",
  "slot": 3,
  "total": 805
}
{
  "certified": [
    true
  ],
  "collected_kg": [
    381.93018480492816
  ],
  "done": 464,
  "elapsed_seconds": 822.590055704999,
  "group": "cluster_fleet_v5/clusters/family_0012",
  "slot": 4,
  "total": 805
}
{
  "certified": [
    true
  ],
  "collected_kg": [
    416.42710472279265
  ],
  "done": 465,
  "elapsed_seconds": 822.5903159509999,
  "group": "cluster_fleet_v5/clusters/family_0013",
  "slot": 1,
  "total": 805
}
{
  "certified": [
    true
  ],
  "collected_kg": [
    412.73100616016427
  ],
  "done": 466,
  "elapsed_seconds": 822.5904633669998,
  "group": "cluster_fleet_v5/clusters/family_0013",
  "slot": 2,
  "total": 805
}
{
  "certified": [
    true
  ],
  "collected_kg": [
    402.8747433264887
  ],
  "done": 467,
  "elapsed_seconds": 822.5905505399987,
  "group": "cluster_fleet_v5/clusters/family_0013",
  "slot": 3,
  "total": 805
}
{
  "certified": [
    false
  ],
  "collected_kg": [
    0.0
  ],
  "done": 468,
  "elapsed_seconds": 826.3371452309984,
  "group": "cluster_fleet_v5/clusters/family_0013",
  "slot": 4,
  "total": 805
}
{
  "certified": [
    true
  ],
  "collected_kg": [
    498.9733059548255
  ],
  "done": 469,
  "elapsed_seconds": 828.1065044089992,
  "group": "cluster_fleet_v5/clusters/family_0015",
  "slot": 1,
  "total": 805
}
{
  "certified": [
    true
  ],
  "collected_kg": [
    508.4188911704312
  ],
  "done": 470,
  "elapsed_seconds": 828.1085079029999,
  "group": "cluster_fleet_v5/clusters/family_0015",
  "slot": 2,
  "total": 805
}
{
  "certified": [
    true
  ],
  "collected_kg": [
    403.0116358658453
  ],
  "done": 471,
  "elapsed_seconds": 828.1085802229991,
  "group": "cluster_fleet_v5/clusters/family_0015",
  "slot": 3,
  "total": 805
}
{
  "certified": [
    true
  ],
  "collected_kg": [
    480.9034907597536
  ],
  "done": 472,
  "elapsed_seconds": 829.6611288159984,
  "group": "cluster_fleet_v5/clusters/family_0015",
  "slot": 4,
  "total": 805
}
{
  "certified": [
    false
  ],
  "collected_kg": [
    0.0
  ],
  "done": 473,
  "elapsed_seconds": 829.6614085040001,
  "group": "cluster_fleet_v5/clusters/family_0016",
  "slot": 1,
  "total": 805
}
{
  "certified": [
    true
  ],
  "collected_kg": [
    437.23477070499655
  ],
  "done": 474,
  "elapsed_seconds": 829.6617498369997,
  "group": "cluster_fleet_v5/clusters/family_0016",
  "slot": 2,
  "total": 805
}
{
  "certified": [
    true
  ],
  "collected_kg": [
    505.1334702258727
  ],
  "done": 475,
  "elapsed_seconds": 830.9646433769994,
  "group": "cluster_fleet_v5/clusters/family_0016",
  "slot": 3,
  "total": 805
}
{
  "certified": [
    true
  ],
  "collected_kg": [
    485.01026694045174
  ],
  "done": 476,
  "elapsed_seconds": 836.9151615859992,
  "group": "cluster_fleet_v5/clusters/family_0016",
  "slot": 4,
  "total": 805
}
{
  "certified": [
    true
  ],
  "collected_kg": [
    549.0759753593429
  ],
  "done": 477,
  "elapsed_seconds": 845.9309884109989,
  "group": "cluster_fleet_v5/clusters/family_0017",
  "slot": 1,
  "total": 805
}
{
  "certified": [
    true
  ],
  "collected_kg": [
    479.26078028747435
  ],
  "done": 478,
  "elapsed_seconds": 845.9311128509999,
  "group": "cluster_fleet_v5/clusters/family_0017",
  "slot": 2,
  "total": 805
}
{
  "certified": [
    true
  ],
  "collected_kg": [
    482.5462012320329
  ],
  "done": 479,
  "elapsed_seconds": 850.9611334679994,
  "group": "cluster_fleet_v5/clusters/family_0017",
  "slot": 3,
  "total": 805
}
{
  "certified": [
    true
  ],
  "collected_kg": [
    570.0205338809035
  ],
  "done": 480,
  "elapsed_seconds": 851.1820406799998,
  "group": "cluster_fleet_v5/clusters/family_0017",
  "slot": 4,
  "total": 805
}
{
  "certified": [
    true
  ],
  "collected_kg": [
    397.9466119096509
  ],
  "done": 481,
  "elapsed_seconds": 851.1821861749995,
  "group": "cluster_fleet_v5/clusters/family_0019",
  "slot": 1,
  "total": 805
}
{
  "certified": [
    true
  ],
  "collected_kg": [
    463.2443531827515
  ],
  "done": 482,
  "elapsed_seconds": 851.1822277669999,
  "group": "cluster_fleet_v5/clusters/family_0019",
  "slot": 2,
  "total": 805
}
{
  "certified": [
    true
  ],
  "collected_kg": [
    398.35728952772075
  ],
  "done": 483,
  "elapsed_seconds": 851.1822673749994,
  "group": "cluster_fleet_v5/clusters/family_0019",
  "slot": 3,
  "total": 805
}
{
  "certified": [
    true
  ],
  "collected_kg": [
    474.33264887063655
  ],
  "done": 484,
  "elapsed_seconds": 851.1822974709994,
  "group": "cluster_fleet_v5/clusters/family_0019",
  "slot": 4,
  "total": 805
}
{
  "certified": [
    true
  ],
  "collected_kg": [
    515.8110882956879
  ],
  "done": 485,
  "elapsed_seconds": 865.1515209230001,
  "group": "cluster_fleet_v5/clusters/family_0020",
  "slot": 1,
  "total": 805
}
{
  "certified": [
    true
  ],
  "collected_kg": [
    487.88501026694047
  ],
  "done": 486,
  "elapsed_seconds": 865.1516539579989,
  "group": "cluster_fleet_v5/clusters/family_0020",
  "slot": 2,
  "total": 805
}
{
  "certified": [
    true
  ],
  "collected_kg": [
    497.741273100616
  ],
  "done": 487,
  "elapsed_seconds": 865.1516928659985,
  "group": "cluster_fleet_v5/clusters/family_0020",
  "slot": 3,
  "total": 805
}
{
  "certified": [
    true
  ],
  "collected_kg": [
    524.8459958932239
  ],
  "done": 488,
  "elapsed_seconds": 866.3051790909994,
  "group": "cluster_fleet_v5/clusters/family_0020",
  "slot": 4,
  "total": 805
}
{
  "certified": [
    true
  ],
  "collected_kg": [
    448.4599589322382
  ],
  "done": 489,
  "elapsed_seconds": 866.3055605589998,
  "group": "cluster_fleet_v5/clusters/family_0023",
  "slot": 1,
  "total": 805
}
{
  "certified": [
    true
  ],
  "collected_kg": [
    439.01437371663246
  ],
  "done": 490,
  "elapsed_seconds": 866.3056410969984,
  "group": "cluster_fleet_v5/clusters/family_0023",
  "slot": 2,
  "total": 805
}
{
  "certified": [
    true
  ],
  "collected_kg": [
    407.39219712525664
  ],
  "done": 491,
  "elapsed_seconds": 866.3056778739992,
  "group": "cluster_fleet_v5/clusters/family_0023",
  "slot": 3,
  "total": 805
}
{
  "certified": [
    true
  ],
  "collected_kg": [
    508.0082135523614
  ],
  "done": 492,
  "elapsed_seconds": 882.2565368959986,
  "group": "cluster_fleet_v5/clusters/family_0023",
  "slot": 4,
  "total": 805
}
{
  "certified": [
    true
  ],
  "collected_kg": [
    412.73100616016427
  ],
  "done": 493,
  "elapsed_seconds": 882.2567655659986,
  "group": "cluster_fleet_v5/clusters/family_0024",
  "slot": 1,
  "total": 805
}
{
  "certified": [
    true
  ],
  "collected_kg": [
    425.0513347022587
  ],
  "done": 494,
  "elapsed_seconds": 898.5965848619999,
  "group": "cluster_fleet_v5/clusters/family_0024",
  "slot": 2,
  "total": 805
}
{
  "certified": [
    true
  ],
  "collected_kg": [
    411.9096509240246
  ],
  "done": 495,
  "elapsed_seconds": 898.5968093109987,
  "group": "cluster_fleet_v5/clusters/family_0024",
  "slot": 3,
  "total": 805
}
{
  "certified": [
    true
  ],
  "collected_kg": [
    395.0718685831622
  ],
  "done": 496,
  "elapsed_seconds": 898.5968818369984,
  "group": "cluster_fleet_v5/clusters/family_0024",
  "slot": 4,
  "total": 805
}
{
  "certified": [
    true
  ],
  "collected_kg": [
    429.5687885010267
  ],
  "done": 497,
  "elapsed_seconds": 898.596915397,
  "group": "cluster_fleet_v5/clusters/family_0044",
  "slot": 1,
  "total": 805
}
{
  "certified": [
    true
  ],
  "collected_kg": [
    488.29568788501024
  ],
  "done": 498,
  "elapsed_seconds": 898.5969533489988,
  "group": "cluster_fleet_v5/clusters/family_0044",
  "slot": 2,
  "total": 805
}
{
  "certified": [
    true
  ],
  "collected_kg": [
    465.2977412731006
  ],
  "done": 499,
  "elapsed_seconds": 898.5969831559996,
  "group": "cluster_fleet_v5/clusters/family_0044",
  "slot": 3,
  "total": 805
}
{
  "certified": [
    true
  ],
  "collected_kg": [
    450.1026694045174
  ],
  "done": 500,
  "elapsed_seconds": 898.5970139889996,
  "group": "cluster_fleet_v5/clusters/family_0044",
  "slot": 4,
  "total": 805
}
{
  "certified": [
    true
  ],
  "collected_kg": [
    354.4147843942505
  ],
  "done": 501,
  "elapsed_seconds": 927.4469356599984,
  "group": "cluster_fleet_v5/clusters/family_0070",
  "slot": 1,
  "total": 805
}
{
  "certified": [
    true
  ],
  "collected_kg": [
    199.31553730321696
  ],
  "done": 502,
  "elapsed_seconds": 927.4472944979989,
  "group": "cluster_fleet_v5/clusters/family_0070",
  "slot": 2,
  "total": 805
}
{
  "certified": [
    true
  ],
  "collected_kg": [
    455.03080082135523
  ],
  "done": 503,
  "elapsed_seconds": 927.4473772259989,
  "group": "cluster_fleet_v5/clusters/family_0070",
  "slot": 3,
  "total": 805
}
{
  "certified": [
    true
  ],
  "collected_kg": [
    455.8521560574949
  ],
  "done": 504,
  "elapsed_seconds": 927.4474203189984,
  "group": "cluster_fleet_v5/clusters/family_0070",
  "slot": 4,
  "total": 805
}
{
  "certified": [
    true
  ],
  "collected_kg": [
    425.46201232032854
  ],
  "done": 505,
  "elapsed_seconds": 927.447455124,
  "group": "cluster_fleet_v5/clusters/family_0081",
  "slot": 1,
  "total": 805
}
{
  "certified": [
    false
  ],
  "collected_kg": [
    0.0
  ],
  "done": 506,
  "elapsed_seconds": 978.515167988,
  "group": "cluster_fleet_v5/clusters/family_0081",
  "slot": 2,
  "total": 805
}
{
  "certified": [
    true
  ],
  "collected_kg": [
    420.1232032854209
  ],
  "done": 507,
  "elapsed_seconds": 978.5154269619998,
  "group": "cluster_fleet_v5/clusters/family_0081",
  "slot": 3,
  "total": 805
}
{
  "certified": [
    true
  ],
  "collected_kg": [
    367.14579055441476
  ],
  "done": 508,
  "elapsed_seconds": 978.5155783399987,
  "group": "cluster_fleet_v5/clusters/family_0081",
  "slot": 4,
  "total": 805
}
{
  "certified": [
    true
  ],
  "collected_kg": [
    406.9815195071869
  ],
  "done": 509,
  "elapsed_seconds": 978.5156369389988,
  "group": "cluster_fleet_v5/clusters/family_0083",
  "slot": 1,
  "total": 805
}
{
  "certified": [
    true
  ],
  "collected_kg": [
    476.79671457905545
  ],
  "done": 510,
  "elapsed_seconds": 978.5156816719991,
  "group": "cluster_fleet_v5/clusters/family_0083",
  "slot": 2,
  "total": 805
}
{
  "certified": [
    true
  ],
  "collected_kg": [
    472.6899383983573
  ],
  "done": 511,
  "elapsed_seconds": 978.515718065999,
  "group": "cluster_fleet_v5/clusters/family_0083",
  "slot": 3,
  "total": 805
}
{
  "certified": [
    true
  ],
  "collected_kg": [
    346.611909650924
  ],
  "done": 512,
  "elapsed_seconds": 978.5157517949992,
  "group": "cluster_fleet_v5/clusters/family_0083",
  "slot": 4,
  "total": 805
}
{
  "certified": [
    true
  ],
  "collected_kg": [
    444.76386036960986
  ],
  "done": 513,
  "elapsed_seconds": 978.5157855779998,
  "group": "cluster_fleet_v5/clusters/family_0093",
  "slot": 1,
  "total": 805
}
{
  "certified": [
    true
  ],
  "collected_kg": [
    448.4599589322382
  ],
  "done": 514,
  "elapsed_seconds": 978.5158218409997,
  "group": "cluster_fleet_v5/clusters/family_0093",
  "slot": 2,
  "total": 805
}
{
  "certified": [
    true
  ],
  "collected_kg": [
    416.01642710472277
  ],
  "done": 515,
  "elapsed_seconds": 978.5158533449994,
  "group": "cluster_fleet_v5/clusters/family_0093",
  "slot": 3,
  "total": 805
}
{
  "certified": [
    true
  ],
  "collected_kg": [
    416.0164271047228
  ],
  "done": 516,
  "elapsed_seconds": 978.5160169029987,
  "group": "cluster_fleet_v5/clusters/family_0093",
  "slot": 4,
  "total": 805
}
{
  "certified": [
    true
  ],
  "collected_kg": [
    413.1416837782341
  ],
  "done": 517,
  "elapsed_seconds": 981.693975102,
  "group": "cluster_fleet_v5/clusters/family_0240",
  "slot": 1,
  "total": 805
}
{
  "certified": [
    true
  ],
  "collected_kg": [
    443.53182751540044
  ],
  "done": 518,
  "elapsed_seconds": 981.6941002699987,
  "group": "cluster_fleet_v5/clusters/family_0240",
  "slot": 2,
  "total": 805
}
{
  "certified": [
    true
  ],
  "collected_kg": [
    365.5030800821355
  ],
  "done": 519,
  "elapsed_seconds": 981.6941441799991,
  "group": "cluster_fleet_v5/clusters/family_0240",
  "slot": 3,
  "total": 805
}
{
  "certified": [
    true
  ],
  "collected_kg": [
    547.0225872689939
  ],
  "done": 520,
  "elapsed_seconds": 981.6941799399992,
  "group": "cluster_fleet_v5/clusters/family_0247",
  "slot": 3,
  "total": 805
}
{
  "certified": [
    true
  ],
  "collected_kg": [
    439.01437371663246
  ],
  "done": 521,
  "elapsed_seconds": 981.6942119089999,
  "group": "cluster_fleet_v5/clusters/family_0247",
  "slot": 4,
  "total": 805
}
{
  "certified": [
    true
  ],
  "collected_kg": [
    331.55373032169746
  ],
  "done": 522,
  "elapsed_seconds": 981.6942432269989,
  "group": "cluster_fleet_v5/clusters/family_0261",
  "slot": 1,
  "total": 805
}
{
  "certified": [
    true
  ],
  "collected_kg": [
    418.8911704312115
  ],
  "done": 523,
  "elapsed_seconds": 981.883515309999,
  "group": "cluster_fleet_v5/clusters/family_0261",
  "slot": 2,
  "total": 805
}
{
  "certified": [
    true
  ],
  "collected_kg": [
    522.7926078028747
  ],
  "done": 524,
  "elapsed_seconds": 981.8836309620001,
  "group": "cluster_fleet_v5/clusters/family_0274",
  "slot": 1,
  "total": 805
}
{
  "certified": [
    true
  ],
  "collected_kg": [
    407.39219712525664
  ],
  "done": 525,
  "elapsed_seconds": 981.8836741899995,
  "group": "cluster_fleet_v5/clusters/family_0274",
  "slot": 2,
  "total": 805
}
{
  "certified": [
    true
  ],
  "collected_kg": [
    362.217659137577
  ],
  "done": 526,
  "elapsed_seconds": 981.8837245599989,
  "group": "cluster_fleet_v5/clusters/family_0274",
  "slot": 3,
  "total": 805
}
{
  "certified": [
    true
  ],
  "collected_kg": [
    466.94045174537985
  ],
  "done": 527,
  "elapsed_seconds": 981.883758598,
  "group": "cluster_fleet_v5/clusters/family_0275",
  "slot": 1,
  "total": 805
}
{
  "certified": [
    true
  ],
  "collected_kg": [
    436.13963039014374
  ],
  "done": 528,
  "elapsed_seconds": 981.8837876049984,
  "group": "cluster_fleet_v5/clusters/family_0275",
  "slot": 2,
  "total": 805
}
{
  "certified": [
    true
  ],
  "collected_kg": [
    137.7138945927447
  ],
  "done": 529,
  "elapsed_seconds": 981.883813986,
  "group": "cluster_fleet_v5/clusters/family_0275",
  "slot": 3,
  "total": 805
}
{
  "certified": [
    true
  ],
  "collected_kg": [
    368.78850102669406
  ],
  "done": 530,
  "elapsed_seconds": 981.885302871,
  "group": "cluster_fleet_v5/clusters/family_0280",
  "slot": 2,
  "total": 805
}
{
  "certified": [
    true
  ],
  "collected_kg": [
    354.9623545516769
  ],
  "done": 531,
  "elapsed_seconds": 990.4021927529993,
  "group": "cluster_fleet_v5/clusters/family_0280",
  "slot": 3,
  "total": 805
}
{
  "certified": [
    true
  ],
  "collected_kg": [
    365.5030800821355
  ],
  "done": 532,
  "elapsed_seconds": 991.1517094629999,
  "group": "cluster_fleet_v5/clusters/family_0292",
  "slot": 1,
  "total": 805
}
{
  "certified": [
    true
  ],
  "collected_kg": [
    454.20944558521563
  ],
  "done": 533,
  "elapsed_seconds": 991.1545069979984,
  "group": "cluster_fleet_v5/clusters/family_0292",
  "slot": 2,
  "total": 805
}
{
  "certified": [
    true
  ],
  "collected_kg": [
    452.97741273100615
  ],
  "done": 534,
  "elapsed_seconds": 991.154578149999,
  "group": "cluster_fleet_v5/clusters/family_0324",
  "slot": 1,
  "total": 805
}
{
  "certified": [
    true
  ],
  "collected_kg": [
    518.6858316221766
  ],
  "done": 535,
  "elapsed_seconds": 991.1546108959992,
  "group": "cluster_fleet_v5/clusters/family_0324",
  "slot": 2,
  "total": 805
}
{
  "certified": [
    true
  ],
  "collected_kg": [
    393.42915811088295
  ],
  "done": 536,
  "elapsed_seconds": 991.1546397009988,
  "group": "cluster_fleet_v5/clusters/family_0353",
  "slot": 1,
  "total": 805
}
{
  "certified": [
    true
  ],
  "collected_kg": [
    443.53182751540044
  ],
  "done": 537,
  "elapsed_seconds": 991.1546685699996,
  "group": "cluster_fleet_v5/clusters/family_0353",
  "slot": 2,
  "total": 805
}
{
  "certified": [
    true
  ],
  "collected_kg": [
    496.0985626283367
  ],
  "done": 538,
  "elapsed_seconds": 1002.8255024350001,
  "group": "cluster_fleet_v5/clusters/family_0410",
  "slot": 1,
  "total": 805
}
{
  "certified": [
    true
  ],
  "collected_kg": [
    418.8911704312115
  ],
  "done": 539,
  "elapsed_seconds": 1002.8256158079985,
  "group": "cluster_fleet_v5/clusters/family_0410",
  "slot": 2,
  "total": 805
}
{
  "certified": [
    true
  ],
  "collected_kg": [
    370.0205338809035
  ],
  "done": 540,
  "elapsed_seconds": 1029.418934424999,
  "group": "cluster_fleet_v5/clusters/family_0459",
  "slot": 1,
  "total": 805
}
{
  "certified": [
    true
  ],
  "collected_kg": [
    570.8418891170431
  ],
  "done": 541,
  "elapsed_seconds": 1031.1816367409992,
  "group": "cluster_fleet_v5/clusters/family_0459",
  "slot": 2,
  "total": 805
}
{
  "certified": [
    true
  ],
  "collected_kg": [
    496.91991786447636
  ],
  "done": 542,
  "elapsed_seconds": 1031.181754825,
  "group": "cluster_fleet_v5/clusters/family_0462",
  "slot": 1,
  "total": 805
}
{
  "certified": [
    true
  ],
  "collected_kg": [
    250.92402464065708
  ],
  "done": 543,
  "elapsed_seconds": 1033.321428850999,
  "group": "cluster_fleet_v5/clusters/family_0462",
  "slot": 2,
  "total": 805
}
{
  "certified": [
    true
  ],
  "collected_kg": [
    455.03080082135523
  ],
  "done": 544,
  "elapsed_seconds": 1068.399264575999,
  "group": "cluster_fleet_v5c/clusters/family_0000",
  "slot": 1,
  "total": 805
}
{
  "certified": [
    true
  ],
  "collected_kg": [
    563.0390143737167
  ],
  "done": 545,
  "elapsed_seconds": 1068.3995708719995,
  "group": "cluster_fleet_v5c/clusters/family_0000",
  "slot": 2,
  "total": 805
}
{
  "certified": [
    true
  ],
  "collected_kg": [
    385.6262833675565
  ],
  "done": 546,
  "elapsed_seconds": 1068.3996224549992,
  "group": "cluster_fleet_v5c/clusters/family_0000",
  "slot": 3,
  "total": 805
}
{
  "certified": [
    true
  ],
  "collected_kg": [
    554.0041067761807
  ],
  "done": 547,
  "elapsed_seconds": 1118.613512652999,
  "group": "cluster_fleet_v5c/clusters/family_0000",
  "slot": 4,
  "total": 805
}
{
  "certified": [
    true
  ],
  "collected_kg": [
    507.1868583162218
  ],
  "done": 548,
  "elapsed_seconds": 1118.613638970999,
  "group": "cluster_fleet_v5c/clusters/family_0001",
  "slot": 2,
  "total": 805
}
{
  "certified": [
    true
  ],
  "collected_kg": [
    559.3429158110883
  ],
  "done": 549,
  "elapsed_seconds": 1118.6136844829998,
  "group": "cluster_fleet_v5c/clusters/family_0001",
  "slot": 3,
  "total": 805
}
{
  "certified": [
    true
  ],
  "collected_kg": [
    533.8809034907598
  ],
  "done": 550,
  "elapsed_seconds": 1118.6137302959996,
  "group": "cluster_fleet_v5c/clusters/family_0001",
  "slot": 4,
  "total": 805
}
{
  "certified": [
    true
  ],
  "collected_kg": [
    468.58316221765915
  ],
  "done": 551,
  "elapsed_seconds": 1118.6137626689997,
  "group": "cluster_fleet_v5c/clusters/family_0002",
  "slot": 1,
  "total": 805
}
{
  "certified": [
    true
  ],
  "collected_kg": [
    499.3839835728953
  ],
  "done": 552,
  "elapsed_seconds": 1118.6137931659996,
  "group": "cluster_fleet_v5c/clusters/family_0002",
  "slot": 2,
  "total": 805
}
{
  "certified": [
    true
  ],
  "collected_kg": [
    428.33675564681727
  ],
  "done": 553,
  "elapsed_seconds": 1118.6138234109985,
  "group": "cluster_fleet_v5c/clusters/family_0002",
  "slot": 3,
  "total": 805
}
{
  "certified": [
    true
  ],
  "collected_kg": [
    549.4866529774127
  ],
  "done": 554,
  "elapsed_seconds": 1118.61385505,
  "group": "cluster_fleet_v5c/clusters/family_0002",
  "slot": 4,
  "total": 805
}
{
  "certified": [
    true
  ],
  "collected_kg": [
    496.78302532511975
  ],
  "done": 555,
  "elapsed_seconds": 1120.6215158679988,
  "group": "cluster_fleet_v5c/clusters/family_0003",
  "slot": 1,
  "total": 805
}
{
  "certified": [
    true
  ],
  "collected_kg": [
    547.4332648870636
  ],
  "done": 556,
  "elapsed_seconds": 1145.970013533999,
  "group": "cluster_fleet_v5c/clusters/family_0003",
  "slot": 2,
  "total": 805
}
{
  "certified": [
    true
  ],
  "collected_kg": [
    504.7227926078029
  ],
  "done": 557,
  "elapsed_seconds": 1208.010506863,
  "group": "cluster_fleet_v5c/clusters/family_0003",
  "slot": 3,
  "total": 805
}
{
  "certified": [
    true
  ],
  "collected_kg": [
    462.0123203285421
  ],
  "done": 558,
  "elapsed_seconds": 1208.0106241839985,
  "group": "cluster_fleet_v5c/clusters/family_0003",
  "slot": 4,
  "total": 805
}
{
  "certified": [
    true
  ],
  "collected_kg": [
    523.2032854209446
  ],
  "done": 559,
  "elapsed_seconds": 1208.010664727999,
  "group": "cluster_fleet_v5c/clusters/family_0004",
  "slot": 1,
  "total": 805
}
{
  "certified": [
    true
  ],
  "collected_kg": [
    498.15195071868584
  ],
  "done": 560,
  "elapsed_seconds": 1208.010696678999,
  "group": "cluster_fleet_v5c/clusters/family_0004",
  "slot": 2,
  "total": 805
}
{
  "certified": [
    true
  ],
  "collected_kg": [
    507.5975359342916
  ],
  "done": 561,
  "elapsed_seconds": 1208.0107449749994,
  "group": "cluster_fleet_v5c/clusters/family_0004",
  "slot": 3,
  "total": 805
}
{
  "certified": [
    true
  ],
  "collected_kg": [
    518.2751540041068
  ],
  "done": 562,
  "elapsed_seconds": 1208.010780515,
  "group": "cluster_fleet_v5c/clusters/family_0004",
  "slot": 4,
  "total": 805
}
{
  "certified": [
    true
  ],
  "collected_kg": [
    460.36960985626285
  ],
  "done": 563,
  "elapsed_seconds": 1228.0135127099984,
  "group": "cluster_fleet_v5c/clusters/family_0005",
  "slot": 1,
  "total": 805
}
{
  "certified": [
    true
  ],
  "collected_kg": [
    464.0657084188912
  ],
  "done": 564,
  "elapsed_seconds": 1228.0136401239997,
  "group": "cluster_fleet_v5c/clusters/family_0005",
  "slot": 2,
  "total": 805
}
{
  "certified": [
    true
  ],
  "collected_kg": [
    558.9322381930185
  ],
  "done": 565,
  "elapsed_seconds": 1228.0136808449988,
  "group": "cluster_fleet_v5c/clusters/family_0005",
  "slot": 3,
  "total": 805
}
{
  "certified": [
    true
  ],
  "collected_kg": [
    524.2984257357974
  ],
  "done": 566,
  "elapsed_seconds": 1228.0137111349995,
  "group": "cluster_fleet_v5c/clusters/family_0005",
  "slot": 4,
  "total": 805
}
{
  "certified": [
    true
  ],
  "collected_kg": [
    485.8316221765914
  ],
  "done": 567,
  "elapsed_seconds": 1269.2764046539996,
  "group": "cluster_fleet_v5c/clusters/family_0006",
  "slot": 1,
  "total": 805
}
{
  "certified": [
    true
  ],
  "collected_kg": [
    505.9548254620123
  ],
  "done": 568,
  "elapsed_seconds": 1269.2765632989995,
  "group": "cluster_fleet_v5c/clusters/family_0006",
  "slot": 2,
  "total": 805
}
{
  "certified": [
    true
  ],
  "collected_kg": [
    386.4476386036961
  ],
  "done": 569,
  "elapsed_seconds": 1269.2766082079997,
  "group": "cluster_fleet_v5c/clusters/family_0006",
  "slot": 3,
  "total": 805
}
{
  "certified": [
    true
  ],
  "collected_kg": [
    520.7392197125257
  ],
  "done": 570,
  "elapsed_seconds": 1269.2766392209996,
  "group": "cluster_fleet_v5c/clusters/family_0006",
  "slot": 4,
  "total": 805
}
{
  "certified": [
    true
  ],
  "collected_kg": [
    475.56468172484597
  ],
  "done": 571,
  "elapsed_seconds": 1269.2766660509988,
  "group": "cluster_fleet_v5c/clusters/family_0007",
  "slot": 1,
  "total": 805
}
{
  "certified": [
    true
  ],
  "collected_kg": [
    274.05886379192333
  ],
  "done": 572,
  "elapsed_seconds": 1269.276691994999,
  "group": "cluster_fleet_v5c/clusters/family_0007",
  "slot": 2,
  "total": 805
}
{
  "certified": [
    true
  ],
  "collected_kg": [
    441.06776180698154
  ],
  "done": 573,
  "elapsed_seconds": 1269.276715647,
  "group": "cluster_fleet_v5c/clusters/family_0007",
  "slot": 3,
  "total": 805
}
{
  "certified": [
    true
  ],
  "collected_kg": [
    462.42299794661193
  ],
  "done": 574,
  "elapsed_seconds": 1272.675511088999,
  "group": "cluster_fleet_v5c/clusters/family_0007",
  "slot": 4,
  "total": 805
}
{
  "certified": [
    true
  ],
  "collected_kg": [
    478.02874743326487
  ],
  "done": 575,
  "elapsed_seconds": 1272.6756408639994,
  "group": "cluster_fleet_v5c/clusters/family_0008",
  "slot": 1,
  "total": 805
}
{
  "certified": [
    true
  ],
  "collected_kg": [
    439.4250513347023
  ],
  "done": 576,
  "elapsed_seconds": 1328.8715138319985,
  "group": "cluster_fleet_v5c/clusters/family_0008",
  "slot": 2,
  "total": 805
}
{
  "certified": [
    true
  ],
  "collected_kg": [
    354.14099931553733
  ],
  "done": 577,
  "elapsed_seconds": 1328.8716335909994,
  "group": "cluster_fleet_v5c/clusters/family_0008",
  "slot": 3,
  "total": 805
}
{
  "certified": [
    true
  ],
  "collected_kg": [
    493.63449691991786
  ],
  "done": 578,
  "elapsed_seconds": 1328.8716784929984,
  "group": "cluster_fleet_v5c/clusters/family_0008",
  "slot": 4,
  "total": 805
}
{
  "certified": [
    true
  ],
  "collected_kg": [
    441.4784394250513
  ],
  "done": 579,
  "elapsed_seconds": 1328.8717148659998,
  "group": "cluster_fleet_v5c/clusters/family_0009",
  "slot": 1,
  "total": 805
}
{
  "certified": [
    true
  ],
  "collected_kg": [
    496.5092402464066
  ],
  "done": 580,
  "elapsed_seconds": 1328.871757597999,
  "group": "cluster_fleet_v5c/clusters/family_0009",
  "slot": 2,
  "total": 805
}
{
  "certified": [
    true
  ],
  "collected_kg": [
    458.3162217659137
  ],
  "done": 581,
  "elapsed_seconds": 1328.8717913379987,
  "group": "cluster_fleet_v5c/clusters/family_0009",
  "slot": 3,
  "total": 805
}
{
  "certified": [
    true
  ],
  "collected_kg": [
    424.64065708418894
  ],
  "done": 582,
  "elapsed_seconds": 1328.8718383999985,
  "group": "cluster_fleet_v5c/clusters/family_0009",
  "slot": 4,
  "total": 805
}
{
  "certified": [
    true
  ],
  "collected_kg": [
    507.5975359342916
  ],
  "done": 583,
  "elapsed_seconds": 1328.8718698699995,
  "group": "cluster_fleet_v5c/clusters/family_0011",
  "slot": 1,
  "total": 805
}
{
  "certified": [
    true
  ],
  "collected_kg": [
    467.3511293634497
  ],
  "done": 584,
  "elapsed_seconds": 1328.8719032539993,
  "group": "cluster_fleet_v5c/clusters/family_0011",
  "slot": 2,
  "total": 805
}
{
  "certified": [
    true
  ],
  "collected_kg": [
    338.9459274469541
  ],
  "done": 585,
  "elapsed_seconds": 1328.8719321869994,
  "group": "cluster_fleet_v5c/clusters/family_0011",
  "slot": 3,
  "total": 805
}
{
  "certified": [
    true
  ],
  "collected_kg": [
    433.67556468172484
  ],
  "done": 586,
  "elapsed_seconds": 1330.3769884929989,
  "group": "cluster_fleet_v5c/clusters/family_0011",
  "slot": 4,
  "total": 805
}
{
  "certified": [
    true
  ],
  "collected_kg": [
    530.1848049281314
  ],
  "done": 587,
  "elapsed_seconds": 1350.2591391909991,
  "group": "cluster_fleet_v5c/clusters/family_0012",
  "slot": 1,
  "total": 805
}
{
  "certified": [
    true
  ],
  "collected_kg": [
    484.1889117043121
  ],
  "done": 588,
  "elapsed_seconds": 1350.2594272789993,
  "group": "cluster_fleet_v5c/clusters/family_0012",
  "slot": 2,
  "total": 805
}
{
  "certified": [
    true
  ],
  "collected_kg": [
    477.6180698151951
  ],
  "done": 589,
  "elapsed_seconds": 1350.2594885449998,
  "group": "cluster_fleet_v5c/clusters/family_0012",
  "slot": 3,
  "total": 805
}
{
  "certified": [
    true
  ],
  "collected_kg": [
    505.9548254620123
  ],
  "done": 590,
  "elapsed_seconds": 1350.2595244369986,
  "group": "cluster_fleet_v5c/clusters/family_0012",
  "slot": 4,
  "total": 805
}
{
  "certified": [
    true
  ],
  "collected_kg": [
    457.49486652977413
  ],
  "done": 591,
  "elapsed_seconds": 1350.2595558989997,
  "group": "cluster_fleet_v5c/clusters/family_0014",
  "slot": 1,
  "total": 805
}
{
  "certified": [
    true
  ],
  "collected_kg": [
    421.9028062970568
  ],
  "done": 592,
  "elapsed_seconds": 1355.731647143999,
  "group": "cluster_fleet_v5c/clusters/family_0014",
  "slot": 2,
  "total": 805
}
{
  "certified": [
    true
  ],
  "collected_kg": [
    410.26694045174537
  ],
  "done": 593,
  "elapsed_seconds": 1362.7527232949997,
  "group": "cluster_fleet_v5c/clusters/family_0014",
  "slot": 3,
  "total": 805
}
{
  "certified": [
    true
  ],
  "collected_kg": [
    489.93839835728954
  ],
  "done": 594,
  "elapsed_seconds": 1362.752844171,
  "group": "cluster_fleet_v5c/clusters/family_0014",
  "slot": 4,
  "total": 805
}
{
  "certified": [
    true
  ],
  "collected_kg": [
    387.26899383983573
  ],
  "done": 595,
  "elapsed_seconds": 1362.7528866349985,
  "group": "cluster_fleet_v5c/clusters/family_0015",
  "slot": 1,
  "total": 805
}
{
  "certified": [
    true
  ],
  "collected_kg": [
    565.9137577002053
  ],
  "done": 596,
  "elapsed_seconds": 1362.7529188579992,
  "group": "cluster_fleet_v5c/clusters/family_0015",
  "slot": 2,
  "total": 805
}
{
  "certified": [
    true
  ],
  "collected_kg": [
    620.1232032854209
  ],
  "done": 597,
  "elapsed_seconds": 1367.695319515,
  "group": "cluster_fleet_v5c/clusters/family_0015",
  "slot": 3,
  "total": 805
}
{
  "certified": [
    true
  ],
  "collected_kg": [
    506.36550308008214
  ],
  "done": 598,
  "elapsed_seconds": 1381.7094151889996,
  "group": "cluster_fleet_v5c/clusters/family_0015",
  "slot": 4,
  "total": 805
}
{
  "certified": [
    true
  ],
  "collected_kg": [
    508.0082135523614
  ],
  "done": 599,
  "elapsed_seconds": 1381.7097177340002,
  "group": "cluster_fleet_v5c/clusters/family_0016",
  "slot": 2,
  "total": 805
}
{
  "certified": [
    true
  ],
  "collected_kg": [
    402.87474332648867
  ],
  "done": 600,
  "elapsed_seconds": 1381.7098107679994,
  "group": "cluster_fleet_v5c/clusters/family_0016",
  "slot": 3,
  "total": 805
}
{
  "certified": [
    true
  ],
  "collected_kg": [
    494.0451745379877
  ],
  "done": 601,
  "elapsed_seconds": 1384.1479425019988,
  "group": "cluster_fleet_v5c/clusters/family_0016",
  "slot": 4,
  "total": 805
}
{
  "certified": [
    true
  ],
  "collected_kg": [
    508.0082135523614
  ],
  "done": 602,
  "elapsed_seconds": 1384.1480455849996,
  "group": "cluster_fleet_v5c/clusters/family_0019",
  "slot": 1,
  "total": 805
}
{
  "certified": [
    true
  ],
  "collected_kg": [
    496.91991786447636
  ],
  "done": 603,
  "elapsed_seconds": 1384.1480905569988,
  "group": "cluster_fleet_v5c/clusters/family_0019",
  "slot": 2,
  "total": 805
}
{
  "certified": [
    true
  ],
  "collected_kg": [
    445.58521560574945
  ],
  "done": 604,
  "elapsed_seconds": 1388.7296513909987,
  "group": "cluster_fleet_v5c/clusters/family_0019",
  "slot": 3,
  "total": 805
}
{
  "certified": [
    true
  ],
  "collected_kg": [
    452.1560574948665
  ],
  "done": 605,
  "elapsed_seconds": 1388.729934511999,
  "group": "cluster_fleet_v5c/clusters/family_0019",
  "slot": 4,
  "total": 805
}
{
  "certified": [
    true
  ],
  "collected_kg": [
    464.0657084188912
  ],
  "done": 606,
  "elapsed_seconds": 1388.730032763,
  "group": "cluster_fleet_v5c/clusters/family_0021",
  "slot": 1,
  "total": 805
}
{
  "certified": [
    true
  ],
  "collected_kg": [
    519.0965092402464
  ],
  "done": 607,
  "elapsed_seconds": 1388.7300791459984,
  "group": "cluster_fleet_v5c/clusters/family_0021",
  "slot": 2,
  "total": 805
}
{
  "certified": [
    true
  ],
  "collected_kg": [
    422.5872689938398
  ],
  "done": 608,
  "elapsed_seconds": 1388.7301181459989,
  "group": "cluster_fleet_v5c/clusters/family_0021",
  "slot": 3,
  "total": 805
}
{
  "certified": [
    true
  ],
  "collected_kg": [
    418.8911704312115
  ],
  "done": 609,
  "elapsed_seconds": 1388.7301537909989,
  "group": "cluster_fleet_v5c/clusters/family_0021",
  "slot": 4,
  "total": 805
}
{
  "certified": [
    true
  ],
  "collected_kg": [
    505.54414784394254
  ],
  "done": 610,
  "elapsed_seconds": 1388.7935155549985,
  "group": "cluster_fleet_v5c/clusters/family_0026",
  "slot": 1,
  "total": 805
}
{
  "certified": [
    true
  ],
  "collected_kg": [
    504.7227926078029
  ],
  "done": 611,
  "elapsed_seconds": 1396.2012606159988,
  "group": "cluster_fleet_v5c/clusters/family_0026",
  "slot": 2,
  "total": 805
}
{
  "certified": [
    true
  ],
  "collected_kg": [
    559.7535934291581
  ],
  "done": 612,
  "elapsed_seconds": 1405.7409953759998,
  "group": "cluster_fleet_v5c/clusters/family_0026",
  "slot": 3,
  "total": 805
}
{
  "certified": [
    true
  ],
  "collected_kg": [
    518.6858316221766
  ],
  "done": 613,
  "elapsed_seconds": 1406.5834359089986,
  "group": "cluster_fleet_v5c/clusters/family_0026",
  "slot": 4,
  "total": 805
}
{
  "certified": [
    true
  ],
  "collected_kg": [
    535.7973990417522
  ],
  "done": 614,
  "elapsed_seconds": 1416.342646743,
  "group": "cluster_fleet_v5c/clusters/family_0031",
  "slot": 1,
  "total": 805
}
{
  "certified": [
    true
  ],
  "collected_kg": [
    524.8459958932239
  ],
  "done": 615,
  "elapsed_seconds": 1416.3427875509988,
  "group": "cluster_fleet_v5c/clusters/family_0031",
  "slot": 2,
  "total": 805
}
{
  "certified": [
    true
  ],
  "collected_kg": [
    529.7741273100615
  ],
  "done": 616,
  "elapsed_seconds": 1416.3428415559993,
  "group": "cluster_fleet_v5c/clusters/family_0031",
  "slot": 3,
  "total": 805
}
{
  "certified": [
    true
  ],
  "collected_kg": [
    486.652977412731
  ],
  "done": 617,
  "elapsed_seconds": 1426.1803167580001,
  "group": "cluster_fleet_v5c/clusters/family_0031",
  "slot": 4,
  "total": 805
}
{
  "certified": [
    true
  ],
  "collected_kg": [
    477.61806981519504
  ],
  "done": 618,
  "elapsed_seconds": 1426.180441904,
  "group": "cluster_fleet_v5c/clusters/family_0064",
  "slot": 1,
  "total": 805
}
{
  "certified": [
    true
  ],
  "collected_kg": [
    451.3347022587269
  ],
  "done": 619,
  "elapsed_seconds": 1426.1805293079997,
  "group": "cluster_fleet_v5c/clusters/family_0064",
  "slot": 2,
  "total": 805
}
{
  "certified": [
    true
  ],
  "collected_kg": [
    534.2915811088295
  ],
  "done": 620,
  "elapsed_seconds": 1426.180576450999,
  "group": "cluster_fleet_v5c/clusters/family_0064",
  "slot": 3,
  "total": 805
}
{
  "certified": [
    true
  ],
  "collected_kg": [
    399.5893223819302
  ],
  "done": 621,
  "elapsed_seconds": 1426.1806065729997,
  "group": "cluster_fleet_v5c/clusters/family_0064",
  "slot": 4,
  "total": 805
}
{
  "certified": [
    true
  ],
  "collected_kg": [
    426.2833675564682
  ],
  "done": 622,
  "elapsed_seconds": 1426.1806340109997,
  "group": "cluster_fleet_v5c/clusters/family_0087",
  "slot": 1,
  "total": 805
}
{
  "certified": [
    true
  ],
  "collected_kg": [
    419.71252566735114
  ],
  "done": 623,
  "elapsed_seconds": 1426.180660128999,
  "group": "cluster_fleet_v5c/clusters/family_0087",
  "slot": 2,
  "total": 805
}
{
  "certified": [
    true
  ],
  "collected_kg": [
    388.911704312115
  ],
  "done": 624,
  "elapsed_seconds": 1426.1806926109984,
  "group": "cluster_fleet_v5c/clusters/family_0087",
  "slot": 3,
  "total": 805
}
{
  "certified": [
    true
  ],
  "collected_kg": [
    462.0123203285421
  ],
  "done": 625,
  "elapsed_seconds": 1426.180719513999,
  "group": "cluster_fleet_v5c/clusters/family_0087",
  "slot": 4,
  "total": 805
}
{
  "certified": [
    true
  ],
  "collected_kg": [
    439.83572895277206
  ],
  "done": 626,
  "elapsed_seconds": 1426.1807454270001,
  "group": "cluster_fleet_v5c/clusters/family_0274",
  "slot": 1,
  "total": 805
}
{
  "certified": [
    true
  ],
  "collected_kg": [
    381.51950718685833
  ],
  "done": 627,
  "elapsed_seconds": 1435.0751938559988,
  "group": "cluster_fleet_v5c/clusters/family_0274",
  "slot": 2,
  "total": 805
}
{
  "certified": [
    true
  ],
  "collected_kg": [
    426.2833675564682
  ],
  "done": 628,
  "elapsed_seconds": 1435.0753024409987,
  "group": "cluster_fleet_v5c/clusters/family_0319",
  "slot": 1,
  "total": 805
}
{
  "certified": [
    true
  ],
  "collected_kg": [
    355.23613963039014
  ],
  "done": 629,
  "elapsed_seconds": 1435.0753398319994,
  "group": "cluster_fleet_v5c/clusters/family_0319",
  "slot": 2,
  "total": 805
}
{
  "certified": [
    true
  ],
  "collected_kg": [
    345.3798767967146
  ],
  "done": 630,
  "elapsed_seconds": 1435.0753705469997,
  "group": "cluster_fleet_v5c/clusters/family_0337",
  "slot": 2,
  "total": 805
}
{
  "certified": [
    true
  ],
  "collected_kg": [
    348.25462012320327
  ],
  "done": 631,
  "elapsed_seconds": 1436.3052294699992,
  "group": "cluster_fleet_v5c/clusters/family_0337",
  "slot": 3,
  "total": 805
}
{
  "certified": [
    true
  ],
  "collected_kg": [
    469.8151950718686
  ],
  "done": 632,
  "elapsed_seconds": 1451.9814509629996,
  "group": "cluster_fleet_v5c/clusters/family_0384",
  "slot": 1,
  "total": 805
}
{
  "certified": [
    true
  ],
  "collected_kg": [
    345.7905544147844
  ],
  "done": 633,
  "elapsed_seconds": 1451.981777400999,
  "group": "cluster_fleet_v5c/clusters/family_0384",
  "slot": 2,
  "total": 805
}
{
  "certified": [
    true
  ],
  "collected_kg": [
    528.1314168377824
  ],
  "done": 634,
  "elapsed_seconds": 1451.9818232159996,
  "group": "cluster_fleet_v5c/clusters/family_0429",
  "slot": 2,
  "total": 805
}
{
  "certified": [
    true
  ],
  "collected_kg": [
    360.98562628336754
  ],
  "done": 635,
  "elapsed_seconds": 1451.9818534059996,
  "group": "cluster_fleet_v5c/clusters/family_0429",
  "slot": 3,
  "total": 805
}
{
  "certified": [
    true
  ],
  "collected_kg": [
    457.0841889117043
  ],
  "done": 636,
  "elapsed_seconds": 1451.9818781919985,
  "group": "cluster_fleet_v5c/clusters/family_0442",
  "slot": 1,
  "total": 805
}
{
  "certified": [
    true
  ],
  "collected_kg": [
    183.9835728952772
  ],
  "done": 637,
  "elapsed_seconds": 1451.981899429,
  "group": "cluster_fleet_v5c/clusters/family_0442",
  "slot": 2,
  "total": 805
}
{
  "certified": [
    true
  ],
  "collected_kg": [
    550.3080082135524
  ],
  "done": 638,
  "elapsed_seconds": 1456.9655166289995,
  "group": "cluster_fleet_v6/clusters/family_0000",
  "slot": 1,
  "total": 805
}
{
  "certified": [
    true
  ],
  "collected_kg": [
    525.6673511293634
  ],
  "done": 639,
  "elapsed_seconds": 1456.9656204080002,
  "group": "cluster_fleet_v6/clusters/family_0000",
  "slot": 2,
  "total": 805
}
{
  "certified": [
    true
  ],
  "collected_kg": [
    537.5770020533881
  ],
  "done": 640,
  "elapsed_seconds": 1456.965656332999,
  "group": "cluster_fleet_v6/clusters/family_0000",
  "slot": 3,
  "total": 805
}
{
  "certified": [
    true
  ],
  "collected_kg": [
    582.7515400410678
  ],
  "done": 641,
  "elapsed_seconds": 1456.9656849029998,
  "group": "cluster_fleet_v6/clusters/family_0001",
  "slot": 1,
  "total": 805
}
{
  "certified": [
    true
  ],
  "collected_kg": [
    598.3572895277207
  ],
  "done": 642,
  "elapsed_seconds": 1466.2445307899998,
  "group": "cluster_fleet_v6/clusters/family_0001",
  "slot": 2,
  "total": 805
}
{
  "certified": [
    true
  ],
  "collected_kg": [
    484.87337440109513
  ],
  "done": 643,
  "elapsed_seconds": 1468.904257828999,
  "group": "cluster_fleet_v6/clusters/family_0001",
  "slot": 3,
  "total": 805
}
{
  "certified": [
    true
  ],
  "collected_kg": [
    558.5215605749487
  ],
  "done": 644,
  "elapsed_seconds": 1468.9043788649997,
  "group": "cluster_fleet_v6/clusters/family_0001",
  "slot": 4,
  "total": 805
}
{
  "certified": [
    true
  ],
  "collected_kg": [
    495.68788501026694
  ],
  "done": 645,
  "elapsed_seconds": 1468.904424798,
  "group": "cluster_fleet_v6/clusters/family_0001",
  "slot": 5,
  "total": 805
}
{
  "certified": [
    false
  ],
  "collected_kg": [
    0.0
  ],
  "done": 646,
  "elapsed_seconds": 1496.0435129409998,
  "group": "cluster_fleet_v6/clusters/family_0002",
  "slot": 2,
  "total": 805
}
{
  "certified": [
    true
  ],
  "collected_kg": [
    464.476386036961
  ],
  "done": 647,
  "elapsed_seconds": 1496.0436360229996,
  "group": "cluster_fleet_v6/clusters/family_0002",
  "slot": 3,
  "total": 805
}
{
  "certified": [
    true
  ],
  "collected_kg": [
    444.35318275154003
  ],
  "done": 648,
  "elapsed_seconds": 1496.043772212999,
  "group": "cluster_fleet_v6/clusters/family_0003",
  "slot": 1,
  "total": 805
}
{
  "certified": [
    true
  ],
  "collected_kg": [
    493.63449691991786
  ],
  "done": 649,
  "elapsed_seconds": 1496.0438092899985,
  "group": "cluster_fleet_v6/clusters/family_0003",
  "slot": 2,
  "total": 805
}
{
  "certified": [
    true
  ],
  "collected_kg": [
    407.80287474332647
  ],
  "done": 650,
  "elapsed_seconds": 1496.0438372829994,
  "group": "cluster_fleet_v6/clusters/family_0003",
  "slot": 3,
  "total": 805
}
{
  "certified": [
    true
  ],
  "collected_kg": [
    395.07186858316226
  ],
  "done": 651,
  "elapsed_seconds": 1496.0438786039995,
  "group": "cluster_fleet_v6/clusters/family_0003",
  "slot": 4,
  "total": 805
}
{
  "certified": [
    true
  ],
  "collected_kg": [
    333.4702258726899
  ],
  "done": 652,
  "elapsed_seconds": 1496.0439042319995,
  "group": "cluster_fleet_v6/clusters/family_0003",
  "slot": 5,
  "total": 805
}
{
  "certified": [
    true
  ],
  "collected_kg": [
    488.70636550308006
  ],
  "done": 653,
  "elapsed_seconds": 1496.0439312609997,
  "group": "cluster_fleet_v6/clusters/family_0004",
  "slot": 1,
  "total": 805
}
{
  "certified": [
    true
  ],
  "collected_kg": [
    519.3702943189596
  ],
  "done": 654,
  "elapsed_seconds": 1496.043959736,
  "group": "cluster_fleet_v6/clusters/family_0004",
  "slot": 2,
  "total": 805
}
{
  "certified": [
    true
  ],
  "collected_kg": [
    475.01711156741953
  ],
  "done": 655,
  "elapsed_seconds": 1496.0439865459994,
  "group": "cluster_fleet_v6/clusters/family_0004",
  "slot": 3,
  "total": 805
}
{
  "certified": [
    true
  ],
  "collected_kg": [
    491.9917864476386
  ],
  "done": 656,
  "elapsed_seconds": 1496.0440085519986,
  "group": "cluster_fleet_v6/clusters/family_0004",
  "slot": 5,
  "total": 805
}
{
  "certified": [
    true
  ],
  "collected_kg": [
    506.36550308008214
  ],
  "done": 657,
  "elapsed_seconds": 1496.0440422249994,
  "group": "cluster_fleet_v6/clusters/family_0005",
  "slot": 1,
  "total": 805
}
{
  "certified": [
    true
  ],
  "collected_kg": [
    578.6447638603696
  ],
  "done": 658,
  "elapsed_seconds": 1496.0440643419988,
  "group": "cluster_fleet_v6/clusters/family_0005",
  "slot": 2,
  "total": 805
}
{
  "certified": [
    true
  ],
  "collected_kg": [
    565.5030800821355
  ],
  "done": 659,
  "elapsed_seconds": 1496.0440917569995,
  "group": "cluster_fleet_v6/clusters/family_0005",
  "slot": 3,
  "total": 805
}
{
  "certified": [
    true
  ],
  "collected_kg": [
    529.637234770705
  ],
  "done": 660,
  "elapsed_seconds": 1496.0441206509986,
  "group": "cluster_fleet_v6/clusters/family_0005",
  "slot": 4,
  "total": 805
}
{
  "certified": [
    true
  ],
  "collected_kg": [
    485.42094455852157
  ],
  "done": 661,
  "elapsed_seconds": 1496.044143998999,
  "group": "cluster_fleet_v6/clusters/family_0005",
  "slot": 5,
  "total": 805
}
{
  "certified": [
    true
  ],
  "collected_kg": [
    603.2854209445585
  ],
  "done": 662,
  "elapsed_seconds": 1496.044168209999,
  "group": "cluster_fleet_v6/clusters/family_0006",
  "slot": 1,
  "total": 805
}
{
  "certified": [
    true
  ],
  "collected_kg": [
    495.68788501026694
  ],
  "done": 663,
  "elapsed_seconds": 1496.0441960959997,
  "group": "cluster_fleet_v6/clusters/family_0006",
  "slot": 2,
  "total": 805
}
{
  "certified": [
    true
  ],
  "collected_kg": [
    484.1889117043121
  ],
  "done": 664,
  "elapsed_seconds": 1501.923125678999,
  "group": "cluster_fleet_v6/clusters/family_0006",
  "slot": 3,
  "total": 805
}
{
  "certified": [
    true
  ],
  "collected_kg": [
    463.2443531827515
  ],
  "done": 665,
  "elapsed_seconds": 1501.9233902569995,
  "group": "cluster_fleet_v6/clusters/family_0006",
  "slot": 4,
  "total": 805
}
{
  "certified": [
    true
  ],
  "collected_kg": [
    366.735112936345
  ],
  "done": 666,
  "elapsed_seconds": 1511.0635169469988,
  "group": "cluster_fleet_v6/clusters/family_0006",
  "slot": 5,
  "total": 805
}
{
  "certified": [
    true
  ],
  "collected_kg": [
    528.8158795345654
  ],
  "done": 667,
  "elapsed_seconds": 1511.0636411849991,
  "group": "cluster_fleet_v6/clusters/family_0007",
  "slot": 1,
  "total": 805
}
{
  "certified": [
    true
  ],
  "collected_kg": [
    573.7166324435318
  ],
  "done": 668,
  "elapsed_seconds": 1515.307038810999,
  "group": "cluster_fleet_v6/clusters/family_0007",
  "slot": 2,
  "total": 805
}
{
  "certified": [
    true
  ],
  "collected_kg": [
    538.8090349075976
  ],
  "done": 669,
  "elapsed_seconds": 1515.307165328999,
  "group": "cluster_fleet_v6/clusters/family_0007",
  "slot": 3,
  "total": 805
}
{
  "certified": [
    true
  ],
  "collected_kg": [
    481.58795345653664
  ],
  "done": 670,
  "elapsed_seconds": 1515.3072117949996,
  "group": "cluster_fleet_v6/clusters/family_0007",
  "slot": 4,
  "total": 805
}
{
  "certified": [
    true
  ],
  "collected_kg": [
    440.6570841889117
  ],
  "done": 671,
  "elapsed_seconds": 1515.3072457499984,
  "group": "cluster_fleet_v6/clusters/family_0007",
  "slot": 5,
  "total": 805
}
{
  "certified": [
    true
  ],
  "collected_kg": [
    558.2477754962355
  ],
  "done": 672,
  "elapsed_seconds": 1515.3072763909986,
  "group": "cluster_fleet_v6/clusters/family_0008",
  "slot": 2,
  "total": 805
}
{
  "certified": [
    true
  ],
  "collected_kg": [
    469.8151950718686
  ],
  "done": 673,
  "elapsed_seconds": 1515.3460233219994,
  "group": "cluster_fleet_v6/clusters/family_0008",
  "slot": 3,
  "total": 805
}
{
  "certified": [
    true
  ],
  "collected_kg": [
    505.27036276522927
  ],
  "done": 674,
  "elapsed_seconds": 1522.1801036839988,
  "group": "cluster_fleet_v6/clusters/family_0008",
  "slot": 4,
  "total": 805
}
{
  "certified": [
    true
  ],
  "collected_kg": [
    493.22381930184804
  ],
  "done": 675,
  "elapsed_seconds": 1522.1803996939998,
  "group": "cluster_fleet_v6/clusters/family_0008",
  "slot": 5,
  "total": 805
}
{
  "certified": [
    true
  ],
  "collected_kg": [
    508.0082135523614
  ],
  "done": 676,
  "elapsed_seconds": 1522.1806266799995,
  "group": "cluster_fleet_v6/clusters/family_0009",
  "slot": 1,
  "total": 805
}
{
  "certified": [
    true
  ],
  "collected_kg": [
    530.5954825462012
  ],
  "done": 677,
  "elapsed_seconds": 1524.9192337589993,
  "group": "cluster_fleet_v6/clusters/family_0009",
  "slot": 2,
  "total": 805
}
{
  "certified": [
    true
  ],
  "collected_kg": [
    392.6078028747433
  ],
  "done": 678,
  "elapsed_seconds": 1525.0022429649998,
  "group": "cluster_fleet_v6/clusters/family_0009",
  "slot": 3,
  "total": 805
}
{
  "certified": [
    true
  ],
  "collected_kg": [
    341.6837782340863
  ],
  "done": 679,
  "elapsed_seconds": 1526.0500958159992,
  "group": "cluster_fleet_v6/clusters/family_0009",
  "slot": 5,
  "total": 805
}
{
  "certified": [
    true
  ],
  "collected_kg": [
    513.6208076659822
  ],
  "done": 680,
  "elapsed_seconds": 1526.0502976399985,
  "group": "cluster_fleet_v6/clusters/family_0010",
  "slot": 1,
  "total": 805
}
{
  "certified": [
    true
  ],
  "collected_kg": [
    432.85420944558524
  ],
  "done": 681,
  "elapsed_seconds": 1533.3551714419991,
  "group": "cluster_fleet_v6/clusters/family_0010",
  "slot": 2,
  "total": 805
}
{
  "certified": [
    true
  ],
  "collected_kg": [
    477.48117727583843
  ],
  "done": 682,
  "elapsed_seconds": 1539.8306731889988,
  "group": "cluster_fleet_v6/clusters/family_0010",
  "slot": 3,
  "total": 805
}
{
  "certified": [
    true
  ],
  "collected_kg": [
    401.64271047227925
  ],
  "done": 683,
  "elapsed_seconds": 1539.8308465749997,
  "group": "cluster_fleet_v6/clusters/family_0010",
  "slot": 4,
  "total": 805
}
{
  "certified": [
    true
  ],
  "collected_kg": [
    373.30595482546204
  ],
  "done": 684,
  "elapsed_seconds": 1539.8309005229985,
  "group": "cluster_fleet_v6/clusters/family_0010",
  "slot": 5,
  "total": 805
}
{
  "certified": [
    true
  ],
  "collected_kg": [
    500.47912388774813
  ],
  "done": 685,
  "elapsed_seconds": 1539.830941205999,
  "group": "cluster_fleet_v6/clusters/family_0011",
  "slot": 1,
  "total": 805
}
{
  "certified": [
    true
  ],
  "collected_kg": [
    509.24024640657086
  ],
  "done": 686,
  "elapsed_seconds": 1539.8309850419992,
  "group": "cluster_fleet_v6/clusters/family_0011",
  "slot": 2,
  "total": 805
}
{
  "certified": [
    true
  ],
  "collected_kg": [
    509.65092402464063
  ],
  "done": 687,
  "elapsed_seconds": 1539.8310148279998,
  "group": "cluster_fleet_v6/clusters/family_0011",
  "slot": 3,
  "total": 805
}
{
  "certified": [
    true
  ],
  "collected_kg": [
    369.60985626283366
  ],
  "done": 688,
  "elapsed_seconds": 1544.4875244589985,
  "group": "cluster_fleet_v6/clusters/family_0011",
  "slot": 4,
  "total": 805
}
{
  "certified": [
    true
  ],
  "collected_kg": [
    284.1889117043121
  ],
  "done": 689,
  "elapsed_seconds": 1544.4876401959991,
  "group": "cluster_fleet_v6/clusters/family_0011",
  "slot": 5,
  "total": 805
}
{
  "certified": [
    true
  ],
  "collected_kg": [
    545.7905544147844
  ],
  "done": 690,
  "elapsed_seconds": 1544.4876824229996,
  "group": "cluster_fleet_v6/clusters/family_0012",
  "slot": 1,
  "total": 805
}
{
  "certified": [
    true
  ],
  "collected_kg": [
    515.2635181382615
  ],
  "done": 691,
  "elapsed_seconds": 1551.2104141869986,
  "group": "cluster_fleet_v6/clusters/family_0012",
  "slot": 2,
  "total": 805
}
{
  "certified": [
    true
  ],
  "collected_kg": [
    463.65503080082135
  ],
  "done": 692,
  "elapsed_seconds": 1551.2105541809997,
  "group": "cluster_fleet_v6/clusters/family_0012",
  "slot": 3,
  "total": 805
}
{
  "certified": [
    true
  ],
  "collected_kg": [
    291.5811088295688
  ],
  "done": 693,
  "elapsed_seconds": 1551.210596638999,
  "group": "cluster_fleet_v6/clusters/family_0012",
  "slot": 4,
  "total": 805
}
{
  "certified": [
    true
  ],
  "collected_kg": [
    512.2518822724162
  ],
  "done": 694,
  "elapsed_seconds": 1558.0378921840002,
  "group": "cluster_fleet_v6/clusters/family_0014",
  "slot": 1,
  "total": 805
}
{
  "certified": [
    true
  ],
  "collected_kg": [
    437.782340862423
  ],
  "done": 695,
  "elapsed_seconds": 1558.0380265119984,
  "group": "cluster_fleet_v6/clusters/family_0014",
  "slot": 2,
  "total": 805
}
{
  "certified": [
    true
  ],
  "collected_kg": [
    387.67967145790556
  ],
  "done": 696,
  "elapsed_seconds": 1558.0380657320002,
  "group": "cluster_fleet_v6/clusters/family_0014",
  "slot": 3,
  "total": 805
}
{
  "certified": [
    true
  ],
  "collected_kg": [
    459.00068446269677
  ],
  "done": 697,
  "elapsed_seconds": 1558.0381017309992,
  "group": "cluster_fleet_v6/clusters/family_0014",
  "slot": 4,
  "total": 805
}
{
  "certified": [
    true
  ],
  "collected_kg": [
    347.4332648870637
  ],
  "done": 698,
  "elapsed_seconds": 1558.0381269829995,
  "group": "cluster_fleet_v6/clusters/family_0014",
  "slot": 5,
  "total": 805
}
{
  "certified": [
    true
  ],
  "collected_kg": [
    468.1724845995893
  ],
  "done": 699,
  "elapsed_seconds": 1558.0381503769986,
  "group": "cluster_fleet_v6/clusters/family_0015",
  "slot": 1,
  "total": 805
}
{
  "certified": [
    true
  ],
  "collected_kg": [
    412.73100616016427
  ],
  "done": 700,
  "elapsed_seconds": 1568.7265334699987,
  "group": "cluster_fleet_v6/clusters/family_0015",
  "slot": 2,
  "total": 805
}
{
  "certified": [
    true
  ],
  "collected_kg": [
    386.03696098562625
  ],
  "done": 701,
  "elapsed_seconds": 1568.726684153,
  "group": "cluster_fleet_v6/clusters/family_0015",
  "slot": 3,
  "total": 805
}
{
  "certified": [
    true
  ],
  "collected_kg": [
    216.83778234086242
  ],
  "done": 702,
  "elapsed_seconds": 1571.8646162639998,
  "group": "cluster_fleet_v6/clusters/family_0015",
  "slot": 4,
  "total": 805
}
{
  "certified": [
    true
  ],
  "collected_kg": [
    505.9548254620123
  ],
  "done": 703,
  "elapsed_seconds": 1571.8648749129989,
  "group": "cluster_fleet_v6/clusters/family_0017",
  "slot": 1,
  "total": 805
}
{
  "certified": [
    true
  ],
  "collected_kg": [
    445.9958932238193
  ],
  "done": 704,
  "elapsed_seconds": 1571.865024408,
  "group": "cluster_fleet_v6/clusters/family_0017",
  "slot": 2,
  "total": 805
}
{
  "certified": [
    true
  ],
  "collected_kg": [
    398.35728952772075
  ],
  "done": 705,
  "elapsed_seconds": 1573.6017756,
  "group": "cluster_fleet_v6/clusters/family_0017",
  "slot": 3,
  "total": 805
}
{
  "certified": [
    true
  ],
  "collected_kg": [
    432.0328542094456
  ],
  "done": 706,
  "elapsed_seconds": 1573.6018884669993,
  "group": "cluster_fleet_v6/clusters/family_0017",
  "slot": 4,
  "total": 805
}
{
  "certified": [
    true
  ],
  "collected_kg": [
    353.5934291581109
  ],
  "done": 707,
  "elapsed_seconds": 1574.269631359999,
  "group": "cluster_fleet_v6/clusters/family_0017",
  "slot": 5,
  "total": 805
}
{
  "certified": [
    true
  ],
  "collected_kg": [
    528.1314168377824
  ],
  "done": 708,
  "elapsed_seconds": 1578.590140983999,
  "group": "cluster_fleet_v6/clusters/family_0018",
  "slot": 1,
  "total": 805
}
{
  "certified": [
    true
  ],
  "collected_kg": [
    484.0520191649555
  ],
  "done": 709,
  "elapsed_seconds": 1578.5904105849986,
  "group": "cluster_fleet_v6/clusters/family_0018",
  "slot": 2,
  "total": 805
}
{
  "certified": [
    true
  ],
  "collected_kg": [
    430.39014373716634
  ],
  "done": 710,
  "elapsed_seconds": 1581.247026125,
  "group": "cluster_fleet_v6/clusters/family_0018",
  "slot": 3,
  "total": 805
}
{
  "certified": [
    true
  ],
  "collected_kg": [
    439.4250513347023
  ],
  "done": 711,
  "elapsed_seconds": 1581.2471389619986,
  "group": "cluster_fleet_v6/clusters/family_0018",
  "slot": 4,
  "total": 805
}
{
  "certified": [
    true
  ],
  "collected_kg": [
    319.0965092402464
  ],
  "done": 712,
  "elapsed_seconds": 1581.5507067609997,
  "group": "cluster_fleet_v6/clusters/family_0018",
  "slot": 5,
  "total": 805
}
{
  "certified": [
    true
  ],
  "collected_kg": [
    525.3935660506503
  ],
  "done": 713,
  "elapsed_seconds": 1587.0909716449987,
  "group": "cluster_fleet_v6/clusters/family_0019",
  "slot": 1,
  "total": 805
}
{
  "certified": [
    true
  ],
  "collected_kg": [
    421.7659137577002
  ],
  "done": 714,
  "elapsed_seconds": 1587.091101209,
  "group": "cluster_fleet_v6/clusters/family_0019",
  "slot": 2,
  "total": 805
}
{
  "certified": [
    true
  ],
  "collected_kg": [
    543.3264887063655
  ],
  "done": 715,
  "elapsed_seconds": 1587.091139692,
  "group": "cluster_fleet_v6/clusters/family_0019",
  "slot": 3,
  "total": 805
}
{
  "certified": [
    true
  ],
  "collected_kg": [
    319.50718685831623
  ],
  "done": 716,
  "elapsed_seconds": 1587.328532747999,
  "group": "cluster_fleet_v6/clusters/family_0019",
  "slot": 4,
  "total": 805
}
{
  "certified": [
    true
  ],
  "collected_kg": [
    495.2772073921971
  ],
  "done": 717,
  "elapsed_seconds": 1597.5172642519992,
  "group": "cluster_fleet_v6/clusters/family_0020",
  "slot": 1,
  "total": 805
}
{
  "certified": [
    true
  ],
  "collected_kg": [
    434.90759753593426
  ],
  "done": 718,
  "elapsed_seconds": 1597.517566254999,
  "group": "cluster_fleet_v6/clusters/family_0020",
  "slot": 2,
  "total": 805
}
{
  "certified": [
    true
  ],
  "collected_kg": [
    497.3305954825462
  ],
  "done": 719,
  "elapsed_seconds": 1597.517740498999,
  "group": "cluster_fleet_v6/clusters/family_0020",
  "slot": 3,
  "total": 805
}
{
  "certified": [
    true
  ],
  "collected_kg": [
    410.6776180698152
  ],
  "done": 720,
  "elapsed_seconds": 1601.7890570979998,
  "group": "cluster_fleet_v6/clusters/family_0020",
  "slot": 4,
  "total": 805
}
{
  "certified": [
    true
  ],
  "collected_kg": [
    503.90143737166323
  ],
  "done": 721,
  "elapsed_seconds": 1602.2812643219986,
  "group": "cluster_fleet_v6/clusters/family_0022",
  "slot": 1,
  "total": 805
}
{
  "certified": [
    true
  ],
  "collected_kg": [
    449.28131416837783
  ],
  "done": 722,
  "elapsed_seconds": 1602.2813807089988,
  "group": "cluster_fleet_v6/clusters/family_0022",
  "slot": 2,
  "total": 805
}
{
  "certified": [
    true
  ],
  "collected_kg": [
    417.24845995893224
  ],
  "done": 723,
  "elapsed_seconds": 1602.8164495269993,
  "group": "cluster_fleet_v6/clusters/family_0022",
  "slot": 3,
  "total": 805
}
{
  "certified": [
    true
  ],
  "collected_kg": [
    284.7364818617385
  ],
  "done": 724,
  "elapsed_seconds": 1602.81660009,
  "group": "cluster_fleet_v6/clusters/family_0022",
  "slot": 4,
  "total": 805
}
{
  "certified": [
    true
  ],
  "collected_kg": [
    469.8151950718686
  ],
  "done": 725,
  "elapsed_seconds": 1604.042213879,
  "group": "cluster_fleet_v6/clusters/family_0023",
  "slot": 1,
  "total": 805
}
{
  "certified": [
    true
  ],
  "collected_kg": [
    476.3860369609856
  ],
  "done": 726,
  "elapsed_seconds": 1619.9075230549988,
  "group": "cluster_fleet_v6/clusters/family_0023",
  "slot": 2,
  "total": 805
}
{
  "certified": [
    true
  ],
  "collected_kg": [
    390.96509240246405
  ],
  "done": 727,
  "elapsed_seconds": 1619.9076572939994,
  "group": "cluster_fleet_v6/clusters/family_0023",
  "slot": 3,
  "total": 805
}
{
  "certified": [
    true
  ],
  "collected_kg": [
    545.3798767967146
  ],
  "done": 728,
  "elapsed_seconds": 1619.907705128,
  "group": "cluster_fleet_v6/clusters/family_0024",
  "slot": 1,
  "total": 805
}
{
  "certified": [
    true
  ],
  "collected_kg": [
    554.0041067761807
  ],
  "done": 729,
  "elapsed_seconds": 1619.9077493149998,
  "group": "cluster_fleet_v6/clusters/family_0024",
  "slot": 2,
  "total": 805
}
{
  "certified": [
    true
  ],
  "collected_kg": [
    477.6180698151951
  ],
  "done": 730,
  "elapsed_seconds": 1619.9077976729986,
  "group": "cluster_fleet_v6/clusters/family_0024",
  "slot": 4,
  "total": 805
}
{
  "certified": [
    true
  ],
  "collected_kg": [
    542.5051334702259
  ],
  "done": 731,
  "elapsed_seconds": 1630.5135124199987,
  "group": "cluster_fleet_v6/clusters/family_0024",
  "slot": 5,
  "total": 805
}
{
  "certified": [
    true
  ],
  "collected_kg": [
    558.9322381930185
  ],
  "done": 732,
  "elapsed_seconds": 1630.5136294889999,
  "group": "cluster_fleet_v6/clusters/family_0025",
  "slot": 1,
  "total": 805
}
{
  "certified": [
    true
  ],
  "collected_kg": [
    496.5092402464066
  ],
  "done": 733,
  "elapsed_seconds": 1630.513687458999,
  "group": "cluster_fleet_v6/clusters/family_0025",
  "slot": 4,
  "total": 805
}
{
  "certified": [
    true
  ],
  "collected_kg": [
    589.3223819301847
  ],
  "done": 734,
  "elapsed_seconds": 1630.5137221569985,
  "group": "cluster_fleet_v6/clusters/family_0025",
  "slot": 5,
  "total": 805
}
{
  "certified": [
    true
  ],
  "collected_kg": [
    474.7433264887064
  ],
  "done": 735,
  "elapsed_seconds": 1630.5137593339987,
  "group": "cluster_fleet_v6/clusters/family_0029",
  "slot": 1,
  "total": 805
}
{
  "certified": [
    true
  ],
  "collected_kg": [
    510.4722792607803
  ],
  "done": 736,
  "elapsed_seconds": 1630.5137939019987,
  "group": "cluster_fleet_v6/clusters/family_0029",
  "slot": 2,
  "total": 805
}
{
  "certified": [
    true
  ],
  "collected_kg": [
    418.8911704312115
  ],
  "done": 737,
  "elapsed_seconds": 1630.5138235619997,
  "group": "cluster_fleet_v6/clusters/family_0029",
  "slot": 3,
  "total": 805
}
{
  "certified": [
    true
  ],
  "collected_kg": [
    550.0342231348392
  ],
  "done": 738,
  "elapsed_seconds": 1645.2625238519995,
  "group": "cluster_fleet_v6/clusters/family_0035",
  "slot": 1,
  "total": 805
}
{
  "certified": [
    true
  ],
  "collected_kg": [
    554.0041067761807
  ],
  "done": 739,
  "elapsed_seconds": 1645.262652419,
  "group": "cluster_fleet_v6/clusters/family_0035",
  "slot": 2,
  "total": 805
}
{
  "certified": [
    true
  ],
  "collected_kg": [
    447.6386036960986
  ],
  "done": 740,
  "elapsed_seconds": 1645.2628124659986,
  "group": "cluster_fleet_v6/clusters/family_0035",
  "slot": 3,
  "total": 805
}
{
  "certified": [
    true
  ],
  "collected_kg": [
    498.56262833675567
  ],
  "done": 741,
  "elapsed_seconds": 1645.2628504039985,
  "group": "cluster_fleet_v6/clusters/family_0036",
  "slot": 1,
  "total": 805
}
{
  "certified": [
    true
  ],
  "collected_kg": [
    450.1026694045175
  ],
  "done": 742,
  "elapsed_seconds": 1653.6701440879988,
  "group": "cluster_fleet_v6/clusters/family_0036",
  "slot": 2,
  "total": 805
}
{
  "certified": [
    true
  ],
  "collected_kg": [
    479.12388774811774
  ],
  "done": 743,
  "elapsed_seconds": 1653.670417722,
  "group": "cluster_fleet_v6/clusters/family_0036",
  "slot": 3,
  "total": 805
}
{
  "certified": [
    true
  ],
  "collected_kg": [
    296.91991786447636
  ],
  "done": 744,
  "elapsed_seconds": 1653.6704859820002,
  "group": "cluster_fleet_v6/clusters/family_0036",
  "slot": 4,
  "total": 805
}
{
  "certified": [
    true
  ],
  "collected_kg": [
    482.40930869267623
  ],
  "done": 745,
  "elapsed_seconds": 1653.6706583349987,
  "group": "cluster_fleet_v6/clusters/family_0051",
  "slot": 1,
  "total": 805
}
{
  "certified": [
    true
  ],
  "collected_kg": [
    441.06776180698154
  ],
  "done": 746,
  "elapsed_seconds": 1653.6707359429984,
  "group": "cluster_fleet_v6/clusters/family_0051",
  "slot": 2,
  "total": 805
}
{
  "certified": [
    true
  ],
  "collected_kg": [
    400.4106776180698
  ],
  "done": 747,
  "elapsed_seconds": 1653.6707681239986,
  "group": "cluster_fleet_v6/clusters/family_0051",
  "slot": 3,
  "total": 805
}
{
  "certified": [
    true
  ],
  "collected_kg": [
    281.3141683778234
  ],
  "done": 748,
  "elapsed_seconds": 1653.670794222,
  "group": "cluster_fleet_v6/clusters/family_0051",
  "slot": 4,
  "total": 805
}
{
  "certified": [
    true
  ],
  "collected_kg": [
    478.02874743326487
  ],
  "done": 749,
  "elapsed_seconds": 1653.6708308839989,
  "group": "cluster_fleet_v6/clusters/family_0052",
  "slot": 1,
  "total": 805
}
{
  "certified": [
    true
  ],
  "collected_kg": [
    420.94455852156057
  ],
  "done": 750,
  "elapsed_seconds": 1653.6708604629985,
  "group": "cluster_fleet_v6/clusters/family_0052",
  "slot": 2,
  "total": 805
}
{
  "certified": [
    true
  ],
  "collected_kg": [
    359.7535934291581
  ],
  "done": 751,
  "elapsed_seconds": 1653.6708962919984,
  "group": "cluster_fleet_v6/clusters/family_0052",
  "slot": 4,
  "total": 805
}
{
  "certified": [
    true
  ],
  "collected_kg": [
    603.6960985626283
  ],
  "done": 752,
  "elapsed_seconds": 1668.3264408279992,
  "group": "cluster_fleet_v6/clusters/family_0054",
  "slot": 1,
  "total": 805
}
{
  "certified": [
    true
  ],
  "collected_kg": [
    526.488706365503
  ],
  "done": 753,
  "elapsed_seconds": 1668.3266033569998,
  "group": "cluster_fleet_v6/clusters/family_0054",
  "slot": 2,
  "total": 805
}
{
  "certified": [
    true
  ],
  "collected_kg": [
    518.2751540041068
  ],
  "done": 754,
  "elapsed_seconds": 1668.3266573949986,
  "group": "cluster_fleet_v6/clusters/family_0054",
  "slot": 3,
  "total": 805
}
{
  "certified": [
    true
  ],
  "collected_kg": [
    187.26899383983573
  ],
  "done": 755,
  "elapsed_seconds": 1668.3266949009994,
  "group": "cluster_fleet_v6/clusters/family_0054",
  "slot": 4,
  "total": 805
}
{
  "certified": [
    true
  ],
  "collected_kg": [
    563.4496919917865
  ],
  "done": 756,
  "elapsed_seconds": 1668.3267301340002,
  "group": "cluster_fleet_v6/clusters/family_0065",
  "slot": 1,
  "total": 805
}
{
  "certified": [
    true
  ],
  "collected_kg": [
    535.523613963039
  ],
  "done": 757,
  "elapsed_seconds": 1668.3267651810002,
  "group": "cluster_fleet_v6/clusters/family_0065",
  "slot": 2,
  "total": 805
}
{
  "certified": [
    true
  ],
  "collected_kg": [
    485.8316221765914
  ],
  "done": 758,
  "elapsed_seconds": 1669.8499441059994,
  "group": "cluster_fleet_v6/clusters/family_0065",
  "slot": 3,
  "total": 805
}
{
  "certified": [
    true
  ],
  "collected_kg": [
    516.6324435318276
  ],
  "done": 759,
  "elapsed_seconds": 1674.3007684599997,
  "group": "cluster_fleet_v6/clusters/family_0086",
  "slot": 1,
  "total": 805
}
{
  "certified": [
    true
  ],
  "collected_kg": [
    446.4065708418891
  ],
  "done": 760,
  "elapsed_seconds": 1674.3008930509986,
  "group": "cluster_fleet_v6/clusters/family_0086",
  "slot": 2,
  "total": 805
}
{
  "certified": [
    true
  ],
  "collected_kg": [
    379.46611909650926
  ],
  "done": 761,
  "elapsed_seconds": 1676.3568528059986,
  "group": "cluster_fleet_v6/clusters/family_0086",
  "slot": 3,
  "total": 805
}
{
  "certified": [
    true
  ],
  "collected_kg": [
    521.5605749486652
  ],
  "done": 762,
  "elapsed_seconds": 1676.3569648569992,
  "group": "cluster_fleet_v6/clusters/family_0090",
  "slot": 1,
  "total": 805
}
{
  "certified": [
    true
  ],
  "collected_kg": [
    465.7084188911704
  ],
  "done": 763,
  "elapsed_seconds": 1680.1675219089993,
  "group": "cluster_fleet_v6/clusters/family_0090",
  "slot": 2,
  "total": 805
}
{
  "certified": [
    true
  ],
  "collected_kg": [
    436.9609856262834
  ],
  "done": 764,
  "elapsed_seconds": 1680.1705101079988,
  "group": "cluster_fleet_v6/clusters/family_0090",
  "slot": 3,
  "total": 805
}
{
  "certified": [
    true
  ],
  "collected_kg": [
    505.3388090349076
  ],
  "done": 765,
  "elapsed_seconds": 1680.170583822999,
  "group": "cluster_fleet_v6/clusters/family_0096",
  "slot": 1,
  "total": 805
}
{
  "certified": [
    true
  ],
  "collected_kg": [
    445.9958932238193
  ],
  "done": 766,
  "elapsed_seconds": 1680.1706186379997,
  "group": "cluster_fleet_v6/clusters/family_0096",
  "slot": 2,
  "total": 805
}
{
  "certified": [
    true
  ],
  "collected_kg": [
    320.7392197125257
  ],
  "done": 767,
  "elapsed_seconds": 1680.1706565240002,
  "group": "cluster_fleet_v6/clusters/family_0096",
  "slot": 3,
  "total": 805
}
{
  "certified": [
    true
  ],
  "collected_kg": [
    495.2772073921971
  ],
  "done": 768,
  "elapsed_seconds": 1680.170683283999,
  "group": "cluster_fleet_v6/clusters/family_0099",
  "slot": 1,
  "total": 805
}
{
  "certified": [
    true
  ],
  "collected_kg": [
    435.7289527720739
  ],
  "done": 769,
  "elapsed_seconds": 1680.1707087670002,
  "group": "cluster_fleet_v6/clusters/family_0099",
  "slot": 2,
  "total": 805
}
{
  "certified": [
    true
  ],
  "collected_kg": [
    353.5934291581109
  ],
  "done": 770,
  "elapsed_seconds": 1680.269114057999,
  "group": "cluster_fleet_v6/clusters/family_0099",
  "slot": 3,
  "total": 805
}
{
  "certified": [
    true
  ],
  "collected_kg": [
    497.741273100616
  ],
  "done": 771,
  "elapsed_seconds": 1694.7951936849986,
  "group": "cluster_fleet_v6/clusters/family_0108",
  "slot": 1,
  "total": 805
}
{
  "certified": [
    true
  ],
  "collected_kg": [
    458.72689938398355
  ],
  "done": 772,
  "elapsed_seconds": 1694.7953276239987,
  "group": "cluster_fleet_v6/clusters/family_0108",
  "slot": 3,
  "total": 805
}
{
  "certified": [
    true
  ],
  "collected_kg": [
    327.3100616016427
  ],
  "done": 773,
  "elapsed_seconds": 1694.7953685089997,
  "group": "cluster_fleet_v6/clusters/family_0108",
  "slot": 4,
  "total": 805
}
{
  "certified": [
    true
  ],
  "collected_kg": [
    583.1622176591376
  ],
  "done": 774,
  "elapsed_seconds": 1694.7953964589997,
  "group": "fleet10_master_v1",
  "slot": 1,
  "total": 805
}
{
  "certified": [
    true
  ],
  "collected_kg": [
    490.34907597535937
  ],
  "done": 775,
  "elapsed_seconds": 1704.071077298,
  "group": "fleet10_master_v1",
  "slot": 2,
  "total": 805
}
{
  "certified": [
    true
  ],
  "collected_kg": [
    433.67556468172484
  ],
  "done": 776,
  "elapsed_seconds": 1704.0712007549992,
  "group": "fleet10_master_v1",
  "slot": 4,
  "total": 805
}
{
  "certified": [
    true
  ],
  "collected_kg": [
    452.1560574948665
  ],
  "done": 777,
  "elapsed_seconds": 1709.5301299929997,
  "group": "fleet10_master_v1",
  "slot": 5,
  "total": 805
}
{
  "certified": [
    true
  ],
  "collected_kg": [
    445.9958932238193
  ],
  "done": 778,
  "elapsed_seconds": 1715.6200581419998,
  "group": "fleet10_master_v1",
  "slot": 6,
  "total": 805
}
{
  "certified": [
    true
  ],
  "collected_kg": [
    448.870636550308
  ],
  "done": 779,
  "elapsed_seconds": 1715.620160507,
  "group": "fleet10_master_v1",
  "slot": 7,
  "total": 805
}
{
  "certified": [
    true
  ],
  "collected_kg": [
    396.7145790554415
  ],
  "done": 780,
  "elapsed_seconds": 1715.6201952269985,
  "group": "fleet10_master_v1",
  "slot": 8,
  "total": 805
}
{
  "certified": [
    true
  ],
  "collected_kg": [
    354.8254620123203
  ],
  "done": 781,
  "elapsed_seconds": 1715.620226776,
  "group": "fleet10_master_v1",
  "slot": 9,
  "total": 805
}
{
  "certified": [
    true
  ],
  "collected_kg": [
    373.7166324435318
  ],
  "done": 782,
  "elapsed_seconds": 1715.6202523470001,
  "group": "fleet10_master_v1",
  "slot": 10,
  "total": 805
}
{
  "certified": [
    true
  ],
  "collected_kg": [
    354.00410677618066
  ],
  "done": 783,
  "elapsed_seconds": 1715.620277054999,
  "group": "probe_v4_family/clusters/family_0000",
  "slot": 1,
  "total": 805
}
{
  "certified": [
    true
  ],
  "collected_kg": [
    328.0492813141684
  ],
  "done": 784,
  "elapsed_seconds": 1715.6203015809988,
  "group": "probe_v4_family/clusters/family_0000",
  "slot": 2,
  "total": 805
}
{
  "certified": [
    true
  ],
  "collected_kg": [
    332.5667351129363
  ],
  "done": 785,
  "elapsed_seconds": 1715.620329755,
  "group": "probe_v4_family/clusters/family_0000",
  "slot": 3,
  "total": 805
}
{
  "certified": [
    true
  ],
  "collected_kg": [
    547.0225872689939
  ],
  "done": 786,
  "elapsed_seconds": 1715.62035406,
  "group": "probe_v5_family247/clusters/family_0247",
  "slot": 3,
  "total": 805
}
{
  "certified": [
    true
  ],
  "collected_kg": [
    439.01437371663246
  ],
  "done": 787,
  "elapsed_seconds": 1720.6561359409989,
  "group": "probe_v5_family247/clusters/family_0247",
  "slot": 4,
  "total": 805
}
{
  "certified": [
    true
  ],
  "collected_kg": [
    582.7515400410678
  ],
  "done": 788,
  "elapsed_seconds": 1720.656260615,
  "group": "probe_v6_family/clusters/family_0001",
  "slot": 1,
  "total": 805
}
{
  "certified": [
    true
  ],
  "collected_kg": [
    598.3572895277207
  ],
  "done": 789,
  "elapsed_seconds": 1734.0971732950002,
  "group": "probe_v6_family/clusters/family_0001",
  "slot": 2,
  "total": 805
}
{
  "certified": [
    true
  ],
  "collected_kg": [
    484.87337440109513
  ],
  "done": 790,
  "elapsed_seconds": 1734.200363783999,
  "group": "probe_v6_family/clusters/family_0001",
  "slot": 3,
  "total": 805
}
{
  "certified": [
    true
  ],
  "collected_kg": [
    558.5215605749487
  ],
  "done": 791,
  "elapsed_seconds": 1734.2004807079993,
  "group": "probe_v6_family/clusters/family_0001",
  "slot": 4,
  "total": 805
}
{
  "certified": [
    true
  ],
  "collected_kg": [
    495.68788501026694
  ],
  "done": 792,
  "elapsed_seconds": 1734.2005223689994,
  "group": "probe_v6_family/clusters/family_0001",
  "slot": 5,
  "total": 805
}
{
  "certified": [
    true
  ],
  "collected_kg": [
    575.7700205338809
  ],
  "done": 793,
  "elapsed_seconds": 1734.200551849999,
  "group": "return_sweep_v1/ships/cluster_fleet_v5_clusters_family_0004",
  "slot": 3,
  "total": 805
}
{
  "certified": [
    true
  ],
  "collected_kg": [
    552.7720739219712
  ],
  "done": 794,
  "elapsed_seconds": 1734.2005906129998,
  "group": "return_sweep_v1/ships/cluster_fleet_v5_clusters_family_0017",
  "slot": 1,
  "total": 805
}
{
  "certified": [
    true
  ],
  "collected_kg": [
    562.6283367556468
  ],
  "done": 795,
  "elapsed_seconds": 1734.200622500999,
  "group": "return_sweep_v1/ships/cluster_fleet_v5_clusters_family_0247",
  "slot": 3,
  "total": 805
}
{
  "certified": [
    true
  ],
  "collected_kg": [
    563.4496919917864
  ],
  "done": 796,
  "elapsed_seconds": 1734.6751295459999,
  "group": "return_sweep_v1/ships/cluster_fleet_v5c_clusters_family_0000",
  "slot": 2,
  "total": 805
}
{
  "certified": [
    true
  ],
  "collected_kg": [
    567.9671457905545
  ],
  "done": 797,
  "elapsed_seconds": 1734.6752375449996,
  "group": "return_sweep_v1/ships/cluster_fleet_v5c_clusters_family_0001",
  "slot": 3,
  "total": 805
}
{
  "certified": [
    true
  ],
  "collected_kg": [
    564.6817248459959
  ],
  "done": 798,
  "elapsed_seconds": 1734.6752770459989,
  "group": "return_sweep_v1/ships/cluster_fleet_v5c_clusters_family_0005",
  "slot": 3,
  "total": 805
}
{
  "certified": [
    true
  ],
  "collected_kg": [
    633.264887063655
  ],
  "done": 799,
  "elapsed_seconds": 1742.8662472979995,
  "group": "return_sweep_v1/ships/cluster_fleet_v6_clusters_family_0001",
  "slot": 2,
  "total": 805
}
{
  "certified": [
    true
  ],
  "collected_kg": [
    563.0390143737167
  ],
  "done": 800,
  "elapsed_seconds": 1742.8663415309984,
  "group": "return_sweep_v1/ships/cluster_fleet_v6_clusters_family_0001",
  "slot": 4,
  "total": 805
}
{
  "certified": [
    true
  ],
  "collected_kg": [
    590.1437371663244
  ],
  "done": 801,
  "elapsed_seconds": 1742.8663711829995,
  "group": "return_sweep_v1/ships/cluster_fleet_v6_clusters_family_0005",
  "slot": 2,
  "total": 805
}
{
  "certified": [
    true
  ],
  "collected_kg": [
    584.3942505133471
  ],
  "done": 802,
  "elapsed_seconds": 1742.8664027269988,
  "group": "return_sweep_v1/ships/cluster_fleet_v6_clusters_family_0005",
  "slot": 3,
  "total": 805
}
{
  "certified": [
    true
  ],
  "collected_kg": [
    533.8809034907597
  ],
  "done": 803,
  "elapsed_seconds": 1742.8664208139999,
  "group": "return_sweep_v1/ships/cluster_fleet_v6_clusters_family_0009",
  "slot": 2,
  "total": 805
}
{
  "certified": [
    true
  ],
  "collected_kg": [
    563.8603696098563
  ],
  "done": 804,
  "elapsed_seconds": 1745.660547071,
  "group": "return_sweep_v1/ships/cluster_fleet_v6_clusters_family_0024",
  "slot": 2,
  "total": 805
}
{
  "certified": [
    true
  ],
  "collected_kg": [
    564.6817248459959
  ],
  "done": 805,
  "elapsed_seconds": 1745.6606211130002,
  "group": "return_sweep_v1/ships/cluster_fleet_v6_clusters_family_0025",
  "slot": 1,
  "total": 805
}
Traceback (most recent call last):
  File "<frozen runpy>", line 198, in _run_module_as_main
  File "<frozen runpy>", line 88, in _run_code
  File "/home/ubuntu/spacepdhcg/gtoc12/src/spacepdhcg/__main__.py", line 3, in <module>
    raise SystemExit(main())
                     ^^^^^^
  File "/home/ubuntu/spacepdhcg/gtoc12/src/spacepdhcg/cli.py", line 22, in main
    return int(args.function(args))
               ^^^^^^^^^^^^^^^^^^^
  File "/home/ubuntu/spacepdhcg/gtoc12/src/spacepdhcg/gtoc12/cli.py", line 1039, in cmd_fleet_master
    master = solve_fleet_master(
             ^^^^^^^^^^^^^^^^^^^
  File "/home/ubuntu/spacepdhcg/gtoc12/src/spacepdhcg/gtoc12/cooperative.py", line 986, in solve_fleet_master
    search(0, (), 0.0, 0.0, {}, set(), zero_dual, np.ones(n_usable, dtype=bool))
  File "/home/ubuntu/spacepdhcg/gtoc12/src/spacepdhcg/gtoc12/cooperative.py", line 984, in search
    search(index + 1, selected, value, mass, deployed, collected, used_dual, free)
  File "/home/ubuntu/spacepdhcg/gtoc12/src/spacepdhcg/gtoc12/cooperative.py", line 984, in search
    search(index + 1, selected, value, mass, deployed, collected, used_dual, free)
  File "/home/ubuntu/spacepdhcg/gtoc12/src/spacepdhcg/gtoc12/cooperative.py", line 984, in search
    search(index + 1, selected, value, mass, deployed, collected, used_dual, free)
  [Previous line repeated 73 more times]
  File "/home/ubuntu/spacepdhcg/gtoc12/src/spacepdhcg/gtoc12/cooperative.py", line 974, in search
    search(
  File "/home/ubuntu/spacepdhcg/gtoc12/src/spacepdhcg/gtoc12/cooperative.py", line 984, in search
    search(index + 1, selected, value, mass, deployed, collected, used_dual, free)
  File "/home/ubuntu/spacepdhcg/gtoc12/src/spacepdhcg/gtoc12/cooperative.py", line 984, in search
    search(index + 1, selected, value, mass, deployed, collected, used_dual, free)
  File "/home/ubuntu/spacepdhcg/gtoc12/src/spacepdhcg/gtoc12/cooperative.py", line 984, in search
    search(index + 1, selected, value, mass, deployed, collected, used_dual, free)
  [Previous line repeated 160 more times]
  File "/home/ubuntu/spacepdhcg/gtoc12/src/spacepdhcg/gtoc12/cooperative.py", line 974, in search
    search(
  File "/home/ubuntu/spacepdhcg/gtoc12/src/spacepdhcg/gtoc12/cooperative.py", line 984, in search
    search(index + 1, selected, value, mass, deployed, collected, used_dual, free)
  File "/home/ubuntu/spacepdhcg/gtoc12/src/spacepdhcg/gtoc12/cooperative.py", line 974, in search
    search(
  File "/home/ubuntu/spacepdhcg/gtoc12/src/spacepdhcg/gtoc12/cooperative.py", line 984, in search
    search(index + 1, selected, value, mass, deployed, collected, used_dual, free)
  File "/home/ubuntu/spacepdhcg/gtoc12/src/spacepdhcg/gtoc12/cooperative.py", line 984, in search
    search(index + 1, selected, value, mass, deployed, collected, used_dual, free)
  File "/home/ubuntu/spacepdhcg/gtoc12/src/spacepdhcg/gtoc12/cooperative.py", line 974, in search
    search(
  File "/home/ubuntu/spacepdhcg/gtoc12/src/spacepdhcg/gtoc12/cooperative.py", line 974, in search
    search(
  File "/home/ubuntu/spacepdhcg/gtoc12/src/spacepdhcg/gtoc12/cooperative.py", line 974, in search
    search(
  [Previous line repeated 3 more times]
  File "/home/ubuntu/spacepdhcg/gtoc12/src/spacepdhcg/gtoc12/cooperative.py", line 984, in search
    search(index + 1, selected, value, mass, deployed, collected, used_dual, free)
  File "/home/ubuntu/spacepdhcg/gtoc12/src/spacepdhcg/gtoc12/cooperative.py", line 984, in search
    search(index + 1, selected, value, mass, deployed, collected, used_dual, free)
  File "/home/ubuntu/spacepdhcg/gtoc12/src/spacepdhcg/gtoc12/cooperative.py", line 974, in search
    search(
  File "/home/ubuntu/spacepdhcg/gtoc12/src/spacepdhcg/gtoc12/cooperative.py", line 984, in search
    search(index + 1, selected, value, mass, deployed, collected, used_dual, free)
  File "/home/ubuntu/spacepdhcg/gtoc12/src/spacepdhcg/gtoc12/cooperative.py", line 984, in search
    search(index + 1, selected, value, mass, deployed, collected, used_dual, free)
  File "/home/ubuntu/spacepdhcg/gtoc12/src/spacepdhcg/gtoc12/cooperative.py", line 984, in search
    search(index + 1, selected, value, mass, deployed, collected, used_dual, free)
  [Previous line repeated 1 more time]
  File "/home/ubuntu/spacepdhcg/gtoc12/src/spacepdhcg/gtoc12/cooperative.py", line 974, in search
    search(
  File "/home/ubuntu/spacepdhcg/gtoc12/src/spacepdhcg/gtoc12/cooperative.py", line 974, in search
    search(
  File "/home/ubuntu/spacepdhcg/gtoc12/src/spacepdhcg/gtoc12/cooperative.py", line 984, in search
    search(index + 1, selected, value, mass, deployed, collected, used_dual, free)
  File "/home/ubuntu/spacepdhcg/gtoc12/src/spacepdhcg/gtoc12/cooperative.py", line 984, in search
    search(index + 1, selected, value, mass, deployed, collected, used_dual, free)
  File "/home/ubuntu/spacepdhcg/gtoc12/src/spacepdhcg/gtoc12/cooperative.py", line 984, in search
    search(index + 1, selected, value, mass, deployed, collected, used_dual, free)
  [Previous line repeated 37 more times]
  File "/home/ubuntu/spacepdhcg/gtoc12/src/spacepdhcg/gtoc12/cooperative.py", line 974, in search
    search(
  File "/home/ubuntu/spacepdhcg/gtoc12/src/spacepdhcg/gtoc12/cooperative.py", line 984, in search
    search(index + 1, selected, value, mass, deployed, collected, used_dual, free)
  File "/home/ubuntu/spacepdhcg/gtoc12/src/spacepdhcg/gtoc12/cooperative.py", line 984, in search
    search(index + 1, selected, value, mass, deployed, collected, used_dual, free)
  File "/home/ubuntu/spacepdhcg/gtoc12/src/spacepdhcg/gtoc12/cooperative.py", line 974, in search
    search(
  File "/home/ubuntu/spacepdhcg/gtoc12/src/spacepdhcg/gtoc12/cooperative.py", line 974, in search
    search(
  File "/home/ubuntu/spacepdhcg/gtoc12/src/spacepdhcg/gtoc12/cooperative.py", line 984, in search
    search(index + 1, selected, value, mass, deployed, collected, used_dual, free)
  File "/home/ubuntu/spacepdhcg/gtoc12/src/spacepdhcg/gtoc12/cooperative.py", line 984, in search
    search(index + 1, selected, value, mass, deployed, collected, used_dual, free)
  File "/home/ubuntu/spacepdhcg/gtoc12/src/spacepdhcg/gtoc12/cooperative.py", line 974, in search
    search(
  File "/home/ubuntu/spacepdhcg/gtoc12/src/spacepdhcg/gtoc12/cooperative.py", line 984, in search
    search(index + 1, selected, value, mass, deployed, collected, used_dual, free)
  File "/home/ubuntu/spacepdhcg/gtoc12/src/spacepdhcg/gtoc12/cooperative.py", line 984, in search
    search(index + 1, selected, value, mass, deployed, collected, used_dual, free)
  File "/home/ubuntu/spacepdhcg/gtoc12/src/spacepdhcg/gtoc12/cooperative.py", line 984, in search
    search(index + 1, selected, value, mass, deployed, collected, used_dual, free)
  [Previous line repeated 12 more times]
  File "/home/ubuntu/spacepdhcg/gtoc12/src/spacepdhcg/gtoc12/cooperative.py", line 974, in search
    search(
  File "/home/ubuntu/spacepdhcg/gtoc12/src/spacepdhcg/gtoc12/cooperative.py", line 984, in search
    search(index + 1, selected, value, mass, deployed, collected, used_dual, free)
  File "/home/ubuntu/spacepdhcg/gtoc12/src/spacepdhcg/gtoc12/cooperative.py", line 984, in search
    search(index + 1, selected, value, mass, deployed, collected, used_dual, free)
  File "/home/ubuntu/spacepdhcg/gtoc12/src/spacepdhcg/gtoc12/cooperative.py", line 984, in search
    search(index + 1, selected, value, mass, deployed, collected, used_dual, free)
  [Previous line repeated 68 more times]
  File "/home/ubuntu/spacepdhcg/gtoc12/src/spacepdhcg/gtoc12/cooperative.py", line 974, in search
    search(
  File "/home/ubuntu/spacepdhcg/gtoc12/src/spacepdhcg/gtoc12/cooperative.py", line 984, in search
    search(index + 1, selected, value, mass, deployed, collected, used_dual, free)
  File "/home/ubuntu/spacepdhcg/gtoc12/src/spacepdhcg/gtoc12/cooperative.py", line 984, in search
    search(index + 1, selected, value, mass, deployed, collected, used_dual, free)
  File "/home/ubuntu/spacepdhcg/gtoc12/src/spacepdhcg/gtoc12/cooperative.py", line 984, in search
    search(index + 1, selected, value, mass, deployed, collected, used_dual, free)
  [Previous line repeated 592 more times]
  File "/home/ubuntu/spacepdhcg/gtoc12/src/spacepdhcg/gtoc12/cooperative.py", line 945, in search
    ships = ship_count(selected)
            ^^^^^^^^^^^^^^^^^^^^
  File "/home/ubuntu/spacepdhcg/gtoc12/src/spacepdhcg/gtoc12/cooperative.py", line 258, in ship_count
    return sum(column.ships for column in columns)
           ^^^^^^^^^^^^^^^^^^^^^^^^^^^^^^^^^^^^^^^
  File "/home/ubuntu/spacepdhcg/gtoc12/src/spacepdhcg/gtoc12/cooperative.py", line 258, in <genexpr>
    return sum(column.ships for column in columns)
               ^^^^^^^^^^^^
RecursionError: maximum recursion depth exceeded
