    1      0     64343.0000000000      -62598671.647145219      133190036.146134615         -11857.928355634      -27.4437476989771      -12.7734909873904        0.0002565812559        3000.0000000000
    1      0     64343.0000000000      -62598671.647145219      133190036.146134615         -11857.928355634      -32.9693045459217      -15.0678134791171       -0.4517454423955        3000.0000000000
    1     -1     64343.0000000000       0.00000000000000       0.00000000000000       0.00000000000000
    1     -1     64343.0000000000      -0.54857398313684      -0.23765163616425      -0.05087518190465
    1     -1     64344.0000000000      -0.54857398313684      -0.23765163616425      -0.05087518190465
    1     -1     64345.0000000000      -0.54857398313684      -0.23765163616425      -0.05087518190465
    1     -1     64345.0000000000       0.00000000000000       0.00000000000000       0.00000000000000
    1     -1     64345.0000000000       0.00000000000000       0.00000000000000       0.00000000000000
    1     -1     64345.0000000000      -0.54008971238159      -0.25383656412734      -0.06221013238691
    1     -1     64346.0000000000      -0.54008971238159      -0.25383656412734      -0.06221013238691
    1     -1     64347.0000000000      -0.54008971238159      -0.25383656412734      -0.06221013238691
    1     -1     64347.0000000000       0.00000000000000       0.00000000000000       0.00000000000000
    1     -1     64347.0000000000       0.00000000000000       0.00000000000000       0.00000000000000
    1     -1     64347.0000000000      -0.53093409100934      -0.26963807657605      -0.07351393027486
    1     -1     64348.0000000000      -0.53093409100934      -0.26963807657605      -0.07351393027486
    1     -1     64349.0000000000      -0.53093409100934      -0.26963807657605      -0.07351393027486
    1     -1     64349.0000000000       0.00000000000000       0.00000000000000       0.00000000000000
    1     -1     64349.0000000000       0.00000000000000       0.00000000000000       0.00000000000000
    1     -1     64349.0000000000      -0.39370743448630      -0.21532157598292      -0.06404219401681
    1     -1     64350.0000000000      -0.39370743448630      -0.21532157598292      -0.06404219401681
    1     -1     64351.0000000000      -0.39370743448630      -0.21532157598292      -0.06404219401681
    1     -1     64351.0000000000       0.00000000000000       0.00000000000000       0.00000000000000
    1     -1     64469.0000000000       0.00000000000000       0.00000000000000       0.00000000000000
    1     -1     64469.0000000000       0.00000000038099      -0.00000000081461      -0.00000000087059
    1     -1     64470.0000000000       0.00000000038099      -0.00000000081461      -0.00000000087059
    1     -1     64471.0000000000       0.00000000038099      -0.00000000081461      -0.00000000087059
    1     -1     64471.0000000000       0.00000000000000       0.00000000000000       0.00000000000000
    1     -1     64471.0000000000       0.00000000000000       0.00000000000000       0.00000000000000
    1     -1     64471.0000000000       0.00000000158080      -0.00000000321149      -0.00000000347361
    1     -1     64472.0000000000       0.00000000158080      -0.00000000321149      -0.00000000347361
    1     -1     64473.0000000000       0.00000000158080      -0.00000000321149      -0.00000000347361
    1     -1     64473.0000000000       0.00000000000000       0.00000000000000       0.00000000000000
    1     -1     64473.0000000000       0.00000000000000       0.00000000000000       0.00000000000000
    1     -1     64473.0000000000       0.19748041197829      -0.38196145078399      -0.41845780596028
    1     -1     64474.0000000000       0.19748041197829      -0.38196145078399      -0.41845780596028
    1     -1     64475.0000000000       0.19748041197829      -0.38196145078399      -0.41845780596028
    1     -1     64475.0000000000       0.00000000000000       0.00000000000000       0.00000000000000
    1     -1     64475.0000000000       0.00000000000000       0.00000000000000       0.00000000000000
    1     -1     64475.0000000000       0.20475966886858      -0.37768801166490      -0.41883796758183
    1     -1     64476.0000000000       0.20475966886858      -0.37768801166490      -0.41883796758183
    1     -1     64477.0000000000       0.20475966886858      -0.37768801166490      -0.41883796758183
    1     -1     64477.0000000000       0.00000000000000       0.00000000000000       0.00000000000000
    1     -1     64477.0000000000       0.00000000000000       0.00000000000000       0.00000000000000
    1     -1     64477.0000000000       0.21193878104731      -0.37338120395644      -0.41912817708404
    1     -1     64478.0000000000       0.21193878104731      -0.37338120395644      -0.41912817708404
    1     -1     64479.0000000000       0.21193878104731      -0.37338120395644      -0.41912817708404
    1     -1     64479.0000000000       0.00000000000000       0.00000000000000       0.00000000000000
    1     -1     64479.0000000000       0.00000000000000       0.00000000000000       0.00000000000000
    1     -1     64479.0000000000       0.21902067933303      -0.36904204719488      -0.41933030758906
    1     -1     64480.0000000000       0.21902067933303      -0.36904204719488      -0.41933030758906
    1     -1     64481.0000000000       0.21902067933303      -0.36904204719488      -0.41933030758906
    1     -1     64481.0000000000       0.00000000000000       0.00000000000000       0.00000000000000
    1     -1     64481.0000000000       0.00000000000000       0.00000000000000       0.00000000000000
    1     -1     64481.0000000000       0.13269762626779      -0.21411208829326      -0.24627224436850
    1     -1     64482.0000000000       0.13269762626779      -0.21411208829326      -0.24627224436850
    1     -1     64483.0000000000       0.13269762626779      -0.21411208829326      -0.24627224436850
    1     -1     64483.0000000000       0.00000000000000       0.00000000000000       0.00000000000000
    1     -1     64483.0000000000       0.00000000000000       0.00000000000000       0.00000000000000
    1     -1     64483.0000000000       0.00000000054480      -0.00000000084278      -0.00000000098089
    1     -1     64484.0000000000       0.00000000054480      -0.00000000084278      -0.00000000098089
    1     -1     64485.0000000000       0.00000000054480      -0.00000000084278      -0.00000000098089
    1     -1     64485.0000000000       0.00000000000000       0.00000000000000       0.00000000000000
    1     -1     64601.0000000000       0.00000000000000       0.00000000000000       0.00000000000000
    1     -1     64601.0000000000       0.12973753602972      -0.01325416776544      -0.07643377823810
    1     -1     64602.0000000000       0.12973753602972      -0.01325416776544      -0.07643377823810
    1     -1     64603.0000000000       0.12973753602972      -0.01325416776544      -0.07643377823810
    1     -1     64603.0000000000       0.00000000000000       0.00000000000000       0.00000000000000
    1     -1     64603.0000000000       0.00000000000000       0.00000000000000       0.00000000000000
    1     -1     64603.0000000000       0.51761948609727      -0.04673155339051      -0.29981032138688
    1     -1     64604.0000000000       0.51761948609727      -0.04673155339051      -0.29981032138688
    1     -1     64605.0000000000       0.51761948609727      -0.04673155339051      -0.29981032138688
    1     -1     64605.0000000000       0.00000000000000       0.00000000000000       0.00000000000000
    1     -1     64605.0000000000       0.00000000000000       0.00000000000000       0.00000000000000
    1     -1     64605.0000000000       0.52019231857386      -0.04084494999478      -0.29619527517615
    1     -1     64606.0000000000       0.52019231857386      -0.04084494999478      -0.29619527517615
    1     -1     64607.0000000000       0.52019231857386      -0.04084494999478      -0.29619527517615
    1     -1     64607.0000000000       0.00000000000000       0.00000000000000       0.00000000000000
    1     -1     64607.0000000000       0.00000000000000       0.00000000000000       0.00000000000000
    1     -1     64607.0000000000       0.52268263704756      -0.03495046267150      -0.29254286073678
    1     -1     64608.0000000000       0.52268263704756      -0.03495046267150      -0.29254286073678
    1     -1     64609.0000000000       0.52268263704756      -0.03495046267150      -0.29254286073678
    1     -1     64609.0000000000       0.00000000000000       0.00000000000000       0.00000000000000
    1     -1     64609.0000000000       0.00000000000000       0.00000000000000       0.00000000000000
    1     -1     64609.0000000000       0.52508991450374      -0.02904922366192      -0.28885415622957
    1     -1     64610.0000000000       0.52508991450374      -0.02904922366192      -0.28885415622957
    1     -1     64611.0000000000       0.52508991450374      -0.02904922366192      -0.28885415622957
    1     -1     64611.0000000000       0.00000000000000       0.00000000000000       0.00000000000000
    1     -1     64611.0000000000       0.00000000000000       0.00000000000000       0.00000000000000
    1     -1     64611.0000000000       0.52741364872719      -0.02314239421639      -0.28513027199195
    1     -1     64612.0000000000       0.52741364872719      -0.02314239421639      -0.28513027199195
    1     -1     64613.0000000000       0.52741364872719      -0.02314239421639      -0.28513027199195
    1     -1     64613.0000000000       0.00000000000000       0.00000000000000       0.00000000000000
    1     -1     64613.0000000000       0.00000000000000       0.00000000000000       0.00000000000000
    1     -1     64613.0000000000       0.52965336950594      -0.01723115364836      -0.28137234191538
    1     -1     64614.0000000000       0.52965336950594      -0.01723115364836      -0.28137234191538
    1     -1     64615.0000000000       0.52965336950594      -0.01723115364836      -0.28137234191538
    1     -1     64615.0000000000       0.00000000000000       0.00000000000000       0.00000000000000
    1     -1     64615.0000000000       0.00000000000000       0.00000000000000       0.00000000000000
    1     -1     64615.0000000000       0.53180864531835      -0.01131670409129      -0.27758151280872
    1     -1     64616.0000000000       0.53180864531835      -0.01131670409129      -0.27758151280872
    1     -1     64617.0000000000       0.53180864531835      -0.01131670409129      -0.27758151280872
    1     -1     64617.0000000000       0.00000000000000       0.00000000000000       0.00000000000000
    1     -1     64617.0000000000       0.00000000000000       0.00000000000000       0.00000000000000
    1     -1     64617.0000000000       0.53387908599597      -0.00540026531177      -0.27375894131638
    1     -1     64618.0000000000       0.53387908599597      -0.00540026531177      -0.27375894131638
    1     -1     64619.0000000000       0.53387908599597      -0.00540026531177      -0.27375894131638
    1     -1     64619.0000000000       0.00000000000000       0.00000000000000       0.00000000000000
    1     -1     64619.0000000000       0.00000000000000       0.00000000000000       0.00000000000000
    1     -1     64619.0000000000       0.53586431862041       0.00051693630817      -0.26990584300148
    1     -1     64620.0000000000       0.53586431862041       0.00051693630817      -0.26990584300148
    1     -1     64621.0000000000       0.53586431862041       0.00051693630817      -0.26990584300148
    1     -1     64621.0000000000       0.00000000000000       0.00000000000000       0.00000000000000
    1     -1     64621.0000000000       0.00000000000000       0.00000000000000       0.00000000000000
    1     -1     64621.0000000000       0.53776402561438       0.00643365979623      -0.26602342012808
    1     -1     64622.0000000000       0.53776402561438       0.00643365979623      -0.26602342012808
    1     -1     64623.0000000000       0.53776402561438       0.00643365979623      -0.26602342012808
    1     -1     64623.0000000000       0.00000000000000       0.00000000000000       0.00000000000000
    1     -1     64623.0000000000       0.00000000000000       0.00000000000000       0.00000000000000
    1     -1     64623.0000000000       0.53957792650927       0.01234864855172      -0.26211289816203
    1     -1     64624.0000000000       0.53957792650927       0.01234864855172      -0.26211289816203
    1     -1     64625.0000000000       0.53957792650927       0.01234864855172      -0.26211289816203
    1     -1     64625.0000000000       0.00000000000000       0.00000000000000       0.00000000000000
    1     -1     64625.0000000000       0.00000000000000       0.00000000000000       0.00000000000000
    1     -1     64625.0000000000       0.54130578165242       0.01826063728740      -0.25817552005471
    1     -1     64626.0000000000       0.54130578165242       0.01826063728740      -0.25817552005471
    1     -1     64627.0000000000       0.54130578165242       0.01826063728740      -0.25817552005471
    1     -1     64627.0000000000       0.00000000000000       0.00000000000000       0.00000000000000
    1     -1     64627.0000000000       0.00000000000000       0.00000000000000       0.00000000000000
    1     -1     64627.0000000000       0.54294739393100       0.02416835385391      -0.25421254370218
    1     -1     64628.0000000000       0.54294739393100       0.02416835385391      -0.25421254370218
    1     -1     64629.0000000000       0.54294739393100       0.02416835385391      -0.25421254370218
    1     -1     64629.0000000000       0.00000000000000       0.00000000000000       0.00000000000000
    1     -1     64629.0000000000       0.00000000000000       0.00000000000000       0.00000000000000
    1     -1     64629.0000000000       0.54450260987273       0.03007052099873      -0.25022524031090
    1     -1     64630.0000000000       0.54450260987273       0.03007052099873      -0.25022524031090
    1     -1     64631.0000000000       0.54450260987273       0.03007052099873      -0.25022524031090
    1     -1     64631.0000000000       0.00000000000000       0.00000000000000       0.00000000000000
    1     -1     64631.0000000000       0.00000000000000       0.00000000000000       0.00000000000000
    1     -1     64631.0000000000       0.54597132045850       0.03596585815608      -0.24621489305868
    1     -1     64632.0000000000       0.54597132045850       0.03596585815608      -0.24621489305868
    1     -1     64633.0000000000       0.54597132045850       0.03596585815608      -0.24621489305868
    1     -1     64633.0000000000       0.00000000000000       0.00000000000000       0.00000000000000
    1     -1     64633.0000000000       0.00000000000000       0.00000000000000       0.00000000000000
    1     -1     64633.0000000000       0.54735346173766       0.04185308328835      -0.24218279588578
    1     -1     64634.0000000000       0.54735346173766       0.04185308328835      -0.24218279588578
    1     -1     64635.0000000000       0.54735346173766       0.04185308328835      -0.24218279588578
    1     -1     64635.0000000000       0.00000000000000       0.00000000000000       0.00000000000000
    1     -1     64635.0000000000       0.00000000000000       0.00000000000000       0.00000000000000
    1     -1     64635.0000000000       0.54864901536149       0.04773091475193      -0.23813025217266
    1     -1     64636.0000000000       0.54864901536149       0.04773091475193      -0.23813025217266
    1     -1     64637.0000000000       0.54864901536149       0.04773091475193      -0.23813025217266
    1     -1     64637.0000000000       0.00000000000000       0.00000000000000       0.00000000000000
    1     -1     64637.0000000000       0.00000000000000       0.00000000000000       0.00000000000000
    1     -1     64637.0000000000       0.54985800901670       0.05359807320703      -0.23405857332874
    1     -1     64638.0000000000       0.54985800901670       0.05359807320703      -0.23405857332874
    1     -1     64639.0000000000       0.54985800901670       0.05359807320703      -0.23405857332874
    1     -1     64639.0000000000       0.00000000000000       0.00000000000000       0.00000000000000
    1     -1     64639.0000000000       0.00000000000000       0.00000000000000       0.00000000000000
    1     -1     64639.0000000000       0.55098051675490       0.05945328355842      -0.22996907729221
    1     -1     64640.0000000000       0.55098051675490       0.05945328355842      -0.22996907729221
    1     -1     64641.0000000000       0.55098051675490       0.05945328355842      -0.22996907729221
    1     -1     64641.0000000000       0.00000000000000       0.00000000000000       0.00000000000000
    1     -1     64641.0000000000       0.00000000000000       0.00000000000000       0.00000000000000
    1     -1     64641.0000000000       0.55201665918424       0.06529527688084      -0.22586308702424
    1     -1     64642.0000000000       0.55201665918424       0.06529527688084      -0.22586308702424
    1     -1     64643.0000000000       0.55201665918424       0.06529527688084      -0.22586308702424
    1     -1     64643.0000000000       0.00000000000000       0.00000000000000       0.00000000000000
    1     -1     64643.0000000000       0.00000000000000       0.00000000000000       0.00000000000000
    1     -1     64643.0000000000       0.55296660351908       0.07112279229544      -0.22174192902713
    1     -1     64644.0000000000       0.55296660351908       0.07112279229544      -0.22174192902713
    1     -1     64645.0000000000       0.55296660351908       0.07112279229544      -0.22174192902713
    1     -1     64645.0000000000       0.00000000000000       0.00000000000000       0.00000000000000
    1     -1     64645.0000000000       0.00000000000000       0.00000000000000       0.00000000000000
    1     -1     64645.0000000000       0.55383056349847       0.07693457880222      -0.21760693187373
    1     -1     64646.0000000000       0.55383056349847       0.07693457880222      -0.21760693187373
    1     -1     64647.0000000000       0.55383056349847       0.07693457880222      -0.21760693187373
    1     -1     64647.0000000000       0.00000000000000       0.00000000000000       0.00000000000000
    1     -1     64647.0000000000       0.00000000000000       0.00000000000000       0.00000000000000
    1     -1     64647.0000000000       0.55460879918340       0.08272939705987      -0.21345942474031
    1     -1     64648.0000000000       0.55460879918340       0.08272939705987      -0.21345942474031
    1     -1     64649.0000000000       0.55460879918340       0.08272939705987      -0.21345942474031
    1     -1     64649.0000000000       0.00000000000000       0.00000000000000       0.00000000000000
    1     -1     64649.0000000000       0.00000000000000       0.00000000000000       0.00000000000000
    1     -1     64649.0000000000       0.55530161666167       0.08850602110133      -0.20930073588439
    1     -1     64650.0000000000       0.55530161666167       0.08850602110133      -0.20930073588439
    1     -1     64651.0000000000       0.55530161666167       0.08850602110133      -0.20930073588439
    1     -1     64651.0000000000       0.00000000000000       0.00000000000000       0.00000000000000
    1     -1     64651.0000000000       0.00000000000000       0.00000000000000       0.00000000000000
    1     -1     64651.0000000000       0.55590936764418       0.09426323999935      -0.20513219111167
    1     -1     64652.0000000000       0.55590936764418       0.09426323999935      -0.20513219111167
    1     -1     64653.0000000000       0.55590936764418       0.09426323999935      -0.20513219111167
    1     -1     64653.0000000000       0.00000000000000       0.00000000000000       0.00000000000000
    1     -1     64653.0000000000       0.00000000000000       0.00000000000000       0.00000000000000
    1     -1     64653.0000000000       0.55643244894609       0.09999985948374      -0.20095511225915
    1     -1     64654.0000000000       0.55643244894609       0.09999985948374      -0.20095511225915
    1     -1     64655.0000000000       0.55643244894609       0.09999985948374      -0.20095511225915
    1     -1     64655.0000000000       0.00000000000000       0.00000000000000       0.00000000000000
    1     -1     64655.0000000000       0.00000000000000       0.00000000000000       0.00000000000000
    1     -1     64655.0000000000       0.55687130186656       0.10571470349112      -0.19677081567964
    1     -1     64656.0000000000       0.55687130186656       0.10571470349112      -0.19677081567964
    1     -1     64657.0000000000       0.55687130186656       0.10571470349112      -0.19677081567964
    1     -1     64657.0000000000       0.00000000000000       0.00000000000000       0.00000000000000
    1     -1     64657.0000000000       0.00000000000000       0.00000000000000       0.00000000000000
    1     -1     64657.0000000000       0.55722641145469       0.11140661565916      -0.19258061077039
    1     -1     64658.0000000000       0.55722641145469       0.11140661565916      -0.19258061077039
    1     -1     64659.0000000000       0.55722641145469       0.11140661565916      -0.19258061077039
    1     -1     64659.0000000000       0.00000000000000       0.00000000000000       0.00000000000000
    1     -1     64659.0000000000       0.00000000000000       0.00000000000000       0.00000000000000
    1     -1     64659.0000000000       0.55749830567729       0.11707446075558      -0.18838579852458
    1     -1     64660.0000000000       0.55749830567729       0.11707446075558      -0.18838579852458
    1     -1     64661.0000000000       0.55749830567729       0.11707446075558      -0.18838579852458
    1     -1     64661.0000000000       0.00000000000000       0.00000000000000       0.00000000000000
    1     -1     64661.0000000000       0.00000000000000       0.00000000000000       0.00000000000000
    1     -1     64661.0000000000       0.55768755448831       0.12271712603922      -0.18418767012351
    1     -1     64662.0000000000       0.55768755448831       0.12271712603922      -0.18418767012351
    1     -1     64663.0000000000       0.55768755448831       0.12271712603922      -0.18418767012351
    1     -1     64663.0000000000       0.00000000000000       0.00000000000000       0.00000000000000
    1     -1     64663.0000000000       0.00000000000000       0.00000000000000       0.00000000000000
    1     -1     64663.0000000000       0.55779476881793       0.12833352253941      -0.17998750554407
    1     -1     64664.0000000000       0.55779476881793       0.12833352253941      -0.17998750554407
    1     -1     64665.0000000000       0.55779476881793       0.12833352253941      -0.17998750554407
    1     -1     64665.0000000000       0.00000000000000       0.00000000000000       0.00000000000000
    1     -1     64665.0000000000       0.00000000000000       0.00000000000000       0.00000000000000
    1     -1     64665.0000000000       0.55782059946377       0.13392258628182      -0.17578657223311
    1     -1     64666.0000000000       0.55782059946377       0.13392258628182      -0.17578657223311
    1     -1     64667.0000000000       0.55782059946377       0.13392258628182      -0.17578657223311
    1     -1     64667.0000000000       0.00000000000000       0.00000000000000       0.00000000000000
    1     -1     64667.0000000000       0.00000000000000       0.00000000000000       0.00000000000000
    1     -1     64667.0000000000       0.55776573593054       0.13948327939622      -0.17158612377096
    1     -1     64668.0000000000       0.55776573593054       0.13948327939622      -0.17158612377096
    1     -1     64669.0000000000       0.55776573593054       0.13948327939622      -0.17158612377096
    1     -1     64669.0000000000       0.00000000000000       0.00000000000000       0.00000000000000
    1     -1     64669.0000000000       0.00000000000000       0.00000000000000       0.00000000000000
    1     -1     64669.0000000000       0.55763090516550       0.14501459119991      -0.16738739863989
    1     -1     64670.0000000000       0.55763090516550       0.14501459119991      -0.16738739863989
    1     -1     64671.0000000000       0.55763090516550       0.14501459119991      -0.16738739863989
    1     -1     64671.0000000000       0.00000000000000       0.00000000000000       0.00000000000000
    1     -1     64671.0000000000       0.00000000000000       0.00000000000000       0.00000000000000
    1     -1     64671.0000000000       0.55741687026054       0.15051553914459      -0.16319161897890
    1     -1     64672.0000000000       0.55741687026054       0.15051553914459      -0.16319161897890
    1     -1     64673.0000000000       0.55741687026054       0.15051553914459      -0.16319161897890
    1     -1     64673.0000000000       0.00000000000000       0.00000000000000       0.00000000000000
    1     -1     64673.0000000000       0.00000000000000       0.00000000000000       0.00000000000000
    1     -1     64673.0000000000       0.55712442906879       0.15598516972784      -0.15899998943319
    1     -1     64674.0000000000       0.55712442906879       0.15598516972784      -0.15899998943319
    1     -1     64675.0000000000       0.55712442906879       0.15598516972784      -0.15899998943319
    1     -1     64675.0000000000       0.00000000000000       0.00000000000000       0.00000000000000
    1     -1     64675.0000000000       0.00000000000000       0.00000000000000       0.00000000000000
    1     -1     64675.0000000000       0.55675441278637       0.16142255928708      -0.15481369602240
    1     -1     64676.0000000000       0.55675441278637       0.16142255928708      -0.15481369602240
    1     -1     64677.0000000000       0.55675441278637       0.16142255928708      -0.15481369602240
    1     -1     64677.0000000000       0.00000000000000       0.00000000000000       0.00000000000000
    1     -1     64677.0000000000       0.00000000000000       0.00000000000000       0.00000000000000
    1     -1     64677.0000000000       0.55630768447603       0.16682681473064      -0.15063390508031
    1     -1     64678.0000000000       0.55630768447603       0.16682681473064      -0.15063390508031
    1     -1     64679.0000000000       0.55630768447603       0.16682681473064      -0.15063390508031
    1     -1     64679.0000000000       0.00000000000000       0.00000000000000       0.00000000000000
    1     -1     64679.0000000000       0.00000000000000       0.00000000000000       0.00000000000000
    1     -1     64679.0000000000       0.55578513754638       0.17219707419061      -0.14646176225470
    1     -1     64680.0000000000       0.55578513754638       0.17219707419061      -0.14646176225470
    1     -1     64681.0000000000       0.55578513754638       0.17219707419061      -0.14646176225470
    1     -1     64681.0000000000       0.00000000000000       0.00000000000000       0.00000000000000
    1     -1     64681.0000000000       0.00000000000000       0.00000000000000       0.00000000000000
    1     -1     64681.0000000000       0.55518769421103       0.17753250756483      -0.14229839153830
    1     -1     64682.0000000000       0.55518769421103       0.17753250756483      -0.14229839153830
    1     -1     64683.0000000000       0.55518769421103       0.17753250756483      -0.14229839153830
    1     -1     64683.0000000000       0.00000000000000       0.00000000000000       0.00000000000000
    1     -1     64683.0000000000       0.00000000000000       0.00000000000000       0.00000000000000
    1     -1     64683.0000000000       0.55451630389618       0.18283231701649      -0.13814489439605
    1     -1     64684.0000000000       0.55451630389618       0.18283231701649      -0.13814489439605
    1     -1     64685.0000000000       0.55451630389618       0.18283231701649      -0.13814489439605
    1     -1     64685.0000000000       0.00000000000000       0.00000000000000       0.00000000000000
    1     -1     64685.0000000000       0.00000000000000       0.00000000000000       0.00000000000000
    1     -1     64685.0000000000       0.55377194164048       0.18809573736452      -0.13400234892356
    1     -1     64686.0000000000       0.55377194164048       0.18809573736452      -0.13400234892356
    1     -1     64687.0000000000       0.55377194164048       0.18809573736452      -0.13400234892356
    1     -1     64687.0000000000       0.00000000000000       0.00000000000000       0.00000000000000
    1     -1     64687.0000000000       0.00000000000000       0.00000000000000       0.00000000000000
    1     -1     64687.0000000000       0.55295560646629       0.19332203641203      -0.12987180908497
    1     -1     64688.0000000000       0.55295560646629       0.19332203641203      -0.12987180908497
    1     -1     64689.0000000000       0.55295560646629       0.19332203641203      -0.12987180908497
    1     -1     64689.0000000000       0.00000000000000       0.00000000000000       0.00000000000000
    1     -1     64689.0000000000       0.00000000000000       0.00000000000000       0.00000000000000
    1     -1     64689.0000000000       0.55206831974872       0.19851051517856      -0.12575430399539
    1     -1     64690.0000000000       0.55206831974872       0.19851051517856      -0.12575430399539
    1     -1     64691.0000000000       0.55206831974872       0.19851051517856      -0.12575430399539
    1     -1     64691.0000000000       0.00000000000000       0.00000000000000       0.00000000000000
    1     -1     64691.0000000000       0.00000000000000       0.00000000000000       0.00000000000000
    1     -1     64691.0000000000       0.55111112356263       0.20366050808343      -0.12165083728745
    1     -1     64692.0000000000       0.55111112356263       0.20366050808343      -0.12165083728745
    1     -1     64693.0000000000       0.55111112356263       0.20366050808343      -0.12165083728745
    1     -1     64693.0000000000       0.00000000000000       0.00000000000000       0.00000000000000
    1     -1     64693.0000000000       0.00000000000000       0.00000000000000       0.00000000000000
    1     -1     64693.0000000000       0.55008507904197       0.20877138302781      -0.11756238651901
    1     -1     64694.0000000000       0.55008507904197       0.20877138302781      -0.11756238651901
    1     -1     64695.0000000000       0.55008507904197       0.20877138302781      -0.11756238651901
    1     -1     64695.0000000000       0.00000000000000       0.00000000000000       0.00000000000000
    1     -1     64695.0000000000       0.00000000000000       0.00000000000000       0.00000000000000
    1     -1     64695.0000000000       0.54899126473140       0.21384254142534      -0.11348990265820
    1     -1     64696.0000000000       0.54899126473140       0.21384254142534      -0.11348990265820
    1     -1     64697.0000000000       0.54899126473140       0.21384254142534      -0.11348990265820
    1     -1     64697.0000000000       0.00000000000000       0.00000000000000       0.00000000000000
    1     -1     64697.0000000000       0.00000000000000       0.00000000000000       0.00000000000000
    1     -1     64697.0000000000       0.54783077495172       0.21887341815200      -0.10943430962114
    1     -1     64698.0000000000       0.54783077495172       0.21887341815200      -0.10943430962114
    1     -1     64699.0000000000       0.54783077495172       0.21887341815200      -0.10943430962114
    1     -1     64699.0000000000       0.00000000000000       0.00000000000000       0.00000000000000
    1     -1     64699.0000000000       0.00000000000000       0.00000000000000       0.00000000000000
    1     -1     64699.0000000000       0.54660471817280       0.22386348143836      -0.10539650387716
    1     -1     64700.0000000000       0.54660471817280       0.22386348143836      -0.10539650387716
    1     -1     64701.0000000000       0.54660471817280       0.22386348143836      -0.10539650387716
    1     -1     64701.0000000000       0.00000000000000       0.00000000000000       0.00000000000000
    1     -1     64701.0000000000       0.00000000000000       0.00000000000000       0.00000000000000
    1     -1     64701.0000000000       0.54531421540929       0.22881223268598      -0.10137735410735
    1     -1     64702.0000000000       0.54531421540929       0.22881223268598      -0.10137735410735
    1     -1     64703.0000000000       0.54531421540929       0.22881223268598      -0.10137735410735
    1     -1     64703.0000000000       0.00000000000000       0.00000000000000       0.00000000000000
    1     -1     64703.0000000000       0.00000000000000       0.00000000000000       0.00000000000000
    1     -1     64703.0000000000       0.54396039862700       0.23371920624265      -0.09737770093229
    1     -1     64704.0000000000       0.54396039862700       0.23371920624265      -0.09737770093229
    1     -1     64705.0000000000       0.54396039862700       0.23371920624265      -0.09737770093229
    1     -1     64705.0000000000       0.00000000000000       0.00000000000000       0.00000000000000
    1     -1     64705.0000000000       0.00000000000000       0.00000000000000       0.00000000000000
    1     -1     64705.0000000000       0.54254440918813       0.23858396909143      -0.09339835668406
    1     -1     64706.0000000000       0.54254440918813       0.23858396909143      -0.09339835668406
    1     -1     64707.0000000000       0.54254440918813       0.23858396909143      -0.09339835668406
    1     -1     64707.0000000000       0.00000000000000       0.00000000000000       0.00000000000000
    1     -1     64707.0000000000       0.00000000000000       0.00000000000000       0.00000000000000
    1     -1     64707.0000000000       0.54106739630976       0.24340612051399      -0.08944010524877
    1     -1     64708.0000000000       0.54106739630976       0.24340612051399      -0.08944010524877
    1     -1     64709.0000000000       0.54106739630976       0.24340612051399      -0.08944010524877
    1     -1     64709.0000000000       0.00000000000000       0.00000000000000       0.00000000000000
    1     -1     64709.0000000000       0.00000000000000       0.00000000000000       0.00000000000000
    1     -1     64709.0000000000       0.53953051556334       0.24818529168320      -0.08550370195541
    1     -1     64710.0000000000       0.53953051556334       0.24818529168320      -0.08550370195541
    1     -1     64711.0000000000       0.53953051556334       0.24818529168320      -0.08550370195541
    1     -1     64711.0000000000       0.00000000000000       0.00000000000000       0.00000000000000
    1     -1     64711.0000000000       0.00000000000000       0.00000000000000       0.00000000000000
    1     -1     64711.0000000000       0.53793492740637       0.25292114521172      -0.08158987352054
    1     -1     64712.0000000000       0.53793492740637       0.25292114521172      -0.08158987352054
    1     -1     64713.0000000000       0.53793492740637       0.25292114521172      -0.08158987352054
    1     -1     64713.0000000000       0.00000000000000       0.00000000000000       0.00000000000000
    1     -1     64713.0000000000       0.00000000000000       0.00000000000000       0.00000000000000
    1     -1     64713.0000000000       0.53628179574980       0.25761337465825      -0.07769931804437
    1     -1     64714.0000000000       0.53628179574980       0.25761337465825      -0.07769931804437
    1     -1     64715.0000000000       0.53628179574980       0.25761337465825      -0.07769931804437
    1     -1     64715.0000000000       0.00000000000000       0.00000000000000       0.00000000000000
    1     -1     64715.0000000000       0.00000000000000       0.00000000000000       0.00000000000000
    1     -1     64715.0000000000       0.53457228656590       0.26226170398944      -0.07383270505854
    1     -1     64716.0000000000       0.53457228656590       0.26226170398944      -0.07383270505854
    1     -1     64717.0000000000       0.53457228656590       0.26226170398944      -0.07383270505854
    1     -1     64717.0000000000       0.00000000000000       0.00000000000000       0.00000000000000
    1     -1     64717.0000000000       0.00000000000000       0.00000000000000       0.00000000000000
    1     -1     64717.0000000000       0.53280756654060       0.26686588699932      -0.06999067561574
    1     -1     64718.0000000000       0.53280756654060       0.26686588699932      -0.06999067561574
    1     -1     64719.0000000000       0.53280756654060       0.26686588699932      -0.06999067561574
    1     -1     64719.0000000000       0.00000000000000       0.00000000000000       0.00000000000000
    1     -1     64719.0000000000       0.00000000000000       0.00000000000000       0.00000000000000
    1     -1     64719.0000000000       0.53098880176505       0.27142570670043      -0.06617384243252
    1     -1     64720.0000000000       0.53098880176505       0.27142570670043      -0.06617384243252
    1     -1     64721.0000000000       0.53098880176505       0.27142570670043      -0.06617384243252
    1     -1     64721.0000000000       0.00000000000000       0.00000000000000       0.00000000000000
    1     -1     64721.0000000000       0.00000000000000       0.00000000000000       0.00000000000000
    1     -1     64721.0000000000       0.52911715648000       0.27594097466992      -0.06238279006856
    1     -1     64722.0000000000       0.52911715648000       0.27594097466992      -0.06238279006856
    1     -1     64723.0000000000       0.52911715648000       0.27594097466992      -0.06238279006856
    1     -1     64723.0000000000       0.00000000000000       0.00000000000000       0.00000000000000
    1     -1     64723.0000000000       0.00000000000000       0.00000000000000       0.00000000000000
    1     -1     64723.0000000000       0.52719379185520       0.28041153038838      -0.05861807515249
    1     -1     64724.0000000000       0.52719379185520       0.28041153038838      -0.05861807515249
    1     -1     64725.0000000000       0.52719379185520       0.28041153038838      -0.05861807515249
    1     -1     64725.0000000000       0.00000000000000       0.00000000000000       0.00000000000000
    1     -1     64725.0000000000       0.00000000000000       0.00000000000000       0.00000000000000
    1     -1     64725.0000000000       0.52521986483675       0.28483724051577      -0.05488022664159
    1     -1     64726.0000000000       0.52521986483675       0.28483724051577      -0.05488022664159
    1     -1     64727.0000000000       0.52521986483675       0.28483724051577      -0.05488022664159
    1     -1     64727.0000000000       0.00000000000000       0.00000000000000       0.00000000000000
    1     -1     64727.0000000000       0.00000000000000       0.00000000000000       0.00000000000000
    1     -1     64727.0000000000       0.52319652701911       0.28921799818970      -0.05116974612291
    1     -1     64728.0000000000       0.52319652701911       0.28921799818970      -0.05116974612291
    1     -1     64729.0000000000       0.52319652701911       0.28921799818970      -0.05116974612291
    1     -1     64729.0000000000       0.00000000000000       0.00000000000000       0.00000000000000
    1     -1     64729.0000000000       0.00000000000000       0.00000000000000       0.00000000000000
    1     -1     64729.0000000000       0.52112492358992       0.29355372226124      -0.04748710814501
    1     -1     64730.0000000000       0.52112492358992       0.29355372226124      -0.04748710814501
    1     -1     64731.0000000000       0.52112492358992       0.29355372226124      -0.04748710814501
    1     -1     64731.0000000000       0.00000000000000       0.00000000000000       0.00000000000000
    1     -1     64731.0000000000       0.00000000000000       0.00000000000000       0.00000000000000
    1     -1     64731.0000000000       0.51900619231280       0.29784435653643      -0.04383276058347
    1     -1     64732.0000000000       0.51900619231280       0.29784435653643      -0.04383276058347
    1     -1     64733.0000000000       0.51900619231280       0.29784435653643      -0.04383276058347
    1     -1     64733.0000000000       0.00000000000000       0.00000000000000       0.00000000000000
    1     -1     64733.0000000000       0.00000000000000       0.00000000000000       0.00000000000000
    1     -1     64733.0000000000       0.51684146256210       0.30208986900095      -0.04020712503606
    1     -1     64734.0000000000       0.51684146256210       0.30208986900095      -0.04020712503606
    1     -1     64735.0000000000       0.51684146256210       0.30208986900095      -0.04020712503606
    1     -1     64735.0000000000       0.00000000000000       0.00000000000000       0.00000000000000
    1     -1     64735.0000000000       0.00000000000000       0.00000000000000       0.00000000000000
    1     -1     64735.0000000000       0.51463185441423       0.30629025102281      -0.03661059724396
    1     -1     64736.0000000000       0.51463185441423       0.30629025102281      -0.03661059724396
    1     -1     64737.0000000000       0.51463185441423       0.30629025102281      -0.03661059724396
    1     -1     64737.0000000000       0.00000000000000       0.00000000000000       0.00000000000000
    1     -1     64737.0000000000       0.00000000000000       0.00000000000000       0.00000000000000
    1     -1     64737.0000000000       0.51237847778624       0.31044551655216      -0.03304354754133
    1     -1     64738.0000000000       0.51237847778624       0.31044551655216      -0.03304354754133
    1     -1     64739.0000000000       0.51237847778624       0.31044551655216      -0.03304354754133
    1     -1     64739.0000000000       0.00000000000000       0.00000000000000       0.00000000000000
    1     -1     64739.0000000000       0.00000000000000       0.00000000000000       0.00000000000000
    1     -1     64739.0000000000       0.51008243162515       0.31455570131425      -0.02950632132398
    1     -1     64740.0000000000       0.51008243162515       0.31455570131425      -0.02950632132398
    1     -1     64741.0000000000       0.51008243162515       0.31455570131425      -0.02950632132398
    1     -1     64741.0000000000       0.00000000000000       0.00000000000000       0.00000000000000
    1     -1     64741.0000000000       0.00000000000000       0.00000000000000       0.00000000000000
    1     -1     64741.0000000000       0.50774480314803       0.31862086199658      -0.02599923954132
    1     -1     64742.0000000000       0.50774480314803       0.31862086199658      -0.02599923954132
    1     -1     64743.0000000000       0.50774480314803       0.31862086199658      -0.02599923954132
    1     -1     64743.0000000000       0.00000000000000       0.00000000000000       0.00000000000000
    1     -1     64743.0000000000       0.00000000000000       0.00000000000000       0.00000000000000
    1     -1     64743.0000000000       0.50536666713556       0.32264107542787      -0.02252259920697
    1     -1     64744.0000000000       0.50536666713556       0.32264107542787      -0.02252259920697
    1     -1     64745.0000000000       0.50536666713556       0.32264107542787      -0.02252259920697
    1     -1     64745.0000000000       0.00000000000000       0.00000000000000       0.00000000000000
    1     -1     64745.0000000000       0.00000000000000       0.00000000000000       0.00000000000000
    1     -1     64745.0000000000       0.50294908526999       0.32661643776458      -0.01907667392525
    1     -1     64746.0000000000       0.50294908526999       0.32661643776458      -0.01907667392525
    1     -1     64747.0000000000       0.50294908526999       0.32661643776458      -0.01907667392525
    1     -1     64747.0000000000       0.00000000000000       0.00000000000000       0.00000000000000
    1     -1     64747.0000000000       0.00000000000000       0.00000000000000       0.00000000000000
    1     -1     64747.0000000000       0.50049310552415       0.33054706367447      -0.01566171443280
    1     -1     64748.0000000000       0.50049310552415       0.33054706367447      -0.01566171443280
    1     -1     64749.0000000000       0.50049310552415       0.33054706367447      -0.01566171443280
    1     -1     64749.0000000000       0.00000000000000       0.00000000000000       0.00000000000000
    1     -1     64749.0000000000       0.00000000000000       0.00000000000000       0.00000000000000
    1     -1     64749.0000000000       0.49799976159757       0.33443308552445      -0.01227794915137
    1     -1     64750.0000000000       0.49799976159757       0.33443308552445      -0.01227794915137
    1     -1     64751.0000000000       0.49799976159757       0.33443308552445      -0.01227794915137
    1     -1     64751.0000000000       0.00000000000000       0.00000000000000       0.00000000000000
    1     -1     64751.0000000000       0.00000000000000       0.00000000000000       0.00000000000000
    1     -1     64751.0000000000       0.49547007240328       0.33827465256716      -0.00892558475674
    1     -1     64752.0000000000       0.49547007240328       0.33827465256716      -0.00892558475674
    1     -1     64753.0000000000       0.49547007240328       0.33827465256716      -0.00892558475674
    1     -1     64753.0000000000       0.00000000000000       0.00000000000000       0.00000000000000
    1     -1     64753.0000000000       0.00000000000000       0.00000000000000       0.00000000000000
    1     -1     64753.0000000000       0.49290504159012       0.34207193014973      -0.00560480674759
    1     -1     64754.0000000000       0.49290504159012       0.34207193014973      -0.00560480674759
    1     -1     64755.0000000000       0.49290504159012       0.34207193014973      -0.00560480674759
    1     -1     64755.0000000000       0.00000000000000       0.00000000000000       0.00000000000000
    1     -1     64755.0000000000       0.00000000000000       0.00000000000000       0.00000000000000
    1     -1     64755.0000000000       0.49030565712152       0.34582509891198      -0.00231578003117
    1     -1     64756.0000000000       0.49030565712152       0.34582509891198      -0.00231578003117
    1     -1     64757.0000000000       0.49030565712152       0.34582509891198      -0.00231578003117
    1     -1     64757.0000000000       0.00000000000000       0.00000000000000       0.00000000000000
    1     -1     64757.0000000000       0.00000000000000       0.00000000000000       0.00000000000000
    1     -1     64757.0000000000       0.48767289089035       0.34953435400530       0.00094135049020
    1     -1     64758.0000000000       0.48767289089035       0.34953435400530       0.00094135049020
    1     -1     64759.0000000000       0.48767289089035       0.34953435400530       0.00094135049020
    1     -1     64759.0000000000       0.00000000000000       0.00000000000000       0.00000000000000
    1     -1     64759.0000000000       0.00000000000000       0.00000000000000       0.00000000000000
    1     -1     64759.0000000000       0.48500769837510       0.35319990432266       0.00416645933108
    1     -1     64760.0000000000       0.48500769837510       0.35319990432266       0.00416645933108
    1     -1     64761.0000000000       0.48500769837510       0.35319990432266       0.00416645933108
    1     -1     64761.0000000000       0.00000000000000       0.00000000000000       0.00000000000000
    1     -1     64761.0000000000       0.00000000000000       0.00000000000000       0.00000000000000
    1     -1     64761.0000000000       0.48231101834177       0.35682197173324       0.00735943982441
    1     -1     64762.0000000000       0.48231101834177       0.35682197173324       0.00735943982441
    1     -1     64763.0000000000       0.48231101834177       0.35682197173324       0.00735943982441
    1     -1     64763.0000000000       0.00000000000000       0.00000000000000       0.00000000000000
    1     -1     64763.0000000000       0.00000000000000       0.00000000000000       0.00000000000000
    1     -1     64763.0000000000       0.47958377258005       0.36040079033709       0.01052020352867
    1     -1     64764.0000000000       0.47958377258005       0.36040079033709       0.01052020352867
    1     -1     64765.0000000000       0.47958377258005       0.36040079033709       0.01052020352867
    1     -1     64765.0000000000       0.00000000000000       0.00000000000000       0.00000000000000
    1     -1     64765.0000000000       0.00000000000000       0.00000000000000       0.00000000000000
    1     -1     64765.0000000000       0.47682686567957       0.36393660573029       0.01364867963241
    1     -1     64766.0000000000       0.47682686567957       0.36393660573029       0.01364867963241
    1     -1     64767.0000000000       0.47682686567957       0.36393660573029       0.01364867963241
    1     -1     64767.0000000000       0.00000000000000       0.00000000000000       0.00000000000000
    1     -1     64767.0000000000       0.00000000000000       0.00000000000000       0.00000000000000
    1     -1     64767.0000000000       0.47404118484286       0.36742967428450       0.01674481436039
    1     -1     64768.0000000000       0.47404118484286       0.36742967428450       0.01674481436039
    1     -1     64769.0000000000       0.47404118484286       0.36742967428450       0.01674481436039
    1     -1     64769.0000000000       0.00000000000000       0.00000000000000       0.00000000000000
    1     -1     64769.0000000000       0.00000000000000       0.00000000000000       0.00000000000000
    1     -1     64769.0000000000       0.47122759972977       0.37088026244642       0.01980857038240
    1     -1     64770.0000000000       0.47122759972977       0.37088026244642       0.01980857038240
    1     -1     64771.0000000000       0.47122759972977       0.37088026244642       0.01980857038240
    1     -1     64771.0000000000       0.00000000000000       0.00000000000000       0.00000000000000
    1     -1     64771.0000000000       0.00000000000000       0.00000000000000       0.00000000000000
    1     -1     64771.0000000000       0.46838696233869       0.37428864604897       0.02283992622501
    1     -1     64772.0000000000       0.46838696233869       0.37428864604897       0.02283992622501
    1     -1     64773.0000000000       0.46838696233869       0.37428864604897       0.02283992622501
    1     -1     64773.0000000000       0.00000000000000       0.00000000000000       0.00000000000000
    1     -1     64773.0000000000       0.00000000000000       0.00000000000000       0.00000000000000
    1     -1     64773.0000000000       0.46552010691971       0.37765510963909       0.02583887569060
    1     -1     64774.0000000000       0.46552010691971       0.37765510963909       0.02583887569060
    1     -1     64775.0000000000       0.46552010691971       0.37765510963909       0.02583887569060
    1     -1     64775.0000000000       0.00000000000000       0.00000000000000       0.00000000000000
    1     -1     64775.0000000000       0.00000000000000       0.00000000000000       0.00000000000000
    1     -1     64775.0000000000       0.46262784991396       0.38097994582847       0.02880542727541
    1     -1     64776.0000000000       0.46262784991396       0.38097994582847       0.02880542727541
    1     -1     64777.0000000000       0.46262784991396       0.38097994582847       0.02880542727541
    1     -1     64777.0000000000       0.00000000000000       0.00000000000000       0.00000000000000
    1     -1     64777.0000000000       0.00000000000000       0.00000000000000       0.00000000000000
    1     -1     64777.0000000000       0.45971098992820       0.38426345465371       0.03173960360227
    1     -1     64778.0000000000       0.45971098992820       0.38426345465371       0.03173960360227
    1     -1     64779.0000000000       0.45971098992820       0.38426345465371       0.03173960360227
    1     -1     64779.0000000000       0.00000000000000       0.00000000000000       0.00000000000000
    1     -1     64779.0000000000       0.00000000000000       0.00000000000000       0.00000000000000
    1     -1     64779.0000000000       0.45677030773003       0.38750594296293       0.03464144085669
    1     -1     64780.0000000000       0.45677030773003       0.38750594296293       0.03464144085669
    1     -1     64781.0000000000       0.45677030773003       0.38750594296293       0.03464144085669
    1     -1     64781.0000000000       0.00000000000000       0.00000000000000       0.00000000000000
    1     -1     64781.0000000000       0.00000000000000       0.00000000000000       0.00000000000000
    1     -1     64781.0000000000       0.45380656627268       0.39070772381662       0.03751098822788
    1     -1     64782.0000000000       0.45380656627268       0.39070772381662       0.03751098822788
    1     -1     64783.0000000000       0.45380656627268       0.39070772381662       0.03751098822788
    1     -1     64783.0000000000       0.00000000000000       0.00000000000000       0.00000000000000
    1     -1     64783.0000000000       0.00000000000000       0.00000000000000       0.00000000000000
    1     -1     64783.0000000000       0.45082051074629       0.39386911590437       0.04034830736423
    1     -1     64784.0000000000       0.45082051074629       0.39386911590437       0.04034830736423
    1     -1     64785.0000000000       0.45082051074629       0.39386911590437       0.04034830736423
    1     -1     64785.0000000000       0.00000000000000       0.00000000000000       0.00000000000000
    1     -1     64785.0000000000       0.00000000000000       0.00000000000000       0.00000000000000
    1     -1     64785.0000000000       0.44781286864721       0.39699044298656       0.04315347183351
    1     -1     64786.0000000000       0.44781286864721       0.39699044298656       0.04315347183351
    1     -1     64787.0000000000       0.44781286864721       0.39699044298656       0.04315347183351
    1     -1     64787.0000000000       0.00000000000000       0.00000000000000       0.00000000000000
    1     -1     64787.0000000000       0.00000000000000       0.00000000000000       0.00000000000000
    1     -1     64787.0000000000       0.44478434987038       0.40007203335281       0.04592656659632
    1     -1     64788.0000000000       0.44478434987038       0.40007203335281       0.04592656659632
    1     -1     64789.0000000000       0.44478434987038       0.40007203335281       0.04592656659632
    1     -1     64789.0000000000       0.00000000000000       0.00000000000000       0.00000000000000
    1     -1     64789.0000000000       0.00000000000000       0.00000000000000       0.00000000000000
    1     -1     64789.0000000000       0.44173564682984       0.40311421929125       0.04866768748390
    1     -1     64790.0000000000       0.44173564682984       0.40311421929125       0.04866768748390
    1     -1     64791.0000000000       0.44173564682984       0.40311421929125       0.04866768748390
    1     -1     64791.0000000000       0.00000000000000       0.00000000000000       0.00000000000000
    1     -1     64791.0000000000       0.00000000000000       0.00000000000000       0.00000000000000
    1     -1     64791.0000000000       0.43866743458131       0.40611733659461       0.05137694069475
    1     -1     64792.0000000000       0.43866743458131       0.40611733659461       0.05137694069475
    1     -1     64793.0000000000       0.43866743458131       0.40611733659461       0.05137694069475
    1     -1     64793.0000000000       0.00000000000000       0.00000000000000       0.00000000000000
    1     -1     64793.0000000000       0.00000000000000       0.00000000000000       0.00000000000000
    1     -1     64793.0000000000       0.43558037098167       0.40908172406428       0.05405444229723
    1     -1     64794.0000000000       0.43558037098167       0.40908172406428       0.05405444229723
    1     -1     64795.0000000000       0.43558037098167       0.40908172406428       0.05405444229723
    1     -1     64795.0000000000       0.00000000000000       0.00000000000000       0.00000000000000
    1     -1     64795.0000000000       0.00000000000000       0.00000000000000       0.00000000000000
    1     -1     64795.0000000000       0.43247509685190       0.41200772304773       0.05670031774134
    1     -1     64796.0000000000       0.43247509685190       0.41200772304773       0.05670031774134
    1     -1     64797.0000000000       0.43247509685190       0.41200772304773       0.05670031774134
    1     -1     64797.0000000000       0.00000000000000       0.00000000000000       0.00000000000000
    1     -1     64797.0000000000       0.00000000000000       0.00000000000000       0.00000000000000
    1     -1     64797.0000000000       0.42935223616260       0.41489567698604       0.05931470138567
    1     -1     64798.0000000000       0.42935223616260       0.41489567698604       0.05931470138567
    1     -1     64799.0000000000       0.42935223616260       0.41489567698604       0.05931470138567
    1     -1     64799.0000000000       0.00000000000000       0.00000000000000       0.00000000000000
    1     -1     64799.0000000000       0.00000000000000       0.00000000000000       0.00000000000000
    1     -1     64799.0000000000       0.42621239622396       0.41774593098952       0.06189773603879
    1     -1     64800.0000000000       0.42621239622396       0.41774593098952       0.06189773603879
    1     -1     64801.0000000000       0.42621239622396       0.41774593098952       0.06189773603879
    1     -1     64801.0000000000       0.00000000000000       0.00000000000000       0.00000000000000
    1     -1     64801.0000000000       0.00000000000000       0.00000000000000       0.00000000000000
    1     -1     64801.0000000000       0.42305616790289       0.42055883141743       0.06444957250541
    1     -1     64802.0000000000       0.42305616790289       0.42055883141743       0.06444957250541
    1     -1     64803.0000000000       0.42305616790289       0.42055883141743       0.06444957250541
    1     -1     64803.0000000000       0.00000000000000       0.00000000000000       0.00000000000000
    1     -1     64803.0000000000       0.00000000000000       0.00000000000000       0.00000000000000
    1     -1     64803.0000000000       0.41988412584142       0.42333472548600       0.06697036914994
    1     -1     64804.0000000000       0.41988412584142       0.42333472548600       0.06697036914994
    1     -1     64805.0000000000       0.41988412584142       0.42333472548600       0.06697036914994
    1     -1     64805.0000000000       0.00000000000000       0.00000000000000       0.00000000000000
    1     -1     64805.0000000000       0.00000000000000       0.00000000000000       0.00000000000000
    1     -1     64805.0000000000       0.41669682868839       0.42607396089167       0.06946029147014
    1     -1     64806.0000000000       0.41669682868839       0.42607396089167       0.06946029147014
    1     -1     64807.0000000000       0.41669682868839       0.42607396089167       0.06946029147014
    1     -1     64807.0000000000       0.00000000000000       0.00000000000000       0.00000000000000
    1     -1     64807.0000000000       0.00000000000000       0.00000000000000       0.00000000000000
    1     -1     64807.0000000000       0.41349481934192       0.42877688545054       0.07191951168307
    1     -1     64808.0000000000       0.41349481934192       0.42877688545054       0.07191951168307
    1     -1     64809.0000000000       0.41349481934192       0.42877688545054       0.07191951168307
    1     -1     64809.0000000000       0.00000000000000       0.00000000000000       0.00000000000000
    1     -1     64809.0000000000       0.00000000000000       0.00000000000000       0.00000000000000
    1     -1     64809.0000000000       0.41027862520113       0.43144384675426       0.07434820832374
    1     -1     64810.0000000000       0.41027862520113       0.43144384675426       0.07434820832374
    1     -1     64811.0000000000       0.41027862520113       0.43144384675426       0.07434820832374
    1     -1     64811.0000000000       0.00000000000000       0.00000000000000       0.00000000000000
    1     -1     64811.0000000000       0.00000000000000       0.00000000000000       0.00000000000000
    1     -1     64811.0000000000       0.40704875842529       0.43407519184296       0.07674656585756
    1     -1     64812.0000000000       0.40704875842529       0.43407519184296       0.07674656585756
    1     -1     64813.0000000000       0.40704875842529       0.43407519184296       0.07674656585756
    1     -1     64813.0000000000       0.00000000000000       0.00000000000000       0.00000000000000
    1     -1     64813.0000000000       0.00000000000000       0.00000000000000       0.00000000000000
    1     -1     64813.0000000000       0.40380571619775       0.43667126689687       0.07911477430103
    1     -1     64814.0000000000       0.40380571619775       0.43667126689687       0.07911477430103
    1     -1     64815.0000000000       0.40380571619775       0.43667126689687       0.07911477430103
    1     -1     64815.0000000000       0.00000000000000       0.00000000000000       0.00000000000000
    1     -1     64815.0000000000       0.00000000000000       0.00000000000000       0.00000000000000
    1     -1     64815.0000000000       0.40054998100373       0.43923241693607       0.08145302885965
    1     -1     64816.0000000000       0.40054998100373       0.43923241693607       0.08145302885965
    1     -1     64817.0000000000       0.40054998100373       0.43923241693607       0.08145302885965
    1     -1     64817.0000000000       0.00000000000000       0.00000000000000       0.00000000000000
    1     -1     64817.0000000000       0.00000000000000       0.00000000000000       0.00000000000000
    1     -1     64817.0000000000       0.39728202090386       0.44175898554586       0.08376152957078
    1     -1     64818.0000000000       0.39728202090386       0.44175898554586       0.08376152957078
    1     -1     64819.0000000000       0.39728202090386       0.44175898554586       0.08376152957078
    1     -1     64819.0000000000       0.00000000000000       0.00000000000000       0.00000000000000
    1     -1     64819.0000000000       0.00000000000000       0.00000000000000       0.00000000000000
    1     -1     64819.0000000000       0.39400228981433       0.44425131461345       0.08604048096851
    1     -1     64820.0000000000       0.39400228981433       0.44425131461345       0.08604048096851
    1     -1     64821.0000000000       0.39400228981433       0.44425131461345       0.08604048096851
    1     -1     64821.0000000000       0.00000000000000       0.00000000000000       0.00000000000000
    1     -1     64821.0000000000       0.00000000000000       0.00000000000000       0.00000000000000
    1     -1     64821.0000000000       0.39071122780678       0.44670974406704       0.08829009175033
    1     -1     64822.0000000000       0.39071122780678       0.44670974406704       0.08829009175033
    1     -1     64823.0000000000       0.39071122780678       0.44670974406704       0.08829009175033
    1     -1     64823.0000000000       0.00000000000000       0.00000000000000       0.00000000000000
    1     -1     64823.0000000000       0.00000000000000       0.00000000000000       0.00000000000000
    1     -1     64823.0000000000       0.38740926137825       0.44913461165806       0.09051057446026
    1     -1     64824.0000000000       0.38740926137825       0.44913461165806       0.09051057446026
    1     -1     64825.0000000000       0.38740926137825       0.44913461165806       0.09051057446026
    1     -1     64825.0000000000       0.00000000000000       0.00000000000000       0.00000000000000
    1     -1     64825.0000000000       0.00000000000000       0.00000000000000       0.00000000000000
    1     -1     64825.0000000000       0.38409680376338       0.45152625272104       0.09270214518793
    1     -1     64826.0000000000       0.38409680376338       0.45152625272104       0.09270214518793
    1     -1     64827.0000000000       0.38409680376338       0.45152625272104       0.09270214518793
    1     -1     64827.0000000000       0.00000000000000       0.00000000000000       0.00000000000000
    1     -1     64827.0000000000       0.00000000000000       0.00000000000000       0.00000000000000
    1     -1     64827.0000000000       0.38077425521790       0.45388499997669       0.09486502326681
    1     -1     64828.0000000000       0.38077425521790       0.45388499997669       0.09486502326681
    1     -1     64829.0000000000       0.38077425521790       0.45388499997669       0.09486502326681
    1     -1     64829.0000000000       0.00000000000000       0.00000000000000       0.00000000000000
    1     -1     64829.0000000000       0.00000000000000       0.00000000000000       0.00000000000000
    1     -1     64829.0000000000       0.37744200331711       0.45621118333334       0.09699943099608
    1     -1     64830.0000000000       0.37744200331711       0.45621118333334       0.09699943099608
    1     -1     64831.0000000000       0.37744200331711       0.45621118333334       0.09699943099608
    1     -1     64831.0000000000       0.00000000000000       0.00000000000000       0.00000000000000
    1     -1     64831.0000000000       0.00000000000000       0.00000000000000       0.00000000000000
    1     -1     64831.0000000000       0.37410042325923       0.45850512969892       0.09910559336912
    1     -1     64832.0000000000       0.37410042325923       0.45850512969892       0.09910559336912
    1     -1     64833.0000000000       0.37410042325923       0.45850512969892       0.09910559336912
    1     -1     64833.0000000000       0.00000000000000       0.00000000000000       0.00000000000000
    1     -1     64833.0000000000       0.00000000000000       0.00000000000000       0.00000000000000
    1     -1     64833.0000000000       0.37074987815502       0.46076716281789       0.10118373780793
    1     -1     64834.0000000000       0.37074987815502       0.46076716281789       0.10118373780793
    1     -1     64835.0000000000       0.37074987815502       0.46076716281789       0.10118373780793
    1     -1     64835.0000000000       0.00000000000000       0.00000000000000       0.00000000000000
    1     -1     64835.0000000000       0.00000000000000       0.00000000000000       0.00000000000000
    1     -1     64835.0000000000       0.36739071933512       0.46299760310447       0.10323409391252
    1     -1     64836.0000000000       0.36739071933512       0.46299760310447       0.10323409391252
    1     -1     64837.0000000000       0.36739071933512       0.46299760310447       0.10323409391252
    1     -1     64837.0000000000       0.00000000000000       0.00000000000000       0.00000000000000
    1     -1     64837.0000000000       0.00000000000000       0.00000000000000       0.00000000000000
    1     -1     64837.0000000000       0.36402328663867       0.46519676750076       0.10525689322615
    1     -1     64838.0000000000       0.36402328663867       0.46519676750076       0.10525689322615
    1     -1     64839.0000000000       0.36402328663867       0.46519676750076       0.10525689322615
    1     -1     64839.0000000000       0.00000000000000       0.00000000000000       0.00000000000000
    1     -1     64839.0000000000       0.00000000000000       0.00000000000000       0.00000000000000
    1     -1     64839.0000000000       0.36064790871894       0.46736496933456       0.10725236899746
    1     -1     64840.0000000000       0.36064790871894       0.46736496933456       0.10725236899746
    1     -1     64841.0000000000       0.36064790871894       0.46736496933456       0.10725236899746
    1     -1     64841.0000000000       0.00000000000000       0.00000000000000       0.00000000000000
    1     -1     64841.0000000000       0.00000000000000       0.00000000000000       0.00000000000000
    1     -1     64841.0000000000       0.35726490333341       0.46950251819651       0.10922075596379
    1     -1     64842.0000000000       0.35726490333341       0.46950251819651       0.10922075596379
    1     -1     64843.0000000000       0.35726490333341       0.46950251819651       0.10922075596379
    1     -1     64843.0000000000       0.00000000000000       0.00000000000000       0.00000000000000
    1     -1     64843.0000000000       0.00000000000000       0.00000000000000       0.00000000000000
    1     -1     64843.0000000000       0.35387457763998       0.47160971982281       0.11116229013824
    1     -1     64844.0000000000       0.35387457763998       0.47160971982281       0.11116229013824
    1     -1     64845.0000000000       0.35387457763998       0.47160971982281       0.11116229013824
    1     -1     64845.0000000000       0.00000000000000       0.00000000000000       0.00000000000000
    1     -1     64845.0000000000       0.00000000000000       0.00000000000000       0.00000000000000
    1     -1     64845.0000000000       0.35047722849536       0.47368687598355       0.11307720861055
    1     -1     64846.0000000000       0.35047722849536       0.47368687598355       0.11307720861055
    1     -1     64847.0000000000       0.35047722849536       0.47368687598355       0.11307720861055
    1     -1     64847.0000000000       0.00000000000000       0.00000000000000       0.00000000000000
    1     -1     64847.0000000000       0.00000000000000       0.00000000000000       0.00000000000000
    1     -1     64847.0000000000       0.34707314273760       0.47573428439153       0.11496574935486
    1     -1     64848.0000000000       0.34707314273760       0.47573428439153       0.11496574935486
    1     -1     64849.0000000000       0.34707314273760       0.47573428439153       0.11496574935486
    1     -1     64849.0000000000       0.00000000000000       0.00000000000000       0.00000000000000
    1     -1     64849.0000000000       0.00000000000000       0.00000000000000       0.00000000000000
    1     -1     64849.0000000000       0.34366259747858       0.47775223861342       0.11682815103453
    1     -1     64850.0000000000       0.34366259747858       0.47775223861342       0.11682815103453
    1     -1     64851.0000000000       0.34366259747858       0.47775223861342       0.11682815103453
    1     -1     64851.0000000000       0.00000000000000       0.00000000000000       0.00000000000000
    1     -1     64851.0000000000       0.00000000000000       0.00000000000000       0.00000000000000
    1     -1     64851.0000000000       0.34024586038685       0.47974102798807       0.11866465284392
    1     -1     64852.0000000000       0.34024586038685       0.47974102798807       0.11866465284392
    1     -1     64853.0000000000       0.34024586038685       0.47974102798807       0.11866465284392
    1     -1     64853.0000000000       0.00000000000000       0.00000000000000       0.00000000000000
    1     -1     64853.0000000000       0.00000000000000       0.00000000000000       0.00000000000000
    1     -1     64853.0000000000       0.33682318998250       0.48170093754812       0.12047549433504
    1     -1     64854.0000000000       0.33682318998250       0.48170093754812       0.12047549433504
    1     -1     64855.0000000000       0.33682318998250       0.48170093754812       0.12047549433504
    1     -1     64855.0000000000       0.00000000000000       0.00000000000000       0.00000000000000
    1     -1     64855.0000000000       0.00000000000000       0.00000000000000       0.00000000000000
    1     -1     64855.0000000000       0.33339483589484       0.48363224797471       0.12226091524921
    1     -1     64856.0000000000       0.33339483589484       0.48363224797471       0.12226091524921
    1     -1     64857.0000000000       0.33339483589484       0.48363224797471       0.12226091524921
    1     -1     64857.0000000000       0.00000000000000       0.00000000000000       0.00000000000000
    1     -1     64857.0000000000       0.00000000000000       0.00000000000000       0.00000000000000
    1     -1     64857.0000000000       0.32996103916417       0.48553523551971       0.12402115538294
    1     -1     64858.0000000000       0.32996103916417       0.48553523551971       0.12402115538294
    1     -1     64859.0000000000       0.32996103916417       0.48553523551971       0.12402115538294
    1     -1     64859.0000000000       0.00000000000000       0.00000000000000       0.00000000000000
    1     -1     64859.0000000000       0.00000000000000       0.00000000000000       0.00000000000000
    1     -1     64859.0000000000       0.32652203249485       0.48741017197612       0.12575645442538
    1     -1     64860.0000000000       0.32652203249485       0.48741017197612       0.12575645442538
    1     -1     64861.0000000000       0.32652203249485       0.48741017197612       0.12575645442538
    1     -1     64861.0000000000       0.00000000000000       0.00000000000000       0.00000000000000
    1     -1     64861.0000000000       0.00000000000000       0.00000000000000       0.00000000000000
    1     -1     64861.0000000000       0.32307804054000       0.48925732462094       0.12746705184317
    1     -1     64862.0000000000       0.32307804054000       0.48925732462094       0.12746705184317
    1     -1     64863.0000000000       0.32307804054000       0.48925732462094       0.12746705184317
    1     -1     64863.0000000000       0.00000000000000       0.00000000000000       0.00000000000000
    1     -1     64863.0000000000       0.00000000000000       0.00000000000000       0.00000000000000
    1     -1     64863.0000000000       0.31962928015856       0.49107695619049       0.12915318673579
    1     -1     64864.0000000000       0.31962928015856       0.49107695619049       0.12915318673579
    1     -1     64865.0000000000       0.31962928015856       0.49107695619049       0.12915318673579
    1     -1     64865.0000000000       0.00000000000000       0.00000000000000       0.00000000000000
    1     -1     64865.0000000000       0.00000000000000       0.00000000000000       0.00000000000000
    1     -1     64865.0000000000       0.31617596068224       0.49286932484708       0.13081509771981
    1     -1     64866.0000000000       0.31617596068224       0.49286932484708       0.13081509771981
    1     -1     64867.0000000000       0.31617596068224       0.49286932484708       0.13081509771981
    1     -1     64867.0000000000       0.00000000000000       0.00000000000000       0.00000000000000
    1     -1     64867.0000000000       0.00000000000000       0.00000000000000       0.00000000000000
    1     -1     64867.0000000000       0.31271828417381       0.49463468415682       0.13245302281362
    1     -1     64868.0000000000       0.31271828417381       0.49463468415682       0.13245302281362
    1     -1     64869.0000000000       0.31271828417381       0.49463468415682       0.13245302281362
    1     -1     64869.0000000000       0.00000000000000       0.00000000000000       0.00000000000000
    1     -1     64869.0000000000       0.00000000000000       0.00000000000000       0.00000000000000
    1     -1     64869.0000000000       0.30925644567907       0.49637328307466       0.13406719932792
    1     -1     64870.0000000000       0.30925644567907       0.49637328307466       0.13406719932792
    1     -1     64871.0000000000       0.30925644567907       0.49637328307466       0.13406719932792
    1     -1     64871.0000000000       0.00000000000000       0.00000000000000       0.00000000000000
    1     -1     64871.0000000000       0.00000000000000       0.00000000000000       0.00000000000000
    1     -1     64871.0000000000       0.30579063347602       0.49808536593586       0.13565786375613
    1     -1     64872.0000000000       0.30579063347602       0.49808536593586       0.13565786375613
    1     -1     64873.0000000000       0.30579063347602       0.49808536593586       0.13565786375613
    1     -1     64873.0000000000       0.00000000000000       0.00000000000000       0.00000000000000
    1     -1     64873.0000000000       0.00000000000000       0.00000000000000       0.00000000000000
    1     -1     64873.0000000000       0.30232102933678       0.49977117243593       0.13722525169504
    1     -1     64874.0000000000       0.30232102933678       0.49977117243593       0.13722525169504
    1     -1     64875.0000000000       0.30232102933678       0.49977117243593       0.13722525169504
    1     -1     64875.0000000000       0.00000000000000       0.00000000000000       0.00000000000000
    1     -1     64875.0000000000       0.00000000000000       0.00000000000000       0.00000000000000
    1     -1     64875.0000000000       0.29884780873991       0.50143093765458       0.13876959773021
    1     -1     64876.0000000000       0.29884780873991       0.50143093765458       0.13876959773021
    1     -1     64877.0000000000       0.29884780873991       0.50143093765458       0.13876959773021
    1     -1     64877.0000000000       0.00000000000000       0.00000000000000       0.00000000000000
    1     -1     64877.0000000000       0.00000000000000       0.00000000000000       0.00000000000000
    1     -1     64877.0000000000       0.29537114114639       0.50306489202859       0.14029113537975
    1     -1     64878.0000000000       0.29537114114639       0.50306489202859       0.14029113537975
    1     -1     64879.0000000000       0.29537114114639       0.50306489202859       0.14029113537975
    1     -1     64879.0000000000       0.00000000000000       0.00000000000000       0.00000000000000
    1     -1     64879.0000000000       0.00000000000000       0.00000000000000       0.00000000000000
    1     -1     64879.0000000000       0.29189119019977       0.50467326138918       0.14179009698343
    1     -1     64880.0000000000       0.29189119019977       0.50467326138918       0.14179009698343
    1     -1     64881.0000000000       0.29189119019977       0.50467326138918       0.14179009698343
    1     -1     64881.0000000000       0.00000000000000       0.00000000000000       0.00000000000000
    1     -1     64881.0000000000       0.00000000000000       0.00000000000000       0.00000000000000
    1     -1     64881.0000000000       0.28840811397334       0.50625626696020       0.14326671364229
    1     -1     64882.0000000000       0.28840811397334       0.50625626696020       0.14326671364229
    1     -1     64883.0000000000       0.28840811397334       0.50625626696020       0.14326671364229
    1     -1     64883.0000000000       0.00000000000000       0.00000000000000       0.00000000000000
    1     -1     64883.0000000000       0.00000000000000       0.00000000000000       0.00000000000000
    1     -1     64883.0000000000       0.28492206519485       0.50781412537350       0.14472121515607
    1     -1     64884.0000000000       0.28492206519485       0.50781412537350       0.14472121515607
    1     -1     64885.0000000000       0.28492206519485       0.50781412537350       0.14472121515607
    1     -1     64885.0000000000       0.00000000000000       0.00000000000000       0.00000000000000
    1     -1     64885.0000000000       0.00000000000000       0.00000000000000       0.00000000000000
    1     -1     64885.0000000000       0.28143319146061       0.50934704869734       0.14615382994507
    1     -1     64886.0000000000       0.28143319146061       0.50934704869734       0.14615382994507
    1     -1     64887.0000000000       0.28143319146061       0.50934704869734       0.14615382994507
    1     -1     64887.0000000000       0.00000000000000       0.00000000000000       0.00000000000000
    1     -1     64887.0000000000       0.00000000000000       0.00000000000000       0.00000000000000
    1     -1     64887.0000000000       0.27794163546023       0.51085524445670       0.14756478498876
    1     -1     64888.0000000000       0.27794163546023       0.51085524445670       0.14756478498876
    1     -1     64889.0000000000       0.27794163546023       0.51085524445670       0.14756478498876
    1     -1     64889.0000000000       0.00000000000000       0.00000000000000       0.00000000000000
    1     -1     64889.0000000000       0.00000000000000       0.00000000000000       0.00000000000000
    1     -1     64889.0000000000       0.27444753518243       0.51233891566067       0.14895430578516
    1     -1     64890.0000000000       0.27444753518243       0.51233891566067       0.14895430578516
    1     -1     64891.0000000000       0.27444753518243       0.51233891566067       0.14895430578516
    1     -1     64891.0000000000       0.00000000000000       0.00000000000000       0.00000000000000
    1     -1     64891.0000000000       0.00000000000000       0.00000000000000       0.00000000000000
    1     -1     64891.0000000000       0.27095102412690       0.51379826083678       0.15032261628139
    1     -1     64892.0000000000       0.27095102412690       0.51379826083678       0.15032261628139
    1     -1     64893.0000000000       0.27095102412690       0.51379826083678       0.15032261628139
    1     -1     64893.0000000000       0.00000000000000       0.00000000000000       0.00000000000000
    1     -1     64893.0000000000       0.00000000000000       0.00000000000000       0.00000000000000
    1     -1     64893.0000000000       0.26745223150857       0.51523347406368       0.15166993883220
    1     -1     64894.0000000000       0.26745223150857       0.51523347406368       0.15166993883220
    1     -1     64895.0000000000       0.26745223150857       0.51523347406368       0.15166993883220
    1     -1     64895.0000000000       0.00000000000000       0.00000000000000       0.00000000000000
    1     -1     64895.0000000000       0.00000000000000       0.00000000000000       0.00000000000000
    1     -1     64895.0000000000       0.26395128244985       0.51664474501348       0.15299649415277
    1     -1     64896.0000000000       0.26395128244985       0.51664474501348       0.15299649415277
    1     -1     64897.0000000000       0.26395128244985       0.51664474501348       0.15299649415277
    1     -1     64897.0000000000       0.00000000000000       0.00000000000000       0.00000000000000
    1     -1     64897.0000000000       0.00000000000000       0.00000000000000       0.00000000000000
    1     -1     64897.0000000000       0.26044829818933       0.51803225898100       0.15430250129315
    1     -1     64898.0000000000       0.26044829818933       0.51803225898100       0.15430250129315
    1     -1     64899.0000000000       0.26044829818933       0.51803225898100       0.15430250129315
    1     -1     64899.0000000000       0.00000000000000       0.00000000000000       0.00000000000000
    1     -1     64899.0000000000       0.00000000000000       0.00000000000000       0.00000000000000
    1     -1     64899.0000000000       0.25694339626068       0.51939619693931       0.15558817758110
    1     -1     64900.0000000000       0.25694339626068       0.51939619693931       0.15558817758110
    1     -1     64901.0000000000       0.25694339626068       0.51939619693931       0.15558817758110
    1     -1     64901.0000000000       0.00000000000000       0.00000000000000       0.00000000000000
    1     -1     64901.0000000000       0.00000000000000       0.00000000000000       0.00000000000000
    1     -1     64901.0000000000       0.25343669067709       0.52073673558243       0.15685373860257
    1     -1     64902.0000000000       0.25343669067709       0.52073673558243       0.15685373860257
    1     -1     64903.0000000000       0.25343669067709       0.52073673558243       0.15685373860257
    1     -1     64903.0000000000       0.00000000000000       0.00000000000000       0.00000000000000
    1     -1     64903.0000000000       0.00000000000000       0.00000000000000       0.00000000000000
    1     -1     64903.0000000000       0.24992829213738       0.52205404735448       0.15809939819653
    1     -1     64904.0000000000       0.24992829213738       0.52205404735448       0.15809939819653
    1     -1     64905.0000000000       0.24992829213738       0.52205404735448       0.15809939819653
    1     -1     64905.0000000000       0.00000000000000       0.00000000000000       0.00000000000000
    1     -1     64905.0000000000       0.00000000000000       0.00000000000000       0.00000000000000
    1     -1     64905.0000000000       0.24641830818312       0.52334830051228       0.15932536842285
    1     -1     64906.0000000000       0.24641830818312       0.52334830051228       0.15932536842285
    1     -1     64907.0000000000       0.24641830818312       0.52334830051228       0.15932536842285
    1     -1     64907.0000000000       0.00000000000000       0.00000000000000       0.00000000000000
    1     -1     64907.0000000000       0.00000000000000       0.00000000000000       0.00000000000000
    1     -1     64907.0000000000       0.24290684345368       0.52461965910632       0.16053185964952
    1     -1     64908.0000000000       0.24290684345368       0.52461965910632       0.16053185964952
    1     -1     64909.0000000000       0.24290684345368       0.52461965910632       0.16053185964952
    1     -1     64909.0000000000       0.00000000000000       0.00000000000000       0.00000000000000
    1     -1     64909.0000000000       0.00000000000000       0.00000000000000       0.00000000000000
    1     -1     64909.0000000000       0.23939399998486       0.52586828299446       0.16171908048128
    1     -1     64910.0000000000       0.23939399998486       0.52586828299446       0.16171908048128
    1     -1     64911.0000000000       0.23939399998486       0.52586828299446       0.16171908048128
    1     -1     64911.0000000000       0.00000000000000       0.00000000000000       0.00000000000000
    1     -1     64911.0000000000       0.00000000000000       0.00000000000000       0.00000000000000
    1     -1     64911.0000000000       0.23587988092330       0.52709432545209       0.16288724054332
    1     -1     64912.0000000000       0.23587988092330       0.52709432545209       0.16288724054332
    1     -1     64913.0000000000       0.23587988092330       0.52709432545209       0.16288724054332
    1     -1     64913.0000000000       0.00000000000000       0.00000000000000       0.00000000000000
    1  47759     64913.0000000000      319845787.926673949     -274346579.722887814      -11182998.505419830       11.7685675491089       13.5734324062813        0.2565208871610        2567.6025156029
    1  47759     64913.0000000000      319845787.926673949     -274346579.722887814      -11182998.505419830       11.7685675491089       13.5734324062813        0.2565208871610        2527.6025156029
    1     -1     64913.0000000000       0.00000000000000       0.00000000000000       0.00000000000000
    1     -1     64913.0000000000      -0.44086973857363      -0.14931912639198      -0.37859961883704
    1     -1     64914.0000000000      -0.44086973857363      -0.14931912639198      -0.37859961883704
    1     -1     64915.0000000000      -0.44086973857363      -0.14931912639198      -0.37859961883704
    1     -1     64915.0000000000       0.00000000000000       0.00000000000000       0.00000000000000
    1     -1     64915.0000000000       0.00000000000000       0.00000000000000       0.00000000000000
    1     -1     64915.0000000000      -0.44008241638161      -0.14734268475763      -0.38028620711267
    1     -1     64916.0000000000      -0.44008241638161      -0.14734268475763      -0.38028620711267
    1     -1     64917.0000000000      -0.44008241638161      -0.14734268475763      -0.38028620711267
    1     -1     64917.0000000000       0.00000000000000       0.00000000000000       0.00000000000000
    1     -1     64917.0000000000       0.00000000000000       0.00000000000000       0.00000000000000
    1     -1     64917.0000000000      -0.43928346587352      -0.14528476224942      -0.38199787139234
    1     -1     64918.0000000000      -0.43928346587352      -0.14528476224942      -0.38199787139234
    1     -1     64919.0000000000      -0.43928346587352      -0.14528476224942      -0.38199787139234
    1     -1     64919.0000000000       0.00000000000000       0.00000000000000       0.00000000000000
    1     -1     64919.0000000000       0.00000000000000       0.00000000000000       0.00000000000000
    1     -1     64919.0000000000      -0.43847208246844      -0.14314218897125      -0.38373499438063
    1     -1     64920.0000000000      -0.43847208246844      -0.14314218897125      -0.38373499438063
    1     -1     64921.0000000000      -0.43847208246844      -0.14314218897125      -0.38373499438063
    1     -1     64921.0000000000       0.00000000000000       0.00000000000000       0.00000000000000
    1     -1     64921.0000000000       0.00000000000000       0.00000000000000       0.00000000000000
    1     -1     64921.0000000000      -0.43764739069308      -0.14091164959431      -0.38549794773533
    1     -1     64922.0000000000      -0.43764739069308      -0.14091164959431      -0.38549794773533
    1     -1     64923.0000000000      -0.43764739069308      -0.14091164959431      -0.38549794773533
    1     -1     64923.0000000000       0.00000000000000       0.00000000000000       0.00000000000000
    1     -1     64923.0000000000       0.00000000000000       0.00000000000000       0.00000000000000
    1     -1     64923.0000000000      -0.43680843834087      -0.13858967509883      -0.38728708916025
    1     -1     64924.0000000000      -0.43680843834087      -0.13858967509883      -0.38728708916025
    1     -1     64925.0000000000      -0.43680843834087      -0.13858967509883      -0.38728708916025
    1     -1     64925.0000000000       0.00000000000000       0.00000000000000       0.00000000000000
    1     -1     64925.0000000000       0.00000000000000       0.00000000000000       0.00000000000000
    1     -1     64925.0000000000      -0.43595419014927      -0.13617263406667      -0.38910275905298
    1     -1     64926.0000000000      -0.43595419014927      -0.13617263406667      -0.38910275905298
    1     -1     64927.0000000000      -0.43595419014927      -0.13617263406667      -0.38910275905298
    1     -1     64927.0000000000       0.00000000000000       0.00000000000000       0.00000000000000
    1     -1     64927.0000000000       0.00000000000000       0.00000000000000       0.00000000000000
    1     -1     64927.0000000000      -0.43508352086745      -0.13365672351172      -0.39094527674560
    1     -1     64928.0000000000      -0.43508352086745      -0.13365672351172      -0.39094527674560
    1     -1     64929.0000000000      -0.43508352086745      -0.13365672351172      -0.39094527674560
    1     -1     64929.0000000000       0.00000000000000       0.00000000000000       0.00000000000000
    1     -1     64929.0000000000       0.00000000000000       0.00000000000000       0.00000000000000
    1     -1     64929.0000000000      -0.43419520773178      -0.13103795922222      -0.39281493620486
    1     -1     64930.0000000000      -0.43419520773178      -0.13103795922222      -0.39281493620486
    1     -1     64931.0000000000      -0.43419520773178      -0.13103795922222      -0.39281493620486
    1     -1     64931.0000000000       0.00000000000000       0.00000000000000       0.00000000000000
    1     -1     64931.0000000000       0.00000000000000       0.00000000000000       0.00000000000000
    1     -1     64931.0000000000      -0.43328792227803      -0.12831216561196      -0.39471200114002
    1     -1     64932.0000000000      -0.43328792227803      -0.12831216561196      -0.39471200114002
    1     -1     64933.0000000000      -0.43328792227803      -0.12831216561196      -0.39471200114002
    1     -1     64933.0000000000       0.00000000000000       0.00000000000000       0.00000000000000
    1     -1     64933.0000000000       0.00000000000000       0.00000000000000       0.00000000000000
    1     -1     64933.0000000000      -0.43236022140878      -0.12547496506869      -0.39663669946736
    1     -1     64934.0000000000      -0.43236022140878      -0.12547496506869      -0.39663669946736
    1     -1     64935.0000000000      -0.43236022140878      -0.12547496506869      -0.39663669946736
    1     -1     64935.0000000000       0.00000000000000       0.00000000000000       0.00000000000000
    1     -1     64935.0000000000       0.00000000000000       0.00000000000000       0.00000000000000
    1     -1     64935.0000000000      -0.43141053763943      -0.12252176678818      -0.39858921706032
    1     -1     64936.0000000000      -0.43141053763943      -0.12252176678818      -0.39858921706032
    1     -1     64937.0000000000      -0.43141053763943      -0.12252176678818      -0.39858921706032
    1     -1     64937.0000000000       0.00000000000000       0.00000000000000       0.00000000000000
    1     -1     64937.0000000000       0.00000000000000       0.00000000000000       0.00000000000000
    1     -1     64937.0000000000      -0.43043716850867      -0.11944775510007      -0.40056969062548
    1     -1     64938.0000000000      -0.43043716850867      -0.11944775510007      -0.40056969062548
    1     -1     64939.0000000000      -0.43043716850867      -0.11944775510007      -0.40056969062548
    1     -1     64939.0000000000       0.00000000000000       0.00000000000000       0.00000000000000
    1     -1     64939.0000000000       0.00000000000000       0.00000000000000       0.00000000000000
    1     -1     64939.0000000000      -0.42943826499223      -0.11624787728340      -0.40257819969240
    1     -1     64940.0000000000      -0.42943826499223      -0.11624787728340      -0.40257819969240
    1     -1     64941.0000000000      -0.42943826499223      -0.11624787728340      -0.40257819969240
    1     -1     64941.0000000000       0.00000000000000       0.00000000000000       0.00000000000000
    1     -1     64941.0000000000       0.00000000000000       0.00000000000000       0.00000000000000
    1     -1     64941.0000000000      -0.42841181891204      -0.11291683089617      -0.40461475751244
    1     -1     64942.0000000000      -0.42841181891204      -0.11291683089617      -0.40461475751244
    1     -1     64943.0000000000      -0.42841181891204      -0.11291683089617      -0.40461475751244
    1     -1     64943.0000000000       0.00000000000000       0.00000000000000       0.00000000000000
    1     -1     64943.0000000000       0.00000000000000       0.00000000000000       0.00000000000000
    1     -1     64943.0000000000      -0.42735564918562      -0.10944905063687      -0.40667930080572
    1     -1     64944.0000000000      -0.42735564918562      -0.10944905063687      -0.40667930080572
    1     -1     64945.0000000000      -0.42735564918562      -0.10944905063687      -0.40667930080572
    1     -1     64945.0000000000       0.00000000000000       0.00000000000000       0.00000000000000
    1     -1     64945.0000000000       0.00000000000000       0.00000000000000       0.00000000000000
    1     -1     64945.0000000000      -0.42626738684554      -0.10583869476643      -0.40877167817991
    1     -1     64946.0000000000      -0.42626738684554      -0.10583869476643      -0.40877167817991
    1     -1     64947.0000000000      -0.42626738684554      -0.10583869476643      -0.40877167817991
    1     -1     64947.0000000000       0.00000000000000       0.00000000000000       0.00000000000000
    1     -1     64947.0000000000       0.00000000000000       0.00000000000000       0.00000000000000
    1     -1     64947.0000000000      -0.42514445871865      -0.10207963116746      -0.41089163705476
    1     -1     64948.0000000000      -0.42514445871865      -0.10207963116746      -0.41089163705476
    1     -1     64949.0000000000      -0.42514445871865      -0.10207963116746      -0.41089163705476
    1     -1     64949.0000000000       0.00000000000000       0.00000000000000       0.00000000000000
    1     -1     64949.0000000000       0.00000000000000       0.00000000000000       0.00000000000000
    1     -1     64949.0000000000      -0.42398406964221      -0.09816542308446      -0.41303880892754
    1     -1     64950.0000000000      -0.42398406964221      -0.09816542308446      -0.41303880892754
    1     -1     64951.0000000000      -0.42398406964221      -0.09816542308446      -0.41303880892754
    1     -1     64951.0000000000       0.00000000000000       0.00000000000000       0.00000000000000
    1     -1     64951.0000000000       0.00000000000000       0.00000000000000       0.00000000000000
    1     -1     64951.0000000000      -0.42278318310241      -0.09408931466469      -0.41521269276327
    1     -1     64952.0000000000      -0.42278318310241      -0.09408931466469      -0.41521269276327
    1     -1     64953.0000000000      -0.42278318310241      -0.09408931466469      -0.41521269276327
    1     -1     64953.0000000000       0.00000000000000       0.00000000000000       0.00000000000000
    1     -1     64953.0000000000       0.00000000000000       0.00000000000000       0.00000000000000
    1     -1     64953.0000000000      -0.42153850016686      -0.08984421639955      -0.41741263629246
    1     -1     64954.0000000000      -0.42153850016686      -0.08984421639955      -0.41741263629246
    1     -1     64955.0000000000      -0.42153850016686      -0.08984421639955      -0.41741263629246
    1     -1     64955.0000000000       0.00000000000000       0.00000000000000       0.00000000000000
    1     -1     64955.0000000000       0.00000000000000       0.00000000000000       0.00000000000000
    1     -1     64955.0000000000      -0.42024643657948      -0.08542269063997      -0.41963781496199
    1     -1     64956.0000000000      -0.42024643657948      -0.08542269063997      -0.41963781496199
    1     -1     64957.0000000000      -0.42024643657948      -0.08542269063997      -0.41963781496199
    1     -1     64957.0000000000       0.00000000000000       0.00000000000000       0.00000000000000
    1     -1     64957.0000000000       0.00000000000000       0.00000000000000       0.00000000000000
    1     -1     64957.0000000000      -0.41890309788210      -0.08081693737547      -0.42188720826547
    1     -1     64958.0000000000      -0.41890309788210      -0.08081693737547      -0.42188720826547
    1     -1     64959.0000000000      -0.41890309788210      -0.08081693737547      -0.42188720826547
    1     -1     64959.0000000000       0.00000000000000       0.00000000000000       0.00000000000000
    1     -1     64959.0000000000       0.00000000000000       0.00000000000000       0.00000000000000
    1     -1     64959.0000000000      -0.41750425243275      -0.07601878050715      -0.42415957314527
    1     -1     64960.0000000000      -0.41750425243275      -0.07601878050715      -0.42415957314527
    1     -1     64961.0000000000      -0.41750425243275      -0.07601878050715      -0.42415957314527
    1     -1     64961.0000000000       0.00000000000000       0.00000000000000       0.00000000000000
    1     -1     64961.0000000000       0.00000000000000       0.00000000000000       0.00000000000000
    1     -1     64961.0000000000      -0.41604530216367      -0.07101965497774      -0.42645341414319
    1     -1     64962.0000000000      -0.41604530216367      -0.07101965497774      -0.42645341414319
    1     -1     64963.0000000000      -0.41604530216367      -0.07101965497774      -0.42645341414319
    1     -1     64963.0000000000       0.00000000000000       0.00000000000000       0.00000000000000
    1     -1     64963.0000000000       0.00000000000000       0.00000000000000       0.00000000000000
    1     -1     64963.0000000000      -0.41452125099952      -0.06581059499449      -0.42876694991133
    1     -1     64964.0000000000      -0.41452125099952      -0.06581059499449      -0.42876694991133
    1     -1     64965.0000000000      -0.41452125099952      -0.06581059499449      -0.42876694991133
    1     -1     64965.0000000000       0.00000000000000       0.00000000000000       0.00000000000000
    1     -1     64965.0000000000       0.00000000000000       0.00000000000000       0.00000000000000
    1     -1     64965.0000000000      -0.41292667074798      -0.06038222398524      -0.43109807572244
    1     -1     64966.0000000000      -0.41292667074798      -0.06038222398524      -0.43109807572244
    1     -1     64967.0000000000      -0.41292667074798      -0.06038222398524      -0.43109807572244
    1     -1     64967.0000000000       0.00000000000000       0.00000000000000       0.00000000000000
    1     -1     64967.0000000000       0.00000000000000       0.00000000000000       0.00000000000000
    1     -1     64967.0000000000      -0.41125566441647      -0.05472474667490      -0.43344432153015
    1     -1     64968.0000000000      -0.41125566441647      -0.05472474667490      -0.43344432153015
    1     -1     64969.0000000000      -0.41125566441647      -0.05472474667490      -0.43344432153015
    1     -1     64969.0000000000       0.00000000000000       0.00000000000000       0.00000000000000
    1     -1     64969.0000000000       0.00000000000000       0.00000000000000       0.00000000000000
    1     -1     64969.0000000000      -0.40950182686892      -0.04882794400070      -0.43580280512599
    1     -1     64970.0000000000      -0.40950182686892      -0.04882794400070      -0.43580280512599
    1     -1     64971.0000000000      -0.40950182686892      -0.04882794400070      -0.43580280512599
    1     -1     64971.0000000000       0.00000000000000       0.00000000000000       0.00000000000000
    1     -1     64971.0000000000       0.00000000000000       0.00000000000000       0.00000000000000
    1     -1     64971.0000000000      -0.40765820274817      -0.04268117170181      -0.43817017994643
    1     -1     64972.0000000000      -0.40765820274817      -0.04268117170181      -0.43817017994643
    1     -1     64973.0000000000      -0.40765820274817      -0.04268117170181      -0.43817017994643
    1     -1     64973.0000000000       0.00000000000000       0.00000000000000       0.00000000000000
    1     -1     64973.0000000000       0.00000000000000       0.00000000000000       0.00000000000000
    1     -1     64973.0000000000      -0.40571724174190      -0.03627336341614      -0.44054257698867
    1     -1     64974.0000000000      -0.40571724174190      -0.03627336341614      -0.44054257698867
    1     -1     64975.0000000000      -0.40571724174190      -0.03627336341614      -0.44054257698867
    1     -1     64975.0000000000       0.00000000000000       0.00000000000000       0.00000000000000
    1     -1     64975.0000000000       0.00000000000000       0.00000000000000       0.00000000000000
    1     -1     64975.0000000000      -0.40367075120902      -0.02959303951555      -0.44291554038053
    1     -1     64976.0000000000      -0.40367075120902      -0.02959303951555      -0.44291554038053
    1     -1     64977.0000000000      -0.40367075120902      -0.02959303951555      -0.44291554038053
    1     -1     64977.0000000000       0.00000000000000       0.00000000000000       0.00000000000000
    1     -1     64977.0000000000       0.00000000000000       0.00000000000000       0.00000000000000
    1     -1     64977.0000000000      -0.40150984637119      -0.02262832292665      -0.44528395608702
    1     -1     64978.0000000000      -0.40150984637119      -0.02262832292665      -0.44528395608702
    1     -1     64979.0000000000      -0.40150984637119      -0.02262832292665      -0.44528395608702
    1     -1     64979.0000000000       0.00000000000000       0.00000000000000       0.00000000000000
    1     -1     64979.0000000000       0.00000000000000       0.00000000000000       0.00000000000000
    1     -1     64979.0000000000      -0.39922489838438      -0.01536696345106      -0.44764197326019
    1     -1     64980.0000000000      -0.39922489838438      -0.01536696345106      -0.44764197326019
    1     -1     64981.0000000000      -0.39922489838438      -0.01536696345106      -0.44764197326019
    1     -1     64981.0000000000       0.00000000000000       0.00000000000000       0.00000000000000
    1     -1     64981.0000000000       0.00000000000000       0.00000000000000       0.00000000000000
    1     -1     64981.0000000000      -0.39680548064583      -0.00779637248322      -0.44998291788193
    1     -1     64982.0000000000      -0.39680548064583      -0.00779637248322      -0.44998291788193
    1     -1     64983.0000000000      -0.39680548064583      -0.00779637248322      -0.44998291788193
    1     -1     64983.0000000000       0.00000000000000       0.00000000000000       0.00000000000000
    1     -1     64983.0000000000       0.00000000000000       0.00000000000000       0.00000000000000
    1     -1     64983.0000000000      -0.39424031406880       0.00009632996041      -0.45229919827861
    1     -1     64984.0000000000      -0.39424031406880       0.00009632996041      -0.45229919827861
    1     -1     64985.0000000000      -0.39424031406880       0.00009632996041      -0.45229919827861
    1     -1     64985.0000000000       0.00000000000000       0.00000000000000       0.00000000000000
    1     -1     64985.0000000000       0.00000000000000       0.00000000000000       0.00000000000000
    1     -1     64985.0000000000      -0.39151721206507       0.00832425344459      -0.45458220240280
    1     -1     64986.0000000000      -0.39151721206507       0.00832425344459      -0.45458220240280
    1     -1     64987.0000000000      -0.39151721206507       0.00832425344459      -0.45458220240280
    1     -1     64987.0000000000       0.00000000000000       0.00000000000000       0.00000000000000
    1     -1     64987.0000000000       0.00000000000000       0.00000000000000       0.00000000000000
    1     -1     64987.0000000000      -0.38862302641006       0.01690065808531      -0.45682218683003
    1     -1     64988.0000000000      -0.38862302641006       0.01690065808531      -0.45682218683003
    1     -1     64989.0000000000      -0.38862302641006       0.01690065808531      -0.45682218683003
    1     -1     64989.0000000000       0.00000000000000       0.00000000000000       0.00000000000000
    1     -1     64989.0000000000       0.00000000000000       0.00000000000000       0.00000000000000
    1     -1     64989.0000000000      -0.38554359529870       0.02583885574565      -0.45900815781194
    1     -1     64990.0000000000      -0.38554359529870       0.02583885574565      -0.45900815781194
    1     -1     64991.0000000000      -0.38554359529870       0.02583885574565      -0.45900815781194
    1     -1     64991.0000000000       0.00000000000000       0.00000000000000       0.00000000000000
    1     -1     64991.0000000000       0.00000000000000       0.00000000000000       0.00000000000000
    1     -1     64991.0000000000      -0.38226369448370       0.03515209030836      -0.46112774553981
    1     -1     64992.0000000000      -0.38226369448370       0.03515209030836      -0.46112774553981
    1     -1     64993.0000000000      -0.38226369448370       0.03515209030836      -0.46112774553981
    1     -1     64993.0000000000       0.00000000000000       0.00000000000000       0.00000000000000
    1     -1     64993.0000000000       0.00000000000000       0.00000000000000       0.00000000000000
    1     -1     64993.0000000000      -0.37876699741529       0.04485337457223      -0.46316707108611
    1     -1     64994.0000000000      -0.37876699741529       0.04485337457223      -0.46316707108611
    1     -1     64995.0000000000      -0.37876699741529       0.04485337457223      -0.46316707108611
    1     -1     64995.0000000000       0.00000000000000       0.00000000000000       0.00000000000000
    1     -1     64995.0000000000       0.00000000000000       0.00000000000000       0.00000000000000
    1     -1     64995.0000000000      -0.17189136034272       0.02518754243026      -0.21317535449194
    1     -1     64996.0000000000      -0.17189136034272       0.02518754243026      -0.21317535449194
    1     -1     64997.0000000000      -0.17189136034272       0.02518754243026      -0.21317535449194
    1     -1     64997.0000000000       0.00000000000000       0.00000000000000       0.00000000000000
    1     -1     65105.0000000000       0.00000000000000       0.00000000000000       0.00000000000000
    1     -1     65105.0000000000       0.00453946292851       0.01171757522325      -0.00060842976148
    1     -1     65106.0000000000       0.00453946292851       0.01171757522325      -0.00060842976148
    1     -1     65107.0000000000       0.00453946292851       0.01171757522325      -0.00060842976148
    1     -1     65107.0000000000       0.00000000000000       0.00000000000000       0.00000000000000
    1     -1     65107.0000000000       0.00000000000000       0.00000000000000       0.00000000000000
    1     -1     65107.0000000000       0.22288300586343       0.55669216381291      -0.02042057116193
    1     -1     65108.0000000000       0.22288300586343       0.55669216381291      -0.02042057116193
    1     -1     65109.0000000000       0.22288300586343       0.55669216381291      -0.02042057116193
    1     -1     65109.0000000000       0.00000000000000       0.00000000000000       0.00000000000000
    1     -1     65109.0000000000       0.00000000000000       0.00000000000000       0.00000000000000
    1     -1     65109.0000000000       0.22899597021552       0.55444876480778      -0.01214133881312
    1     -1     65110.0000000000       0.22899597021552       0.55444876480778      -0.01214133881312
    1     -1     65111.0000000000       0.22899597021552       0.55444876480778      -0.01214133881312
    1     -1     65111.0000000000       0.00000000000000       0.00000000000000       0.00000000000000
    1     -1     65111.0000000000       0.00000000000000       0.00000000000000       0.00000000000000
    1     -1     65111.0000000000       0.23484845024870       0.55211305848367      -0.00416837469441
    1     -1     65112.0000000000       0.23484845024870       0.55211305848367      -0.00416837469441
    1     -1     65113.0000000000       0.23484845024870       0.55211305848367      -0.00416837469441
    1     -1     65113.0000000000       0.00000000000000       0.00000000000000       0.00000000000000
    1     -1     65113.0000000000       0.00000000000000       0.00000000000000       0.00000000000000
    1     -1     65113.0000000000       0.24045526746780       0.54969896687860       0.00350848109454
    1     -1     65114.0000000000       0.24045526746780       0.54969896687860       0.00350848109454
    1     -1     65115.0000000000       0.24045526746780       0.54969896687860       0.00350848109454
    1     -1     65115.0000000000       0.00000000000000       0.00000000000000       0.00000000000000
    1     -1     65115.0000000000       0.00000000000000       0.00000000000000       0.00000000000000
    1     -1     65115.0000000000       0.24583067915817       0.54721885504405       0.01089959397926
    1     -1     65116.0000000000       0.24583067915817       0.54721885504405       0.01089959397926
    1     -1     65117.0000000000       0.24583067915817       0.54721885504405       0.01089959397926
    1     -1     65117.0000000000       0.00000000000000       0.00000000000000       0.00000000000000
    1     -1     65117.0000000000       0.00000000000000       0.00000000000000       0.00000000000000
    1     -1     65117.0000000000       0.25098825151819       0.54468371277875       0.01801526889606
    1     -1     65118.0000000000       0.25098825151819       0.54468371277875       0.01801526889606
    1     -1     65119.0000000000       0.25098825151819       0.54468371277875       0.01801526889606
    1     -1     65119.0000000000       0.00000000000000       0.00000000000000       0.00000000000000
    1     -1     65119.0000000000       0.00000000000000       0.00000000000000       0.00000000000000
    1     -1     65119.0000000000       0.25594087061879       0.54210328123258       0.02486568928789
    1     -1     65120.0000000000       0.25594087061879       0.54210328123258       0.02486568928789
    1     -1     65121.0000000000       0.25594087061879       0.54210328123258       0.02486568928789
    1     -1     65121.0000000000       0.00000000000000       0.00000000000000       0.00000000000000
    1     -1     65121.0000000000       0.00000000000000       0.00000000000000       0.00000000000000
    1     -1     65121.0000000000       0.26070074902181       0.53948617511220       0.03146085825709
    1     -1     65122.0000000000       0.26070074902181       0.53948617511220       0.03146085825709
    1     -1     65123.0000000000       0.26070074902181       0.53948617511220       0.03146085825709
    1     -1     65123.0000000000       0.00000000000000       0.00000000000000       0.00000000000000
    1     -1     65123.0000000000       0.00000000000000       0.00000000000000       0.00000000000000
    1     -1     65123.0000000000       0.26527943741971       0.53683999639929       0.03781054916677
    1     -1     65124.0000000000       0.26527943741971       0.53683999639929       0.03781054916677
    1     -1     65125.0000000000       0.26527943741971       0.53683999639929       0.03781054916677
    1     -1     65125.0000000000       0.00000000000000       0.00000000000000       0.00000000000000
    1     -1     65125.0000000000       0.00000000000000       0.00000000000000       0.00000000000000
    1     -1     65125.0000000000       0.26968784106571       0.53417143914569       0.04392426735121
    1     -1     65126.0000000000       0.26968784106571       0.53417143914569       0.04392426735121
    1     -1     65127.0000000000       0.26968784106571       0.53417143914569       0.04392426735121
    1     -1     65127.0000000000       0.00000000000000       0.00000000000000       0.00000000000000
    1     -1     65127.0000000000       0.00000000000000       0.00000000000000       0.00000000000000
    1     -1     65127.0000000000       0.27393624006672       0.53148638537622       0.04981122180624
    1     -1     65128.0000000000       0.27393624006672       0.53148638537622       0.04981122180624
    1     -1     65129.0000000000       0.27393624006672       0.53148638537622       0.04981122180624
    1     -1     65129.0000000000       0.00000000000000       0.00000000000000       0.00000000000000
    1     -1     65129.0000000000       0.00000000000000       0.00000000000000       0.00000000000000
    1     -1     65129.0000000000       0.27803431246847       0.52878999243343       0.05548030526632
    1     -1     65130.0000000000       0.27803431246847       0.52878999243343       0.05548030526632
    1     -1     65131.0000000000       0.27803431246847       0.52878999243343       0.05548030526632
    1     -1     65131.0000000000       0.00000000000000       0.00000000000000       0.00000000000000
    1     -1     65131.0000000000       0.00000000000000       0.00000000000000       0.00000000000000
    1     -1     65131.0000000000       0.28199115921066       0.52608677222067       0.06094008123936
    1     -1     65132.0000000000       0.28199115921066       0.52608677222067       0.06094008123936
    1     -1     65133.0000000000       0.28199115921066       0.52608677222067       0.06094008123936
    1     -1     65133.0000000000       0.00000000000000       0.00000000000000       0.00000000000000
    1     -1     65133.0000000000       0.00000000000000       0.00000000000000       0.00000000000000
    1     -1     65133.0000000000       0.28581533019569       0.52338066287761       0.06619877665732
    1     -1     65134.0000000000       0.28581533019569       0.52338066287761       0.06619877665732
    1     -1     65135.0000000000       0.28581533019569       0.52338066287761       0.06619877665732
    1     -1     65135.0000000000       0.00000000000000       0.00000000000000       0.00000000000000
    1     -1     65135.0000000000       0.00000000000000       0.00000000000000       0.00000000000000
    1     -1     65135.0000000000       0.28951485086841       0.52067509344121       0.07126427910692
    1     -1     65136.0000000000       0.28951485086841       0.52067509344121       0.07126427910692
    1     -1     65137.0000000000       0.28951485086841       0.52067509344121       0.07126427910692
    1     -1     65137.0000000000       0.00000000000000       0.00000000000000       0.00000000000000
    1     -1     65137.0000000000       0.00000000000000       0.00000000000000       0.00000000000000
    1     -1     65137.0000000000       0.29309724885118       0.51797304202878       0.07614413783950
    1     -1     65138.0000000000       0.29309724885118       0.51797304202878       0.07614413783950
    1     -1     65139.0000000000       0.29309724885118       0.51797304202878       0.07614413783950
    1     -1     65139.0000000000       0.00000000000000       0.00000000000000       0.00000000000000
    1     -1     65139.0000000000       0.00000000000000       0.00000000000000       0.00000000000000
    1     -1     65139.0000000000       0.29656958023669       0.51527708813812       0.08084556758498
    1     -1     65140.0000000000       0.29656958023669       0.51527708813812       0.08084556758498
    1     -1     65141.0000000000       0.29656958023669       0.51527708813812       0.08084556758498
    1     -1     65141.0000000000       0.00000000000000       0.00000000000000       0.00000000000000
    1     -1     65141.0000000000       0.00000000000000       0.00000000000000       0.00000000000000
    1     -1     65141.0000000000       0.29993845529534       0.51258945953207       0.08537545485479
    1     -1     65142.0000000000       0.29993845529534       0.51258945953207       0.08537545485479
    1     -1     65143.0000000000       0.29993845529534       0.51258945953207       0.08537545485479
    1     -1     65143.0000000000       0.00000000000000       0.00000000000000       0.00000000000000
    1     -1     65143.0000000000       0.00000000000000       0.00000000000000       0.00000000000000
    1     -1     65143.0000000000       0.30321006334849       0.50991207426342       0.08974036597083
    1     -1     65144.0000000000       0.30321006334849       0.50991207426342       0.08974036597083
    1     -1     65145.0000000000       0.30321006334849       0.50991207426342       0.08974036597083
    1     -1     65145.0000000000       0.00000000000000       0.00000000000000       0.00000000000000
    1     -1     65145.0000000000       0.00000000000000       0.00000000000000       0.00000000000000
    1     -1     65145.0000000000       0.30639019658112       0.50724657831157       0.09394655667021
    1     -1     65146.0000000000       0.30639019658112       0.50724657831157       0.09394655667021
    1     -1     65147.0000000000       0.30639019658112       0.50724657831157       0.09394655667021
    1     -1     65147.0000000000       0.00000000000000       0.00000000000000       0.00000000000000
    1     -1     65147.0000000000       0.00000000000000       0.00000000000000       0.00000000000000
    1     -1     65147.0000000000       0.30948427189908       0.50459437963380       0.09799998351574
    1     -1     65148.0000000000       0.30948427189908       0.50459437963380       0.09799998351574
    1     -1     65149.0000000000       0.30948427189908       0.50459437963380       0.09799998351574
    1     -1     65149.0000000000       0.00000000000000       0.00000000000000       0.00000000000000
    1     -1     65149.0000000000       0.00000000000000       0.00000000000000       0.00000000000000
    1     -1     65149.0000000000       0.31249735695538       0.50195666911459       0.10190634674684
    1     -1     65150.0000000000       0.31249735695538       0.50195666911459       0.10190634674684
    1     -1     65151.0000000000       0.31249735695538       0.50195666911459       0.10190634674684
    1     -1     65151.0000000000       0.00000000000000       0.00000000000000       0.00000000000000
    1     -1     65151.0000000000       0.00000000000000       0.00000000000000       0.00000000000000
    1     -1     65151.0000000000       0.31543427449436       0.49933438026389       0.10567116182143
    1     -1     65152.0000000000       0.31543427449436       0.49933438026389       0.10567116182143
    1     -1     65153.0000000000       0.31543427449436       0.49933438026389       0.10567116182143
    1     -1     65153.0000000000       0.00000000000000       0.00000000000000       0.00000000000000
    1  43125     65153.0000000000      397936064.306013525       69543665.010628283      -21146044.780850735       -3.9011240411362       18.3303045007167       -0.2713778281535        2357.1769905489
    1  43125     65153.0000000000      397936064.306013525       69543665.010628283      -21146044.780850735       -3.9011240411362       18.3303045007167       -0.2713778281535        2317.1769905489
    1     -1     65153.0000000000       0.00000000000000       0.00000000000000       0.00000000000000
    1     -1     65153.0000000000       0.10883565617991       0.53058264046961       0.25814116459060
    1     -1     65154.0000000000       0.10883565617991       0.53058264046961       0.25814116459060
    1     -1     65155.0000000000       0.10883565617991       0.53058264046961       0.25814116459060
    1     -1     65155.0000000000       0.00000000000000       0.00000000000000       0.00000000000000
    1     -1     65155.0000000000       0.00000000000000       0.00000000000000       0.00000000000000
    1     -1     65155.0000000000       0.10991845089907       0.53040357804507       0.25805033971870
    1     -1     65156.0000000000       0.10991845089907       0.53040357804507       0.25805033971870
    1     -1     65157.0000000000       0.10991845089907       0.53040357804507       0.25805033971870
    1     -1     65157.0000000000       0.00000000000000       0.00000000000000       0.00000000000000
    1     -1     65157.0000000000       0.00000000000000       0.00000000000000       0.00000000000000
    1     -1     65157.0000000000       0.11107129978729       0.53021280304125       0.25794873353963
    1     -1     65158.0000000000       0.11107129978729       0.53021280304125       0.25794873353963
    1     -1     65159.0000000000       0.11107129978729       0.53021280304125       0.25794873353963
    1     -1     65159.0000000000       0.00000000000000       0.00000000000000       0.00000000000000
    1     -1     65159.0000000000       0.00000000000000       0.00000000000000       0.00000000000000
    1     -1     65159.0000000000       0.11229822151640       0.53000943204849       0.25783543329785
    1     -1     65160.0000000000       0.11229822151640       0.53000943204849       0.25783543329785
    1     -1     65161.0000000000       0.11229822151640       0.53000943204849       0.25783543329785
    1     -1     65161.0000000000       0.00000000000000       0.00000000000000       0.00000000000000
    1     -1     65161.0000000000       0.00000000000000       0.00000000000000       0.00000000000000
    1     -1     65161.0000000000       0.11360347374634       0.52979249353361       0.25770945622580
    1     -1     65162.0000000000       0.11360347374634       0.52979249353361       0.25770945622580
    1     -1     65163.0000000000       0.11360347374634       0.52979249353361       0.25770945622580
    1     -1     65163.0000000000       0.00000000000000       0.00000000000000       0.00000000000000
    1     -1     65163.0000000000       0.00000000000000       0.00000000000000       0.00000000000000
    1     -1     65163.0000000000       0.11499159039720       0.52956091452955       0.25756974049867
    1     -1     65164.0000000000       0.11499159039720       0.52956091452955       0.25756974049867
    1     -1     65165.0000000000       0.11499159039720       0.52956091452955       0.25756974049867
    1     -1     65165.0000000000       0.00000000000000       0.00000000000000       0.00000000000000
    1     -1     65165.0000000000       0.00000000000000       0.00000000000000       0.00000000000000
    1     -1     65165.0000000000       0.11646741618628       0.52931350816019       0.25741513227866
    1     -1     65166.0000000000       0.11646741618628       0.52931350816019       0.25741513227866
    1     -1     65167.0000000000       0.11646741618628       0.52931350816019       0.25741513227866
    1     -1     65167.0000000000       0.00000000000000       0.00000000000000       0.00000000000000
    1     -1     65167.0000000000       0.00000000000000       0.00000000000000       0.00000000000000
    1     -1     65167.0000000000       0.11803613784578       0.52904895979341       0.25724437327950
    1     -1     65168.0000000000       0.11803613784578       0.52904895979341       0.25724437327950
    1     -1     65169.0000000000       0.11803613784578       0.52904895979341       0.25724437327950
    1     -1     65169.0000000000       0.00000000000000       0.00000000000000       0.00000000000000
    1     -1     65169.0000000000       0.00000000000000       0.00000000000000       0.00000000000000
    1     -1     65169.0000000000       0.11970331606909       0.52876581101060       0.25705608825383
    1     -1     65170.0000000000       0.11970331606909       0.52876581101060       0.25705608825383
    1     -1     65171.0000000000       0.11970331606909       0.52876581101060       0.25705608825383
    1     -1     65171.0000000000       0.00000000000000       0.00000000000000       0.00000000000000
    1     -1     65171.0000000000       0.00000000000000       0.00000000000000       0.00000000000000
    1     -1     65171.0000000000       0.12147492041542       0.52846244105508       0.25684877142819
    1     -1     65172.0000000000       0.12147492041542       0.52846244105508       0.25684877142819
    1     -1     65173.0000000000       0.12147492041542       0.52846244105508       0.25684877142819
    1     -1     65173.0000000000       0.00000000000000       0.00000000000000       0.00000000000000
    1     -1     65173.0000000000       0.00000000000000       0.00000000000000       0.00000000000000
    1     -1     65173.0000000000       0.12335736817360       0.52813704543299       0.25662077125322
    1     -1     65174.0000000000       0.12335736817360       0.52813704543299       0.25662077125322
    1     -1     65175.0000000000       0.12335736817360       0.52813704543299       0.25662077125322
    1     -1     65175.0000000000       0.00000000000000       0.00000000000000       0.00000000000000
    1     -1     65175.0000000000       0.00000000000000       0.00000000000000       0.00000000000000
    1     -1     65175.0000000000       0.12535756775123       0.52778761124469       0.25637027305075
    1     -1     65176.0000000000       0.12535756775123       0.52778761124469       0.25637027305075
    1     -1     65177.0000000000       0.12535756775123       0.52778761124469       0.25637027305075
    1     -1     65177.0000000000       0.00000000000000       0.00000000000000       0.00000000000000
    1     -1     65177.0000000000       0.00000000000000       0.00000000000000       0.00000000000000
    1     -1     65177.0000000000       0.12748296720681       0.52741188870969       0.25609527914395
    1     -1     65178.0000000000       0.12748296720681       0.52741188870969       0.25609527914395
    1     -1     65179.0000000000       0.12748296720681       0.52741188870969       0.25609527914395
    1     -1     65179.0000000000       0.00000000000000       0.00000000000000       0.00000000000000
    1     -1     65179.0000000000       0.00000000000000       0.00000000000000       0.00000000000000
    1     -1     65179.0000000000       0.12974160844691       0.52700735823518       0.25579358608766
    1     -1     65180.0000000000       0.12974160844691       0.52700735823518       0.25579358608766
    1     -1     65181.0000000000       0.12974160844691       0.52700735823518       0.25579358608766
    1     -1     65181.0000000000       0.00000000000000       0.00000000000000       0.00000000000000
    1     -1     65181.0000000000       0.00000000000000       0.00000000000000       0.00000000000000
    1     -1     65181.0000000000       0.13214218789079       0.52657119223590       0.25546275847313
    1     -1     65182.0000000000       0.13214218789079       0.52657119223590       0.25546275847313
    1     -1     65183.0000000000       0.13214218789079       0.52657119223590       0.25546275847313
    1     -1     65183.0000000000       0.00000000000000       0.00000000000000       0.00000000000000
    1     -1     65183.0000000000       0.00000000000000       0.00000000000000       0.00000000000000
    1     -1     65183.0000000000       0.13469412437736       0.52610021075722       0.25510009874445
    1     -1     65184.0000000000       0.13469412437736       0.52610021075722       0.25510009874445
    1     -1     65185.0000000000       0.13469412437736       0.52610021075722       0.25510009874445
    1     -1     65185.0000000000       0.00000000000000       0.00000000000000       0.00000000000000
    1     -1     65185.0000000000       0.00000000000000       0.00000000000000       0.00000000000000
    1     -1     65185.0000000000       0.13740763525832       0.52559082975543       0.25470261233391
    1     -1     65186.0000000000       0.13740763525832       0.52559082975543       0.25470261233391
    1     -1     65187.0000000000       0.13740763525832       0.52559082975543       0.25470261233391
    1     -1     65187.0000000000       0.00000000000000       0.00000000000000       0.00000000000000
    1     -1     65187.0000000000       0.00000000000000       0.00000000000000       0.00000000000000
    1     -1     65187.0000000000       0.14029382176028       0.52503900065252       0.25426696727986
    1     -1     65188.0000000000       0.14029382176028       0.52503900065252       0.25426696727986
    1     -1     65189.0000000000       0.14029382176028       0.52503900065252       0.25426696727986
    1     -1     65189.0000000000       0.00000000000000       0.00000000000000       0.00000000000000
    1     -1     65189.0000000000       0.00000000000000       0.00000000000000       0.00000000000000
    1     -1     65189.0000000000       0.14336476482773       0.52444013949788       0.25378944731673
    1     -1     65190.0000000000       0.14336476482773       0.52444013949788       0.25378944731673
    1     -1     65191.0000000000       0.14336476482773       0.52444013949788       0.25378944731673
    1     -1     65191.0000000000       0.00000000000000       0.00000000000000       0.00000000000000
    1     -1     65191.0000000000       0.00000000000000       0.00000000000000       0.00000000000000
    1     -1     65191.0000000000       0.14663363279578       0.52378904369949       0.25326589725718
    1     -1     65192.0000000000       0.14663363279578       0.52378904369949       0.25326589725718
    1     -1     65193.0000000000       0.14663363279578       0.52378904369949       0.25326589725718
    1     -1     65193.0000000000       0.00000000000000       0.00000000000000       0.00000000000000
    1     -1     65193.0000000000       0.00000000000000       0.00000000000000       0.00000000000000
    1     -1     65193.0000000000       0.15011480242100       0.52307979385986       0.25269165920075
    1     -1     65194.0000000000       0.15011480242100       0.52307979385986       0.25269165920075
    1     -1     65195.0000000000       0.15011480242100       0.52307979385986       0.25269165920075
    1     -1     65195.0000000000       0.00000000000000       0.00000000000000       0.00000000000000
    1     -1     65195.0000000000       0.00000000000000       0.00000000000000       0.00000000000000
    1     -1     65195.0000000000       0.15382399492829       0.52230563770799       0.25206149781900
    1     -1     65196.0000000000       0.15382399492829       0.52230563770799       0.25206149781900
    1     -1     65197.0000000000       0.15382399492829       0.52230563770799       0.25206149781900
    1     -1     65197.0000000000       0.00000000000000       0.00000000000000       0.00000000000000
    1     -1     65197.0000000000       0.00000000000000       0.00000000000000       0.00000000000000
    1     -1     65197.0000000000       0.15777842889778       0.52145885243869       0.25136951260619
    1     -1     65198.0000000000       0.15777842889778       0.52145885243869       0.25136951260619
    1     -1     65199.0000000000       0.15777842889778       0.52145885243869       0.25136951260619
    1     -1     65199.0000000000       0.00000000000000       0.00000000000000       0.00000000000000
    1     -1     65199.0000000000       0.00000000000000       0.00000000000000       0.00000000000000
    1     -1     65199.0000000000       0.16199699210935       0.52053058098843       0.25060903432113
    1     -1     65200.0000000000       0.16199699210935       0.52053058098843       0.25060903432113
    1     -1     65201.0000000000       0.16199699210935       0.52053058098843       0.25060903432113
    1     -1     65201.0000000000       0.00000000000000       0.00000000000000       0.00000000000000
    1     -1     65201.0000000000       0.00000000000000       0.00000000000000       0.00000000000000
    1     -1     65201.0000000000       0.16650043553203       0.51951063714924       0.24977250076106
    1     -1     65202.0000000000       0.16650043553203       0.51951063714924       0.24977250076106
    1     -1     65203.0000000000       0.16650043553203       0.51951063714924       0.24977250076106
    1     -1     65203.0000000000       0.00000000000000       0.00000000000000       0.00000000000000
    1     -1     65203.0000000000       0.00000000000000       0.00000000000000       0.00000000000000
    1     -1     65203.0000000000       0.17131160151658       0.51838727293278       0.24885130043288
    1     -1     65204.0000000000       0.17131160151658       0.51838727293278       0.24885130043288
    1     -1     65205.0000000000       0.17131160151658       0.51838727293278       0.24885130043288
    1     -1     65205.0000000000       0.00000000000000       0.00000000000000       0.00000000000000
    1     -1     65205.0000000000       0.00000000000000       0.00000000000000       0.00000000000000
    1     -1     65205.0000000000       0.17645570238586       0.51714686524945       0.24783563936243
    1     -1     65206.0000000000       0.17645570238586       0.51714686524945       0.24783563936243
    1     -1     65207.0000000000       0.17645570238586       0.51714686524945       0.24783563936243
    1     -1     65207.0000000000       0.00000000000000       0.00000000000000       0.00000000000000
    1     -1     65207.0000000000       0.00000000000000       0.00000000000000       0.00000000000000
    1     -1     65207.0000000000       0.01122384467455       0.03181458301587       0.01521813667856
    1     -1     65208.0000000000       0.01122384467455       0.03181458301587       0.01521813667856
    1     -1     65209.0000000000       0.01122384467455       0.03181458301587       0.01521813667856
    1     -1     65209.0000000000       0.00000000000000       0.00000000000000       0.00000000000000
    1     -1     65321.0000000000       0.00000000000000       0.00000000000000       0.00000000000000
    1     -1     65321.0000000000       0.19663924240234      -0.44025383781422      -0.25129049378834
    1     -1     65322.0000000000       0.19663924240234      -0.44025383781422      -0.25129049378834
    1     -1     65323.0000000000       0.19663924240234      -0.44025383781422      -0.25129049378834
    1     -1     65323.0000000000       0.00000000000000       0.00000000000000       0.00000000000000
    1     -1     65323.0000000000       0.00000000000000       0.00000000000000       0.00000000000000
    1     -1     65323.0000000000       0.21098811536496      -0.48815517809633      -0.27782825009794
    1     -1     65324.0000000000       0.21098811536496      -0.48815517809633      -0.27782825009794
    1     -1     65325.0000000000       0.21098811536496      -0.48815517809633      -0.27782825009794
    1     -1     65325.0000000000       0.00000000000000       0.00000000000000       0.00000000000000
    1     -1     65325.0000000000       0.00000000000000       0.00000000000000       0.00000000000000
    1     -1     65325.0000000000       0.20527956610689      -0.49032152572974      -0.27828959812582
    1     -1     65326.0000000000       0.20527956610689      -0.49032152572974      -0.27828959812582
    1     -1     65327.0000000000       0.20527956610689      -0.49032152572974      -0.27828959812582
    1     -1     65327.0000000000       0.00000000000000       0.00000000000000       0.00000000000000
    1     -1     65327.0000000000       0.00000000000000       0.00000000000000       0.00000000000000
    1     -1     65327.0000000000       0.19984289653523      -0.49233617730987      -0.27868962035985
    1     -1     65328.0000000000       0.19984289653523      -0.49233617730987      -0.27868962035985
    1     -1     65329.0000000000       0.19984289653523      -0.49233617730987      -0.27868962035985
    1     -1     65329.0000000000       0.00000000000000       0.00000000000000       0.00000000000000
    1     -1     65329.0000000000       0.00000000000000       0.00000000000000       0.00000000000000
    1     -1     65329.0000000000       0.19465610824001      -0.49421539484803      -0.27903430308845
    1     -1     65330.0000000000       0.19465610824001      -0.49421539484803      -0.27903430308845
    1     -1     65331.0000000000       0.19465610824001      -0.49421539484803      -0.27903430308845
    1     -1     65331.0000000000       0.00000000000000       0.00000000000000       0.00000000000000
    1     -1     65331.0000000000       0.00000000000000       0.00000000000000       0.00000000000000
    1     -1     65331.0000000000       0.18969973243402      -0.49597320985505      -0.27932881323010
    1     -1     65332.0000000000       0.18969973243402      -0.49597320985505      -0.27932881323010
    1     -1     65333.0000000000       0.18969973243402      -0.49597320985505      -0.27932881323010
    1     -1     65333.0000000000       0.00000000000000       0.00000000000000       0.00000000000000
    1     -1     65333.0000000000       0.00000000000000       0.00000000000000       0.00000000000000
    1     -1     65333.0000000000       0.18495606401436      -0.49762195980172      -0.27957760780758
    1     -1     65334.0000000000       0.18495606401436      -0.49762195980172      -0.27957760780758
    1     -1     65335.0000000000       0.18495606401436      -0.49762195980172      -0.27957760780758
    1     -1     65335.0000000000       0.00000000000000       0.00000000000000       0.00000000000000
    1     -1     65335.0000000000       0.00000000000000       0.00000000000000       0.00000000000000
    1     -1     65335.0000000000       0.18040897402287      -0.49917252548989      -0.27978454419082
    1     -1     65336.0000000000       0.18040897402287      -0.49917252548989      -0.27978454419082
    1     -1     65337.0000000000       0.18040897402287      -0.49917252548989      -0.27978454419082
    1     -1     65337.0000000000       0.00000000000000       0.00000000000000       0.00000000000000
    1     -1     65337.0000000000       0.00000000000000       0.00000000000000       0.00000000000000
    1     -1     65337.0000000000       0.17604375988246      -0.50063452637980      -0.27995296905538
    1     -1     65338.0000000000       0.17604375988246      -0.50063452637980      -0.27995296905538
    1     -1     65339.0000000000       0.17604375988246      -0.50063452637980      -0.27995296905538
    1     -1     65339.0000000000       0.00000000000000       0.00000000000000       0.00000000000000
    1     -1     65339.0000000000       0.00000000000000       0.00000000000000       0.00000000000000
    1     -1     65339.0000000000       0.17184700551565      -0.50201648868597      -0.28008579232569
    1     -1     65340.0000000000       0.17184700551565      -0.50201648868597      -0.28008579232569
    1     -1     65341.0000000000       0.17184700551565      -0.50201648868597      -0.28008579232569
    1     -1     65341.0000000000       0.00000000000000       0.00000000000000       0.00000000000000
    1     -1     65341.0000000000       0.00000000000000       0.00000000000000       0.00000000000000
    1     -1     65341.0000000000       0.16780645508312      -0.50332598870356      -0.28018554924910
    1     -1     65342.0000000000       0.16780645508312      -0.50332598870356      -0.28018554924910
    1     -1     65343.0000000000       0.16780645508312      -0.50332598870356      -0.28018554924910
    1     -1     65343.0000000000       0.00000000000000       0.00000000000000       0.00000000000000
    1     -1     65343.0000000000       0.00000000000000       0.00000000000000       0.00000000000000
    1     -1     65343.0000000000       0.16391089995122      -0.50456977502940      -0.28025445274600
    1     -1     65344.0000000000       0.16391089995122      -0.50456977502940      -0.28025445274600
    1     -1     65345.0000000000       0.16391089995122      -0.50456977502940      -0.28025445274600
    1     -1     65345.0000000000       0.00000000000000       0.00000000000000       0.00000000000000
    1     -1     65345.0000000000       0.00000000000000       0.00000000000000       0.00000000000000
    1     -1     65345.0000000000       0.16015007766054      -0.50575387303937      -0.28029443770970
    1     -1     65346.0000000000       0.16015007766054      -0.50575387303937      -0.28029443770970
    1     -1     65347.0000000000       0.16015007766054      -0.50575387303937      -0.28029443770970
    1     -1     65347.0000000000       0.00000000000000       0.00000000000000       0.00000000000000
    1     -1     65347.0000000000       0.00000000000000       0.00000000000000       0.00000000000000
    1     -1     65347.0000000000       0.15651458164164      -0.50688367444792      -0.28030719860845
    1     -1     65348.0000000000       0.15651458164164      -0.50688367444792      -0.28030719860845
    1     -1     65349.0000000000       0.15651458164164      -0.50688367444792      -0.28030719860845
    1     -1     65349.0000000000       0.00000000000000       0.00000000000000       0.00000000000000
    1     -1     65349.0000000000       0.00000000000000       0.00000000000000       0.00000000000000
    1     -1     65349.0000000000       0.15299578048612      -0.50796401430506      -0.28029422149686
    1     -1     65350.0000000000       0.15299578048612      -0.50796401430506      -0.28029422149686
    1     -1     65351.0000000000       0.15299578048612      -0.50796401430506      -0.28029422149686
    1     -1     65351.0000000000       0.00000000000000       0.00000000000000       0.00000000000000
    1     -1     65351.0000000000       0.00000000000000       0.00000000000000       0.00000000000000
    1     -1     65351.0000000000       0.14958574571798      -0.50899923737795      -0.28025681134750
    1     -1     65352.0000000000       0.14958574571798      -0.50899923737795      -0.28025681134750
    1     -1     65353.0000000000       0.14958574571798      -0.50899923737795      -0.28025681134750
    1     -1     65353.0000000000       0.00000000000000       0.00000000000000       0.00000000000000
    1     -1     65353.0000000000       0.00000000000000       0.00000000000000       0.00000000000000
    1     -1     65353.0000000000       0.14627718716436      -0.50999325552270      -0.28019611545602
    1     -1     65354.0000000000       0.14627718716436      -0.50999325552270      -0.28019611545602
    1     -1     65355.0000000000       0.14627718716436      -0.50999325552270      -0.28019611545602
    1     -1     65355.0000000000       0.00000000000000       0.00000000000000       0.00000000000000
    1     -1     65355.0000000000       0.00000000000000       0.00000000000000       0.00000000000000
    1     -1     65355.0000000000       0.14306339499165      -0.51094959742726      -0.28011314353737
    1     -1     65356.0000000000       0.14306339499165      -0.51094959742726      -0.28011314353737
    1     -1     65357.0000000000       0.14306339499165      -0.51094959742726      -0.28011314353737
    1     -1     65357.0000000000       0.00000000000000       0.00000000000000       0.00000000000000
    1     -1     65357.0000000000       0.00000000000000       0.00000000000000       0.00000000000000
    1     -1     65357.0000000000       0.13993818774846      -0.51187145182682      -0.28000878503072
    1     -1     65358.0000000000       0.13993818774846      -0.51187145182682      -0.28000878503072
    1     -1     65359.0000000000       0.13993818774846      -0.51187145182682      -0.28000878503072
    1     -1     65359.0000000000       0.00000000000000       0.00000000000000       0.00000000000000
    1     -1     65359.0000000000       0.00000000000000       0.00000000000000       0.00000000000000
    1     -1     65359.0000000000       0.13689586565826      -0.51276170516315      -0.27988382404821
    1     -1     65360.0000000000       0.13689586565826      -0.51276170516315      -0.27988382404821
    1     -1     65361.0000000000       0.13689586565826      -0.51276170516315      -0.27988382404821
    1     -1     65361.0000000000       0.00000000000000       0.00000000000000       0.00000000000000
    1     -1     65361.0000000000       0.00000000000000       0.00000000000000       0.00000000000000
    1     -1     65361.0000000000       0.13393116869306      -0.51362297445221      -0.27973895232408
    1     -1     65362.0000000000       0.13393116869306      -0.51362297445221      -0.27973895232408
    1     -1     65363.0000000000       0.13393116869306      -0.51362297445221      -0.27973895232408
    1     -1     65363.0000000000       0.00000000000000       0.00000000000000       0.00000000000000
    1     -1     65363.0000000000       0.00000000000000       0.00000000000000       0.00000000000000
    1     -1     65363.0000000000       0.13103923886279      -0.51445763604279      -0.27957478047121
    1     -1     65364.0000000000       0.13103923886279      -0.51445763604279      -0.27957478047121
    1     -1     65365.0000000000       0.13103923886279      -0.51445763604279      -0.27957478047121
    1     -1     65365.0000000000       0.00000000000000       0.00000000000000       0.00000000000000
    1     -1     65365.0000000000       0.00000000000000       0.00000000000000       0.00000000000000
    1     -1     65365.0000000000       0.12821558630381      -0.51526785082568      -0.27939184779491
    1     -1     65366.0000000000       0.12821558630381      -0.51526785082568      -0.27939184779491
    1     -1     65367.0000000000       0.12821558630381      -0.51526785082568      -0.27939184779491
    1     -1     65367.0000000000       0.00000000000000       0.00000000000000       0.00000000000000
    1     -1     65367.0000000000       0.00000000000000       0.00000000000000       0.00000000000000
    1     -1     65367.0000000000       0.12545605876729      -0.51605558638163      -0.27919063086516
    1     -1     65368.0000000000       0.12545605876729      -0.51605558638163      -0.27919063086516
    1     -1     65369.0000000000       0.12545605876729      -0.51605558638163      -0.27919063086516
    1     -1     65369.0000000000       0.00000000000000       0.00000000000000       0.00000000000000
    1     -1     65369.0000000000       0.00000000000000       0.00000000000000       0.00000000000000
    1     -1     65369.0000000000       0.12275681410263      -0.51682263649315      -0.27897155102205
    1     -1     65370.0000000000       0.12275681410263      -0.51682263649315      -0.27897155102205
    1     -1     65371.0000000000       0.12275681410263      -0.51682263649315      -0.27897155102205
    1     -1     65371.0000000000       0.00000000000000       0.00000000000000       0.00000000000000
    1     -1     65371.0000000000       0.00000000000000       0.00000000000000       0.00000000000000
    1     -1     65371.0000000000       0.12011429539413      -0.51757063838525      -0.27873498094687
    1     -1     65372.0000000000       0.12011429539413      -0.51757063838525      -0.27873498094687
    1     -1     65373.0000000000       0.12011429539413      -0.51757063838525      -0.27873498094687
    1     -1     65373.0000000000       0.00000000000000       0.00000000000000       0.00000000000000
    1     -1     65373.0000000000       0.00000000000000       0.00000000000000       0.00000000000000
    1     -1     65373.0000000000       0.11752520840125      -0.51830108802136      -0.27848125040318
    1     -1     65374.0000000000       0.11752520840125      -0.51830108802136      -0.27848125040318
    1     -1     65375.0000000000       0.11752520840125      -0.51830108802136      -0.27848125040318
    1     -1     65375.0000000000       0.00000000000000       0.00000000000000       0.00000000000000
    1     -1     65375.0000000000       0.00000000000000       0.00000000000000       0.00000000000000
    1     -1     65375.0000000000       0.11498650101877      -0.51901535370441      -0.27821065127444
    1     -1     65376.0000000000       0.11498650101877      -0.51901535370441      -0.27821065127444
    1     -1     65377.0000000000       0.11498650101877      -0.51901535370441      -0.27821065127444
    1     -1     65377.0000000000       0.00000000000000       0.00000000000000       0.00000000000000
    1     -1     65377.0000000000       0.00000000000000       0.00000000000000       0.00000000000000
    1     -1     65377.0000000000       0.11311527260675      -0.51954053694346      -0.27799741879306
    1     -1     65378.0000000000       0.11311527260675      -0.51954053694346      -0.27799741879306
    1     -1     65378.0000000000       0.00000000000000       0.00000000000000       0.00000000000000
    1  37588     65378.0000000000      196013915.516658783      373203639.720523298      -11756280.652815055      -15.2799315680366        9.5219955173193        0.2913555962736        2170.5695592919
    1  37588     65378.0000000000      196013915.516658783      373203639.720523298      -11756280.652815055      -15.2799315680366        9.5219955173193        0.2913555962736        2130.5695592919
    1     -1     65378.0000000000       0.00000000000000       0.00000000000000       0.00000000000000
    1     -1     65378.0000000000       0.33032911407293       0.07182220059873       0.49570580708415
    1     -1     65379.0000000000       0.33032911407293       0.07182220059873       0.49570580708415
    1     -1     65380.0000000000       0.33032911407293       0.07182220059873       0.49570580708415
    1     -1     65380.0000000000       0.00000000000000       0.00000000000000       0.00000000000000
    1     -1     65380.0000000000       0.00000000000000       0.00000000000000       0.00000000000000
    1     -1     65380.0000000000       0.33009367404934       0.07172123927397       0.49587723225574
    1     -1     65381.0000000000       0.33009367404934       0.07172123927397       0.49587723225574
    1     -1     65382.0000000000       0.33009367404934       0.07172123927397       0.49587723225574
    1     -1     65382.0000000000       0.00000000000000       0.00000000000000       0.00000000000000
    1     -1     65382.0000000000       0.00000000000000       0.00000000000000       0.00000000000000
    1     -1     65382.0000000000       0.32985929382135       0.07164436886315       0.49604428226710
    1     -1     65383.0000000000       0.32985929382135       0.07164436886315       0.49604428226710
    1     -1     65384.0000000000       0.32985929382135       0.07164436886315       0.49604428226710
    1     -1     65384.0000000000       0.00000000000000       0.00000000000000       0.00000000000000
    1     -1     65384.0000000000       0.00000000000000       0.00000000000000       0.00000000000000
    1     -1     65384.0000000000       0.32962562730048       0.07159212854741       0.49620712634627
    1     -1     65385.0000000000       0.32962562730048       0.07159212854741       0.49620712634627
    1     -1     65386.0000000000       0.32962562730048       0.07159212854741       0.49620712634627
    1     -1     65386.0000000000       0.00000000000000       0.00000000000000       0.00000000000000
    1     -1     65386.0000000000       0.00000000000000       0.00000000000000       0.00000000000000
    1     -1     65386.0000000000       0.32939231539837       0.07156510214351       0.49636593153811
    1     -1     65387.0000000000       0.32939231539837       0.07156510214351       0.49636593153811
    1     -1     65388.0000000000       0.32939231539837       0.07156510214351       0.49636593153811
    1     -1     65388.0000000000       0.00000000000000       0.00000000000000       0.00000000000000
    1     -1     65388.0000000000       0.00000000000000       0.00000000000000       0.00000000000000
    1     -1     65388.0000000000       0.32915898468492       0.07156392226493       0.49652086271500
    1     -1     65389.0000000000       0.32915898468492       0.07156392226493       0.49652086271500
    1     -1     65390.0000000000       0.32915898468492       0.07156392226493       0.49652086271500
    1     -1     65390.0000000000       0.00000000000000       0.00000000000000       0.00000000000000
    1     -1     65390.0000000000       0.00000000000000       0.00000000000000       0.00000000000000
    1     -1     65390.0000000000       0.32892524587193       0.07158927489207       0.49667208259426
    1     -1     65391.0000000000       0.32892524587193       0.07158927489207       0.49667208259426
    1     -1     65392.0000000000       0.32892524587193       0.07158927489207       0.49667208259426
    1     -1     65392.0000000000       0.00000000000000       0.00000000000000       0.00000000000000
    1     -1     65392.0000000000       0.00000000000000       0.00000000000000       0.00000000000000
    1     -1     65392.0000000000       0.32869069211792       0.07164190440738       0.49681975174899
    1     -1     65393.0000000000       0.32869069211792       0.07164190440738       0.49681975174899
    1     -1     65394.0000000000       0.32869069211792       0.07164190440738       0.49681975174899
    1     -1     65394.0000000000       0.00000000000000       0.00000000000000       0.00000000000000
    1     -1     65394.0000000000       0.00000000000000       0.00000000000000       0.00000000000000
    1     -1     65394.0000000000       0.32845489711023       0.07172261941219       0.49696402858654
    1     -1     65395.0000000000       0.32845489711023       0.07172261941219       0.49696402858654
    1     -1     65396.0000000000       0.32845489711023       0.07172261941219       0.49696402858654
    1     -1     65396.0000000000       0.00000000000000       0.00000000000000       0.00000000000000
    1     -1     65396.0000000000       0.00000000000000       0.00000000000000       0.00000000000000
    1     -1     65396.0000000000       0.32821741295333       0.07183229996336       0.49710506917170
    1     -1     65397.0000000000       0.32821741295333       0.07183229996336       0.49710506917170
    1     -1     65398.0000000000       0.32821741295333       0.07183229996336       0.49710506917170
    1     -1     65398.0000000000       0.00000000000000       0.00000000000000       0.00000000000000
    1     -1     65398.0000000000       0.00000000000000       0.00000000000000       0.00000000000000
    1     -1     65398.0000000000       0.32797776783873       0.07197190713137       0.49724302676598
    1     -1     65399.0000000000       0.32797776783873       0.07197190713137       0.49724302676598
    1     -1     65400.0000000000       0.32797776783873       0.07197190713137       0.49724302676598
    1     -1     65400.0000000000       0.00000000000000       0.00000000000000       0.00000000000000
    1     -1     65400.0000000000       0.00000000000000       0.00000000000000       0.00000000000000
    1     -1     65400.0000000000       0.32773546351819       0.07214249349036       0.49737805125027
    1     -1     65401.0000000000       0.32773546351819       0.07214249349036       0.49737805125027
    1     -1     65402.0000000000       0.32773546351819       0.07214249349036       0.49737805125027
    1     -1     65402.0000000000       0.00000000000000       0.00000000000000       0.00000000000000
    1     -1     65402.0000000000       0.00000000000000       0.00000000000000       0.00000000000000
    1     -1     65402.0000000000       0.32748997240278       0.07234521085162       0.49751028906191
    1     -1     65403.0000000000       0.32748997240278       0.07234521085162       0.49751028906191
    1     -1     65404.0000000000       0.32748997240278       0.07234521085162       0.49751028906191
    1     -1     65404.0000000000       0.00000000000000       0.00000000000000       0.00000000000000
    1     -1     65404.0000000000       0.00000000000000       0.00000000000000       0.00000000000000
    1     -1     65404.0000000000       0.32724073385634       0.07258131430163       0.49763988405212
    1     -1     65405.0000000000       0.32724073385634       0.07258131430163       0.49763988405212
    1     -1     65406.0000000000       0.32724073385634       0.07258131430163       0.49763988405212
    1     -1     65406.0000000000       0.00000000000000       0.00000000000000       0.00000000000000
    1     -1     65406.0000000000       0.00000000000000       0.00000000000000       0.00000000000000
    1     -1     65406.0000000000       0.32698714988625       0.07285216922139       0.49776697814239
    1     -1     65407.0000000000       0.32698714988625       0.07285216922139       0.49776697814239
    1     -1     65408.0000000000       0.32698714988625       0.07285216922139       0.49776697814239
    1     -1     65408.0000000000       0.00000000000000       0.00000000000000       0.00000000000000
    1     -1     65408.0000000000       0.00000000000000       0.00000000000000       0.00000000000000
    1     -1     65408.0000000000       0.32672858056006       0.07315926571421       0.49789171088236
    1     -1     65409.0000000000       0.32672858056006       0.07315926571421       0.49789171088236
    1     -1     65410.0000000000       0.32672858056006       0.07315926571421       0.49789171088236
    1     -1     65410.0000000000       0.00000000000000       0.00000000000000       0.00000000000000
    1     -1     65410.0000000000       0.00000000000000       0.00000000000000       0.00000000000000
    1     -1     65410.0000000000       0.32646433919962       0.07350423756839       0.49801421824125
    1     -1     65411.0000000000       0.32646433919962       0.07350423756839       0.49801421824125
    1     -1     65412.0000000000       0.32646433919962       0.07350423756839       0.49801421824125
    1     -1     65412.0000000000       0.00000000000000       0.00000000000000       0.00000000000000
    1     -1     65412.0000000000       0.00000000000000       0.00000000000000       0.00000000000000
    1     -1     65412.0000000000       0.32619368704233       0.07388888182346       0.49813463135643
    1     -1     65413.0000000000       0.32619368704233       0.07388888182346       0.49813463135643
    1     -1     65414.0000000000       0.32619368704233       0.07388888182346       0.49813463135643
    1     -1     65414.0000000000       0.00000000000000       0.00000000000000       0.00000000000000
    1     -1     65414.0000000000       0.00000000000000       0.00000000000000       0.00000000000000
    1     -1     65414.0000000000       0.32591582694294       0.07431517790334       0.49825307561650
    1     -1     65415.0000000000       0.32591582694294       0.07431517790334       0.49825307561650
    1     -1     65416.0000000000       0.32591582694294       0.07431517790334       0.49825307561650
    1     -1     65416.0000000000       0.00000000000000       0.00000000000000       0.00000000000000
    1     -1     65416.0000000000       0.00000000000000       0.00000000000000       0.00000000000000
    1     -1     65416.0000000000       0.32562989606072       0.07478530811471       0.49836966978506
    1     -1     65417.0000000000       0.32562989606072       0.07478530811471       0.49836966978506
    1     -1     65418.0000000000       0.32562989606072       0.07478530811471       0.49836966978506
    1     -1     65418.0000000000       0.00000000000000       0.00000000000000       0.00000000000000
    1     -1     65418.0000000000       0.00000000000000       0.00000000000000       0.00000000000000
    1     -1     65418.0000000000       0.32533495843448       0.07530168363908       0.49848452387367
    1     -1     65419.0000000000       0.32533495843448       0.07530168363908       0.49848452387367
    1     -1     65420.0000000000       0.32533495843448       0.07530168363908       0.49848452387367
    1     -1     65420.0000000000       0.00000000000000       0.00000000000000       0.00000000000000
    1     -1     65420.0000000000       0.00000000000000       0.00000000000000       0.00000000000000
    1     -1     65420.0000000000       0.32503000001207       0.07586698083083       0.49859773323970
    1     -1     65421.0000000000       0.32503000001207       0.07586698083083       0.49859773323970
    1     -1     65422.0000000000       0.32503000001207       0.07586698083083       0.49859773323970
    1     -1     65422.0000000000       0.00000000000000       0.00000000000000       0.00000000000000
    1     -1     65422.0000000000       0.00000000000000       0.00000000000000       0.00000000000000
    1     -1     65422.0000000000       0.32471387794875       0.07648411441781       0.49870941137020
    1     -1     65423.0000000000       0.32471387794875       0.07648411441781       0.49870941137020
    1     -1     65424.0000000000       0.32471387794875       0.07648411441781       0.49870941137020
    1     -1     65424.0000000000       0.00000000000000       0.00000000000000       0.00000000000000
    1     -1     65424.0000000000       0.00000000000000       0.00000000000000       0.00000000000000
    1     -1     65424.0000000000       0.32438538504223       0.07715633399178       0.49881962809813
    1     -1     65425.0000000000       0.32438538504223       0.07715633399178       0.49881962809813
    1     -1     65426.0000000000       0.32438538504223       0.07715633399178       0.49881962809813
    1     -1     65426.0000000000       0.00000000000000       0.00000000000000       0.00000000000000
    1     -1     65426.0000000000       0.00000000000000       0.00000000000000       0.00000000000000
    1     -1     65426.0000000000       0.32404307435192       0.07788721433191       0.49892851901668
    1     -1     65427.0000000000       0.32404307435192       0.07788721433191       0.49892851901668
    1     -1     65428.0000000000       0.32404307435192       0.07788721433191       0.49892851901668
    1     -1     65428.0000000000       0.00000000000000       0.00000000000000       0.00000000000000
    1     -1     65428.0000000000       0.00000000000000       0.00000000000000       0.00000000000000
    1     -1     65428.0000000000       0.32368554067754       0.07868094513636       0.49903604970857
    1     -1     65429.0000000000       0.32368554067754       0.07868094513636       0.49903604970857
    1     -1     65430.0000000000       0.32368554067754       0.07868094513636       0.49903604970857
    1     -1     65430.0000000000       0.00000000000000       0.00000000000000       0.00000000000000
    1     -1     65430.0000000000       0.00000000000000       0.00000000000000       0.00000000000000
    1     -1     65430.0000000000       0.32331109694363       0.07954199665000       0.49914226893947
    1     -1     65431.0000000000       0.32331109694363       0.07954199665000       0.49914226893947
    1     -1     65432.0000000000       0.32331109694363       0.07954199665000       0.49914226893947
    1     -1     65432.0000000000       0.00000000000000       0.00000000000000       0.00000000000000
    1     -1     65432.0000000000       0.00000000000000       0.00000000000000       0.00000000000000
    1     -1     65432.0000000000       0.32291786968250       0.08047541336171       0.49924718984084
    1     -1     65433.0000000000       0.32291786968250       0.08047541336171       0.49924718984084
    1     -1     65434.0000000000       0.32291786968250       0.08047541336171       0.49924718984084
    1     -1     65434.0000000000       0.00000000000000       0.00000000000000       0.00000000000000
    1     -1     65434.0000000000       0.00000000000000       0.00000000000000       0.00000000000000
    1     -1     65434.0000000000       0.32250376922580       0.08148688987784       0.49935078341101
    1     -1     65435.0000000000       0.32250376922580       0.08148688987784       0.49935078341101
    1     -1     65436.0000000000       0.32250376922580       0.08148688987784       0.49935078341101
    1     -1     65436.0000000000       0.00000000000000       0.00000000000000       0.00000000000000
    1     -1     65436.0000000000       0.00000000000000       0.00000000000000       0.00000000000000
    1     -1     65436.0000000000       0.28789340316351       0.07382016110696       0.44645839352351
    1     -1     65437.0000000000       0.28789340316351       0.07382016110696       0.44645839352351
    1     -1     65438.0000000000       0.28789340316351       0.07382016110696       0.44645839352351
    1     -1     65438.0000000000       0.00000000000000       0.00000000000000       0.00000000000000
    1     -1     65564.0000000000       0.00000000000000       0.00000000000000       0.00000000000000
    1     -1     65564.0000000000      -0.11003874148150       0.00382004951232      -0.15697578132106
    1     -1     65565.0000000000      -0.11003874148150       0.00382004951232      -0.15697578132106
    1     -1     65566.0000000000      -0.11003874148150       0.00382004951232      -0.15697578132106
    1     -1     65566.0000000000       0.00000000000000       0.00000000000000       0.00000000000000
    1     -1     65566.0000000000       0.00000000000000       0.00000000000000       0.00000000000000
    1     -1     65566.0000000000      -0.34405269421621       0.01068078245143      -0.49144039696467
    1     -1     65567.0000000000      -0.34405269421621       0.01068078245143      -0.49144039696467
    1     -1     65568.0000000000      -0.34405269421621       0.01068078245143      -0.49144039696467
    1     -1     65568.0000000000       0.00000000000000       0.00000000000000       0.00000000000000
    1     -1     65568.0000000000       0.00000000000000       0.00000000000000       0.00000000000000
    1     -1     65568.0000000000      -0.34378482821422       0.00948745733034      -0.49165229514681
    1     -1     65569.0000000000      -0.34378482821422       0.00948745733034      -0.49165229514681
    1     -1     65570.0000000000      -0.34378482821422       0.00948745733034      -0.49165229514681
    1     -1     65570.0000000000       0.00000000000000       0.00000000000000       0.00000000000000
    1     -1     65570.0000000000       0.00000000000000       0.00000000000000       0.00000000000000
    1     -1     65570.0000000000      -0.34353132261230       0.00836737523551      -0.49184979078567
    1     -1     65571.0000000000      -0.34353132261230       0.00836737523551      -0.49184979078567
    1     -1     65572.0000000000      -0.34353132261230       0.00836737523551      -0.49184979078567
    1     -1     65572.0000000000       0.00000000000000       0.00000000000000       0.00000000000000
    1     -1     65572.0000000000       0.00000000000000       0.00000000000000       0.00000000000000
    1     -1     65572.0000000000      -0.34329115901943       0.00731471951566      -0.49203422065696
    1     -1     65573.0000000000      -0.34329115901943       0.00731471951566      -0.49203422065696
    1     -1     65574.0000000000      -0.34329115901943       0.00731471951566      -0.49203422065696
    1     -1     65574.0000000000       0.00000000000000       0.00000000000000       0.00000000000000
    1     -1     65574.0000000000       0.00000000000000       0.00000000000000       0.00000000000000
    1     -1     65574.0000000000      -0.34306343949689       0.00632432147762      -0.49220674387742
    1     -1     65575.0000000000      -0.34306343949689       0.00632432147762      -0.49220674387742
    1     -1     65576.0000000000      -0.34306343949689       0.00632432147762      -0.49220674387742
    1     -1     65576.0000000000       0.00000000000000       0.00000000000000       0.00000000000000
    1     -1     65576.0000000000       0.00000000000000       0.00000000000000       0.00000000000000
    1     -1     65576.0000000000      -0.34284735323652       0.00539158009791      -0.49236838091287
    1     -1     65577.0000000000      -0.34284735323652       0.00539158009791      -0.49236838091287
    1     -1     65578.0000000000      -0.34284735323652       0.00539158009791      -0.49236838091287
    1     -1     65578.0000000000       0.00000000000000       0.00000000000000       0.00000000000000
    1     -1     65578.0000000000       0.00000000000000       0.00000000000000       0.00000000000000
    1     -1     65578.0000000000      -0.34264216670569       0.00451238396015      -0.49252003336537
    1     -1     65579.0000000000      -0.34264216670569       0.00451238396015      -0.49252003336537
    1     -1     65580.0000000000      -0.34264216670569       0.00451238396015      -0.49252003336537
    1     -1     65580.0000000000       0.00000000000000       0.00000000000000       0.00000000000000
    1     -1     65580.0000000000       0.00000000000000       0.00000000000000       0.00000000000000
    1     -1     65580.0000000000      -0.34244721631609       0.00368304363067      -0.49266249959478
    1     -1     65581.0000000000      -0.34244721631609       0.00368304363067      -0.49266249959478
    1     -1     65582.0000000000      -0.34244721631609       0.00368304363067      -0.49266249959478
    1     -1     65582.0000000000       0.00000000000000       0.00000000000000       0.00000000000000
    1     -1     65582.0000000000       0.00000000000000       0.00000000000000       0.00000000000000
    1     -1     65582.0000000000      -0.34226190118814       0.00290023867050      -0.49279648831007
    1     -1     65583.0000000000      -0.34226190118814       0.00290023867050      -0.49279648831007
    1     -1     65584.0000000000      -0.34226190118814       0.00290023867050      -0.49279648831007
    1     -1     65584.0000000000       0.00000000000000       0.00000000000000       0.00000000000000
    1     -1     65584.0000000000       0.00000000000000       0.00000000000000       0.00000000000000
    1     -1     65584.0000000000      -0.34208567661451       0.00216097252702      -0.49292263016921
    1     -1     65585.0000000000      -0.34208567661451       0.00216097252702      -0.49292263016921
    1     -1     65586.0000000000      -0.34208567661451       0.00216097252702      -0.49292263016921
    1     -1     65586.0000000000       0.00000000000000       0.00000000000000       0.00000000000000
    1     -1     65586.0000000000       0.00000000000000       0.00000000000000       0.00000000000000
    1     -1     65586.0000000000      -0.34191804825842       0.00146253481486      -0.49304148765299
    1     -1     65587.0000000000      -0.34191804825842       0.00146253481486      -0.49304148765299
    1     -1     65588.0000000000      -0.34191804825842       0.00146253481486      -0.49304148765299
    1     -1     65588.0000000000       0.00000000000000       0.00000000000000       0.00000000000000
    1     -1     65588.0000000000       0.00000000000000       0.00000000000000       0.00000000000000
    1     -1     65588.0000000000      -0.34175856709477       0.00080247015961      -0.49315356344547
    1     -1     65589.0000000000      -0.34175856709477       0.00080247015961      -0.49315356344547
    1     -1     65590.0000000000      -0.34175856709477       0.00080247015961      -0.49315356344547
    1     -1     65590.0000000000       0.00000000000000       0.00000000000000       0.00000000000000
    1     -1     65590.0000000000       0.00000000000000       0.00000000000000       0.00000000000000
    1     -1     65590.0000000000      -0.34160682503021       0.00017855169600      -0.49325930755746
    1     -1     65591.0000000000      -0.34160682503021       0.00017855169600      -0.49325930755746
    1     -1     65592.0000000000      -0.34160682503021       0.00017855169600      -0.49325930755746
    1     -1     65592.0000000000       0.00000000000000       0.00000000000000       0.00000000000000
    1     -1     65592.0000000000       0.00000000000000       0.00000000000000       0.00000000000000
    1     -1     65592.0000000000      -0.34146245113117      -0.00041124228476      -0.49335912338506
    1     -1     65593.0000000000      -0.34146245113117      -0.00041124228476      -0.49335912338506
    1     -1     65594.0000000000      -0.34146245113117      -0.00041124228476      -0.49335912338506
    1     -1     65594.0000000000       0.00000000000000       0.00000000000000       0.00000000000000
    1     -1     65594.0000000000       0.00000000000000       0.00000000000000       0.00000000000000
    1     -1     65594.0000000000      -0.34132510829703      -0.00096874981180      -0.49345337292375
    1     -1     65595.0000000000      -0.34132510829703      -0.00096874981180      -0.49345337292375
    1     -1     65596.0000000000      -0.34132510829703      -0.00096874981180      -0.49345337292375
    1     -1     65596.0000000000       0.00000000000000       0.00000000000000       0.00000000000000
    1     -1     65596.0000000000       0.00000000000000       0.00000000000000       0.00000000000000
    1     -1     65596.0000000000      -0.34119449025702      -0.00149564469860      -0.49354238130599
    1     -1     65597.0000000000      -0.34119449025702      -0.00149564469860      -0.49354238130599
    1     -1     65598.0000000000      -0.34119449025702      -0.00149564469860      -0.49354238130599
    1     -1     65598.0000000000       0.00000000000000       0.00000000000000       0.00000000000000
    1     -1     65598.0000000000       0.00000000000000       0.00000000000000       0.00000000000000
    1     -1     65598.0000000000      -0.34107031885297      -0.00199345383077      -0.49362644076200
    1     -1     65599.0000000000      -0.34107031885297      -0.00199345383077      -0.49362644076200
    1     -1     65600.0000000000      -0.34107031885297      -0.00199345383077      -0.49362644076200
    1     -1     65600.0000000000       0.00000000000000       0.00000000000000       0.00000000000000
    1     -1     65600.0000000000       0.00000000000000       0.00000000000000       0.00000000000000
    1     -1     65600.0000000000      -0.34095234158950      -0.00246357217167      -0.49370581408040
    1     -1     65601.0000000000      -0.34095234158950      -0.00246357217167      -0.49370581408040
    1     -1     65602.0000000000      -0.34095234158950      -0.00246357217167      -0.49370581408040
    1     -1     65602.0000000000       0.00000000000000       0.00000000000000       0.00000000000000
    1     -1     65602.0000000000       0.00000000000000       0.00000000000000       0.00000000000000
    1     -1     65602.0000000000      -0.34086774204128      -0.00279904434725      -0.49376243991055
    1     -1     65603.0000000000      -0.34086774204128      -0.00279904434725      -0.49376243991055
    1     -1     65603.0000000000       0.00000000000000       0.00000000000000       0.00000000000000
    1  26245     65603.0000000000     -118527692.644081727      432244792.861902595       14727292.449890986      -16.4403481983875       -3.4755241300252        0.7213348924265        2001.8147911313
    1  26245     65603.0000000000     -118527692.644081727      432244792.861902595       14727292.449890986      -16.4403481983875       -3.4755241300252        0.7213348924265        1961.8147911313
    1     -1     65603.0000000000       0.00000000000000       0.00000000000000       0.00000000000000
    1     -1     65603.0000000000       0.41272803158465       0.30223097236401       0.31354746142836
    1     -1     65604.0000000000       0.41272803158465       0.30223097236401       0.31354746142836
    1     -1     65605.0000000000       0.41272803158465       0.30223097236401       0.31354746142836
    1     -1     65605.0000000000       0.00000000000000       0.00000000000000       0.00000000000000
    1     -1     65605.0000000000       0.00000000000000       0.00000000000000       0.00000000000000
    1     -1     65605.0000000000       0.41107259730853       0.30361460091830       0.31438430802322
    1     -1     65606.0000000000       0.41107259730853       0.30361460091830       0.31438430802322
    1     -1     65607.0000000000       0.41107259730853       0.30361460091830       0.31438430802322
    1     -1     65607.0000000000       0.00000000000000       0.00000000000000       0.00000000000000
    1     -1     65607.0000000000       0.00000000000000       0.00000000000000       0.00000000000000
    1     -1     65607.0000000000       0.40935314057616       0.30505153866581       0.31523572820678
    1     -1     65608.0000000000       0.40935314057616       0.30505153866581       0.31523572820678
    1     -1     65609.0000000000       0.40935314057616       0.30505153866581       0.31523572820678
    1     -1     65609.0000000000       0.00000000000000       0.00000000000000       0.00000000000000
    1     -1     65609.0000000000       0.00000000000000       0.00000000000000       0.00000000000000
    1     -1     65609.0000000000       0.40756675275890       0.30654327743641       0.31610213600055
    1     -1     65610.0000000000       0.40756675275890       0.30654327743641       0.31610213600055
    1     -1     65611.0000000000       0.40756675275890       0.30654327743641       0.31610213600055
    1     -1     65611.0000000000       0.00000000000000       0.00000000000000       0.00000000000000
    1     -1     65611.0000000000       0.00000000000000       0.00000000000000       0.00000000000000
    1     -1     65611.0000000000       0.40571033785970       0.30809138450446       0.31698394253952
    1     -1     65612.0000000000       0.40571033785970       0.30809138450446       0.31698394253952
    1     -1     65613.0000000000       0.40571033785970       0.30809138450446       0.31698394253952
    1     -1     65613.0000000000       0.00000000000000       0.00000000000000       0.00000000000000
    1     -1     65613.0000000000       0.00000000000000       0.00000000000000       0.00000000000000
    1     -1     65613.0000000000       0.40378059853237       0.30969750473901       0.31788155512277
    1     -1     65614.0000000000       0.40378059853237       0.30969750473901       0.31788155512277
    1     -1     65615.0000000000       0.40378059853237       0.30969750473901       0.31788155512277
    1     -1     65615.0000000000       0.00000000000000       0.00000000000000       0.00000000000000
    1     -1     65615.0000000000       0.00000000000000       0.00000000000000       0.00000000000000
    1     -1     65615.0000000000       0.40177402033104       0.31136336482420       0.31879537467219
    1     -1     65616.0000000000       0.40177402033104       0.31136336482420       0.31879537467219
    1     -1     65617.0000000000       0.40177402033104       0.31136336482420       0.31879537467219
    1     -1     65617.0000000000       0.00000000000000       0.00000000000000       0.00000000000000
    1     -1     65617.0000000000       0.00000000000000       0.00000000000000       0.00000000000000
    1     -1     65617.0000000000       0.39968684946021       0.31309077748989       0.31972579923951
    1     -1     65618.0000000000       0.39968684946021       0.31309077748989       0.31972579923951
    1     -1     65619.0000000000       0.39968684946021       0.31309077748989       0.31972579923951
    1     -1     65619.0000000000       0.00000000000000       0.00000000000000       0.00000000000000
    1     -1     65619.0000000000       0.00000000000000       0.00000000000000       0.00000000000000
    1     -1     65619.0000000000       0.39751510854270       0.31488163256028       0.32067319070427
    1     -1     65620.0000000000       0.39751510854270       0.31488163256028       0.32067319070427
    1     -1     65621.0000000000       0.39751510854270       0.31488163256028       0.32067319070427
    1     -1     65621.0000000000       0.00000000000000       0.00000000000000       0.00000000000000
    1     -1     65621.0000000000       0.00000000000000       0.00000000000000       0.00000000000000
    1     -1     65621.0000000000       0.39525450263804       0.31673793148450       0.32163793337116
    1     -1     65622.0000000000       0.39525450263804       0.31673793148450       0.32163793337116
    1     -1     65623.0000000000       0.39525450263804       0.31673793148450       0.32163793337116
    1     -1     65623.0000000000       0.00000000000000       0.00000000000000       0.00000000000000
    1     -1     65623.0000000000       0.00000000000000       0.00000000000000       0.00000000000000
    1     -1     65623.0000000000       0.39290047150888       0.31866175956321       0.32262036786320
    1     -1     65624.0000000000       0.39290047150888       0.31866175956321       0.32262036786320
    1     -1     65625.0000000000       0.39290047150888       0.31866175956321       0.32262036786320
    1     -1     65625.0000000000       0.00000000000000       0.00000000000000       0.00000000000000
    1     -1     65625.0000000000       0.00000000000000       0.00000000000000       0.00000000000000
    1     -1     65625.0000000000       0.39044814752669       0.32065528472978       0.32362081476296
    1     -1     65626.0000000000       0.39044814752669       0.32065528472978       0.32362081476296
    1     -1     65627.0000000000       0.39044814752669       0.32065528472978       0.32362081476296
    1     -1     65627.0000000000       0.00000000000000       0.00000000000000       0.00000000000000
    1     -1     65627.0000000000       0.00000000000000       0.00000000000000       0.00000000000000
    1     -1     65627.0000000000       0.15261650136360       0.12697460364067       0.12772957766524
    1     -1     65628.0000000000       0.15261650136360       0.12697460364067       0.12772957766524
    1     -1     65629.0000000000       0.15261650136360       0.12697460364067       0.12772957766524
    1     -1     65629.0000000000       0.00000000000000       0.00000000000000       0.00000000000000
    1     -1     65829.0000000000       0.00000000000000       0.00000000000000       0.00000000000000
    1     -1     65829.0000000000      -0.05858084174211       0.00684295768907      -0.01261636287482
    1     -1     65830.0000000000      -0.05858084174211       0.00684295768907      -0.01261636287482
    1     -1     65831.0000000000      -0.05858084174211       0.00684295768907      -0.01261636287482
    1     -1     65831.0000000000       0.00000000000000       0.00000000000000       0.00000000000000
    1     -1     65831.0000000000       0.00000000000000       0.00000000000000       0.00000000000000
    1     -1     65831.0000000000      -0.58262209221598       0.06536771630408      -0.12758745474014
    1     -1     65832.0000000000      -0.58262209221598       0.06536771630408      -0.12758745474014
    1     -1     65833.0000000000      -0.58262209221598       0.06536771630408      -0.12758745474014
    1     -1     65833.0000000000       0.00000000000000       0.00000000000000       0.00000000000000
    1     -1     65833.0000000000       0.00000000000000       0.00000000000000       0.00000000000000
    1     -1     65833.0000000000      -0.58246761378587       0.06278414729838      -0.12957480086271
    1     -1     65834.0000000000      -0.58246761378587       0.06278414729838      -0.12957480086271
    1     -1     65835.0000000000      -0.58246761378587       0.06278414729838      -0.12957480086271
    1     -1     65835.0000000000       0.00000000000000       0.00000000000000       0.00000000000000
    1     -1     65835.0000000000       0.00000000000000       0.00000000000000       0.00000000000000
    1     -1     65835.0000000000      -0.58230254747957       0.06031762046740      -0.13147443530950
    1     -1     65836.0000000000      -0.58230254747957       0.06031762046740      -0.13147443530950
    1     -1     65837.0000000000      -0.58230254747957       0.06031762046740      -0.13147443530950
    1     -1     65837.0000000000       0.00000000000000       0.00000000000000       0.00000000000000
    1     -1     65837.0000000000       0.00000000000000       0.00000000000000       0.00000000000000
    1     -1     65837.0000000000      -0.58212882011044       0.05796309644023      -0.13329034296561
    1     -1     65838.0000000000      -0.58212882011044       0.05796309644023      -0.13329034296561
    1     -1     65839.0000000000      -0.58212882011044       0.05796309644023      -0.13329034296561
    1     -1     65839.0000000000       0.00000000000000       0.00000000000000       0.00000000000000
    1     -1     65839.0000000000       0.00000000000000       0.00000000000000       0.00000000000000
    1     -1     65839.0000000000      -0.58194815660551       0.05571580245771      -0.13502626285262
    1     -1     65840.0000000000      -0.58194815660551       0.05571580245771      -0.13502626285262
    1     -1     65841.0000000000      -0.58194815660551       0.05571580245771      -0.13502626285262
    1     -1     65841.0000000000       0.00000000000000       0.00000000000000       0.00000000000000
    1     -1     65841.0000000000       0.00000000000000       0.00000000000000       0.00000000000000
    1     -1     65841.0000000000      -0.58176210092236       0.05357121456822      -0.13668570583673
    1     -1     65842.0000000000      -0.58176210092236       0.05357121456822      -0.13668570583673
    1     -1     65843.0000000000      -0.58176210092236       0.05357121456822      -0.13668570583673
    1     -1     65843.0000000000       0.00000000000000       0.00000000000000       0.00000000000000
    1     -1     65843.0000000000       0.00000000000000       0.00000000000000       0.00000000000000
    1     -1     65843.0000000000      -0.58157203463131       0.05152504321131      -0.13827197017788
    1     -1     65844.0000000000      -0.58157203463131       0.05152504321131      -0.13827197017788
    1     -1     65845.0000000000      -0.58157203463131       0.05152504321131      -0.13827197017788
    1     -1     65845.0000000000       0.00000000000000       0.00000000000000       0.00000000000000
    1     -1     65845.0000000000       0.00000000000000       0.00000000000000       0.00000000000000
    1     -1     65845.0000000000      -0.58137919349826       0.04957321930908      -0.13978815605997
    1     -1     65846.0000000000      -0.58137919349826       0.04957321930908      -0.13978815605997
    1     -1     65847.0000000000      -0.58137919349826       0.04957321930908      -0.13978815605997
    1     -1     65847.0000000000       0.00000000000000       0.00000000000000       0.00000000000000
    1     -1     65847.0000000000       0.00000000000000       0.00000000000000       0.00000000000000
    1     -1     65847.0000000000      -0.58118468229938       0.04771188097680      -0.14123717907911
    1     -1     65848.0000000000      -0.58118468229938       0.04771188097680      -0.14123717907911
    1     -1     65849.0000000000      -0.58118468229938       0.04771188097680      -0.14123717907911
    1     -1     65849.0000000000       0.00000000000000       0.00000000000000       0.00000000000000
    1     -1     65849.0000000000       0.00000000000000       0.00000000000000       0.00000000000000
    1     -1     65849.0000000000      -0.58098948802465       0.04593736095050      -0.14262178288662
    1     -1     65850.0000000000      -0.58098948802465       0.04593736095050      -0.14262178288662
    1     -1     65851.0000000000      -0.58098948802465       0.04593736095050      -0.14262178288662
    1     -1     65851.0000000000       0.00000000000000       0.00000000000000       0.00000000000000
    1     -1     65851.0000000000       0.00000000000000       0.00000000000000       0.00000000000000
    1     -1     65851.0000000000      -0.58079449169419       0.04424617481257      -0.14394455082478
    1     -1     65852.0000000000      -0.58079449169419       0.04424617481257      -0.14394455082478
    1     -1     65853.0000000000      -0.58079449169419       0.04424617481257      -0.14394455082478
    1     -1     65853.0000000000       0.00000000000000       0.00000000000000       0.00000000000000
    1     -1     65853.0000000000       0.00000000000000       0.00000000000000       0.00000000000000
    1     -1     65853.0000000000      -0.58060047888515       0.04263500980907      -0.14520791692232
    1     -1     65854.0000000000      -0.58060047888515       0.04263500980907      -0.14520791692232
    1     -1     65855.0000000000      -0.58060047888515       0.04263500980907      -0.14520791692232
    1     -1     65855.0000000000       0.00000000000000       0.00000000000000       0.00000000000000
    1     -1     65855.0000000000       0.00000000000000       0.00000000000000       0.00000000000000
    1     -1     65855.0000000000      -0.58040814921987       0.04110071452091      -0.14641417576530
    1     -1     65856.0000000000      -0.58040814921987       0.04110071452091      -0.14641417576530
    1     -1     65857.0000000000      -0.58040814921987       0.04110071452091      -0.14641417576530
    1     -1     65857.0000000000       0.00000000000000       0.00000000000000       0.00000000000000
    1     -1     65857.0000000000       0.00000000000000       0.00000000000000       0.00000000000000
    1     -1     65857.0000000000      -0.58021812480905       0.03964028906975      -0.14756549191983
    1     -1     65858.0000000000      -0.58021812480905       0.03964028906975      -0.14756549191983
    1     -1     65859.0000000000      -0.58021812480905       0.03964028906975      -0.14756549191983
    1     -1     65859.0000000000       0.00000000000000       0.00000000000000       0.00000000000000
    1     -1     65859.0000000000       0.00000000000000       0.00000000000000       0.00000000000000
    1     -1     65859.0000000000      -0.58003095781809       0.03825087581604      -0.14866390870662
    1     -1     65860.0000000000      -0.58003095781809       0.03825087581604      -0.14866390870662
    1     -1     65861.0000000000      -0.58003095781809       0.03825087581604      -0.14866390870662
    1     -1     65861.0000000000       0.00000000000000       0.00000000000000       0.00000000000000
    1     -1     65861.0000000000       0.00000000000000       0.00000000000000       0.00000000000000
    1     -1     65861.0000000000      -0.57984713731491       0.03692975100604      -0.14971135600995
    1     -1     65862.0000000000      -0.57984713731491       0.03692975100604      -0.14971135600995
    1     -1     65863.0000000000      -0.57984713731491       0.03692975100604      -0.14971135600995
    1     -1     65863.0000000000       0.00000000000000       0.00000000000000       0.00000000000000
    1     -1     65863.0000000000       0.00000000000000       0.00000000000000       0.00000000000000
    1     -1     65863.0000000000      -0.57966709531928       0.03567431630251      -0.15070965808619
    1     -1     65864.0000000000      -0.57966709531928       0.03567431630251      -0.15070965808619
    1     -1     65865.0000000000      -0.57966709531928       0.03567431630251      -0.15070965808619
    1     -1     65865.0000000000       0.00000000000000       0.00000000000000       0.00000000000000
    1     -1     65865.0000000000       0.00000000000000       0.00000000000000       0.00000000000000
    1     -1     65865.0000000000      -0.57949121235173       0.03448209170297      -0.15166054015105
    1     -1     65866.0000000000      -0.57949121235173       0.03448209170297      -0.15166054015105
    1     -1     65867.0000000000      -0.57949121235173       0.03448209170297      -0.15166054015105
    1     -1     65867.0000000000       0.00000000000000       0.00000000000000       0.00000000000000
    1     -1     65867.0000000000       0.00000000000000       0.00000000000000       0.00000000000000
    1     -1     65867.0000000000      -0.57931982230197       0.03335070798331      -0.15256563520345
    1     -1     65868.0000000000      -0.57931982230197       0.03335070798331      -0.15256563520345
    1     -1     65869.0000000000      -0.57931982230197       0.03335070798331      -0.15256563520345
    1     -1     65869.0000000000       0.00000000000000       0.00000000000000       0.00000000000000
    1     -1     65869.0000000000       0.00000000000000       0.00000000000000       0.00000000000000
    1     -1     65869.0000000000      -0.57915321691540       0.03227790055742      -0.15342648973418
    1     -1     65870.0000000000      -0.57915321691540       0.03227790055742      -0.15342648973418
    1     -1     65871.0000000000      -0.57915321691540       0.03227790055742      -0.15342648973418
    1     -1     65871.0000000000       0.00000000000000       0.00000000000000       0.00000000000000
    1     -1     65871.0000000000       0.00000000000000       0.00000000000000       0.00000000000000
    1     -1     65871.0000000000      -0.57899164979654       0.03126150329207      -0.15424456929760
    1     -1     65872.0000000000      -0.57899164979654       0.03126150329207      -0.15424456929760
    1     -1     65873.0000000000      -0.57899164979654       0.03126150329207      -0.15424456929760
    1     -1     65873.0000000000       0.00000000000000       0.00000000000000       0.00000000000000
    1  57073     65873.0000000000     -406012841.128914118      212196826.869516730       30661256.452722292       -8.0608461674796      -14.2905336268838        0.0100835001760        1873.2867231249
    1  57073     65873.0000000000     -406012841.128914118      212196826.869516730       30661256.452722292       -8.0608461674796      -14.2905336268838        0.0100835001760        1833.2867231249
    1     -1     65873.0000000000       0.00000000000000       0.00000000000000       0.00000000000000
    1     -1     65873.0000000000       0.47715835318628      -0.04879564445377      -0.36047037374367
    1     -1     65874.0000000000       0.47715835318628      -0.04879564445377      -0.36047037374367
    1     -1     65875.0000000000       0.47715835318628      -0.04879564445377      -0.36047037374367
    1     -1     65875.0000000000       0.00000000000000       0.00000000000000       0.00000000000000
    1     -1     65875.0000000000       0.00000000000000       0.00000000000000       0.00000000000000
    1     -1     65875.0000000000       0.47655277969834      -0.05140225464708      -0.36090892986872
    1     -1     65876.0000000000       0.47655277969834      -0.05140225464708      -0.36090892986872
    1     -1     65877.0000000000       0.47655277969834      -0.05140225464708      -0.36090892986872
    1     -1     65877.0000000000       0.00000000000000       0.00000000000000       0.00000000000000
    1     -1     65877.0000000000       0.00000000000000       0.00000000000000       0.00000000000000
    1     -1     65877.0000000000       0.47592929827255      -0.05412991232161      -0.36133260981796
    1     -1     65878.0000000000       0.47592929827255      -0.05412991232161      -0.36133260981796
    1     -1     65879.0000000000       0.47592929827255      -0.05412991232161      -0.36133260981796
    1     -1     65879.0000000000       0.00000000000000       0.00000000000000       0.00000000000000
    1     -1     65879.0000000000       0.00000000000000       0.00000000000000       0.00000000000000
    1     -1     65879.0000000000       0.47528619600668      -0.05698408191125      -0.36174002484413
    1     -1     65880.0000000000       0.47528619600668      -0.05698408191125      -0.36174002484413
    1     -1     65881.0000000000       0.47528619600668      -0.05698408191125      -0.36174002484413
    1     -1     65881.0000000000       0.00000000000000       0.00000000000000       0.00000000000000
    1     -1     65881.0000000000       0.00000000000000       0.00000000000000       0.00000000000000
    1     -1     65881.0000000000       0.47462145762656      -0.05997087697933      -0.36212976286791
    1     -1     65882.0000000000       0.47462145762656      -0.05997087697933      -0.36212976286791
    1     -1     65883.0000000000       0.47462145762656      -0.05997087697933      -0.36212976286791
    1     -1     65883.0000000000       0.00000000000000       0.00000000000000       0.00000000000000
    1     -1     65883.0000000000       0.00000000000000       0.00000000000000       0.00000000000000
    1     -1     65883.0000000000       0.47393279050600      -0.06309674989174      -0.36250035795333
    1     -1     65884.0000000000       0.47393279050600      -0.06309674989174      -0.36250035795333
    1     -1     65885.0000000000       0.47393279050600      -0.06309674989174      -0.36250035795333
    1     -1     65885.0000000000       0.00000000000000       0.00000000000000       0.00000000000000
    1     -1     65885.0000000000       0.00000000000000       0.00000000000000       0.00000000000000
    1     -1     65885.0000000000       0.47321769570045      -0.06636861401324      -0.36285013274066
    1     -1     65886.0000000000       0.47321769570045      -0.06636861401324      -0.36285013274066
    1     -1     65887.0000000000       0.47321769570045      -0.06636861401324      -0.36285013274066
    1     -1     65887.0000000000       0.00000000000000       0.00000000000000       0.00000000000000
    1     -1     65887.0000000000       0.00000000000000       0.00000000000000       0.00000000000000
    1     -1     65887.0000000000       0.47247341044791      -0.06979383999678      -0.36317722340233
    1     -1     65888.0000000000       0.47247341044791      -0.06979383999678      -0.36317722340233
    1     -1     65889.0000000000       0.47247341044791      -0.06979383999678      -0.36317722340233
    1     -1     65889.0000000000       0.00000000000000       0.00000000000000       0.00000000000000
    1     -1     65889.0000000000       0.00000000000000       0.00000000000000       0.00000000000000
    1     -1     65889.0000000000       0.47169692554132      -0.07338026069157      -0.36347950018633
    1     -1     65890.0000000000       0.47169692554132      -0.07338026069157      -0.36347950018633
    1     -1     65891.0000000000       0.47169692554132      -0.07338026069157      -0.36347950018633
    1     -1     65891.0000000000       0.00000000000000       0.00000000000000       0.00000000000000
    1     -1     65891.0000000000       0.00000000000000       0.00000000000000       0.00000000000000
    1     -1     65891.0000000000       0.47088471281073      -0.07713678878396      -0.36375472826790
    1     -1     65892.0000000000       0.47088471281073      -0.07713678878396      -0.36375472826790
    1     -1     65893.0000000000       0.47088471281073      -0.07713678878396      -0.36375472826790
    1     -1     65893.0000000000       0.00000000000000       0.00000000000000       0.00000000000000
    1     -1     65893.0000000000       0.00000000000000       0.00000000000000       0.00000000000000
    1     -1     65893.0000000000       0.38015080903037      -0.06556873151505      -0.29439403029833
    1     -1     65894.0000000000       0.38015080903037      -0.06556873151505      -0.29439403029833
    1     -1     65895.0000000000       0.38015080903037      -0.06556873151505      -0.29439403029833
    1     -1     65895.0000000000       0.00000000000000       0.00000000000000       0.00000000000000
    1     -1     66065.0000000000       0.00000000000000       0.00000000000000       0.00000000000000
    1     -1     66065.0000000000      -0.39360545505660      -0.26427380923794       0.28773327704882
    1     -1     66066.0000000000      -0.39360545505660      -0.26427380923794       0.28773327704882
    1     -1     66067.0000000000      -0.39360545505660      -0.26427380923794       0.28773327704882
    1     -1     66067.0000000000       0.00000000000000       0.00000000000000       0.00000000000000
    1     -1     66067.0000000000       0.00000000000000       0.00000000000000       0.00000000000000
    1     -1     66067.0000000000      -0.42765148030960      -0.28201898013676       0.31237718468485
    1     -1     66068.0000000000      -0.42765148030960      -0.28201898013676       0.31237718468485
    1     -1     66069.0000000000      -0.42765148030960      -0.28201898013676       0.31237718468485
    1     -1     66069.0000000000       0.00000000000000       0.00000000000000       0.00000000000000
    1     -1     66069.0000000000       0.00000000000000       0.00000000000000       0.00000000000000
    1     -1     66069.0000000000      -0.42938910994833      -0.27824903587590       0.31337272627323
    1     -1     66070.0000000000      -0.42938910994833      -0.27824903587590       0.31337272627323
    1     -1     66071.0000000000      -0.42938910994833      -0.27824903587590       0.31337272627323
    1     -1     66071.0000000000       0.00000000000000       0.00000000000000       0.00000000000000
    1     -1     66071.0000000000       0.00000000000000       0.00000000000000       0.00000000000000
    1     -1     66071.0000000000      -0.43106174828301      -0.27460302258360       0.31429118415117
    1     -1     66072.0000000000      -0.43106174828301      -0.27460302258360       0.31429118415117
    1     -1     66073.0000000000      -0.43106174828301      -0.27460302258360       0.31429118415117
    1     -1     66073.0000000000       0.00000000000000       0.00000000000000       0.00000000000000
    1     -1     66073.0000000000       0.00000000000000       0.00000000000000       0.00000000000000
    1     -1     66073.0000000000      -0.43267418106662      -0.27107522816720       0.31513691150423
    1     -1     66074.0000000000      -0.43267418106662      -0.27107522816720       0.31513691150423
    1     -1     66075.0000000000      -0.43267418106662      -0.27107522816720       0.31513691150423
    1     -1     66075.0000000000       0.00000000000000       0.00000000000000       0.00000000000000
    1     -1     66075.0000000000       0.00000000000000       0.00000000000000       0.00000000000000
    1     -1     66075.0000000000      -0.43423082189047      -0.26766026254456       0.31591387505918
    1     -1     66076.0000000000      -0.43423082189047      -0.26766026254456       0.31591387505918
    1     -1     66077.0000000000      -0.43423082189047      -0.26766026254456       0.31591387505918
    1     -1     66077.0000000000       0.00000000000000       0.00000000000000       0.00000000000000
    1     -1     66077.0000000000       0.00000000000000       0.00000000000000       0.00000000000000
    1     -1     66077.0000000000      -0.43573571048271      -0.26435305817145       0.31662572625345
    1     -1     66078.0000000000      -0.43573571048271      -0.26435305817145       0.31662572625345
    1     -1     66079.0000000000      -0.43573571048271      -0.26435305817145       0.31662572625345
    1     -1     66079.0000000000       0.00000000000000       0.00000000000000       0.00000000000000
    1     -1     66079.0000000000       0.00000000000000       0.00000000000000       0.00000000000000
    1     -1     66079.0000000000      -0.43719254324905      -0.26114886168254       0.31727582865599
    1     -1     66080.0000000000      -0.43719254324905      -0.26114886168254       0.31727582865599
    1     -1     66081.0000000000      -0.43719254324905      -0.26114886168254       0.31727582865599
    1     -1     66081.0000000000       0.00000000000000       0.00000000000000       0.00000000000000
    1     -1     66081.0000000000       0.00000000000000       0.00000000000000       0.00000000000000
    1     -1     66081.0000000000      -0.43860470679238      -0.25804321258890       0.31786728503633
    1     -1     66082.0000000000      -0.43860470679238      -0.25804321258890       0.31786728503633
    1     -1     66083.0000000000      -0.43860470679238      -0.25804321258890       0.31786728503633
    1     -1     66083.0000000000       0.00000000000000       0.00000000000000       0.00000000000000
    1     -1     66083.0000000000       0.00000000000000       0.00000000000000       0.00000000000000
    1     -1     66083.0000000000      -0.43997530728348      -0.25503192301245       0.31840296246327
    1     -1     66084.0000000000      -0.43997530728348      -0.25503192301245       0.31840296246327
    1     -1     66085.0000000000      -0.43997530728348      -0.25503192301245       0.31840296246327
    1     -1     66085.0000000000       0.00000000000000       0.00000000000000       0.00000000000000
    1     -1     66085.0000000000       0.00000000000000       0.00000000000000       0.00000000000000
    1     -1     66085.0000000000      -0.44130719632408      -0.25211105961594       0.31888551452192
    1     -1     66086.0000000000      -0.44130719632408      -0.25211105961594       0.31888551452192
    1     -1     66087.0000000000      -0.44130719632408      -0.25211105961594       0.31888551452192
    1     -1     66087.0000000000       0.00000000000000       0.00000000000000       0.00000000000000
    1     -1     66087.0000000000       0.00000000000000       0.00000000000000       0.00000000000000
    1     -1     66087.0000000000      -0.44260299415728      -0.24927692689845       0.31931740096505
    1     -1     66088.0000000000      -0.44260299415728      -0.24927692689845       0.31931740096505
    1     -1     66089.0000000000      -0.44260299415728      -0.24927692689845       0.31931740096505
    1     -1     66089.0000000000       0.00000000000000       0.00000000000000       0.00000000000000
    1     -1     66089.0000000000       0.00000000000000       0.00000000000000       0.00000000000000
    1     -1     66089.0000000000      -0.44386511050468      -0.24652605168187       0.31970090522052
    1     -1     66090.0000000000      -0.44386511050468      -0.24652605168187       0.31970090522052
    1     -1     66091.0000000000      -0.44386511050468      -0.24652605168187       0.31970090522052
    1     -1     66091.0000000000       0.00000000000000       0.00000000000000       0.00000000000000
    1     -1     66091.0000000000       0.00000000000000       0.00000000000000       0.00000000000000
    1     -1     66091.0000000000      -0.44509576327001      -0.24385516867443       0.32003815008503
    1     -1     66092.0000000000      -0.44509576327001      -0.24385516867443       0.32003815008503
    1     -1     66093.0000000000      -0.44509576327001      -0.24385516867443       0.32003815008503
    1     -1     66093.0000000000       0.00000000000000       0.00000000000000       0.00000000000000
    1     -1     66093.0000000000       0.00000000000000       0.00000000000000       0.00000000000000
    1     -1     66093.0000000000      -0.44629699529737      -0.24126120708571       0.32033111185785
    1     -1     66094.0000000000      -0.44629699529737      -0.24126120708571       0.32033111185785
    1     -1     66095.0000000000      -0.44629699529737      -0.24126120708571       0.32033111185785
    1     -1     66095.0000000000       0.00000000000000       0.00000000000000       0.00000000000000
    1     -1     66095.0000000000       0.00000000000000       0.00000000000000       0.00000000000000
    1     -1     66095.0000000000      -0.44747068939839      -0.23874127824155       0.32058163308730
    1     -1     66096.0000000000      -0.44747068939839      -0.23874127824155       0.32058163308730
    1     -1     66097.0000000000      -0.44747068939839      -0.23874127824155       0.32058163308730
    1     -1     66097.0000000000       0.00000000000000       0.00000000000000       0.00000000000000
    1     -1     66097.0000000000       0.00000000000000       0.00000000000000       0.00000000000000
    1     -1     66097.0000000000      -0.44861858184972      -0.23629266404205       0.32079143414228
    1     -1     66098.0000000000      -0.44861858184972      -0.23629266404205       0.32079143414228
    1     -1     66099.0000000000      -0.44861858184972      -0.23629266404205       0.32079143414228
    1     -1     66099.0000000000       0.00000000000000       0.00000000000000       0.00000000000000
    1     -1     66099.0000000000       0.00000000000000       0.00000000000000       0.00000000000000
    1     -1     66099.0000000000      -0.44974227449590      -0.23391280639468       0.32096212364674
    1     -1     66100.0000000000      -0.44974227449590      -0.23391280639468       0.32096212364674
    1     -1     66101.0000000000      -0.44974227449590      -0.23391280639468       0.32096212364674
    1     -1     66101.0000000000       0.00000000000000       0.00000000000000       0.00000000000000
    1     -1     66101.0000000000       0.00000000000000       0.00000000000000       0.00000000000000
    1     -1     66101.0000000000      -0.45084324543975      -0.23159929778515       0.32109520797853
    1     -1     66102.0000000000      -0.45084324543975      -0.23159929778515       0.32109520797853
    1     -1     66103.0000000000      -0.45084324543975      -0.23159929778515       0.32109520797853
    1     -1     66103.0000000000       0.00000000000000       0.00000000000000       0.00000000000000
    1  35930     66103.0000000000     -439044841.141752899     -103645795.923536882       17333186.994520620        3.8906756451527      -16.3689946633465       -0.4660836883336        1754.6991133203
    1  35930     66103.0000000000     -439044841.141752899     -103645795.923536882       17333186.994520620        3.8906756451527      -16.3689946633465       -0.4660836883336        1714.6991133203
    1     -1     66103.0000000000       0.00000000000000       0.00000000000000       0.00000000000000
    1     -1     66103.0000000000       0.34446692721991       0.16771037640006      -0.46175292633553
    1     -1     66104.0000000000       0.34446692721991       0.16771037640006      -0.46175292633553
    1     -1     66105.0000000000       0.34446692721991       0.16771037640006      -0.46175292633553
    1     -1     66105.0000000000       0.00000000000000       0.00000000000000       0.00000000000000
    1     -1     66105.0000000000       0.00000000000000       0.00000000000000       0.00000000000000
    1     -1     66105.0000000000       0.34470882833008       0.16479137673276      -0.46262255144537
    1     -1     66106.0000000000       0.34470882833008       0.16479137673276      -0.46262255144537
    1     -1     66107.0000000000       0.34470882833008       0.16479137673276      -0.46262255144537
    1     -1     66107.0000000000       0.00000000000000       0.00000000000000       0.00000000000000
    1     -1     66107.0000000000       0.00000000000000       0.00000000000000       0.00000000000000
    1     -1     66107.0000000000       0.34497725143892       0.16180734117249      -0.46347500430156
    1     -1     66108.0000000000       0.34497725143892       0.16180734117249      -0.46347500430156
    1     -1     66109.0000000000       0.34497725143892       0.16180734117249      -0.46347500430156
    1     -1     66109.0000000000       0.00000000000000       0.00000000000000       0.00000000000000
    1     -1     66109.0000000000       0.00000000000000       0.00000000000000       0.00000000000000
    1     -1     66109.0000000000       0.34527234787348       0.15875679433204      -0.46430947150295
    1     -1     66110.0000000000       0.34527234787348       0.15875679433204      -0.46430947150295
    1     -1     66111.0000000000       0.34527234787348       0.15875679433204      -0.46430947150295
    1     -1     66111.0000000000       0.00000000000000       0.00000000000000       0.00000000000000
    1     -1     66111.0000000000       0.00000000000000       0.00000000000000       0.00000000000000
    1     -1     66111.0000000000       0.34559427502330       0.15563815841340      -0.46512510144778
    1     -1     66112.0000000000       0.34559427502330       0.15563815841340      -0.46512510144778
    1     -1     66113.0000000000       0.34559427502330       0.15563815841340      -0.46512510144778
    1     -1     66113.0000000000       0.00000000000000       0.00000000000000       0.00000000000000
    1     -1     66113.0000000000       0.00000000000000       0.00000000000000       0.00000000000000
    1     -1     66113.0000000000       0.34594322596846       0.15244964191357      -0.46592101301289
    1     -1     66114.0000000000       0.34594322596846       0.15244964191357      -0.46592101301289
    1     -1     66115.0000000000       0.34594322596846       0.15244964191357      -0.46592101301289
    1     -1     66115.0000000000       0.00000000000000       0.00000000000000       0.00000000000000
    1     -1     66115.0000000000       0.00000000000000       0.00000000000000       0.00000000000000
    1     -1     66115.0000000000       0.34631919169712       0.14918999491256      -0.46669622042636
    1     -1     66116.0000000000       0.34631919169712       0.14918999491256      -0.46669622042636
    1     -1     66117.0000000000       0.34631919169712       0.14918999491256      -0.46669622042636
    1     -1     66117.0000000000       0.00000000000000       0.00000000000000       0.00000000000000
    1     -1     66117.0000000000       0.00000000000000       0.00000000000000       0.00000000000000
    1     -1     66117.0000000000       0.34672226457704       0.14585753828310      -0.46744972890415
    1     -1     66118.0000000000       0.34672226457704       0.14585753828310      -0.46744972890415
    1     -1     66119.0000000000       0.34672226457704       0.14585753828310      -0.46744972890415
    1     -1     66119.0000000000       0.00000000000000       0.00000000000000       0.00000000000000
    1     -1     66119.0000000000       0.00000000000000       0.00000000000000       0.00000000000000
    1     -1     66119.0000000000       0.34715273004506       0.14244988624585      -0.46818053271234
    1     -1     66120.0000000000       0.34715273004506       0.14244988624585      -0.46818053271234
    1     -1     66121.0000000000       0.34715273004506       0.14244988624585      -0.46818053271234
    1     -1     66121.0000000000       0.00000000000000       0.00000000000000       0.00000000000000
    1     -1     66121.0000000000       0.00000000000000       0.00000000000000       0.00000000000000
    1     -1     66121.0000000000       0.34761048440774       0.13896568412068      -0.46888750148270
    1     -1     66122.0000000000       0.34761048440774       0.13896568412068      -0.46888750148270
    1     -1     66123.0000000000       0.34761048440774       0.13896568412068      -0.46888750148270
    1     -1     66123.0000000000       0.00000000000000       0.00000000000000       0.00000000000000
    1     -1     66123.0000000000       0.00000000000000       0.00000000000000       0.00000000000000
    1     -1     66123.0000000000       0.34809577666598       0.13540253346243      -0.46956946608491
    1     -1     66124.0000000000       0.34809577666598       0.13540253346243      -0.46956946608491
    1     -1     66125.0000000000       0.34809577666598       0.13540253346243      -0.46956946608491
    1     -1     66125.0000000000       0.00000000000000       0.00000000000000       0.00000000000000
    1     -1     66125.0000000000       0.00000000000000       0.00000000000000       0.00000000000000
    1     -1     66125.0000000000       0.03125776038393       0.01181410834930      -0.04216244587674
    1     -1     66126.0000000000       0.03125776038393       0.01181410834930      -0.04216244587674
    1     -1     66127.0000000000       0.03125776038393       0.01181410834930      -0.04216244587674
    1     -1     66127.0000000000       0.00000000000000       0.00000000000000       0.00000000000000
    1     -1     66403.0000000000       0.00000000000000       0.00000000000000       0.00000000000000
    1     -1     66403.0000000000      -0.03151919905940      -0.19645255831378       0.10886556452406
    1     -1     66404.0000000000      -0.03151919905940      -0.19645255831378       0.10886556452406
    1     -1     66405.0000000000      -0.03151919905940      -0.19645255831378       0.10886556452406
    1     -1     66405.0000000000       0.00000000000000       0.00000000000000       0.00000000000000
    1     -1     66405.0000000000       0.00000000000000       0.00000000000000       0.00000000000000
    1     -1     66405.0000000000      -0.08637866040346      -0.51840486214673       0.28947387655803
    1     -1     66406.0000000000      -0.08637866040346      -0.51840486214673       0.28947387655803
    1     -1     66407.0000000000      -0.08637866040346      -0.51840486214673       0.28947387655803
    1     -1     66407.0000000000       0.00000000000000       0.00000000000000       0.00000000000000
    1     -1     66407.0000000000       0.00000000000000       0.00000000000000       0.00000000000000
    1     -1     66407.0000000000      -0.08930814774464      -0.51712836860104       0.29086475278803
    1     -1     66408.0000000000      -0.08930814774464      -0.51712836860104       0.29086475278803
    1     -1     66409.0000000000      -0.08930814774464      -0.51712836860104       0.29086475278803
    1     -1     66409.0000000000       0.00000000000000       0.00000000000000       0.00000000000000
    1     -1     66409.0000000000       0.00000000000000       0.00000000000000       0.00000000000000
    1     -1     66409.0000000000      -0.09217384978737      -0.51588373136804       0.29217795331811
    1     -1     66410.0000000000      -0.09217384978737      -0.51588373136804       0.29217795331811
    1     -1     66411.0000000000      -0.09217384978737      -0.51588373136804       0.29217795331811
    1     -1     66411.0000000000       0.00000000000000       0.00000000000000       0.00000000000000
    1     -1     66411.0000000000       0.00000000000000       0.00000000000000       0.00000000000000
    1     -1     66411.0000000000      -0.09497710564123      -0.51467120684598       0.29341591219244
    1     -1     66412.0000000000      -0.09497710564123      -0.51467120684598       0.29341591219244
    1     -1     66413.0000000000      -0.09497710564123      -0.51467120684598       0.29341591219244
    1     -1     66413.0000000000       0.00000000000000       0.00000000000000       0.00000000000000
    1     -1     66413.0000000000       0.00000000000000       0.00000000000000       0.00000000000000
    1     -1     66413.0000000000      -0.09771922371944      -0.51349098630054       0.29458098985468
    1     -1     66414.0000000000      -0.09771922371944      -0.51349098630054       0.29458098985468
    1     -1     66415.0000000000      -0.09771922371944      -0.51349098630054       0.29458098985468
    1     -1     66415.0000000000       0.00000000000000       0.00000000000000       0.00000000000000
    1     -1     66415.0000000000       0.00000000000000       0.00000000000000       0.00000000000000
    1     -1     66415.0000000000      -0.10040146554316      -0.51234321144162       0.29567546175914
    1     -1     66416.0000000000      -0.10040146554316      -0.51234321144162       0.29567546175914
    1     -1     66417.0000000000      -0.10040146554316      -0.51234321144162       0.29567546175914
    1     -1     66417.0000000000       0.00000000000000       0.00000000000000       0.00000000000000
    1     -1     66417.0000000000       0.00000000000000       0.00000000000000       0.00000000000000
    1     -1     66417.0000000000      -0.10302504214377      -0.51122798153367       0.29670151814287
    1     -1     66418.0000000000      -0.10302504214377      -0.51122798153367       0.29670151814287
    1     -1     66419.0000000000      -0.10302504214377      -0.51122798153367       0.29670151814287
    1     -1     66419.0000000000       0.00000000000000       0.00000000000000       0.00000000000000
    1     -1     66419.0000000000       0.00000000000000       0.00000000000000       0.00000000000000
    1     -1     66419.0000000000      -0.10559111629841      -0.51014535632238       0.29766126866217
    1     -1     66420.0000000000      -0.10559111629841      -0.51014535632238       0.29766126866217
    1     -1     66421.0000000000      -0.10559111629841      -0.51014535632238       0.29766126866217
    1     -1     66421.0000000000       0.00000000000000       0.00000000000000       0.00000000000000
    1     -1     66421.0000000000       0.00000000000000       0.00000000000000       0.00000000000000
    1     -1     66421.0000000000      -0.10810080632393      -0.50909535771469       0.29855674788132
    1     -1     66422.0000000000      -0.10810080632393      -0.50909535771469       0.29855674788132
    1     -1     66423.0000000000      -0.10810080632393      -0.50909535771469       0.29855674788132
    1     -1     66423.0000000000       0.00000000000000       0.00000000000000       0.00000000000000
    1     -1     66423.0000000000       0.00000000000000       0.00000000000000       0.00000000000000
    1     -1     66423.0000000000      -0.11055518744309      -0.50807797185018       0.29938992022116
    1     -1     66424.0000000000      -0.11055518744309      -0.50807797185018       0.29938992022116
    1     -1     66425.0000000000      -0.11055518744309      -0.50807797185018       0.29938992022116
    1     -1     66425.0000000000       0.00000000000000       0.00000000000000       0.00000000000000
    1     -1     66425.0000000000       0.00000000000000       0.00000000000000       0.00000000000000
    1     -1     66425.0000000000      -0.11295528559070      -0.50709314862367       0.30016269147923
    1     -1     66426.0000000000      -0.11295528559070      -0.50709314862367       0.30016269147923
    1     -1     66427.0000000000      -0.11295528559070      -0.50709314862367       0.30016269147923
    1     -1     66427.0000000000       0.00000000000000       0.00000000000000       0.00000000000000
    1     -1     66427.0000000000       0.00000000000000       0.00000000000000       0.00000000000000
    1     -1     66427.0000000000      -0.11471994179008      -0.50637537686717       0.30070469224525
    1     -1     66428.0000000000      -0.11471994179008      -0.50637537686717       0.30070469224525
    1     -1     66428.0000000000       0.00000000000000       0.00000000000000       0.00000000000000
    1  41572     66428.0000000000     -107570882.535314262     -417634519.126378536      -13859311.039125724       17.1081739018639       -4.1362075653155       -0.6966222006702        1653.9931728069
    1  41572     66428.0000000000     -107570882.535314262     -417634519.126378536      -13859311.039125724       17.1081739018639       -4.1362075653155       -0.6966222006702        1613.9931728069
    1     -1     66428.0000000000       0.00000000000000       0.00000000000000       0.00000000000000
    1     -1     66428.0000000000      -0.53876311631142      -0.25527194620661       0.06760574873706
    1     -1     66429.0000000000      -0.53876311631142      -0.25527194620661       0.06760574873706
    1     -1     66430.0000000000      -0.53876311631142      -0.25527194620661       0.06760574873706
    1     -1     66430.0000000000       0.00000000000000       0.00000000000000       0.00000000000000
    1     -1     66430.0000000000       0.00000000000000       0.00000000000000       0.00000000000000
    1     -1     66430.0000000000      -0.54043227594598      -0.25221511690575       0.06573042826629
    1     -1     66431.0000000000      -0.54043227594598      -0.25221511690575       0.06573042826629
    1     -1     66432.0000000000      -0.54043227594598      -0.25221511690575       0.06573042826629
    1     -1     66432.0000000000       0.00000000000000       0.00000000000000       0.00000000000000
    1     -1     66432.0000000000       0.00000000000000       0.00000000000000       0.00000000000000
    1     -1     66432.0000000000      -0.54209057843456      -0.24913015035320       0.06381200700081
    1     -1     66433.0000000000      -0.54209057843456      -0.24913015035320       0.06381200700081
    1     -1     66434.0000000000      -0.54209057843456      -0.24913015035320       0.06381200700081
    1     -1     66434.0000000000       0.00000000000000       0.00000000000000       0.00000000000000
    1     -1     66434.0000000000       0.00000000000000       0.00000000000000       0.00000000000000
    1     -1     66434.0000000000      -0.54373768264723      -0.24601611836002       0.06184982826565
    1     -1     66435.0000000000      -0.54373768264723      -0.24601611836002       0.06184982826565
    1     -1     66436.0000000000      -0.54373768264723      -0.24601611836002       0.06184982826565
    1     -1     66436.0000000000       0.00000000000000       0.00000000000000       0.00000000000000
    1     -1     66436.0000000000       0.00000000000000       0.00000000000000       0.00000000000000
    1     -1     66436.0000000000      -0.54537323732841      -0.24287202770245       0.05984320718034
    1     -1     66437.0000000000      -0.54537323732841      -0.24287202770245       0.05984320718034
    1     -1     66438.0000000000      -0.54537323732841      -0.24287202770245       0.05984320718034
    1     -1     66438.0000000000       0.00000000000000       0.00000000000000       0.00000000000000
    1     -1     66438.0000000000       0.00000000000000       0.00000000000000       0.00000000000000
    1     -1     66438.0000000000      -0.54699687411844      -0.23969682586946       0.05779144099916
    1     -1     66439.0000000000      -0.54699687411844      -0.23969682586946       0.05779144099916
    1     -1     66440.0000000000      -0.54699687411844      -0.23969682586946       0.05779144099916
    1     -1     66440.0000000000       0.00000000000000       0.00000000000000       0.00000000000000
    1     -1     66440.0000000000       0.00000000000000       0.00000000000000       0.00000000000000
    1     -1     66440.0000000000      -0.54860820168461      -0.23648940595159       0.05569381650634
    1     -1     66441.0000000000      -0.54860820168461      -0.23648940595159       0.05569381650634
    1     -1     66442.0000000000      -0.54860820168461      -0.23648940595159       0.05569381650634
    1     -1     66442.0000000000       0.00000000000000       0.00000000000000       0.00000000000000
    1     -1     66442.0000000000       0.00000000000000       0.00000000000000       0.00000000000000
    1     -1     66442.0000000000      -0.55020679174050      -0.23324862861930       0.05354962978245
    1     -1     66443.0000000000      -0.55020679174050      -0.23324862861930       0.05354962978245
    1     -1     66444.0000000000      -0.55020679174050      -0.23324862861930       0.05354962978245
    1     -1     66444.0000000000       0.00000000000000       0.00000000000000       0.00000000000000
    1     -1     66444.0000000000       0.00000000000000       0.00000000000000       0.00000000000000
    1     -1     66444.0000000000      -0.55179222196255      -0.22997324047195       0.05135807364434
    1     -1     66445.0000000000      -0.55179222196255      -0.22997324047195       0.05135807364434
    1     -1     66446.0000000000      -0.55179222196255      -0.22997324047195       0.05135807364434
    1     -1     66446.0000000000       0.00000000000000       0.00000000000000       0.00000000000000
    1     -1     66446.0000000000       0.00000000000000       0.00000000000000       0.00000000000000
    1     -1     66446.0000000000      -0.55336414459779      -0.22666170719000       0.04911815598403
    1     -1     66447.0000000000      -0.55336414459779      -0.22666170719000       0.04911815598403
    1     -1     66448.0000000000      -0.55336414459779      -0.22666170719000       0.04911815598403
    1     -1     66448.0000000000       0.00000000000000       0.00000000000000       0.00000000000000
    1     -1     66448.0000000000       0.00000000000000       0.00000000000000       0.00000000000000
    1     -1     66448.0000000000      -0.55492190479227      -0.22331300306749       0.04682928061268
    1     -1     66449.0000000000      -0.55492190479227      -0.22331300306749       0.04682928061268
    1     -1     66450.0000000000      -0.55492190479227      -0.22331300306749       0.04682928061268
    1     -1     66450.0000000000       0.00000000000000       0.00000000000000       0.00000000000000
    1     -1     66450.0000000000       0.00000000000000       0.00000000000000       0.00000000000000
    1     -1     66450.0000000000      -0.55646516676764      -0.21992528332746       0.04449030464713
    1     -1     66451.0000000000      -0.55646516676764      -0.21992528332746       0.04449030464713
    1     -1     66452.0000000000      -0.55646516676764      -0.21992528332746       0.04449030464713
    1     -1     66452.0000000000       0.00000000000000       0.00000000000000       0.00000000000000
    1     -1     66452.0000000000       0.00000000000000       0.00000000000000       0.00000000000000
    1     -1     66452.0000000000      -0.55799329072821      -0.21649718939262       0.04210051979958
    1     -1     66453.0000000000      -0.55799329072821      -0.21649718939262       0.04210051979958
    1     -1     66454.0000000000      -0.55799329072821      -0.21649718939262       0.04210051979958
    1     -1     66454.0000000000       0.00000000000000       0.00000000000000       0.00000000000000
    1     -1     66454.0000000000       0.00000000000000       0.00000000000000       0.00000000000000
    1     -1     66454.0000000000      -0.36953592955077      -0.14069783441066       0.02619363015295
    1     -1     66455.0000000000      -0.36953592955077      -0.14069783441066       0.02619363015295
    1     -1     66456.0000000000      -0.36953592955077      -0.14069783441066       0.02619363015295
    1     -1     66456.0000000000       0.00000000000000       0.00000000000000       0.00000000000000
    1     -1     66714.0000000000       0.00000000000000       0.00000000000000       0.00000000000000
    1     -1     66714.0000000000       0.03583716848575       0.40026864932793      -0.22587280097678
    1     -1     66715.0000000000       0.03583716848575       0.40026864932793      -0.22587280097678
    1     -1     66716.0000000000       0.03583716848575       0.40026864932793      -0.22587280097678
    1     -1     66716.0000000000       0.00000000000000       0.00000000000000       0.00000000000000
    1     -1     66716.0000000000       0.00000000000000       0.00000000000000       0.00000000000000
    1     -1     66716.0000000000       0.04999054665709       0.52159022360267      -0.29230905419956
    1     -1     66717.0000000000       0.04999054665709       0.52159022360267      -0.29230905419956
    1     -1     66718.0000000000       0.04999054665709       0.52159022360267      -0.29230905419956
    1     -1     66718.0000000000       0.00000000000000       0.00000000000000       0.00000000000000
    1     -1     66718.0000000000       0.00000000000000       0.00000000000000       0.00000000000000
    1     -1     66718.0000000000       0.05322047975761       0.52219795096883      -0.29064906643291
    1     -1     66719.0000000000       0.05322047975761       0.52219795096883      -0.29064906643291
    1     -1     66720.0000000000       0.05322047975761       0.52219795096883      -0.29064906643291
    1     -1     66720.0000000000       0.00000000000000       0.00000000000000       0.00000000000000
    1     -1     66720.0000000000       0.00000000000000       0.00000000000000       0.00000000000000
    1     -1     66720.0000000000       0.05633667128729       0.52278585429158      -0.28900022370387
    1     -1     66721.0000000000       0.05633667128729       0.52278585429158      -0.28900022370387
    1     -1     66722.0000000000       0.05633667128729       0.52278585429158      -0.28900022370387
    1     -1     66722.0000000000       0.00000000000000       0.00000000000000       0.00000000000000
    1     -1     66722.0000000000       0.00000000000000       0.00000000000000       0.00000000000000
    1     -1     66722.0000000000       0.05934217404399       0.52335540827563      -0.28736322361843
    1     -1     66723.0000000000       0.05934217404399       0.52335540827563      -0.28736322361843
    1     -1     66724.0000000000       0.05934217404399       0.52335540827563      -0.28736322361843
    1     -1     66724.0000000000       0.00000000000000       0.00000000000000       0.00000000000000
    1     -1     66724.0000000000       0.00000000000000       0.00000000000000       0.00000000000000
    1     -1     66724.0000000000       0.06224030192947       0.52390808224751      -0.28573845637482
    1     -1     66725.0000000000       0.06224030192947       0.52390808224751      -0.28573845637482
    1     -1     66726.0000000000       0.06224030192947       0.52390808224751      -0.28573845637482
    1     -1     66726.0000000000       0.00000000000000       0.00000000000000       0.00000000000000
    1     -1     66726.0000000000       0.00000000000000       0.00000000000000       0.00000000000000
    1     -1     66726.0000000000       0.06503420079359       0.52444520328357      -0.28412634647283
    1     -1     66727.0000000000       0.06503420079359       0.52444520328357      -0.28412634647283
    1     -1     66728.0000000000       0.06503420079359       0.52444520328357      -0.28412634647283
    1     -1     66728.0000000000       0.00000000000000       0.00000000000000       0.00000000000000
    1     -1     66728.0000000000       0.00000000000000       0.00000000000000       0.00000000000000
    1     -1     66728.0000000000       0.06772706193615       0.52496803949995      -0.28252717013603
    1     -1     66729.0000000000       0.06772706193615       0.52496803949995      -0.28252717013603
    1     -1     66730.0000000000       0.06772706193615       0.52496803949995      -0.28252717013603
    1     -1     66730.0000000000       0.00000000000000       0.00000000000000       0.00000000000000
    1     -1     66730.0000000000       0.00000000000000       0.00000000000000       0.00000000000000
    1     -1     66730.0000000000       0.07032177142610       0.52547773299680      -0.28094127476759
    1     -1     66731.0000000000       0.07032177142610       0.52547773299680      -0.28094127476759
    1     -1     66732.0000000000       0.07032177142610       0.52547773299680      -0.28094127476759
    1     -1     66732.0000000000       0.00000000000000       0.00000000000000       0.00000000000000
    1     -1     66732.0000000000       0.00000000000000       0.00000000000000       0.00000000000000
    1     -1     66732.0000000000       0.07282117123627       0.52597534738558      -0.27936895003274
    1     -1     66733.0000000000       0.07282117123627       0.52597534738558      -0.27936895003274
    1     -1     66734.0000000000       0.07282117123627       0.52597534738558      -0.27936895003274
    1     -1     66734.0000000000       0.00000000000000       0.00000000000000       0.00000000000000
    1     -1     66734.0000000000       0.00000000000000       0.00000000000000       0.00000000000000
    1     -1     66734.0000000000       0.07522806355673       0.52646187718130      -0.27781042026577
    1     -1     66735.0000000000       0.07522806355673       0.52646187718130      -0.27781042026577
    1     -1     66736.0000000000       0.07522806355673       0.52646187718130      -0.27781042026577
    1     -1     66736.0000000000       0.00000000000000       0.00000000000000       0.00000000000000
    1     -1     66736.0000000000       0.00000000000000       0.00000000000000       0.00000000000000
    1     -1     66736.0000000000       0.07754516325323       0.52693824458352      -0.27626587435163
    1     -1     66737.0000000000       0.07754516325323       0.52693824458352      -0.27626587435163
    1     -1     66738.0000000000       0.07754516325323       0.52693824458352      -0.27626587435163
    1     -1     66738.0000000000       0.00000000000000       0.00000000000000       0.00000000000000
    1     -1     66738.0000000000       0.00000000000000       0.00000000000000       0.00000000000000
    1     -1     66738.0000000000       0.07977512713072       0.52740529676189      -0.27473547517345
    1     -1     66739.0000000000       0.07977512713072       0.52740529676189      -0.27473547517345
    1     -1     66740.0000000000       0.07977512713072       0.52740529676189      -0.27473547517345
    1     -1     66740.0000000000       0.00000000000000       0.00000000000000       0.00000000000000
    1     -1     66740.0000000000       0.00000000000000       0.00000000000000       0.00000000000000
    1     -1     66740.0000000000       0.08192071531018       0.52786384712655      -0.27321924269682
    1     -1     66741.0000000000       0.08192071531018       0.52786384712655      -0.27321924269682
    1     -1     66742.0000000000       0.08192071531018       0.52786384712655      -0.27321924269682
    1     -1     66742.0000000000       0.00000000000000       0.00000000000000       0.00000000000000
    1  53527     66742.0000000000      309045621.374201477     -284569856.160926282      -20268609.021056406       11.1230255620688       14.1694364601476       -0.1876729931445        1541.4960001702
    1  53527     66742.0000000000      309045621.374201477     -284569856.160926282      -20268609.021056406       11.1230255620688       14.1694364601476       -0.1876729931445        1501.4960001702
    1     -1     66938.0000000000       0.00000000000000       0.00000000000000       0.00000000000000
    1     -1     66938.0000000000      -0.02916153219375       0.54551884508809       0.24811044712763
    1     -1     66939.0000000000      -0.02916153219375       0.54551884508809       0.24811044712763
    1     -1     66940.0000000000      -0.02916153219375       0.54551884508809       0.24811044712763
    1     -1     66940.0000000000       0.00000000000000       0.00000000000000       0.00000000000000
    1     -1     66940.0000000000       0.00000000000000       0.00000000000000       0.00000000000000
    1     -1     66940.0000000000      -0.02901159894535       0.54388441283359       0.25169042866843
    1     -1     66941.0000000000      -0.02901159894535       0.54388441283359       0.25169042866843
    1     -1     66942.0000000000      -0.02901159894535       0.54388441283359       0.25169042866843
    1     -1     66942.0000000000       0.00000000000000       0.00000000000000       0.00000000000000
    1     -1     66942.0000000000       0.00000000000000       0.00000000000000       0.00000000000000
    1     -1     66942.0000000000      -0.01301409736489       0.24447071875671       0.11508888916753
    1     -1     66943.0000000000      -0.01301409736489       0.24447071875671       0.11508888916753
    1     -1     66944.0000000000      -0.01301409736489       0.24447071875671       0.11508888916753
    1     -1     66944.0000000000       0.00000000000000       0.00000000000000       0.00000000000000
    1     -1     67604.0000000000       0.00000000000000       0.00000000000000       0.00000000000000
    1     -1     67604.0000000000       0.14457644893719      -0.05257019854148       0.01231876344688
    1     -1     67605.0000000000       0.14457644893719      -0.05257019854148       0.01231876344688
    1     -1     67606.0000000000       0.14457644893719      -0.05257019854148       0.01231876344688
    1     -1     67606.0000000000       0.00000000000000       0.00000000000000       0.00000000000000
    1     -1     67606.0000000000       0.00000000000000       0.00000000000000       0.00000000000000
    1     -1     67606.0000000000       0.56135551974175      -0.20724208593124       0.04393970362142
    1     -1     67607.0000000000       0.56135551974175      -0.20724208593124       0.04393970362142
    1     -1     67608.0000000000       0.56135551974175      -0.20724208593124       0.04393970362142
    1     -1     67608.0000000000       0.00000000000000       0.00000000000000       0.00000000000000
    1     -1     67608.0000000000       0.00000000000000       0.00000000000000       0.00000000000000
    1     -1     67608.0000000000       0.56059568443271      -0.21007376518225       0.04001863387943
    1     -1     67609.0000000000       0.56059568443271      -0.21007376518225       0.04001863387943
    1     -1     67610.0000000000       0.56059568443271      -0.21007376518225       0.04001863387943
    1     -1     67610.0000000000       0.00000000000000       0.00000000000000       0.00000000000000
    1     -1     67610.0000000000       0.00000000000000       0.00000000000000       0.00000000000000
    1     -1     67610.0000000000       0.55980234447712      -0.21287542371705       0.03613015880409
    1     -1     67611.0000000000       0.55980234447712      -0.21287542371705       0.03613015880409
    1     -1     67612.0000000000       0.55980234447712      -0.21287542371705       0.03613015880409
    1     -1     67612.0000000000       0.00000000000000       0.00000000000000       0.00000000000000
    1     -1     67612.0000000000       0.00000000000000       0.00000000000000       0.00000000000000
    1     -1     67612.0000000000       0.55897679477560      -0.21564609224451       0.03227545634172
    1     -1     67613.0000000000       0.55897679477560      -0.21564609224451       0.03227545634172
    1     -1     67614.0000000000       0.55897679477560      -0.21564609224451       0.03227545634172
    1     -1     67614.0000000000       0.00000000000000       0.00000000000000       0.00000000000000
    1     -1     67614.0000000000       0.00000000000000       0.00000000000000       0.00000000000000
    1     -1     67614.0000000000       0.55812035652693      -0.21838484959824       0.02845565631302
    1     -1     67615.0000000000       0.55812035652693      -0.21838484959824       0.02845565631302
    1     -1     67616.0000000000       0.55812035652693      -0.21838484959824       0.02845565631302
    1     -1     67616.0000000000       0.00000000000000       0.00000000000000       0.00000000000000
    1     -1     67616.0000000000       0.00000000000000       0.00000000000000       0.00000000000000
    1     -1     67616.0000000000       0.55723437399992      -0.22109082308620       0.02467183941233
    1     -1     67617.0000000000       0.55723437399992      -0.22109082308620       0.02467183941233
    1     -1     67618.0000000000       0.55723437399992      -0.22109082308620       0.02467183941233
    1     -1     67618.0000000000       0.00000000000000       0.00000000000000       0.00000000000000
    1     -1     67618.0000000000       0.00000000000000       0.00000000000000       0.00000000000000
    1     -1     67618.0000000000       0.55632021132394      -0.22376318868981       0.02092503619707
    1     -1     67619.0000000000       0.55632021132394      -0.22376318868981       0.02092503619707
    1     -1     67620.0000000000       0.55632021132394      -0.22376318868981       0.02092503619707
    1     -1     67620.0000000000       0.00000000000000       0.00000000000000       0.00000000000000
    1     -1     67620.0000000000       0.00000000000000       0.00000000000000       0.00000000000000
    1     -1     67620.0000000000       0.55537924930185      -0.22640117110946       0.01721622621769
    1     -1     67621.0000000000       0.55537924930185      -0.22640117110946       0.01721622621769
    1     -1     67622.0000000000       0.55537924930185      -0.22640117110946       0.01721622621769
    1     -1     67622.0000000000       0.00000000000000       0.00000000000000       0.00000000000000
    1     -1     67622.0000000000       0.00000000000000       0.00000000000000       0.00000000000000
    1     -1     67622.0000000000       0.55441288226575      -0.22900404363633       0.01354633736465
    1     -1     67623.0000000000       0.55441288226575      -0.22900404363633       0.01354633736465
    1     -1     67624.0000000000       0.55441288226575      -0.22900404363633       0.01354633736465
    1     -1     67624.0000000000       0.00000000000000       0.00000000000000       0.00000000000000
    1     -1     67624.0000000000       0.00000000000000       0.00000000000000       0.00000000000000
    1     -1     67624.0000000000       0.55342251498757      -0.23157112786831       0.00991624538968
    1     -1     67625.0000000000       0.55342251498757      -0.23157112786831       0.00991624538968
    1     -1     67626.0000000000       0.55342251498757      -0.23157112786831       0.00991624538968
    1     -1     67626.0000000000       0.00000000000000       0.00000000000000       0.00000000000000
    1     -1     67626.0000000000       0.00000000000000       0.00000000000000       0.00000000000000
    1     -1     67626.0000000000       0.55240955963331      -0.23410179333296       0.00632677358703
    1     -1     67627.0000000000       0.55240955963331      -0.23410179333296       0.00632677358703
    1     -1     67628.0000000000       0.55240955963331      -0.23410179333296       0.00632677358703
    1     -1     67628.0000000000       0.00000000000000       0.00000000000000       0.00000000000000
    1     -1     67628.0000000000       0.00000000000000       0.00000000000000       0.00000000000000
    1     -1     67628.0000000000       0.55137543281119      -0.23659545692897       0.00277869264947
    1     -1     67629.0000000000       0.55137543281119      -0.23659545692897       0.00277869264947
    1     -1     67630.0000000000       0.55137543281119      -0.23659545692897       0.00277869264947
    1     -1     67630.0000000000       0.00000000000000       0.00000000000000       0.00000000000000
    1     -1     67630.0000000000       0.00000000000000       0.00000000000000       0.00000000000000
    1     -1     67630.0000000000       0.55032155269938      -0.23905158225656      -0.00072727929420
    1     -1     67631.0000000000       0.55032155269938      -0.23905158225656      -0.00072727929420
    1     -1     67632.0000000000       0.55032155269938      -0.23905158225656      -0.00072727929420
    1     -1     67632.0000000000       0.00000000000000       0.00000000000000       0.00000000000000
    1     -1     67632.0000000000       0.00000000000000       0.00000000000000       0.00000000000000
    1     -1     67632.0000000000       0.54924933626769      -0.24146967883335      -0.00419047653829
    1     -1     67633.0000000000       0.54924933626769      -0.24146967883335      -0.00419047653829
    1     -1     67634.0000000000       0.54924933626769      -0.24146967883335      -0.00419047653829
    1     -1     67634.0000000000       0.00000000000000       0.00000000000000       0.00000000000000
    1     -1     67634.0000000000       0.00000000000000       0.00000000000000       0.00000000000000
    1     -1     67634.0000000000       0.54816019660128      -0.24384930120389      -0.00761028543606
    1     -1     67635.0000000000       0.54816019660128      -0.24384930120389      -0.00761028543606
    1     -1     67636.0000000000       0.54816019660128      -0.24384930120389      -0.00761028543606
    1     -1     67636.0000000000       0.00000000000000       0.00000000000000       0.00000000000000
    1     -1     67636.0000000000       0.00000000000000       0.00000000000000       0.00000000000000
    1     -1     67636.0000000000       0.54705554033583      -0.24619004794645      -0.01098614400047
    1     -1     67637.0000000000       0.54705554033583      -0.24619004794645      -0.01098614400047
    1     -1     67638.0000000000       0.54705554033583      -0.24619004794645      -0.01098614400047
    1     -1     67638.0000000000       0.00000000000000       0.00000000000000       0.00000000000000
    1     -1     67638.0000000000       0.00000000000000       0.00000000000000       0.00000000000000
    1     -1     67638.0000000000       0.54593676521063      -0.24849156058997      -0.01431754123151
    1     -1     67639.0000000000       0.54593676521063      -0.24849156058997      -0.01431754123151
    1     -1     67640.0000000000       0.54593676521063      -0.24849156058997      -0.01431754123151
    1     -1     67640.0000000000       0.00000000000000       0.00000000000000       0.00000000000000
    1     -1     67640.0000000000       0.00000000000000       0.00000000000000       0.00000000000000
    1     -1     67640.0000000000       0.54480525773125      -0.25075352247268      -0.01760401647162
    1     -1     67641.0000000000       0.54480525773125      -0.25075352247268      -0.01760401647162
    1     -1     67642.0000000000       0.54480525773125      -0.25075352247268      -0.01760401647162
    1     -1     67642.0000000000       0.00000000000000       0.00000000000000       0.00000000000000
    1     -1     67642.0000000000       0.00000000000000       0.00000000000000       0.00000000000000
    1     -1     67642.0000000000       0.54394927700359      -0.25242351824086      -0.02003873165097
    1     -1     67643.0000000000       0.54394927700359      -0.25242351824086      -0.02003873165097
    1     -1     67643.0000000000       0.00000000000000       0.00000000000000       0.00000000000000
    1  26245     67643.0000000000     -408417672.202387273      213729790.867035955       24170929.190393019       -7.6307362704246      -14.4148637311991        0.0681124556640        1445.4408242458
    1  26245     67643.0000000000     -408417672.202387273      213729790.867035955       24170929.190393019       -7.6307362704246      -14.4148637311991        0.0681124556640        1501.2929803032
    1     -1     67643.0000000000       0.00000000000000       0.00000000000000       0.00000000000000
    1     -1     67643.0000000000      -0.24979135212259       0.50522150983715       0.20580453270674
    1     -1     67644.0000000000      -0.24979135212259       0.50522150983715       0.20580453270674
    1     -1     67645.0000000000      -0.24979135212259       0.50522150983715       0.20580453270674
    1     -1     67645.0000000000       0.00000000000000       0.00000000000000       0.00000000000000
    1     -1     67645.0000000000       0.00000000000000       0.00000000000000       0.00000000000000
    1     -1     67645.0000000000      -0.25250934773080       0.50450502345818       0.20423934462789
    1     -1     67646.0000000000      -0.25250934773080       0.50450502345818       0.20423934462789
    1     -1     67647.0000000000      -0.25250934773080       0.50450502345818       0.20423934462789
    1     -1     67647.0000000000       0.00000000000000       0.00000000000000       0.00000000000000
    1     -1     67647.0000000000       0.00000000000000       0.00000000000000       0.00000000000000
    1     -1     67647.0000000000      -0.25533670686132       0.50373963881081       0.20260686488857
    1     -1     67648.0000000000      -0.25533670686132       0.50373963881081       0.20260686488857
    1     -1     67649.0000000000      -0.25533670686132       0.50373963881081       0.20260686488857
    1     -1     67649.0000000000       0.00000000000000       0.00000000000000       0.00000000000000
    1     -1     67649.0000000000       0.00000000000000       0.00000000000000       0.00000000000000
    1     -1     67649.0000000000      -0.25827741571882       0.50292184524766       0.20090394068385
    1     -1     67650.0000000000      -0.25827741571882       0.50292184524766       0.20090394068385
    1     -1     67651.0000000000      -0.25827741571882       0.50292184524766       0.20090394068385
    1     -1     67651.0000000000       0.00000000000000       0.00000000000000       0.00000000000000
    1     -1     67651.0000000000       0.00000000000000       0.00000000000000       0.00000000000000
    1     -1     67651.0000000000      -0.26133527745674       0.50204799531705       0.19912730208270
    1     -1     67652.0000000000      -0.26133527745674       0.50204799531705       0.19912730208270
    1     -1     67653.0000000000      -0.26133527745674       0.50204799531705       0.19912730208270
    1     -1     67653.0000000000       0.00000000000000       0.00000000000000       0.00000000000000
    1     -1     67653.0000000000       0.00000000000000       0.00000000000000       0.00000000000000
    1     -1     67653.0000000000      -0.26451422943587       0.50111415756762       0.19727347209202
    1     -1     67654.0000000000      -0.26451422943587       0.50111415756762       0.19727347209202
    1     -1     67655.0000000000      -0.26451422943587       0.50111415756762       0.19727347209202
    1     -1     67655.0000000000       0.00000000000000       0.00000000000000       0.00000000000000
    1     -1     67655.0000000000       0.00000000000000       0.00000000000000       0.00000000000000
    1     -1     67655.0000000000      -0.26781835907143       0.50011608741383       0.19533874406827
    1     -1     67656.0000000000      -0.26781835907143       0.50011608741383       0.19533874406827
    1     -1     67657.0000000000      -0.26781835907143       0.50011608741383       0.19533874406827
    1     -1     67657.0000000000       0.00000000000000       0.00000000000000       0.00000000000000
    1     -1     67657.0000000000       0.00000000000000       0.00000000000000       0.00000000000000
    1     -1     67657.0000000000      -0.27125187492361       0.49904920960995       0.19331918171280
    1     -1     67658.0000000000      -0.27125187492361       0.49904920960995       0.19331918171280
    1     -1     67659.0000000000      -0.27125187492361       0.49904920960995       0.19331918171280
    1     -1     67659.0000000000       0.00000000000000       0.00000000000000       0.00000000000000
    1     -1     67659.0000000000       0.00000000000000       0.00000000000000       0.00000000000000
    1     -1     67659.0000000000      -0.27481906838079       0.49790860058172       0.19121062836847
    1     -1     67660.0000000000      -0.27481906838079       0.49790860058172       0.19121062836847
    1     -1     67661.0000000000      -0.27481906838079       0.49790860058172       0.19121062836847
    1     -1     67661.0000000000       0.00000000000000       0.00000000000000       0.00000000000000
    1     -1     67661.0000000000       0.00000000000000       0.00000000000000       0.00000000000000
    1     -1     67661.0000000000      -0.27852427283396       0.49668896714571       0.18900872635421
    1     -1     67662.0000000000      -0.27852427283396       0.49668896714571       0.18900872635421
    1     -1     67663.0000000000      -0.27852427283396       0.49668896714571       0.18900872635421
    1     -1     67663.0000000000       0.00000000000000       0.00000000000000       0.00000000000000
    1     -1     67663.0000000000       0.00000000000000       0.00000000000000       0.00000000000000
    1     -1     67663.0000000000      -0.28237216246499       0.49538452386426       0.18670868930136
    1     -1     67664.0000000000      -0.28237216246499       0.49538452386426       0.18670868930136
    1     -1     67665.0000000000      -0.28237216246499       0.49538452386426       0.18670868930136
    1     -1     67665.0000000000       0.00000000000000       0.00000000000000       0.00000000000000
    1     -1     67665.0000000000       0.00000000000000       0.00000000000000       0.00000000000000
    1     -1     67665.0000000000      -0.25716539077373       0.44361473546668       0.16551101285567
    1     -1     67666.0000000000      -0.25716539077373       0.44361473546668       0.16551101285567
    1     -1     67667.0000000000      -0.25716539077373       0.44361473546668       0.16551101285567
    1     -1     67667.0000000000       0.00000000000000       0.00000000000000       0.00000000000000
    1     -1     67845.0000000000       0.00000000000000       0.00000000000000       0.00000000000000
    1     -1     67845.0000000000      -0.02178802787777      -0.02708116607466      -0.02169482108191
    1     -1     67846.0000000000      -0.02178802787777      -0.02708116607466      -0.02169482108191
    1     -1     67847.0000000000      -0.02178802787777      -0.02708116607466      -0.02169482108191
    1     -1     67847.0000000000       0.00000000000000       0.00000000000000       0.00000000000000
    1     -1     67847.0000000000       0.00000000000000       0.00000000000000       0.00000000000000
    1     -1     67847.0000000000      -0.31530814305952      -0.39958926037160      -0.31766208019850
    1     -1     67848.0000000000      -0.31530814305952      -0.39958926037160      -0.31766208019850
    1     -1     67849.0000000000      -0.31530814305952      -0.39958926037160      -0.31766208019850
    1     -1     67849.0000000000       0.00000000000000       0.00000000000000       0.00000000000000
    1     -1     67849.0000000000       0.00000000000000       0.00000000000000       0.00000000000000
    1     -1     67849.0000000000      -0.31168541763516      -0.40247392036415      -0.31759556536625
    1     -1     67850.0000000000      -0.31168541763516      -0.40247392036415      -0.31759556536625
    1     -1     67851.0000000000      -0.31168541763516      -0.40247392036415      -0.31759556536625
    1     -1     67851.0000000000       0.00000000000000       0.00000000000000       0.00000000000000
    1     -1     67851.0000000000       0.00000000000000       0.00000000000000       0.00000000000000
    1     -1     67851.0000000000      -0.30818774036408      -0.40523440685868      -0.31749864797693
    1     -1     67852.0000000000      -0.30818774036408      -0.40523440685868      -0.31749864797693
    1     -1     67853.0000000000      -0.30818774036408      -0.40523440685868      -0.31749864797693
    1     -1     67853.0000000000       0.00000000000000       0.00000000000000       0.00000000000000
    1     -1     67853.0000000000       0.00000000000000       0.00000000000000       0.00000000000000
    1     -1     67853.0000000000      -0.30481163025314      -0.40787720363792      -0.31737368525910
    1     -1     67854.0000000000      -0.30481163025314      -0.40787720363792      -0.31737368525910
    1     -1     67855.0000000000      -0.30481163025314      -0.40787720363792      -0.31737368525910
    1     -1     67855.0000000000       0.00000000000000       0.00000000000000       0.00000000000000
    1     -1     67855.0000000000       0.00000000000000       0.00000000000000       0.00000000000000
    1     -1     67855.0000000000      -0.30155316010737      -0.41040883001579      -0.31722276581975
    1     -1     67856.0000000000      -0.30155316010737      -0.41040883001579      -0.31722276581975
    1     -1     67857.0000000000      -0.30155316010737      -0.41040883001579      -0.31722276581975
    1     -1     67857.0000000000       0.00000000000000       0.00000000000000       0.00000000000000
    1     -1     67857.0000000000       0.00000000000000       0.00000000000000       0.00000000000000
    1     -1     67857.0000000000      -0.29840888170774      -0.41283509342083      -0.31704782642080
    1     -1     67858.0000000000      -0.29840888170774      -0.41283509342083      -0.31704782642080
    1     -1     67859.0000000000      -0.29840888170774      -0.41283509342083      -0.31704782642080
    1     -1     67859.0000000000       0.00000000000000       0.00000000000000       0.00000000000000
    1     -1     67859.0000000000       0.00000000000000       0.00000000000000       0.00000000000000
    1     -1     67859.0000000000      -0.29537546508870      -0.41516143889153      -0.31685061710710
    1     -1     67860.0000000000      -0.29537546508870      -0.41516143889153      -0.31685061710710
    1     -1     67861.0000000000      -0.29537546508870      -0.41516143889153      -0.31685061710710
    1     -1     67861.0000000000       0.00000000000000       0.00000000000000       0.00000000000000
    1     -1     67861.0000000000       0.00000000000000       0.00000000000000       0.00000000000000
    1     -1     67861.0000000000      -0.29244951581340      -0.41739309355108      -0.31663272957224
    1     -1     67862.0000000000      -0.29244951581340      -0.41739309355108      -0.31663272957224
    1     -1     67863.0000000000      -0.29244951581340      -0.41739309355108      -0.31663272957224
    1     -1     67863.0000000000       0.00000000000000       0.00000000000000       0.00000000000000
    1     -1     67863.0000000000       0.00000000000000       0.00000000000000       0.00000000000000
    1     -1     67863.0000000000      -0.28962764655305      -0.41953502938201      -0.31639561430838
    1     -1     67864.0000000000      -0.28962764655305      -0.41953502938201      -0.31639561430838
    1     -1     67865.0000000000      -0.28962764655305      -0.41953502938201      -0.31639561430838
    1     -1     67865.0000000000       0.00000000000000       0.00000000000000       0.00000000000000
    1     -1     67865.0000000000       0.00000000000000       0.00000000000000       0.00000000000000
    1     -1     67865.0000000000      -0.28690680264677      -0.42159175673932      -0.31614059613480
    1     -1     67866.0000000000      -0.28690680264677      -0.42159175673932      -0.31614059613480
    1     -1     67867.0000000000      -0.28690680264677      -0.42159175673932      -0.31614059613480
    1     -1     67867.0000000000       0.00000000000000       0.00000000000000       0.00000000000000
    1     -1     67867.0000000000       0.00000000000000       0.00000000000000       0.00000000000000
    1     -1     67867.0000000000      -0.28492996483123      -0.42308106969439      -0.31593879611014
    1     -1     67868.0000000000      -0.28492996483123      -0.42308106969439      -0.31593879611014
    1     -1     67868.0000000000       0.00000000000000       0.00000000000000       0.00000000000000
    1  57073     67868.0000000000     -452573027.931809723      -83901991.079149410       23810181.764704458        3.2768678149981      -15.9923149565838       -0.7094644167669        1441.9121674528
    1  57073     67868.0000000000     -452573027.931809723      -83901991.079149410       23810181.764704458        3.2768678149981      -15.9923149565838       -0.7094644167669        1496.5322906561
    1     -1     67868.0000000000       0.00000000000000       0.00000000000000       0.00000000000000
    1     -1     67868.0000000000      -0.54842705156239       0.23017719805997       0.07903306831855
    1     -1     67869.0000000000      -0.54842705156239       0.23017719805997       0.07903306831855
    1     -1     67870.0000000000      -0.54842705156239       0.23017719805997       0.07903306831855
    1     -1     67870.0000000000       0.00000000000000       0.00000000000000       0.00000000000000
    1     -1     67870.0000000000       0.00000000000000       0.00000000000000       0.00000000000000
    1     -1     67870.0000000000      -0.54863736143731       0.22940645017371       0.07981056029003
    1     -1     67871.0000000000      -0.54863736143731       0.22940645017371       0.07981056029003
    1     -1     67872.0000000000      -0.54863736143731       0.22940645017371       0.07981056029003
    1     -1     67872.0000000000       0.00000000000000       0.00000000000000       0.00000000000000
    1     -1     67872.0000000000       0.00000000000000       0.00000000000000       0.00000000000000
    1     -1     67872.0000000000      -0.54886381413515       0.22858688698178       0.08060116570494
    1     -1     67873.0000000000      -0.54886381413515       0.22858688698178       0.08060116570494
    1     -1     67874.0000000000      -0.54886381413515       0.22858688698178       0.08060116570494
    1     -1     67874.0000000000       0.00000000000000       0.00000000000000       0.00000000000000
    1     -1     67874.0000000000       0.00000000000000       0.00000000000000       0.00000000000000
    1     -1     67874.0000000000      -0.54910665392331       0.22771708282899       0.08140523376911
    1     -1     67875.0000000000      -0.54910665392331       0.22771708282899       0.08140523376911
    1     -1     67876.0000000000      -0.54910665392331       0.22771708282899       0.08140523376911
    1     -1     67876.0000000000       0.00000000000000       0.00000000000000       0.00000000000000
    1     -1     67876.0000000000       0.00000000000000       0.00000000000000       0.00000000000000
    1     -1     67876.0000000000      -0.54936609156921       0.22679564222029       0.08222307087340
    1     -1     67877.0000000000      -0.54936609156921       0.22679564222029       0.08222307087340
    1     -1     67878.0000000000      -0.54936609156921       0.22679564222029       0.08222307087340
    1     -1     67878.0000000000       0.00000000000000       0.00000000000000       0.00000000000000
    1     -1     67878.0000000000       0.00000000000000       0.00000000000000       0.00000000000000
    1     -1     67878.0000000000      -0.54964234771375       0.22582106197310       0.08305502302124
    1     -1     67879.0000000000      -0.54964234771375       0.22582106197310       0.08305502302124
    1     -1     67880.0000000000      -0.54964234771375       0.22582106197310       0.08305502302124
    1     -1     67880.0000000000       0.00000000000000       0.00000000000000       0.00000000000000
    1     -1     67880.0000000000       0.00000000000000       0.00000000000000       0.00000000000000
    1     -1     67880.0000000000      -0.54993563829085       0.22479176495559       0.08390146259619
    1     -1     67881.0000000000      -0.54993563829085       0.22479176495559       0.08390146259619
    1     -1     67882.0000000000      -0.54993563829085       0.22479176495559       0.08390146259619
    1     -1     67882.0000000000       0.00000000000000       0.00000000000000       0.00000000000000
    1     -1     67882.0000000000       0.00000000000000       0.00000000000000       0.00000000000000
    1     -1     67882.0000000000      -0.55024615533692       0.22370615141396       0.08476276090651
    1     -1     67883.0000000000      -0.55024615533692       0.22370615141396       0.08476276090651
    1     -1     67884.0000000000      -0.55024615533692       0.22370615141396       0.08476276090651
    1     -1     67884.0000000000       0.00000000000000       0.00000000000000       0.00000000000000
    1     -1     67884.0000000000       0.00000000000000       0.00000000000000       0.00000000000000
    1     -1     67884.0000000000      -0.55057407179500       0.22256258164552       0.08563929003884
    1     -1     67885.0000000000      -0.55057407179500       0.22256258164552       0.08563929003884
    1     -1     67886.0000000000      -0.55057407179500       0.22256258164552       0.08563929003884
    1     -1     67886.0000000000       0.00000000000000       0.00000000000000       0.00000000000000
    1     -1     67886.0000000000       0.00000000000000       0.00000000000000       0.00000000000000
    1     -1     67886.0000000000      -0.55091954962737       0.22135934680048       0.08653143187561
    1     -1     67887.0000000000      -0.55091954962737       0.22135934680048       0.08653143187561
    1     -1     67888.0000000000      -0.55091954962737       0.22135934680048       0.08653143187561
    1     -1     67888.0000000000       0.00000000000000       0.00000000000000       0.00000000000000
    1     -1     67888.0000000000       0.00000000000000       0.00000000000000       0.00000000000000
    1     -1     67888.0000000000      -0.55128274260003       0.22009465368852       0.08743958147844
    1     -1     67889.0000000000      -0.55128274260003       0.22009465368852       0.08743958147844
    1     -1     67890.0000000000      -0.55128274260003       0.22009465368852       0.08743958147844
    1     -1     67890.0000000000       0.00000000000000       0.00000000000000       0.00000000000000
    1     -1     67890.0000000000       0.00000000000000       0.00000000000000       0.00000000000000
    1     -1     67890.0000000000      -0.55166379667932       0.21876660961737       0.08836416258799
    1     -1     67891.0000000000      -0.55166379667932       0.21876660961737       0.08836416258799
    1     -1     67892.0000000000      -0.55166379667932       0.21876660961737       0.08836416258799
    1     -1     67892.0000000000       0.00000000000000       0.00000000000000       0.00000000000000
    1     -1     67892.0000000000       0.00000000000000       0.00000000000000       0.00000000000000
    1     -1     67892.0000000000      -0.55206283476679       0.21737325146218       0.08930562859088
    1     -1     67893.0000000000      -0.55206283476679       0.21737325146218       0.08930562859088
    1     -1     67894.0000000000      -0.55206283476679       0.21737325146218       0.08930562859088
    1     -1     67894.0000000000       0.00000000000000       0.00000000000000       0.00000000000000
    1     -1     67894.0000000000       0.00000000000000       0.00000000000000       0.00000000000000
    1     -1     67894.0000000000      -0.55247994679277       0.21591257299688       0.09026443648375
    1     -1     67895.0000000000      -0.55247994679277       0.21591257299688       0.09026443648375
    1     -1     67896.0000000000      -0.55247994679277       0.21591257299688       0.09026443648375
    1     -1     67896.0000000000       0.00000000000000       0.00000000000000       0.00000000000000
    1     -1     67896.0000000000       0.00000000000000       0.00000000000000       0.00000000000000
    1     -1     67896.0000000000      -0.55291519931395       0.21438249337063       0.09124104440330
    1     -1     67897.0000000000      -0.55291519931395       0.21438249337063       0.09124104440330
    1     -1     67898.0000000000      -0.55291519931395       0.21438249337063       0.09124104440330
    1     -1     67898.0000000000       0.00000000000000       0.00000000000000       0.00000000000000
    1     -1     67898.0000000000       0.00000000000000       0.00000000000000       0.00000000000000
    1     -1     67898.0000000000      -0.55336863769971       0.21278083679039       0.09223592350681
    1     -1     67899.0000000000      -0.55336863769971       0.21278083679039       0.09223592350681
    1     -1     67900.0000000000      -0.55336863769971       0.21278083679039       0.09223592350681
    1     -1     67900.0000000000       0.00000000000000       0.00000000000000       0.00000000000000
    1     -1     67900.0000000000       0.00000000000000       0.00000000000000       0.00000000000000
    1     -1     67900.0000000000      -0.55384028065411       0.21110533457644       0.09324956041904
    1     -1     67901.0000000000      -0.55384028065411       0.21110533457644       0.09324956041904
    1     -1     67902.0000000000      -0.55384028065411       0.21110533457644       0.09324956041904
    1     -1     67902.0000000000       0.00000000000000       0.00000000000000       0.00000000000000
    1     -1     67902.0000000000       0.00000000000000       0.00000000000000       0.00000000000000
    1     -1     67902.0000000000      -0.55433011627573       0.20935362406257       0.09428245627689
    1     -1     67903.0000000000      -0.55433011627573       0.20935362406257       0.09428245627689
    1     -1     67904.0000000000      -0.55433011627573       0.20935362406257       0.09428245627689
    1     -1     67904.0000000000       0.00000000000000       0.00000000000000       0.00000000000000
    1     -1     67904.0000000000       0.00000000000000       0.00000000000000       0.00000000000000
    1     -1     67904.0000000000      -0.55483810050157       0.20752323797847       0.09533513104172
    1     -1     67905.0000000000      -0.55483810050157       0.20752323797847       0.09533513104172
    1     -1     67906.0000000000      -0.55483810050157       0.20752323797847       0.09533513104172
    1     -1     67906.0000000000       0.00000000000000       0.00000000000000       0.00000000000000
    1     -1     67906.0000000000       0.00000000000000       0.00000000000000       0.00000000000000
    1     -1     67906.0000000000      -0.55536415956059       0.20561157832444       0.09640813458673
    1     -1     67907.0000000000      -0.55536415956059       0.20561157832444       0.09640813458673
    1     -1     67908.0000000000      -0.55536415956059       0.20561157832444       0.09640813458673
    1     -1     67908.0000000000       0.00000000000000       0.00000000000000       0.00000000000000
    1     -1     67908.0000000000       0.00000000000000       0.00000000000000       0.00000000000000
    1     -1     67908.0000000000      -0.55590817197366       0.20361598548445       0.09750196956014
    1     -1     67909.0000000000      -0.55590817197366       0.20361598548445       0.09750196956014
    1     -1     67910.0000000000      -0.55590817197366       0.20361598548445       0.09750196956014
    1     -1     67910.0000000000       0.00000000000000       0.00000000000000       0.00000000000000
    1     -1     67910.0000000000       0.00000000000000       0.00000000000000       0.00000000000000
    1     -1     67910.0000000000      -0.55646993348942       0.20153379654305       0.09861714482395
    1     -1     67911.0000000000      -0.55646993348942       0.20153379654305       0.09861714482395
    1     -1     67912.0000000000      -0.55646993348942       0.20153379654305       0.09861714482395
    1     -1     67912.0000000000       0.00000000000000       0.00000000000000       0.00000000000000
    1     -1     67912.0000000000       0.00000000000000       0.00000000000000       0.00000000000000
    1     -1     67912.0000000000      -0.55704924522815       0.19936202770914       0.09975429604004
    1     -1     67913.0000000000      -0.55704924522815       0.19936202770914       0.09975429604004
    1     -1     67914.0000000000      -0.55704924522815       0.19936202770914       0.09975429604004
    1     -1     67914.0000000000       0.00000000000000       0.00000000000000       0.00000000000000
    1     -1     67914.0000000000       0.00000000000000       0.00000000000000       0.00000000000000
    1     -1     67914.0000000000      -0.34593338104251       0.12226859623121       0.06260162308228
    1     -1     67915.0000000000      -0.34593338104251       0.12226859623121       0.06260162308228
    1     -1     67916.0000000000      -0.34593338104251       0.12226859623121       0.06260162308228
    1     -1     67916.0000000000       0.00000000000000       0.00000000000000       0.00000000000000
    1     -1     68174.0000000000       0.00000000000000       0.00000000000000       0.00000000000000
    1     -1     68174.0000000000       0.03492753993768      -0.16575480642003       0.01845202135511
    1     -1     68175.0000000000       0.03492753993768      -0.16575480642003       0.01845202135511
    1     -1     68176.0000000000       0.03492753993768      -0.16575480642003       0.01845202135511
    1     -1     68176.0000000000       0.00000000000000       0.00000000000000       0.00000000000000
    1     -1     68176.0000000000       0.00000000000000       0.00000000000000       0.00000000000000
    1     -1     68176.0000000000       0.12515960030933      -0.58333074780070       0.06372058066814
    1     -1     68177.0000000000       0.12515960030933      -0.58333074780070       0.06372058066814
    1     -1     68178.0000000000       0.12515960030933      -0.58333074780070       0.06372058066814
    1     -1     68178.0000000000       0.00000000000000       0.00000000000000       0.00000000000000
    1     -1     68178.0000000000       0.00000000000000       0.00000000000000       0.00000000000000
    1     -1     68178.0000000000       0.12723886710545      -0.58301354940375       0.06249376920429
    1     -1     68179.0000000000       0.12723886710545      -0.58301354940375       0.06249376920429
    1     -1     68180.0000000000       0.12723886710545      -0.58301354940375       0.06249376920429
    1     -1     68180.0000000000       0.00000000000000       0.00000000000000       0.00000000000000
    1     -1     68180.0000000000       0.00000000000000       0.00000000000000       0.00000000000000
    1     -1     68180.0000000000       0.12922754105828      -0.58270366931896       0.06129172598527
    1     -1     68181.0000000000       0.12922754105828      -0.58270366931896       0.06129172598527
    1     -1     68182.0000000000       0.12922754105828      -0.58270366931896       0.06129172598527
    1     -1     68182.0000000000       0.00000000000000       0.00000000000000       0.00000000000000
    1     -1     68182.0000000000       0.00000000000000       0.00000000000000       0.00000000000000
    1     -1     68182.0000000000       0.13112850280936      -0.58240164518980       0.06011354848275
    1     -1     68183.0000000000       0.13112850280936      -0.58240164518980       0.06011354848275
    1     -1     68184.0000000000       0.13112850280936      -0.58240164518980       0.06011354848275
    1     -1     68184.0000000000       0.00000000000000       0.00000000000000       0.00000000000000
    1     -1     68184.0000000000       0.00000000000000       0.00000000000000       0.00000000000000
    1     -1     68184.0000000000       0.13294426481941      -0.58210797925013       0.05895864843228
    1     -1     68185.0000000000       0.13294426481941      -0.58210797925013       0.05895864843228
    1     -1     68186.0000000000       0.13294426481941      -0.58210797925013       0.05895864843228
    1     -1     68186.0000000000       0.00000000000000       0.00000000000000       0.00000000000000
    1     -1     68186.0000000000       0.00000000000000       0.00000000000000       0.00000000000000
    1     -1     68186.0000000000       0.13467732856182      -0.58182310665469       0.05782636953960
    1     -1     68187.0000000000       0.13467732856182      -0.58182310665469       0.05782636953960
    1     -1     68188.0000000000       0.13467732856182      -0.58182310665469       0.05782636953960
    1     -1     68188.0000000000       0.00000000000000       0.00000000000000       0.00000000000000
    1     -1     68188.0000000000       0.00000000000000       0.00000000000000       0.00000000000000
    1     -1     68188.0000000000       0.13633012858016      -0.58154740659342       0.05671604011021
    1     -1     68189.0000000000       0.13633012858016      -0.58154740659342       0.05671604011021
    1     -1     68190.0000000000       0.13633012858016      -0.58154740659342       0.05671604011021
    1     -1     68190.0000000000       0.00000000000000       0.00000000000000       0.00000000000000
    1     -1     68190.0000000000       0.00000000000000       0.00000000000000       0.00000000000000
    1     -1     68190.0000000000       0.13790498095129      -0.58128121475580       0.05562701574631
    1     -1     68191.0000000000       0.13790498095129      -0.58128121475580       0.05562701574631
    1     -1     68192.0000000000       0.13790498095129      -0.58128121475580       0.05562701574631
    1     -1     68192.0000000000       0.00000000000000       0.00000000000000       0.00000000000000
    1     -1     68192.0000000000       0.00000000000000       0.00000000000000       0.00000000000000
    1     -1     68192.0000000000       0.13940410864570      -0.58102482277219       0.05455867571018
    1     -1     68193.0000000000       0.13940410864570      -0.58102482277219       0.05455867571018
    1     -1     68194.0000000000       0.13940410864570      -0.58102482277219       0.05455867571018
    1     -1     68194.0000000000       0.00000000000000       0.00000000000000       0.00000000000000
    1     -1     68194.0000000000       0.00000000000000       0.00000000000000       0.00000000000000
    1     -1     68194.0000000000       0.14082965092168      -0.58077848074472       0.05351041959410
    1     -1     68195.0000000000       0.14082965092168      -0.58077848074472       0.05351041959410
    1     -1     68196.0000000000       0.14082965092168      -0.58077848074472       0.05351041959410
    1     -1     68196.0000000000       0.00000000000000       0.00000000000000       0.00000000000000
    1     -1     68196.0000000000       0.00000000000000       0.00000000000000       0.00000000000000
    1     -1     68196.0000000000       0.14218367002649      -0.58054239975077       0.05248166679344
    1     -1     68197.0000000000       0.14218367002649      -0.58054239975077       0.05248166679344
    1     -1     68198.0000000000       0.14218367002649      -0.58054239975077       0.05248166679344
    1     -1     68198.0000000000       0.00000000000000       0.00000000000000       0.00000000000000
    1     -1     68198.0000000000       0.00000000000000       0.00000000000000       0.00000000000000
    1     -1     68198.0000000000       0.14346815305331      -0.58031675511199       0.05147185712369
    1     -1     68199.0000000000       0.14346815305331      -0.58031675511199       0.05147185712369
    1     -1     68200.0000000000       0.14346815305331      -0.58031675511199       0.05147185712369
    1     -1     68200.0000000000       0.00000000000000       0.00000000000000       0.00000000000000
    1     -1     68200.0000000000       0.00000000000000       0.00000000000000       0.00000000000000
    1     -1     68200.0000000000       0.14468501312430      -0.58010168969154       0.05048045041636
    1     -1     68201.0000000000       0.14468501312430      -0.58010168969154       0.05048045041636
    1     -1     68202.0000000000       0.14468501312430      -0.58010168969154       0.05048045041636
    1     -1     68202.0000000000       0.00000000000000       0.00000000000000       0.00000000000000
    1     -1     68202.0000000000       0.00000000000000       0.00000000000000       0.00000000000000
    1     -1     68202.0000000000       0.14583609295082      -0.57989731646027       0.04950692512177
    1     -1     68203.0000000000       0.14583609295082      -0.57989731646027       0.04950692512177
    1     -1     68204.0000000000       0.14583609295082      -0.57989731646027       0.04950692512177
    1     -1     68204.0000000000       0.00000000000000       0.00000000000000       0.00000000000000
    1     -1     68204.0000000000       0.00000000000000       0.00000000000000       0.00000000000000
    1     -1     68204.0000000000       0.14692316948939      -0.57970372051317       0.04855077723768
    1     -1     68205.0000000000       0.14692316948939      -0.57970372051317       0.04855077723768
    1     -1     68206.0000000000       0.14692316948939      -0.57970372051317       0.04855077723768
    1     -1     68206.0000000000       0.00000000000000       0.00000000000000       0.00000000000000
    1     -1     68206.0000000000       0.00000000000000       0.00000000000000       0.00000000000000
    1     -1     68206.0000000000       0.14794795842643      -0.57952096086614       0.04761151955395
    1     -1     68207.0000000000       0.14794795842643      -0.57952096086614       0.04761151955395
    1     -1     68208.0000000000       0.14794795842643      -0.57952096086614       0.04761151955395
    1     -1     68208.0000000000       0.00000000000000       0.00000000000000       0.00000000000000
    1     -1     68208.0000000000       0.00000000000000       0.00000000000000       0.00000000000000
    1     -1     68208.0000000000       0.14891211821795      -0.57934907213355       0.04668868113192
    1     -1     68209.0000000000       0.14891211821795      -0.57934907213355       0.04668868113192
    1     -1     68210.0000000000       0.14891211821795      -0.57934907213355       0.04668868113192
    1     -1     68210.0000000000       0.00000000000000       0.00000000000000       0.00000000000000
    1     -1     68210.0000000000       0.00000000000000       0.00000000000000       0.00000000000000
    1     -1     68210.0000000000       0.14981725323351      -0.57918806624835       0.04578180674748
    1     -1     68211.0000000000       0.14981725323351      -0.57918806624835       0.04578180674748
    1     -1     68212.0000000000       0.14981725323351      -0.57918806624835       0.04578180674748
    1     -1     68212.0000000000       0.00000000000000       0.00000000000000       0.00000000000000
    1     -1     68212.0000000000       0.00000000000000       0.00000000000000       0.00000000000000
    1     -1     68212.0000000000       0.15066491550617      -0.57903793436663       0.04489045644611
    1     -1     68213.0000000000       0.15066491550617      -0.57903793436663       0.04489045644611
    1     -1     68214.0000000000       0.15066491550617      -0.57903793436663       0.04489045644611
    1     -1     68214.0000000000       0.00000000000000       0.00000000000000       0.00000000000000
    1     -1     68214.0000000000       0.00000000000000       0.00000000000000       0.00000000000000
    1     -1     68214.0000000000       0.15145660572769      -0.57889864879348       0.04401420550837
    1     -1     68215.0000000000       0.15145660572769      -0.57889864879348       0.04401420550837
    1     -1     68216.0000000000       0.15145660572769      -0.57889864879348       0.04401420550837
    1     -1     68216.0000000000       0.00000000000000       0.00000000000000       0.00000000000000
    1     -1     68216.0000000000       0.00000000000000       0.00000000000000       0.00000000000000
    1     -1     68216.0000000000       0.15219377558484      -0.57877016442488       0.04315264447087
    1     -1     68217.0000000000       0.15219377558484      -0.57877016442488       0.04315264447087
    1     -1     68218.0000000000       0.15219377558484      -0.57877016442488       0.04315264447087
    1     -1     68218.0000000000       0.00000000000000       0.00000000000000       0.00000000000000
    1     -1     68218.0000000000       0.00000000000000       0.00000000000000       0.00000000000000
    1     -1     68218.0000000000       0.15287783173032      -0.57865241964886       0.04230537885375
    1     -1     68219.0000000000       0.15287783173032      -0.57865241964886       0.04230537885375
    1     -1     68220.0000000000       0.15287783173032      -0.57865241964886       0.04230537885375
    1     -1     68220.0000000000       0.00000000000000       0.00000000000000       0.00000000000000
    1     -1     68220.0000000000       0.00000000000000       0.00000000000000       0.00000000000000
    1     -1     68220.0000000000       0.15351013918586      -0.57854533725773       0.04147202894086
    1     -1     68221.0000000000       0.15351013918586      -0.57854533725773       0.04147202894086
    1     -1     68222.0000000000       0.15351013918586      -0.57854533725773       0.04147202894086
    1     -1     68222.0000000000       0.00000000000000       0.00000000000000       0.00000000000000
    1     -1     68222.0000000000       0.00000000000000       0.00000000000000       0.00000000000000
    1     -1     68222.0000000000       0.15409202774066      -0.57844882453781       0.04065222819968
    1     -1     68223.0000000000       0.15409202774066      -0.57844882453781       0.04065222819968
    1     -1     68224.0000000000       0.15409202774066      -0.57844882453781       0.04065222819968
    1     -1     68224.0000000000       0.00000000000000       0.00000000000000       0.00000000000000
    1     -1     68224.0000000000       0.00000000000000       0.00000000000000       0.00000000000000
    1     -1     68224.0000000000       0.15462485273514      -0.57836276023046       0.03984559919536
    1     -1     68225.0000000000       0.15462485273514      -0.57836276023046       0.03984559919536
    1     -1     68226.0000000000       0.15462485273514      -0.57836276023046       0.03984559919536
    1     -1     68226.0000000000       0.00000000000000       0.00000000000000       0.00000000000000
    1     -1     68226.0000000000       0.00000000000000       0.00000000000000       0.00000000000000
    1     -1     68226.0000000000       0.15510977129555      -0.57828705423179       0.03905177379529
    1     -1     68227.0000000000       0.15510977129555      -0.57828705423179       0.03905177379529
    1     -1     68228.0000000000       0.15510977129555      -0.57828705423179       0.03905177379529
    1     -1     68228.0000000000       0.00000000000000       0.00000000000000       0.00000000000000
    1  35930     68228.0000000000     -141968332.569891334     -419233815.644066572       -1367318.673965078       16.4226614944988       -4.9661764804108       -0.8082000865692        1364.6299073571
    1  35930     68228.0000000000     -141968332.569891334     -419233815.644066572       -1367318.673965078       16.4226614944988       -4.9661764804108       -0.8082000865692        1422.8092365836
    1     -1     68228.0000000000       0.00000000000000       0.00000000000000       0.00000000000000
    1     -1     68228.0000000000       0.50115456635642       0.26179910088329      -0.20076187555613
    1     -1     68229.0000000000       0.50115456635642       0.26179910088329      -0.20076187555613
    1     -1     68230.0000000000       0.50115456635642       0.26179910088329      -0.20076187555613
    1     -1     68230.0000000000       0.00000000000000       0.00000000000000       0.00000000000000
    1     -1     68230.0000000000       0.00000000000000       0.00000000000000       0.00000000000000
    1     -1     68230.0000000000       0.50166935288054       0.26156309352847      -0.19978139994563
    1     -1     68231.0000000000       0.50166935288054       0.26156309352847      -0.19978139994563
    1     -1     68232.0000000000       0.50166935288054       0.26156309352847      -0.19978139994563
    1     -1     68232.0000000000       0.00000000000000       0.00000000000000       0.00000000000000
    1     -1     68232.0000000000       0.00000000000000       0.00000000000000       0.00000000000000
    1     -1     68232.0000000000       0.50218663446645       0.26135465765271      -0.19875192166742
    1     -1     68233.0000000000       0.50218663446645       0.26135465765271      -0.19875192166742
    1     -1     68234.0000000000       0.50218663446645       0.26135465765271      -0.19875192166742
    1     -1     68234.0000000000       0.00000000000000       0.00000000000000       0.00000000000000
    1     -1     68234.0000000000       0.00000000000000       0.00000000000000       0.00000000000000
    1     -1     68234.0000000000       0.50270659388291       0.26117461761735      -0.19767118874300
    1     -1     68235.0000000000       0.50270659388291       0.26117461761735      -0.19767118874300
    1     -1     68236.0000000000       0.50270659388291       0.26117461761735      -0.19767118874300
    1     -1     68236.0000000000       0.00000000000000       0.00000000000000       0.00000000000000
    1     -1     68236.0000000000       0.00000000000000       0.00000000000000       0.00000000000000
    1     -1     68236.0000000000       0.50322941995681       0.26102384460564      -0.19653677192125
    1     -1     68237.0000000000       0.50322941995681       0.26102384460564      -0.19653677192125
    1     -1     68238.0000000000       0.50322941995681       0.26102384460564      -0.19653677192125
    1     -1     68238.0000000000       0.00000000000000       0.00000000000000       0.00000000000000
    1     -1     68238.0000000000       0.00000000000000       0.00000000000000       0.00000000000000
    1     -1     68238.0000000000       0.50375530699085       0.26090326093499      -0.19534604780246
    1     -1     68239.0000000000       0.50375530699085       0.26090326093499      -0.19534604780246
    1     -1     68240.0000000000       0.50375530699085       0.26090326093499      -0.19534604780246
    1     -1     68240.0000000000       0.00000000000000       0.00000000000000       0.00000000000000
    1     -1     68240.0000000000       0.00000000000000       0.00000000000000       0.00000000000000
    1     -1     68240.0000000000       0.50428445401807       0.26081384474214      -0.19409618004103
    1     -1     68241.0000000000       0.50428445401807       0.26081384474214      -0.19409618004103
    1     -1     68242.0000000000       0.50428445401807       0.26081384474214      -0.19409618004103
    1     -1     68242.0000000000       0.00000000000000       0.00000000000000       0.00000000000000
    1     -1     68242.0000000000       0.00000000000000       0.00000000000000       0.00000000000000
    1     -1     68242.0000000000       0.50481706381623       0.26075663517501      -0.19278409833845
    1     -1     68243.0000000000       0.50481706381623       0.26075663517501      -0.19278409833845
    1     -1     68244.0000000000       0.50481706381623       0.26075663517501      -0.19278409833845
    1     -1     68244.0000000000       0.00000000000000       0.00000000000000       0.00000000000000
    1     -1     68244.0000000000       0.00000000000000       0.00000000000000       0.00000000000000
    1     -1     68244.0000000000       0.50535334166732       0.26073273804729      -0.19140647495850
    1     -1     68245.0000000000       0.50535334166732       0.26073273804729      -0.19140647495850
    1     -1     68246.0000000000       0.50535334166732       0.26073273804729      -0.19140647495850
    1     -1     68246.0000000000       0.00000000000000       0.00000000000000       0.00000000000000
    1     -1     68246.0000000000       0.00000000000000       0.00000000000000       0.00000000000000
    1     -1     68246.0000000000       0.50589349374690       0.26074333211417      -0.18995969841668
    1     -1     68247.0000000000       0.50589349374690       0.26074333211417      -0.18995969841668
    1     -1     68248.0000000000       0.50589349374690       0.26074333211417      -0.18995969841668
    1     -1     68248.0000000000       0.00000000000000       0.00000000000000       0.00000000000000
    1     -1     68248.0000000000       0.00000000000000       0.00000000000000       0.00000000000000
    1     -1     68248.0000000000       0.50643772509649       0.26078967594201      -0.18843984398518
    1     -1     68249.0000000000       0.50643772509649       0.26078967594201      -0.18843984398518
    1     -1     68250.0000000000       0.50643772509649       0.26078967594201      -0.18843984398518
    1     -1     68250.0000000000       0.00000000000000       0.00000000000000       0.00000000000000
    1     -1     68250.0000000000       0.00000000000000       0.00000000000000       0.00000000000000
    1     -1     68250.0000000000       0.50698623703016       0.26087311549545      -0.18684264061958
    1     -1     68251.0000000000       0.50698623703016       0.26087311549545      -0.18684264061958
    1     -1     68252.0000000000       0.50698623703016       0.26087311549545      -0.18684264061958
    1     -1     68252.0000000000       0.00000000000000       0.00000000000000       0.00000000000000
    1     -1     68252.0000000000       0.00000000000000       0.00000000000000       0.00000000000000
    1     -1     68252.0000000000       0.50753922379910       0.26099509257215      -0.18516343385955
    1     -1     68253.0000000000       0.50753922379910       0.26099509257215      -0.18516343385955
    1     -1     68254.0000000000       0.50753922379910       0.26099509257215      -0.18516343385955
    1     -1     68254.0000000000       0.00000000000000       0.00000000000000       0.00000000000000
    1     -1     68254.0000000000       0.00000000000000       0.00000000000000       0.00000000000000
    1     -1     68254.0000000000       0.50809686823254       0.26115715453722      -0.18339714394262
    1     -1     68255.0000000000       0.50809686823254       0.26115715453722      -0.18339714394262
    1     -1     68256.0000000000       0.50809686823254       0.26115715453722      -0.18339714394262
    1     -1     68256.0000000000       0.00000000000000       0.00000000000000       0.00000000000000
    1     -1     68256.0000000000       0.00000000000000       0.00000000000000       0.00000000000000
    1     -1     68256.0000000000       0.50865933624889       0.26136096590825      -0.18153821753653
    1     -1     68257.0000000000       0.50865933624889       0.26136096590825      -0.18153821753653
    1     -1     68258.0000000000       0.50865933624889       0.26136096590825      -0.18153821753653
    1     -1     68258.0000000000       0.00000000000000       0.00000000000000       0.00000000000000
    1     -1     68258.0000000000       0.00000000000000       0.00000000000000       0.00000000000000
    1     -1     68258.0000000000       0.50922677035954       0.26160832187457      -0.17958057120736
    1     -1     68259.0000000000       0.50922677035954       0.26160832187457      -0.17958057120736
    1     -1     68260.0000000000       0.50922677035954       0.26160832187457      -0.17958057120736
    1     -1     68260.0000000000       0.00000000000000       0.00000000000000       0.00000000000000
    1     -1     68260.0000000000       0.00000000000000       0.00000000000000       0.00000000000000
    1     -1     68260.0000000000       0.50979928171383       0.26190116261684      -0.17751752776561
    1     -1     68261.0000000000       0.50979928171383       0.26190116261684      -0.17751752776561
    1     -1     68262.0000000000       0.50979928171383       0.26190116261684      -0.17751752776561
    1     -1     68262.0000000000       0.00000000000000       0.00000000000000       0.00000000000000
    1     -1     68262.0000000000       0.00000000000000       0.00000000000000       0.00000000000000
    1     -1     68262.0000000000       0.51037694039759       0.26224158178271      -0.17534175422442
    1     -1     68263.0000000000       0.51037694039759       0.26224158178271      -0.17534175422442
    1     -1     68264.0000000000       0.51037694039759       0.26224158178271      -0.17534175422442
    1     -1     68264.0000000000       0.00000000000000       0.00000000000000       0.00000000000000
    1     -1     68264.0000000000       0.00000000000000       0.00000000000000       0.00000000000000
    1     -1     68264.0000000000       0.51095979393749       0.26263177978448      -0.17304518631442
    1     -1     68265.0000000000       0.51095979393749       0.26263177978448      -0.17304518631442
    1     -1     68266.0000000000       0.51095979393749       0.26263177978448      -0.17304518631442
    1     -1     68266.0000000000       0.00000000000000       0.00000000000000       0.00000000000000
    1     -1     68266.0000000000       0.00000000000000       0.00000000000000       0.00000000000000
    1     -1     68266.0000000000       0.51154780112426       0.26307424416475      -0.17061883982163
    1     -1     68267.0000000000       0.51154780112426       0.26307424416475      -0.17061883982163
    1     -1     68268.0000000000       0.51154780112426       0.26307424416475      -0.17061883982163
    1     -1     68268.0000000000       0.00000000000000       0.00000000000000       0.00000000000000
    1     -1     68268.0000000000       0.00000000000000       0.00000000000000       0.00000000000000
    1     -1     68268.0000000000       0.46358769602968       0.23858387801238      -0.15212076386574
    1     -1     68269.0000000000       0.46358769602968       0.23858387801238      -0.15212076386574
    1     -1     68270.0000000000       0.46358769602968       0.23858387801238      -0.15212076386574
    1     -1     68270.0000000000       0.00000000000000       0.00000000000000       0.00000000000000
    1     -1     68416.0000000000       0.00000000000000       0.00000000000000       0.00000000000000
    1     -1     68416.0000000000      -0.12889930293211      -0.04708170098758       0.09974818965096
    1     -1     68417.0000000000      -0.12889930293211      -0.04708170098758       0.09974818965096
    1     -1     68418.0000000000      -0.12889930293211      -0.04708170098758       0.09974818965096
    1     -1     68418.0000000000       0.00000000000000       0.00000000000000       0.00000000000000
    1     -1     68418.0000000000       0.00000000000000       0.00000000000000       0.00000000000000
    1     -1     68418.0000000000      -0.45709471736246      -0.16781053957666       0.35057672690343
    1     -1     68419.0000000000      -0.45709471736246      -0.16781053957666       0.35057672690343
    1     -1     68420.0000000000      -0.45709471736246      -0.16781053957666       0.35057672690343
    1     -1     68420.0000000000       0.00000000000000       0.00000000000000       0.00000000000000
    1     -1     68420.0000000000       0.00000000000000       0.00000000000000       0.00000000000000
    1     -1     68420.0000000000      -0.45824738397678      -0.16903832147530       0.34847579576098
    1     -1     68421.0000000000      -0.45824738397678      -0.16903832147530       0.34847579576098
    1     -1     68422.0000000000      -0.45824738397678      -0.16903832147530       0.34847579576098
    1     -1     68422.0000000000       0.00000000000000       0.00000000000000       0.00000000000000
    1     -1     68422.0000000000       0.00000000000000       0.00000000000000       0.00000000000000
    1     -1     68422.0000000000      -0.45933847788645      -0.17020078084619       0.34646768422511
    1     -1     68423.0000000000      -0.45933847788645      -0.17020078084619       0.34646768422511
    1     -1     68424.0000000000      -0.45933847788645      -0.17020078084619       0.34646768422511
    1     -1     68424.0000000000       0.00000000000000       0.00000000000000       0.00000000000000
    1     -1     68424.0000000000       0.00000000000000       0.00000000000000       0.00000000000000
    1     -1     68424.0000000000      -0.46037378631895      -0.17130206109256       0.34454546872045
    1     -1     68425.0000000000      -0.46037378631895      -0.17130206109256       0.34454546872045
    1     -1     68426.0000000000      -0.46037378631895      -0.17130206109256       0.34454546872045
    1     -1     68426.0000000000       0.00000000000000       0.00000000000000       0.00000000000000
    1     -1     68426.0000000000       0.00000000000000       0.00000000000000       0.00000000000000
    1     -1     68426.0000000000      -0.46135719711489      -0.17234618023396       0.34270443549662
    1     -1     68427.0000000000      -0.46135719711489      -0.17234618023396       0.34270443549662
    1     -1     68428.0000000000      -0.46135719711489      -0.17234618023396       0.34270443549662
    1     -1     68428.0000000000       0.00000000000000       0.00000000000000       0.00000000000000
    1     -1     68428.0000000000       0.00000000000000       0.00000000000000       0.00000000000000
    1     -1     68428.0000000000      -0.46229307924273      -0.17333651100798       0.34093923522507
    1     -1     68429.0000000000      -0.46229307924273      -0.17333651100798       0.34093923522507
    1     -1     68430.0000000000      -0.46229307924273      -0.17333651100798       0.34093923522507
    1     -1     68430.0000000000       0.00000000000000       0.00000000000000       0.00000000000000
    1     -1     68430.0000000000       0.00000000000000       0.00000000000000       0.00000000000000
    1     -1     68430.0000000000      -0.46318517279803      -0.17427617259434       0.33924520725566
    1     -1     68431.0000000000      -0.46318517279803      -0.17427617259434       0.33924520725566
    1     -1     68432.0000000000      -0.46318517279803      -0.17427617259434       0.33924520725566
    1     -1     68432.0000000000       0.00000000000000       0.00000000000000       0.00000000000000
    1     -1     68432.0000000000       0.00000000000000       0.00000000000000       0.00000000000000
    1     -1     68432.0000000000      -0.46403687675084      -0.17516798783618       0.33761805688196
    1     -1     68433.0000000000      -0.46403687675084      -0.17516798783618       0.33761805688196
    1     -1     68434.0000000000      -0.46403687675084      -0.17516798783618       0.33761805688196
    1     -1     68434.0000000000       0.00000000000000       0.00000000000000       0.00000000000000
    1     -1     68434.0000000000       0.00000000000000       0.00000000000000       0.00000000000000
    1     -1     68434.0000000000      -0.46485129424216      -0.17601450057198       0.33605381876983
    1     -1     68435.0000000000      -0.46485129424216      -0.17601450057198       0.33605381876983
    1     -1     68436.0000000000      -0.46485129424216      -0.17601450057198       0.33605381876983
    1     -1     68436.0000000000       0.00000000000000       0.00000000000000       0.00000000000000
    1     -1     68436.0000000000       0.00000000000000       0.00000000000000       0.00000000000000
    1     -1     68436.0000000000      -0.46563126612887      -0.17681801752367       0.33454881850371
    1     -1     68437.0000000000      -0.46563126612887      -0.17681801752367       0.33454881850371
    1     -1     68438.0000000000      -0.46563126612887      -0.17681801752367       0.33454881850371
    1     -1     68438.0000000000       0.00000000000000       0.00000000000000       0.00000000000000
    1     -1     68438.0000000000       0.00000000000000       0.00000000000000       0.00000000000000
    1     -1     68438.0000000000      -0.46637939542511      -0.17758063684411       0.33309964908559
    1     -1     68439.0000000000      -0.46637939542511      -0.17758063684411       0.33309964908559
    1     -1     68440.0000000000      -0.46637939542511      -0.17758063684411       0.33309964908559
    1     -1     68440.0000000000       0.00000000000000       0.00000000000000       0.00000000000000
    1     -1     68440.0000000000       0.00000000000000       0.00000000000000       0.00000000000000
    1     -1     68440.0000000000      -0.46709807061016      -0.17830426752288       0.33170315026450
    1     -1     68441.0000000000      -0.46709807061016      -0.17830426752288       0.33170315026450
    1     -1     68442.0000000000      -0.46709807061016      -0.17830426752288       0.33170315026450
    1     -1     68442.0000000000       0.00000000000000       0.00000000000000       0.00000000000000
    1     -1     68442.0000000000       0.00000000000000       0.00000000000000       0.00000000000000
    1     -1     68442.0000000000      -0.46778948769424      -0.17899064691763       0.33035638755558
    1     -1     68443.0000000000      -0.46778948769424      -0.17899064691763       0.33035638755558
    1     -1     68444.0000000000      -0.46778948769424      -0.17899064691763       0.33035638755558
    1     -1     68444.0000000000       0.00000000000000       0.00000000000000       0.00000000000000
    1     -1     68444.0000000000       0.00000000000000       0.00000000000000       0.00000000000000
    1     -1     68444.0000000000      -0.46845566999793      -0.17964135694681       0.32905663251346
    1     -1     68445.0000000000      -0.46845566999793      -0.17964135694681       0.32905663251346
    1     -1     68446.0000000000      -0.46845566999793      -0.17964135694681       0.32905663251346
    1     -1     68446.0000000000       0.00000000000000       0.00000000000000       0.00000000000000
    1     -1     68446.0000000000       0.00000000000000       0.00000000000000       0.00000000000000
    1     -1     68446.0000000000      -0.46909848559768      -0.18025783859570       0.32780134489469
    1     -1     68447.0000000000      -0.46909848559768      -0.18025783859570       0.32780134489469
    1     -1     68448.0000000000      -0.46909848559768      -0.18025783859570       0.32780134489469
    1     -1     68448.0000000000       0.00000000000000       0.00000000000000       0.00000000000000
    1     -1     68448.0000000000       0.00000000000000       0.00000000000000       0.00000000000000
    1     -1     68448.0000000000      -0.46971966257602      -0.18084140430291       0.32658815710192
    1     -1     68449.0000000000      -0.46971966257602      -0.18084140430291       0.32658815710192
    1     -1     68450.0000000000      -0.46971966257602      -0.18084140430291       0.32658815710192
    1     -1     68450.0000000000       0.00000000000000       0.00000000000000       0.00000000000000
    1     -1     68450.0000000000       0.00000000000000       0.00000000000000       0.00000000000000
    1     -1     68450.0000000000      -0.47032080223109      -0.18139324610405       0.32541486219369
    1     -1     68451.0000000000      -0.47032080223109      -0.18139324610405       0.32541486219369
    1     -1     68452.0000000000      -0.47032080223109      -0.18139324610405       0.32541486219369
    1     -1     68452.0000000000       0.00000000000000       0.00000000000000       0.00000000000000
    1     -1     68452.0000000000       0.00000000000000       0.00000000000000       0.00000000000000
    1     -1     68452.0000000000      -0.47075924959517      -0.18178730335606       0.32455986279749
    1     -1     68453.0000000000      -0.47075924959517      -0.18178730335606       0.32455986279749
    1     -1     68453.0000000000       0.00000000000000       0.00000000000000       0.00000000000000
    1  41572     68453.0000000000      205761911.137782276     -375232789.527503729      -21760075.162702285       15.5136214143670        8.5957601677539       -0.1240939080706        1320.5529523516
    1  41572     68453.0000000000      205761911.137782276     -375232789.527503729      -21760075.162702285       15.5136214143670        8.5957601677539       -0.1240939080706        1375.9944307910
    1     -1     68453.0000000000       0.00000000000000       0.00000000000000       0.00000000000000
    1     -1     68453.0000000000      -0.13000005344410       0.57953793293755       0.08506332741552
    1     -1     68454.0000000000      -0.13000005344410       0.57953793293755       0.08506332741552
    1     -1     68455.0000000000      -0.13000005344410       0.57953793293755       0.08506332741552
    1     -1     68455.0000000000       0.00000000000000       0.00000000000000       0.00000000000000
    1     -1     68455.0000000000       0.00000000000000       0.00000000000000       0.00000000000000
    1     -1     68455.0000000000      -0.13526000343998       0.57894432298490       0.08079728728724
    1     -1     68456.0000000000      -0.13526000343998       0.57894432298490       0.08079728728724
    1     -1     68457.0000000000      -0.13526000343998       0.57894432298490       0.08079728728724
    1     -1     68457.0000000000       0.00000000000000       0.00000000000000       0.00000000000000
    1     -1     68457.0000000000       0.00000000000000       0.00000000000000       0.00000000000000
    1     -1     68457.0000000000      -0.14077544210582       0.57823782284030       0.07631051314745
    1     -1     68458.0000000000      -0.14077544210582       0.57823782284030       0.07631051314745
    1     -1     68459.0000000000      -0.14077544210582       0.57823782284030       0.07631051314745
    1     -1     68459.0000000000       0.00000000000000       0.00000000000000       0.00000000000000
    1     -1     68459.0000000000       0.00000000000000       0.00000000000000       0.00000000000000
    1     -1     68459.0000000000      -0.14655913166571       0.57740396437683       0.07158967891612
    1     -1     68460.0000000000      -0.14655913166571       0.57740396437683       0.07158967891612
    1     -1     68461.0000000000      -0.14655913166571       0.57740396437683       0.07158967891612
    1     -1     68461.0000000000       0.00000000000000       0.00000000000000       0.00000000000000
    1     -1     68461.0000000000       0.00000000000000       0.00000000000000       0.00000000000000
    1     -1     68461.0000000000      -0.15262430085874       0.57642650629268       0.06662060424974
    1     -1     68462.0000000000      -0.15262430085874       0.57642650629268       0.06662060424974
    1     -1     68463.0000000000      -0.15262430085874       0.57642650629268       0.06662060424974
    1     -1     68463.0000000000       0.00000000000000       0.00000000000000       0.00000000000000
    1     -1     68463.0000000000       0.00000000000000       0.00000000000000       0.00000000000000
    1     -1     68463.0000000000      -0.15898459335061       0.57528721830914       0.06138823020151
    1     -1     68464.0000000000      -0.15898459335061       0.57528721830914       0.06138823020151
    1     -1     68465.0000000000      -0.15898459335061       0.57528721830914       0.06138823020151
    1     -1     68465.0000000000       0.00000000000000       0.00000000000000       0.00000000000000
    1     -1     68465.0000000000       0.00000000000000       0.00000000000000       0.00000000000000
    1     -1     68465.0000000000      -0.16565399336838       0.57396564250478       0.05587660498980
    1     -1     68466.0000000000      -0.16565399336838       0.57396564250478       0.05587660498980
    1     -1     68467.0000000000      -0.16565399336838       0.57396564250478       0.05587660498980
    1     -1     68467.0000000000       0.00000000000000       0.00000000000000       0.00000000000000
    1     -1     68467.0000000000       0.00000000000000       0.00000000000000       0.00000000000000
    1     -1     68467.0000000000      -0.17264672294135       0.57243883098216       0.05006888376421
    1     -1     68468.0000000000      -0.17264672294135       0.57243883098216       0.05006888376421
    1     -1     68469.0000000000      -0.17264672294135       0.57243883098216       0.05006888376421
    1     -1     68469.0000000000       0.00000000000000       0.00000000000000       0.00000000000000
    1     -1     68469.0000000000       0.00000000000000       0.00000000000000       0.00000000000000
    1     -1     68469.0000000000      -0.17997710403683       0.57068105976159       0.04394734726811
    1     -1     68470.0000000000      -0.17997710403683       0.57068105976159       0.04394734726811
    1     -1     68471.0000000000      -0.17997710403683       0.57068105976159       0.04394734726811
    1     -1     68471.0000000000       0.00000000000000       0.00000000000000       0.00000000000000
    1     -1     68471.0000000000       0.00000000000000       0.00000000000000       0.00000000000000
    1     -1     68471.0000000000      -0.18765937770743       0.56866351983125       0.03749344544832
    1     -1     68472.0000000000      -0.18765937770743       0.56866351983125       0.03749344544832
    1     -1     68473.0000000000      -0.18765937770743       0.56866351983125       0.03749344544832
    1     -1     68473.0000000000       0.00000000000000       0.00000000000000       0.00000000000000
    1     -1     68473.0000000000       0.00000000000000       0.00000000000000       0.00000000000000
    1     -1     68473.0000000000      -0.19570747101591       0.56635398779264       0.03068787349967
    1     -1     68474.0000000000      -0.19570747101591       0.56635398779264       0.03068787349967
    1     -1     68475.0000000000      -0.19570747101591       0.56635398779264       0.03068787349967
    1     -1     68475.0000000000       0.00000000000000       0.00000000000000       0.00000000000000
    1     -1     68475.0000000000       0.00000000000000       0.00000000000000       0.00000000000000
    1     -1     68475.0000000000      -0.20413470117730       0.56371648063432       0.02351068940948
    1     -1     68476.0000000000      -0.20413470117730       0.56371648063432       0.02351068940948
    1     -1     68477.0000000000      -0.20413470117730       0.56371648063432       0.02351068940948
    1     -1     68477.0000000000       0.00000000000000       0.00000000000000       0.00000000000000
    1     -1     68477.0000000000       0.00000000000000       0.00000000000000       0.00000000000000
    1     -1     68477.0000000000      -0.21295340500134       0.56071090204266       0.01594148389713
    1     -1     68478.0000000000      -0.21295340500134       0.56071090204266       0.01594148389713
    1     -1     68479.0000000000      -0.21295340500134       0.56071090204266       0.01594148389713
    1     -1     68479.0000000000       0.00000000000000       0.00000000000000       0.00000000000000
    1     -1     68479.0000000000       0.00000000000000       0.00000000000000       0.00000000000000
    1     -1     68479.0000000000      -0.22217448065070       0.55729269145415       0.00795961552976
    1     -1     68480.0000000000      -0.22217448065070       0.55729269145415       0.00795961552976
    1     -1     68481.0000000000      -0.22217448065070       0.55729269145415       0.00795961552976
    1     -1     68481.0000000000       0.00000000000000       0.00000000000000       0.00000000000000
    1     -1     68481.0000000000       0.00000000000000       0.00000000000000       0.00000000000000
    1     -1     68481.0000000000      -0.23180682797386       0.55341249202375      -0.00045547420634
    1     -1     68482.0000000000      -0.23180682797386       0.55341249202375      -0.00045547420634
    1     -1     68483.0000000000      -0.23180682797386       0.55341249202375      -0.00045547420634
    1     -1     68483.0000000000       0.00000000000000       0.00000000000000       0.00000000000000
    1     -1     68483.0000000000       0.00000000000000       0.00000000000000       0.00000000000000
    1     -1     68483.0000000000      -0.24185667365287       0.54901585999354      -0.00932384926536
    1     -1     68484.0000000000      -0.24185667365287       0.54901585999354      -0.00932384926536
    1     -1     68485.0000000000      -0.24185667365287       0.54901585999354      -0.00932384926536
    1     -1     68485.0000000000       0.00000000000000       0.00000000000000       0.00000000000000
    1     -1     68485.0000000000       0.00000000000000       0.00000000000000       0.00000000000000
    1     -1     68485.0000000000      -0.25232676864956       0.54404304569458      -0.01866455288062
    1     -1     68486.0000000000      -0.25232676864956       0.54404304569458      -0.01866455288062
    1     -1     68487.0000000000      -0.25232676864956       0.54404304569458      -0.01866455288062
    1     -1     68487.0000000000       0.00000000000000       0.00000000000000       0.00000000000000
    1     -1     68487.0000000000       0.00000000000000       0.00000000000000       0.00000000000000
    1     -1     68487.0000000000      -0.26321544787905       0.53842888593658      -0.02849494809484
    1     -1     68488.0000000000      -0.26321544787905       0.53842888593658      -0.02849494809484
    1     -1     68489.0000000000      -0.26321544787905       0.53842888593658      -0.02849494809484
    1     -1     68489.0000000000       0.00000000000000       0.00000000000000       0.00000000000000
    1     -1     68489.0000000000       0.00000000000000       0.00000000000000       0.00000000000000
    1     -1     68489.0000000000      -0.27451554603219       0.53210285905472      -0.03882990667564
    1     -1     68490.0000000000      -0.27451554603219       0.53210285905472      -0.03882990667564
    1     -1     68491.0000000000      -0.27451554603219       0.53210285905472      -0.03882990667564
    1     -1     68491.0000000000       0.00000000000000       0.00000000000000       0.00000000000000
    1     -1     68491.0000000000       0.00000000000000       0.00000000000000       0.00000000000000
    1     -1     68491.0000000000      -0.28621316701245       0.52498936855030      -0.04968083350615
    1     -1     68492.0000000000      -0.28621316701245       0.52498936855030      -0.04968083350615
    1     -1     68493.0000000000      -0.28621316701245       0.52498936855030      -0.04968083350615
    1     -1     68493.0000000000       0.00000000000000       0.00000000000000       0.00000000000000
    1     -1     68493.0000000000       0.00000000000000       0.00000000000000       0.00000000000000
    1     -1     68493.0000000000      -0.08107488998296       0.14052496948162      -0.01659444510788
    1     -1     68494.0000000000      -0.08107488998296       0.14052496948162      -0.01659444510788
    1     -1     68495.0000000000      -0.08107488998296       0.14052496948162      -0.01659444510788
    1     -1     68495.0000000000       0.00000000000000       0.00000000000000       0.00000000000000
    1     -1     68555.0000000000       0.00000000000000       0.00000000000000       0.00000000000000
    1     -1     68555.0000000000      -0.27507517845825      -0.08414667740846      -0.22262978708516
    1     -1     68556.0000000000      -0.27507517845825      -0.08414667740846      -0.22262978708516
    1     -1     68557.0000000000      -0.27507517845825      -0.08414667740846      -0.22262978708516
    1     -1     68557.0000000000       0.00000000000000       0.00000000000000       0.00000000000000
    1     -1     68557.0000000000       0.00000000000000       0.00000000000000       0.00000000000000
    1     -1     68557.0000000000      -0.44788429639487      -0.15555974369572      -0.36769664461916
    1     -1     68558.0000000000      -0.44788429639487      -0.15555974369572      -0.36769664461916
    1     -1     68559.0000000000      -0.44788429639487      -0.15555974369572      -0.36769664461916
    1     -1     68559.0000000000       0.00000000000000       0.00000000000000       0.00000000000000
    1     -1     68559.0000000000       0.00000000000000       0.00000000000000       0.00000000000000
    1     -1     68559.0000000000      -0.44196717673030      -0.17135907992057      -0.36783295081031
    1     -1     68560.0000000000      -0.44196717673030      -0.17135907992057      -0.36783295081031
    1     -1     68561.0000000000      -0.44196717673030      -0.17135907992057      -0.36783295081031
    1     -1     68561.0000000000       0.00000000000000       0.00000000000000       0.00000000000000
    1     -1     68561.0000000000       0.00000000000000       0.00000000000000       0.00000000000000
    1     -1     68561.0000000000      -0.43603036352990      -0.18624281273970      -0.36768347265384
    1     -1     68562.0000000000      -0.43603036352990      -0.18624281273970      -0.36768347265384
    1     -1     68563.0000000000      -0.43603036352990      -0.18624281273970      -0.36768347265384
    1     -1     68563.0000000000       0.00000000000000       0.00000000000000       0.00000000000000
    1     -1     68563.0000000000       0.00000000000000       0.00000000000000       0.00000000000000
    1     -1     68563.0000000000      -0.43011091902758      -0.20025769158333      -0.36728933223682
    1     -1     68564.0000000000      -0.43011091902758      -0.20025769158333      -0.36728933223682
    1     -1     68565.0000000000      -0.43011091902758      -0.20025769158333      -0.36728933223682
    1     -1     68565.0000000000       0.00000000000000       0.00000000000000       0.00000000000000
    1     -1     68565.0000000000       0.00000000000000       0.00000000000000       0.00000000000000
    1     -1     68565.0000000000      -0.42423960132459      -0.21345078078570      -0.36668722929757
    1     -1     68566.0000000000      -0.42423960132459      -0.21345078078570      -0.36668722929757
    1     -1     68567.0000000000      -0.42423960132459      -0.21345078078570      -0.36668722929757
    1     -1     68567.0000000000       0.00000000000000       0.00000000000000       0.00000000000000
    1     -1     68567.0000000000       0.00000000000000       0.00000000000000       0.00000000000000
    1     -1     68567.0000000000      -0.41844132129614      -0.22586948837864      -0.36590959830471
    1     -1     68568.0000000000      -0.41844132129614      -0.22586948837864      -0.36590959830471
    1     -1     68569.0000000000      -0.41844132129614      -0.22586948837864      -0.36590959830471
    1     -1     68569.0000000000       0.00000000000000       0.00000000000000       0.00000000000000
    1     -1     68569.0000000000       0.00000000000000       0.00000000000000       0.00000000000000
    1     -1     68569.0000000000      -0.41273602503346      -0.23756035941547      -0.36498499771083
    1     -1     68570.0000000000      -0.41273602503346      -0.23756035941547      -0.36498499771083
    1     -1     68571.0000000000      -0.41273602503346      -0.23756035941547      -0.36498499771083
    1     -1     68571.0000000000       0.00000000000000       0.00000000000000       0.00000000000000
    1     -1     68571.0000000000       0.00000000000000       0.00000000000000       0.00000000000000
    1     -1     68571.0000000000      -0.40713931971970      -0.24856881895237      -0.36393834074304
    1     -1     68572.0000000000      -0.40713931971970      -0.24856881895237      -0.36393834074304
    1     -1     68573.0000000000      -0.40713931971970      -0.24856881895237      -0.36393834074304
    1     -1     68573.0000000000       0.00000000000000       0.00000000000000       0.00000000000000
    1  53527     68573.0000000000      338231480.857791662     -242502587.651155621      -20652557.822938655        9.4632513292507       15.5201908804325       -0.0827587240906        1299.6667380854
    1  53527     68573.0000000000      338231480.857791662     -242502587.651155621      -20652557.822938655        9.4632513292507       15.5201908804325       -0.0827587240906        1349.7967859978
    1     -1     68573.0000000000       0.00000000000000       0.00000000000000       0.00000000000000
    1     -1     68573.0000000000       0.40489687013745      -0.41476339074107       0.15501565577019
    1     -1     68574.0000000000       0.40489687013745      -0.41476339074107       0.15501565577019
    1     -1     68575.0000000000       0.40489687013745      -0.41476339074107       0.15501565577019
    1     -1     68575.0000000000       0.00000000000000       0.00000000000000       0.00000000000000
    1     -1     68575.0000000000       0.00000000000000       0.00000000000000       0.00000000000000
    1     -1     68575.0000000000       0.40457798319648      -0.41721818806854       0.14914971785918
    1     -1     68576.0000000000       0.40457798319648      -0.41721818806854       0.14914971785918
    1     -1     68577.0000000000       0.40457798319648      -0.41721818806854       0.14914971785918
    1     -1     68577.0000000000       0.00000000000000       0.00000000000000       0.00000000000000
    1     -1     68577.0000000000       0.00000000000000       0.00000000000000       0.00000000000000
    1     -1     68577.0000000000       0.40420649158740      -0.41976948326776       0.14286599439938
    1     -1     68578.0000000000       0.40420649158740      -0.41976948326776       0.14286599439938
    1     -1     68579.0000000000       0.40420649158740      -0.41976948326776       0.14286599439938
    1     -1     68579.0000000000       0.00000000000000       0.00000000000000       0.00000000000000
    1     -1     68579.0000000000       0.00000000000000       0.00000000000000       0.00000000000000
    1     -1     68579.0000000000       0.40377193427982      -0.42241880959472       0.13612704973117
    1     -1     68580.0000000000       0.40377193427982      -0.42241880959472       0.13612704973117
    1     -1     68581.0000000000       0.40377193427982      -0.42241880959472       0.13612704973117
    1     -1     68581.0000000000       0.00000000000000       0.00000000000000       0.00000000000000
    1     -1     68581.0000000000       0.00000000000000       0.00000000000000       0.00000000000000
    1     -1     68581.0000000000       0.40326187558971      -0.42516685865994       0.12889143211675
    1     -1     68582.0000000000       0.40326187558971      -0.42516685865994       0.12889143211675
    1     -1     68583.0000000000       0.40326187558971      -0.42516685865994       0.12889143211675
    1     -1     68583.0000000000       0.00000000000000       0.00000000000000       0.00000000000000
    1     -1     68583.0000000000       0.00000000000000       0.00000000000000       0.00000000000000
    1     -1     68583.0000000000       0.40266146562038      -0.42801374967378       0.12111140934957
    1     -1     68584.0000000000       0.40266146562038      -0.42801374967378       0.12111140934957
    1     -1     68585.0000000000       0.40266146562038      -0.42801374967378       0.12111140934957
    1     -1     68585.0000000000       0.00000000000000       0.00000000000000       0.00000000000000
    1     -1     68585.0000000000       0.00000000000000       0.00000000000000       0.00000000000000
    1     -1     68585.0000000000       0.40195285869108      -0.43095751001363       0.11273652129156
    1     -1     68586.0000000000       0.40195285869108      -0.43095751001363       0.11273652129156
    1     -1     68587.0000000000       0.40195285869108      -0.43095751001363       0.11273652129156
    1     -1     68587.0000000000       0.00000000000000       0.00000000000000       0.00000000000000
    1     -1     68587.0000000000       0.00000000000000       0.00000000000000       0.00000000000000
    1     -1     68587.0000000000       0.40111488516854      -0.43399484125220       0.10370788756266
    1     -1     68588.0000000000       0.40111488516854      -0.43399484125220       0.10370788756266
    1     -1     68589.0000000000       0.40111488516854      -0.43399484125220       0.10370788756266
    1     -1     68589.0000000000       0.00000000000000       0.00000000000000       0.00000000000000
    1     -1     68589.0000000000       0.00000000000000       0.00000000000000       0.00000000000000
    1     -1     68589.0000000000       0.40012202637261      -0.43711978350919       0.09396093952466
    1     -1     68590.0000000000       0.40012202637261      -0.43711978350919       0.09396093952466
    1     -1     68591.0000000000       0.40012202637261      -0.43711978350919       0.09396093952466
    1     -1     68591.0000000000       0.00000000000000       0.00000000000000       0.00000000000000
    1     -1     68591.0000000000       0.00000000000000       0.00000000000000       0.00000000000000
    1     -1     68591.0000000000       0.39894353781092      -0.44032344123621       0.08342253902161
    1     -1     68592.0000000000       0.39894353781092      -0.44032344123621       0.08342253902161
    1     -1     68593.0000000000       0.39894353781092      -0.44032344123621       0.08342253902161
    1     -1     68593.0000000000       0.00000000000000       0.00000000000000       0.00000000000000
    1     -1     68593.0000000000       0.00000000000000       0.00000000000000       0.00000000000000
    1     -1     68593.0000000000       0.30220881149334      -0.33721512082523       0.05474357171246
    1     -1     68594.0000000000       0.30220881149334      -0.33721512082523       0.05474357171246
    1     -1     68595.0000000000       0.30220881149334      -0.33721512082523       0.05474357171246
    1     -1     68595.0000000000       0.00000000000000       0.00000000000000       0.00000000000000
    1     -1     68675.0000000000       0.00000000000000       0.00000000000000       0.00000000000000
    1     -1     68675.0000000000      -0.08788454680312       0.03812697416693      -0.17246462453261
    1     -1     68676.0000000000      -0.08788454680312       0.03812697416693      -0.17246462453261
    1     -1     68677.0000000000      -0.08788454680312       0.03812697416693      -0.17246462453261
    1     -1     68677.0000000000       0.00000000000000       0.00000000000000       0.00000000000000
    1     -1     68677.0000000000       0.00000000000000       0.00000000000000       0.00000000000000
    1     -1     68677.0000000000      -0.27329635366922       0.12498556956095      -0.51931465389746
    1     -1     68678.0000000000      -0.27329635366922       0.12498556956095      -0.51931465389746
    1     -1     68679.0000000000      -0.27329635366922       0.12498556956095      -0.51931465389746
    1     -1     68679.0000000000       0.00000000000000       0.00000000000000       0.00000000000000
    1     -1     68679.0000000000       0.00000000000000       0.00000000000000       0.00000000000000
    1     -1     68679.0000000000      -0.27882645037034       0.13334649583444      -0.51427086433372
    1     -1     68680.0000000000      -0.27882645037034       0.13334649583444      -0.51427086433372
    1     -1     68681.0000000000      -0.27882645037034       0.13334649583444      -0.51427086433372
    1     -1     68681.0000000000       0.00000000000000       0.00000000000000       0.00000000000000
    1     -1     68681.0000000000       0.00000000000000       0.00000000000000       0.00000000000000
    1     -1     68681.0000000000      -0.28392761903156       0.14110246490787      -0.50938708349151
    1     -1     68682.0000000000      -0.28392761903156       0.14110246490787      -0.50938708349151
    1     -1     68683.0000000000      -0.28392761903156       0.14110246490787      -0.50938708349151
    1     -1     68683.0000000000       0.00000000000000       0.00000000000000       0.00000000000000
    1     -1     68683.0000000000       0.00000000000000       0.00000000000000       0.00000000000000
    1     -1     68683.0000000000      -0.28864780399635       0.14831041029157      -0.50466470723366
    1     -1     68684.0000000000      -0.28864780399635       0.14831041029157      -0.50466470723366
    1     -1     68685.0000000000      -0.28864780399635       0.14831041029157      -0.50466470723366
    1     -1     68685.0000000000       0.00000000000000       0.00000000000000       0.00000000000000
    1     -1     68685.0000000000       0.00000000000000       0.00000000000000       0.00000000000000
    1     -1     68685.0000000000      -0.29302878905592       0.15502087167704      -0.50010264687253
    1     -1     68686.0000000000      -0.29302878905592       0.15502087167704      -0.50010264687253
    1     -1     68687.0000000000      -0.29302878905592       0.15502087167704      -0.50010264687253
    1     -1     68687.0000000000       0.00000000000000       0.00000000000000       0.00000000000000
    1     -1     68687.0000000000       0.00000000000000       0.00000000000000       0.00000000000000
    1     -1     68687.0000000000      -0.29710719253889       0.16127890848278      -0.49569792121842
    1     -1     68688.0000000000      -0.29710719253889       0.16127890848278      -0.49569792121842
    1     -1     68689.0000000000      -0.29710719253889       0.16127890848278      -0.49569792121842
    1     -1     68689.0000000000       0.00000000000000       0.00000000000000       0.00000000000000
    1     -1     68689.0000000000       0.00000000000000       0.00000000000000       0.00000000000000
    1     -1     68689.0000000000      -0.30091514821910       0.16712469903744      -0.49144624103143
    1     -1     68690.0000000000      -0.30091514821910       0.16712469903744      -0.49144624103143
    1     -1     68691.0000000000      -0.30091514821910       0.16712469903744      -0.49144624103143
    1     -1     68691.0000000000       0.00000000000000       0.00000000000000       0.00000000000000
    1     -1     68691.0000000000       0.00000000000000       0.00000000000000       0.00000000000000
    1     -1     68691.0000000000      -0.30448090373209       0.17259409308330      -0.48734244384749
    1     -1     68692.0000000000      -0.30448090373209       0.17259409308330      -0.48734244384749
    1     -1     68693.0000000000      -0.30448090373209       0.17259409308330      -0.48734244384749
    1     -1     68693.0000000000       0.00000000000000       0.00000000000000       0.00000000000000
    1     -1     68693.0000000000       0.00000000000000       0.00000000000000       0.00000000000000
    1     -1     68693.0000000000      -0.30782934244362       0.17771911396013      -0.48338081441443
    1     -1     68694.0000000000      -0.30782934244362       0.17771911396013      -0.48338081441443
    1     -1     68695.0000000000      -0.30782934244362       0.17771911396013      -0.48338081441443
    1     -1     68695.0000000000       0.00000000000000       0.00000000000000       0.00000000000000
    1     -1     68695.0000000000       0.00000000000000       0.00000000000000       0.00000000000000
    1     -1     68695.0000000000      -0.31098243275396       0.18252840578890      -0.47955532202092
    1     -1     68696.0000000000      -0.31098243275396       0.18252840578890      -0.47955532202092
    1     -1     68697.0000000000      -0.31098243275396       0.18252840578890      -0.47955532202092
    1     -1     68697.0000000000       0.00000000000000       0.00000000000000       0.00000000000000
    1     -1     68697.0000000000       0.00000000000000       0.00000000000000       0.00000000000000
    1     -1     68697.0000000000      -0.31395961351130       0.18704762834578      -0.47585979562688
    1     -1     68698.0000000000      -0.31395961351130       0.18704762834578      -0.47585979562688
    1     -1     68699.0000000000      -0.31395961351130       0.18704762834578      -0.47585979562688
    1     -1     68699.0000000000       0.00000000000000       0.00000000000000       0.00000000000000
    1     -1     68699.0000000000       0.00000000000000       0.00000000000000       0.00000000000000
    1     -1     68699.0000000000      -0.31677812445341       0.19129980437499      -0.47228805192792
    1     -1     68700.0000000000      -0.31677812445341       0.19129980437499      -0.47228805192792
    1     -1     68701.0000000000      -0.31677812445341       0.19129980437499      -0.47228805192792
    1     -1     68701.0000000000       0.00000000000000       0.00000000000000       0.00000000000000
    1     -1     68701.0000000000       0.00000000000000       0.00000000000000       0.00000000000000
    1     -1     68701.0000000000      -0.31945328969864       0.19530562451040      -0.46883398769215
    1     -1     68702.0000000000      -0.31945328969864       0.19530562451040      -0.46883398769215
    1     -1     68703.0000000000      -0.31945328969864       0.19530562451040      -0.46883398769215
    1     -1     68703.0000000000       0.00000000000000       0.00000000000000       0.00000000000000
    1     -1     68703.0000000000       0.00000000000000       0.00000000000000       0.00000000000000
    1     -1     68703.0000000000      -0.32199876120779       0.19908371467558      -0.46549164505028
    1     -1     68704.0000000000      -0.32199876120779       0.19908371467558      -0.46549164505028
    1     -1     68705.0000000000      -0.32199876120779       0.19908371467558      -0.46549164505028
    1     -1     68705.0000000000       0.00000000000000       0.00000000000000       0.00000000000000
    1     -1     68705.0000000000       0.00000000000000       0.00000000000000       0.00000000000000
    1     -1     68705.0000000000      -0.32442672816124       0.20265087051377      -0.46225525634069
    1     -1     68706.0000000000      -0.32442672816124       0.20265087051377      -0.46225525634069
    1     -1     68707.0000000000      -0.32442672816124       0.20265087051377      -0.46225525634069
    1     -1     68707.0000000000       0.00000000000000       0.00000000000000       0.00000000000000
    1     -1     68707.0000000000       0.00000000000000       0.00000000000000       0.00000000000000
    1     -1     68707.0000000000      -0.32617567202180       0.20519664170768      -0.45989538864074
    1     -1     68708.0000000000      -0.32617567202180       0.20519664170768      -0.45989538864074
    1     -1     68708.0000000000       0.00000000000000       0.00000000000000       0.00000000000000
    1  43125     68708.0000000000      406793636.943164051      -44630038.859271526      -18703120.590652470        1.0137407568579       18.4868781654680       -0.5148666673891        1279.5192813257
    1  43125     68708.0000000000      406793636.943164051      -44630038.859271526      -18703120.590652470        1.0137407568579       18.4868781654680       -0.5148666673891        1376.8498768083
    1     -1     68708.0000000000       0.00000000000000       0.00000000000000       0.00000000000000
    1     -1     68708.0000000000      -0.14136131371687       0.55099068187007       0.19085661308058
    1     -1     68709.0000000000      -0.14136131371687       0.55099068187007       0.19085661308058
    1     -1     68710.0000000000      -0.14136131371687       0.55099068187007       0.19085661308058
    1     -1     68710.0000000000       0.00000000000000       0.00000000000000       0.00000000000000
    1     -1     68710.0000000000       0.00000000000000       0.00000000000000       0.00000000000000
    1     -1     68710.0000000000      -0.14078163092808       0.55109597262490       0.19098104782896
    1     -1     68711.0000000000      -0.14078163092808       0.55109597262490       0.19098104782896
    1     -1     68712.0000000000      -0.14078163092808       0.55109597262490       0.19098104782896
    1     -1     68712.0000000000       0.00000000000000       0.00000000000000       0.00000000000000
    1     -1     68712.0000000000       0.00000000000000       0.00000000000000       0.00000000000000
    1     -1     68712.0000000000      -0.14021080485223       0.55119741441396       0.19110818879905
    1     -1     68713.0000000000      -0.14021080485223       0.55119741441396       0.19110818879905
    1     -1     68714.0000000000      -0.14021080485223       0.55119741441396       0.19110818879905
    1     -1     68714.0000000000       0.00000000000000       0.00000000000000       0.00000000000000
    1     -1     68714.0000000000       0.00000000000000       0.00000000000000       0.00000000000000
    1     -1     68714.0000000000      -0.13964806059036       0.55129510116982       0.19123841109859
    1     -1     68715.0000000000      -0.13964806059036       0.55129510116982       0.19123841109859
    1     -1     68716.0000000000      -0.13964806059036       0.55129510116982       0.19123841109859
    1     -1     68716.0000000000       0.00000000000000       0.00000000000000       0.00000000000000
    1     -1     68716.0000000000       0.00000000000000       0.00000000000000       0.00000000000000
    1     -1     68716.0000000000      -0.13909256984975       0.55138912844663       0.19137211218841
    1     -1     68717.0000000000      -0.13909256984975       0.55138912844663       0.19137211218841
    1     -1     68718.0000000000      -0.13909256984975       0.55138912844663       0.19137211218841
    1     -1     68718.0000000000       0.00000000000000       0.00000000000000       0.00000000000000
    1     -1     68718.0000000000       0.00000000000000       0.00000000000000       0.00000000000000
    1     -1     68718.0000000000      -0.13854344570552       0.55147959356694       0.19150971466558
    1     -1     68719.0000000000      -0.13854344570552       0.55147959356694       0.19150971466558
    1     -1     68720.0000000000      -0.13854344570552       0.55147959356694       0.19150971466558
    1     -1     68720.0000000000       0.00000000000000       0.00000000000000       0.00000000000000
    1     -1     68720.0000000000       0.00000000000000       0.00000000000000       0.00000000000000
    1     -1     68720.0000000000      -0.13799973666841       0.55156659576559       0.19165166942922
    1     -1     68721.0000000000      -0.13799973666841       0.55156659576559       0.19165166942922
    1     -1     68722.0000000000      -0.13799973666841       0.55156659576559       0.19165166942922
    1     -1     68722.0000000000       0.00000000000000       0.00000000000000       0.00000000000000
    1     -1     68722.0000000000       0.00000000000000       0.00000000000000       0.00000000000000
    1     -1     68722.0000000000      -0.13746041991814       0.55165023632940       0.19179845930987
    1     -1     68723.0000000000      -0.13746041991814       0.55165023632940       0.19179845930987
    1     -1     68724.0000000000      -0.13746041991814       0.55165023632940       0.19179845930987
    1     -1     68724.0000000000       0.00000000000000       0.00000000000000       0.00000000000000
    1     -1     68724.0000000000       0.00000000000000       0.00000000000000       0.00000000000000
    1     -1     68724.0000000000      -0.13692439354713       0.55173061873179       0.19195060324363
    1     -1     68725.0000000000      -0.13692439354713       0.55173061873179       0.19195060324363
    1     -1     68726.0000000000      -0.13692439354713       0.55173061873179       0.19195060324363
    1     -1     68726.0000000000       0.00000000000000       0.00000000000000       0.00000000000000
    1     -1     68726.0000000000       0.00000000000000       0.00000000000000       0.00000000000000
    1     -1     68726.0000000000      -0.13639046747041       0.55180784879427       0.19210866110678
    1     -1     68727.0000000000      -0.13639046747041       0.55180784879427       0.19210866110678
    1     -1     68728.0000000000      -0.13639046747041       0.55180784879427       0.19210866110678
    1     -1     68728.0000000000       0.00000000000000       0.00000000000000       0.00000000000000
    1     -1     68728.0000000000       0.00000000000000       0.00000000000000       0.00000000000000
    1     -1     68728.0000000000      -0.13585735233515       0.55188203498305       0.19227323932220
    1     -1     68729.0000000000      -0.13585735233515       0.55188203498305       0.19227323932220
    1     -1     68730.0000000000      -0.13585735233515       0.55188203498305       0.19227323932220
    1     -1     68730.0000000000       0.00000000000000       0.00000000000000       0.00000000000000
    1     -1     68730.0000000000       0.00000000000000       0.00000000000000       0.00000000000000
    1     -1     68730.0000000000      -0.13532364566897       0.55195328898028       0.19244499730238
    1     -1     68731.0000000000      -0.13532364566897       0.55195328898028       0.19244499730238
    1     -1     68732.0000000000      -0.13532364566897       0.55195328898028       0.19244499730238
    1     -1     68732.0000000000       0.00000000000000       0.00000000000000       0.00000000000000
    1     -1     68732.0000000000       0.00000000000000       0.00000000000000       0.00000000000000
    1     -1     68732.0000000000      -0.13478781530750       0.55202172650164       0.19262465469088
    1     -1     68733.0000000000      -0.13478781530750       0.55202172650164       0.19262465469088
    1     -1     68734.0000000000      -0.13478781530750       0.55202172650164       0.19262465469088
    1     -1     68734.0000000000       0.00000000000000       0.00000000000000       0.00000000000000
    1     -1     68734.0000000000       0.00000000000000       0.00000000000000       0.00000000000000
    1     -1     68734.0000000000      -0.13424818240842       0.55208746773315       0.19281299948924
    1     -1     68735.0000000000      -0.13424818240842       0.55208746773315       0.19281299948924
    1     -1     68736.0000000000      -0.13424818240842       0.55208746773315       0.19281299948924
    1     -1     68736.0000000000       0.00000000000000       0.00000000000000       0.00000000000000
    1     -1     68736.0000000000       0.00000000000000       0.00000000000000       0.00000000000000
    1     -1     68736.0000000000      -0.13370290612665       0.55215063665834       0.19301089764849
    1     -1     68737.0000000000      -0.13370290612665       0.55215063665834       0.19301089764849
    1     -1     68738.0000000000      -0.13370290612665       0.55215063665834       0.19301089764849
    1     -1     68738.0000000000       0.00000000000000       0.00000000000000       0.00000000000000
    1     -1     68738.0000000000       0.00000000000000       0.00000000000000       0.00000000000000
    1     -1     68738.0000000000      -0.13314996702626       0.55221135966225       0.19321930499015
    1     -1     68739.0000000000      -0.13314996702626       0.55221135966225       0.19321930499015
    1     -1     68740.0000000000      -0.13314996702626       0.55221135966225       0.19321930499015
    1     -1     68740.0000000000       0.00000000000000       0.00000000000000       0.00000000000000
    1     -1     68740.0000000000       0.00000000000000       0.00000000000000       0.00000000000000
    1     -1     68740.0000000000      -0.13258714178566       0.55226976502754       0.19343928181613
    1     -1     68741.0000000000      -0.13258714178566       0.55226976502754       0.19343928181613
    1     -1     68742.0000000000      -0.13258714178566       0.55226976502754       0.19343928181613
    1     -1     68742.0000000000       0.00000000000000       0.00000000000000       0.00000000000000
    1     -1     68742.0000000000       0.00000000000000       0.00000000000000       0.00000000000000
    1     -1     68742.0000000000      -0.13201196732240       0.55232598376467       0.19367200990865
    1     -1     68743.0000000000      -0.13201196732240       0.55232598376467       0.19367200990865
    1     -1     68744.0000000000      -0.13201196732240       0.55232598376467       0.19367200990865
    1     -1     68744.0000000000       0.00000000000000       0.00000000000000       0.00000000000000
    1     -1     68744.0000000000       0.00000000000000       0.00000000000000       0.00000000000000
    1     -1     68744.0000000000      -0.13142169767134       0.55238015076798       0.19391881213211
    1     -1     68745.0000000000      -0.13142169767134       0.55238015076798       0.19391881213211
    1     -1     68746.0000000000      -0.13142169767134       0.55238015076798       0.19391881213211
    1     -1     68746.0000000000       0.00000000000000       0.00000000000000       0.00000000000000
    1     -1     68746.0000000000       0.00000000000000       0.00000000000000       0.00000000000000
    1     -1     68746.0000000000      -0.13081325598660       0.55243240524634       0.19418117563740
    1     -1     68747.0000000000      -0.13081325598660       0.55243240524634       0.19418117563740
    1     -1     68748.0000000000      -0.13081325598660       0.55243240524634       0.19418117563740
    1     -1     68748.0000000000       0.00000000000000       0.00000000000000       0.00000000000000
    1     -1     68748.0000000000       0.00000000000000       0.00000000000000       0.00000000000000
    1     -1     68748.0000000000      -0.13018317944881       0.55248289037839       0.19446077987023
    1     -1     68749.0000000000      -0.13018317944881       0.55248289037839       0.19446077987023
    1     -1     68750.0000000000      -0.13018317944881       0.55248289037839       0.19446077987023
    1     -1     68750.0000000000       0.00000000000000       0.00000000000000       0.00000000000000
    1     -1     68750.0000000000       0.00000000000000       0.00000000000000       0.00000000000000
    1     -1     68750.0000000000      -0.12952755176817       0.55253175270037       0.19475953088565
    1     -1     68751.0000000000      -0.12952755176817       0.55253175270037       0.19475953088565
    1     -1     68752.0000000000      -0.12952755176817       0.55253175270037       0.19475953088565
    1     -1     68752.0000000000       0.00000000000000       0.00000000000000       0.00000000000000
    1     -1     68752.0000000000       0.00000000000000       0.00000000000000       0.00000000000000
    1     -1     68752.0000000000      -0.12884191694362       0.55257914081888       0.19507960644354
    1     -1     68753.0000000000      -0.12884191694362       0.55257914081888       0.19507960644354
    1     -1     68754.0000000000      -0.12884191694362       0.55257914081888       0.19507960644354
    1     -1     68754.0000000000       0.00000000000000       0.00000000000000       0.00000000000000
    1     -1     68754.0000000000       0.00000000000000       0.00000000000000       0.00000000000000
    1     -1     68754.0000000000      -0.12812117759668       0.55262520360334       0.19542350798613
    1     -1     68755.0000000000      -0.12812117759668       0.55262520360334       0.19542350798613
    1     -1     68756.0000000000      -0.12812117759668       0.55262520360334       0.19542350798613
    1     -1     68756.0000000000       0.00000000000000       0.00000000000000       0.00000000000000
    1     -1     68756.0000000000       0.00000000000000       0.00000000000000       0.00000000000000
    1     -1     68756.0000000000      -0.12735947871908       0.55267008934765       0.19579411329471
    1     -1     68757.0000000000      -0.12735947871908       0.55267008934765       0.19579411329471
    1     -1     68758.0000000000      -0.12735947871908       0.55267008934765       0.19579411329471
    1     -1     68758.0000000000       0.00000000000000       0.00000000000000       0.00000000000000
    1     -1     68758.0000000000       0.00000000000000       0.00000000000000       0.00000000000000
    1     -1     68758.0000000000      -0.12655008929348       0.55271393832207       0.19619474142883
    1     -1     68759.0000000000      -0.12655008929348       0.55271393832207       0.19619474142883
    1     -1     68760.0000000000      -0.12655008929348       0.55271393832207       0.19619474142883
    1     -1     68760.0000000000       0.00000000000000       0.00000000000000       0.00000000000000
    1     -1     68760.0000000000       0.00000000000000       0.00000000000000       0.00000000000000
    1     -1     68760.0000000000      -0.12568538235924       0.55275681014278       0.19662932838717
    1     -1     68761.0000000000      -0.12568538235924       0.55275681014278       0.19662932838717
    1     -1     68762.0000000000      -0.12568538235924       0.55275681014278       0.19662932838717
    1     -1     68762.0000000000       0.00000000000000       0.00000000000000       0.00000000000000
    1     -1     68762.0000000000       0.00000000000000       0.00000000000000       0.00000000000000
    1     -1     68762.0000000000      -0.12475579538015       0.55279888607083       0.19710246664593
    1     -1     68763.0000000000      -0.12475579538015       0.55279888607083       0.19710246664593
    1     -1     68764.0000000000      -0.12475579538015       0.55279888607083       0.19710246664593
    1     -1     68764.0000000000       0.00000000000000       0.00000000000000       0.00000000000000
    1     -1     68764.0000000000       0.00000000000000       0.00000000000000       0.00000000000000
    1     -1     68764.0000000000      -0.12375045914619       0.55284023032483       0.19761959132509
    1     -1     68765.0000000000      -0.12375045914619       0.55284023032483       0.19761959132509
    1     -1     68766.0000000000      -0.12375045914619       0.55284023032483       0.19761959132509
    1     -1     68766.0000000000       0.00000000000000       0.00000000000000       0.00000000000000
    1     -1     68766.0000000000       0.00000000000000       0.00000000000000       0.00000000000000
    1     -1     68766.0000000000      -0.07200467695450       0.32456506624887       0.11634451552741
    1     -1     68767.0000000000      -0.07200467695450       0.32456506624887       0.11634451552741
    1     -1     68768.0000000000      -0.07200467695450       0.32456506624887       0.11634451552741
    1     -1     68768.0000000000       0.00000000000000       0.00000000000000       0.00000000000000
    1     -1     68846.0000000000       0.00000000000000       0.00000000000000       0.00000000000000
    1     -1     68846.0000000000       0.13646417427821      -0.44999457600772      -0.14253453081994
    1     -1     68847.0000000000       0.13646417427821      -0.44999457600772      -0.14253453081994
    1     -1     68848.0000000000       0.13646417427821      -0.44999457600772      -0.14253453081994
    1     -1     68848.0000000000       0.00000000000000       0.00000000000000       0.00000000000000
    1     -1     68848.0000000000       0.00000000000000       0.00000000000000       0.00000000000000
    1     -1     68848.0000000000       0.16550774724909      -0.54964341668922      -0.17464048605845
    1     -1     68849.0000000000       0.16550774724909      -0.54964341668922      -0.17464048605845
    1     -1     68850.0000000000       0.16550774724909      -0.54964341668922      -0.17464048605845
    1     -1     68850.0000000000       0.00000000000000       0.00000000000000       0.00000000000000
    1     -1     68850.0000000000       0.00000000000000       0.00000000000000       0.00000000000000
    1     -1     68850.0000000000       0.16446191144028      -0.54978695089206      -0.17517587617655
    1     -1     68851.0000000000       0.16446191144028      -0.54978695089206      -0.17517587617655
    1     -1     68852.0000000000       0.16446191144028      -0.54978695089206      -0.17517587617655
    1     -1     68852.0000000000       0.00000000000000       0.00000000000000       0.00000000000000
    1     -1     68852.0000000000       0.00000000000000       0.00000000000000       0.00000000000000
    1     -1     68852.0000000000       0.16348678721914      -0.54992245504272      -0.17566264009331
    1     -1     68853.0000000000       0.16348678721914      -0.54992245504272      -0.17566264009331
    1     -1     68854.0000000000       0.16348678721914      -0.54992245504272      -0.17566264009331
    1     -1     68854.0000000000       0.00000000000000       0.00000000000000       0.00000000000000
    1     -1     68854.0000000000       0.00000000000000       0.00000000000000       0.00000000000000
    1     -1     68854.0000000000       0.16257193495692      -0.55005164241913      -0.17610666062469
    1     -1     68855.0000000000       0.16257193495692      -0.55005164241913      -0.17610666062469
    1     -1     68856.0000000000       0.16257193495692      -0.55005164241913      -0.17610666062469
    1     -1     68856.0000000000       0.00000000000000       0.00000000000000       0.00000000000000
    1     -1     68856.0000000000       0.00000000000000       0.00000000000000       0.00000000000000
    1     -1     68856.0000000000       0.16170852391541      -0.55017593898780      -0.17651285712942
    1     -1     68857.0000000000       0.16170852391541      -0.55017593898780      -0.17651285712942
    1     -1     68858.0000000000       0.16170852391541      -0.55017593898780      -0.17651285712942
    1     -1     68858.0000000000       0.00000000000000       0.00000000000000       0.00000000000000
    1     -1     68858.0000000000       0.00000000000000       0.00000000000000       0.00000000000000
    1     -1     68858.0000000000       0.16088902697161      -0.55029654334849      -0.17688537152301
    1     -1     68859.0000000000       0.16088902697161      -0.55029654334849      -0.17688537152301
    1     -1     68860.0000000000       0.16088902697161      -0.55029654334849      -0.17688537152301
    1     -1     68860.0000000000       0.00000000000000       0.00000000000000       0.00000000000000
    1     -1     68860.0000000000       0.00000000000000       0.00000000000000       0.00000000000000
    1     -1     68860.0000000000       0.16010698250729      -0.55041447221531      -0.17722771286779
    1     -1     68861.0000000000       0.16010698250729      -0.55041447221531      -0.17722771286779
    1     -1     68862.0000000000       0.16010698250729      -0.55041447221531      -0.17722771286779
    1     -1     68862.0000000000       0.00000000000000       0.00000000000000       0.00000000000000
    1     -1     68862.0000000000       0.00000000000000       0.00000000000000       0.00000000000000
    1     -1     68862.0000000000       0.15935680671675      -0.55053059538476      -0.17754287081814
    1     -1     68863.0000000000       0.15935680671675      -0.55053059538476      -0.17754287081814
    1     -1     68864.0000000000       0.15935680671675      -0.55053059538476      -0.17754287081814
    1     -1     68864.0000000000       0.00000000000000       0.00000000000000       0.00000000000000
    1     -1     68864.0000000000       0.00000000000000       0.00000000000000       0.00000000000000
    1     -1     68864.0000000000       0.15863364476323      -0.55064566277224      -0.17783340546494
    1     -1     68865.0000000000       0.15863364476323      -0.55064566277224      -0.17783340546494
    1     -1     68866.0000000000       0.15863364476323      -0.55064566277224      -0.17783340546494
    1     -1     68866.0000000000       0.00000000000000       0.00000000000000       0.00000000000000
    1     -1     68866.0000000000       0.00000000000000       0.00000000000000       0.00000000000000
    1     -1     68866.0000000000       0.15793325121777      -0.55076032566720      -0.17810151911408
    1     -1     68867.0000000000       0.15793325121777      -0.55076032566720      -0.17810151911408
    1     -1     68868.0000000000       0.15793325121777      -0.55076032566720      -0.17810151911408
    1     -1     68868.0000000000       0.00000000000000       0.00000000000000       0.00000000000000
    1     -1     68868.0000000000       0.00000000000000       0.00000000000000       0.00000000000000
    1     -1     68868.0000000000       0.15725189411507      -0.55087515335847      -0.17834911406985
    1     -1     68869.0000000000       0.15725189411507      -0.55087515335847      -0.17834911406985
    1     -1     68870.0000000000       0.15725189411507      -0.55087515335847      -0.17834911406985
    1     -1     68870.0000000000       0.00000000000000       0.00000000000000       0.00000000000000
    1     -1     68870.0000000000       0.00000000000000       0.00000000000000       0.00000000000000
    1     -1     68870.0000000000       0.15658627690295      -0.55099064639063      -0.17857783948663
    1     -1     68871.0000000000       0.15658627690295      -0.55099064639063      -0.17857783948663
    1     -1     68872.0000000000       0.15658627690295      -0.55099064639063      -0.17857783948663
    1     -1     68872.0000000000       0.00000000000000       0.00000000000000       0.00000000000000
    1     -1     68872.0000000000       0.00000000000000       0.00000000000000       0.00000000000000
    1     -1     68872.0000000000       0.15593347494011      -0.55110724713669      -0.17878912949762
    1     -1     68873.0000000000       0.15593347494011      -0.55110724713669      -0.17878912949762
    1     -1     68874.0000000000       0.15593347494011      -0.55110724713669      -0.17878912949762
    1     -1     68874.0000000000       0.00000000000000       0.00000000000000       0.00000000000000
    1     -1     68874.0000000000       0.00000000000000       0.00000000000000       0.00000000000000
    1     -1     68874.0000000000       0.15529088147808      -0.55122534885932      -0.17898423445846
    1     -1     68875.0000000000       0.15529088147808      -0.55122534885932      -0.17898423445846
    1     -1     68876.0000000000       0.15529088147808      -0.55122534885932      -0.17898423445846
    1     -1     68876.0000000000       0.00000000000000       0.00000000000000       0.00000000000000
    1     -1     68876.0000000000       0.00000000000000       0.00000000000000       0.00000000000000
    1     -1     68876.0000000000       0.15465616038039      -0.55134530372919      -0.17916424696954
    1     -1     68877.0000000000       0.15465616038039      -0.55134530372919      -0.17916424696954
    1     -1     68878.0000000000       0.15465616038039      -0.55134530372919      -0.17916424696954
    1     -1     68878.0000000000       0.00000000000000       0.00000000000000       0.00000000000000
    1     -1     68878.0000000000       0.00000000000000       0.00000000000000       0.00000000000000
    1     -1     68878.0000000000       0.15402720625873      -0.55146742926359      -0.17933012427793
    1     -1     68879.0000000000       0.15402720625873      -0.55146742926359      -0.17933012427793
    1     -1     68880.0000000000       0.15402720625873      -0.55146742926359      -0.17933012427793
    1     -1     68880.0000000000       0.00000000000000       0.00000000000000       0.00000000000000
    1     -1     68880.0000000000       0.00000000000000       0.00000000000000       0.00000000000000
    1     -1     68880.0000000000       0.15340211595109      -0.55159201215883      -0.17948270731270
    1     -1     68881.0000000000       0.15340211595109      -0.55159201215883      -0.17948270731270
    1     -1     68882.0000000000       0.15340211595109      -0.55159201215883      -0.17948270731270
    1     -1     68882.0000000000       0.00000000000000       0.00000000000000       0.00000000000000
    1     -1     68882.0000000000       0.00000000000000       0.00000000000000       0.00000000000000
    1     -1     68882.0000000000       0.15277916750742      -0.55171931083564      -0.17962273605193
    1     -1     68883.0000000000       0.15277916750742      -0.55171931083564      -0.17962273605193
    1     -1     68884.0000000000       0.15277916750742      -0.55171931083564      -0.17962273605193
    1     -1     68884.0000000000       0.00000000000000       0.00000000000000       0.00000000000000
    1     -1     68884.0000000000       0.00000000000000       0.00000000000000       0.00000000000000
    1     -1     68884.0000000000       0.15215680007427      -0.55184955845792      -0.17975086175303
    1     -1     68885.0000000000       0.15215680007427      -0.55184955845792      -0.17975086175303
    1     -1     68886.0000000000       0.15215680007427      -0.55184955845792      -0.17975086175303
    1     -1     68886.0000000000       0.00000000000000       0.00000000000000       0.00000000000000
    1     -1     68886.0000000000       0.00000000000000       0.00000000000000       0.00000000000000
    1     -1     68886.0000000000       0.15153359360628      -0.55198296630908      -0.17986765744124
    1     -1     68887.0000000000       0.15153359360628      -0.55198296630908      -0.17986765744124
    1     -1     68888.0000000000       0.15153359360628      -0.55198296630908      -0.17986765744124
    1     -1     68888.0000000000       0.00000000000000       0.00000000000000       0.00000000000000
    1     -1     68888.0000000000       0.00000000000000       0.00000000000000       0.00000000000000
    1     -1     68888.0000000000       0.15090825106203      -0.55211972663535      -0.17997362723883
    1     -1     68889.0000000000       0.15090825106203      -0.55211972663535      -0.17997362723883
    1     -1     68890.0000000000       0.15090825106203      -0.55211972663535      -0.17997362723883
    1     -1     68890.0000000000       0.00000000000000       0.00000000000000       0.00000000000000
    1     -1     68890.0000000000       0.00000000000000       0.00000000000000       0.00000000000000
    1     -1     68890.0000000000       0.15027958391146      -0.55226001477332      -0.18006921453145
    1     -1     68891.0000000000       0.15027958391146      -0.55226001477332      -0.18006921453145
    1     -1     68892.0000000000       0.15027958391146      -0.55226001477332      -0.18006921453145
    1     -1     68892.0000000000       0.00000000000000       0.00000000000000       0.00000000000000
    1     -1     68892.0000000000       0.00000000000000       0.00000000000000       0.00000000000000
    1     -1     68892.0000000000       0.14964650021319      -0.55240399079327      -0.18015480901051
    1     -1     68893.0000000000       0.14964650021319      -0.55240399079327      -0.18015480901051
    1     -1     68894.0000000000       0.14964650021319      -0.55240399079327      -0.18015480901051
    1     -1     68894.0000000000       0.00000000000000       0.00000000000000       0.00000000000000
    1     -1     68894.0000000000       0.00000000000000       0.00000000000000       0.00000000000000
    1     -1     68894.0000000000       0.14900799450627      -0.55255180085794      -0.18023075270847
    1     -1     68895.0000000000       0.14900799450627      -0.55255180085794      -0.18023075270847
    1     -1     68896.0000000000       0.14900799450627      -0.55255180085794      -0.18023075270847
    1     -1     68896.0000000000       0.00000000000000       0.00000000000000       0.00000000000000
    1     -1     68896.0000000000       0.00000000000000       0.00000000000000       0.00000000000000
    1     -1     68896.0000000000       0.14836313904945      -0.55270357838937      -0.18029734520226
    1     -1     68897.0000000000       0.14836313904945      -0.55270357838937      -0.18029734520226
    1     -1     68898.0000000000       0.14836313904945      -0.55270357838937      -0.18029734520226
    1     -1     68898.0000000000       0.00000000000000       0.00000000000000       0.00000000000000
    1     -1     68898.0000000000       0.00000000000000       0.00000000000000       0.00000000000000
    1     -1     68898.0000000000       0.14771107618129      -0.55285944508014      -0.18035484811628
    1     -1     68899.0000000000       0.14771107618129      -0.55285944508014      -0.18035484811628
    1     -1     68900.0000000000       0.14771107618129      -0.55285944508014      -0.18035484811628
    1     -1     68900.0000000000       0.00000000000000       0.00000000000000       0.00000000000000
    1     -1     68900.0000000000       0.00000000000000       0.00000000000000       0.00000000000000
    1     -1     68900.0000000000       0.14705101161272      -0.55301951177577      -0.18040348904320
    1     -1     68901.0000000000       0.14705101161272      -0.55301951177577      -0.18040348904320
    1     -1     68902.0000000000       0.14705101161272      -0.55301951177577      -0.18040348904320
    1     -1     68902.0000000000       0.00000000000000       0.00000000000000       0.00000000000000
    1     -1     68902.0000000000       0.00000000000000       0.00000000000000       0.00000000000000
    1     -1     68902.0000000000       0.14655147526064      -0.55314199165783      -0.18043447964218
    1     -1     68903.0000000000       0.14655147526064      -0.55314199165783      -0.18043447964218
    1     -1     68903.0000000000       0.00000000000000       0.00000000000000       0.00000000000000
    1  37588     68903.0000000000      307722647.343085766      273162573.251013100      -13393770.524191253      -11.4025056355556       14.4748264656320        0.0981310004570        1223.7983378965
    1  37588     68903.0000000000      307722647.343085766      273162573.251013100      -13393770.524191253      -11.4025056355556       14.4748264656320        0.0981310004570        1320.3075781429
    1     -1     68903.0000000000       0.00000000000000       0.00000000000000       0.00000000000000
    1     -1     68903.0000000000       0.39669515201901       0.09783861046045       0.43938657461031
    1     -1     68904.0000000000       0.39669515201901       0.09783861046045       0.43938657461031
    1     -1     68905.0000000000       0.39669515201901       0.09783861046045       0.43938657461031
    1     -1     68905.0000000000       0.00000000000000       0.00000000000000       0.00000000000000
    1     -1     68905.0000000000       0.00000000000000       0.00000000000000       0.00000000000000
    1     -1     68905.0000000000       0.39681763053653       0.09603650307832       0.43967346684996
    1     -1     68906.0000000000       0.39681763053653       0.09603650307832       0.43967346684996
    1     -1     68907.0000000000       0.39681763053653       0.09603650307832       0.43967346684996
    1     -1     68907.0000000000       0.00000000000000       0.00000000000000       0.00000000000000
    1     -1     68907.0000000000       0.00000000000000       0.00000000000000       0.00000000000000
    1     -1     68907.0000000000       0.39696279309620       0.09419445729716       0.43994084192282
    1     -1     68908.0000000000       0.39696279309620       0.09419445729716       0.43994084192282
    1     -1     68909.0000000000       0.39696279309620       0.09419445729716       0.43994084192282
    1     -1     68909.0000000000       0.00000000000000       0.00000000000000       0.00000000000000
    1     -1     68909.0000000000       0.00000000000000       0.00000000000000       0.00000000000000
    1     -1     68909.0000000000       0.39713118614750       0.09230946196801       0.44018835002787
    1     -1     68910.0000000000       0.39713118614750       0.09230946196801       0.44018835002787
    1     -1     68911.0000000000       0.39713118614750       0.09230946196801       0.44018835002787
    1     -1     68911.0000000000       0.00000000000000       0.00000000000000       0.00000000000000
    1     -1     68911.0000000000       0.00000000000000       0.00000000000000       0.00000000000000
    1     -1     68911.0000000000       0.39732340245768       0.09037822492845       0.44041558736975
    1     -1     68912.0000000000       0.39732340245768       0.09037822492845       0.44041558736975
    1     -1     68913.0000000000       0.39732340245768       0.09037822492845       0.44041558736975
    1     -1     68913.0000000000       0.00000000000000       0.00000000000000       0.00000000000000
    1     -1     68913.0000000000       0.00000000000000       0.00000000000000       0.00000000000000
    1     -1     68913.0000000000       0.39754008523021       0.08839714374071       0.44062208852218
    1     -1     68914.0000000000       0.39754008523021       0.08839714374071       0.44062208852218
    1     -1     68915.0000000000       0.39754008523021       0.08839714374071       0.44062208852218
    1     -1     68915.0000000000       0.00000000000000       0.00000000000000       0.00000000000000
    1     -1     68915.0000000000       0.00000000000000       0.00000000000000       0.00000000000000
    1     -1     68915.0000000000       0.39778193253304       0.08636227239244       0.44080731769958
    1     -1     68916.0000000000       0.39778193253304       0.08636227239244       0.44080731769958
    1     -1     68917.0000000000       0.39778193253304       0.08636227239244       0.44080731769958
    1     -1     68917.0000000000       0.00000000000000       0.00000000000000       0.00000000000000
    1     -1     68917.0000000000       0.00000000000000       0.00000000000000       0.00000000000000
    1     -1     68917.0000000000       0.39804970222202       0.08426928325757       0.44097065859331
    1     -1     68918.0000000000       0.39804970222202       0.08426928325757       0.44097065859331
    1     -1     68919.0000000000       0.39804970222202       0.08426928325757       0.44097065859331
    1     -1     68919.0000000000       0.00000000000000       0.00000000000000       0.00000000000000
    1     -1     68919.0000000000       0.00000000000000       0.00000000000000       0.00000000000000
    1     -1     68919.0000000000       0.39834421705919       0.08211342454302       0.44111140262446
    1     -1     68920.0000000000       0.39834421705919       0.08211342454302       0.44111140262446
    1     -1     68921.0000000000       0.39834421705919       0.08211342454302       0.44111140262446
    1     -1     68921.0000000000       0.00000000000000       0.00000000000000       0.00000000000000
    1     -1     68921.0000000000       0.00000000000000       0.00000000000000       0.00000000000000
    1     -1     68921.0000000000       0.39866637044741       0.07988947081935       0.44122873524567
    1     -1     68922.0000000000       0.39866637044741       0.07988947081935       0.44122873524567
    1     -1     68923.0000000000       0.39866637044741       0.07988947081935       0.44122873524567
    1     -1     68923.0000000000       0.00000000000000       0.00000000000000       0.00000000000000
    1     -1     68923.0000000000       0.00000000000000       0.00000000000000       0.00000000000000
    1     -1     68923.0000000000       0.39901713240949       0.07759166726140       0.44132171994510
    1     -1     68924.0000000000       0.39901713240949       0.07759166726140       0.44132171994510
    1     -1     68925.0000000000       0.39901713240949       0.07759166726140       0.44132171994510
    1     -1     68925.0000000000       0.00000000000000       0.00000000000000       0.00000000000000
    1     -1     68925.0000000000       0.00000000000000       0.00000000000000       0.00000000000000
    1     -1     68925.0000000000       0.39939755616845       0.07521366498438       0.44138927944195
    1     -1     68926.0000000000       0.39939755616845       0.07521366498438       0.44138927944195
    1     -1     68927.0000000000       0.39939755616845       0.07521366498438       0.44138927944195
    1     -1     68927.0000000000       0.00000000000000       0.00000000000000       0.00000000000000
    1     -1     68927.0000000000       0.00000000000000       0.00000000000000       0.00000000000000
    1     -1     68927.0000000000       0.39980878495089       0.07274844743229       0.44143017358613
    1     -1     68928.0000000000       0.39980878495089       0.07274844743229       0.44143017358613
    1     -1     68929.0000000000       0.39980878495089       0.07274844743229       0.44143017358613
    1     -1     68929.0000000000       0.00000000000000       0.00000000000000       0.00000000000000
    1     -1     68929.0000000000       0.00000000000000       0.00000000000000       0.00000000000000
    1     -1     68929.0000000000       0.40025205942778       0.07018824448681       0.44144297314566
    1     -1     68930.0000000000       0.40025205942778       0.07018824448681       0.44144297314566
    1     -1     68931.0000000000       0.40025205942778       0.07018824448681       0.44144297314566
    1     -1     68931.0000000000       0.00000000000000       0.00000000000000       0.00000000000000
    1     -1     68931.0000000000       0.00000000000000       0.00000000000000       0.00000000000000
    1     -1     68931.0000000000       0.40072872530252       0.06752443378433       0.44142602872907
    1     -1     68932.0000000000       0.40072872530252       0.06752443378433       0.44142602872907
    1     -1     68933.0000000000       0.40072872530252       0.06752443378433       0.44142602872907
    1     -1     68933.0000000000       0.00000000000000       0.00000000000000       0.00000000000000
    1     -1     68933.0000000000       0.00000000000000       0.00000000000000       0.00000000000000
    1     -1     68933.0000000000       0.40124024113695       0.06474742594787       0.44137743372933
    1     -1     68934.0000000000       0.40124024113695       0.06474742594787       0.44137743372933
    1     -1     68935.0000000000       0.40124024113695       0.06474742594787       0.44137743372933
    1     -1     68935.0000000000       0.00000000000000       0.00000000000000       0.00000000000000
    1     -1     68935.0000000000       0.00000000000000       0.00000000000000       0.00000000000000
    1     -1     68935.0000000000       0.40178818662378       0.06184652994544       0.44129497969417
    1     -1     68936.0000000000       0.40178818662378       0.06184652994544       0.44129497969417
    1     -1     68937.0000000000       0.40178818662378       0.06184652994544       0.44129497969417
    1     -1     68937.0000000000       0.00000000000000       0.00000000000000       0.00000000000000
    1     -1     68937.0000000000       0.00000000000000       0.00000000000000       0.00000000000000
    1     -1     68937.0000000000       0.40237427012891       0.05880979692113       0.44117610293887
    1     -1     68938.0000000000       0.40237427012891       0.05880979692113       0.44117610293887
    1     -1     68939.0000000000       0.40237427012891       0.05880979692113       0.44117610293887
    1     -1     68939.0000000000       0.00000000000000       0.00000000000000       0.00000000000000
    1     -1     68939.0000000000       0.00000000000000       0.00000000000000       0.00000000000000
    1     -1     68939.0000000000       0.40300033617322       0.05562383562582       0.44101781963379
    1     -1     68940.0000000000       0.40300033617322       0.05562383562582       0.44101781963379
    1     -1     68941.0000000000       0.40300033617322       0.05562383562582       0.44101781963379
    1     -1     68941.0000000000       0.00000000000000       0.00000000000000       0.00000000000000
    1     -1     68941.0000000000       0.00000000000000       0.00000000000000       0.00000000000000
    1     -1     68941.0000000000       0.40366837171265       0.05227359512578       0.44081664693099
    1     -1     68942.0000000000       0.40366837171265       0.05227359512578       0.44081664693099
    1     -1     68943.0000000000       0.40366837171265       0.05227359512578       0.44081664693099
    1     -1     68943.0000000000       0.00000000000000       0.00000000000000       0.00000000000000
    1     -1     68943.0000000000       0.00000000000000       0.00000000000000       0.00000000000000
    1     -1     68943.0000000000       0.40438051058989       0.04874210746066       0.44056850647244
    1     -1     68944.0000000000       0.40438051058989       0.04874210746066       0.44056850647244
    1     -1     68945.0000000000       0.40438051058989       0.04874210746066       0.44056850647244
    1     -1     68945.0000000000       0.00000000000000       0.00000000000000       0.00000000000000
    1     -1     68945.0000000000       0.00000000000000       0.00000000000000       0.00000000000000
    1     -1     68945.0000000000       0.40513903495629       0.04501018160221       0.44026860572475
    1     -1     68946.0000000000       0.40513903495629       0.04501018160221       0.44026860572475
    1     -1     68947.0000000000       0.40513903495629       0.04501018160221       0.44026860572475
    1     -1     68947.0000000000       0.00000000000000       0.00000000000000       0.00000000000000
    1     -1     68947.0000000000       0.00000000000000       0.00000000000000       0.00000000000000
    1     -1     68947.0000000000       0.40594637222475       0.04105603768456       0.43991129097490
    1     -1     68948.0000000000       0.40594637222475       0.04105603768456       0.43991129097490
    1     -1     68949.0000000000       0.40594637222475       0.04105603768456       0.43991129097490
    1     -1     68949.0000000000       0.00000000000000       0.00000000000000       0.00000000000000
    1     -1     68949.0000000000       0.00000000000000       0.00000000000000       0.00000000000000
    1     -1     68949.0000000000       0.40680508483434       0.03685486818165       0.43948986441582
    1     -1     68950.0000000000       0.40680508483434       0.03685486818165       0.43948986441582
    1     -1     68951.0000000000       0.40680508483434       0.03685486818165       0.43948986441582
    1     -1     68951.0000000000       0.00000000000000       0.00000000000000       0.00000000000000
    1     -1     68951.0000000000       0.00000000000000       0.00000000000000       0.00000000000000
    1     -1     68951.0000000000       0.40771784968002       0.03237830854447       0.43899635473214
    1     -1     68952.0000000000       0.40771784968002       0.03237830854447       0.43899635473214
    1     -1     68953.0000000000       0.40771784968002       0.03237830854447       0.43899635473214
    1     -1     68953.0000000000       0.00000000000000       0.00000000000000       0.00000000000000
    1     -1     68953.0000000000       0.00000000000000       0.00000000000000       0.00000000000000
    1     -1     68953.0000000000       0.40868742206687       0.02759379567274       0.43842122754801
    1     -1     68954.0000000000       0.40868742206687       0.02759379567274       0.43842122754801
    1     -1     68955.0000000000       0.40868742206687       0.02759379567274       0.43842122754801
    1     -1     68955.0000000000       0.00000000000000       0.00000000000000       0.00000000000000
    1     -1     68955.0000000000       0.00000000000000       0.00000000000000       0.00000000000000
    1     -1     68955.0000000000       0.40971657698568       0.02246378631478       0.43775301726835
    1     -1     68956.0000000000       0.40971657698568       0.02246378631478       0.43775301726835
    1     -1     68957.0000000000       0.40971657698568       0.02246378631478       0.43775301726835
    1     -1     68957.0000000000       0.00000000000000       0.00000000000000       0.00000000000000
    1     -1     68957.0000000000       0.00000000000000       0.00000000000000       0.00000000000000
    1     -1     68957.0000000000       0.41080801728119       0.01694479981540       0.43697785524751
    1     -1     68958.0000000000       0.41080801728119       0.01694479981540       0.43697785524751
    1     -1     68959.0000000000       0.41080801728119       0.01694479981540       0.43697785524751
    1     -1     68959.0000000000       0.00000000000000       0.00000000000000       0.00000000000000
    1     -1     68959.0000000000       0.00000000000000       0.00000000000000       0.00000000000000
    1     -1     68959.0000000000       0.41196423313730       0.01098623957908       0.43607886034009
    1     -1     68960.0000000000       0.41196423313730       0.01098623957908       0.43607886034009
    1     -1     68961.0000000000       0.41196423313730       0.01098623957908       0.43607886034009
    1     -1     68961.0000000000       0.00000000000000       0.00000000000000       0.00000000000000
    1     -1     68961.0000000000       0.00000000000000       0.00000000000000       0.00000000000000
    1     -1     68961.0000000000       0.33056878056567       0.00362354425681       0.34804829004780
    1     -1     68962.0000000000       0.33056878056567       0.00362354425681       0.34804829004780
    1     -1     68963.0000000000       0.33056878056567       0.00362354425681       0.34804829004780
    1     -1     68963.0000000000       0.00000000000000       0.00000000000000       0.00000000000000
    1     -1     69045.0000000000       0.00000000000000       0.00000000000000       0.00000000000000
    1     -1     69045.0000000000      -0.28989487932849      -0.26293454666406      -0.40251037089685
    1     -1     69046.0000000000      -0.28989487932849      -0.26293454666406      -0.40251037089685
    1     -1     69047.0000000000      -0.28989487932849      -0.26293454666406      -0.40251037089685
    1     -1     69047.0000000000       0.00000000000000       0.00000000000000       0.00000000000000
    1     -1     69047.0000000000       0.00000000000000       0.00000000000000       0.00000000000000
    1     -1     69047.0000000000      -0.31308724879656      -0.27575068606290      -0.43120520991384
    1     -1     69048.0000000000      -0.31308724879656      -0.27575068606290      -0.43120520991384
    1     -1     69049.0000000000      -0.31308724879656      -0.27575068606290      -0.43120520991384
    1     -1     69049.0000000000       0.00000000000000       0.00000000000000       0.00000000000000
    1     -1     69049.0000000000       0.00000000000000       0.00000000000000       0.00000000000000
    1     -1     69049.0000000000      -0.31605641342789      -0.27093851133127      -0.43208872455630
    1     -1     69050.0000000000      -0.31605641342789      -0.27093851133127      -0.43208872455630
    1     -1     69051.0000000000      -0.31605641342789      -0.27093851133127      -0.43208872455630
    1     -1     69051.0000000000       0.00000000000000       0.00000000000000       0.00000000000000
    1     -1     69051.0000000000       0.00000000000000       0.00000000000000       0.00000000000000
    1     -1     69051.0000000000      -0.31876411455163      -0.26652159093558      -0.43284602356875
    1     -1     69052.0000000000      -0.31876411455163      -0.26652159093558      -0.43284602356875
    1     -1     69053.0000000000      -0.31876411455163      -0.26652159093558      -0.43284602356875
    1     -1     69053.0000000000       0.00000000000000       0.00000000000000       0.00000000000000
    1     -1     69053.0000000000       0.00000000000000       0.00000000000000       0.00000000000000
    1     -1     69053.0000000000      -0.32124262526159      -0.26245945699561      -0.43349533841624
    1     -1     69054.0000000000      -0.32124262526159      -0.26245945699561      -0.43349533841624
    1     -1     69055.0000000000      -0.32124262526159      -0.26245945699561      -0.43349533841624
    1     -1     69055.0000000000       0.00000000000000       0.00000000000000       0.00000000000000
    1     -1     69055.0000000000       0.00000000000000       0.00000000000000       0.00000000000000
    1     -1     69055.0000000000      -0.32351919586295      -0.25871693422801      -0.43405169868559
    1     -1     69056.0000000000      -0.32351919586295      -0.25871693422801      -0.43405169868559
    1     -1     69057.0000000000      -0.32351919586295      -0.25871693422801      -0.43405169868559
    1     -1     69057.0000000000       0.00000000000000       0.00000000000000       0.00000000000000
    1     -1     69057.0000000000       0.00000000000000       0.00000000000000       0.00000000000000
    1     -1     69057.0000000000      -0.32561697210140      -0.25526333275592      -0.43452757991853
    1     -1     69058.0000000000      -0.32561697210140      -0.25526333275592      -0.43452757991853
    1     -1     69059.0000000000      -0.32561697210140      -0.25526333275592      -0.43452757991853
    1     -1     69059.0000000000       0.00000000000000       0.00000000000000       0.00000000000000
    1     -1     69059.0000000000       0.00000000000000       0.00000000000000       0.00000000000000
    1     -1     69059.0000000000      -0.32755572295118      -0.25207177732721      -0.43493340492199
    1     -1     69060.0000000000      -0.32755572295118      -0.25207177732721      -0.43493340492199
    1     -1     69061.0000000000      -0.32755572295118      -0.25207177732721      -0.43493340492199
    1     -1     69061.0000000000       0.00000000000000       0.00000000000000       0.00000000000000
    1     -1     69061.0000000000       0.00000000000000       0.00000000000000       0.00000000000000
    1     -1     69061.0000000000      -0.32935242166402      -0.24911864846535      -0.43527793490004
    1     -1     69062.0000000000      -0.32935242166402      -0.24911864846535      -0.43527793490004
    1     -1     69063.0000000000      -0.32935242166402      -0.24911864846535      -0.43527793490004
    1     -1     69063.0000000000       0.00000000000000       0.00000000000000       0.00000000000000
    1     -1     69063.0000000000       0.00000000000000       0.00000000000000       0.00000000000000
    1     -1     69063.0000000000      -0.33102171281552      -0.24638311571337      -0.43556857693829
    1     -1     69064.0000000000      -0.33102171281552      -0.24638311571337      -0.43556857693829
    1     -1     69065.0000000000      -0.33102171281552      -0.24638311571337      -0.43556857693829
    1     -1     69065.0000000000       0.00000000000000       0.00000000000000       0.00000000000000
    1     -1     69065.0000000000       0.00000000000000       0.00000000000000       0.00000000000000
    1     -1     69065.0000000000      -0.33257629026645      -0.24384674642407      -0.43581162753075
    1     -1     69066.0000000000      -0.33257629026645      -0.24384674642407      -0.43581162753075
    1     -1     69067.0000000000      -0.33257629026645      -0.24384674642407      -0.43581162753075
    1     -1     69067.0000000000       0.00000000000000       0.00000000000000       0.00000000000000
    1     -1     69067.0000000000       0.00000000000000       0.00000000000000       0.00000000000000
    1     -1     69067.0000000000      -0.33402720487067      -0.24149317701752      -0.43601246672575
    1     -1     69068.0000000000      -0.33402720487067      -0.24149317701752      -0.43601246672575
    1     -1     69069.0000000000      -0.33402720487067      -0.24149317701752      -0.43601246672575
    1     -1     69069.0000000000       0.00000000000000       0.00000000000000       0.00000000000000
    1     -1     69069.0000000000       0.00000000000000       0.00000000000000       0.00000000000000
    1     -1     69069.0000000000      -0.33538411652662      -0.23930783569544      -0.43617571394614
    1     -1     69070.0000000000      -0.33538411652662      -0.23930783569544      -0.43617571394614
    1     -1     69071.0000000000      -0.33538411652662      -0.23930783569544      -0.43617571394614
    1     -1     69071.0000000000       0.00000000000000       0.00000000000000       0.00000000000000
    1     -1     69071.0000000000       0.00000000000000       0.00000000000000       0.00000000000000
    1     -1     69071.0000000000      -0.33665550212280      -0.23727770681858      -0.43630535410119
    1     -1     69072.0000000000      -0.33665550212280      -0.23727770681858      -0.43630535410119
    1     -1     69073.0000000000      -0.33665550212280      -0.23727770681858      -0.43630535410119
    1     -1     69073.0000000000       0.00000000000000       0.00000000000000       0.00000000000000
    1     -1     69073.0000000000       0.00000000000000       0.00000000000000       0.00000000000000
    1     -1     69073.0000000000      -0.33784882814951      -0.23539112957819      -0.43640484038780
    1     -1     69074.0000000000      -0.33784882814951      -0.23539112957819      -0.43640484038780
    1     -1     69075.0000000000      -0.33784882814951      -0.23539112957819      -0.43640484038780
    1     -1     69075.0000000000       0.00000000000000       0.00000000000000       0.00000000000000
    1     -1     69075.0000000000       0.00000000000000       0.00000000000000       0.00000000000000
    1     -1     69075.0000000000      -0.33897069405605      -0.23363762694457      -0.43647717824289
    1     -1     69076.0000000000      -0.33897069405605      -0.23363762694457      -0.43647717824289
    1     -1     69077.0000000000      -0.33897069405605      -0.23363762694457      -0.43647717824289
    1     -1     69077.0000000000       0.00000000000000       0.00000000000000       0.00000000000000
    1     -1     69077.0000000000       0.00000000000000       0.00000000000000       0.00000000000000
    1     -1     69077.0000000000      -0.34002695206002      -0.23200776002062      -0.43652499406447
    1     -1     69078.0000000000      -0.34002695206002      -0.23200776002062      -0.43652499406447
    1     -1     69079.0000000000      -0.34002695206002      -0.23200776002062      -0.43652499406447
    1     -1     69079.0000000000       0.00000000000000       0.00000000000000       0.00000000000000
    1     -1     69079.0000000000       0.00000000000000       0.00000000000000       0.00000000000000
    1     -1     69079.0000000000      -0.34102280673500      -0.23049300516382      -0.43655059172694
    1     -1     69080.0000000000      -0.34102280673500      -0.23049300516382      -0.43655059172694
    1     -1     69081.0000000000      -0.34102280673500      -0.23049300516382      -0.43655059172694
    1     -1     69081.0000000000       0.00000000000000       0.00000000000000       0.00000000000000
    1     -1     69081.0000000000       0.00000000000000       0.00000000000000       0.00000000000000
    1     -1     69081.0000000000      -0.34196290051957      -0.22908564461456      -0.43655600027920
    1     -1     69082.0000000000      -0.34196290051957      -0.22908564461456      -0.43655600027920
    1     -1     69083.0000000000      -0.34196290051957      -0.22908564461456      -0.43655600027920
    1     -1     69083.0000000000       0.00000000000000       0.00000000000000       0.00000000000000
    1     -1     69083.0000000000       0.00000000000000       0.00000000000000       0.00000000000000
    1     -1     69083.0000000000      -0.34285138688020      -0.22777867526659      -0.43654301149843
    1     -1     69084.0000000000      -0.34285138688020      -0.22777867526659      -0.43654301149843
    1     -1     69085.0000000000      -0.34285138688020      -0.22777867526659      -0.43654301149843
    1     -1     69085.0000000000       0.00000000000000       0.00000000000000       0.00000000000000
    1     -1     69085.0000000000       0.00000000000000       0.00000000000000       0.00000000000000
    1     -1     69085.0000000000      -0.34369199244924      -0.22656573100212      -0.43651321072992
    1     -1     69086.0000000000      -0.34369199244924      -0.22656573100212      -0.43651321072992
    1     -1     69087.0000000000      -0.34369199244924      -0.22656573100212      -0.43651321072992
    1     -1     69087.0000000000       0.00000000000000       0.00000000000000       0.00000000000000
    1     -1     69087.0000000000       0.00000000000000       0.00000000000000       0.00000000000000
    1     -1     69087.0000000000      -0.34448807102378      -0.22544101358410      -0.43646800294694
    1     -1     69088.0000000000      -0.34448807102378      -0.22544101358410      -0.43646800294694
    1     -1     69089.0000000000      -0.34448807102378      -0.22544101358410      -0.43646800294694
    1     -1     69089.0000000000       0.00000000000000       0.00000000000000       0.00000000000000
    1     -1     69089.0000000000       0.00000000000000       0.00000000000000       0.00000000000000
    1     -1     69089.0000000000      -0.34524254760507      -0.22439914519133      -0.43640876049933
    1     -1     69090.0000000000      -0.34524254760507      -0.22439914519133      -0.43640876049933
    1     -1     69091.0000000000      -0.34524254760507      -0.22439914519133      -0.43640876049933
    1     -1     69091.0000000000       0.00000000000000       0.00000000000000       0.00000000000000
    1     -1     69091.0000000000       0.00000000000000       0.00000000000000       0.00000000000000
    1     -1     69091.0000000000      -0.34595839694941      -0.22343543378380      -0.43633633104526
    1     -1     69092.0000000000      -0.34595839694941      -0.22343543378380      -0.43633633104526
    1     -1     69093.0000000000      -0.34595839694941      -0.22343543378380      -0.43633633104526
    1     -1     69093.0000000000       0.00000000000000       0.00000000000000       0.00000000000000
    1     -1     69093.0000000000       0.00000000000000       0.00000000000000       0.00000000000000
    1     -1     69093.0000000000      -0.34663784881403      -0.22254527088650      -0.43625199536007
    1     -1     69094.0000000000      -0.34663784881403      -0.22254527088650      -0.43625199536007
    1     -1     69095.0000000000      -0.34663784881403      -0.22254527088650      -0.43625199536007
    1     -1     69095.0000000000       0.00000000000000       0.00000000000000       0.00000000000000
    1     -1     69095.0000000000       0.00000000000000       0.00000000000000       0.00000000000000
    1     -1     69095.0000000000      -0.34728322750177      -0.22172461036707      -0.43615657318620
    1     -1     69096.0000000000      -0.34728322750177      -0.22172461036707      -0.43615657318620
    1     -1     69097.0000000000      -0.34728322750177      -0.22172461036707      -0.43615657318620
    1     -1     69097.0000000000       0.00000000000000       0.00000000000000       0.00000000000000
    1     -1     69097.0000000000       0.00000000000000       0.00000000000000       0.00000000000000
    1     -1     69097.0000000000      -0.34774617004406      -0.22115155224311      -0.43607865281409
    1     -1     69098.0000000000      -0.34774617004406      -0.22115155224311      -0.43607865281409
    1     -1     69098.0000000000       0.00000000000000       0.00000000000000       0.00000000000000
    1  47759     69098.0000000000       75326058.696264029      433158906.343558073       11415191.566704517      -16.9071740379890        3.2734810078283        0.2742260573372        1171.6706458904
    1  47759     69098.0000000000       75326058.696264029      433158906.343558073       11415191.566704517      -16.9071740379890        3.2734810078283        0.2742260573372        1286.2497013319
    1     -1     69098.0000000000       0.00000000000000       0.00000000000000       0.00000000000000
    1     -1     69098.0000000000       0.45806547987792      -0.37427455048276      -0.10047176859765
    1     -1     69099.0000000000       0.45806547987792      -0.37427455048276      -0.10047176859765
    1     -1     69100.0000000000       0.45806547987792      -0.37427455048276      -0.10047176859765
    1     -1     69100.0000000000       0.00000000000000       0.00000000000000       0.00000000000000
    1     -1     69100.0000000000       0.00000000000000       0.00000000000000       0.00000000000000
    1     -1     69100.0000000000       0.46074014956667      -0.37141645087721      -0.09883488187404
    1     -1     69101.0000000000       0.46074014956667      -0.37141645087721      -0.09883488187404
    1     -1     69102.0000000000       0.46074014956667      -0.37141645087721      -0.09883488187404
    1     -1     69102.0000000000       0.00000000000000       0.00000000000000       0.00000000000000
    1     -1     69102.0000000000       0.00000000000000       0.00000000000000       0.00000000000000
    1     -1     69102.0000000000       0.46340670414478      -0.36852768884449      -0.09716773326885
    1     -1     69103.0000000000       0.46340670414478      -0.36852768884449      -0.09716773326885
    1     -1     69104.0000000000       0.46340670414478      -0.36852768884449      -0.09716773326885
    1     -1     69104.0000000000       0.00000000000000       0.00000000000000       0.00000000000000
    1     -1     69104.0000000000       0.00000000000000       0.00000000000000       0.00000000000000
    1     -1     69104.0000000000       0.46606481887919      -0.36560781504375      -0.09546994009659
    1     -1     69105.0000000000       0.46606481887919      -0.36560781504375      -0.09546994009659
    1     -1     69106.0000000000       0.46606481887919      -0.36560781504375      -0.09546994009659
    1     -1     69106.0000000000       0.00000000000000       0.00000000000000       0.00000000000000
    1     -1     69106.0000000000       0.00000000000000       0.00000000000000       0.00000000000000
    1     -1     69106.0000000000       0.46871415229127      -0.36265637385162      -0.09374111812150
    1     -1     69107.0000000000       0.46871415229127      -0.36265637385162      -0.09374111812150
    1     -1     69108.0000000000       0.46871415229127      -0.36265637385162      -0.09374111812150
    1     -1     69108.0000000000       0.00000000000000       0.00000000000000       0.00000000000000
    1     -1     69108.0000000000       0.00000000000000       0.00000000000000       0.00000000000000
    1     -1     69108.0000000000       0.47135434552103      -0.35967290362568      -0.09198088190443
    1     -1     69109.0000000000       0.47135434552103      -0.35967290362568      -0.09198088190443
    1     -1     69110.0000000000       0.47135434552103      -0.35967290362568      -0.09198088190443
    1     -1     69110.0000000000       0.00000000000000       0.00000000000000       0.00000000000000
    1     -1     69110.0000000000       0.00000000000000       0.00000000000000       0.00000000000000
    1     -1     69110.0000000000       0.47398502174101      -0.35665693693138      -0.09018884511903
    1     -1     69111.0000000000       0.47398502174101      -0.35665693693138      -0.09018884511903
    1     -1     69112.0000000000       0.47398502174101      -0.35665693693138      -0.09018884511903
    1     -1     69112.0000000000       0.00000000000000       0.00000000000000       0.00000000000000
    1     -1     69112.0000000000       0.00000000000000       0.00000000000000       0.00000000000000
    1     -1     69112.0000000000       0.47660578551147      -0.35360800085874      -0.08836462089366
    1     -1     69113.0000000000       0.47660578551147      -0.35360800085874      -0.08836462089366
    1     -1     69114.0000000000       0.47660578551147      -0.35360800085874      -0.08836462089366
    1     -1     69114.0000000000       0.00000000000000       0.00000000000000       0.00000000000000
    1     -1     69114.0000000000       0.00000000000000       0.00000000000000       0.00000000000000
    1     -1     69114.0000000000       0.47921622222413      -0.35052561725625      -0.08650782209928
    1     -1     69115.0000000000       0.47921622222413      -0.35052561725625      -0.08650782209928
    1     -1     69116.0000000000       0.47921622222413      -0.35052561725625      -0.08650782209928
    1     -1     69116.0000000000       0.00000000000000       0.00000000000000       0.00000000000000
    1     -1     69116.0000000000       0.00000000000000       0.00000000000000       0.00000000000000
    1     -1     69116.0000000000       0.48181589746781      -0.34740930307109      -0.08461806170638
    1     -1     69117.0000000000       0.48181589746781      -0.34740930307109      -0.08461806170638
    1     -1     69118.0000000000       0.48181589746781      -0.34740930307109      -0.08461806170638
    1     -1     69118.0000000000       0.00000000000000       0.00000000000000       0.00000000000000
    1     -1     69118.0000000000       0.00000000000000       0.00000000000000       0.00000000000000
    1     -1     69118.0000000000       0.48440435645138      -0.34425857064194      -0.08269495311375
    1     -1     69119.0000000000       0.48440435645138      -0.34425857064194      -0.08269495311375
    1     -1     69120.0000000000       0.48440435645138      -0.34425857064194      -0.08269495311375
    1     -1     69120.0000000000       0.00000000000000       0.00000000000000       0.00000000000000
    1     -1     69120.0000000000       0.00000000000000       0.00000000000000       0.00000000000000
    1     -1     69120.0000000000       0.48698112337678      -0.34107292806906      -0.08073811053703
    1     -1     69121.0000000000       0.48698112337678      -0.34107292806906      -0.08073811053703
    1     -1     69122.0000000000       0.48698112337678      -0.34107292806906      -0.08073811053703
    1     -1     69122.0000000000       0.00000000000000       0.00000000000000       0.00000000000000
    1     -1     69122.0000000000       0.00000000000000       0.00000000000000       0.00000000000000
    1     -1     69122.0000000000       0.48954570084310      -0.33785187956924      -0.07874714939326
    1     -1     69123.0000000000       0.48954570084310      -0.33785187956924      -0.07874714939326
    1     -1     69124.0000000000       0.48954570084310      -0.33785187956924      -0.07874714939326
    1     -1     69124.0000000000       0.00000000000000       0.00000000000000       0.00000000000000
    1     -1     69124.0000000000       0.00000000000000       0.00000000000000       0.00000000000000
    1     -1     69124.0000000000       0.49209756923246      -0.33459492587645      -0.07672168672051
    1     -1     69125.0000000000       0.49209756923246      -0.33459492587645      -0.07672168672051
    1     -1     69126.0000000000       0.49209756923246      -0.33459492587645      -0.07672168672051
    1     -1     69126.0000000000       0.00000000000000       0.00000000000000       0.00000000000000
    1     -1     69126.0000000000       0.00000000000000       0.00000000000000       0.00000000000000
    1     -1     69126.0000000000       0.49463618609391      -0.33130156467107      -0.07466134162317
    1     -1     69127.0000000000       0.49463618609391      -0.33130156467107      -0.07466134162317
    1     -1     69128.0000000000       0.49463618609391      -0.33130156467107      -0.07466134162317
    1     -1     69128.0000000000       0.00000000000000       0.00000000000000       0.00000000000000
    1     -1     69128.0000000000       0.00000000000000       0.00000000000000       0.00000000000000
    1     -1     69128.0000000000       0.49716098553210      -0.32797129103200      -0.07256573574049
    1     -1     69129.0000000000       0.49716098553210      -0.32797129103200      -0.07256573574049
    1     -1     69130.0000000000       0.49716098553210      -0.32797129103200      -0.07256573574049
    1     -1     69130.0000000000       0.00000000000000       0.00000000000000       0.00000000000000
    1     -1     69130.0000000000       0.00000000000000       0.00000000000000       0.00000000000000
    1     -1     69130.0000000000       0.49967137760059      -0.32460359791423      -0.07043449373609
    1     -1     69131.0000000000       0.49967137760059      -0.32460359791423      -0.07043449373609
    1     -1     69132.0000000000       0.49967137760059      -0.32460359791423      -0.07043449373609
    1     -1     69132.0000000000       0.00000000000000       0.00000000000000       0.00000000000000
    1     -1     69132.0000000000       0.00000000000000       0.00000000000000       0.00000000000000
    1     -1     69132.0000000000       0.50216674768689      -0.32119797667206      -0.06826724382418
    1     -1     69133.0000000000       0.50216674768689      -0.32119797667206      -0.06826724382418
    1     -1     69134.0000000000       0.50216674768689      -0.32119797667206      -0.06826724382418
    1     -1     69134.0000000000       0.00000000000000       0.00000000000000       0.00000000000000
    1     -1     69134.0000000000       0.00000000000000       0.00000000000000       0.00000000000000
    1     -1     69134.0000000000       0.50464645589892      -0.31775391761745      -0.06606361833431
    1     -1     69135.0000000000       0.50464645589892      -0.31775391761745      -0.06606361833431
    1     -1     69136.0000000000       0.50464645589892      -0.31775391761745      -0.06606361833431
    1     -1     69136.0000000000       0.00000000000000       0.00000000000000       0.00000000000000
    1     -1     69136.0000000000       0.00000000000000       0.00000000000000       0.00000000000000
    1     -1     69136.0000000000       0.50710983649383      -0.31427091056625      -0.06382325424998
    1     -1     69137.0000000000       0.50710983649383      -0.31427091056625      -0.06382325424998
    1     -1     69138.0000000000       0.50710983649383      -0.31427091056625      -0.06382325424998
    1     -1     69138.0000000000       0.00000000000000       0.00000000000000       0.00000000000000
    1     -1     69138.0000000000       0.00000000000000       0.00000000000000       0.00000000000000
    1     -1     69138.0000000000       0.50955619725379      -0.31074844549577      -0.06154579386293
    1     -1     69139.0000000000       0.50955619725379      -0.31074844549577      -0.06154579386293
    1     -1     69140.0000000000       0.50955619725379      -0.31074844549577      -0.06154579386293
    1     -1     69140.0000000000       0.00000000000000       0.00000000000000       0.00000000000000
    1     -1     69140.0000000000       0.00000000000000       0.00000000000000       0.00000000000000
    1     -1     69140.0000000000       0.51198481892287      -0.30718601317305      -0.05923088538393
    1     -1     69141.0000000000       0.51198481892287      -0.30718601317305      -0.05923088538393
    1     -1     69142.0000000000       0.51198481892287      -0.30718601317305      -0.05923088538393
    1     -1     69142.0000000000       0.00000000000000       0.00000000000000       0.00000000000000
    1     -1     69142.0000000000       0.00000000000000       0.00000000000000       0.00000000000000
    1     -1     69142.0000000000       0.51439495463374      -0.30358310584719      -0.05687818361661
    1     -1     69143.0000000000       0.51439495463374      -0.30358310584719      -0.05687818361661
    1     -1     69144.0000000000       0.51439495463374      -0.30358310584719      -0.05687818361661
    1     -1     69144.0000000000       0.00000000000000       0.00000000000000       0.00000000000000
    1     -1     69144.0000000000       0.00000000000000       0.00000000000000       0.00000000000000
    1     -1     69144.0000000000       0.51678582934697      -0.29993921798218      -0.05448735066415
    1     -1     69145.0000000000       0.51678582934697      -0.29993921798218      -0.05448735066415
    1     -1     69146.0000000000       0.51678582934697      -0.29993921798218      -0.05448735066415
    1     -1     69146.0000000000       0.00000000000000       0.00000000000000       0.00000000000000
    1     -1     69146.0000000000       0.00000000000000       0.00000000000000       0.00000000000000
    1     -1     69146.0000000000       0.51915663931274      -0.29625384702064      -0.05205805665766
    1     -1     69147.0000000000       0.51915663931274      -0.29625384702064      -0.05205805665766
    1     -1     69148.0000000000       0.51915663931274      -0.29625384702064      -0.05205805665766
    1     -1     69148.0000000000       0.00000000000000       0.00000000000000       0.00000000000000
    1     -1     69148.0000000000       0.00000000000000       0.00000000000000       0.00000000000000
    1     -1     69148.0000000000       0.52150655155204      -0.29252649418580      -0.04958998051692
    1     -1     69149.0000000000       0.52150655155204      -0.29252649418580      -0.04958998051692
    1     -1     69150.0000000000       0.52150655155204      -0.29252649418580      -0.04958998051692
    1     -1     69150.0000000000       0.00000000000000       0.00000000000000       0.00000000000000
    1     -1     69150.0000000000       0.00000000000000       0.00000000000000       0.00000000000000
    1     -1     69150.0000000000       0.52383470335033      -0.28875666533752      -0.04708281075963
    1     -1     69151.0000000000       0.52383470335033      -0.28875666533752      -0.04708281075963
    1     -1     69152.0000000000       0.52383470335033      -0.28875666533752      -0.04708281075963
    1     -1     69152.0000000000       0.00000000000000       0.00000000000000       0.00000000000000
    1     -1     69152.0000000000       0.00000000000000       0.00000000000000       0.00000000000000
    1     -1     69152.0000000000       0.52614020178896      -0.28494387185110      -0.04453624631660
    1     -1     69153.0000000000       0.52614020178896      -0.28494387185110      -0.04453624631660
    1     -1     69154.0000000000       0.52614020178896      -0.28494387185110      -0.04453624631660
    1     -1     69154.0000000000       0.00000000000000       0.00000000000000       0.00000000000000
    1     -1     69154.0000000000       0.00000000000000       0.00000000000000       0.00000000000000
    1     -1     69154.0000000000       0.52842212328950      -0.28108763155888      -0.04194999741160
    1     -1     69155.0000000000       0.52842212328950      -0.28108763155888      -0.04194999741160
    1     -1     69156.0000000000       0.52842212328950      -0.28108763155888      -0.04194999741160
    1     -1     69156.0000000000       0.00000000000000       0.00000000000000       0.00000000000000
    1     -1     69156.0000000000       0.00000000000000       0.00000000000000       0.00000000000000
    1     -1     69156.0000000000       0.53067951319989      -0.27718746971897      -0.03932378644945
    1     -1     69157.0000000000       0.53067951319989      -0.27718746971897      -0.03932378644945
    1     -1     69158.0000000000       0.53067951319989      -0.27718746971897      -0.03932378644945
    1     -1     69158.0000000000       0.00000000000000       0.00000000000000       0.00000000000000
    1     -1     69158.0000000000       0.00000000000000       0.00000000000000       0.00000000000000
    1     -1     69158.0000000000       0.53291138540862      -0.27324292003607      -0.03665734894987
    1     -1     69159.0000000000       0.53291138540862      -0.27324292003607      -0.03665734894987
    1     -1     69160.0000000000       0.53291138540862      -0.27324292003607      -0.03665734894987
    1     -1     69160.0000000000       0.00000000000000       0.00000000000000       0.00000000000000
    1     -1     69160.0000000000       0.00000000000000       0.00000000000000       0.00000000000000
    1     -1     69160.0000000000       0.53511672199601      -0.26925352572688      -0.03395043451690
    1     -1     69161.0000000000       0.53511672199601      -0.26925352572688      -0.03395043451690
    1     -1     69162.0000000000       0.53511672199601      -0.26925352572688      -0.03395043451690
    1     -1     69162.0000000000       0.00000000000000       0.00000000000000       0.00000000000000
    1     -1     69162.0000000000       0.00000000000000       0.00000000000000       0.00000000000000
    1     -1     69162.0000000000       0.53729447293113      -0.26521884062297      -0.03120280782667
    1     -1     69163.0000000000       0.53729447293113      -0.26521884062297      -0.03120280782667
    1     -1     69164.0000000000       0.53729447293113      -0.26521884062297      -0.03120280782667
    1     -1     69164.0000000000       0.00000000000000       0.00000000000000       0.00000000000000
    1     -1     69164.0000000000       0.00000000000000       0.00000000000000       0.00000000000000
    1     -1     69164.0000000000       0.53944355580298      -0.26113843033485      -0.02841424968010
    1     -1     69165.0000000000       0.53944355580298      -0.26113843033485      -0.02841424968010
    1     -1     69166.0000000000       0.53944355580298      -0.26113843033485      -0.02841424968010
    1     -1     69166.0000000000       0.00000000000000       0.00000000000000       0.00000000000000
    1     -1     69166.0000000000       0.00000000000000       0.00000000000000       0.00000000000000
    1     -1     69166.0000000000       0.54156285561601      -0.25701187343579      -0.02558455803924
    1     -1     69167.0000000000       0.54156285561601      -0.25701187343579      -0.02558455803924
    1     -1     69168.0000000000       0.54156285561601      -0.25701187343579      -0.02558455803924
    1     -1     69168.0000000000       0.00000000000000       0.00000000000000       0.00000000000000
    1     -1     69168.0000000000       0.00000000000000       0.00000000000000       0.00000000000000
    1     -1     69168.0000000000       0.54365122462366      -0.25283876271382      -0.02271354914006
    1     -1     69169.0000000000       0.54365122462366      -0.25283876271382      -0.02271354914006
    1     -1     69170.0000000000       0.54365122462366      -0.25283876271382      -0.02271354914006
    1     -1     69170.0000000000       0.00000000000000       0.00000000000000       0.00000000000000
    1     -1     69170.0000000000       0.00000000000000       0.00000000000000       0.00000000000000
    1     -1     69170.0000000000       0.54570748222257      -0.24861870646334      -0.01980105862826
    1     -1     69171.0000000000       0.54570748222257      -0.24861870646334      -0.01980105862826
    1     -1     69172.0000000000       0.54570748222257      -0.24861870646334      -0.01980105862826
    1     -1     69172.0000000000       0.00000000000000       0.00000000000000       0.00000000000000
    1     -1     69172.0000000000       0.00000000000000       0.00000000000000       0.00000000000000
    1     -1     69172.0000000000       0.54773041491617      -0.24435132980542      -0.01684694269251
    1     -1     69173.0000000000       0.54773041491617      -0.24435132980542      -0.01684694269251
    1     -1     69174.0000000000       0.54773041491617      -0.24435132980542      -0.01684694269251
    1     -1     69174.0000000000       0.00000000000000       0.00000000000000       0.00000000000000
    1     -1     69174.0000000000       0.00000000000000       0.00000000000000       0.00000000000000
    1     -1     69174.0000000000       0.54971877633141      -0.24003627607426      -0.01385107927568
    1     -1     69175.0000000000       0.54971877633141      -0.24003627607426      -0.01385107927568
    1     -1     69176.0000000000       0.54971877633141      -0.24003627607426      -0.01385107927568
    1     -1     69176.0000000000       0.00000000000000       0.00000000000000       0.00000000000000
    1     -1     69176.0000000000       0.00000000000000       0.00000000000000       0.00000000000000
    1     -1     69176.0000000000       0.55167128731652      -0.23567320822602      -0.01081336927075
    1     -1     69177.0000000000       0.55167128731652      -0.23567320822602      -0.01081336927075
    1     -1     69178.0000000000       0.55167128731652      -0.23567320822602      -0.01081336927075
    1     -1     69178.0000000000       0.00000000000000       0.00000000000000       0.00000000000000
    1     -1     69178.0000000000       0.00000000000000       0.00000000000000       0.00000000000000
    1     -1     69178.0000000000       0.55358663610786      -0.23126181029942      -0.00773373776539
    1     -1     69179.0000000000       0.55358663610786      -0.23126181029942      -0.00773373776539
    1     -1     69180.0000000000       0.55358663610786      -0.23126181029942      -0.00773373776539
    1     -1     69180.0000000000       0.00000000000000       0.00000000000000       0.00000000000000
    1     -1     69180.0000000000       0.00000000000000       0.00000000000000       0.00000000000000
    1     -1     69180.0000000000       0.55546347858006      -0.22680178890784      -0.00461213529108
    1     -1     69181.0000000000       0.55546347858006      -0.22680178890784      -0.00461213529108
    1     -1     69182.0000000000       0.55546347858006      -0.22680178890784      -0.00461213529108
    1     -1     69182.0000000000       0.00000000000000       0.00000000000000       0.00000000000000
    1     -1     69182.0000000000       0.00000000000000       0.00000000000000       0.00000000000000
    1     -1     69182.0000000000       0.55730043857438      -0.22229287478274      -0.00144853913585
    1     -1     69183.0000000000       0.55730043857438      -0.22229287478274      -0.00144853913585
    1     -1     69184.0000000000       0.55730043857438      -0.22229287478274      -0.00144853913585
    1     -1     69184.0000000000       0.00000000000000       0.00000000000000       0.00000000000000
    1     -1     69184.0000000000       0.00000000000000       0.00000000000000       0.00000000000000
    1     -1     69184.0000000000       0.55909610832606      -0.21773482433033       0.00175704538618
    1     -1     69185.0000000000       0.55909610832606      -0.21773482433033       0.00175704538618
    1     -1     69186.0000000000       0.55909610832606      -0.21773482433033       0.00175704538618
    1     -1     69186.0000000000       0.00000000000000       0.00000000000000       0.00000000000000
    1     -1     69186.0000000000       0.00000000000000       0.00000000000000       0.00000000000000
    1     -1     69186.0000000000       0.56084904897950      -0.21312742123349       0.00500458361429
    1     -1     69187.0000000000       0.56084904897950      -0.21312742123349       0.00500458361429
    1     -1     69188.0000000000       0.56084904897950      -0.21312742123349       0.00500458361429
    1     -1     69188.0000000000       0.00000000000000       0.00000000000000       0.00000000000000
    1     -1     69188.0000000000       0.00000000000000       0.00000000000000       0.00000000000000
    1     -1     69188.0000000000       0.56255779120335      -0.20847047808019       0.00829401021354
    1     -1     69189.0000000000       0.56255779120335      -0.20847047808019       0.00829401021354
    1     -1     69190.0000000000       0.56255779120335      -0.20847047808019       0.00829401021354
    1     -1     69190.0000000000       0.00000000000000       0.00000000000000       0.00000000000000
    1     -1     69190.0000000000       0.00000000000000       0.00000000000000       0.00000000000000
    1     -1     69190.0000000000       0.56422083590883      -0.20376383801952       0.01162522782134
    1     -1     69191.0000000000       0.56422083590883      -0.20376383801952       0.01162522782134
    1     -1     69192.0000000000       0.56422083590883      -0.20376383801952       0.01162522782134
    1     -1     69192.0000000000       0.00000000000000       0.00000000000000       0.00000000000000
    1     -1     69192.0000000000       0.00000000000000       0.00000000000000       0.00000000000000
    1     -1     69192.0000000000       0.56583665507936      -0.19900737642597       0.01499810576864
    1     -1     69193.0000000000       0.56583665507936      -0.19900737642597       0.01499810576864
    1     -1     69194.0000000000       0.56583665507936      -0.19900737642597       0.01499810576864
    1     -1     69194.0000000000       0.00000000000000       0.00000000000000       0.00000000000000
    1     -1     69194.0000000000       0.00000000000000       0.00000000000000       0.00000000000000
    1     -1     69194.0000000000       0.56740369270407      -0.19420100261214       0.01841247865501
    1     -1     69195.0000000000       0.56740369270407      -0.19420100261214       0.01841247865501
    1     -1     69196.0000000000       0.56740369270407      -0.19420100261214       0.01841247865501
    1     -1     69196.0000000000       0.00000000000000       0.00000000000000       0.00000000000000
    1     -1     69196.0000000000       0.00000000000000       0.00000000000000       0.00000000000000
    1     -1     69196.0000000000       0.56892036583307      -0.18934466153697       0.02186814504740
    1     -1     69197.0000000000       0.56892036583307      -0.18934466153697       0.02186814504740
    1     -1     69198.0000000000       0.56892036583307      -0.18934466153697       0.02186814504740
    1     -1     69198.0000000000       0.00000000000000       0.00000000000000       0.00000000000000
    1     -1     69198.0000000000       0.00000000000000       0.00000000000000       0.00000000000000
    1     -1     69198.0000000000       0.57038506574849      -0.18443833553967       0.02536486614297
    1     -1     69199.0000000000       0.57038506574849      -0.18443833553967       0.02536486614297
    1     -1     69200.0000000000       0.57038506574849      -0.18443833553967       0.02536486614297
    1     -1     69200.0000000000       0.00000000000000       0.00000000000000       0.00000000000000
    1     -1     69200.0000000000       0.00000000000000       0.00000000000000       0.00000000000000
    1     -1     69200.0000000000       0.57179615926067      -0.17948204609449       0.02890236434080
    1     -1     69201.0000000000       0.57179615926067      -0.17948204609449       0.02890236434080
    1     -1     69202.0000000000       0.57179615926067      -0.17948204609449       0.02890236434080
    1     -1     69202.0000000000       0.00000000000000       0.00000000000000       0.00000000000000
    1     -1     69202.0000000000       0.00000000000000       0.00000000000000       0.00000000000000
    1     -1     69202.0000000000       0.57315199013953      -0.17447585553023       0.03248032198262
    1     -1     69203.0000000000       0.57315199013953      -0.17447585553023       0.03248032198262
    1     -1     69204.0000000000       0.57315199013953      -0.17447585553023       0.03248032198262
    1     -1     69204.0000000000       0.00000000000000       0.00000000000000       0.00000000000000
    1     -1     69204.0000000000       0.00000000000000       0.00000000000000       0.00000000000000
    1     -1     69204.0000000000       0.57445088069126      -0.16941986867682       0.03609838016531
    1     -1     69205.0000000000       0.57445088069126      -0.16941986867682       0.03609838016531
    1     -1     69206.0000000000       0.57445088069126      -0.16941986867682       0.03609838016531
    1     -1     69206.0000000000       0.00000000000000       0.00000000000000       0.00000000000000
    1     -1     69206.0000000000       0.00000000000000       0.00000000000000       0.00000000000000
    1     -1     69206.0000000000       0.57569113349476      -0.16431423431226       0.03975613786437
    1     -1     69207.0000000000       0.57569113349476      -0.16431423431226       0.03975613786437
    1     -1     69208.0000000000       0.57569113349476      -0.16431423431226       0.03975613786437
    1     -1     69208.0000000000       0.00000000000000       0.00000000000000       0.00000000000000
    1     -1     69208.0000000000       0.00000000000000       0.00000000000000       0.00000000000000
    1     -1     69208.0000000000       0.57687103329111      -0.15915914627594       0.04345315162749
    1     -1     69209.0000000000       0.57687103329111      -0.15915914627594       0.04345315162749
    1     -1     69210.0000000000       0.57687103329111      -0.15915914627594       0.04345315162749
    1     -1     69210.0000000000       0.00000000000000       0.00000000000000       0.00000000000000
    1     -1     69210.0000000000       0.00000000000000       0.00000000000000       0.00000000000000
    1     -1     69210.0000000000       0.57798884899941      -0.15395484411879       0.04718893604114
    1     -1     69211.0000000000       0.57798884899941      -0.15395484411879       0.04718893604114
    1     -1     69212.0000000000       0.57798884899941      -0.15395484411879       0.04718893604114
    1     -1     69212.0000000000       0.00000000000000       0.00000000000000       0.00000000000000
    1     -1     69212.0000000000       0.00000000000000       0.00000000000000       0.00000000000000
    1     -1     69212.0000000000       0.57904283583810      -0.14870161331731       0.05096296440951
    1     -1     69213.0000000000       0.57904283583810      -0.14870161331731       0.05096296440951
    1     -1     69214.0000000000       0.57904283583810      -0.14870161331731       0.05096296440951
    1     -1     69214.0000000000       0.00000000000000       0.00000000000000       0.00000000000000
    1     -1     69214.0000000000       0.00000000000000       0.00000000000000       0.00000000000000
    1     -1     69214.0000000000       0.58003123835867      -0.14339978114912       0.05477467092092
    1     -1     69215.0000000000       0.58003123835867      -0.14339978114912       0.05477467092092
    1     -1     69216.0000000000       0.58003123835867      -0.14339978114912       0.05477467092092
    1     -1     69216.0000000000       0.00000000000000       0.00000000000000       0.00000000000000
    1     -1     69216.0000000000       0.00000000000000       0.00000000000000       0.00000000000000
    1     -1     69216.0000000000       0.58095229616850      -0.13804979546040       0.05862322773347
    1     -1     69217.0000000000       0.58095229616850      -0.13804979546040       0.05862322773347
    1     -1     69218.0000000000       0.58095229616850      -0.13804979546040       0.05862322773347
    1     -1     69218.0000000000       0.00000000000000       0.00000000000000       0.00000000000000
    1     -1     69218.0000000000       0.00000000000000       0.00000000000000       0.00000000000000
    1     -1     69218.0000000000       0.33060347266180      -0.07537821671181       0.03551946321410
    1     -1     69219.0000000000       0.33060347266180      -0.07537821671181       0.03551946321410
    1     -1     69220.0000000000       0.33060347266180      -0.07537821671181       0.03551946321410
    1     -1     69220.0000000000       0.00000000000000       0.00000000000000       0.00000000000000
    1     -1     69520.0000000000       0.00000000000000       0.00000000000000       0.00000000000000
    1     -1     69520.0000000000      -0.14086152806816       0.38181430680218       0.27361257893463
    1     -1     69521.0000000000      -0.14086152806816       0.38181430680218       0.27361257893463
    1     -1     69522.0000000000      -0.14086152806816       0.38181430680218       0.27361257893463
    1     -1     69522.0000000000       0.00000000000000       0.00000000000000       0.00000000000000
    1     -1     69522.0000000000       0.00000000000000       0.00000000000000       0.00000000000000
    1     -1     69522.0000000000      -0.18190195566526       0.46585792435443       0.33149369846399
    1     -1     69523.0000000000      -0.18190195566526       0.46585792435443       0.33149369846399
    1     -1     69524.0000000000      -0.18190195566526       0.46585792435443       0.33149369846399
    1     -1     69524.0000000000       0.00000000000000       0.00000000000000       0.00000000000000
    1     -1     69524.0000000000       0.00000000000000       0.00000000000000       0.00000000000000
    1     -1     69524.0000000000      -0.19154968725416       0.46438458007058       0.32810924763790
    1     -1     69525.0000000000      -0.19154968725416       0.46438458007058       0.32810924763790
    1     -1     69526.0000000000      -0.19154968725416       0.46438458007058       0.32810924763790
    1     -1     69526.0000000000       0.00000000000000       0.00000000000000       0.00000000000000
    1     -1     69526.0000000000       0.00000000000000       0.00000000000000       0.00000000000000
    1     -1     69526.0000000000      -0.20128690891615       0.46272250827642       0.32460970397288
    1     -1     69527.0000000000      -0.20128690891615       0.46272250827642       0.32460970397288
    1     -1     69528.0000000000      -0.20128690891615       0.46272250827642       0.32460970397288
    1     -1     69528.0000000000       0.00000000000000       0.00000000000000       0.00000000000000
    1     -1     69528.0000000000       0.00000000000000       0.00000000000000       0.00000000000000
    1     -1     69528.0000000000      -0.21111229515928       0.46086352037817       0.32099285614671
    1     -1     69529.0000000000      -0.21111229515928       0.46086352037817       0.32099285614671
    1     -1     69530.0000000000      -0.21111229515928       0.46086352037817       0.32099285614671
    1     -1     69530.0000000000       0.00000000000000       0.00000000000000       0.00000000000000
    1     -1     69530.0000000000       0.00000000000000       0.00000000000000       0.00000000000000
    1     -1     69530.0000000000      -0.22102412021279       0.45879927927488       0.31725629844183
    1     -1     69531.0000000000      -0.22102412021279       0.45879927927488       0.31725629844183
    1     -1     69532.0000000000      -0.22102412021279       0.45879927927488       0.31725629844183
    1     -1     69532.0000000000       0.00000000000000       0.00000000000000       0.00000000000000
    1     -1     69532.0000000000       0.00000000000000       0.00000000000000       0.00000000000000
    1     -1     69532.0000000000      -0.23102020553688       0.45652122228199       0.31339757101780
    1     -1     69533.0000000000      -0.23102020553688       0.45652122228199       0.31339757101780
    1     -1     69534.0000000000      -0.23102020553688       0.45652122228199       0.31339757101780
    1     -1     69534.0000000000       0.00000000000000       0.00000000000000       0.00000000000000
    1     -1     69534.0000000000       0.00000000000000       0.00000000000000       0.00000000000000
    1     -1     69534.0000000000      -0.24109791305901       0.45402054016938       0.30941419602677
    1     -1     69535.0000000000      -0.24109791305901       0.45402054016938       0.30941419602677
    1     -1     69536.0000000000      -0.24109791305901       0.45402054016938       0.30941419602677
    1     -1     69536.0000000000       0.00000000000000       0.00000000000000       0.00000000000000
    1     -1     69536.0000000000       0.00000000000000       0.00000000000000       0.00000000000000
    1     -1     69536.0000000000      -0.25125411247791       0.45128819711447       0.30530367404948
    1     -1     69537.0000000000      -0.25125411247791       0.45128819711447       0.30530367404948
    1     -1     69538.0000000000      -0.25125411247791       0.45128819711447       0.30530367404948
    1     -1     69538.0000000000       0.00000000000000       0.00000000000000       0.00000000000000
    1     -1     69538.0000000000       0.00000000000000       0.00000000000000       0.00000000000000
    1     -1     69538.0000000000      -0.26148514113257       0.44831495857187       0.30106347863463
    1     -1     69539.0000000000      -0.26148514113257       0.44831495857187       0.30106347863463
    1     -1     69540.0000000000      -0.26148514113257       0.44831495857187       0.30106347863463
    1     -1     69540.0000000000       0.00000000000000       0.00000000000000       0.00000000000000
    1     -1     69540.0000000000       0.00000000000000       0.00000000000000       0.00000000000000
    1     -1     69540.0000000000      -0.27178676420402       0.44509141837745       0.29669105711204
    1     -1     69541.0000000000      -0.27178676420402       0.44509141837745       0.29669105711204
    1     -1     69542.0000000000      -0.27178676420402       0.44509141837745       0.29669105711204
    1     -1     69542.0000000000       0.00000000000000       0.00000000000000       0.00000000000000
    1     -1     69542.0000000000       0.00000000000000       0.00000000000000       0.00000000000000
    1     -1     69542.0000000000      -0.28215413649369       0.44160802680978       0.29218383459163
    1     -1     69543.0000000000      -0.28215413649369       0.44160802680978       0.29218383459163
    1     -1     69544.0000000000      -0.28215413649369       0.44160802680978       0.29218383459163
    1     -1     69544.0000000000       0.00000000000000       0.00000000000000       0.00000000000000
    1     -1     69544.0000000000       0.00000000000000       0.00000000000000       0.00000000000000
    1     -1     69544.0000000000      -0.29258176471623       0.43785512232487       0.28753921835014
    1     -1     69545.0000000000      -0.29258176471623       0.43785512232487       0.28753921835014
    1     -1     69546.0000000000      -0.29258176471623       0.43785512232487       0.28753921835014
    1     -1     69546.0000000000       0.00000000000000       0.00000000000000       0.00000000000000
    1     -1     69546.0000000000       0.00000000000000       0.00000000000000       0.00000000000000
    1     -1     69546.0000000000      -0.30306346932391       0.43382296769045       0.28275460304936
    1     -1     69547.0000000000      -0.30306346932391       0.43382296769045       0.28275460304936
    1     -1     69548.0000000000      -0.30306346932391       0.43382296769045       0.28275460304936
    1     -1     69548.0000000000       0.00000000000000       0.00000000000000       0.00000000000000
    1     -1     69548.0000000000       0.00000000000000       0.00000000000000       0.00000000000000
    1     -1     69548.0000000000      -0.31359234521281       0.42950178871561       0.27782738128921
    1     -1     69549.0000000000      -0.31359234521281       0.42950178871561       0.27782738128921
    1     -1     69550.0000000000      -0.31359234521281       0.42950178871561       0.27782738128921
    1     -1     69550.0000000000       0.00000000000000       0.00000000000000       0.00000000000000
    1     -1     69550.0000000000       0.00000000000000       0.00000000000000       0.00000000000000
    1     -1     69550.0000000000      -0.10643239404751       0.13950319053060       0.08955494730506
    1     -1     69551.0000000000      -0.10643239404751       0.13950319053060       0.08955494730506
    1     -1     69552.0000000000      -0.10643239404751       0.13950319053060       0.08955494730506
    1     -1     69552.0000000000       0.00000000000000       0.00000000000000       0.00000000000000
    1     -3     69623.0000000000       25880696.421941482     -149834485.108285844          12167.055109484       34.8519305095509        4.5317731536030        0.2592830147661        1086.1299618874
    1     -3     69623.0000000000       25880696.421941482     -149834485.108285844          12167.055109484       34.8519305095509        4.5317731536030        0.2592830147661         503.4879358778