    1      0     64343.0000000000      -62598671.647145219      133190036.146134615         -11857.928355634      -27.4437476989771      -12.7734909873904        0.0002565812559        3000.0000000000
    1      0     64343.0000000000      -62598671.647145219      133190036.146134615         -11857.928355634      -33.4084883278579      -13.3638686850437        0.2710395280814        3000.0000000000
    1     -1     64343.0000000000       0.00000000000000       0.00000000000000       0.00000000000000
    1     -1     64343.0000000000      -0.59582816422358      -0.06496800308997       0.02771202938179
    1     -1     64344.0000000000      -0.59582816422358      -0.06496800308997       0.02771202938179
    1     -1     64345.0000000000      -0.59582816422358      -0.06496800308997       0.02771202938179
    1     -1     64345.0000000000       0.00000000000000       0.00000000000000       0.00000000000000
    1     -1     64345.0000000000       0.00000000000000       0.00000000000000       0.00000000000000
    1     -1     64345.0000000000      -0.59436877182910      -0.07671051171109       0.02900447805761
    1     -1     64346.0000000000      -0.59436877182910      -0.07671051171109       0.02900447805761
    1     -1     64347.0000000000      -0.59436877182910      -0.07671051171109       0.02900447805761
    1     -1     64347.0000000000       0.00000000000000       0.00000000000000       0.00000000000000
    1     -1     64347.0000000000       0.00000000000000       0.00000000000000       0.00000000000000
    1     -1     64347.0000000000      -0.59270604656643      -0.08820199898016       0.03033066137591
    1     -1     64348.0000000000      -0.59270604656643      -0.08820199898016       0.03033066137591
    1     -1     64349.0000000000      -0.59270604656643      -0.08820199898016       0.03033066137591
    1     -1     64349.0000000000       0.00000000000000       0.00000000000000       0.00000000000000
    1     -1     64349.0000000000       0.00000000000000       0.00000000000000       0.00000000000000
    1     -1     64349.0000000000      -0.59085600410642      -0.09942218941001       0.03169242723916
    1     -1     64350.0000000000      -0.59085600410642      -0.09942218941001       0.03169242723916
    1     -1     64351.0000000000      -0.59085600410642      -0.09942218941001       0.03169242723916
    1     -1     64351.0000000000       0.00000000000000       0.00000000000000       0.00000000000000
    1     -1     64351.0000000000       0.00000000000000       0.00000000000000       0.00000000000000
    1     -1     64351.0000000000      -0.58883544849400      -0.11035286018222       0.03309169271100
    1     -1     64352.0000000000      -0.58883544849400      -0.11035286018222       0.03309169271100
    1     -1     64353.0000000000      -0.58883544849400      -0.11035286018222       0.03309169271100
    1     -1     64353.0000000000       0.00000000000000       0.00000000000000       0.00000000000000
    1     -1     64353.0000000000       0.00000000000000       0.00000000000000       0.00000000000000
    1     -1     64353.0000000000      -0.58666172453482      -0.12097796624877       0.03453044928956
    1     -1     64354.0000000000      -0.58666172453482      -0.12097796624877       0.03453044928956
    1     -1     64355.0000000000      -0.58666172453482      -0.12097796624877       0.03453044928956
    1     -1     64355.0000000000       0.00000000000000       0.00000000000000       0.00000000000000
    1     -1     64355.0000000000       0.00000000000000       0.00000000000000       0.00000000000000
    1     -1     64355.0000000000      -0.58435246979306      -0.13128371813432       0.03601077171605
    1     -1     64356.0000000000      -0.58435246979306      -0.13128371813432       0.03601077171605
    1     -1     64357.0000000000      -0.58435246979306      -0.13128371813432       0.03601077171605
    1     -1     64357.0000000000       0.00000000000000       0.00000000000000       0.00000000000000
    1     -1     64357.0000000000       0.00000000000000       0.00000000000000       0.00000000000000
    1     -1     64357.0000000000      -0.58192537291726      -0.14125861408543       0.03753483158043
    1     -1     64358.0000000000      -0.58192537291726      -0.14125861408543       0.03753483158043
    1     -1     64359.0000000000      -0.58192537291726      -0.14125861408543       0.03753483158043
    1     -1     64359.0000000000       0.00000000000000       0.00000000000000       0.00000000000000
    1     -1     64359.0000000000       0.00000000000000       0.00000000000000       0.00000000000000
    1     -1     64359.0000000000      -0.57939793972219      -0.15089344755219       0.03910491288177
    1     -1     64360.0000000000      -0.57939793972219      -0.15089344755219       0.03910491288177
    1     -1     64361.0000000000      -0.57939793972219      -0.15089344755219       0.03910491288177
    1     -1     64361.0000000000       0.00000000000000       0.00000000000000       0.00000000000000
    1     -1     64361.0000000000       0.00000000000000       0.00000000000000       0.00000000000000
    1     -1     64361.0000000000      -0.57678727132804      -0.16018128825900       0.04072343067135
    1     -1     64362.0000000000      -0.57678727132804      -0.16018128825900       0.04072343067135
    1     -1     64363.0000000000      -0.57678727132804      -0.16018128825900       0.04072343067135
    1     -1     64363.0000000000       0.00000000000000       0.00000000000000       0.00000000000000
    1     -1     64363.0000000000       0.00000000000000       0.00000000000000       0.00000000000000
    1     -1     64363.0000000000      -0.57410985794480      -0.16911743785416       0.04239295347392
    1     -1     64364.0000000000      -0.57410985794480      -0.16911743785416       0.04239295347392
    1     -1     64365.0000000000      -0.57410985794480      -0.16911743785416       0.04239295347392
    1     -1     64365.0000000000       0.00000000000000       0.00000000000000       0.00000000000000
    1     -1     64365.0000000000       0.00000000000000       0.00000000000000       0.00000000000000
    1     -1     64365.0000000000      -0.57138139080969      -0.17769936343780       0.04411623000874
    1     -1     64366.0000000000      -0.57138139080969      -0.17769936343780       0.04411623000874
    1     -1     64367.0000000000      -0.57138139080969      -0.17769936343780       0.04411623000874
    1     -1     64367.0000000000       0.00000000000000       0.00000000000000       0.00000000000000
    1     -1     64367.0000000000       0.00000000000000       0.00000000000000       0.00000000000000
    1     -1     64367.0000000000      -0.56861659388641      -0.18592661282099       0.04589622078052
    1     -1     64368.0000000000      -0.56861659388641      -0.18592661282099       0.04589622078052
    1     -1     64369.0000000000      -0.56861659388641      -0.18592661282099       0.04589622078052
    1     -1     64369.0000000000       0.00000000000000       0.00000000000000       0.00000000000000
    1     -1     64369.0000000000       0.00000000000000       0.00000000000000       0.00000000000000
    1     -1     64369.0000000000      -0.56582907618487      -0.19380071520519       0.04773613526176
    1     -1     64370.0000000000      -0.56582907618487      -0.19380071520519       0.04773613526176
    1     -1     64371.0000000000      -0.56582907618487      -0.19380071520519       0.04773613526176
    1     -1     64371.0000000000       0.00000000000000       0.00000000000000       0.00000000000000
    1     -1     64371.0000000000       0.00000000000000       0.00000000000000       0.00000000000000
    1     -1     64371.0000000000      -0.56303120455188      -0.20132507163235       0.04963947535063
    1     -1     64372.0000000000      -0.56303120455188      -0.20132507163235       0.04963947535063
    1     -1     64373.0000000000      -0.56303120455188      -0.20132507163235       0.04963947535063
    1     -1     64373.0000000000       0.00000000000000       0.00000000000000       0.00000000000000
    1     -1     64373.0000000000       0.00000000000000       0.00000000000000       0.00000000000000
    1     -1     64373.0000000000      -0.56023399646958      -0.20850483800430       0.05161008630609
    1     -1     64374.0000000000      -0.56023399646958      -0.20850483800430       0.05161008630609
    1     -1     64375.0000000000      -0.56023399646958      -0.20850483800430       0.05161008630609
    1     -1     64375.0000000000       0.00000000000000       0.00000000000000       0.00000000000000
    1     -1     64375.0000000000       0.00000000000000       0.00000000000000       0.00000000000000
    1     -1     64375.0000000000      -0.55744703096862      -0.21534680556716       0.05365221594948
    1     -1     64376.0000000000      -0.55744703096862      -0.21534680556716       0.05365221594948
    1     -1     64377.0000000000      -0.55744703096862      -0.21534680556716       0.05365221594948
    1     -1     64377.0000000000       0.00000000000000       0.00000000000000       0.00000000000000
    1     -1     64377.0000000000       0.00000000000000       0.00000000000000       0.00000000000000
    1     -1     64377.0000000000      -0.55467837603452      -0.22185928064233       0.05577058393610
    1     -1     64378.0000000000      -0.55467837603452      -0.22185928064233       0.05577058393610
    1     -1     64379.0000000000      -0.55467837603452      -0.22185928064233       0.05577058393610
    1     -1     64379.0000000000       0.00000000000000       0.00000000000000       0.00000000000000
    1     -1     64379.0000000000       0.00000000000000       0.00000000000000       0.00000000000000
    1     -1     64379.0000000000      -0.55193452943693      -0.22805196770287       0.05797046249674
    1     -1     64380.0000000000      -0.55193452943693      -0.22805196770287       0.05797046249674
    1     -1     64381.0000000000      -0.55193452943693      -0.22805196770287       0.05797046249674
    1     -1     64381.0000000000       0.00000000000000       0.00000000000000       0.00000000000000
    1     -1     64381.0000000000       0.00000000000000       0.00000000000000       0.00000000000000
    1     -1     64381.0000000000      -0.54922036974914      -0.23393585829461       0.06025777075687
    1     -1     64382.0000000000      -0.54922036974914      -0.23393585829461       0.06025777075687
    1     -1     64383.0000000000      -0.54922036974914      -0.23393585829461       0.06025777075687
    1     -1     64383.0000000000       0.00000000000000       0.00000000000000       0.00000000000000
    1     -1     64383.0000000000       0.00000000000000       0.00000000000000       0.00000000000000
    1     -1     64383.0000000000      -0.54653911401818      -0.23952312745698       0.06263918535114
    1     -1     64384.0000000000      -0.54653911401818      -0.23952312745698       0.06263918535114
    1     -1     64385.0000000000      -0.54653911401818      -0.23952312745698       0.06263918535114
    1     -1     64385.0000000000       0.00000000000000       0.00000000000000       0.00000000000000
    1     -1     64385.0000000000       0.00000000000000       0.00000000000000       0.00000000000000
    1     -1     64385.0000000000      -0.54389227764564      -0.24482704015105       0.06512226968031
    1     -1     64386.0000000000      -0.54389227764564      -0.24482704015105       0.06512226968031
    1     -1     64387.0000000000      -0.54389227764564      -0.24482704015105       0.06512226968031
    1     -1     64387.0000000000       0.00000000000000       0.00000000000000       0.00000000000000
    1     -1     64387.0000000000       0.00000000000000       0.00000000000000       0.00000000000000
    1     -1     64387.0000000000      -0.54127963511665      -0.24986186228393       0.06771562348527
    1     -1     64388.0000000000      -0.54127963511665      -0.24986186228393       0.06771562348527
    1     -1     64389.0000000000      -0.54127963511665      -0.24986186228393       0.06771562348527
    1     -1     64389.0000000000       0.00000000000000       0.00000000000000       0.00000000000000
    1     -1     64389.0000000000       0.00000000000000       0.00000000000000       0.00000000000000
    1     -1     64389.0000000000      -0.53869898528286      -0.25464310893628       0.07042932348451
    1     -1     64390.0000000000      -0.53869898528286      -0.25464310893628       0.07042932348451
    1     -1     64391.0000000000      -0.53869898528286      -0.25464310893628       0.07042932348451
    1     -1     64391.0000000000       0.00000000000000       0.00000000000000       0.00000000000000
    1     -1     64391.0000000000       0.00000000000000       0.00000000000000       0.00000000000000
    1     -1     64391.0000000000      -0.50771496131511      -0.24544140148507       0.06938827092057
    1     -1     64392.0000000000      -0.50771496131511      -0.24544140148507       0.06938827092057
    1     -1     64393.0000000000      -0.50771496131511      -0.24544140148507       0.06938827092057
    1     -1     64393.0000000000       0.00000000000000       0.00000000000000       0.00000000000000
    1     -1     64507.0000000000       0.00000000000000       0.00000000000000       0.00000000000000
    1     -1     64507.0000000000       0.28325290232683       0.13010765213238       0.01253480164617
    1     -1     64508.0000000000       0.28325290232683       0.13010765213238       0.01253480164617
    1     -1     64509.0000000000       0.28325290232683       0.13010765213238       0.01253480164617
    1     -1     64509.0000000000       0.00000000000000       0.00000000000000       0.00000000000000
    1     -1     64509.0000000000       0.00000000000000       0.00000000000000       0.00000000000000
    1     -1     64509.0000000000       0.54408012256794       0.25197336779560       0.02205088270787
    1     -1     64510.0000000000       0.54408012256794       0.25197336779560       0.02205088270787
    1     -1     64511.0000000000       0.54408012256794       0.25197336779560       0.02205088270787
    1     -1     64511.0000000000       0.00000000000000       0.00000000000000       0.00000000000000
    1     -1     64511.0000000000       0.00000000000000       0.00000000000000       0.00000000000000
    1     -1     64511.0000000000       0.54336814374896       0.25366533149911       0.02012359893889
    1     -1     64512.0000000000       0.54336814374896       0.25366533149911       0.02012359893889
    1     -1     64513.0000000000       0.54336814374896       0.25366533149911       0.02012359893889
    1     -1     64513.0000000000       0.00000000000000       0.00000000000000       0.00000000000000
    1     -1     64513.0000000000       0.00000000000000       0.00000000000000       0.00000000000000
    1     -1     64513.0000000000       0.54265515418971       0.25532319265924       0.01831529965985
    1     -1     64514.0000000000       0.54265515418971       0.25532319265924       0.01831529965985
    1     -1     64515.0000000000       0.54265515418971       0.25532319265924       0.01831529965985
    1     -1     64515.0000000000       0.00000000000000       0.00000000000000       0.00000000000000
    1     -1     64515.0000000000       0.00000000000000       0.00000000000000       0.00000000000000
    1     -1     64515.0000000000       0.54194053541600       0.25695207476840       0.01661585463443
    1     -1     64516.0000000000       0.54194053541600       0.25695207476840       0.01661585463443
    1     -1     64517.0000000000       0.54194053541600       0.25695207476840       0.01661585463443
    1     -1     64517.0000000000       0.00000000000000       0.00000000000000       0.00000000000000
    1     -1     64517.0000000000       0.00000000000000       0.00000000000000       0.00000000000000
    1     -1     64517.0000000000       0.54122368964466       0.25855643279767       0.01501626139769
    1     -1     64518.0000000000       0.54122368964466       0.25855643279767       0.01501626139769
    1     -1     64519.0000000000       0.54122368964466       0.25855643279767       0.01501626139769
    1     -1     64519.0000000000       0.00000000000000       0.00000000000000       0.00000000000000
    1     -1     64519.0000000000       0.00000000000000       0.00000000000000       0.00000000000000
    1     -1     64519.0000000000       0.54050404518310       0.26014014887952       0.01350849220452
    1     -1     64520.0000000000       0.54050404518310       0.26014014887952       0.01350849220452
    1     -1     64521.0000000000       0.54050404518310       0.26014014887952       0.01350849220452
    1     -1     64521.0000000000       0.00000000000000       0.00000000000000       0.00000000000000
    1     -1     64521.0000000000       0.00000000000000       0.00000000000000       0.00000000000000
    1     -1     64521.0000000000       0.53978105967644       0.26170661216844       0.01208536478121
    1     -1     64522.0000000000       0.53978105967644       0.26170661216844       0.01208536478121
    1     -1     64523.0000000000       0.53978105967644       0.26170661216844       0.01208536478121
    1     -1     64523.0000000000       0.00000000000000       0.00000000000000       0.00000000000000
    1     -1     64523.0000000000       0.00000000000000       0.00000000000000       0.00000000000000
    1     -1     64523.0000000000       0.53905422175792       0.26325878595452       0.01074043307834
    1     -1     64524.0000000000       0.53905422175792       0.26325878595452       0.01074043307834
    1     -1     64525.0000000000       0.53905422175792       0.26325878595452       0.01074043307834
    1     -1     64525.0000000000       0.00000000000000       0.00000000000000       0.00000000000000
    1     -1     64525.0000000000       0.00000000000000       0.00000000000000       0.00000000000000
    1     -1     64525.0000000000       0.53832305154779       0.26479926439634       0.00946789456187
    1     -1     64526.0000000000       0.53832305154779       0.26479926439634       0.00946789456187
    1     -1     64527.0000000000       0.53832305154779       0.26479926439634       0.00946789456187
    1     -1     64527.0000000000       0.00000000000000       0.00000000000000       0.00000000000000
    1     -1     64527.0000000000       0.00000000000000       0.00000000000000       0.00000000000000
    1     -1     64527.0000000000       0.53758710039687       0.26633032060927       0.00826251118311
    1     -1     64528.0000000000       0.53758710039687       0.26633032060927       0.00826251118311
    1     -1     64529.0000000000       0.53758710039687       0.26633032060927       0.00826251118311
    1     -1     64529.0000000000       0.00000000000000       0.00000000000000       0.00000000000000
    1     -1     64529.0000000000       0.00000000000000       0.00000000000000       0.00000000000000
    1     -1     64529.0000000000       0.53684595007261       0.26785394769497       0.00711954175871
    1     -1     64530.0000000000       0.53684595007261       0.26785394769497       0.00711954175871
    1     -1     64531.0000000000       0.53684595007261       0.26785394769497       0.00711954175871
    1     -1     64531.0000000000       0.00000000000000       0.00000000000000       0.00000000000000
    1     -1     64531.0000000000       0.00000000000000       0.00000000000000       0.00000000000000
    1     -1     64531.0000000000       0.53609921159832       0.26937189384603       0.00603468387393
    1     -1     64532.0000000000       0.53609921159832       0.26937189384603       0.00603468387393
    1     -1     64533.0000000000       0.53609921159832       0.26937189384603       0.00603468387393
    1     -1     64533.0000000000       0.00000000000000       0.00000000000000       0.00000000000000
    1     -1     64533.0000000000       0.00000000000000       0.00000000000000       0.00000000000000
    1     -1     64533.0000000000       0.53534652386542       0.27088569251832       0.00500402378872
    1     -1     64534.0000000000       0.53534652386542       0.27088569251832       0.00500402378872
    1     -1     64535.0000000000       0.53534652386542       0.27088569251832       0.00500402378872
    1     -1     64535.0000000000       0.00000000000000       0.00000000000000       0.00000000000000
    1     -1     64535.0000000000       0.00000000000000       0.00000000000000       0.00000000000000
    1     -1     64535.0000000000       0.53458755212651       0.27239668843632       0.00402399308106
    1     -1     64536.0000000000       0.53458755212651       0.27239668843632       0.00402399308106
    1     -1     64537.0000000000       0.53458755212651       0.27239668843632       0.00402399308106
    1     -1     64537.0000000000       0.00000000000000       0.00000000000000       0.00000000000000
    1     -1     64537.0000000000       0.00000000000000       0.00000000000000       0.00000000000000
    1     -1     64537.0000000000       0.53382198643621       0.27390606008260       0.00309133099585
    1     -1     64538.0000000000       0.53382198643621       0.27390606008260       0.00309133099585
    1     -1     64539.0000000000       0.53382198643621       0.27390606008260       0.00309133099585
    1     -1     64539.0000000000       0.00000000000000       0.00000000000000       0.00000000000000
    1     -1     64539.0000000000       0.00000000000000       0.00000000000000       0.00000000000000
    1     -1     64539.0000000000       0.53304954005660       0.27541483926770       0.00220305165527
    1     -1     64540.0000000000       0.53304954005660       0.27541483926770       0.00220305165527
    1     -1     64541.0000000000       0.53304954005660       0.27541483926770       0.00220305165527
    1     -1     64541.0000000000       0.00000000000000       0.00000000000000       0.00000000000000
    1     -1     64541.0000000000       0.00000000000000       0.00000000000000       0.00000000000000
    1     -1     64541.0000000000       0.53226994791219       0.27692392812258       0.00135641539051
    1     -1     64542.0000000000       0.53226994791219       0.27692392812258       0.00135641539051
    1     -1     64543.0000000000       0.53226994791219       0.27692392812258       0.00135641539051
    1     -1     64543.0000000000       0.00000000000000       0.00000000000000       0.00000000000000
    1     -1     64543.0000000000       0.00000000000000       0.00000000000000       0.00000000000000
    1     -1     64543.0000000000       0.53148296508748       0.27843411394196       0.00054890361283
    1     -1     64544.0000000000       0.53148296508748       0.27843411394196       0.00054890361283
    1     -1     64545.0000000000       0.53148296508748       0.27843411394196       0.00054890361283
    1     -1     64545.0000000000       0.00000000000000       0.00000000000000       0.00000000000000
    1     -1     64545.0000000000       0.00000000000000       0.00000000000000       0.00000000000000
    1     -1     64545.0000000000       0.53068836537109       0.27994608220704      -0.00022180326869
    1     -1     64546.0000000000       0.53068836537109       0.27994608220704      -0.00022180326869
    1     -1     64547.0000000000       0.53068836537109       0.27994608220704      -0.00022180326869
    1     -1     64547.0000000000       0.00000000000000       0.00000000000000       0.00000000000000
    1     -1     64547.0000000000       0.00000000000000       0.00000000000000       0.00000000000000
    1     -1     64547.0000000000       0.52988593987931       0.28146042800111      -0.00095784531848
    1     -1     64548.0000000000       0.52988593987931       0.28146042800111      -0.00095784531848
    1     -1     64549.0000000000       0.52988593987931       0.28146042800111      -0.00095784531848
    1     -1     64549.0000000000       0.00000000000000       0.00000000000000       0.00000000000000
    1     -1     64549.0000000000       0.00000000000000       0.00000000000000       0.00000000000000
    1     -1     64549.0000000000       0.52907549576853       0.28297766602840      -0.00166120029107
    1     -1     64550.0000000000       0.52907549576853       0.28297766602840      -0.00166120029107
    1     -1     64551.0000000000       0.52907549576853       0.28297766602840      -0.00166120029107
    1     -1     64551.0000000000       0.00000000000000       0.00000000000000       0.00000000000000
    1     -1     64551.0000000000       0.00000000000000       0.00000000000000       0.00000000000000
    1     -1     64551.0000000000       0.52825685499854       0.28449823949651      -0.00233369887460
    1     -1     64552.0000000000       0.52825685499854       0.28449823949651      -0.00233369887460
    1     -1     64553.0000000000       0.52825685499854       0.28449823949651      -0.00233369887460
    1     -1     64553.0000000000       0.00000000000000       0.00000000000000       0.00000000000000
    1     -1     64553.0000000000       0.00000000000000       0.00000000000000       0.00000000000000
    1     -1     64553.0000000000       0.52742985320124       0.28602252791591      -0.00297703824526
    1     -1     64554.0000000000       0.52742985320124       0.28602252791591      -0.00297703824526
    1     -1     64555.0000000000       0.52742985320124       0.28602252791591      -0.00297703824526
    1     -1     64555.0000000000       0.00000000000000       0.00000000000000       0.00000000000000
    1     -1     64555.0000000000       0.00000000000000       0.00000000000000       0.00000000000000
    1     -1     64555.0000000000       0.52659433860293       0.28755085404448      -0.00359279412655
    1     -1     64556.0000000000       0.52659433860293       0.28755085404448      -0.00359279412655
    1     -1     64557.0000000000       0.52659433860293       0.28755085404448      -0.00359279412655
    1     -1     64557.0000000000       0.00000000000000       0.00000000000000       0.00000000000000
    1     -1     64557.0000000000       0.00000000000000       0.00000000000000       0.00000000000000
    1     -1     64557.0000000000       0.52575017103213       0.28908349002660      -0.00418243155715
    1     -1     64558.0000000000       0.52575017103213       0.28908349002660      -0.00418243155715
    1     -1     64559.0000000000       0.52575017103213       0.28908349002660      -0.00418243155715
    1     -1     64559.0000000000       0.00000000000000       0.00000000000000       0.00000000000000
    1     -1     64559.0000000000       0.00000000000000       0.00000000000000       0.00000000000000
    1     -1     64559.0000000000       0.52489722099717       0.29062066284812      -0.00474731452214
    1     -1     64560.0000000000       0.52489722099717       0.29062066284812      -0.00474731452214
    1     -1     64561.0000000000       0.52489722099717       0.29062066284812      -0.00474731452214
    1     -1     64561.0000000000       0.00000000000000       0.00000000000000       0.00000000000000
    1     -1     64561.0000000000       0.00000000000000       0.00000000000000       0.00000000000000
    1     -1     64561.0000000000       0.52403536883442       0.29216255918337      -0.00528871458815
    1     -1     64562.0000000000       0.52403536883442       0.29216255918337      -0.00528871458815
    1     -1     64563.0000000000       0.52403536883442       0.29216255918337      -0.00528871458815
    1     -1     64563.0000000000       0.00000000000000       0.00000000000000       0.00000000000000
    1     -1     64563.0000000000       0.00000000000000       0.00000000000000       0.00000000000000
    1     -1     64563.0000000000       0.52316450390486       0.29370932974029      -0.00580781865156
    1     -1     64564.0000000000       0.52316450390486       0.29370932974029      -0.00580781865156
    1     -1     64565.0000000000       0.52316450390486       0.29370932974029      -0.00580781865156
    1     -1     64565.0000000000       0.00000000000000       0.00000000000000       0.00000000000000
    1     -1     64565.0000000000       0.00000000000000       0.00000000000000       0.00000000000000
    1     -1     64565.0000000000       0.52228452386533       0.29526109311127      -0.00630573592104
    1     -1     64566.0000000000       0.52228452386533       0.29526109311127      -0.00630573592104
    1     -1     64567.0000000000       0.52228452386533       0.29526109311127      -0.00630573592104
    1     -1     64567.0000000000       0.00000000000000       0.00000000000000       0.00000000000000
    1     -1     64567.0000000000       0.00000000000000       0.00000000000000       0.00000000000000
    1     -1     64567.0000000000       0.52139533398463       0.29681793923168      -0.00678350420624
    1     -1     64568.0000000000       0.52139533398463       0.29681793923168      -0.00678350420624
    1     -1     64569.0000000000       0.52139533398463       0.29681793923168      -0.00678350420624
    1     -1     64569.0000000000       0.00000000000000       0.00000000000000       0.00000000000000
    1     -1     64569.0000000000       0.00000000000000       0.00000000000000       0.00000000000000
    1     -1     64569.0000000000       0.52049684652111       0.29837993245661      -0.00724209560591
    1     -1     64570.0000000000       0.52049684652111       0.29837993245661      -0.00724209560591
    1     -1     64571.0000000000       0.52049684652111       0.29837993245661      -0.00724209560591
    1     -1     64571.0000000000       0.00000000000000       0.00000000000000       0.00000000000000
    1     -1     64571.0000000000       0.00000000000000       0.00000000000000       0.00000000000000
    1     -1     64571.0000000000       0.51958898014090       0.29994711432806      -0.00768242165013
    1     -1     64572.0000000000       0.51958898014090       0.29994711432806      -0.00768242165013
    1     -1     64573.0000000000       0.51958898014090       0.29994711432806      -0.00768242165013
    1     -1     64573.0000000000       0.00000000000000       0.00000000000000       0.00000000000000
    1     -1     64573.0000000000       0.00000000000000       0.00000000000000       0.00000000000000
    1     -1     64573.0000000000       0.51867165938036       0.30151950605576      -0.00810533796451
    1     -1     64574.0000000000       0.51867165938036       0.30151950605576      -0.00810533796451
    1     -1     64575.0000000000       0.51867165938036       0.30151950605576      -0.00810533796451
    1     -1     64575.0000000000       0.00000000000000       0.00000000000000       0.00000000000000
    1     -1     64575.0000000000       0.00000000000000       0.00000000000000       0.00000000000000
    1     -1     64575.0000000000       0.51774481414784       0.30309711074636      -0.00851164850249
    1     -1     64576.0000000000       0.51774481414784       0.30309711074636      -0.00851164850249
    1     -1     64577.0000000000       0.51774481414784       0.30309711074636      -0.00851164850249
    1     -1     64577.0000000000       0.00000000000000       0.00000000000000       0.00000000000000
    1     -1     64577.0000000000       0.00000000000000       0.00000000000000       0.00000000000000
    1     -1     64577.0000000000       0.51680837928169       0.30467991537416      -0.00890210940329
    1     -1     64578.0000000000       0.51680837928169       0.30467991537416      -0.00890210940329
    1     -1     64579.0000000000       0.51680837928169       0.30467991537416      -0.00890210940329
    1     -1     64579.0000000000       0.00000000000000       0.00000000000000       0.00000000000000
    1     -1     64579.0000000000       0.00000000000000       0.00000000000000       0.00000000000000
    1     -1     64579.0000000000       0.51586229411293       0.30626789260195      -0.00927743249525
    1     -1     64580.0000000000       0.51586229411293       0.30626789260195      -0.00927743249525
    1     -1     64581.0000000000       0.51586229411293       0.30626789260195      -0.00927743249525
    1     -1     64581.0000000000       0.00000000000000       0.00000000000000       0.00000000000000
    1     -1     64581.0000000000       0.00000000000000       0.00000000000000       0.00000000000000
    1     -1     64581.0000000000       0.51490650208482       0.30786100237863      -0.00963828849957
    1     -1     64582.0000000000       0.51490650208482       0.30786100237863      -0.00963828849957
    1     -1     64583.0000000000       0.51490650208482       0.30786100237863      -0.00963828849957
    1     -1     64583.0000000000       0.00000000000000       0.00000000000000       0.00000000000000
    1     -1     64583.0000000000       0.00000000000000       0.00000000000000       0.00000000000000
    1     -1     64583.0000000000       0.51394095039230       0.30945919339221      -0.00998530995552
    1     -1     64584.0000000000       0.51394095039230       0.30945919339221      -0.00998530995552
    1     -1     64585.0000000000       0.51394095039230       0.30945919339221      -0.00998530995552
    1     -1     64585.0000000000       0.00000000000000       0.00000000000000       0.00000000000000
    1     -1     64585.0000000000       0.00000000000000       0.00000000000000       0.00000000000000
    1     -1     64585.0000000000       0.51296558965204       0.31106240437261      -0.01031909389766
    1     -1     64586.0000000000       0.51296558965204       0.31106240437261      -0.01031909389766
    1     -1     64587.0000000000       0.51296558965204       0.31106240437261      -0.01031909389766
    1     -1     64587.0000000000       0.00000000000000       0.00000000000000       0.00000000000000
    1     -1     64587.0000000000       0.00000000000000       0.00000000000000       0.00000000000000
    1     -1     64587.0000000000       0.51198037359603       0.31267056526760      -0.01064020430755
    1     -1     64588.0000000000       0.51198037359603       0.31267056526760      -0.01064020430755
    1     -1     64589.0000000000       0.51198037359603       0.31267056526760      -0.01064020430755
    1     -1     64589.0000000000       0.00000000000000       0.00000000000000       0.00000000000000
    1     -1     64589.0000000000       0.00000000000000       0.00000000000000       0.00000000000000
    1     -1     64589.0000000000       0.51098525878749       0.31428359830355      -0.01094917436406
    1     -1     64590.0000000000       0.51098525878749       0.31428359830355      -0.01094917436406
    1     -1     64591.0000000000       0.51098525878749       0.31428359830355      -0.01094917436406
    1     -1     64591.0000000000       0.00000000000000       0.00000000000000       0.00000000000000
    1     -1     64591.0000000000       0.00000000000000       0.00000000000000       0.00000000000000
    1     -1     64591.0000000000       0.50998020436487       0.31590141893042      -0.01124650851184
    1     -1     64592.0000000000       0.50998020436487       0.31590141893042      -0.01124650851184
    1     -1     64593.0000000000       0.50998020436487       0.31590141893042      -0.01124650851184
    1     -1     64593.0000000000       0.00000000000000       0.00000000000000       0.00000000000000
    1     -1     64593.0000000000       0.00000000000000       0.00000000000000       0.00000000000000
    1     -1     64593.0000000000       0.50896517179661       0.31752393668740      -0.01153268436164
    1     -1     64594.0000000000       0.50896517179661       0.31752393668740      -0.01153268436164
    1     -1     64595.0000000000       0.50896517179661       0.31752393668740      -0.01153268436164
    1     -1     64595.0000000000       0.00000000000000       0.00000000000000       0.00000000000000
    1     -1     64595.0000000000       0.00000000000000       0.00000000000000       0.00000000000000
    1     -1     64595.0000000000       0.50794012466213       0.31915105597017      -0.01180815444279
    1     -1     64596.0000000000       0.50794012466213       0.31915105597017      -0.01180815444279
    1     -1     64597.0000000000       0.50794012466213       0.31915105597017      -0.01180815444279
    1     -1     64597.0000000000       0.00000000000000       0.00000000000000       0.00000000000000
    1     -1     64597.0000000000       0.00000000000000       0.00000000000000       0.00000000000000
    1     -1     64597.0000000000       0.50690502844513       0.32078267672914      -0.01207334781771
    1     -1     64598.0000000000       0.50690502844513       0.32078267672914      -0.01207334781771
    1     -1     64599.0000000000       0.50690502844513       0.32078267672914      -0.01207334781771
    1     -1     64599.0000000000       0.00000000000000       0.00000000000000       0.00000000000000
    1     -1     64599.0000000000       0.00000000000000       0.00000000000000       0.00000000000000
    1     -1     64599.0000000000       0.50585985034432       0.32241869509516      -0.01232867157322
    1     -1     64600.0000000000       0.50585985034432       0.32241869509516      -0.01232867157322
    1     -1     64601.0000000000       0.50585985034432       0.32241869509516      -0.01232867157322
    1     -1     64601.0000000000       0.00000000000000       0.00000000000000       0.00000000000000
    1     -1     64601.0000000000       0.00000000000000       0.00000000000000       0.00000000000000
    1     -1     64601.0000000000       0.50480455909881       0.32405900394222      -0.01257451219854
    1     -1     64602.0000000000       0.50480455909881       0.32405900394222      -0.01257451219854
    1     -1     64603.0000000000       0.50480455909881       0.32405900394222      -0.01257451219854
    1     -1     64603.0000000000       0.00000000000000       0.00000000000000       0.00000000000000
    1     -1     64603.0000000000       0.00000000000000       0.00000000000000       0.00000000000000
    1     -1     64603.0000000000       0.50373912482516       0.32570349339623      -0.01281123685949
    1     -1     64604.0000000000       0.50373912482516       0.32570349339623      -0.01281123685949
    1     -1     64605.0000000000       0.50373912482516       0.32570349339623      -0.01281123685949
    1     -1     64605.0000000000       0.00000000000000       0.00000000000000       0.00000000000000
    1     -1     64605.0000000000       0.00000000000000       0.00000000000000       0.00000000000000
    1     -1     64605.0000000000       0.50266351886800       0.32735205129028      -0.01303919457986
    1     -1     64606.0000000000       0.50266351886800       0.32735205129028      -0.01303919457986
    1     -1     64607.0000000000       0.50266351886800       0.32735205129028      -0.01303919457986
    1     -1     64607.0000000000       0.00000000000000       0.00000000000000       0.00000000000000
    1     -1     64607.0000000000       0.00000000000000       0.00000000000000       0.00000000000000
    1     -1     64607.0000000000       0.50157771366244       0.32900456357282      -0.01325871733653
    1     -1     64608.0000000000       0.50157771366244       0.32900456357282      -0.01325871733653
    1     -1     64609.0000000000       0.50157771366244       0.32900456357282      -0.01325871733653
    1     -1     64609.0000000000       0.00000000000000       0.00000000000000       0.00000000000000
    1     -1     64609.0000000000       0.00000000000000       0.00000000000000       0.00000000000000
    1     -1     64609.0000000000       0.50048168260516       0.33066091467686      -0.01347012107480
    1     -1     64610.0000000000       0.50048168260516       0.33066091467686      -0.01347012107480
    1     -1     64611.0000000000       0.50048168260516       0.33066091467686      -0.01347012107480
    1     -1     64611.0000000000       0.00000000000000       0.00000000000000       0.00000000000000
    1     -1     64611.0000000000       0.00000000000000       0.00000000000000       0.00000000000000
    1     -1     64611.0000000000       0.49937539993639       0.33232098784872      -0.01367370665258
    1     -1     64612.0000000000       0.49937539993639       0.33232098784872      -0.01367370665258
    1     -1     64613.0000000000       0.49937539993639       0.33232098784872      -0.01367370665258
    1     -1     64613.0000000000       0.00000000000000       0.00000000000000       0.00000000000000
    1     -1     64613.0000000000       0.00000000000000       0.00000000000000       0.00000000000000
    1     -1     64613.0000000000       0.49825884062919       0.33398466544513      -0.01386976071754
    1     -1     64614.0000000000       0.49825884062919       0.33398466544513      -0.01386976071754
    1     -1     64615.0000000000       0.49825884062919       0.33398466544513      -0.01386976071754
    1     -1     64615.0000000000       0.00000000000000       0.00000000000000       0.00000000000000
    1     -1     64615.0000000000       0.00000000000000       0.00000000000000       0.00000000000000
    1     -1     64615.0000000000       0.49713198029193       0.33565182919126      -0.01405855652595
    1     -1     64616.0000000000       0.49713198029193       0.33565182919126      -0.01405855652595
    1     -1     64617.0000000000       0.49713198029193       0.33565182919126      -0.01405855652595
    1     -1     64617.0000000000       0.00000000000000       0.00000000000000       0.00000000000000
    1     -1     64617.0000000000       0.00000000000000       0.00000000000000       0.00000000000000
    1     -1     64617.0000000000       0.49599479506943       0.33732236042402      -0.01424035470085
    1     -1     64618.0000000000       0.49599479506943       0.33732236042402      -0.01424035470085
    1     -1     64619.0000000000       0.49599479506943       0.33732236042402      -0.01424035470085
    1     -1     64619.0000000000       0.00000000000000       0.00000000000000       0.00000000000000
    1     -1     64619.0000000000       0.00000000000000       0.00000000000000       0.00000000000000
    1     -1     64619.0000000000       0.49484726156074       0.33899614029508      -0.01441540394417
    1     -1     64620.0000000000       0.49484726156074       0.33899614029508      -0.01441540394417
    1     -1     64621.0000000000       0.49484726156074       0.33899614029508      -0.01441540394417
    1     -1     64621.0000000000       0.00000000000000       0.00000000000000       0.00000000000000
    1     -1     64621.0000000000       0.00000000000000       0.00000000000000       0.00000000000000
    1     -1     64621.0000000000       0.49368935673597       0.34067304996169      -0.01458394169709
    1     -1     64622.0000000000       0.49368935673597       0.34067304996169      -0.01458394169709
    1     -1     64623.0000000000       0.49368935673597       0.34067304996169      -0.01458394169709
    1     -1     64623.0000000000       0.00000000000000       0.00000000000000       0.00000000000000
    1     -1     64623.0000000000       0.00000000000000       0.00000000000000       0.00000000000000
    1     -1     64623.0000000000       0.49252105786264       0.34235297075096      -0.01474619475874
    1     -1     64624.0000000000       0.49252105786264       0.34235297075096      -0.01474619475874
    1     -1     64625.0000000000       0.49252105786264       0.34235297075096      -0.01474619475874
    1     -1     64625.0000000000       0.00000000000000       0.00000000000000       0.00000000000000
    1     -1     64625.0000000000       0.00000000000000       0.00000000000000       0.00000000000000
    1     -1     64625.0000000000       0.49134234243614       0.34403578430702      -0.01490237986424
    1     -1     64626.0000000000       0.49134234243614       0.34403578430702      -0.01490237986424
    1     -1     64627.0000000000       0.49134234243614       0.34403578430702      -0.01490237986424
    1     -1     64627.0000000000       0.00000000000000       0.00000000000000       0.00000000000000
    1     -1     64627.0000000000       0.00000000000000       0.00000000000000       0.00000000000000
    1     -1     64627.0000000000       0.49015318812276       0.34572137271003      -0.01505270422837
    1     -1     64628.0000000000       0.49015318812276       0.34572137271003      -0.01505270422837
    1     -1     64629.0000000000       0.49015318812276       0.34572137271003      -0.01505270422837
    1     -1     64629.0000000000       0.00000000000000       0.00000000000000       0.00000000000000
    1     -1     64629.0000000000       0.00000000000000       0.00000000000000       0.00000000000000
    1     -1     64629.0000000000       0.48895357269356       0.34740961859944      -0.01519736604819
    1     -1     64630.0000000000       0.48895357269356       0.34740961859944      -0.01519736604819
    1     -1     64631.0000000000       0.48895357269356       0.34740961859944      -0.01519736604819
    1     -1     64631.0000000000       0.00000000000000       0.00000000000000       0.00000000000000
    1     -1     64631.0000000000       0.00000000000000       0.00000000000000       0.00000000000000
    1     -1     64631.0000000000       0.48774347396651       0.34910040527701      -0.01533655497521
    1     -1     64632.0000000000       0.48774347396651       0.34910040527701      -0.01533655497521
    1     -1     64633.0000000000       0.48774347396651       0.34910040527701      -0.01533655497521
    1     -1     64633.0000000000       0.00000000000000       0.00000000000000       0.00000000000000
    1     -1     64633.0000000000       0.00000000000000       0.00000000000000       0.00000000000000
    1     -1     64633.0000000000       0.48652286976821       0.35079361677471      -0.01547045256683
    1     -1     64634.0000000000       0.48652286976821       0.35079361677471      -0.01547045256683
    1     -1     64635.0000000000       0.48652286976821       0.35079361677471      -0.01547045256683
    1     -1     64635.0000000000       0.00000000000000       0.00000000000000       0.00000000000000
    1     -1     64635.0000000000       0.00000000000000       0.00000000000000       0.00000000000000
    1     -1     64635.0000000000       0.48529173788016       0.35248913793825      -0.01559923269939
    1     -1     64636.0000000000       0.48529173788016       0.35248913793825      -0.01559923269939
    1     -1     64637.0000000000       0.48529173788016       0.35248913793825      -0.01559923269939
    1     -1     64637.0000000000       0.00000000000000       0.00000000000000       0.00000000000000
    1     -1     64637.0000000000       0.00000000000000       0.00000000000000       0.00000000000000
    1     -1     64637.0000000000       0.48405005599187       0.35418685449481      -0.01572306195804
    1     -1     64638.0000000000       0.48405005599187       0.35418685449481      -0.01572306195804
    1     -1     64639.0000000000       0.48405005599187       0.35418685449481      -0.01572306195804
    1     -1     64639.0000000000       0.00000000000000       0.00000000000000       0.00000000000000
    1     -1     64639.0000000000       0.00000000000000       0.00000000000000       0.00000000000000
    1     -1     64639.0000000000       0.48279780167560       0.35588665308554      -0.01584210001177
    1     -1     64640.0000000000       0.48279780167560       0.35588665308554      -0.01584210001177
    1     -1     64641.0000000000       0.48279780167560       0.35588665308554      -0.01584210001177
    1     -1     64641.0000000000       0.00000000000000       0.00000000000000       0.00000000000000
    1     -1     64641.0000000000       0.00000000000000       0.00000000000000       0.00000000000000
    1     -1     64641.0000000000       0.48153495232691       0.35758842134067      -0.01595649994834
    1     -1     64642.0000000000       0.48153495232691       0.35758842134067      -0.01595649994834
    1     -1     64643.0000000000       0.48153495232691       0.35758842134067      -0.01595649994834
    1     -1     64643.0000000000       0.00000000000000       0.00000000000000       0.00000000000000
    1     -1     64643.0000000000       0.00000000000000       0.00000000000000       0.00000000000000
    1     -1     64643.0000000000       0.48026148515802       0.35929204787759      -0.01606640861340
    1     -1     64644.0000000000       0.48026148515802       0.35929204787759      -0.01606640861340
    1     -1     64645.0000000000       0.48026148515802       0.35929204787759      -0.01606640861340
    1     -1     64645.0000000000       0.00000000000000       0.00000000000000       0.00000000000000
    1     -1     64645.0000000000       0.00000000000000       0.00000000000000       0.00000000000000
    1     -1     64645.0000000000       0.47897737713384       0.36099742237386      -0.01617196690009
    1     -1     64646.0000000000       0.47897737713384       0.36099742237386      -0.01617196690009
    1     -1     64647.0000000000       0.47897737713384       0.36099742237386      -0.01617196690009
    1     -1     64647.0000000000       0.00000000000000       0.00000000000000       0.00000000000000
    1     -1     64647.0000000000       0.00000000000000       0.00000000000000       0.00000000000000
    1     -1     64647.0000000000       0.47768260498510       0.36270443553169      -0.01627331005927
    1     -1     64648.0000000000       0.47768260498510       0.36270443553169      -0.01627331005927
    1     -1     64649.0000000000       0.47768260498510       0.36270443553169      -0.01627331005927
    1     -1     64649.0000000000       0.00000000000000       0.00000000000000       0.00000000000000
    1     -1     64649.0000000000       0.00000000000000       0.00000000000000       0.00000000000000
    1     -1     64649.0000000000       0.47637714514244       0.36441297914714      -0.01637056795128
    1     -1     64650.0000000000       0.47637714514244       0.36441297914714      -0.01637056795128
    1     -1     64651.0000000000       0.47637714514244       0.36441297914714      -0.01637056795128
    1     -1     64651.0000000000       0.00000000000000       0.00000000000000       0.00000000000000
    1     -1     64651.0000000000       0.00000000000000       0.00000000000000       0.00000000000000
    1     -1     64651.0000000000       0.47506097372713       0.36612294609937      -0.01646386531016
    1     -1     64652.0000000000       0.47506097372713       0.36612294609937      -0.01646386531016
    1     -1     64653.0000000000       0.47506097372713       0.36612294609937      -0.01646386531016
    1     -1     64653.0000000000       0.00000000000000       0.00000000000000       0.00000000000000
    1     -1     64653.0000000000       0.00000000000000       0.00000000000000       0.00000000000000
    1     -1     64653.0000000000       0.47373406654230       0.36783423033792      -0.01655332199298
    1     -1     64654.0000000000       0.47373406654230       0.36783423033792      -0.01655332199298
    1     -1     64655.0000000000       0.47373406654230       0.36783423033792      -0.01655332199298
    1     -1     64655.0000000000       0.00000000000000       0.00000000000000       0.00000000000000
    1     -1     64655.0000000000       0.00000000000000       0.00000000000000       0.00000000000000
    1     -1     64655.0000000000       0.47239639902745       0.36954672691645      -0.01663905319537
    1     -1     64656.0000000000       0.47239639902745       0.36954672691645      -0.01663905319537
    1     -1     64657.0000000000       0.47239639902745       0.36954672691645      -0.01663905319537
    1     -1     64657.0000000000       0.00000000000000       0.00000000000000       0.00000000000000
    1     -1     64657.0000000000       0.00000000000000       0.00000000000000       0.00000000000000
    1     -1     64657.0000000000       0.47104794625418       0.37126033196993      -0.01672116967491
    1     -1     64658.0000000000       0.47104794625418       0.37126033196993      -0.01672116967491
    1     -1     64659.0000000000       0.47104794625418       0.37126033196993      -0.01672116967491
    1     -1     64659.0000000000       0.00000000000000       0.00000000000000       0.00000000000000
    1     -1     64659.0000000000       0.00000000000000       0.00000000000000       0.00000000000000
    1     -1     64659.0000000000       0.46968868292065       0.37297494269281      -0.01679977796177
    1     -1     64660.0000000000       0.46968868292065       0.37297494269281      -0.01679977796177
    1     -1     64661.0000000000       0.46968868292065       0.37297494269281      -0.01679977796177
    1     -1     64661.0000000000       0.00000000000000       0.00000000000000       0.00000000000000
    1     -1     64661.0000000000       0.00000000000000       0.00000000000000       0.00000000000000
    1     -1     64661.0000000000       0.46831858330232       0.37469045737209      -0.01687498053340
    1     -1     64662.0000000000       0.46831858330232       0.37469045737209      -0.01687498053340
    1     -1     64663.0000000000       0.46831858330232       0.37469045737209      -0.01687498053340
    1     -1     64663.0000000000       0.00000000000000       0.00000000000000       0.00000000000000
    1     -1     64663.0000000000       0.00000000000000       0.00000000000000       0.00000000000000
    1     -1     64663.0000000000       0.46693762126217       0.37640677534219      -0.01694687601065
    1     -1     64664.0000000000       0.46693762126217       0.37640677534219      -0.01694687601065
    1     -1     64665.0000000000       0.46693762126217       0.37640677534219      -0.01694687601065
    1     -1     64665.0000000000       0.00000000000000       0.00000000000000       0.00000000000000
    1     -1     64665.0000000000       0.00000000000000       0.00000000000000       0.00000000000000
    1     -1     64665.0000000000       0.46554577023857       0.37812379696820      -0.01701555933052
    1     -1     64666.0000000000       0.46554577023857       0.37812379696820      -0.01701555933052
    1     -1     64667.0000000000       0.46554577023857       0.37812379696820      -0.01701555933052
    1     -1     64667.0000000000       0.00000000000000       0.00000000000000       0.00000000000000
    1     -1     64667.0000000000       0.00000000000000       0.00000000000000       0.00000000000000
    1     -1     64667.0000000000       0.46414300323615       0.37984142362458      -0.01708112191230
    1     -1     64668.0000000000       0.46414300323615       0.37984142362458      -0.01708112191230
    1     -1     64669.0000000000       0.46414300323615       0.37984142362458      -0.01708112191230
    1     -1     64669.0000000000       0.00000000000000       0.00000000000000       0.00000000000000
    1     -1     64669.0000000000       0.00000000000000       0.00000000000000       0.00000000000000
    1     -1     64669.0000000000       0.46272929278562       0.38155955771181      -0.01714365179558
    1     -1     64670.0000000000       0.46272929278562       0.38155955771181      -0.01714365179558
    1     -1     64671.0000000000       0.46272929278562       0.38155955771181      -0.01714365179558
    1     -1     64671.0000000000       0.00000000000000       0.00000000000000       0.00000000000000
    1     -1     64671.0000000000       0.00000000000000       0.00000000000000       0.00000000000000
    1     -1     64671.0000000000       0.46130461096855       0.38327810259098      -0.01720323380679
    1     -1     64672.0000000000       0.46130461096855       0.38327810259098      -0.01720323380679
    1     -1     64673.0000000000       0.46130461096855       0.38327810259098      -0.01720323380679
    1     -1     64673.0000000000       0.00000000000000       0.00000000000000       0.00000000000000
    1     -1     64673.0000000000       0.00000000000000       0.00000000000000       0.00000000000000
    1     -1     64673.0000000000       0.45986892939708       0.38499696257481      -0.01725994969151
    1     -1     64674.0000000000       0.45986892939708       0.38499696257481      -0.01725994969151
    1     -1     64675.0000000000       0.45986892939708       0.38499696257481      -0.01725994969151
    1     -1     64675.0000000000       0.00000000000000       0.00000000000000       0.00000000000000
    1     -1     64675.0000000000       0.00000000000000       0.00000000000000       0.00000000000000
    1     -1     64675.0000000000       0.45842221921069       0.38671604289697      -0.01731387824987
    1     -1     64676.0000000000       0.45842221921069       0.38671604289697      -0.01731387824987
    1     -1     64677.0000000000       0.45842221921069       0.38671604289697      -0.01731387824987
    1     -1     64677.0000000000       0.00000000000000       0.00000000000000       0.00000000000000
    1     -1     64677.0000000000       0.00000000000000       0.00000000000000       0.00000000000000
    1     -1     64677.0000000000       0.45696445104685       0.38843524971285      -0.01736509544918
    1     -1     64678.0000000000       0.45696445104685       0.38843524971285      -0.01736509544918
    1     -1     64679.0000000000       0.45696445104685       0.38843524971285      -0.01736509544918
    1     -1     64679.0000000000       0.00000000000000       0.00000000000000       0.00000000000000
    1     -1     64679.0000000000       0.00000000000000       0.00000000000000       0.00000000000000
    1     -1     64679.0000000000       0.45549559506701       0.39015449003291      -0.01741367456091
    1     -1     64680.0000000000       0.45549559506701       0.39015449003291      -0.01741367456091
    1     -1     64681.0000000000       0.45549559506701       0.39015449003291      -0.01741367456091
    1     -1     64681.0000000000       0.00000000000000       0.00000000000000       0.00000000000000
    1     -1     64681.0000000000       0.00000000000000       0.00000000000000       0.00000000000000
    1     -1     64681.0000000000       0.45401562092938       0.39187367172057      -0.01745968626154
    1     -1     64682.0000000000       0.45401562092938       0.39187367172057      -0.01745968626154
    1     -1     64683.0000000000       0.45401562092938       0.39187367172057      -0.01745968626154
    1     -1     64683.0000000000       0.00000000000000       0.00000000000000       0.00000000000000
    1     -1     64683.0000000000       0.00000000000000       0.00000000000000       0.00000000000000
    1     -1     64683.0000000000       0.45252449781803       0.39359270342287      -0.01750319875973
    1     -1     64684.0000000000       0.45252449781803       0.39359270342287      -0.01750319875973
    1     -1     64685.0000000000       0.45252449781803       0.39359270342287      -0.01750319875973
    1     -1     64685.0000000000       0.00000000000000       0.00000000000000       0.00000000000000
    1     -1     64685.0000000000       0.00000000000000       0.00000000000000       0.00000000000000
    1     -1     64685.0000000000       0.45102219438199       0.39531149460780      -0.01754427786486
    1     -1     64686.0000000000       0.45102219438199       0.39531149460780      -0.01754427786486
    1     -1     64687.0000000000       0.45102219438199       0.39531149460780      -0.01754427786486
    1     -1     64687.0000000000       0.00000000000000       0.00000000000000       0.00000000000000
    1     -1     64687.0000000000       0.00000000000000       0.00000000000000       0.00000000000000
    1     -1     64687.0000000000       0.44950867878247       0.39702995547363      -0.01758298711394
    1     -1     64688.0000000000       0.44950867878247       0.39702995547363      -0.01758298711394
    1     -1     64689.0000000000       0.44950867878247       0.39702995547363      -0.01758298711394
    1     -1     64689.0000000000       0.00000000000000       0.00000000000000       0.00000000000000
    1     -1     64689.0000000000       0.00000000000000       0.00000000000000       0.00000000000000
    1     -1     64689.0000000000       0.44798391867752       0.39874799693276      -0.01761938785655
    1     -1     64690.0000000000       0.44798391867752       0.39874799693276      -0.01761938785655
    1     -1     64691.0000000000       0.44798391867752       0.39874799693276      -0.01761938785655
    1     -1     64691.0000000000       0.00000000000000       0.00000000000000       0.00000000000000
    1     -1     64691.0000000000       0.00000000000000       0.00000000000000       0.00000000000000
    1     -1     64691.0000000000       0.44644788120805       0.40046553059379      -0.01765353933572
    1     -1     64692.0000000000       0.44644788120805       0.40046553059379      -0.01765353933572
    1     -1     64693.0000000000       0.44644788120805       0.40046553059379      -0.01765353933572
    1     -1     64693.0000000000       0.00000000000000       0.00000000000000       0.00000000000000
    1     -1     64693.0000000000       0.00000000000000       0.00000000000000       0.00000000000000
    1     -1     64693.0000000000       0.44490053302467       0.40218246869670      -0.01768549878844
    1     -1     64694.0000000000       0.44490053302467       0.40218246869670      -0.01768549878844
    1     -1     64695.0000000000       0.44490053302467       0.40218246869670      -0.01768549878844
    1     -1     64695.0000000000       0.00000000000000       0.00000000000000       0.00000000000000
    1     -1     64695.0000000000       0.00000000000000       0.00000000000000       0.00000000000000
    1     -1     64695.0000000000       0.44334184025661       0.40389872411506      -0.01771532150733
    1     -1     64696.0000000000       0.44334184025661       0.40389872411506      -0.01771532150733
    1     -1     64697.0000000000       0.44334184025661       0.40389872411506      -0.01771532150733
    1     -1     64697.0000000000       0.00000000000000       0.00000000000000       0.00000000000000
    1     -1     64697.0000000000       0.00000000000000       0.00000000000000       0.00000000000000
    1     -1     64697.0000000000       0.44177176851738       0.40561421031596      -0.01774306091931
    1     -1     64698.0000000000       0.44177176851738       0.40561421031596      -0.01774306091931
    1     -1     64699.0000000000       0.44177176851738       0.40561421031596      -0.01774306091931
    1     -1     64699.0000000000       0.00000000000000       0.00000000000000       0.00000000000000
    1     -1     64699.0000000000       0.00000000000000       0.00000000000000       0.00000000000000
    1     -1     64699.0000000000       0.44019028294110       0.40732884128646      -0.01776876868164
    1     -1     64700.0000000000       0.44019028294110       0.40732884128646      -0.01776876868164
    1     -1     64701.0000000000       0.44019028294110       0.40732884128646      -0.01776876868164
    1     -1     64701.0000000000       0.00000000000000       0.00000000000000       0.00000000000000
    1     -1     64701.0000000000       0.00000000000000       0.00000000000000       0.00000000000000
    1     -1     64701.0000000000       0.43859734812869       0.40904253156156      -0.01779249471524
    1     -1     64702.0000000000       0.43859734812869       0.40904253156156      -0.01779249471524
    1     -1     64703.0000000000       0.43859734812869       0.40904253156156      -0.01779249471524
    1     -1     64703.0000000000       0.00000000000000       0.00000000000000       0.00000000000000
    1     -1     64703.0000000000       0.00000000000000       0.00000000000000       0.00000000000000
    1     -1     64703.0000000000       0.43699292820045       0.41075519613346      -0.01781428730438
    1     -1     64704.0000000000       0.43699292820045       0.41075519613346      -0.01781428730438
    1     -1     64705.0000000000       0.43699292820045       0.41075519613346      -0.01781428730438
    1     -1     64705.0000000000       0.00000000000000       0.00000000000000       0.00000000000000
    1     -1     64705.0000000000       0.00000000000000       0.00000000000000       0.00000000000000
    1     -1     64705.0000000000       0.43537698678360       0.41246675043438      -0.01783419315070
    1     -1     64706.0000000000       0.43537698678360       0.41246675043438      -0.01783419315070
    1     -1     64707.0000000000       0.43537698678360       0.41246675043438      -0.01783419315070
    1     -1     64707.0000000000       0.00000000000000       0.00000000000000       0.00000000000000
    1     -1     64707.0000000000       0.00000000000000       0.00000000000000       0.00000000000000
    1     -1     64707.0000000000       0.43374948698656       0.41417711033347      -0.01785225741222
    1     -1     64708.0000000000       0.43374948698656       0.41417711033347      -0.01785225741222
    1     -1     64709.0000000000       0.43374948698656       0.41417711033347      -0.01785225741222
    1     -1     64709.0000000000       0.00000000000000       0.00000000000000       0.00000000000000
    1     -1     64709.0000000000       0.00000000000000       0.00000000000000       0.00000000000000
    1     -1     64709.0000000000       0.43211039143344       0.41588619206827      -0.01786852378338
    1     -1     64710.0000000000       0.43211039143344       0.41588619206827      -0.01786852378338
    1     -1     64711.0000000000       0.43211039143344       0.41588619206827      -0.01786852378338
    1     -1     64711.0000000000       0.00000000000000       0.00000000000000       0.00000000000000
    1     -1     64711.0000000000       0.00000000000000       0.00000000000000       0.00000000000000
    1     -1     64711.0000000000       0.43045966226013       0.41759391221902      -0.01788303454419
    1     -1     64712.0000000000       0.43045966226013       0.41759391221902      -0.01788303454419
    1     -1     64713.0000000000       0.43045966226013       0.41759391221902      -0.01788303454419
    1     -1     64713.0000000000       0.00000000000000       0.00000000000000       0.00000000000000
    1     -1     64713.0000000000       0.00000000000000       0.00000000000000       0.00000000000000
    1     -1     64713.0000000000       0.42879726114597       0.41930018764560      -0.01789583063417
    1     -1     64714.0000000000       0.42879726114597       0.41930018764560      -0.01789583063417
    1     -1     64715.0000000000       0.42879726114597       0.41930018764560      -0.01789583063417
    1     -1     64715.0000000000       0.00000000000000       0.00000000000000       0.00000000000000
    1     -1     64715.0000000000       0.00000000000000       0.00000000000000       0.00000000000000
    1     -1     64715.0000000000       0.42712314925457       0.42100493552136      -0.01790695165332
    1     -1     64716.0000000000       0.42712314925457       0.42100493552136      -0.01790695165332
    1     -1     64717.0000000000       0.42712314925457       0.42100493552136      -0.01790695165332
    1     -1     64717.0000000000       0.00000000000000       0.00000000000000       0.00000000000000
    1     -1     64717.0000000000       0.00000000000000       0.00000000000000       0.00000000000000
    1     -1     64717.0000000000       0.42543728729579       0.42270807323865      -0.01791643595320
    1     -1     64718.0000000000       0.42543728729579       0.42270807323865      -0.01791643595320
    1     -1     64719.0000000000       0.42543728729579       0.42270807323865      -0.01791643595320
    1     -1     64719.0000000000       0.00000000000000       0.00000000000000       0.00000000000000
    1     -1     64719.0000000000       0.00000000000000       0.00000000000000       0.00000000000000
    1     -1     64719.0000000000       0.42373963550397       0.42440951840386      -0.01792432066132
    1     -1     64720.0000000000       0.42373963550397       0.42440951840386      -0.01792432066132
    1     -1     64721.0000000000       0.42373963550397       0.42440951840386      -0.01792432066132
    1     -1     64721.0000000000       0.00000000000000       0.00000000000000       0.00000000000000
    1     -1     64721.0000000000       0.00000000000000       0.00000000000000       0.00000000000000
    1     -1     64721.0000000000       0.42203015368066       0.42610918876562      -0.01793064175622
    1     -1     64722.0000000000       0.42203015368066       0.42610918876562      -0.01793064175622
    1     -1     64723.0000000000       0.42203015368066       0.42610918876562      -0.01793064175622
    1     -1     64723.0000000000       0.00000000000000       0.00000000000000       0.00000000000000
    1     -1     64723.0000000000       0.00000000000000       0.00000000000000       0.00000000000000
    1     -1     64723.0000000000       0.42030880114133       0.42780700224317      -0.01793543405822
    1     -1     64724.0000000000       0.42030880114133       0.42780700224317      -0.01793543405822
    1     -1     64725.0000000000       0.42030880114133       0.42780700224317      -0.01793543405822
    1     -1     64725.0000000000       0.00000000000000       0.00000000000000       0.00000000000000
    1     -1     64725.0000000000       0.00000000000000       0.00000000000000       0.00000000000000
    1     -1     64725.0000000000       0.41857553678180       0.42950287683138      -0.01793873132071
    1     -1     64726.0000000000       0.41857553678180       0.42950287683138      -0.01793873132071
    1     -1     64727.0000000000       0.41857553678180       0.42950287683138      -0.01793873132071
    1     -1     64727.0000000000       0.00000000000000       0.00000000000000       0.00000000000000
    1     -1     64727.0000000000       0.00000000000000       0.00000000000000       0.00000000000000
    1     -1     64727.0000000000       0.41683031904463       0.43119673060966      -0.01794056623111
    1     -1     64728.0000000000       0.41683031904463       0.43119673060966      -0.01794056623111
    1     -1     64729.0000000000       0.41683031904463       0.43119673060966      -0.01794056623111
    1     -1     64729.0000000000       0.00000000000000       0.00000000000000       0.00000000000000
    1     -1     64729.0000000000       0.00000000000000       0.00000000000000       0.00000000000000
    1     -1     64729.0000000000       0.41507310595897       0.43288848167608      -0.01794097047968
    1     -1     64730.0000000000       0.41507310595897       0.43288848167608      -0.01794097047968
    1     -1     64731.0000000000       0.41507310595897       0.43288848167608      -0.01794097047968
    1     -1     64731.0000000000       0.00000000000000       0.00000000000000       0.00000000000000
    1     -1     64731.0000000000       0.00000000000000       0.00000000000000       0.00000000000000
    1     -1     64731.0000000000       0.41330385511769       0.43457804814606      -0.01793997476093
    1     -1     64732.0000000000       0.41330385511769       0.43457804814606      -0.01793997476093
    1     -1     64733.0000000000       0.41330385511769       0.43457804814606      -0.01793997476093
    1     -1     64733.0000000000       0.00000000000000       0.00000000000000       0.00000000000000
    1     -1     64733.0000000000       0.00000000000000       0.00000000000000       0.00000000000000
    1     -1     64733.0000000000       0.41152252372159       0.43626534808380      -0.01793760884647
    1     -1     64734.0000000000       0.41152252372159       0.43626534808380      -0.01793760884647
    1     -1     64735.0000000000       0.41152252372159       0.43626534808380      -0.01793760884647
    1     -1     64735.0000000000       0.00000000000000       0.00000000000000       0.00000000000000
    1     -1     64735.0000000000       0.00000000000000       0.00000000000000       0.00000000000000
    1     -1     64735.0000000000       0.40972906855680       0.43795029950172      -0.01793390158149
    1     -1     64736.0000000000       0.40972906855680       0.43795029950172      -0.01793390158149
    1     -1     64737.0000000000       0.40972906855680       0.43795029950172      -0.01793390158149
    1     -1     64737.0000000000       0.00000000000000       0.00000000000000       0.00000000000000
    1     -1     64737.0000000000       0.00000000000000       0.00000000000000       0.00000000000000
    1     -1     64737.0000000000       0.40792344603024       0.43963282030225      -0.01792888094386
    1     -1     64738.0000000000       0.40792344603024       0.43963282030225      -0.01792888094386
    1     -1     64739.0000000000       0.40792344603024       0.43963282030225      -0.01792888094386
    1     -1     64739.0000000000       0.00000000000000       0.00000000000000       0.00000000000000
    1     -1     64739.0000000000       0.00000000000000       0.00000000000000       0.00000000000000
    1     -1     64739.0000000000       0.40610561217082       0.44131282825479      -0.01792257406520
    1     -1     64740.0000000000       0.40610561217082       0.44131282825479      -0.01792257406520
    1     -1     64741.0000000000       0.40610561217082       0.44131282825479      -0.01792257406520
    1     -1     64741.0000000000       0.00000000000000       0.00000000000000       0.00000000000000
    1     -1     64741.0000000000       0.00000000000000       0.00000000000000       0.00000000000000
    1     -1     64741.0000000000       0.40427552262760       0.44299024097559      -0.01791500724457
    1     -1     64742.0000000000       0.40427552262760       0.44299024097559      -0.01791500724457
    1     -1     64743.0000000000       0.40427552262760       0.44299024097559      -0.01791500724457
    1     -1     64743.0000000000       0.00000000000000       0.00000000000000       0.00000000000000
    1     -1     64743.0000000000       0.00000000000000       0.00000000000000       0.00000000000000
    1     -1     64743.0000000000       0.40243313269940       0.44466497587804      -0.01790620599473
    1     -1     64744.0000000000       0.40243313269940       0.44466497587804      -0.01790620599473
    1     -1     64745.0000000000       0.40243313269940       0.44466497587804      -0.01790620599473
    1     -1     64745.0000000000       0.00000000000000       0.00000000000000       0.00000000000000
    1     -1     64745.0000000000       0.00000000000000       0.00000000000000       0.00000000000000
    1     -1     64745.0000000000       0.40057839734986       0.44633695013796      -0.01789619507497
    1     -1     64746.0000000000       0.40057839734986       0.44633695013796      -0.01789619507497
    1     -1     64747.0000000000       0.40057839734986       0.44633695013796      -0.01789619507497
    1     -1     64747.0000000000       0.00000000000000       0.00000000000000       0.00000000000000
    1     -1     64747.0000000000       0.00000000000000       0.00000000000000       0.00000000000000
    1     -1     64747.0000000000       0.39871127119697       0.44800608068374      -0.01788499848733
    1     -1     64748.0000000000       0.39871127119697       0.44800608068374      -0.01788499848733
    1     -1     64749.0000000000       0.39871127119697       0.44800608068374      -0.01788499848733
    1     -1     64749.0000000000       0.00000000000000       0.00000000000000       0.00000000000000
    1     -1     64749.0000000000       0.00000000000000       0.00000000000000       0.00000000000000
    1     -1     64749.0000000000       0.39683170855379       0.44967228413830      -0.01787263953997
    1     -1     64750.0000000000       0.39683170855379       0.44967228413830      -0.01787263953997
    1     -1     64751.0000000000       0.39683170855379       0.44967228413830      -0.01787263953997
    1     -1     64751.0000000000       0.00000000000000       0.00000000000000       0.00000000000000
    1     -1     64751.0000000000       0.00000000000000       0.00000000000000       0.00000000000000
    1     -1     64751.0000000000       0.39493966341946       0.45133547680948      -0.01785914083254
    1     -1     64752.0000000000       0.39493966341946       0.45133547680948      -0.01785914083254
    1     -1     64753.0000000000       0.39493966341946       0.45133547680948      -0.01785914083254
    1     -1     64753.0000000000       0.00000000000000       0.00000000000000       0.00000000000000
    1     -1     64753.0000000000       0.00000000000000       0.00000000000000       0.00000000000000
    1     -1     64753.0000000000       0.39303508950921       0.45299557464350      -0.01784452431119
    1     -1     64754.0000000000       0.39303508950921       0.45299557464350      -0.01784452431119
    1     -1     64755.0000000000       0.39303508950921       0.45299557464350      -0.01784452431119
    1     -1     64755.0000000000       0.00000000000000       0.00000000000000       0.00000000000000
    1     -1     64755.0000000000       0.00000000000000       0.00000000000000       0.00000000000000
    1     -1     64755.0000000000       0.39111794025908       0.45465249320361      -0.01782881126815
    1     -1     64756.0000000000       0.39111794025908       0.45465249320361      -0.01782881126815
    1     -1     64757.0000000000       0.39111794025908       0.45465249320361      -0.01782881126815
    1     -1     64757.0000000000       0.00000000000000       0.00000000000000       0.00000000000000
    1     -1     64757.0000000000       0.00000000000000       0.00000000000000       0.00000000000000
    1     -1     64757.0000000000       0.38918816884090       0.45630614763928      -0.01781202236885
    1     -1     64758.0000000000       0.38918816884090       0.45630614763928      -0.01781202236885
    1     -1     64759.0000000000       0.38918816884090       0.45630614763928      -0.01781202236885
    1     -1     64759.0000000000       0.00000000000000       0.00000000000000       0.00000000000000
    1     -1     64759.0000000000       0.00000000000000       0.00000000000000       0.00000000000000
    1     -1     64759.0000000000       0.38724572819202       0.45795645264315      -0.01779417768656
    1     -1     64760.0000000000       0.38724572819202       0.45795645264315      -0.01779417768656
    1     -1     64761.0000000000       0.38724572819202       0.45795645264315      -0.01779417768656
    1     -1     64761.0000000000       0.00000000000000       0.00000000000000       0.00000000000000
    1     -1     64761.0000000000       0.00000000000000       0.00000000000000       0.00000000000000
    1     -1     64761.0000000000       0.38529057101317       0.45960332243746      -0.01777529670057
    1     -1     64762.0000000000       0.38529057101317       0.45960332243746      -0.01777529670057
    1     -1     64763.0000000000       0.38529057101317       0.45960332243746      -0.01777529670057
    1     -1     64763.0000000000       0.00000000000000       0.00000000000000       0.00000000000000
    1     -1     64763.0000000000       0.00000000000000       0.00000000000000       0.00000000000000
    1     -1     64763.0000000000       0.38332264979283       0.46124667073735      -0.01775539832027
    1     -1     64764.0000000000       0.38332264979283       0.46124667073735      -0.01775539832027
    1     -1     64765.0000000000       0.38332264979283       0.46124667073735      -0.01775539832027
    1     -1     64765.0000000000       0.00000000000000       0.00000000000000       0.00000000000000
    1     -1     64765.0000000000       0.00000000000000       0.00000000000000       0.00000000000000
    1     -1     64765.0000000000       0.38134191683124       0.46288641071492      -0.01773450092146
    1     -1     64766.0000000000       0.38134191683124       0.46288641071492      -0.01773450092146
    1     -1     64767.0000000000       0.38134191683124       0.46288641071492      -0.01773450092146
    1     -1     64767.0000000000       0.00000000000000       0.00000000000000       0.00000000000000
    1     -1     64767.0000000000       0.00000000000000       0.00000000000000       0.00000000000000
    1     -1     64767.0000000000       0.37934832425526       0.46452245497304      -0.01771262235093
    1     -1     64768.0000000000       0.37934832425526       0.46452245497304      -0.01771262235093
    1     -1     64769.0000000000       0.37934832425526       0.46452245497304      -0.01771262235093
    1     -1     64769.0000000000       0.00000000000000       0.00000000000000       0.00000000000000
    1     -1     64769.0000000000       0.00000000000000       0.00000000000000       0.00000000000000
    1     -1     64769.0000000000       0.37734182401490       0.46615471553521      -0.01768977991378
    1     -1     64770.0000000000       0.37734182401490       0.46615471553521      -0.01768977991378
    1     -1     64771.0000000000       0.37734182401490       0.46615471553521      -0.01768977991378
    1     -1     64771.0000000000       0.00000000000000       0.00000000000000       0.00000000000000
    1     -1     64771.0000000000       0.00000000000000       0.00000000000000       0.00000000000000
    1     -1     64771.0000000000       0.37532236794439       0.46778310377991      -0.01766599045211
    1     -1     64772.0000000000       0.37532236794439       0.46778310377991      -0.01766599045211
    1     -1     64773.0000000000       0.37532236794439       0.46778310377991      -0.01766599045211
    1     -1     64773.0000000000       0.00000000000000       0.00000000000000       0.00000000000000
    1     -1     64773.0000000000       0.00000000000000       0.00000000000000       0.00000000000000
    1     -1     64773.0000000000       0.37328990774697       0.46940753044254      -0.01764127030831
    1     -1     64774.0000000000       0.37328990774697       0.46940753044254      -0.01764127030831
    1     -1     64775.0000000000       0.37328990774697       0.46940753044254      -0.01764127030831
    1     -1     64775.0000000000       0.00000000000000       0.00000000000000       0.00000000000000
    1     -1     64775.0000000000       0.00000000000000       0.00000000000000       0.00000000000000
    1     -1     64775.0000000000       0.37124439503426       0.47102790557063      -0.01761563536736
    1     -1     64776.0000000000       0.37124439503426       0.47102790557063      -0.01761563536736
    1     -1     64777.0000000000       0.37124439503426       0.47102790557063      -0.01761563536736
    1     -1     64777.0000000000       0.00000000000000       0.00000000000000       0.00000000000000
    1     -1     64777.0000000000       0.00000000000000       0.00000000000000       0.00000000000000
    1     -1     64777.0000000000       0.36918578133018       0.47264413851014      -0.01758910104655
    1     -1     64778.0000000000       0.36918578133018       0.47264413851014      -0.01758910104655
    1     -1     64779.0000000000       0.36918578133018       0.47264413851014      -0.01758910104655
    1     -1     64779.0000000000       0.00000000000000       0.00000000000000       0.00000000000000
    1     -1     64779.0000000000       0.00000000000000       0.00000000000000       0.00000000000000
    1     -1     64779.0000000000       0.36711401811877       0.47425613785560      -0.01756168235056
    1     -1     64780.0000000000       0.36711401811877       0.47425613785560      -0.01756168235056
    1     -1     64781.0000000000       0.36711401811877       0.47425613785560      -0.01756168235056
    1     -1     64781.0000000000       0.00000000000000       0.00000000000000       0.00000000000000
    1     -1     64781.0000000000       0.00000000000000       0.00000000000000       0.00000000000000
    1     -1     64781.0000000000       0.36502905684118       0.47586381144427      -0.01753339383505
    1     -1     64782.0000000000       0.36502905684118       0.47586381144427      -0.01753339383505
    1     -1     64783.0000000000       0.36502905684118       0.47586381144427      -0.01753339383505
    1     -1     64783.0000000000       0.00000000000000       0.00000000000000       0.00000000000000
    1     -1     64783.0000000000       0.00000000000000       0.00000000000000       0.00000000000000
    1     -1     64783.0000000000       0.36293084893829       0.47746706631175      -0.01750424967223
    1     -1     64784.0000000000       0.36293084893829       0.47746706631175      -0.01750424967223
    1     -1     64785.0000000000       0.36293084893829       0.47746706631175      -0.01750424967223
    1     -1     64785.0000000000       0.00000000000000       0.00000000000000       0.00000000000000
    1     -1     64785.0000000000       0.00000000000000       0.00000000000000       0.00000000000000
    1     -1     64785.0000000000       0.36081934585323       0.47906580868373      -0.01747426359676
    1     -1     64786.0000000000       0.36081934585323       0.47906580868373      -0.01747426359676
    1     -1     64787.0000000000       0.36081934585323       0.47906580868373      -0.01747426359676
    1     -1     64787.0000000000       0.00000000000000       0.00000000000000       0.00000000000000
    1     -1     64787.0000000000       0.00000000000000       0.00000000000000       0.00000000000000
    1     -1     64787.0000000000       0.35869449908518       0.48065994392426      -0.01744344899246
    1     -1     64788.0000000000       0.35869449908518       0.48065994392426      -0.01744344899246
    1     -1     64789.0000000000       0.35869449908518       0.48065994392426      -0.01744344899246
    1     -1     64789.0000000000       0.00000000000000       0.00000000000000       0.00000000000000
    1     -1     64789.0000000000       0.00000000000000       0.00000000000000       0.00000000000000
    1     -1     64789.0000000000       0.35655626019164       0.48224937652882      -0.01741181885132
    1     -1     64790.0000000000       0.35655626019164       0.48224937652882      -0.01741181885132
    1     -1     64791.0000000000       0.35655626019164       0.48224937652882      -0.01741181885132
    1     -1     64791.0000000000       0.00000000000000       0.00000000000000       0.00000000000000
    1     -1     64791.0000000000       0.00000000000000       0.00000000000000       0.00000000000000
    1     -1     64791.0000000000       0.35440458083245       0.48383401008399      -0.01737938580693
    1     -1     64792.0000000000       0.35440458083245       0.48383401008399      -0.01737938580693
    1     -1     64793.0000000000       0.35440458083245       0.48383401008399      -0.01737938580693
    1     -1     64793.0000000000       0.00000000000000       0.00000000000000       0.00000000000000
    1     -1     64793.0000000000       0.00000000000000       0.00000000000000       0.00000000000000
    1     -1     64793.0000000000       0.35223941279373       0.48541374724433      -0.01734616213872
    1     -1     64794.0000000000       0.35223941279373       0.48541374724433      -0.01734616213872
    1     -1     64795.0000000000       0.35223941279373       0.48541374724433      -0.01734616213872
    1     -1     64795.0000000000       0.00000000000000       0.00000000000000       0.00000000000000
    1     -1     64795.0000000000       0.00000000000000       0.00000000000000       0.00000000000000
    1     -1     64795.0000000000       0.35006070802242       0.48698848970247      -0.01731215977722
    1     -1     64796.0000000000       0.35006070802242       0.48698848970247      -0.01731215977722
    1     -1     64797.0000000000       0.35006070802242       0.48698848970247      -0.01731215977722
    1     -1     64797.0000000000       0.00000000000000       0.00000000000000       0.00000000000000
    1     -1     64797.0000000000       0.00000000000000       0.00000000000000       0.00000000000000
    1     -1     64797.0000000000       0.34786841868289       0.48855813814369      -0.01727739033079
    1     -1     64798.0000000000       0.34786841868289       0.48855813814369      -0.01727739033079
    1     -1     64799.0000000000       0.34786841868289       0.48855813814369      -0.01727739033079
    1     -1     64799.0000000000       0.00000000000000       0.00000000000000       0.00000000000000
    1     -1     64799.0000000000       0.00000000000000       0.00000000000000       0.00000000000000
    1     -1     64799.0000000000       0.34566249721371       0.49012259220321      -0.01724186509608
    1     -1     64800.0000000000       0.34566249721371       0.49012259220321      -0.01724186509608
    1     -1     64801.0000000000       0.34566249721371       0.49012259220321      -0.01724186509608
    1     -1     64801.0000000000       0.00000000000000       0.00000000000000       0.00000000000000
    1     -1     64801.0000000000       0.00000000000000       0.00000000000000       0.00000000000000
    1     -1     64801.0000000000       0.34344289642443       0.49168175039699      -0.01720559508265
    1     -1     64802.0000000000       0.34344289642443       0.49168175039699      -0.01720559508265
    1     -1     64803.0000000000       0.34344289642443       0.49168175039699      -0.01720559508265
    1     -1     64803.0000000000       0.00000000000000       0.00000000000000       0.00000000000000
    1     -1     64803.0000000000       0.00000000000000       0.00000000000000       0.00000000000000
    1     -1     64803.0000000000       0.34120956962036       0.49323551003255      -0.01716859115982
    1     -1     64804.0000000000       0.34120956962036       0.49323551003255      -0.01716859115982
    1     -1     64805.0000000000       0.34120956962036       0.49323551003255      -0.01716859115982
    1     -1     64805.0000000000       0.00000000000000       0.00000000000000       0.00000000000000
    1     -1     64805.0000000000       0.00000000000000       0.00000000000000       0.00000000000000
    1     -1     64805.0000000000       0.33896247055365       0.49478376723615      -0.01713086441967
    1     -1     64806.0000000000       0.33896247055365       0.49478376723615      -0.01713086441967
    1     -1     64807.0000000000       0.33896247055365       0.49478376723615      -0.01713086441967
    1     -1     64807.0000000000       0.00000000000000       0.00000000000000       0.00000000000000
    1     -1     64807.0000000000       0.00000000000000       0.00000000000000       0.00000000000000
    1     -1     64807.0000000000       0.33726953192838       0.49594029790115      -0.01710213526212
    1     -1     64808.0000000000       0.33726953192838       0.49594029790115      -0.01710213526212
    1     -1     64808.0000000000       0.00000000000000       0.00000000000000       0.00000000000000
    1  57530     64808.0000000000      145215176.369033158     -376380024.952837169         359155.019990534       15.5686613743514        6.6805157767681       -0.2187072111682        2537.5442166361
    1  57530     64808.0000000000      145215176.369033158     -376380024.952837169         359155.019990534       15.5686613743514        6.6805157767681       -0.2187072111682        2497.5442166361
    1     -1     64808.0000000000       0.00000000000000       0.00000000000000       0.00000000000000
    1     -1     64808.0000000000       0.32102529288365       0.50481486202722      -0.04587718044306
    1     -1     64809.0000000000       0.32102529288365       0.50481486202722      -0.04587718044306
    1     -1     64810.0000000000       0.32102529288365       0.50481486202722      -0.04587718044306
    1     -1     64810.0000000000       0.00000000000000       0.00000000000000       0.00000000000000
    1     -1     64810.0000000000       0.00000000000000       0.00000000000000       0.00000000000000
    1     -1     64810.0000000000       0.31961428411198       0.50490847725700      -0.05398275896623
    1     -1     64811.0000000000       0.31961428411198       0.50490847725700      -0.05398275896623
    1     -1     64812.0000000000       0.31961428411198       0.50490847725700      -0.05398275896623
    1     -1     64812.0000000000       0.00000000000000       0.00000000000000       0.00000000000000
    1     -1     64812.0000000000       0.00000000000000       0.00000000000000       0.00000000000000
    1     -1     64812.0000000000       0.31802153668877       0.50493294961852      -0.06249014219582
    1     -1     64813.0000000000       0.31802153668877       0.50493294961852      -0.06249014219582
    1     -1     64814.0000000000       0.31802153668877       0.50493294961852      -0.06249014219582
    1     -1     64814.0000000000       0.00000000000000       0.00000000000000       0.00000000000000
    1     -1     64814.0000000000       0.00000000000000       0.00000000000000       0.00000000000000
    1     -1     64814.0000000000       0.31622972604333       0.50487359532045      -0.07142417234215
    1     -1     64815.0000000000       0.31622972604333       0.50487359532045      -0.07142417234215
    1     -1     64816.0000000000       0.31622972604333       0.50487359532045      -0.07142417234215
    1     -1     64816.0000000000       0.00000000000000       0.00000000000000       0.00000000000000
    1     -1     64816.0000000000       0.00000000000000       0.00000000000000       0.00000000000000
    1     -1     64816.0000000000       0.31421960088272       0.50471341900433      -0.08081092981807
    1     -1     64817.0000000000       0.31421960088272       0.50471341900433      -0.08081092981807
    1     -1     64818.0000000000       0.31421960088272       0.50471341900433      -0.08081092981807
    1     -1     64818.0000000000       0.00000000000000       0.00000000000000       0.00000000000000
    1     -1     64818.0000000000       0.00000000000000       0.00000000000000       0.00000000000000
    1     -1     64818.0000000000       0.31196968848110       0.50443280156950      -0.09067778917543
    1     -1     64819.0000000000       0.31196968848110       0.50443280156950      -0.09067778917543
    1     -1     64820.0000000000       0.31196968848110       0.50443280156950      -0.09067778917543
    1     -1     64820.0000000000       0.00000000000000       0.00000000000000       0.00000000000000
    1     -1     64820.0000000000       0.00000000000000       0.00000000000000       0.00000000000000
    1     -1     64820.0000000000       0.30945604104081       0.50400910665877      -0.10105334407319
    1     -1     64821.0000000000       0.30945604104081       0.50400910665877      -0.10105334407319
    1     -1     64822.0000000000       0.30945604104081       0.50400910665877      -0.10105334407319
    1     -1     64822.0000000000       0.00000000000000       0.00000000000000       0.00000000000000
    1     -1     64822.0000000000       0.00000000000000       0.00000000000000       0.00000000000000
    1     -1     64822.0000000000       0.30665197548711       0.50341623430842      -0.11196722844020
    1     -1     64823.0000000000       0.30665197548711       0.50341623430842      -0.11196722844020
    1     -1     64824.0000000000       0.30665197548711       0.50341623430842      -0.11196722844020
    1     -1     64824.0000000000       0.00000000000000       0.00000000000000       0.00000000000000
    1     -1     64824.0000000000       0.00000000000000       0.00000000000000       0.00000000000000
    1     -1     64824.0000000000       0.30352779587266       0.50262412322447      -0.12344985688738
    1     -1     64825.0000000000       0.30352779587266       0.50262412322447      -0.12344985688738
    1     -1     64826.0000000000       0.30352779587266       0.50262412322447      -0.12344985688738
    1     -1     64826.0000000000       0.00000000000000       0.00000000000000       0.00000000000000
    1     -1     64826.0000000000       0.00000000000000       0.00000000000000       0.00000000000000
    1     -1     64826.0000000000       0.30005050768790       0.50159819975745      -0.13553205567804
    1     -1     64827.0000000000       0.30005050768790       0.50159819975745      -0.13553205567804
    1     -1     64828.0000000000       0.30005050768790       0.50159819975745      -0.13553205567804
    1     -1     64828.0000000000       0.00000000000000       0.00000000000000       0.00000000000000
    1     -1     64828.0000000000       0.00000000000000       0.00000000000000       0.00000000000000
    1     -1     64828.0000000000       0.29618353330888       0.50029877666061      -0.14824455453257
    1     -1     64829.0000000000       0.29618353330888       0.50029877666061      -0.14824455453257
    1     -1     64830.0000000000       0.29618353330888       0.50029877666061      -0.14824455453257
    1     -1     64830.0000000000       0.00000000000000       0.00000000000000       0.00000000000000
    1     -1     64830.0000000000       0.00000000000000       0.00000000000000       0.00000000000000
    1     -1     64830.0000000000       0.29188643346892       0.49868040197884      -0.16161734411570
    1     -1     64831.0000000000       0.29188643346892       0.49868040197884      -0.16161734411570
    1     -1     64832.0000000000       0.29188643346892       0.49868040197884      -0.16161734411570
    1     -1     64832.0000000000       0.00000000000000       0.00000000000000       0.00000000000000
    1     -1     64832.0000000000       0.00000000000000       0.00000000000000       0.00000000000000
    1     -1     64832.0000000000       0.28711479108737       0.49669119847341      -0.17567853989007
    1     -1     64833.0000000000       0.28711479108737       0.49669119847341      -0.17567853989007
    1     -1     64834.0000000000       0.28711479108737       0.49669119847341      -0.17567853989007
    1     -1     64834.0000000000       0.00000000000000       0.00000000000000       0.00000000000000
    1     -1     64834.0000000000       0.00000000000000       0.00000000000000       0.00000000000000
    1     -1     64834.0000000000       0.15022451515999       0.26347254680719      -0.10152134821401
    1     -1     64835.0000000000       0.15022451515999       0.26347254680719      -0.10152134821401
    1     -1     64836.0000000000       0.15022451515999       0.26347254680719      -0.10152134821401
    1     -1     64836.0000000000       0.00000000000000       0.00000000000000       0.00000000000000
    1     -1     64908.0000000000       0.00000000000000       0.00000000000000       0.00000000000000
    1     -1     64908.0000000000      -0.11171772618030      -0.05889085521532      -0.24021378709255
    1     -1     64909.0000000000      -0.11171772618030      -0.05889085521532      -0.24021378709255
    1     -1     64910.0000000000      -0.11171772618030      -0.05889085521532      -0.24021378709255
    1     -1     64910.0000000000       0.00000000000000       0.00000000000000       0.00000000000000
    1     -1     64910.0000000000       0.00000000000000       0.00000000000000       0.00000000000000
    1     -1     64910.0000000000      -0.25403999577129      -0.14268196567122      -0.52450503953796
    1     -1     64911.0000000000      -0.25403999577129      -0.14268196567122      -0.52450503953796
    1     -1     64912.0000000000      -0.25403999577129      -0.14268196567122      -0.52450503953796
    1     -1     64912.0000000000       0.00000000000000       0.00000000000000       0.00000000000000
    1     -1     64912.0000000000       0.00000000000000       0.00000000000000       0.00000000000000
    1     -1     64912.0000000000      -0.26054394915332      -0.15437075822022      -0.51796382001652
    1     -1     64913.0000000000      -0.26054394915332      -0.15437075822022      -0.51796382001652
    1     -1     64914.0000000000      -0.26054394915332      -0.15437075822022      -0.51796382001652
    1     -1     64914.0000000000       0.00000000000000       0.00000000000000       0.00000000000000
    1     -1     64914.0000000000       0.00000000000000       0.00000000000000       0.00000000000000
    1     -1     64914.0000000000      -0.26655066600148      -0.16531913924544      -0.51148834193295
    1     -1     64915.0000000000      -0.26655066600148      -0.16531913924544      -0.51148834193295
    1     -1     64916.0000000000      -0.26655066600148      -0.16531913924544      -0.51148834193295
    1     -1     64916.0000000000       0.00000000000000       0.00000000000000       0.00000000000000
    1     -1     64916.0000000000       0.00000000000000       0.00000000000000       0.00000000000000
    1     -1     64916.0000000000      -0.27210362456521      -0.17557820508674      -0.50510584106402
    1     -1     64917.0000000000      -0.27210362456521      -0.17557820508674      -0.50510584106402
    1     -1     64918.0000000000      -0.27210362456521      -0.17557820508674      -0.50510584106402
    1     -1     64918.0000000000       0.00000000000000       0.00000000000000       0.00000000000000
    1     -1     64918.0000000000       0.00000000000000       0.00000000000000       0.00000000000000
    1     -1     64918.0000000000      -0.27724284125272      -0.18519657248487      -0.49883728388521
    1     -1     64919.0000000000      -0.27724284125272      -0.18519657248487      -0.49883728388521
    1     -1     64920.0000000000      -0.27724284125272      -0.18519657248487      -0.49883728388521
    1     -1     64920.0000000000       0.00000000000000       0.00000000000000       0.00000000000000
    1     -1     64920.0000000000       0.00000000000000       0.00000000000000       0.00000000000000
    1     -1     64920.0000000000      -0.28200499453833      -0.19422010928355      -0.49269841839133
    1     -1     64921.0000000000      -0.28200499453833      -0.19422010928355      -0.49269841839133
    1     -1     64922.0000000000      -0.28200499453833      -0.19422010928355      -0.49269841839133
    1     -1     64922.0000000000       0.00000000000000       0.00000000000000       0.00000000000000
    1     -1     64922.0000000000       0.00000000000000       0.00000000000000       0.00000000000000
    1     -1     64922.0000000000      -0.28642358358950      -0.20269180155148      -0.48670069203522
    1     -1     64923.0000000000      -0.28642358358950      -0.20269180155148      -0.48670069203522
    1     -1     64924.0000000000      -0.28642358358950      -0.20269180155148      -0.48670069203522
    1     -1     64924.0000000000       0.00000000000000       0.00000000000000       0.00000000000000
    1     -1     64924.0000000000       0.00000000000000       0.00000000000000       0.00000000000000
    1     -1     64924.0000000000      -0.29052912250412      -0.21065172517010      -0.48085203435137
    1     -1     64925.0000000000      -0.29052912250412      -0.21065172517010      -0.48085203435137
    1     -1     64926.0000000000      -0.29052912250412      -0.21065172517010      -0.48085203435137
    1     -1     64926.0000000000       0.00000000000000       0.00000000000000       0.00000000000000
    1     -1     64926.0000000000       0.00000000000000       0.00000000000000       0.00000000000000
    1     -1     64926.0000000000      -0.29434935320066      -0.21813709117413      -0.47515751809736
    1     -1     64927.0000000000      -0.29434935320066      -0.21813709117413      -0.47515751809736
    1     -1     64928.0000000000      -0.29434935320066      -0.21813709117413      -0.47515751809736
    1     -1     64928.0000000000       0.00000000000000       0.00000000000000       0.00000000000000
    1     -1     64928.0000000000       0.00000000000000       0.00000000000000       0.00000000000000
    1     -1     64928.0000000000      -0.29790946445495      -0.22518234175230      -0.46961991358024
    1     -1     64929.0000000000      -0.29790946445495      -0.22518234175230      -0.46961991358024
    1     -1     64930.0000000000      -0.29790946445495      -0.22518234175230      -0.46961991358024
    1     -1     64930.0000000000       0.00000000000000       0.00000000000000       0.00000000000000
    1     -1     64930.0000000000       0.00000000000000       0.00000000000000       0.00000000000000
    1     -1     64930.0000000000      -0.30123230857433      -0.23181927926110      -0.46424015047585
    1     -1     64931.0000000000      -0.30123230857433      -0.23181927926110      -0.46424015047585
    1     -1     64932.0000000000      -0.30123230857433      -0.23181927926110      -0.46424015047585
    1     -1     64932.0000000000       0.00000000000000       0.00000000000000       0.00000000000000
    1     -1     64932.0000000000       0.00000000000000       0.00000000000000       0.00000000000000
    1     -1     64932.0000000000      -0.30433861014029      -0.23807721496746      -0.45901770049881
    1     -1     64933.0000000000      -0.30433861014029      -0.23807721496746      -0.45901770049881
    1     -1     64934.0000000000      -0.30433861014029      -0.23807721496746      -0.45901770049881
    1     -1     64934.0000000000       0.00000000000000       0.00000000000000       0.00000000000000
    1     -1     64934.0000000000       0.00000000000000       0.00000000000000       0.00000000000000
    1     -1     64934.0000000000      -0.30724716336195      -0.24398312790382      -0.45395089292159
    1     -1     64935.0000000000      -0.30724716336195      -0.24398312790382      -0.45395089292159
    1     -1     64936.0000000000      -0.30724716336195      -0.24398312790382      -0.45395089292159
    1     -1     64936.0000000000       0.00000000000000       0.00000000000000       0.00000000000000
    1     -1     64936.0000000000       0.00000000000000       0.00000000000000       0.00000000000000
    1     -1     64936.0000000000      -0.30997501609833      -0.24956182690403      -0.44903717354710
    1     -1     64937.0000000000      -0.30997501609833      -0.24956182690403      -0.44903717354710
    1     -1     64938.0000000000      -0.30997501609833      -0.24956182690403      -0.44903717354710
    1     -1     64938.0000000000       0.00000000000000       0.00000000000000       0.00000000000000
    1     -1     64938.0000000000       0.00000000000000       0.00000000000000       0.00000000000000
    1     -1     64938.0000000000      -0.31253763967893      -0.25483611093487      -0.44427331635775
    1     -1     64939.0000000000      -0.31253763967893      -0.25483611093487      -0.44427331635775
    1     -1     64940.0000000000      -0.31253763967893      -0.25483611093487      -0.44427331635775
    1     -1     64940.0000000000       0.00000000000000       0.00000000000000       0.00000000000000
    1     -1     64940.0000000000       0.00000000000000       0.00000000000000       0.00000000000000
    1     -1     64940.0000000000      -0.31494908438628      -0.25982692441282      -0.43965559575015
    1     -1     64941.0000000000      -0.31494908438628      -0.25982692441282      -0.43965559575015
    1     -1     64942.0000000000      -0.31494908438628      -0.25982692441282      -0.43965559575015
    1     -1     64942.0000000000       0.00000000000000       0.00000000000000       0.00000000000000
    1     -1     64942.0000000000       0.00000000000000       0.00000000000000       0.00000000000000
    1     -1     64942.0000000000      -0.31722212094865      -0.26455350535063      -0.43517992608522
    1     -1     64943.0000000000      -0.31722212094865      -0.26455350535063      -0.43517992608522
    1     -1     64944.0000000000      -0.31722212094865      -0.26455350535063      -0.43517992608522
    1     -1     64944.0000000000       0.00000000000000       0.00000000000000       0.00000000000000
    1     -1     64944.0000000000       0.00000000000000       0.00000000000000       0.00000000000000
    1     -1     64944.0000000000      -0.31936836870168      -0.26903352505887      -0.43084197421703
    1     -1     64945.0000000000      -0.31936836870168      -0.26903352505887      -0.43084197421703
    1     -1     64946.0000000000      -0.31936836870168      -0.26903352505887      -0.43084197421703
    1     -1     64946.0000000000       0.00000000000000       0.00000000000000       0.00000000000000
    1     -1     64946.0000000000       0.00000000000000       0.00000000000000       0.00000000000000
    1     -1     64946.0000000000      -0.32139841126171      -0.27328321872709      -0.42663724975746
    1     -1     64947.0000000000      -0.32139841126171      -0.27328321872709      -0.42663724975746
    1     -1     64948.0000000000      -0.32139841126171      -0.27328321872709      -0.42663724975746
    1     -1     64948.0000000000       0.00000000000000       0.00000000000000       0.00000000000000
    1     -1     64948.0000000000       0.00000000000000       0.00000000000000       0.00000000000000
    1     -1     64948.0000000000      -0.32332190064756      -0.27731750662954      -0.42256117706011
    1     -1     64949.0000000000      -0.32332190064756      -0.27731750662954      -0.42256117706011
    1     -1     64950.0000000000      -0.32332190064756      -0.27731750662954      -0.42256117706011
    1     -1     64950.0000000000       0.00000000000000       0.00000000000000       0.00000000000000
    1     -1     64950.0000000000       0.00000000000000       0.00000000000000       0.00000000000000
    1     -1     64950.0000000000      -0.32514765080820      -0.28115010606699      -0.41860915220816
    1     -1     64951.0000000000      -0.32514765080820      -0.28115010606699      -0.41860915220816
    1     -1     64952.0000000000      -0.32514765080820      -0.28115010606699      -0.41860915220816
    1     -1     64952.0000000000       0.00000000000000       0.00000000000000       0.00000000000000
    1     -1     64952.0000000000       0.00000000000000       0.00000000000000       0.00000000000000
    1     -1     64952.0000000000      -0.32688372153242      -0.28479363427217      -0.41477658776161
    1     -1     64953.0000000000      -0.32688372153242      -0.28479363427217      -0.41477658776161
    1     -1     64954.0000000000      -0.32688372153242      -0.28479363427217      -0.41477658776161
    1     -1     64954.0000000000       0.00000000000000       0.00000000000000       0.00000000000000
    1     -1     64954.0000000000       0.00000000000000       0.00000000000000       0.00000000000000
    1     -1     64954.0000000000      -0.32853749362791      -0.28825970275582      -0.41105894750974
    1     -1     64955.0000000000      -0.32853749362791      -0.28825970275582      -0.41105894750974
    1     -1     64956.0000000000      -0.32853749362791      -0.28825970275582      -0.41105894750974
    1     -1     64956.0000000000       0.00000000000000       0.00000000000000       0.00000000000000
    1     -1     64956.0000000000       0.00000000000000       0.00000000000000       0.00000000000000
    1     -1     64956.0000000000      -0.33011573624131      -0.29155900353507      -0.40745177312597
    1     -1     64957.0000000000      -0.33011573624131      -0.29155900353507      -0.40745177312597
    1     -1     64958.0000000000      -0.33011573624131      -0.29155900353507      -0.40745177312597
    1     -1     64958.0000000000       0.00000000000000       0.00000000000000       0.00000000000000
    1  53410     64958.0000000000      312491375.669758081     -226027027.150294811       -5249331.388104743        8.7138985056474       15.3354068727422       -1.0727257135642        2397.1449294942
    1  53410     64958.0000000000      312491375.669758081     -226027027.150294811       -5249331.388104743        8.7138985056474       15.3354068727422       -1.0727257135642        2357.1449294942
    1     -1     64958.0000000000       0.00000000000000       0.00000000000000       0.00000000000000
    1     -1     64958.0000000000       0.55718468900962      -0.00715128026196      -0.22247265181111
    1     -1     64959.0000000000       0.55718468900962      -0.00715128026196      -0.22247265181111
    1     -1     64960.0000000000       0.55718468900962      -0.00715128026196      -0.22247265181111
    1     -1     64960.0000000000       0.00000000000000       0.00000000000000       0.00000000000000
    1     -1     64960.0000000000       0.00000000000000       0.00000000000000       0.00000000000000
    1     -1     64960.0000000000       0.55755959262182      -0.00817233278063      -0.22149607881928
    1     -1     64961.0000000000       0.55755959262182      -0.00817233278063      -0.22149607881928
    1     -1     64962.0000000000       0.55755959262182      -0.00817233278063      -0.22149607881928
    1     -1     64962.0000000000       0.00000000000000       0.00000000000000       0.00000000000000
    1     -1     64962.0000000000       0.00000000000000       0.00000000000000       0.00000000000000
    1     -1     64962.0000000000       0.55795234400063      -0.00928068917213      -0.22046099408443
    1     -1     64963.0000000000       0.55795234400063      -0.00928068917213      -0.22046099408443
    1     -1     64964.0000000000       0.55795234400063      -0.00928068917213      -0.22046099408443
    1     -1     64964.0000000000       0.00000000000000       0.00000000000000       0.00000000000000
    1     -1     64964.0000000000       0.00000000000000       0.00000000000000       0.00000000000000
    1     -1     64964.0000000000       0.55836307296460      -0.01047925342986      -0.21936468101562
    1     -1     64965.0000000000       0.55836307296460      -0.01047925342986      -0.21936468101562
    1     -1     64966.0000000000       0.55836307296460      -0.01047925342986      -0.21936468101562
    1     -1     64966.0000000000       0.00000000000000       0.00000000000000       0.00000000000000
    1     -1     64966.0000000000       0.00000000000000       0.00000000000000       0.00000000000000
    1     -1     64966.0000000000       0.55879185519226      -0.01177105857858      -0.21820427133935
    1     -1     64967.0000000000       0.55879185519226      -0.01177105857858      -0.21820427133935
    1     -1     64968.0000000000       0.55879185519226      -0.01177105857858      -0.21820427133935
    1     -1     64968.0000000000       0.00000000000000       0.00000000000000       0.00000000000000
    1     -1     64968.0000000000       0.00000000000000       0.00000000000000       0.00000000000000
    1     -1     64968.0000000000       0.55923870469466      -0.01315927306694      -0.21697673604280
    1     -1     64969.0000000000       0.55923870469466      -0.01315927306694      -0.21697673604280
    1     -1     64970.0000000000       0.55923870469466      -0.01315927306694      -0.21697673604280
    1     -1     64970.0000000000       0.00000000000000       0.00000000000000       0.00000000000000
    1     -1     64970.0000000000       0.00000000000000       0.00000000000000       0.00000000000000
    1     -1     64970.0000000000       0.55970356555353      -0.01464720743869      -0.21567887541647
    1     -1     64971.0000000000       0.55970356555353      -0.01464720743869      -0.21567887541647
    1     -1     64972.0000000000       0.55970356555353      -0.01464720743869      -0.21567887541647
    1     -1     64972.0000000000       0.00000000000000       0.00000000000000       0.00000000000000
    1     -1     64972.0000000000       0.00000000000000       0.00000000000000       0.00000000000000
    1     -1     64972.0000000000       0.56018630275051      -0.01623832127398      -0.21430730835163
    1     -1     64973.0000000000       0.56018630275051      -0.01623832127398      -0.21430730835163
    1     -1     64974.0000000000       0.56018630275051      -0.01623832127398      -0.21430730835163
    1     -1     64974.0000000000       0.00000000000000       0.00000000000000       0.00000000000000
    1     -1     64974.0000000000       0.00000000000000       0.00000000000000       0.00000000000000
    1     -1     64974.0000000000       0.56068669195549      -0.01793623035981      -0.21285846091825
    1     -1     64975.0000000000       0.56068669195549      -0.01793623035981      -0.21285846091825
    1     -1     64976.0000000000       0.56068669195549      -0.01793623035981      -0.21285846091825
    1     -1     64976.0000000000       0.00000000000000       0.00000000000000       0.00000000000000
    1     -1     64976.0000000000       0.00000000000000       0.00000000000000       0.00000000000000
    1     -1     64976.0000000000       0.56120440814071      -0.01974471405106      -0.21132855422417
    1     -1     64977.0000000000       0.56120440814071      -0.01974471405106      -0.21132855422417
    1     -1     64978.0000000000       0.56120440814071      -0.01974471405106      -0.21132855422417
    1     -1     64978.0000000000       0.00000000000000       0.00000000000000       0.00000000000000
    1     -1     64978.0000000000       0.00000000000000       0.00000000000000       0.00000000000000
    1     -1     64978.0000000000       0.56173901290194      -0.02166772286533      -0.20971359147606
    1     -1     64979.0000000000       0.56173901290194      -0.02166772286533      -0.20971359147606
    1     -1     64980.0000000000       0.56173901290194      -0.02166772286533      -0.20971359147606
    1     -1     64980.0000000000       0.00000000000000       0.00000000000000       0.00000000000000
    1     -1     64980.0000000000       0.00000000000000       0.00000000000000       0.00000000000000
    1     -1     64980.0000000000       0.56228994032094      -0.02370938621576      -0.20800934425920
    1     -1     64981.0000000000       0.56228994032094      -0.02370938621576      -0.20800934425920
    1     -1     64982.0000000000       0.56228994032094      -0.02370938621576      -0.20800934425920
    1     -1     64982.0000000000       0.00000000000000       0.00000000000000       0.00000000000000
    1     -1     64982.0000000000       0.00000000000000       0.00000000000000       0.00000000000000
    1     -1     64982.0000000000       0.56285648121304      -0.02587402027633      -0.20621133797930
    1     -1     64983.0000000000       0.56285648121304      -0.02587402027633      -0.20621133797930
    1     -1     64984.0000000000       0.56285648121304      -0.02587402027633      -0.20621133797930
    1     -1     64984.0000000000       0.00000000000000       0.00000000000000       0.00000000000000
    1     -1     64984.0000000000       0.00000000000000       0.00000000000000       0.00000000000000
    1     -1     64984.0000000000       0.56343776557534      -0.02816613591621      -0.20431483644370
    1     -1     64985.0000000000       0.56343776557534      -0.02816613591621      -0.20431483644370
    1     -1     64986.0000000000       0.56343776557534      -0.02816613591621      -0.20431483644370
    1     -1     64986.0000000000       0.00000000000000       0.00000000000000       0.00000000000000
    1     -1     64986.0000000000       0.00000000000000       0.00000000000000       0.00000000000000
    1     -1     64986.0000000000       0.56403274303098      -0.03059044662228      -0.20231482556749
    1     -1     64987.0000000000       0.56403274303098      -0.03059044662228      -0.20231482556749
    1     -1     64988.0000000000       0.56403274303098      -0.03059044662228      -0.20231482556749
    1     -1     64988.0000000000       0.00000000000000       0.00000000000000       0.00000000000000
    1     -1     64988.0000000000       0.00000000000000       0.00000000000000       0.00000000000000
    1     -1     64988.0000000000       0.56464016104143      -0.03315187629536      -0.20020599620693
    1     -1     64989.0000000000       0.56464016104143      -0.03315187629536      -0.20020599620693
    1     -1     64990.0000000000       0.56464016104143      -0.03315187629536      -0.20020599620693
    1     -1     64990.0000000000       0.00000000000000       0.00000000000000       0.00000000000000
    1     -1     64990.0000000000       0.00000000000000       0.00000000000000       0.00000000000000
    1     -1     64990.0000000000       0.56525854064124      -0.03585556680574      -0.19798272611814
    1     -1     64991.0000000000       0.56525854064124      -0.03585556680574      -0.19798272611814
    1     -1     64992.0000000000       0.56525854064124      -0.03585556680574      -0.19798272611814
    1     -1     64992.0000000000       0.00000000000000       0.00000000000000       0.00000000000000
    1     -1     64992.0000000000       0.00000000000000       0.00000000000000       0.00000000000000
    1     -1     64992.0000000000       0.56588614942630      -0.03870688517679      -0.19563906104708
    1     -1     64993.0000000000       0.56588614942630      -0.03870688517679      -0.19563906104708
    1     -1     64994.0000000000       0.56588614942630      -0.03870688517679      -0.19563906104708
    1     -1     64994.0000000000       0.00000000000000       0.00000000000000       0.00000000000000
    1     -1     64994.0000000000       0.00000000000000       0.00000000000000       0.00000000000000
    1     -1     64994.0000000000       0.56652097147634      -0.04171143006426      -0.19316869508151
    1     -1     64995.0000000000       0.56652097147634      -0.04171143006426      -0.19316869508151
    1     -1     64996.0000000000       0.56652097147634      -0.04171143006426      -0.19316869508151
    1     -1     64996.0000000000       0.00000000000000       0.00000000000000       0.00000000000000
    1     -1     64996.0000000000       0.00000000000000       0.00000000000000       0.00000000000000
    1     -1     64996.0000000000       0.56716067392568      -0.04487503754861      -0.19056495018018
    1     -1     64997.0000000000       0.56716067392568      -0.04487503754861      -0.19056495018018
    1     -1     64998.0000000000       0.56716067392568      -0.04487503754861      -0.19056495018018
    1     -1     64998.0000000000       0.00000000000000       0.00000000000000       0.00000000000000
    1     -1     64998.0000000000       0.00000000000000       0.00000000000000       0.00000000000000
    1     -1     64998.0000000000       0.56780256979628      -0.04820378573511      -0.18782075511918
    1     -1     64999.0000000000       0.56780256979628      -0.04820378573511      -0.18782075511918
    1     -1     65000.0000000000       0.56780256979628      -0.04820378573511      -0.18782075511918
    1     -1     65000.0000000000       0.00000000000000       0.00000000000000       0.00000000000000
    1     -1     65000.0000000000       0.00000000000000       0.00000000000000       0.00000000000000
    1     -1     65000.0000000000       0.56844357674438      -0.05170399807305      -0.18492862385611
    1     -1     65001.0000000000       0.56844357674438      -0.05170399807305      -0.18492862385611
    1     -1     65002.0000000000       0.56844357674438      -0.05170399807305      -0.18492862385611
    1     -1     65002.0000000000       0.00000000000000       0.00000000000000       0.00000000000000
    1     -1     65002.0000000000       0.00000000000000       0.00000000000000       0.00000000000000
    1     -1     65002.0000000000       0.56908017129119      -0.05538224480300      -0.18188063361384
    1     -1     65003.0000000000       0.56908017129119      -0.05538224480300      -0.18188063361384
    1     -1     65004.0000000000       0.56908017129119      -0.05538224480300      -0.18188063361384
    1     -1     65004.0000000000       0.00000000000000       0.00000000000000       0.00000000000000
    1     -1     65004.0000000000       0.00000000000000       0.00000000000000       0.00000000000000
    1     -1     65004.0000000000       0.56970833813546      -0.05924534240599      -0.17866840275248
    1     -1     65005.0000000000       0.56970833813546      -0.05924534240599      -0.17866840275248
    1     -1     65006.0000000000       0.56970833813546      -0.05924534240599      -0.17866840275248
    1     -1     65006.0000000000       0.00000000000000       0.00000000000000       0.00000000000000
    1     -1     65006.0000000000       0.00000000000000       0.00000000000000       0.00000000000000
    1     -1     65006.0000000000       0.57032351407273      -0.06330035038760      -0.17528306882451
    1     -1     65007.0000000000       0.57032351407273      -0.06330035038760      -0.17528306882451
    1     -1     65008.0000000000       0.57032351407273      -0.06330035038760      -0.17528306882451
    1     -1     65008.0000000000       0.00000000000000       0.00000000000000       0.00000000000000
    1     -1     65008.0000000000       0.00000000000000       0.00000000000000       0.00000000000000
    1     -1     65008.0000000000       0.57092052603425      -0.06755456385190      -0.17171526762508
    1     -1     65009.0000000000       0.57092052603425      -0.06755456385190      -0.17171526762508
    1     -1     65010.0000000000       0.57092052603425      -0.06755456385190      -0.17171526762508
    1     -1     65010.0000000000       0.00000000000000       0.00000000000000       0.00000000000000
    1     -1     65010.0000000000       0.00000000000000       0.00000000000000       0.00000000000000
    1     -1     65010.0000000000       0.57149352311366      -0.07201550082972      -0.16795511293015
    1     -1     65011.0000000000       0.57149352311366      -0.07201550082972      -0.16795511293015
    1     -1     65012.0000000000       0.57149352311366      -0.07201550082972      -0.16795511293015
    1     -1     65012.0000000000       0.00000000000000       0.00000000000000       0.00000000000000
    1     -1     65012.0000000000       0.00000000000000       0.00000000000000       0.00000000000000
    1     -1     65012.0000000000       0.57203590346946      -0.07669089256938      -0.16399216877276
    1     -1     65013.0000000000       0.57203590346946      -0.07669089256938      -0.16399216877276
    1     -1     65014.0000000000       0.57203590346946      -0.07669089256938      -0.16399216877276
    1     -1     65014.0000000000       0.00000000000000       0.00000000000000       0.00000000000000
    1     -1     65014.0000000000       0.00000000000000       0.00000000000000       0.00000000000000
    1     -1     65014.0000000000       0.57254024218645      -0.08158846832129      -0.15981549422400
    1     -1     65015.0000000000       0.57254024218645      -0.08158846832129      -0.15981549422400
    1     -1     65016.0000000000       0.57254024218645      -0.08158846832129      -0.15981549422400
    1     -1     65016.0000000000       0.00000000000000       0.00000000000000       0.00000000000000
    1     -1     65016.0000000000       0.00000000000000       0.00000000000000       0.00000000000000
    1     -1     65016.0000000000       0.35407899192483      -0.05358564457696      -0.09603648898933
    1     -1     65017.0000000000       0.35407899192483      -0.05358564457696      -0.09603648898933
    1     -1     65018.0000000000       0.35407899192483      -0.05358564457696      -0.09603648898933
    1     -1     65018.0000000000       0.00000000000000       0.00000000000000       0.00000000000000
    1     -1     65172.0000000000       0.00000000000000       0.00000000000000       0.00000000000000
    1     -1     65172.0000000000      -0.10367919565269      -0.18945020237578       0.22360654551547
    1     -1     65173.0000000000      -0.10367919565269      -0.18945020237578       0.22360654551547
    1     -1     65174.0000000000      -0.10367919565269      -0.18945020237578       0.22360654551547
    1     -1     65174.0000000000       0.00000000000000       0.00000000000000       0.00000000000000
    1     -1     65174.0000000000       0.00000000000000       0.00000000000000       0.00000000000000
    1     -1     65174.0000000000      -0.20671781290135      -0.36256581242870       0.43106122159990
    1     -1     65175.0000000000      -0.20671781290135      -0.36256581242870       0.43106122159990
    1     -1     65176.0000000000      -0.20671781290135      -0.36256581242870       0.43106122159990
    1     -1     65176.0000000000       0.00000000000000       0.00000000000000       0.00000000000000
    1     -1     65176.0000000000       0.00000000000000       0.00000000000000       0.00000000000000
    1     -1     65176.0000000000      -0.21314449374022      -0.35952773358947       0.43047558914326
    1     -1     65177.0000000000      -0.21314449374022      -0.35952773358947       0.43047558914326
    1     -1     65178.0000000000      -0.21314449374022      -0.35952773358947       0.43047558914326
    1     -1     65178.0000000000       0.00000000000000       0.00000000000000       0.00000000000000
    1     -1     65178.0000000000       0.00000000000000       0.00000000000000       0.00000000000000
    1     -1     65178.0000000000      -0.21939669498774      -0.35653689334784       0.42982151317766
    1     -1     65179.0000000000      -0.21939669498774      -0.35653689334784       0.42982151317766
    1     -1     65180.0000000000      -0.21939669498774      -0.35653689334784       0.42982151317766
    1     -1     65180.0000000000       0.00000000000000       0.00000000000000       0.00000000000000
    1     -1     65180.0000000000       0.00000000000000       0.00000000000000       0.00000000000000
    1     -1     65180.0000000000      -0.22548230288343      -0.35359407076200       0.42910250930091
    1     -1     65181.0000000000      -0.22548230288343      -0.35359407076200       0.42910250930091
    1     -1     65182.0000000000      -0.22548230288343      -0.35359407076200       0.42910250930091
    1     -1     65182.0000000000       0.00000000000000       0.00000000000000       0.00000000000000
    1     -1     65182.0000000000       0.00000000000000       0.00000000000000       0.00000000000000
    1     -1     65182.0000000000      -0.23140911221522      -0.35069972878333       0.42832175090119
    1     -1     65183.0000000000      -0.23140911221522      -0.35069972878333       0.42832175090119
    1     -1     65184.0000000000      -0.23140911221522      -0.35069972878333       0.42832175090119
    1     -1     65184.0000000000       0.00000000000000       0.00000000000000       0.00000000000000
    1     -1     65184.0000000000       0.00000000000000       0.00000000000000       0.00000000000000
    1     -1     65184.0000000000      -0.23718435960936      -0.34785427271697       0.42748214440985
    1     -1     65185.0000000000      -0.23718435960936      -0.34785427271697       0.42748214440985
    1     -1     65186.0000000000      -0.23718435960936      -0.34785427271697       0.42748214440985
    1     -1     65186.0000000000       0.00000000000000       0.00000000000000       0.00000000000000
    1     -1     65186.0000000000       0.00000000000000       0.00000000000000       0.00000000000000
    1     -1     65186.0000000000      -0.24281487509303      -0.34505800605748       0.42658634315832
    1     -1     65187.0000000000      -0.24281487509303      -0.34505800605748       0.42658634315832
    1     -1     65188.0000000000      -0.24281487509303      -0.34505800605748       0.42658634315832
    1     -1     65188.0000000000       0.00000000000000       0.00000000000000       0.00000000000000
    1     -1     65188.0000000000       0.00000000000000       0.00000000000000       0.00000000000000
    1     -1     65188.0000000000      -0.24830708674169      -0.34231115388477       0.42563677458595
    1     -1     65189.0000000000      -0.24830708674169      -0.34231115388477       0.42563677458595
    1     -1     65190.0000000000      -0.24830708674169      -0.34231115388477       0.42563677458595
    1     -1     65190.0000000000       0.00000000000000       0.00000000000000       0.00000000000000
    1     -1     65190.0000000000       0.00000000000000       0.00000000000000       0.00000000000000
    1     -1     65190.0000000000      -0.25366703836017      -0.33961387822402       0.42463566341892
    1     -1     65191.0000000000      -0.25366703836017      -0.33961387822402       0.42463566341892
    1     -1     65192.0000000000      -0.25366703836017      -0.33961387822402       0.42463566341892
    1     -1     65192.0000000000       0.00000000000000       0.00000000000000       0.00000000000000
    1     -1     65192.0000000000       0.00000000000000       0.00000000000000       0.00000000000000
    1     -1     65192.0000000000      -0.25890040965584      -0.33696629034945       0.42358505205940
    1     -1     65193.0000000000      -0.25890040965584      -0.33696629034945       0.42358505205940
    1     -1     65194.0000000000      -0.25890040965584      -0.33696629034945       0.42358505205940
    1     -1     65194.0000000000       0.00000000000000       0.00000000000000       0.00000000000000
    1     -1     65194.0000000000       0.00000000000000       0.00000000000000       0.00000000000000
    1     -1     65194.0000000000      -0.26401253575593      -0.33436846144144       0.42248681900978
    1     -1     65195.0000000000      -0.26401253575593      -0.33436846144144       0.42248681900978
    1     -1     65196.0000000000      -0.26401253575593      -0.33436846144144       0.42248681900978
    1     -1     65196.0000000000       0.00000000000000       0.00000000000000       0.00000000000000
    1     -1     65196.0000000000       0.00000000000000       0.00000000000000       0.00000000000000
    1     -1     65196.0000000000      -0.26900842584257      -0.33182043178266       0.42134269562586
    1     -1     65197.0000000000      -0.26900842584257      -0.33182043178266       0.42134269562586
    1     -1     65198.0000000000      -0.26900842584257      -0.33182043178266       0.42134269562586
    1     -1     65198.0000000000       0.00000000000000       0.00000000000000       0.00000000000000
    1     -1     65198.0000000000       0.00000000000000       0.00000000000000       0.00000000000000
    1     -1     65198.0000000000      -0.27389278103926      -0.32932221859452       0.42015428132361
    1     -1     65199.0000000000      -0.27389278103926      -0.32932221859452       0.42015428132361
    1     -1     65200.0000000000      -0.27389278103926      -0.32932221859452       0.42015428132361
    1     -1     65200.0000000000       0.00000000000000       0.00000000000000       0.00000000000000
    1     -1     65200.0000000000       0.00000000000000       0.00000000000000       0.00000000000000
    1     -1     65200.0000000000      -0.27867001145060      -0.32687382273774       0.41892305738279
    1     -1     65201.0000000000      -0.27867001145060      -0.32687382273774       0.41892305738279
    1     -1     65202.0000000000      -0.27867001145060      -0.32687382273774       0.41892305738279
    1     -1     65202.0000000000       0.00000000000000       0.00000000000000       0.00000000000000
    1     -1     65202.0000000000       0.00000000000000       0.00000000000000       0.00000000000000
    1     -1     65202.0000000000      -0.28334425249372      -0.32447523434526       0.41765039944356
    1     -1     65203.0000000000      -0.28334425249372      -0.32447523434526       0.41765039944356
    1     -1     65204.0000000000      -0.28334425249372      -0.32447523434526       0.41765039944356
    1     -1     65204.0000000000       0.00000000000000       0.00000000000000       0.00000000000000
    1     -1     65204.0000000000       0.00000000000000       0.00000000000000       0.00000000000000
    1     -1     65204.0000000000      -0.28791938035767      -0.32212643761956       0.41633758883986
    1     -1     65205.0000000000      -0.28791938035767      -0.32212643761956       0.41633758883986
    1     -1     65206.0000000000      -0.28791938035767      -0.32212643761956       0.41633758883986
    1     -1     65206.0000000000       0.00000000000000       0.00000000000000       0.00000000000000
    1     -1     65206.0000000000       0.00000000000000       0.00000000000000       0.00000000000000
    1     -1     65206.0000000000      -0.29239902676628      -0.31982741481044       0.41498582284435
    1     -1     65207.0000000000      -0.29239902676628      -0.31982741481044       0.41498582284435
    1     -1     65208.0000000000      -0.29239902676628      -0.31982741481044       0.41498582284435
    1     -1     65208.0000000000       0.00000000000000       0.00000000000000       0.00000000000000
    1     -1     65208.0000000000       0.00000000000000       0.00000000000000       0.00000000000000
    1     -1     65208.0000000000      -0.29678659301937      -0.31757814949662       0.41359622392649
    1     -1     65209.0000000000      -0.29678659301937      -0.31757814949662       0.41359622392649
    1     -1     65210.0000000000      -0.29678659301937      -0.31757814949662       0.41359622392649
    1     -1     65210.0000000000       0.00000000000000       0.00000000000000       0.00000000000000
    1     -1     65210.0000000000       0.00000000000000       0.00000000000000       0.00000000000000
    1     -1     65210.0000000000      -0.30108526322078      -0.31537862933869       0.41216984813027
    1     -1     65211.0000000000      -0.30108526322078      -0.31537862933869       0.41216984813027
    1     -1     65212.0000000000      -0.30108526322078      -0.31537862933869       0.41216984813027
    1     -1     65212.0000000000       0.00000000000000       0.00000000000000       0.00000000000000
    1     -1     65212.0000000000       0.00000000000000       0.00000000000000       0.00000000000000
    1     -1     65212.0000000000      -0.30529801709480      -0.31322884812616       0.41070769257410
    1     -1     65213.0000000000      -0.30529801709480      -0.31322884812616       0.41070769257410
    1     -1     65214.0000000000      -0.30529801709480      -0.31322884812616       0.41070769257410
    1     -1     65214.0000000000       0.00000000000000       0.00000000000000       0.00000000000000
    1     -1     65214.0000000000       0.00000000000000       0.00000000000000       0.00000000000000
    1     -1     65214.0000000000      -0.30942764212138      -0.31112880737024       0.40921070220068
    1     -1     65215.0000000000      -0.30942764212138      -0.31112880737024       0.40921070220068
    1     -1     65216.0000000000      -0.30942764212138      -0.31112880737024       0.40921070220068
    1     -1     65216.0000000000       0.00000000000000       0.00000000000000       0.00000000000000
    1     -1     65216.0000000000       0.00000000000000       0.00000000000000       0.00000000000000
    1     -1     65216.0000000000      -0.31347674524241      -0.30907851732535       0.40767977580472
    1     -1     65217.0000000000      -0.31347674524241      -0.30907851732535       0.40767977580472
    1     -1     65218.0000000000      -0.31347674524241      -0.30907851732535       0.40767977580472
    1     -1     65218.0000000000       0.00000000000000       0.00000000000000       0.00000000000000
    1     -1     65218.0000000000       0.00000000000000       0.00000000000000       0.00000000000000
    1     -1     65218.0000000000      -0.31744776389178      -0.30707799765737       0.40611577146776
    1     -1     65219.0000000000      -0.31744776389178      -0.30707799765737       0.40611577146776
    1     -1     65220.0000000000      -0.31744776389178      -0.30707799765737       0.40611577146776
    1     -1     65220.0000000000       0.00000000000000       0.00000000000000       0.00000000000000
    1     -1     65220.0000000000       0.00000000000000       0.00000000000000       0.00000000000000
    1     -1     65220.0000000000      -0.32134297626023      -0.30512727788486       0.40451951149332
    1     -1     65221.0000000000      -0.32134297626023      -0.30512727788486       0.40451951149332
    1     -1     65222.0000000000      -0.32134297626023      -0.30512727788486       0.40451951149332
    1     -1     65222.0000000000       0.00000000000000       0.00000000000000       0.00000000000000
    1     -1     65222.0000000000       0.00000000000000       0.00000000000000       0.00000000000000
    1     -1     65222.0000000000      -0.32516451069218      -0.30322639775321       0.40289178692538
    1     -1     65223.0000000000      -0.32516451069218      -0.30322639775321       0.40289178692538
    1     -1     65224.0000000000      -0.32516451069218      -0.30322639775321       0.40289178692538
    1     -1     65224.0000000000       0.00000000000000       0.00000000000000       0.00000000000000
    1     -1     65224.0000000000       0.00000000000000       0.00000000000000       0.00000000000000
    1     -1     65224.0000000000      -0.32891435422697      -0.30137540766726       0.40123336166980
    1     -1     65225.0000000000      -0.32891435422697      -0.30137540766726       0.40123336166980
    1     -1     65226.0000000000      -0.32891435422697      -0.30137540766726       0.40123336166980
    1     -1     65226.0000000000       0.00000000000000       0.00000000000000       0.00000000000000
    1     -1     65226.0000000000       0.00000000000000       0.00000000000000       0.00000000000000
    1     -1     65226.0000000000      -0.33259436068557      -0.29957436896554       0.39954497616546
    1     -1     65227.0000000000      -0.33259436068557      -0.29957436896554       0.39954497616546
    1     -1     65228.0000000000      -0.33259436068557      -0.29957436896554       0.39954497616546
    1     -1     65228.0000000000       0.00000000000000       0.00000000000000       0.00000000000000
    1     -1     65228.0000000000       0.00000000000000       0.00000000000000       0.00000000000000
    1     -1     65228.0000000000      -0.33620625848484      -0.29782335395941       0.39782735058313
    1     -1     65229.0000000000      -0.33620625848484      -0.29782335395941       0.39782735058313
    1     -1     65230.0000000000      -0.33620625848484      -0.29782335395941       0.39782735058313
    1     -1     65230.0000000000       0.00000000000000       0.00000000000000       0.00000000000000
    1     -1     65230.0000000000       0.00000000000000       0.00000000000000       0.00000000000000
    1     -1     65230.0000000000      -0.33975165829242      -0.29612244561393       0.39608118760069
    1     -1     65231.0000000000      -0.33975165829242      -0.29612244561393       0.39608118760069
    1     -1     65232.0000000000      -0.33975165829242      -0.29612244561393       0.39608118760069
    1     -1     65232.0000000000       0.00000000000000       0.00000000000000       0.00000000000000
    1     -1     65232.0000000000       0.00000000000000       0.00000000000000       0.00000000000000
    1     -1     65232.0000000000      -0.34323206040067      -0.29447173699371       0.39430717480793
    1     -1     65233.0000000000      -0.34323206040067      -0.29447173699371       0.39430717480793
    1     -1     65234.0000000000      -0.34323206040067      -0.29447173699371       0.39430717480793
    1     -1     65234.0000000000       0.00000000000000       0.00000000000000       0.00000000000000
    1     -1     65234.0000000000       0.00000000000000       0.00000000000000       0.00000000000000
    1     -1     65234.0000000000      -0.34664886166811      -0.29287133057773       0.39250598684585
    1     -1     65235.0000000000      -0.34664886166811      -0.29287133057773       0.39250598684585
    1     -1     65236.0000000000      -0.34664886166811      -0.29287133057773       0.39250598684585
    1     -1     65236.0000000000       0.00000000000000       0.00000000000000       0.00000000000000
    1     -1     65236.0000000000       0.00000000000000       0.00000000000000       0.00000000000000
    1     -1     65236.0000000000      -0.35000336202411      -0.29132133751154       0.39067828729315
    1     -1     65237.0000000000      -0.35000336202411      -0.29132133751154       0.39067828729315
    1     -1     65238.0000000000      -0.35000336202411      -0.29132133751154       0.39067828729315
    1     -1     65238.0000000000       0.00000000000000       0.00000000000000       0.00000000000000
    1     -1     65238.0000000000       0.00000000000000       0.00000000000000       0.00000000000000
    1     -1     65238.0000000000      -0.35329677051344      -0.28982187684768       0.38882473034166
    1     -1     65239.0000000000      -0.35329677051344      -0.28982187684768       0.38882473034166
    1     -1     65240.0000000000      -0.35329677051344      -0.28982187684768       0.38882473034166
    1     -1     65240.0000000000       0.00000000000000       0.00000000000000       0.00000000000000
    1     -1     65240.0000000000       0.00000000000000       0.00000000000000       0.00000000000000
    1     -1     65240.0000000000      -0.35653021094589      -0.28837307477546       0.38694596225756
    1     -1     65241.0000000000      -0.35653021094589      -0.28837307477546       0.38694596225756
    1     -1     65242.0000000000      -0.35653021094589      -0.28837307477546       0.38694596225756
    1     -1     65242.0000000000       0.00000000000000       0.00000000000000       0.00000000000000
    1     -1     65242.0000000000       0.00000000000000       0.00000000000000       0.00000000000000
    1     -1     65242.0000000000      -0.35891498465698      -0.28731910215622       0.38552271866237
    1     -1     65243.0000000000      -0.35891498465698      -0.28731910215622       0.38552271866237
    1     -1     65243.0000000000       0.00000000000000       0.00000000000000       0.00000000000000
    1  16118     65243.0000000000      284353227.872283578      206466890.730814546      -25931462.710956749      -13.2076183860244       14.3771692979321        0.8911626182260        2186.3050764176
    1  16118     65243.0000000000      284353227.872283578      206466890.730814546      -25931462.710956749      -13.2076183860244       14.3771692979321        0.8911626182260        2146.3050764176
    1     -1     65243.0000000000       0.00000000000000       0.00000000000000       0.00000000000000
    1     -1     65243.0000000000       0.40185220328329       0.36924110084230       0.24935078793766
    1     -1     65244.0000000000       0.40185220328329       0.36924110084230       0.24935078793766
    1     -1     65245.0000000000       0.40185220328329       0.36924110084230       0.24935078793766
    1     -1     65245.0000000000       0.00000000000000       0.00000000000000       0.00000000000000
    1     -1     65245.0000000000       0.00000000000000       0.00000000000000       0.00000000000000
    1     -1     65245.0000000000       0.40515417133004       0.36546192091005       0.24957500094883
    1     -1     65246.0000000000       0.40515417133004       0.36546192091005       0.24957500094883
    1     -1     65247.0000000000       0.40515417133004       0.36546192091005       0.24957500094883
    1     -1     65247.0000000000       0.00000000000000       0.00000000000000       0.00000000000000
    1     -1     65247.0000000000       0.00000000000000       0.00000000000000       0.00000000000000
    1     -1     65247.0000000000       0.40861132864113       0.36148739800428       0.24972713603095
    1     -1     65248.0000000000       0.40861132864113       0.36148739800428       0.24972713603095
    1     -1     65249.0000000000       0.40861132864113       0.36148739800428       0.24972713603095
    1     -1     65249.0000000000       0.00000000000000       0.00000000000000       0.00000000000000
    1     -1     65249.0000000000       0.00000000000000       0.00000000000000       0.00000000000000
    1     -1     65249.0000000000       0.41222847394577       0.35730497754476       0.24980159641219
    1     -1     65250.0000000000       0.41222847394577       0.35730497754476       0.24980159641219
    1     -1     65251.0000000000       0.41222847394577       0.35730497754476       0.24980159641219
    1     -1     65251.0000000000       0.00000000000000       0.00000000000000       0.00000000000000
    1     -1     65251.0000000000       0.00000000000000       0.00000000000000       0.00000000000000
    1     -1     65251.0000000000       0.41601045821715       0.35290100374716       0.24979227267513
    1     -1     65252.0000000000       0.41601045821715       0.35290100374716       0.24979227267513
    1     -1     65253.0000000000       0.41601045821715       0.35290100374716       0.24979227267513
    1     -1     65253.0000000000       0.00000000000000       0.00000000000000       0.00000000000000
    1     -1     65253.0000000000       0.00000000000000       0.00000000000000       0.00000000000000
    1     -1     65253.0000000000       0.41996215443749       0.34826062603962       0.24969245977946
    1     -1     65254.0000000000       0.41996215443749       0.34826062603962       0.24969245977946
    1     -1     65255.0000000000       0.41996215443749       0.34826062603962       0.24969245977946
    1     -1     65255.0000000000       0.00000000000000       0.00000000000000       0.00000000000000
    1     -1     65255.0000000000       0.00000000000000       0.00000000000000       0.00000000000000
    1     -1     65255.0000000000       0.42408839054577       0.34336769997094       0.24949480736272
    1     -1     65256.0000000000       0.42408839054577       0.34336769997094       0.24949480736272
    1     -1     65257.0000000000       0.42408839054577       0.34336769997094       0.24949480736272
    1     -1     65257.0000000000       0.00000000000000       0.00000000000000       0.00000000000000
    1     -1     65257.0000000000       0.00000000000000       0.00000000000000       0.00000000000000
    1     -1     65257.0000000000       0.42839390916980       0.33820464431249       0.24919124469306
    1     -1     65258.0000000000       0.42839390916980       0.33820464431249       0.24919124469306
    1     -1     65259.0000000000       0.42839390916980       0.33820464431249       0.24919124469306
    1     -1     65259.0000000000       0.00000000000000       0.00000000000000       0.00000000000000
    1     -1     65259.0000000000       0.00000000000000       0.00000000000000       0.00000000000000
    1     -1     65259.0000000000       0.43288329636907       0.33275230634682       0.24877289568103
    1     -1     65260.0000000000       0.43288329636907       0.33275230634682       0.24877289568103
    1     -1     65261.0000000000       0.43288329636907       0.33275230634682       0.24877289568103
    1     -1     65261.0000000000       0.00000000000000       0.00000000000000       0.00000000000000
    1     -1     65261.0000000000       0.00000000000000       0.00000000000000       0.00000000000000
    1     -1     65261.0000000000       0.43756089227090       0.32698981458409       0.24822998608821
    1     -1     65262.0000000000       0.43756089227090       0.32698981458409       0.24822998608821
    1     -1     65263.0000000000       0.43756089227090       0.32698981458409       0.24822998608821
    1     -1     65263.0000000000       0.00000000000000       0.00000000000000       0.00000000000000
    1     -1     65263.0000000000       0.00000000000000       0.00000000000000       0.00000000000000
    1     -1     65263.0000000000       0.44243067631206       0.32089442655879       0.24755173790858
    1     -1     65264.0000000000       0.44243067631206       0.32089442655879       0.24755173790858
    1     -1     65265.0000000000       0.44243067631206       0.32089442655879       0.24755173790858
    1     -1     65265.0000000000       0.00000000000000       0.00000000000000       0.00000000000000
    1     -1     65265.0000000000       0.00000000000000       0.00000000000000       0.00000000000000
    1     -1     65265.0000000000       0.44749613103258       0.31444135862035       0.24672625312248
    1     -1     65266.0000000000       0.44749613103258       0.31444135862035       0.24672625312248
    1     -1     65267.0000000000       0.44749613103258       0.31444135862035       0.24672625312248
    1     -1     65267.0000000000       0.00000000000000       0.00000000000000       0.00000000000000
    1     -1     65267.0000000000       0.00000000000000       0.00000000000000       0.00000000000000
    1     -1     65267.0000000000       0.45276007269645       0.30760360674478       0.24574038530430
    1     -1     65268.0000000000       0.45276007269645       0.30760360674478       0.24574038530430
    1     -1     65269.0000000000       0.45276007269645       0.30760360674478       0.24574038530430
    1     -1     65269.0000000000       0.00000000000000       0.00000000000000       0.00000000000000
    1     -1     65269.0000000000       0.00000000000000       0.00000000000000       0.00000000000000
    1     -1     65269.0000000000       0.45822444069095       0.30035176262813       0.24457959833078
    1     -1     65270.0000000000       0.45822444069095       0.30035176262813       0.24457959833078
    1     -1     65271.0000000000       0.45822444069095       0.30035176262813       0.24457959833078
    1     -1     65271.0000000000       0.00000000000000       0.00000000000000       0.00000000000000
    1     -1     65271.0000000000       0.00000000000000       0.00000000000000       0.00000000000000
    1     -1     65271.0000000000       0.46389004096659       0.29265382448643       0.24322781129115
    1     -1     65272.0000000000       0.46389004096659       0.29265382448643       0.24322781129115
    1     -1     65273.0000000000       0.46389004096659       0.29265382448643       0.24322781129115
    1     -1     65273.0000000000       0.00000000000000       0.00000000000000       0.00000000000000
    1     -1     65273.0000000000       0.00000000000000       0.00000000000000       0.00000000000000
    1     -1     65273.0000000000       0.46975624292126       0.28447499712538       0.24166722476790
    1     -1     65274.0000000000       0.46975624292126       0.28447499712538       0.24166722476790
    1     -1     65275.0000000000       0.46975624292126       0.28447499712538       0.24166722476790
    1     -1     65275.0000000000       0.00000000000000       0.00000000000000       0.00000000000000
    1     -1     65275.0000000000       0.00000000000000       0.00000000000000       0.00000000000000
    1     -1     65275.0000000000       0.43795280395130       0.25383009474082       0.22078767895603
    1     -1     65276.0000000000       0.43795280395130       0.25383009474082       0.22078767895603
    1     -1     65277.0000000000       0.43795280395130       0.25383009474082       0.22078767895603
    1     -1     65277.0000000000       0.00000000000000       0.00000000000000       0.00000000000000
    1     -1     65379.0000000000       0.00000000000000       0.00000000000000       0.00000000000000
    1     -1     65379.0000000000       0.03285243016008      -0.18876424039684      -0.07981376785154
    1     -1     65380.0000000000       0.03285243016008      -0.18876424039684      -0.07981376785154
    1     -1     65381.0000000000       0.03285243016008      -0.18876424039684      -0.07981376785154
    1     -1     65381.0000000000       0.00000000000000       0.00000000000000       0.00000000000000
    1     -1     65381.0000000000       0.00000000000000       0.00000000000000       0.00000000000000
    1     -1     65381.0000000000       0.08431592925270      -0.54648433389370      -0.23290705477296
    1     -1     65382.0000000000       0.08431592925270      -0.54648433389370      -0.23290705477296
    1     -1     65383.0000000000       0.08431592925270      -0.54648433389370      -0.23290705477296
    1     -1     65383.0000000000       0.00000000000000       0.00000000000000       0.00000000000000
    1     -1     65383.0000000000       0.00000000000000       0.00000000000000       0.00000000000000
    1     -1     65383.0000000000       0.07416023951929      -0.54712472070631      -0.23485058685574
    1     -1     65384.0000000000       0.07416023951929      -0.54712472070631      -0.23485058685574
    1     -1     65385.0000000000       0.07416023951929      -0.54712472070631      -0.23485058685574
    1     -1     65385.0000000000       0.00000000000000       0.00000000000000       0.00000000000000
    1     -1     65385.0000000000       0.00000000000000       0.00000000000000       0.00000000000000
    1     -1     65385.0000000000       0.06447420883493      -0.54761122164998      -0.23656928287106
    1     -1     65386.0000000000       0.06447420883493      -0.54761122164998      -0.23656928287106
    1     -1     65387.0000000000       0.06447420883493      -0.54761122164998      -0.23656928287106
    1     -1     65387.0000000000       0.00000000000000       0.00000000000000       0.00000000000000
    1     -1     65387.0000000000       0.00000000000000       0.00000000000000       0.00000000000000
    1     -1     65387.0000000000       0.05523374494536      -0.54796609915304      -0.23808063104400
    1     -1     65388.0000000000       0.05523374494536      -0.54796609915304      -0.23808063104400
    1     -1     65389.0000000000       0.05523374494536      -0.54796609915304      -0.23808063104400
    1     -1     65389.0000000000       0.00000000000000       0.00000000000000       0.00000000000000
    1     -1     65389.0000000000       0.00000000000000       0.00000000000000       0.00000000000000
    1     -1     65389.0000000000       0.04641591386391      -0.54820886332797      -0.23940051041891
    1     -1     65390.0000000000       0.04641591386391      -0.54820886332797      -0.23940051041891
    1     -1     65391.0000000000       0.04641591386391      -0.54820886332797      -0.23940051041891
    1     -1     65391.0000000000       0.00000000000000       0.00000000000000       0.00000000000000
    1     -1     65391.0000000000       0.00000000000000       0.00000000000000       0.00000000000000
    1     -1     65391.0000000000       0.03799898218230      -0.54835661412966      -0.24054334406373
    1     -1     65392.0000000000       0.03799898218230      -0.54835661412966      -0.24054334406373
    1     -1     65393.0000000000       0.03799898218230      -0.54835661412966      -0.24054334406373
    1     -1     65393.0000000000       0.00000000000000       0.00000000000000       0.00000000000000
    1     -1     65393.0000000000       0.00000000000000       0.00000000000000       0.00000000000000
    1     -1     65393.0000000000       0.02996243060936      -0.54842434240229      -0.24152224057546
    1     -1     65394.0000000000       0.02996243060936      -0.54842434240229      -0.24152224057546
    1     -1     65395.0000000000       0.02996243060936      -0.54842434240229      -0.24152224057546
    1     -1     65395.0000000000       0.00000000000000       0.00000000000000       0.00000000000000
    1     -1     65395.0000000000       0.00000000000000       0.00000000000000       0.00000000000000
    1     -1     65395.0000000000       0.02228694373673      -0.54842519442757      -0.24234912324158
    1     -1     65396.0000000000       0.02228694373673      -0.54842519442757      -0.24234912324158
    1     -1     65397.0000000000       0.02228694373673      -0.54842519442757      -0.24234912324158
    1     -1     65397.0000000000       0.00000000000000       0.00000000000000       0.00000000000000
    1     -1     65397.0000000000       0.00000000000000       0.00000000000000       0.00000000000000
    1     -1     65397.0000000000       0.01495438225928      -0.54837070304850      -0.24303484887839
    1     -1     65398.0000000000       0.01495438225928      -0.54837070304850      -0.24303484887839
    1     -1     65399.0000000000       0.01495438225928      -0.54837070304850      -0.24303484887839
    1     -1     65399.0000000000       0.00000000000000       0.00000000000000       0.00000000000000
    1     -1     65399.0000000000       0.00000000000000       0.00000000000000       0.00000000000000
    1     -1     65399.0000000000       0.00794774326118      -0.54827098976657      -0.24358931511346
    1     -1     65400.0000000000       0.00794774326118      -0.54827098976657      -0.24358931511346
    1     -1     65401.0000000000       0.00794774326118      -0.54827098976657      -0.24358931511346
    1     -1     65401.0000000000       0.00000000000000       0.00000000000000       0.00000000000000
    1     -1     65401.0000000000       0.00000000000000       0.00000000000000       0.00000000000000
    1     -1     65401.0000000000       0.00125111264226      -0.54813494129352      -0.24402155669183
    1     -1     65402.0000000000       0.00125111264226      -0.54813494129352      -0.24402155669183
    1     -1     65403.0000000000       0.00125111264226      -0.54813494129352      -0.24402155669183
    1     -1     65403.0000000000       0.00000000000000       0.00000000000000       0.00000000000000
    1     -1     65403.0000000000       0.00000000000000       0.00000000000000       0.00000000000000
    1     -1     65403.0000000000      -0.00515038771715      -0.54797036306717      -0.24433983299167
    1     -1     65404.0000000000      -0.00515038771715      -0.54797036306717      -0.24433983299167
    1     -1     65405.0000000000      -0.00515038771715      -0.54797036306717      -0.24433983299167
    1     -1     65405.0000000000       0.00000000000000       0.00000000000000       0.00000000000000
    1     -1     65405.0000000000       0.00000000000000       0.00000000000000       0.00000000000000
    1     -1     65405.0000000000      -0.01127065526955      -0.54778411329200      -0.24455170585113
    1     -1     65406.0000000000      -0.01127065526955      -0.54778411329200      -0.24455170585113
    1     -1     65407.0000000000      -0.01127065526955      -0.54778411329200      -0.24455170585113
    1     -1     65407.0000000000       0.00000000000000       0.00000000000000       0.00000000000000
    1     -1     65407.0000000000       0.00000000000000       0.00000000000000       0.00000000000000
    1     -1     65407.0000000000      -0.01712266332606      -0.54758221931574      -0.24466411009765
    1     -1     65408.0000000000      -0.01712266332606      -0.54758221931574      -0.24466411009765
    1     -1     65409.0000000000      -0.01712266332606      -0.54758221931574      -0.24466411009765
    1     -1     65409.0000000000       0.00000000000000       0.00000000000000       0.00000000000000
    1     -1     65409.0000000000       0.00000000000000       0.00000000000000       0.00000000000000
    1     -1     65409.0000000000      -0.02271851710997      -0.54736997928952      -0.24468341593355
    1     -1     65410.0000000000      -0.02271851710997      -0.54736997928952      -0.24468341593355
    1     -1     65411.0000000000      -0.02271851710997      -0.54736997928952      -0.24468341593355
    1     -1     65411.0000000000       0.00000000000000       0.00000000000000       0.00000000000000
    1     -1     65411.0000000000       0.00000000000000       0.00000000000000       0.00000000000000
    1     -1     65411.0000000000      -0.02806950877473      -0.54715205050762      -0.24461548516488
    1     -1     65412.0000000000      -0.02806950877473      -0.54715205050762      -0.24461548516488
    1     -1     65413.0000000000      -0.02806950877473      -0.54715205050762      -0.24461548516488
    1     -1     65413.0000000000       0.00000000000000       0.00000000000000       0.00000000000000
    1     -1     65413.0000000000       0.00000000000000       0.00000000000000       0.00000000000000
    1     -1     65413.0000000000      -0.03318617059343      -0.54693252643764      -0.24446572129009
    1     -1     65414.0000000000      -0.03318617059343      -0.54693252643764      -0.24446572129009
    1     -1     65415.0000000000      -0.03318617059343      -0.54693252643764      -0.24446572129009
    1     -1     65415.0000000000       0.00000000000000       0.00000000000000       0.00000000000000
    1     -1     65415.0000000000       0.00000000000000       0.00000000000000       0.00000000000000
    1     -1     65415.0000000000      -0.03807832592808      -0.54671500376854      -0.24423911445320
    1     -1     65416.0000000000      -0.03807832592808      -0.54671500376854      -0.24423911445320
    1     -1     65417.0000000000      -0.03807832592808      -0.54671500376854      -0.24423911445320
    1     -1     65417.0000000000       0.00000000000000       0.00000000000000       0.00000000000000
    1     -1     65417.0000000000       0.00000000000000       0.00000000000000       0.00000000000000
    1     -1     65417.0000000000      -0.04275513771967      -0.54650264105373      -0.24394028121627
    1     -1     65418.0000000000      -0.04275513771967      -0.54650264105373      -0.24394028121627
    1     -1     65419.0000000000      -0.04275513771967      -0.54650264105373      -0.24394028121627
    1     -1     65419.0000000000       0.00000000000000       0.00000000000000       0.00000000000000
    1     -1     65419.0000000000       0.00000000000000       0.00000000000000       0.00000000000000
    1     -1     65419.0000000000      -0.04722515437216      -0.54629820972690      -0.24357350045460
    1     -1     65420.0000000000      -0.04722515437216      -0.54629820972690      -0.24357350045460
    1     -1     65421.0000000000      -0.04722515437216      -0.54629820972690      -0.24357350045460
    1     -1     65421.0000000000       0.00000000000000       0.00000000000000       0.00000000000000
    1     -1     65421.0000000000       0.00000000000000       0.00000000000000       0.00000000000000
    1     -1     65421.0000000000      -0.05149635293448      -0.54610413870480      -0.24314274532450
    1     -1     65422.0000000000      -0.05149635293448      -0.54610413870480      -0.24314274532450
    1     -1     65423.0000000000      -0.05149635293448      -0.54610413870480      -0.24314274532450
    1     -1     65423.0000000000       0.00000000000000       0.00000000000000       0.00000000000000
    1     -1     65423.0000000000       0.00000000000000       0.00000000000000       0.00000000000000
    1     -1     65423.0000000000      -0.05557617954799      -0.54592255338102      -0.24265171183571
    1     -1     65424.0000000000      -0.05557617954799      -0.54592255338102      -0.24265171183571
    1     -1     65425.0000000000      -0.05557617954799      -0.54592255338102      -0.24265171183571
    1     -1     65425.0000000000       0.00000000000000       0.00000000000000       0.00000000000000
    1     -1     65425.0000000000       0.00000000000000       0.00000000000000       0.00000000000000
    1     -1     65425.0000000000      -0.05947158746004      -0.54575530977116      -0.24210384429325
    1     -1     65426.0000000000      -0.05947158746004      -0.54575530977116      -0.24210384429325
    1     -1     65427.0000000000      -0.05947158746004      -0.54575530977116      -0.24210384429325
    1     -1     65427.0000000000       0.00000000000000       0.00000000000000       0.00000000000000
    1     -1     65427.0000000000       0.00000000000000       0.00000000000000       0.00000000000000
    1     -1     65427.0000000000      -0.06318907216840      -0.54560402433743      -0.24150235830172
    1     -1     65428.0000000000      -0.06318907216840      -0.54560402433743      -0.24150235830172
    1     -1     65429.0000000000      -0.06318907216840      -0.54560402433743      -0.24150235830172
    1     -1     65429.0000000000       0.00000000000000       0.00000000000000       0.00000000000000
    1     -1     65429.0000000000       0.00000000000000       0.00000000000000       0.00000000000000
    1     -1     65429.0000000000      -0.06673470455752      -0.54547010016790      -0.24085026117994
    1     -1     65430.0000000000      -0.06673470455752      -0.54547010016790      -0.24085026117994
    1     -1     65431.0000000000      -0.06673470455752      -0.54547010016790      -0.24085026117994
    1     -1     65431.0000000000       0.00000000000000       0.00000000000000       0.00000000000000
    1     -1     65431.0000000000       0.00000000000000       0.00000000000000       0.00000000000000
    1     -1     65431.0000000000      -0.07011416123704      -0.54535474998456      -0.24015037027518
    1     -1     65432.0000000000      -0.07011416123704      -0.54535474998456      -0.24015037027518
    1     -1     65433.0000000000      -0.07011416123704      -0.54535474998456      -0.24015037027518
    1     -1     65433.0000000000       0.00000000000000       0.00000000000000       0.00000000000000
    1     -1     65433.0000000000       0.00000000000000       0.00000000000000       0.00000000000000
    1     -1     65433.0000000000      -0.07333275316774      -0.54525901623758      -0.23940532952395
    1     -1     65434.0000000000      -0.07333275316774      -0.54525901623758      -0.23940532952395
    1     -1     65435.0000000000      -0.07333275316774      -0.54525901623758      -0.23940532952395
    1     -1     65435.0000000000       0.00000000000000       0.00000000000000       0.00000000000000
    1     -1     65435.0000000000       0.00000000000000       0.00000000000000       0.00000000000000
    1     -1     65435.0000000000      -0.07639545189576      -0.54518378885908      -0.23861762419171
    1     -1     65436.0000000000      -0.07639545189576      -0.54518378885908      -0.23861762419171
    1     -1     65437.0000000000      -0.07639545189576      -0.54518378885908      -0.23861762419171
    1     -1     65437.0000000000       0.00000000000000       0.00000000000000       0.00000000000000
    1     -1     65437.0000000000       0.00000000000000       0.00000000000000       0.00000000000000
    1     -1     65437.0000000000      -0.07930691396352      -0.54512982088459      -0.23778959409512
    1     -1     65438.0000000000      -0.07930691396352      -0.54512982088459      -0.23778959409512
    1     -1     65439.0000000000      -0.07930691396352      -0.54512982088459      -0.23778959409512
    1     -1     65439.0000000000       0.00000000000000       0.00000000000000       0.00000000000000
    1     -1     65439.0000000000       0.00000000000000       0.00000000000000       0.00000000000000
    1     -1     65439.0000000000      -0.08207150355248      -0.54509774219764      -0.23692344551705
    1     -1     65440.0000000000      -0.08207150355248      -0.54509774219764      -0.23692344551705
    1     -1     65441.0000000000      -0.08207150355248      -0.54509774219764      -0.23692344551705
    1     -1     65441.0000000000       0.00000000000000       0.00000000000000       0.00000000000000
    1     -1     65441.0000000000       0.00000000000000       0.00000000000000       0.00000000000000
    1     -1     65441.0000000000      -0.08469331350319      -0.54508807154950      -0.23602126214029
    1     -1     65442.0000000000      -0.08469331350319      -0.54508807154950      -0.23602126214029
    1     -1     65443.0000000000      -0.08469331350319      -0.54508807154950      -0.23602126214029
    1     -1     65443.0000000000       0.00000000000000       0.00000000000000       0.00000000000000
    1     -1     65443.0000000000       0.00000000000000       0.00000000000000       0.00000000000000
    1     -1     65443.0000000000      -0.08717618463483      -0.54510122733654      -0.23508501455583
    1     -1     65444.0000000000      -0.08717618463483      -0.54510122733654      -0.23508501455583
    1     -1     65445.0000000000      -0.08717618463483      -0.54510122733654      -0.23508501455583
    1     -1     65445.0000000000       0.00000000000000       0.00000000000000       0.00000000000000
    1     -1     65445.0000000000       0.00000000000000       0.00000000000000       0.00000000000000
    1     -1     65445.0000000000      -0.08952372373160      -0.54513753703366      -0.23411656901233
    1     -1     65446.0000000000      -0.08952372373160      -0.54513753703366      -0.23411656901233
    1     -1     65447.0000000000      -0.08952372373160      -0.54513753703366      -0.23411656901233
    1     -1     65447.0000000000       0.00000000000000       0.00000000000000       0.00000000000000
    1     -1     65447.0000000000       0.00000000000000       0.00000000000000       0.00000000000000
    1     -1     65447.0000000000      -0.09173932018108      -0.54519724557486      -0.23311769523204
    1     -1     65448.0000000000      -0.09173932018108      -0.54519724557486      -0.23311769523204
    1     -1     65449.0000000000      -0.09173932018108      -0.54519724557486      -0.23311769523204
    1     -1     65449.0000000000       0.00000000000000       0.00000000000000       0.00000000000000
    1     -1     65449.0000000000       0.00000000000000       0.00000000000000       0.00000000000000
    1     -1     65449.0000000000      -0.09382616137847      -0.54528052254207      -0.23209007401702
    1     -1     65450.0000000000      -0.09382616137847      -0.54528052254207      -0.23209007401702
    1     -1     65451.0000000000      -0.09382616137847      -0.54528052254207      -0.23209007401702
    1     -1     65451.0000000000       0.00000000000000       0.00000000000000       0.00000000000000
    1     -1     65451.0000000000       0.00000000000000       0.00000000000000       0.00000000000000
    1     -1     65451.0000000000      -0.09578724697000      -0.54538746915266      -0.23103530269023
    1     -1     65452.0000000000      -0.09578724697000      -0.54538746915266      -0.23103530269023
    1     -1     65453.0000000000      -0.09578724697000      -0.54538746915266      -0.23103530269023
    1     -1     65453.0000000000       0.00000000000000       0.00000000000000       0.00000000000000
    1  23760     65453.0000000000      -45164943.254962839      319452517.013743341        2754622.422261110      -20.5135066709866       -5.3605623030418        1.2137932235408        2005.5165499314
    1  23760     65453.0000000000      -45164943.254962839      319452517.013743341        2754622.422261110      -20.5135066709866       -5.3605623030418        1.2137932235408        1965.5165499314
    1     -1     65453.0000000000       0.00000000000000       0.00000000000000       0.00000000000000
    1     -1     65453.0000000000      -0.57294289798068      -0.00740808965944      -0.17799313228631
    1     -1     65454.0000000000      -0.57294289798068      -0.00740808965944      -0.17799313228631
    1     -1     65455.0000000000      -0.57294289798068      -0.00740808965944      -0.17799313228631
    1     -1     65455.0000000000       0.00000000000000       0.00000000000000       0.00000000000000
    1     -1     65455.0000000000       0.00000000000000       0.00000000000000       0.00000000000000
    1     -1     65455.0000000000      -0.57107066219405      -0.00691791716996      -0.18393053167780
    1     -1     65456.0000000000      -0.57107066219405      -0.00691791716996      -0.18393053167780
    1     -1     65457.0000000000      -0.57107066219405      -0.00691791716996      -0.18393053167780
    1     -1     65457.0000000000       0.00000000000000       0.00000000000000       0.00000000000000
    1     -1     65457.0000000000       0.00000000000000       0.00000000000000       0.00000000000000
    1     -1     65457.0000000000      -0.56909297708597      -0.00638708640960      -0.18997996694027
    1     -1     65458.0000000000      -0.56909297708597      -0.00638708640960      -0.18997996694027
    1     -1     65459.0000000000      -0.56909297708597      -0.00638708640960      -0.18997996694027
    1     -1     65459.0000000000       0.00000000000000       0.00000000000000       0.00000000000000
    1     -1     65459.0000000000       0.00000000000000       0.00000000000000       0.00000000000000
    1     -1     65459.0000000000      -0.56700434355573      -0.00581221525407      -0.19614354902157
    1     -1     65460.0000000000      -0.56700434355573      -0.00581221525407      -0.19614354902157
    1     -1     65461.0000000000      -0.56700434355573      -0.00581221525407      -0.19614354902157
    1     -1     65461.0000000000       0.00000000000000       0.00000000000000       0.00000000000000
    1     -1     65461.0000000000       0.00000000000000       0.00000000000000       0.00000000000000
    1     -1     65461.0000000000      -0.56479897095550      -0.00518983623621      -0.20242328741391
    1     -1     65462.0000000000      -0.56479897095550      -0.00518983623621      -0.20242328741391
    1     -1     65463.0000000000      -0.56479897095550      -0.00518983623621      -0.20242328741391
    1     -1     65463.0000000000       0.00000000000000       0.00000000000000       0.00000000000000
    1     -1     65463.0000000000       0.00000000000000       0.00000000000000       0.00000000000000
    1     -1     65463.0000000000      -0.56247076162373      -0.00451638678468      -0.20882108094929
    1     -1     65464.0000000000      -0.56247076162373      -0.00451638678468      -0.20882108094929
    1     -1     65465.0000000000      -0.56247076162373      -0.00451638678468      -0.20882108094929
    1     -1     65465.0000000000       0.00000000000000       0.00000000000000       0.00000000000000
    1     -1     65465.0000000000       0.00000000000000       0.00000000000000       0.00000000000000
    1     -1     65465.0000000000      -0.56001321291087      -0.00378812865925      -0.21533892060310
    1     -1     65466.0000000000      -0.56001321291087      -0.00378812865925      -0.21533892060310
    1     -1     65467.0000000000      -0.56001321291087      -0.00378812865925      -0.21533892060310
    1     -1     65467.0000000000       0.00000000000000       0.00000000000000       0.00000000000000
    1     -1     65467.0000000000       0.00000000000000       0.00000000000000       0.00000000000000
    1     -1     65467.0000000000      -0.55741982253468      -0.00300184735613      -0.22197776834147
    1     -1     65468.0000000000      -0.55741982253468      -0.00300184735613      -0.22197776834147
    1     -1     65469.0000000000      -0.55741982253468      -0.00300184735613      -0.22197776834147
    1     -1     65469.0000000000       0.00000000000000       0.00000000000000       0.00000000000000
    1     -1     65469.0000000000       0.00000000000000       0.00000000000000       0.00000000000000
    1     -1     65469.0000000000      -0.55468339628352      -0.00215308399991      -0.22873935690359
    1     -1     65470.0000000000      -0.55468339628352      -0.00215308399991      -0.22873935690359
    1     -1     65471.0000000000      -0.55468339628352      -0.00215308399991      -0.22873935690359
    1     -1     65471.0000000000       0.00000000000000       0.00000000000000       0.00000000000000
    1     -1     65471.0000000000       0.00000000000000       0.00000000000000       0.00000000000000
    1     -1     65471.0000000000      -0.55179654230261      -0.00123801508436      -0.23562479178035
    1     -1     65472.0000000000      -0.55179654230261      -0.00123801508436      -0.23562479178035
    1     -1     65473.0000000000      -0.55179654230261      -0.00123801508436      -0.23562479178035
    1     -1     65473.0000000000       0.00000000000000       0.00000000000000       0.00000000000000
    1     -1     65473.0000000000       0.00000000000000       0.00000000000000       0.00000000000000
    1     -1     65473.0000000000      -0.54875169294359      -0.00025312950990      -0.24263452906994
    1     -1     65474.0000000000      -0.54875169294359      -0.00025312950990      -0.24263452906994
    1     -1     65475.0000000000      -0.54875169294359      -0.00025312950990      -0.24263452906994
    1     -1     65475.0000000000       0.00000000000000       0.00000000000000       0.00000000000000
    1     -1     65475.0000000000       0.00000000000000       0.00000000000000       0.00000000000000
    1     -1     65475.0000000000      -0.54554054028150       0.00080571129426      -0.24976963189843
    1     -1     65476.0000000000      -0.54554054028150       0.00080571129426      -0.24976963189843
    1     -1     65477.0000000000      -0.54554054028150       0.00080571129426      -0.24976963189843
    1     -1     65477.0000000000       0.00000000000000       0.00000000000000       0.00000000000000
    1     -1     65477.0000000000       0.00000000000000       0.00000000000000       0.00000000000000
    1     -1     65477.0000000000      -0.54215473555096       0.00194248956944      -0.25703009305126
    1     -1     65478.0000000000      -0.54215473555096       0.00194248956944      -0.25703009305126
    1     -1     65479.0000000000      -0.54215473555096       0.00194248956944      -0.25703009305126
    1     -1     65479.0000000000       0.00000000000000       0.00000000000000       0.00000000000000
    1     -1     65479.0000000000       0.00000000000000       0.00000000000000       0.00000000000000
    1     -1     65479.0000000000      -0.53858553312247       0.00316122937683      -0.26441563762382
    1     -1     65480.0000000000      -0.53858553312247       0.00316122937683      -0.26441563762382
    1     -1     65481.0000000000      -0.53858553312247       0.00316122937683      -0.26441563762382
    1     -1     65481.0000000000       0.00000000000000       0.00000000000000       0.00000000000000
    1     -1     65481.0000000000       0.00000000000000       0.00000000000000       0.00000000000000
    1     -1     65481.0000000000      -0.53482383327503       0.00446598273725      -0.27192558106804
    1     -1     65482.0000000000      -0.53482383327503       0.00446598273725      -0.27192558106804
    1     -1     65483.0000000000      -0.53482383327503       0.00446598273725      -0.27192558106804
    1     -1     65483.0000000000       0.00000000000000       0.00000000000000       0.00000000000000
    1     -1     65483.0000000000       0.00000000000000       0.00000000000000       0.00000000000000
    1     -1     65483.0000000000      -0.53086020778121       0.00586080711264      -0.27955874161700
    1     -1     65484.0000000000      -0.53086020778121       0.00586080711264      -0.27955874161700
    1     -1     65485.0000000000      -0.53086020778121       0.00586080711264      -0.27955874161700
    1     -1     65485.0000000000       0.00000000000000       0.00000000000000       0.00000000000000
    1     -1     65485.0000000000       0.00000000000000       0.00000000000000       0.00000000000000
    1     -1     65485.0000000000      -0.52668491447895       0.00734974596324      -0.28731338530353
    1     -1     65486.0000000000      -0.52668491447895       0.00734974596324      -0.28731338530353
    1     -1     65487.0000000000      -0.52668491447895       0.00734974596324      -0.28731338530353
    1     -1     65487.0000000000       0.00000000000000       0.00000000000000       0.00000000000000
    1     -1     65487.0000000000       0.00000000000000       0.00000000000000       0.00000000000000
    1     -1     65487.0000000000      -0.52228791883011       0.00893680986133      -0.29518716529282
    1     -1     65488.0000000000      -0.52228791883011       0.00893680986133      -0.29518716529282
    1     -1     65489.0000000000      -0.52228791883011       0.00893680986133      -0.29518716529282
    1     -1     65489.0000000000       0.00000000000000       0.00000000000000       0.00000000000000
    1     -1     65489.0000000000       0.00000000000000       0.00000000000000       0.00000000000000
    1     -1     65489.0000000000      -0.51765892077459       0.01062593944601      -0.30317706119259
    1     -1     65490.0000000000      -0.51765892077459       0.01062593944601      -0.30317706119259
    1     -1     65491.0000000000      -0.51765892077459       0.01062593944601      -0.30317706119259
    1     -1     65491.0000000000       0.00000000000000       0.00000000000000       0.00000000000000
    1     -1     65491.0000000000       0.00000000000000       0.00000000000000       0.00000000000000
    1     -1     65491.0000000000      -0.51278716057791       0.01242117125945      -0.31127968409613
    1     -1     65492.0000000000      -0.51278716057791       0.01242117125945      -0.31127968409613
    1     -1     65493.0000000000      -0.51278716057791       0.01242117125945      -0.31127968409613
    1     -1     65493.0000000000       0.00000000000000       0.00000000000000       0.00000000000000
    1     -1     65493.0000000000       0.00000000000000       0.00000000000000       0.00000000000000
    1     -1     65493.0000000000      -0.50766250636967       0.01432550139950      -0.31948952864862
    1     -1     65494.0000000000      -0.50766250636967       0.01432550139950      -0.31948952864862
    1     -1     65495.0000000000      -0.50766250636967       0.01432550139950      -0.31948952864862
    1     -1     65495.0000000000       0.00000000000000       0.00000000000000       0.00000000000000
    1     -1     65495.0000000000       0.00000000000000       0.00000000000000       0.00000000000000
    1     -1     65495.0000000000      -0.30795375843176       0.01002044123506      -0.20098143593145
    1     -1     65496.0000000000      -0.30795375843176       0.01002044123506      -0.20098143593145
    1     -1     65497.0000000000      -0.30795375843176       0.01002044123506      -0.20098143593145
    1     -1     65497.0000000000       0.00000000000000       0.00000000000000       0.00000000000000
    1     -1     65625.0000000000       0.00000000000000       0.00000000000000       0.00000000000000
    1     -1     65625.0000000000       0.06682544061008       0.06042168463642      -0.13043464931528
    1     -1     65626.0000000000       0.06682544061008       0.06042168463642      -0.13043464931528
    1     -1     65627.0000000000       0.06682544061008       0.06042168463642      -0.13043464931528
    1     -1     65627.0000000000       0.00000000000000       0.00000000000000       0.00000000000000
    1     -1     65627.0000000000       0.00000000000000       0.00000000000000       0.00000000000000
    1     -1     65627.0000000000       0.26145378985862       0.22930456827617      -0.48893898393996
    1     -1     65628.0000000000       0.26145378985862       0.22930456827617      -0.48893898393996
    1     -1     65629.0000000000       0.26145378985862       0.22930456827617      -0.48893898393996
    1     -1     65629.0000000000       0.00000000000000       0.00000000000000       0.00000000000000
    1     -1     65629.0000000000       0.00000000000000       0.00000000000000       0.00000000000000
    1     -1     65629.0000000000       0.26977997221988       0.22981363362119      -0.48415334313714
    1     -1     65630.0000000000       0.26977997221988       0.22981363362119      -0.48415334313714
    1     -1     65631.0000000000       0.26977997221988       0.22981363362119      -0.48415334313714
    1     -1     65631.0000000000       0.00000000000000       0.00000000000000       0.00000000000000
    1     -1     65631.0000000000       0.00000000000000       0.00000000000000       0.00000000000000
    1     -1     65631.0000000000       0.27791493028002       0.23022174969857      -0.47933415982296
    1     -1     65632.0000000000       0.27791493028002       0.23022174969857      -0.47933415982296
    1     -1     65633.0000000000       0.27791493028002       0.23022174969857      -0.47933415982296
    1     -1     65633.0000000000       0.00000000000000       0.00000000000000       0.00000000000000
    1     -1     65633.0000000000       0.00000000000000       0.00000000000000       0.00000000000000
    1     -1     65633.0000000000       0.28586448572949       0.23053136191774      -0.47448581248649
    1     -1     65634.0000000000       0.28586448572949       0.23053136191774      -0.47448581248649
    1     -1     65635.0000000000       0.28586448572949       0.23053136191774      -0.47448581248649
    1     -1     65635.0000000000       0.00000000000000       0.00000000000000       0.00000000000000
    1     -1     65635.0000000000       0.00000000000000       0.00000000000000       0.00000000000000
    1     -1     65635.0000000000       0.29363436058123       0.23074487279889      -0.46961224988609
    1     -1     65636.0000000000       0.29363436058123       0.23074487279889      -0.46961224988609
    1     -1     65637.0000000000       0.29363436058123       0.23074487279889      -0.46961224988609
    1     -1     65637.0000000000       0.00000000000000       0.00000000000000       0.00000000000000
    1     -1     65637.0000000000       0.00000000000000       0.00000000000000       0.00000000000000
    1     -1     65637.0000000000       0.30123013176166       0.23086467923889      -0.46471701806452
    1     -1     65638.0000000000       0.30123013176166       0.23086467923889      -0.46471701806452
    1     -1     65639.0000000000       0.30123013176166       0.23086467923889      -0.46471701806452
    1     -1     65639.0000000000       0.00000000000000       0.00000000000000       0.00000000000000
    1     -1     65639.0000000000       0.00000000000000       0.00000000000000       0.00000000000000
    1     -1     65639.0000000000       0.30865718962040       0.23089315739455      -0.45980331495544
    1     -1     65640.0000000000       0.30865718962040       0.23089315739455      -0.45980331495544
    1     -1     65641.0000000000       0.30865718962040       0.23089315739455      -0.45980331495544
    1     -1     65641.0000000000       0.00000000000000       0.00000000000000       0.00000000000000
    1     -1     65641.0000000000       0.00000000000000       0.00000000000000       0.00000000000000
    1     -1     65641.0000000000       0.31592072748424       0.23083266422241      -0.45487402031091
    1     -1     65642.0000000000       0.31592072748424       0.23083266422241      -0.45487402031091
    1     -1     65643.0000000000       0.31592072748424       0.23083266422241      -0.45487402031091
    1     -1     65643.0000000000       0.00000000000000       0.00000000000000       0.00000000000000
    1     -1     65643.0000000000       0.00000000000000       0.00000000000000       0.00000000000000
    1     -1     65643.0000000000       0.32302573246922       0.23068554040364      -0.44993172469987
    1     -1     65644.0000000000       0.32302573246922       0.23068554040364      -0.44993172469987
    1     -1     65645.0000000000       0.32302573246922       0.23068554040364      -0.44993172469987
    1     -1     65645.0000000000       0.00000000000000       0.00000000000000       0.00000000000000
    1     -1     65645.0000000000       0.00000000000000       0.00000000000000       0.00000000000000
    1     -1     65645.0000000000       0.32997697766295       0.23045411319382      -0.44497875814973
    1     -1     65646.0000000000       0.32997697766295       0.23045411319382      -0.44497875814973
    1     -1     65647.0000000000       0.32997697766295       0.23045411319382      -0.44497875814973
    1     -1     65647.0000000000       0.00000000000000       0.00000000000000       0.00000000000000
    1     -1     65647.0000000000       0.00000000000000       0.00000000000000       0.00000000000000
    1     -1     65647.0000000000       0.33677901662988       0.23014069934551      -0.44001721755242
    1     -1     65648.0000000000       0.33677901662988       0.23014069934551      -0.44001721755242
    1     -1     65649.0000000000       0.33677901662988       0.23014069934551      -0.44001721755242
    1     -1     65649.0000000000       0.00000000000000       0.00000000000000       0.00000000000000
    1     -1     65649.0000000000       0.00000000000000       0.00000000000000       0.00000000000000
    1     -1     65649.0000000000       0.34343618027235       0.22974760816174      -0.43504899253291
    1     -1     65650.0000000000       0.34343618027235       0.22974760816174      -0.43504899253291
    1     -1     65651.0000000000       0.34343618027235       0.22974760816174      -0.43504899253291
    1     -1     65651.0000000000       0.00000000000000       0.00000000000000       0.00000000000000
    1     -1     65651.0000000000       0.00000000000000       0.00000000000000       0.00000000000000
    1     -1     65651.0000000000       0.34995257584185       0.22927714464012      -0.43007578970145
    1     -1     65652.0000000000       0.34995257584185       0.22927714464012      -0.43007578970145
    1     -1     65653.0000000000       0.34995257584185       0.22927714464012      -0.43007578970145
    1     -1     65653.0000000000       0.00000000000000       0.00000000000000       0.00000000000000
    1     -1     65653.0000000000       0.00000000000000       0.00000000000000       0.00000000000000
    1     -1     65653.0000000000       0.35633208785076       0.22873161263386      -0.42509915529184
    1     -1     65654.0000000000       0.35633208785076       0.22873161263386      -0.42509915529184
    1     -1     65655.0000000000       0.35633208785076       0.22873161263386      -0.42509915529184
    1     -1     65655.0000000000       0.00000000000000       0.00000000000000       0.00000000000000
    1     -1     65655.0000000000       0.00000000000000       0.00000000000000       0.00000000000000
    1     -1     65655.0000000000       0.36257838065264       0.22811331795918      -0.42012049620670
    1     -1     65656.0000000000       0.36257838065264       0.22811331795918      -0.42012049620670
    1     -1     65657.0000000000       0.36257838065264       0.22811331795918      -0.42012049620670
    1     -1     65657.0000000000       0.00000000000000       0.00000000000000       0.00000000000000
    1     -1     65657.0000000000       0.00000000000000       0.00000000000000       0.00000000000000
    1     -1     65657.0000000000       0.36869490248947       0.22742457139107      -0.41514109949012
    1     -1     65658.0000000000       0.36869490248947       0.22742457139107      -0.41514109949012
    1     -1     65659.0000000000       0.36869490248947       0.22742457139107      -0.41514109949012
    1     -1     65659.0000000000       0.00000000000000       0.00000000000000       0.00000000000000
    1     -1     65659.0000000000       0.00000000000000       0.00000000000000       0.00000000000000
    1     -1     65659.0000000000       0.37468489081031       0.22666769149394      -0.41016215026655
    1     -1     65660.0000000000       0.37468489081031       0.22666769149394      -0.41016215026655
    1     -1     65661.0000000000       0.37468489081031       0.22666769149394      -0.41016215026655
    1     -1     65661.0000000000       0.00000000000000       0.00000000000000       0.00000000000000
    1     -1     65661.0000000000       0.00000000000000       0.00000000000000       0.00000000000000
    1     -1     65661.0000000000       0.38055137867888       0.22584500723826      -0.40518474819661
    1     -1     65662.0000000000       0.38055137867888       0.22584500723826      -0.40518474819661
    1     -1     65663.0000000000       0.38055137867888       0.22584500723826      -0.40518474819661
    1     -1     65663.0000000000       0.00000000000000       0.00000000000000       0.00000000000000
    1     -1     65663.0000000000       0.00000000000000       0.00000000000000       0.00000000000000
    1     -1     65663.0000000000       0.38629720212106       0.22495886037173      -0.40020992248281
    1     -1     65664.0000000000       0.38629720212106       0.22495886037173      -0.40020992248281
    1     -1     65665.0000000000       0.38629720212106       0.22495886037173      -0.40020992248281
    1     -1     65665.0000000000       0.00000000000000       0.00000000000000       0.00000000000000
    1     -1     65665.0000000000       0.00000000000000       0.00000000000000       0.00000000000000
    1     -1     65665.0000000000       0.39192500825048       0.22401160750471      -0.39523864549284
    1     -1     65666.0000000000       0.39192500825048       0.22401160750471      -0.39523864549284
    1     -1     65667.0000000000       0.39192500825048       0.22401160750471      -0.39523864549284
    1     -1     65667.0000000000       0.00000000000000       0.00000000000000       0.00000000000000
    1     -1     65667.0000000000       0.00000000000000       0.00000000000000       0.00000000000000
    1     -1     65667.0000000000       0.39743726404261       0.22300562188800      -0.39027184504736
    1     -1     65668.0000000000       0.39743726404261       0.22300562188800      -0.39027184504736
    1     -1     65669.0000000000       0.39743726404261       0.22300562188800      -0.39027184504736
    1     -1     65669.0000000000       0.00000000000000       0.00000000000000       0.00000000000000
    1     -1     65669.0000000000       0.00000000000000       0.00000000000000       0.00000000000000
    1     -1     65669.0000000000       0.40283626564195       0.22194329486485      -0.38531041541617
    1     -1     65670.0000000000       0.40283626564195       0.22194329486485      -0.38531041541617
    1     -1     65671.0000000000       0.40283626564195       0.22194329486485      -0.38531041541617
    1     -1     65671.0000000000       0.00000000000000       0.00000000000000       0.00000000000000
    1     -1     65671.0000000000       0.00000000000000       0.00000000000000       0.00000000000000
    1     -1     65671.0000000000       0.40812414806646       0.22082703697150      -0.38035522710673
    1     -1     65672.0000000000       0.40812414806646       0.22082703697150      -0.38035522710673
    1     -1     65673.0000000000       0.40812414806646       0.22082703697150      -0.38035522710673
    1     -1     65673.0000000000       0.00000000000000       0.00000000000000       0.00000000000000
    1     -1     65673.0000000000       0.00000000000000       0.00000000000000       0.00000000000000
    1     -1     65673.0000000000       0.41330289522848       0.21965927868555      -0.37540713547175
    1     -1     65674.0000000000       0.41330289522848       0.21965927868555      -0.37540713547175
    1     -1     65675.0000000000       0.41330289522848       0.21965927868555      -0.37540713547175
    1     -1     65675.0000000000       0.00000000000000       0.00000000000000       0.00000000000000
    1     -1     65675.0000000000       0.00000000000000       0.00000000000000       0.00000000000000
    1     -1     65675.0000000000       0.41837435015869       0.21844247080776      -0.37046698821446
    1     -1     65676.0000000000       0.41837435015869       0.21844247080776      -0.37046698821446
    1     -1     65677.0000000000       0.41837435015869       0.21844247080776      -0.37046698821446
    1     -1     65677.0000000000       0.00000000000000       0.00000000000000       0.00000000000000
    1     -1     65677.0000000000       0.00000000000000       0.00000000000000       0.00000000000000
    1     -1     65677.0000000000       0.42334022535587       0.21717908447923      -0.36553563183417
    1     -1     65678.0000000000       0.42334022535587       0.21717908447923      -0.36553563183417
    1     -1     65679.0000000000       0.42334022535587       0.21717908447923      -0.36553563183417
    1     -1     65679.0000000000       0.00000000000000       0.00000000000000       0.00000000000000
    1     -1     65679.0000000000       0.00000000000000       0.00000000000000       0.00000000000000
    1     -1     65679.0000000000       0.42820211317357       0.21587161083240      -0.36061391707797
    1     -1     65680.0000000000       0.42820211317357       0.21587161083240      -0.36061391707797
    1     -1     65681.0000000000       0.42820211317357       0.21587161083240      -0.36061391707797
    1     -1     65681.0000000000       0.00000000000000       0.00000000000000       0.00000000000000
    1     -1     65681.0000000000       0.00000000000000       0.00000000000000       0.00000000000000
    1     -1     65681.0000000000       0.43296149617577       0.21452256028361      -0.35570270344574
    1     -1     65682.0000000000       0.43296149617577       0.21452256028361      -0.35570270344574
    1     -1     65683.0000000000       0.43296149617577       0.21452256028361      -0.35570270344574
    1     -1     65683.0000000000       0.00000000000000       0.00000000000000       0.00000000000000
    1     -1     65683.0000000000       0.00000000000000       0.00000000000000       0.00000000000000
    1     -1     65683.0000000000       0.43761975737623       0.21313446147179      -0.35080286282625
    1     -1     65684.0000000000       0.43761975737623       0.21313446147179      -0.35080286282625
    1     -1     65685.0000000000       0.43761975737623       0.21313446147179      -0.35080286282625
    1     -1     65685.0000000000       0.00000000000000       0.00000000000000       0.00000000000000
    1     -1     65685.0000000000       0.00000000000000       0.00000000000000       0.00000000000000
    1     -1     65685.0000000000       0.44217819031270       0.21170985986061      -0.34591528230130
    1     -1     65686.0000000000       0.44217819031270       0.21170985986061      -0.34591528230130
    1     -1     65687.0000000000       0.44217819031270       0.21170985986061      -0.34591528230130
    1     -1     65687.0000000000       0.00000000000000       0.00000000000000       0.00000000000000
    1     -1     65687.0000000000       0.00000000000000       0.00000000000000       0.00000000000000
    1     -1     65687.0000000000       0.44663800888135       0.21025131601533      -0.34104086619688
    1     -1     65688.0000000000       0.44663800888135       0.21025131601533      -0.34104086619688
    1     -1     65689.0000000000       0.44663800888135       0.21025131601533      -0.34104086619688
    1     -1     65689.0000000000       0.00000000000000       0.00000000000000       0.00000000000000
    1     -1     65689.0000000000       0.00000000000000       0.00000000000000       0.00000000000000
    1     -1     65689.0000000000       0.45100035687577       0.20876140357392      -0.33618053744346
    1     -1     65690.0000000000       0.45100035687577       0.20876140357392      -0.33618053744346
    1     -1     65691.0000000000       0.45100035687577       0.20876140357392      -0.33618053744346
    1     -1     65691.0000000000       0.00000000000000       0.00000000000000       0.00000000000000
    1     -1     65691.0000000000       0.00000000000000       0.00000000000000       0.00000000000000
    1     -1     65691.0000000000       0.45526631718807       0.20724270693385      -0.33133523829612
    1     -1     65692.0000000000       0.45526631718807       0.20724270693385      -0.33133523829612
    1     -1     65693.0000000000       0.45526631718807       0.20724270693385      -0.33133523829612
    1     -1     65693.0000000000       0.00000000000000       0.00000000000000       0.00000000000000
    1  25792     65693.0000000000     -329609751.467608213       -8018980.216168790        8127658.209599966       -1.3682797015804      -20.8010078097205       -1.2929250363672        1820.4700505964
    1  25792     65693.0000000000     -329609751.467608213       -8018980.216168790        8127658.209599966       -1.3682797015804      -20.8010078097205       -1.2929250363672        1780.4700505964
    1     -1     65693.0000000000       0.00000000000000       0.00000000000000       0.00000000000000
    1     -1     65693.0000000000       0.03054193009759      -0.03312443353529       0.59830590978937
    1     -1     65694.0000000000       0.03054193009759      -0.03312443353529       0.59830590978937
    1     -1     65695.0000000000       0.03054193009759      -0.03312443353529       0.59830590978937
    1     -1     65695.0000000000       0.00000000000000       0.00000000000000       0.00000000000000
    1     -1     65695.0000000000       0.00000000000000       0.00000000000000       0.00000000000000
    1     -1     65695.0000000000       0.03234037404292      -0.03085473461209       0.59833275427540
    1     -1     65696.0000000000       0.03234037404292      -0.03085473461209       0.59833275427540
    1     -1     65697.0000000000       0.03234037404292      -0.03085473461209       0.59833275427540
    1     -1     65697.0000000000       0.00000000000000       0.00000000000000       0.00000000000000
    1     -1     65697.0000000000       0.00000000000000       0.00000000000000       0.00000000000000
    1     -1     65697.0000000000       0.03419682465845      -0.02851697285766       0.59834551784259
    1     -1     65698.0000000000       0.03419682465845      -0.02851697285766       0.59834551784259
    1     -1     65699.0000000000       0.03419682465845      -0.02851697285766       0.59834551784259
    1     -1     65699.0000000000       0.00000000000000       0.00000000000000       0.00000000000000
    1     -1     65699.0000000000       0.00000000000000       0.00000000000000       0.00000000000000
    1     -1     65699.0000000000       0.03611469617319      -0.02610760711781       0.59834281214944
    1     -1     65700.0000000000       0.03611469617319      -0.02610760711781       0.59834281214944
    1     -1     65701.0000000000       0.03611469617319      -0.02610760711781       0.59834281214944
    1     -1     65701.0000000000       0.00000000000000       0.00000000000000       0.00000000000000
    1     -1     65701.0000000000       0.00000000000000       0.00000000000000       0.00000000000000
    1     -1     65701.0000000000       0.03809762516852      -0.02362285195363       0.59832309925499
    1     -1     65702.0000000000       0.03809762516852      -0.02362285195363       0.59832309925499
    1     -1     65703.0000000000       0.03809762516852      -0.02362285195363       0.59832309925499
    1     -1     65703.0000000000       0.00000000000000       0.00000000000000       0.00000000000000
    1     -1     65703.0000000000       0.00000000000000       0.00000000000000       0.00000000000000
    1     -1     65703.0000000000       0.04014948354240      -0.02105866297534       0.59828467385098
    1     -1     65704.0000000000       0.04014948354240      -0.02105866297534       0.59828467385098
    1     -1     65705.0000000000       0.04014948354240      -0.02105866297534       0.59828467385098
    1     -1     65705.0000000000       0.00000000000000       0.00000000000000       0.00000000000000
    1     -1     65705.0000000000       0.00000000000000       0.00000000000000       0.00000000000000
    1     -1     65705.0000000000       0.04227439619150      -0.01841071785513       0.59822564319386
    1     -1     65706.0000000000       0.04227439619150      -0.01841071785513       0.59822564319386
    1     -1     65707.0000000000       0.04227439619150      -0.01841071785513       0.59822564319386
    1     -1     65707.0000000000       0.00000000000000       0.00000000000000       0.00000000000000
    1     -1     65707.0000000000       0.00000000000000       0.00000000000000       0.00000000000000
    1     -1     65707.0000000000       0.04447676047415      -0.01567439431746       0.59814390444149
    1     -1     65708.0000000000       0.04447676047415      -0.01567439431746       0.59814390444149
    1     -1     65709.0000000000       0.04447676047415      -0.01567439431746       0.59814390444149
    1     -1     65709.0000000000       0.00000000000000       0.00000000000000       0.00000000000000
    1     -1     65709.0000000000       0.00000000000000       0.00000000000000       0.00000000000000
    1     -1     65709.0000000000       0.04676126768322      -0.01284474543656       0.59803711894775
    1     -1     65710.0000000000       0.04676126768322      -0.01284474543656       0.59803711894775
    1     -1     65711.0000000000       0.04676126768322      -0.01284474543656       0.59803711894775
    1     -1     65711.0000000000       0.00000000000000       0.00000000000000       0.00000000000000
    1     -1     65711.0000000000       0.00000000000000       0.00000000000000       0.00000000000000
    1     -1     65711.0000000000       0.04913292534593      -0.00991647473517       0.59790268309799
    1     -1     65712.0000000000       0.04913292534593      -0.00991647473517       0.59790268309799
    1     -1     65713.0000000000       0.04913292534593      -0.00991647473517       0.59790268309799
    1     -1     65713.0000000000       0.00000000000000       0.00000000000000       0.00000000000000
    1     -1     65713.0000000000       0.00000000000000       0.00000000000000       0.00000000000000
    1     -1     65713.0000000000       0.05159708213596      -0.00688390635929       0.59773769517096
    1     -1     65714.0000000000       0.05159708213596      -0.00688390635929       0.59773769517096
    1     -1     65715.0000000000       0.05159708213596      -0.00688390635929       0.59773769517096
    1     -1     65715.0000000000       0.00000000000000       0.00000000000000       0.00000000000000
    1     -1     65715.0000000000       0.00000000000000       0.00000000000000       0.00000000000000
    1     -1     65715.0000000000       0.05415945383160      -0.00374095712749       0.59753891762833
    1     -1     65716.0000000000       0.05415945383160      -0.00374095712749       0.59753891762833
    1     -1     65717.0000000000       0.05415945383160      -0.00374095712749       0.59753891762833
    1     -1     65717.0000000000       0.00000000000000       0.00000000000000       0.00000000000000
    1     -1     65717.0000000000       0.00000000000000       0.00000000000000       0.00000000000000
    1     -1     65717.0000000000       0.05682615220902      -0.00048110139009       0.59730273416968
    1     -1     65718.0000000000       0.05682615220902      -0.00048110139009       0.59730273416968
    1     -1     65719.0000000000       0.05682615220902      -0.00048110139009       0.59730273416968
    1     -1     65719.0000000000       0.00000000000000       0.00000000000000       0.00000000000000
    1     -1     65719.0000000000       0.00000000000000       0.00000000000000       0.00000000000000
    1     -1     65719.0000000000       0.05960371524677       0.00290266255777       0.59702510077790
    1     -1     65720.0000000000       0.05960371524677       0.00290266255777       0.59702510077790
    1     -1     65721.0000000000       0.05960371524677       0.00290266255777       0.59702510077790
    1     -1     65721.0000000000       0.00000000000000       0.00000000000000       0.00000000000000
    1     -1     65721.0000000000       0.00000000000000       0.00000000000000       0.00000000000000
    1     -1     65721.0000000000       0.06249914041359       0.00641785256011       0.59670148977196
    1     -1     65722.0000000000       0.06249914041359       0.00641785256011       0.59670148977196
    1     -1     65723.0000000000       0.06249914041359       0.00641785256011       0.59670148977196
    1     -1     65723.0000000000       0.00000000000000       0.00000000000000       0.00000000000000
    1     -1     65723.0000000000       0.00000000000000       0.00000000000000       0.00000000000000
    1     -1     65723.0000000000       0.06551991960965       0.01007254255892       0.59632682591071
    1     -1     65724.0000000000       0.06551991960965       0.01007254255892       0.59632682591071
    1     -1     65725.0000000000       0.06551991960965       0.01007254255892       0.59632682591071
    1     -1     65725.0000000000       0.00000000000000       0.00000000000000       0.00000000000000
    1     -1     65725.0000000000       0.00000000000000       0.00000000000000       0.00000000000000
    1     -1     65725.0000000000       0.06867407651185       0.01387540746704       0.59589541327557
    1     -1     65726.0000000000       0.06867407651185       0.01387540746704       0.59589541327557
    1     -1     65727.0000000000       0.06867407651185       0.01387540746704       0.59589541327557
    1     -1     65727.0000000000       0.00000000000000       0.00000000000000       0.00000000000000
    1     -1     65727.0000000000       0.00000000000000       0.00000000000000       0.00000000000000
    1     -1     65727.0000000000       0.07197020683421       0.01783577104931       0.59540085142643
    1     -1     65728.0000000000       0.07197020683421       0.01783577104931       0.59540085142643
    1     -1     65729.0000000000       0.07197020683421       0.01783577104931       0.59540085142643
    1     -1     65729.0000000000       0.00000000000000       0.00000000000000       0.00000000000000
    1     -1     65729.0000000000       0.00000000000000       0.00000000000000       0.00000000000000
    1     -1     65729.0000000000       0.07541751948616       0.02196365503617       0.59483593947576
    1     -1     65730.0000000000       0.07541751948616       0.02196365503617       0.59483593947576
    1     -1     65731.0000000000       0.07541751948616       0.02196365503617       0.59483593947576
    1     -1     65731.0000000000       0.00000000000000       0.00000000000000       0.00000000000000
    1     -1     65731.0000000000       0.00000000000000       0.00000000000000       0.00000000000000
    1     -1     65731.0000000000       0.07902588144893       0.02626983439837       0.59419256570737
    1     -1     65732.0000000000       0.07902588144893       0.02626983439837       0.59419256570737
    1     -1     65733.0000000000       0.07902588144893       0.02626983439837       0.59419256570737
    1     -1     65733.0000000000       0.00000000000000       0.00000000000000       0.00000000000000
    1     -1     65733.0000000000       0.00000000000000       0.00000000000000       0.00000000000000
    1     -1     65733.0000000000       0.08280586204775       0.03076589148427       0.59346158124322
    1     -1     65734.0000000000       0.08280586204775       0.03076589148427       0.59346158124322
    1     -1     65735.0000000000       0.08280586204775       0.03076589148427       0.59346158124322
    1     -1     65735.0000000000       0.00000000000000       0.00000000000000       0.00000000000000
    1     -1     65735.0000000000       0.00000000000000       0.00000000000000       0.00000000000000
    1     -1     65735.0000000000       0.08676878056368       0.03546427615629       0.59263265444641
    1     -1     65736.0000000000       0.08676878056368       0.03546427615629       0.59263265444641
    1     -1     65737.0000000000       0.08676878056368       0.03546427615629       0.59263265444641
    1     -1     65737.0000000000       0.00000000000000       0.00000000000000       0.00000000000000
    1     -1     65737.0000000000       0.00000000000000       0.00000000000000       0.00000000000000
    1     -1     65737.0000000000       0.09092675204152       0.04037836459009       0.59169410400663
    1     -1     65738.0000000000       0.09092675204152       0.04037836459009       0.59169410400663
    1     -1     65739.0000000000       0.09092675204152       0.04037836459009       0.59169410400663
    1     -1     65739.0000000000       0.00000000000000       0.00000000000000       0.00000000000000
    1     -1     65739.0000000000       0.00000000000000       0.00000000000000       0.00000000000000
    1     -1     65739.0000000000       0.09529273364703       0.04552252031828       0.59063270679666
    1     -1     65740.0000000000       0.09529273364703       0.04552252031828       0.59063270679666
    1     -1     65741.0000000000       0.09529273364703       0.04552252031828       0.59063270679666
    1     -1     65741.0000000000       0.00000000000000       0.00000000000000       0.00000000000000
    1     -1     65741.0000000000       0.00000000000000       0.00000000000000       0.00000000000000
    1     -1     65741.0000000000       0.09988056695897       0.05091215336560       0.58943347738624
    1     -1     65742.0000000000       0.09988056695897       0.05091215336560       0.58943347738624
    1     -1     65743.0000000000       0.09988056695897       0.05091215336560       0.58943347738624
    1     -1     65743.0000000000       0.00000000000000       0.00000000000000       0.00000000000000
    1     -1     65743.0000000000       0.00000000000000       0.00000000000000       0.00000000000000
    1     -1     65743.0000000000       0.10470501611446       0.05656377689905       0.58807941472507
    1     -1     65744.0000000000       0.10470501611446       0.05656377689905       0.58807941472507
    1     -1     65745.0000000000       0.10470501611446       0.05656377689905       0.58807941472507
    1     -1     65745.0000000000       0.00000000000000       0.00000000000000       0.00000000000000
    1     -1     65745.0000000000       0.00000000000000       0.00000000000000       0.00000000000000
    1     -1     65745.0000000000       0.09657002289937       0.05497399531637       0.51596265737394
    1     -1     65746.0000000000       0.09657002289937       0.05497399531637       0.51596265737394
    1     -1     65747.0000000000       0.09657002289937       0.05497399531637       0.51596265737394
    1     -1     65747.0000000000       0.00000000000000       0.00000000000000       0.00000000000000
    1     -1     65859.0000000000       0.00000000000000       0.00000000000000       0.00000000000000
    1     -1     65859.0000000000       0.04043677363156       0.04527083684206      -0.04902209629574
    1     -1     65860.0000000000       0.04043677363156       0.04527083684206      -0.04902209629574
    1     -1     65861.0000000000       0.04043677363156       0.04527083684206      -0.04902209629574
    1     -1     65861.0000000000       0.00000000000000       0.00000000000000       0.00000000000000
    1     -1     65861.0000000000       0.00000000000000       0.00000000000000       0.00000000000000
    1     -1     65861.0000000000       0.30730340637754       0.34462310581575      -0.38314426871176
    1     -1     65862.0000000000       0.30730340637754       0.34462310581575      -0.38314426871176
    1     -1     65863.0000000000       0.30730340637754       0.34462310581575      -0.38314426871176
    1     -1     65863.0000000000       0.00000000000000       0.00000000000000       0.00000000000000
    1     -1     65863.0000000000       0.00000000000000       0.00000000000000       0.00000000000000
    1     -1     65863.0000000000       0.30382302542637       0.34128288623921      -0.38886702105090
    1     -1     65864.0000000000       0.30382302542637       0.34128288623921      -0.38886702105090
    1     -1     65865.0000000000       0.30382302542637       0.34128288623921      -0.38886702105090
    1     -1     65865.0000000000       0.00000000000000       0.00000000000000       0.00000000000000
    1     -1     65865.0000000000       0.00000000000000       0.00000000000000       0.00000000000000
    1     -1     65865.0000000000       0.30050861201250       0.33810531766969      -0.39418189652723
    1     -1     65866.0000000000       0.30050861201250       0.33810531766969      -0.39418189652723
    1     -1     65867.0000000000       0.30050861201250       0.33810531766969      -0.39418189652723
    1     -1     65867.0000000000       0.00000000000000       0.00000000000000       0.00000000000000
    1     -1     65867.0000000000       0.00000000000000       0.00000000000000       0.00000000000000
    1     -1     65867.0000000000       0.29735374661467       0.33508625690940      -0.39912147159063
    1     -1     65868.0000000000       0.29735374661467       0.33508625690940      -0.39912147159063
    1     -1     65869.0000000000       0.29735374661467       0.33508625690940      -0.39912147159063
    1     -1     65869.0000000000       0.00000000000000       0.00000000000000       0.00000000000000
    1     -1     65869.0000000000       0.00000000000000       0.00000000000000       0.00000000000000
    1     -1     65869.0000000000       0.29435188875713       0.33222121021228      -0.40371528624787
    1     -1     65870.0000000000       0.29435188875713       0.33222121021228      -0.40371528624787
    1     -1     65871.0000000000       0.29435188875713       0.33222121021228      -0.40371528624787
    1     -1     65871.0000000000       0.00000000000000       0.00000000000000       0.00000000000000
    1     -1     65871.0000000000       0.00000000000000       0.00000000000000       0.00000000000000
    1     -1     65871.0000000000       0.29149648079934       0.32950546386684      -0.40799013498306
    1     -1     65872.0000000000       0.29149648079934       0.32950546386684      -0.40799013498306
    1     -1     65873.0000000000       0.29149648079934       0.32950546386684      -0.40799013498306
    1     -1     65873.0000000000       0.00000000000000       0.00000000000000       0.00000000000000
    1     -1     65873.0000000000       0.00000000000000       0.00000000000000       0.00000000000000
    1     -1     65873.0000000000       0.28878102610815       0.32693418708860      -0.41197033334045
    1     -1     65874.0000000000       0.28878102610815       0.32693418708860      -0.41197033334045
    1     -1     65875.0000000000       0.28878102610815       0.32693418708860      -0.41197033334045
    1     -1     65875.0000000000       0.00000000000000       0.00000000000000       0.00000000000000
    1     -1     65875.0000000000       0.00000000000000       0.00000000000000       0.00000000000000
    1     -1     65875.0000000000       0.28619914586498       0.32450251016023      -0.41567796319491
    1     -1     65876.0000000000       0.28619914586498       0.32450251016023      -0.41567796319491
    1     -1     65877.0000000000       0.28619914586498       0.32450251016023      -0.41567796319491
    1     -1     65877.0000000000       0.00000000000000       0.00000000000000       0.00000000000000
    1     -1     65877.0000000000       0.00000000000000       0.00000000000000       0.00000000000000
    1     -1     65877.0000000000       0.28374462030622       0.32220558523664      -0.41913309409971
    1     -1     65878.0000000000       0.28374462030622       0.32220558523664      -0.41913309409971
    1     -1     65879.0000000000       0.28374462030622       0.32220558523664      -0.41913309409971
    1     -1     65879.0000000000       0.00000000000000       0.00000000000000       0.00000000000000
    1     -1     65879.0000000000       0.00000000000000       0.00000000000000       0.00000000000000
    1     -1     65879.0000000000       0.28141141793066       0.32003863182250      -0.42235398338294
    1     -1     65880.0000000000       0.28141141793066       0.32003863182250      -0.42235398338294
    1     -1     65881.0000000000       0.28141141793066       0.32003863182250      -0.42235398338294
    1     -1     65881.0000000000       0.00000000000000       0.00000000000000       0.00000000000000
    1     -1     65881.0000000000       0.00000000000000       0.00000000000000       0.00000000000000
    1     -1     65881.0000000000       0.27919371536495       0.31799697122470      -0.42535725557775
    1     -1     65882.0000000000       0.27919371536495       0.31799697122470      -0.42535725557775
    1     -1     65883.0000000000       0.27919371536495       0.31799697122470      -0.42535725557775
    1     -1     65883.0000000000       0.00000000000000       0.00000000000000       0.00000000000000
    1     -1     65883.0000000000       0.00000000000000       0.00000000000000       0.00000000000000
    1     -1     65883.0000000000       0.27708590961307       0.31607605167139      -0.42815806372614
    1     -1     65884.0000000000       0.27708590961307       0.31607605167139      -0.42815806372614
    1     -1     65885.0000000000       0.27708590961307       0.31607605167139      -0.42815806372614
    1     -1     65885.0000000000       0.00000000000000       0.00000000000000       0.00000000000000
    1     -1     65885.0000000000       0.00000000000000       0.00000000000000       0.00000000000000
    1     -1     65885.0000000000       0.27508262389760       0.31427146454642      -0.43077023560299
    1     -1     65886.0000000000       0.27508262389760       0.31427146454642      -0.43077023560299
    1     -1     65887.0000000000       0.27508262389760       0.31427146454642      -0.43077023560299
    1     -1     65887.0000000000       0.00000000000000       0.00000000000000       0.00000000000000
    1     -1     65887.0000000000       0.00000000000000       0.00000000000000       0.00000000000000
    1     -1     65887.0000000000       0.27317871068630       0.31257895796102      -0.43320640155447
    1     -1     65888.0000000000       0.27317871068630       0.31257895796102      -0.43320640155447
    1     -1     65889.0000000000       0.27317871068630       0.31257895796102      -0.43320640155447
    1     -1     65889.0000000000       0.00000000000000       0.00000000000000       0.00000000000000
    1     -1     65889.0000000000       0.00000000000000       0.00000000000000       0.00000000000000
    1     -1     65889.0000000000       0.27136924967624       0.31099444225399      -0.43547811253528
    1     -1     65890.0000000000       0.27136924967624       0.31099444225399      -0.43547811253528
    1     -1     65891.0000000000       0.27136924967624       0.31099444225399      -0.43547811253528
    1     -1     65891.0000000000       0.00000000000000       0.00000000000000       0.00000000000000
    1     -1     65891.0000000000       0.00000000000000       0.00000000000000       0.00000000000000
    1     -1     65891.0000000000       0.26964954400566       0.30951399422973      -0.43759594384946
    1     -1     65892.0000000000       0.26964954400566       0.30951399422973      -0.43759594384946
    1     -1     65893.0000000000       0.26964954400566       0.30951399422973      -0.43759594384946
    1     -1     65893.0000000000       0.00000000000000       0.00000000000000       0.00000000000000
    1     -1     65893.0000000000       0.00000000000000       0.00000000000000       0.00000000000000
    1     -1     65893.0000000000       0.26801511521261       0.30813385799408      -0.43956958818287
    1     -1     65894.0000000000       0.26801511521261       0.30813385799408      -0.43956958818287
    1     -1     65895.0000000000       0.26801511521261       0.30813385799408      -0.43956958818287
    1     -1     65895.0000000000       0.00000000000000       0.00000000000000       0.00000000000000
    1     -1     65895.0000000000       0.00000000000000       0.00000000000000       0.00000000000000
    1     -1     65895.0000000000       0.26646169513806       0.30685044291516      -0.44140794055717
    1     -1     65896.0000000000       0.26646169513806       0.30685044291516      -0.44140794055717
    1     -1     65897.0000000000       0.26646169513806       0.30685044291516      -0.44140794055717
    1     -1     65897.0000000000       0.00000000000000       0.00000000000000       0.00000000000000
    1     -1     65897.0000000000       0.00000000000000       0.00000000000000       0.00000000000000
    1     -1     65897.0000000000       0.26498521789448       0.30566032028134      -0.44311917358683
    1     -1     65898.0000000000       0.26498521789448       0.30566032028134      -0.44311917358683
    1     -1     65899.0000000000       0.26498521789448       0.30566032028134      -0.44311917358683
    1     -1     65899.0000000000       0.00000000000000       0.00000000000000       0.00000000000000
    1     -1     65899.0000000000       0.00000000000000       0.00000000000000       0.00000000000000
    1     -1     65899.0000000000       0.26358181877665       0.30456022849652      -0.44471079513380
    1     -1     65900.0000000000       0.26358181877665       0.30456022849652      -0.44471079513380
    1     -1     65901.0000000000       0.26358181877665       0.30456022849652      -0.44471079513380
    1     -1     65901.0000000000       0.00000000000000       0.00000000000000       0.00000000000000
    1     -1     65901.0000000000       0.00000000000000       0.00000000000000       0.00000000000000
    1     -1     65901.0000000000       0.26224780645352       0.30354704329660      -0.44618973519816
    1     -1     65902.0000000000       0.26224780645352       0.30354704329660      -0.44618973519816
    1     -1     65903.0000000000       0.26224780645352       0.30354704329660      -0.44618973519816
    1     -1     65903.0000000000       0.00000000000000       0.00000000000000       0.00000000000000
    1   9595     65903.0000000000     -181588137.488441378     -318015903.428455949        4726328.219744380       15.7505445640374      -10.3361390718151       -0.9739544173359        1653.5754137181
    1   9595     65903.0000000000     -181588137.488441378     -318015903.428455949        4726328.219744380       15.7505445640374      -10.3361390718151       -0.9739544173359        1613.5754137181
    1     -1     65903.0000000000       0.00000000000000       0.00000000000000       0.00000000000000
    1     -1     65903.0000000000      -0.37115848123897      -0.31968335266605       0.34647357058306
    1     -1     65904.0000000000      -0.37115848123897      -0.31968335266605       0.34647357058306
    1     -1     65905.0000000000      -0.37115848123897      -0.31968335266605       0.34647357058306
    1     -1     65905.0000000000       0.00000000000000       0.00000000000000       0.00000000000000
    1     -1     65905.0000000000       0.00000000000000       0.00000000000000       0.00000000000000
    1     -1     65905.0000000000      -0.37101188556652      -0.31984454696196       0.34648181168291
    1     -1     65906.0000000000      -0.37101188556652      -0.31984454696196       0.34648181168291
    1     -1     65907.0000000000      -0.37101188556652      -0.31984454696196       0.34648181168291
    1     -1     65907.0000000000       0.00000000000000       0.00000000000000       0.00000000000000
    1     -1     65907.0000000000       0.00000000000000       0.00000000000000       0.00000000000000
    1     -1     65907.0000000000      -0.37086222461344      -0.32006225063369       0.34644099837356
    1     -1     65908.0000000000      -0.37086222461344      -0.32006225063369       0.34644099837356
    1     -1     65909.0000000000      -0.37086222461344      -0.32006225063369       0.34644099837356
    1     -1     65909.0000000000       0.00000000000000       0.00000000000000       0.00000000000000
    1     -1     65909.0000000000       0.00000000000000       0.00000000000000       0.00000000000000
    1     -1     65909.0000000000      -0.37070868371467      -0.32033825605832       0.34635021698283
    1     -1     65910.0000000000      -0.37070868371467      -0.32033825605832       0.34635021698283
    1     -1     65911.0000000000      -0.37070868371467      -0.32033825605832       0.34635021698283
    1     -1     65911.0000000000       0.00000000000000       0.00000000000000       0.00000000000000
    1     -1     65911.0000000000       0.00000000000000       0.00000000000000       0.00000000000000
    1     -1     65911.0000000000      -0.37055041328575      -0.32067438886104       0.34620850194985
    1     -1     65912.0000000000      -0.37055041328575      -0.32067438886104       0.34620850194985
    1     -1     65913.0000000000      -0.37055041328575      -0.32067438886104       0.34620850194985
    1     -1     65913.0000000000       0.00000000000000       0.00000000000000       0.00000000000000
    1     -1     65913.0000000000       0.00000000000000       0.00000000000000       0.00000000000000
    1     -1     65913.0000000000      -0.37038652611070      -0.32107251073966       0.34601483118933
    1     -1     65914.0000000000      -0.37038652611070      -0.32107251073966       0.34601483118933
    1     -1     65915.0000000000      -0.37038652611070      -0.32107251073966       0.34601483118933
    1     -1     65915.0000000000       0.00000000000000       0.00000000000000       0.00000000000000
    1     -1     65915.0000000000       0.00000000000000       0.00000000000000       0.00000000000000
    1     -1     65915.0000000000      -0.37021609445517      -0.32153452242431       0.34576812110970
    1     -1     65916.0000000000      -0.37021609445517      -0.32153452242431       0.34576812110970
    1     -1     65917.0000000000      -0.37021609445517      -0.32153452242431       0.34576812110970
    1     -1     65917.0000000000       0.00000000000000       0.00000000000000       0.00000000000000
    1     -1     65917.0000000000       0.00000000000000       0.00000000000000       0.00000000000000
    1     -1     65917.0000000000      -0.37003814694826      -0.32206236666204       0.34546722140189
    1     -1     65918.0000000000      -0.37003814694826      -0.32206236666204       0.34546722140189
    1     -1     65919.0000000000      -0.37003814694826      -0.32206236666204       0.34546722140189
    1     -1     65919.0000000000       0.00000000000000       0.00000000000000       0.00000000000000
    1     -1     65919.0000000000       0.00000000000000       0.00000000000000       0.00000000000000
    1     -1     65919.0000000000      -0.36985166530529      -0.32265803096682       0.34511090971385
    1     -1     65920.0000000000      -0.36985166530529      -0.32265803096682       0.34511090971385
    1     -1     65921.0000000000      -0.36985166530529      -0.32265803096682       0.34511090971385
    1     -1     65921.0000000000       0.00000000000000       0.00000000000000       0.00000000000000
    1     -1     65921.0000000000       0.00000000000000       0.00000000000000       0.00000000000000
    1     -1     65921.0000000000      -0.36965558089341      -0.32332355014288       0.34469788615156
    1     -1     65922.0000000000      -0.36965558089341      -0.32332355014288       0.34469788615156
    1     -1     65923.0000000000      -0.36965558089341      -0.32332355014288       0.34469788615156
    1     -1     65923.0000000000       0.00000000000000       0.00000000000000       0.00000000000000
    1     -1     65923.0000000000       0.00000000000000       0.00000000000000       0.00000000000000
    1     -1     65923.0000000000      -0.36944877100415      -0.32406100893952       0.34422676736218
    1     -1     65924.0000000000      -0.36944877100415      -0.32406100893952       0.34422676736218
    1     -1     65925.0000000000      -0.36944877100415      -0.32406100893952       0.34422676736218
    1     -1     65925.0000000000       0.00000000000000       0.00000000000000       0.00000000000000
    1     -1     65925.0000000000       0.00000000000000       0.00000000000000       0.00000000000000
    1     -1     65925.0000000000      -0.36923005467496      -0.32487254514074       0.34369608001621
    1     -1     65926.0000000000      -0.36923005467496      -0.32487254514074       0.34369608001621
    1     -1     65927.0000000000      -0.36923005467496      -0.32487254514074       0.34369608001621
    1     -1     65927.0000000000       0.00000000000000       0.00000000000000       0.00000000000000
    1     -1     65927.0000000000       0.00000000000000       0.00000000000000       0.00000000000000
    1     -1     65927.0000000000      -0.36899818803107      -0.32576035299549       0.34310425372770
    1     -1     65928.0000000000      -0.36899818803107      -0.32576035299549       0.34310425372770
    1     -1     65929.0000000000      -0.36899818803107      -0.32576035299549       0.34310425372770
    1     -1     65929.0000000000       0.00000000000000       0.00000000000000       0.00000000000000
    1     -1     65929.0000000000       0.00000000000000       0.00000000000000       0.00000000000000
    1     -1     65929.0000000000      -0.36875185918546      -0.32672668675821       0.34244961350141
    1     -1     65930.0000000000      -0.36875185918546      -0.32672668675821       0.34244961350141
    1     -1     65931.0000000000      -0.36875185918546      -0.32672668675821       0.34244961350141
    1     -1     65931.0000000000       0.00000000000000       0.00000000000000       0.00000000000000
    1     -1     65931.0000000000       0.00000000000000       0.00000000000000       0.00000000000000
    1     -1     65931.0000000000      -0.36848968267840      -0.32777386426227       0.34173037170575
    1     -1     65932.0000000000      -0.36848968267840      -0.32777386426227       0.34173037170575
    1     -1     65933.0000000000      -0.36848968267840      -0.32777386426227       0.34173037170575
    1     -1     65933.0000000000       0.00000000000000       0.00000000000000       0.00000000000000
    1     -1     65933.0000000000       0.00000000000000       0.00000000000000       0.00000000000000
    1     -1     65933.0000000000      -0.36821019347621      -0.32890427040061       0.34094461956812
    1     -1     65934.0000000000      -0.36821019347621      -0.32890427040061       0.34094461956812
    1     -1     65935.0000000000      -0.36821019347621      -0.32890427040061       0.34094461956812
    1     -1     65935.0000000000       0.00000000000000       0.00000000000000       0.00000000000000
    1     -1     65935.0000000000       0.00000000000000       0.00000000000000       0.00000000000000
    1     -1     65935.0000000000      -0.36791184042291      -0.33012036062974       0.34009031808377
    1     -1     65936.0000000000      -0.36791184042291      -0.33012036062974       0.34009031808377
    1     -1     65937.0000000000      -0.36791184042291      -0.33012036062974       0.34009031808377
    1     -1     65937.0000000000       0.00000000000000       0.00000000000000       0.00000000000000
    1     -1     65937.0000000000       0.00000000000000       0.00000000000000       0.00000000000000
    1     -1     65937.0000000000      -0.36759297915925      -0.33142466434746       0.33916528834036
    1     -1     65938.0000000000      -0.36759297915925      -0.33142466434746       0.33916528834036
    1     -1     65939.0000000000      -0.36759297915925      -0.33142466434746       0.33916528834036
    1     -1     65939.0000000000       0.00000000000000       0.00000000000000       0.00000000000000
    1     -1     65939.0000000000       0.00000000000000       0.00000000000000       0.00000000000000
    1     -1     65939.0000000000      -0.36725186438046      -0.33281978826399       0.33816720114315
    1     -1     65940.0000000000      -0.36725186438046      -0.33281978826399       0.33816720114315
    1     -1     65941.0000000000      -0.36725186438046      -0.33281978826399       0.33816720114315
    1     -1     65941.0000000000       0.00000000000000       0.00000000000000       0.00000000000000
    1     -1     65941.0000000000       0.00000000000000       0.00000000000000       0.00000000000000
    1     -1     65941.0000000000      -0.36688664145677      -0.33430841955629       0.33709356596403
    1     -1     65942.0000000000      -0.36688664145677      -0.33430841955629       0.33709356596403
    1     -1     65943.0000000000      -0.36688664145677      -0.33430841955629       0.33709356596403
    1     -1     65943.0000000000       0.00000000000000       0.00000000000000       0.00000000000000
    1     -1     65943.0000000000       0.00000000000000       0.00000000000000       0.00000000000000
    1     -1     65943.0000000000      -0.36649533724057      -0.33589332897947       0.33594171906449
    1     -1     65944.0000000000      -0.36649533724057      -0.33589332897947       0.33594171906449
    1     -1     65945.0000000000      -0.36649533724057      -0.33589332897947       0.33594171906449
    1     -1     65945.0000000000       0.00000000000000       0.00000000000000       0.00000000000000
    1     -1     65945.0000000000       0.00000000000000       0.00000000000000       0.00000000000000
    1     -1     65945.0000000000      -0.36607585002980      -0.33757737381570       0.33470881074847
    1     -1     65946.0000000000      -0.36607585002980      -0.33757737381570       0.33470881074847
    1     -1     65947.0000000000      -0.36607585002980      -0.33757737381570       0.33470881074847
    1     -1     65947.0000000000       0.00000000000000       0.00000000000000       0.00000000000000
    1     -1     65947.0000000000       0.00000000000000       0.00000000000000       0.00000000000000
    1     -1     65947.0000000000      -0.36562593838801      -0.33936350100677       0.33339179150410
    1     -1     65948.0000000000      -0.36562593838801      -0.33936350100677       0.33339179150410
    1     -1     65949.0000000000      -0.36562593838801      -0.33936350100677       0.33339179150410
    1     -1     65949.0000000000       0.00000000000000       0.00000000000000       0.00000000000000
    1     -1     65949.0000000000       0.00000000000000       0.00000000000000       0.00000000000000
    1     -1     65949.0000000000      -0.36514320851551      -0.34125475043765       0.33198739713842
    1     -1     65950.0000000000      -0.36514320851551      -0.34125475043765       0.33198739713842
    1     -1     65951.0000000000      -0.36514320851551      -0.34125475043765       0.33198739713842
    1     -1     65951.0000000000       0.00000000000000       0.00000000000000       0.00000000000000
    1     -1     65951.0000000000       0.00000000000000       0.00000000000000       0.00000000000000
    1     -1     65951.0000000000      -0.36462510157464      -0.34325425614224       0.33049213337373
    1     -1     65952.0000000000      -0.36462510157464      -0.34325425614224       0.33049213337373
    1     -1     65953.0000000000      -0.36462510157464      -0.34325425614224       0.33049213337373
    1     -1     65953.0000000000       0.00000000000000       0.00000000000000       0.00000000000000
    1     -1     65953.0000000000       0.00000000000000       0.00000000000000       0.00000000000000
    1     -1     65953.0000000000      -0.31045158869930      -0.29450241131891       0.28046405251073
    1     -1     65954.0000000000      -0.31045158869930      -0.29450241131891       0.28046405251073
    1     -1     65955.0000000000      -0.31045158869930      -0.29450241131891       0.28046405251073
    1     -1     65955.0000000000       0.00000000000000       0.00000000000000       0.00000000000000
    1     -1     66165.0000000000       0.00000000000000       0.00000000000000       0.00000000000000
    1     -1     66165.0000000000       0.12215620845688      -0.08595371481956      -0.15229383582277
    1     -1     66166.0000000000       0.12215620845688      -0.08595371481956      -0.15229383582277
    1     -1     66167.0000000000       0.12215620845688      -0.08595371481956      -0.15229383582277
    1     -1     66167.0000000000       0.00000000000000       0.00000000000000       0.00000000000000
    1     -1     66167.0000000000       0.00000000000000       0.00000000000000       0.00000000000000
    1     -1     66167.0000000000       0.34542778252857      -0.23917328063205      -0.42834073839538
    1     -1     66168.0000000000       0.34542778252857      -0.23917328063205      -0.42834073839538
    1     -1     66169.0000000000       0.34542778252857      -0.23917328063205      -0.42834073839538
    1     -1     66169.0000000000       0.00000000000000       0.00000000000000       0.00000000000000
    1     -1     66169.0000000000       0.00000000000000       0.00000000000000       0.00000000000000
    1     -1     66169.0000000000       0.34720910642273      -0.23669707364801      -0.42827599865460
    1     -1     66170.0000000000       0.34720910642273      -0.23669707364801      -0.42827599865460
    1     -1     66171.0000000000       0.34720910642273      -0.23669707364801      -0.42827599865460
    1     -1     66171.0000000000       0.00000000000000       0.00000000000000       0.00000000000000
    1     -1     66171.0000000000       0.00000000000000       0.00000000000000       0.00000000000000
    1     -1     66171.0000000000       0.34893984296829      -0.23433206147253      -0.42816990813846
    1     -1     66172.0000000000       0.34893984296829      -0.23433206147253      -0.42816990813846
    1     -1     66173.0000000000       0.34893984296829      -0.23433206147253      -0.42816990813846
    1     -1     66173.0000000000       0.00000000000000       0.00000000000000       0.00000000000000
    1     -1     66173.0000000000       0.00000000000000       0.00000000000000       0.00000000000000
    1     -1     66173.0000000000       0.35062325777365      -0.23207425420150      -0.42802438122730
    1     -1     66174.0000000000       0.35062325777365      -0.23207425420150      -0.42802438122730
    1     -1     66175.0000000000       0.35062325777365      -0.23207425420150      -0.42802438122730
    1     -1     66175.0000000000       0.00000000000000       0.00000000000000       0.00000000000000
    1     -1     66175.0000000000       0.00000000000000       0.00000000000000       0.00000000000000
    1     -1     66175.0000000000       0.35226202807478      -0.22992040394445      -0.42784117462753
    1     -1     66176.0000000000       0.35226202807478      -0.22992040394445      -0.42784117462753
    1     -1     66177.0000000000       0.35226202807478      -0.22992040394445      -0.42784117462753
    1     -1     66177.0000000000       0.00000000000000       0.00000000000000       0.00000000000000
    1     -1     66177.0000000000       0.00000000000000       0.00000000000000       0.00000000000000
    1     -1     66177.0000000000       0.35385884362083      -0.22786703720237      -0.42762194918870
    1     -1     66178.0000000000       0.35385884362083      -0.22786703720237      -0.42762194918870
    1     -1     66179.0000000000       0.35385884362083      -0.22786703720237      -0.42762194918870
    1     -1     66179.0000000000       0.00000000000000       0.00000000000000       0.00000000000000
    1     -1     66179.0000000000       0.00000000000000       0.00000000000000       0.00000000000000
    1     -1     66179.0000000000       0.35541620973966      -0.22591091366323      -0.42736819748565
    1     -1     66180.0000000000       0.35541620973966      -0.22591091366323      -0.42736819748565
    1     -1     66181.0000000000       0.35541620973966      -0.22591091366323      -0.42736819748565
    1     -1     66181.0000000000       0.00000000000000       0.00000000000000       0.00000000000000
    1     -1     66181.0000000000       0.00000000000000       0.00000000000000       0.00000000000000
    1     -1     66181.0000000000       0.35693648077133      -0.22404893002791      -0.42708128608958
    1     -1     66182.0000000000       0.35693648077133      -0.22404893002791      -0.42708128608958
    1     -1     66183.0000000000       0.35693648077133      -0.22404893002791      -0.42708128608958
    1     -1     66183.0000000000       0.00000000000000       0.00000000000000       0.00000000000000
    1     -1     66183.0000000000       0.00000000000000       0.00000000000000       0.00000000000000
    1     -1     66183.0000000000       0.35842186731908      -0.22227811515342      -0.42676246769291
    1     -1     66184.0000000000       0.35842186731908      -0.22227811515342      -0.42676246769291
    1     -1     66185.0000000000       0.35842186731908      -0.22227811515342      -0.42676246769291
    1     -1     66185.0000000000       0.00000000000000       0.00000000000000       0.00000000000000
    1     -1     66185.0000000000       0.00000000000000       0.00000000000000       0.00000000000000
    1     -1     66185.0000000000       0.35987445418957      -0.22059560560235      -0.42641289296959
    1     -1     66186.0000000000       0.35987445418957      -0.22059560560235      -0.42641289296959
    1     -1     66187.0000000000       0.35987445418957      -0.22059560560235      -0.42641289296959
    1     -1     66187.0000000000       0.00000000000000       0.00000000000000       0.00000000000000
    1     -1     66187.0000000000       0.00000000000000       0.00000000000000       0.00000000000000
    1     -1     66187.0000000000       0.36129621067949      -0.21899863892720      -0.42603361789496
    1     -1     66188.0000000000       0.36129621067949      -0.21899863892720      -0.42603361789496
    1     -1     66189.0000000000       0.36129621067949      -0.21899863892720      -0.42603361789496
    1     -1     66189.0000000000       0.00000000000000       0.00000000000000       0.00000000000000
    1     -1     66189.0000000000       0.00000000000000       0.00000000000000       0.00000000000000
    1     -1     66189.0000000000       0.36268899561369      -0.21748455602363      -0.42562560969934
    1     -1     66190.0000000000       0.36268899561369      -0.21748455602363      -0.42562560969934
    1     -1     66191.0000000000       0.36268899561369      -0.21748455602363      -0.42562560969934
    1     -1     66191.0000000000       0.00000000000000       0.00000000000000       0.00000000000000
    1     -1     66191.0000000000       0.00000000000000       0.00000000000000       0.00000000000000
    1     -1     66191.0000000000       0.36405456329589      -0.21605079862871      -0.42518975368103
    1     -1     66192.0000000000       0.36405456329589      -0.21605079862871      -0.42518975368103
    1     -1     66193.0000000000       0.36405456329589      -0.21605079862871      -0.42518975368103
    1     -1     66193.0000000000       0.00000000000000       0.00000000000000       0.00000000000000
    1     -1     66193.0000000000       0.00000000000000       0.00000000000000       0.00000000000000
    1     -1     66193.0000000000       0.36539457003691      -0.21469490392293      -0.42472686010784
    1     -1     66194.0000000000       0.36539457003691      -0.21469490392293      -0.42472686010784
    1     -1     66195.0000000000       0.36539457003691      -0.21469490392293      -0.42472686010784
    1     -1     66195.0000000000       0.00000000000000       0.00000000000000       0.00000000000000
    1     -1     66195.0000000000       0.00000000000000       0.00000000000000       0.00000000000000
    1     -1     66195.0000000000       0.36671058042187      -0.21341449863526      -0.42423767072116
    1     -1     66196.0000000000       0.36671058042187      -0.21341449863526      -0.42423767072116
    1     -1     66197.0000000000       0.36671058042187      -0.21341449863526      -0.42423767072116
    1     -1     66197.0000000000       0.00000000000000       0.00000000000000       0.00000000000000
    1     -1     66197.0000000000       0.00000000000000       0.00000000000000       0.00000000000000
    1     -1     66197.0000000000       0.36800407275686      -0.21220729404465      -0.42372286469886
    1     -1     66198.0000000000       0.36800407275686      -0.21220729404465      -0.42372286469886
    1     -1     66199.0000000000       0.36800407275686      -0.21220729404465      -0.42372286469886
    1     -1     66199.0000000000       0.00000000000000       0.00000000000000       0.00000000000000
    1     -1     66199.0000000000       0.00000000000000       0.00000000000000       0.00000000000000
    1     -1     66199.0000000000       0.36927644253475      -0.21107108523419      -0.42318306351618
    1     -1     66200.0000000000       0.36927644253475      -0.21107108523419      -0.42318306351618
    1     -1     66201.0000000000       0.36927644253475      -0.21107108523419      -0.42318306351618
    1     -1     66201.0000000000       0.00000000000000       0.00000000000000       0.00000000000000
    1     -1     66201.0000000000       0.00000000000000       0.00000000000000       0.00000000000000
    1     -1     66201.0000000000       0.37052900394157      -0.21000376104608      -0.42261883164924
    1     -1     66202.0000000000       0.37052900394157      -0.21000376104608      -0.42261883164924
    1     -1     66203.0000000000       0.37052900394157      -0.21000376104608      -0.42261883164924
    1     -1     66203.0000000000       0.00000000000000       0.00000000000000       0.00000000000000
    1   4928     66203.0000000000      240038247.473575771     -313543595.250735939       -1014851.377232782       13.9592667797391       10.1448122722370       -1.0099172102863        1496.7283827814
    1   4928     66203.0000000000      240038247.473575771     -313543595.250735939       -1014851.377232782       13.9592667797391       10.1448122722370       -1.0099172102863        1456.7283827814
    1     -1     66203.0000000000       0.00000000000000       0.00000000000000       0.00000000000000
    1     -1     66203.0000000000      -0.25945580944910       0.52635751285532       0.12502180163423
    1     -1     66204.0000000000      -0.25945580944910       0.52635751285532       0.12502180163423
    1     -1     66205.0000000000      -0.25945580944910       0.52635751285532       0.12502180163423
    1     -1     66205.0000000000       0.00000000000000       0.00000000000000       0.00000000000000
    1     -1     66205.0000000000       0.00000000000000       0.00000000000000       0.00000000000000
    1     -1     66205.0000000000      -0.25926957614189       0.52690412680095       0.12309072803155
    1     -1     66206.0000000000      -0.25926957614189       0.52690412680095       0.12309072803155
    1     -1     66207.0000000000      -0.25926957614189       0.52690412680095       0.12309072803155
    1     -1     66207.0000000000       0.00000000000000       0.00000000000000       0.00000000000000
    1     -1     66207.0000000000       0.00000000000000       0.00000000000000       0.00000000000000
    1     -1     66207.0000000000      -0.25909856984962       0.52745151911885       0.12109015385695
    1     -1     66208.0000000000      -0.25909856984962       0.52745151911885       0.12109015385695
    1     -1     66209.0000000000      -0.25909856984962       0.52745151911885       0.12109015385695
    1     -1     66209.0000000000       0.00000000000000       0.00000000000000       0.00000000000000
    1     -1     66209.0000000000       0.00000000000000       0.00000000000000       0.00000000000000
    1     -1     66209.0000000000      -0.25894366249035       0.52799878854791       0.11901873057641
    1     -1     66210.0000000000      -0.25894366249035       0.52799878854791       0.11901873057641
    1     -1     66211.0000000000      -0.25894366249035       0.52799878854791       0.11901873057641
    1     -1     66211.0000000000       0.00000000000000       0.00000000000000       0.00000000000000
    1     -1     66211.0000000000       0.00000000000000       0.00000000000000       0.00000000000000
    1     -1     66211.0000000000      -0.25880573306993       0.52854499085215       0.11687508055714
    1     -1     66212.0000000000      -0.25880573306993       0.52854499085215       0.11687508055714
    1     -1     66213.0000000000      -0.25880573306993       0.52854499085215       0.11687508055714
    1     -1     66213.0000000000       0.00000000000000       0.00000000000000       0.00000000000000
    1     -1     66213.0000000000       0.00000000000000       0.00000000000000       0.00000000000000
    1     -1     66213.0000000000      -0.25868566740770       0.52908913634644       0.11465779763283
    1     -1     66214.0000000000      -0.25868566740770       0.52908913634644       0.11465779763283
    1     -1     66215.0000000000      -0.25868566740770       0.52908913634644       0.11465779763283
    1     -1     66215.0000000000       0.00000000000000       0.00000000000000       0.00000000000000
    1     -1     66215.0000000000       0.00000000000000       0.00000000000000       0.00000000000000
    1     -1     66215.0000000000      -0.25858435748077       0.52963018722499       0.11236544898802
    1     -1     66216.0000000000      -0.25858435748077       0.52963018722499       0.11236544898802
    1     -1     66217.0000000000      -0.25858435748077       0.52963018722499       0.11236544898802
    1     -1     66217.0000000000       0.00000000000000       0.00000000000000       0.00000000000000
    1     -1     66217.0000000000       0.00000000000000       0.00000000000000       0.00000000000000
    1     -1     66217.0000000000      -0.25850270063374       0.53016705490199       0.10999657695406
    1     -1     66218.0000000000      -0.25850270063374       0.53016705490199       0.10999657695406
    1     -1     66219.0000000000      -0.25850270063374       0.53016705490199       0.10999657695406
    1     -1     66219.0000000000       0.00000000000000       0.00000000000000       0.00000000000000
    1     -1     66219.0000000000       0.00000000000000       0.00000000000000       0.00000000000000
    1     -1     66219.0000000000      -0.25844159881262       0.53069859740658       0.10754970011055
    1     -1     66220.0000000000      -0.25844159881262       0.53069859740658       0.10754970011055
    1     -1     66221.0000000000      -0.25844159881262       0.53069859740658       0.10754970011055
    1     -1     66221.0000000000       0.00000000000000       0.00000000000000       0.00000000000000
    1     -1     66221.0000000000       0.00000000000000       0.00000000000000       0.00000000000000
    1     -1     66221.0000000000      -0.25840195774968       0.53122361725526       0.10502331160921
    1     -1     66222.0000000000      -0.25840195774968       0.53122361725526       0.10502331160921
    1     -1     66223.0000000000      -0.25840195774968       0.53122361725526       0.10502331160921
    1     -1     66223.0000000000       0.00000000000000       0.00000000000000       0.00000000000000
    1     -1     66223.0000000000       0.00000000000000       0.00000000000000       0.00000000000000
    1     -1     66223.0000000000      -0.25838468735121       0.53174086147203       0.10241586236226
    1     -1     66224.0000000000      -0.25838468735121       0.53174086147203       0.10241586236226
    1     -1     66225.0000000000      -0.25838468735121       0.53174086147203       0.10241586236226
    1     -1     66225.0000000000       0.00000000000000       0.00000000000000       0.00000000000000
    1     -1     66225.0000000000       0.00000000000000       0.00000000000000       0.00000000000000
    1     -1     66225.0000000000      -0.25839070575238       0.53224901925209       0.09972574374743
    1     -1     66226.0000000000      -0.25839070575238       0.53224901925209       0.09972574374743
    1     -1     66227.0000000000      -0.25839070575238       0.53224901925209       0.09972574374743
    1     -1     66227.0000000000       0.00000000000000       0.00000000000000       0.00000000000000
    1     -1     66227.0000000000       0.00000000000000       0.00000000000000       0.00000000000000
    1     -1     66227.0000000000      -0.25842093401387       0.53274670923526       0.09695134832686
    1     -1     66228.0000000000      -0.25842093401387       0.53274670923526       0.09695134832686
    1     -1     66229.0000000000      -0.25842093401387       0.53274670923526       0.09695134832686
    1     -1     66229.0000000000       0.00000000000000       0.00000000000000       0.00000000000000
    1     -1     66229.0000000000       0.00000000000000       0.00000000000000       0.00000000000000
    1     -1     66229.0000000000      -0.25847627194344       0.53323246418141       0.09409120716223
    1     -1     66230.0000000000      -0.25847627194344       0.53323246418141       0.09409120716223
    1     -1     66231.0000000000      -0.25847627194344       0.53323246418141       0.09409120716223
    1     -1     66231.0000000000       0.00000000000000       0.00000000000000       0.00000000000000
    1     -1     66231.0000000000       0.00000000000000       0.00000000000000       0.00000000000000
    1     -1     66231.0000000000      -0.25016281345147       0.51637649933890       0.08818424895914
    1     -1     66232.0000000000      -0.25016281345147       0.51637649933890       0.08818424895914
    1     -1     66233.0000000000      -0.25016281345147       0.51637649933890       0.08818424895914
    1     -1     66233.0000000000       0.00000000000000       0.00000000000000       0.00000000000000
    1     -1     66551.0000000000       0.00000000000000       0.00000000000000       0.00000000000000
    1     -1     66551.0000000000      -0.10259877723395      -0.09513263696654      -0.14266268513954
    1     -1     66552.0000000000      -0.10259877723395      -0.09513263696654      -0.14266268513954
    1     -1     66553.0000000000      -0.10259877723395      -0.09513263696654      -0.14266268513954
    1     -1     66553.0000000000       0.00000000000000       0.00000000000000       0.00000000000000
    1     -1     66553.0000000000       0.00000000000000       0.00000000000000       0.00000000000000
    1     -1     66553.0000000000      -0.30882981440230      -0.28869094930062      -0.42577186474466
    1     -1     66554.0000000000      -0.30882981440230      -0.28869094930062      -0.42577186474466
    1     -1     66555.0000000000      -0.30882981440230      -0.28869094930062      -0.42577186474466
    1     -1     66555.0000000000       0.00000000000000       0.00000000000000       0.00000000000000
    1     -1     66555.0000000000       0.00000000000000       0.00000000000000       0.00000000000000
    1     -1     66555.0000000000      -0.30961784000111      -0.29168910925809      -0.42314803080396
    1     -1     66556.0000000000      -0.30961784000111      -0.29168910925809      -0.42314803080396
    1     -1     66557.0000000000      -0.30961784000111      -0.29168910925809      -0.42314803080396
    1     -1     66557.0000000000       0.00000000000000       0.00000000000000       0.00000000000000
    1     -1     66557.0000000000       0.00000000000000       0.00000000000000       0.00000000000000
    1     -1     66557.0000000000      -0.31043173788178      -0.29464612691230      -0.42049470304782
    1     -1     66558.0000000000      -0.31043173788178      -0.29464612691230      -0.42049470304782
    1     -1     66559.0000000000      -0.31043173788178      -0.29464612691230      -0.42049470304782
    1     -1     66559.0000000000       0.00000000000000       0.00000000000000       0.00000000000000
    1     -1     66559.0000000000       0.00000000000000       0.00000000000000       0.00000000000000
    1     -1     66559.0000000000      -0.31127067240296      -0.29756320761933      -0.41781180602408
    1     -1     66560.0000000000      -0.31127067240296      -0.29756320761933      -0.41781180602408
    1     -1     66561.0000000000      -0.31127067240296      -0.29756320761933      -0.41781180602408
    1     -1     66561.0000000000       0.00000000000000       0.00000000000000       0.00000000000000
    1     -1     66561.0000000000       0.00000000000000       0.00000000000000       0.00000000000000
    1     -1     66561.0000000000      -0.31213380671419      -0.30044144649276      -0.41509929320037
    1     -1     66562.0000000000      -0.31213380671419      -0.30044144649276      -0.41509929320037
    1     -1     66563.0000000000      -0.31213380671419      -0.30044144649276      -0.41509929320037
    1     -1     66563.0000000000       0.00000000000000       0.00000000000000       0.00000000000000
    1     -1     66563.0000000000       0.00000000000000       0.00000000000000       0.00000000000000
    1     -1     66563.0000000000      -0.31302022670902      -0.30328168600168      -0.41235731579179
    1     -1     66564.0000000000      -0.31302022670902      -0.30328168600168      -0.41235731579179
    1     -1     66565.0000000000      -0.31302022670902      -0.30328168600168      -0.41235731579179
    1     -1     66565.0000000000       0.00000000000000       0.00000000000000       0.00000000000000
    1     -1     66565.0000000000       0.00000000000000       0.00000000000000       0.00000000000000
    1     -1     66565.0000000000      -0.31392900538170      -0.30608487249640      -0.40958592467139
    1     -1     66566.0000000000      -0.31392900538170      -0.30608487249640      -0.40958592467139
    1     -1     66567.0000000000      -0.31392900538170      -0.30608487249640      -0.40958592467139
    1     -1     66567.0000000000       0.00000000000000       0.00000000000000       0.00000000000000
    1     -1     66567.0000000000       0.00000000000000       0.00000000000000       0.00000000000000
    1     -1     66567.0000000000      -0.31485920750992      -0.30885205566656      -0.40678506171781
    1     -1     66568.0000000000      -0.31485920750992      -0.30885205566656      -0.40678506171781
    1     -1     66569.0000000000      -0.31485920750992      -0.30885205566656      -0.40678506171781
    1     -1     66569.0000000000       0.00000000000000       0.00000000000000       0.00000000000000
    1     -1     66569.0000000000       0.00000000000000       0.00000000000000       0.00000000000000
    1     -1     66569.0000000000      -0.31580987279145      -0.31158424671036      -0.40395467657818
    1     -1     66570.0000000000      -0.31580987279145      -0.31158424671036      -0.40395467657818
    1     -1     66571.0000000000      -0.31580987279145      -0.31158424671036      -0.40395467657818
    1     -1     66571.0000000000       0.00000000000000       0.00000000000000       0.00000000000000
    1     -1     66571.0000000000       0.00000000000000       0.00000000000000       0.00000000000000
    1     -1     66571.0000000000      -0.31677999462363      -0.31428227039894      -0.40109486259380
    1     -1     66572.0000000000      -0.31677999462363      -0.31428227039894      -0.40109486259380
    1     -1     66573.0000000000      -0.31677999462363      -0.31428227039894      -0.40109486259380
    1     -1     66573.0000000000       0.00000000000000       0.00000000000000       0.00000000000000
    1     -1     66573.0000000000       0.00000000000000       0.00000000000000       0.00000000000000
    1     -1     66573.0000000000      -0.31776855227600      -0.31694708275853      -0.39820559161728
    1     -1     66574.0000000000      -0.31776855227600      -0.31694708275853      -0.39820559161728
    1     -1     66575.0000000000      -0.31776855227600      -0.31694708275853      -0.39820559161728
    1     -1     66575.0000000000       0.00000000000000       0.00000000000000       0.00000000000000
    1     -1     66575.0000000000       0.00000000000000       0.00000000000000       0.00000000000000
    1     -1     66575.0000000000      -0.31877447307941      -0.31957943889643      -0.39528700563969
    1     -1     66576.0000000000      -0.31877447307941      -0.31957943889643      -0.39528700563969
    1     -1     66577.0000000000      -0.31877447307941      -0.31957943889643      -0.39528700563969
    1     -1     66577.0000000000       0.00000000000000       0.00000000000000       0.00000000000000
    1     -1     66577.0000000000       0.00000000000000       0.00000000000000       0.00000000000000
    1     -1     66577.0000000000      -0.31953801761722      -0.32153155807522      -0.39308130423486
    1     -1     66578.0000000000      -0.31953801761722      -0.32153155807522      -0.39308130423486
    1     -1     66578.0000000000       0.00000000000000       0.00000000000000       0.00000000000000
    1  10664     66578.0000000000      271264932.205920756      218238783.948742718      -16996048.870909195      -14.2254368686271       13.9210131018192       -0.4848134154218        1383.2485707290
    1  10664     66578.0000000000      271264932.205920756      218238783.948742718      -16996048.870909195      -14.2254368686271       13.9210131018192       -0.4848134154218        1343.2485707290
    1  10664     67058.0000000000     -340263789.404709041      -63585395.840160474        9917599.207282783        1.4209836372196      -19.9564900028781        1.0556408395101        1343.2485707290
    1  10664     67058.0000000000     -340263789.404709041      -63585395.840160474        9917599.207282783        1.4209836372196      -19.9564900028781        1.0556408395101        1356.3902545072
    1     -1     67058.0000000000       0.00000000000000       0.00000000000000       0.00000000000000
    1     -1     67058.0000000000       0.43389864030636       0.27261441422336      -0.31211111863878
    1     -1     67059.0000000000       0.43389864030636       0.27261441422336      -0.31211111863878
    1     -1     67060.0000000000       0.43389864030636       0.27261441422336      -0.31211111863878
    1     -1     67060.0000000000       0.00000000000000       0.00000000000000       0.00000000000000
    1     -1     67060.0000000000       0.00000000000000       0.00000000000000       0.00000000000000
    1     -1     67060.0000000000       0.43333498792131       0.26865986848397      -0.31629521430053
    1     -1     67061.0000000000       0.43333498792131       0.26865986848397      -0.31629521430053
    1     -1     67062.0000000000       0.43333498792131       0.26865986848397      -0.31629521430053
    1     -1     67062.0000000000       0.00000000000000       0.00000000000000       0.00000000000000
    1     -1     67062.0000000000       0.00000000000000       0.00000000000000       0.00000000000000
    1     -1     67062.0000000000       0.43277475949421       0.26458322476868      -0.32047109589959
    1     -1     67063.0000000000       0.43277475949421       0.26458322476868      -0.32047109589959
    1     -1     67064.0000000000       0.43277475949421       0.26458322476868      -0.32047109589959
    1     -1     67064.0000000000       0.00000000000000       0.00000000000000       0.00000000000000
    1     -1     67064.0000000000       0.00000000000000       0.00000000000000       0.00000000000000
    1     -1     67064.0000000000       0.43221669775134       0.26038494640503      -0.32463580386423
    1     -1     67065.0000000000       0.43221669775134       0.26038494640503      -0.32463580386423
    1     -1     67066.0000000000       0.43221669775134       0.26038494640503      -0.32463580386423
    1     -1     67066.0000000000       0.00000000000000       0.00000000000000       0.00000000000000
    1     -1     67066.0000000000       0.00000000000000       0.00000000000000       0.00000000000000
    1     -1     67066.0000000000       0.43165953047165       0.25606558475310      -0.32878635158518
    1     -1     67067.0000000000       0.43165953047165       0.25606558475310      -0.32878635158518
    1     -1     67068.0000000000       0.43165953047165       0.25606558475310      -0.32878635158518
    1     -1     67068.0000000000       0.00000000000000       0.00000000000000       0.00000000000000
    1     -1     67068.0000000000       0.00000000000000       0.00000000000000       0.00000000000000
    1     -1     67068.0000000000       0.43110197201304       0.25162591846418      -0.33291963919770
    1     -1     67069.0000000000       0.43110197201304       0.25162591846418      -0.33291963919770
    1     -1     67070.0000000000       0.43110197201304       0.25162591846418      -0.33291963919770
    1     -1     67070.0000000000       0.00000000000000       0.00000000000000       0.00000000000000
    1     -1     67070.0000000000       0.00000000000000       0.00000000000000       0.00000000000000
    1     -1     67070.0000000000       0.43054272971552       0.24706685518853      -0.33703252993793
    1     -1     67071.0000000000       0.43054272971552       0.24706685518853      -0.33703252993793
    1     -1     67072.0000000000       0.43054272971552       0.24706685518853      -0.33703252993793
    1     -1     67072.0000000000       0.00000000000000       0.00000000000000       0.00000000000000
    1     -1     67072.0000000000       0.00000000000000       0.00000000000000       0.00000000000000
    1     -1     67072.0000000000       0.42998050619544       0.24238949715319      -0.34112181877115
    1     -1     67073.0000000000       0.42998050619544       0.24238949715319      -0.34112181877115
    1     -1     67074.0000000000       0.42998050619544       0.24238949715319      -0.34112181877115
    1     -1     67074.0000000000       0.00000000000000       0.00000000000000       0.00000000000000
    1     -1     67074.0000000000       0.00000000000000       0.00000000000000       0.00000000000000
    1     -1     67074.0000000000       0.42941400407440       0.23759512384598      -0.34518425443436
    1     -1     67075.0000000000       0.42941400407440       0.23759512384598      -0.34518425443436
    1     -1     67076.0000000000       0.42941400407440       0.23759512384598      -0.34518425443436
    1     -1     67076.0000000000       0.00000000000000       0.00000000000000       0.00000000000000
    1     -1     67076.0000000000       0.00000000000000       0.00000000000000       0.00000000000000
    1     -1     67076.0000000000       0.42884193180216       0.23268519860625      -0.34921654479386
    1     -1     67077.0000000000       0.42884193180216       0.23268519860625      -0.34921654479386
    1     -1     67078.0000000000       0.42884193180216       0.23268519860625      -0.34921654479386
    1     -1     67078.0000000000       0.00000000000000       0.00000000000000       0.00000000000000
    1     -1     67078.0000000000       0.00000000000000       0.00000000000000       0.00000000000000
    1     -1     67078.0000000000       0.42826300752318       0.22766135415705      -0.35321537833252
    1     -1     67079.0000000000       0.42826300752318       0.22766135415705      -0.35321537833252
    1     -1     67080.0000000000       0.42826300752318       0.22766135415705      -0.35321537833252
    1     -1     67080.0000000000       0.00000000000000       0.00000000000000       0.00000000000000
    1     -1     67080.0000000000       0.00000000000000       0.00000000000000       0.00000000000000
    1     -1     67080.0000000000       0.02221008324831       0.01155623818209      -0.01854891377304
    1     -1     67081.0000000000       0.02221008324831       0.01155623818209      -0.01854891377304
    1     -1     67082.0000000000       0.02221008324831       0.01155623818209      -0.01854891377304
    1     -1     67082.0000000000       0.00000000000000       0.00000000000000       0.00000000000000
    1     -1     67370.0000000000       0.00000000000000       0.00000000000000       0.00000000000000
    1     -1     67370.0000000000       0.02747522873752      -0.23342118063933      -0.09225567472348
    1     -1     67371.0000000000       0.02747522873752      -0.23342118063933      -0.09225567472348
    1     -1     67372.0000000000       0.02747522873752      -0.23342118063933      -0.09225567472348
    1     -1     67372.0000000000       0.00000000000000       0.00000000000000       0.00000000000000
    1     -1     67372.0000000000       0.00000000000000       0.00000000000000       0.00000000000000
    1     -1     67372.0000000000       0.06116500735721      -0.55692831497807      -0.21468510225603
    1     -1     67373.0000000000       0.06116500735721      -0.55692831497807      -0.21468510225603
    1     -1     67374.0000000000       0.06116500735721      -0.55692831497807      -0.21468510225603
    1     -1     67374.0000000000       0.00000000000000       0.00000000000000       0.00000000000000
    1     -1     67374.0000000000       0.00000000000000       0.00000000000000       0.00000000000000
    1     -1     67374.0000000000       0.05708881094847      -0.55908767515347      -0.21014718279335
    1     -1     67375.0000000000       0.05708881094847      -0.55908767515347      -0.21014718279335
    1     -1     67376.0000000000       0.05708881094847      -0.55908767515347      -0.21014718279335
    1     -1     67376.0000000000       0.00000000000000       0.00000000000000       0.00000000000000
    1     -1     67376.0000000000       0.00000000000000       0.00000000000000       0.00000000000000
    1     -1     67376.0000000000       0.05306382650729      -0.56116428715831      -0.20561826867890
    1     -1     67377.0000000000       0.05306382650729      -0.56116428715831      -0.20561826867890
    1     -1     67378.0000000000       0.05306382650729      -0.56116428715831      -0.20561826867890
    1     -1     67378.0000000000       0.00000000000000       0.00000000000000       0.00000000000000
    1     -1     67378.0000000000       0.00000000000000       0.00000000000000       0.00000000000000
    1     -1     67378.0000000000       0.04909263592209      -0.56315917194061      -0.20110111744441
    1     -1     67379.0000000000       0.04909263592209      -0.56315917194061      -0.20110111744441
    1     -1     67380.0000000000       0.04909263592209      -0.56315917194061      -0.20110111744441
    1     -1     67380.0000000000       0.00000000000000       0.00000000000000       0.00000000000000
    1     -1     67380.0000000000       0.00000000000000       0.00000000000000       0.00000000000000
    1     -1     67380.0000000000       0.04517771031877      -0.56507347308849      -0.19659843280672
    1     -1     67381.0000000000       0.04517771031877      -0.56507347308849      -0.19659843280672
    1     -1     67382.0000000000       0.04517771031877      -0.56507347308849      -0.19659843280672
    1     -1     67382.0000000000       0.00000000000000       0.00000000000000       0.00000000000000
    1     -1     67382.0000000000       0.00000000000000       0.00000000000000       0.00000000000000
    1     -1     67382.0000000000       0.04132140533685      -0.56690845003943      -0.19211285749496
    1     -1     67383.0000000000       0.04132140533685      -0.56690845003943      -0.19211285749496
    1     -1     67384.0000000000       0.04132140533685      -0.56690845003943      -0.19211285749496
    1     -1     67384.0000000000       0.00000000000000       0.00000000000000       0.00000000000000
    1     -1     67384.0000000000       0.00000000000000       0.00000000000000       0.00000000000000
    1     -1     67384.0000000000       0.03752595721811      -0.56866547077871      -0.18764696682573
    1     -1     67385.0000000000       0.03752595721811      -0.56866547077871      -0.18764696682573
    1     -1     67386.0000000000       0.03752595721811      -0.56866547077871      -0.18764696682573
    1     -1     67386.0000000000       0.00000000000000       0.00000000000000       0.00000000000000
    1     -1     67386.0000000000       0.00000000000000       0.00000000000000       0.00000000000000
    1     -1     67386.0000000000       0.03379347913123      -0.57034600431853      -0.18320326254217
    1     -1     67387.0000000000       0.03379347913123      -0.57034600431853      -0.18320326254217
    1     -1     67388.0000000000       0.03379347913123      -0.57034600431853      -0.18320326254217
    1     -1     67388.0000000000       0.00000000000000       0.00000000000000       0.00000000000000
    1     -1     67388.0000000000       0.00000000000000       0.00000000000000       0.00000000000000
    1     -1     67388.0000000000       0.03012595781225      -0.57195161310707      -0.17878416655318
    1     -1     67389.0000000000       0.03012595781225      -0.57195161310707      -0.17878416655318
    1     -1     67390.0000000000       0.03012595781225      -0.57195161310707      -0.17878416655318
    1     -1     67390.0000000000       0.00000000000000       0.00000000000000       0.00000000000000
    1     -1     67390.0000000000       0.00000000000000       0.00000000000000       0.00000000000000
    1     -1     67390.0000000000       0.02652525226779      -0.57348394472666      -0.17439201648264
    1     -1     67391.0000000000       0.02652525226779      -0.57348394472666      -0.17439201648264
    1     -1     67392.0000000000       0.02652525226779      -0.57348394472666      -0.17439201648264
    1     -1     67392.0000000000       0.00000000000000       0.00000000000000       0.00000000000000
    1     -1     67392.0000000000       0.00000000000000       0.00000000000000       0.00000000000000
    1     -1     67392.0000000000       0.02299309091013      -0.57494472405968      -0.17002906024070
    1     -1     67393.0000000000       0.02299309091013      -0.57494472405968      -0.17002906024070
    1     -1     67394.0000000000       0.02299309091013      -0.57494472405968      -0.17002906024070
    1     -1     67394.0000000000       0.00000000000000       0.00000000000000       0.00000000000000
    1     -1     67394.0000000000       0.00000000000000       0.00000000000000       0.00000000000000
    1     -1     67394.0000000000       0.01953107171586      -0.57633574478164      -0.16569745261960
    1     -1     67395.0000000000       0.01953107171586      -0.57633574478164      -0.16569745261960
    1     -1     67396.0000000000       0.01953107171586      -0.57633574478164      -0.16569745261960
    1     -1     67396.0000000000       0.00000000000000       0.00000000000000       0.00000000000000
    1     -1     67396.0000000000       0.00000000000000       0.00000000000000       0.00000000000000
    1     -1     67396.0000000000       0.01614066144539      -0.57765886114878      -0.16139925174671
    1     -1     67397.0000000000       0.01614066144539      -0.57765886114878      -0.16139925174671
    1     -1     67398.0000000000       0.01614066144539      -0.57765886114878      -0.16139925174671
    1     -1     67398.0000000000       0.00000000000000       0.00000000000000       0.00000000000000
    1     -1     67398.0000000000       0.00000000000000       0.00000000000000       0.00000000000000
    1     -1     67398.0000000000       0.01282319574177      -0.57891597985745      -0.15713641588333
    1     -1     67399.0000000000       0.01282319574177      -0.57891597985745      -0.15713641588333
    1     -1     67400.0000000000       0.01282319574177      -0.57891597985745      -0.15713641588333
    1     -1     67400.0000000000       0.00000000000000       0.00000000000000       0.00000000000000
    1     -1     67400.0000000000       0.00000000000000       0.00000000000000       0.00000000000000
    1     -1     67400.0000000000       0.00957988106328      -0.58010905146495      -0.15291080265058
    1     -1     67401.0000000000       0.00957988106328      -0.58010905146495      -0.15291080265058
    1     -1     67402.0000000000       0.00957988106328      -0.58010905146495      -0.15291080265058
    1     -1     67402.0000000000       0.00000000000000       0.00000000000000       0.00000000000000
    1     -1     67402.0000000000       0.00000000000000       0.00000000000000       0.00000000000000
    1     -1     67402.0000000000       0.00719670751044      -0.58096262117820      -0.14976861979320
    1     -1     67403.0000000000       0.00719670751044      -0.58096262117820      -0.14976861979320
    1     -1     67403.0000000000       0.00000000000000       0.00000000000000       0.00000000000000
    1   4928     67403.0000000000       46079846.501082323     -380380900.430629253       10533943.419732520       17.8297549040503        0.6485140331137       -0.8774887474078        1285.0984610495
    1   4928     67403.0000000000       46079846.501082323     -380380900.430629253       10533943.419732520       17.8297549040503        0.6485140331137       -0.8774887474078        1317.9526704951
    1     -1     67403.0000000000       0.00000000000000       0.00000000000000       0.00000000000000
    1     -1     67403.0000000000       0.10467472963923       0.58912222574400       0.04447699843051
    1     -1     67404.0000000000       0.10467472963923       0.58912222574400       0.04447699843051
    1     -1     67405.0000000000       0.10467472963923       0.58912222574400       0.04447699843051
    1     -1     67405.0000000000       0.00000000000000       0.00000000000000       0.00000000000000
    1     -1     67405.0000000000       0.00000000000000       0.00000000000000       0.00000000000000
    1     -1     67405.0000000000       0.10149208727691       0.58970121994885       0.04417948269296
    1     -1     67406.0000000000       0.10149208727691       0.58970121994885       0.04417948269296
    1     -1     67407.0000000000       0.10149208727691       0.58970121994885       0.04417948269296
    1     -1     67407.0000000000       0.00000000000000       0.00000000000000       0.00000000000000
    1     -1     67407.0000000000       0.00000000000000       0.00000000000000       0.00000000000000
    1     -1     67407.0000000000       0.09818814165501       0.59028407544835       0.04386112618739
    1     -1     67408.0000000000       0.09818814165501       0.59028407544835       0.04386112618739
    1     -1     67409.0000000000       0.09818814165501       0.59028407544835       0.04386112618739
    1     -1     67409.0000000000       0.00000000000000       0.00000000000000       0.00000000000000
    1     -1     67409.0000000000       0.00000000000000       0.00000000000000       0.00000000000000
    1     -1     67409.0000000000       0.09475929411139       0.59086932608972       0.04352143087946
    1     -1     67410.0000000000       0.09475929411139       0.59086932608972       0.04352143087946
    1     -1     67411.0000000000       0.09475929411139       0.59086932608972       0.04352143087946
    1     -1     67411.0000000000       0.00000000000000       0.00000000000000       0.00000000000000
    1     -1     67411.0000000000       0.00000000000000       0.00000000000000       0.00000000000000
    1     -1     67411.0000000000       0.09120188043048       0.59145535831902       0.04315988185421
    1     -1     67412.0000000000       0.09120188043048       0.59145535831902       0.04315988185421
    1     -1     67413.0000000000       0.09120188043048       0.59145535831902       0.04315988185421
    1     -1     67413.0000000000       0.00000000000000       0.00000000000000       0.00000000000000
    1     -1     67413.0000000000       0.00000000000000       0.00000000000000       0.00000000000000
    1     -1     67413.0000000000       0.08751217433339       0.59204040145325       0.04277594733625
    1     -1     67414.0000000000       0.08751217433339       0.59204040145325       0.04277594733625
    1     -1     67415.0000000000       0.08751217433339       0.59204040145325       0.04277594733625
    1     -1     67415.0000000000       0.00000000000000       0.00000000000000       0.00000000000000
    1     -1     67415.0000000000       0.00000000000000       0.00000000000000       0.00000000000000
    1     -1     67415.0000000000       0.08368639117582       0.59262251761125       0.04236907872576
    1     -1     67416.0000000000       0.08368639117582       0.59262251761125       0.04236907872576
    1     -1     67417.0000000000       0.08368639117582       0.59262251761125       0.04236907872576
    1     -1     67417.0000000000       0.00000000000000       0.00000000000000       0.00000000000000
    1     -1     67417.0000000000       0.00000000000000       0.00000000000000       0.00000000000000
    1     -1     67417.0000000000       0.07972069152042       0.59319959134836       0.04193871061023
    1     -1     67418.0000000000       0.07972069152042       0.59319959134836       0.04193871061023
    1     -1     67419.0000000000       0.07972069152042       0.59319959134836       0.04193871061023
    1     -1     67419.0000000000       0.00000000000000       0.00000000000000       0.00000000000000
    1     -1     67419.0000000000       0.00000000000000       0.00000000000000       0.00000000000000
    1     -1     67419.0000000000       0.07561118654325       0.59376931870644       0.04148426102050
    1     -1     67420.0000000000       0.07561118654325       0.59376931870644       0.04148426102050
    1     -1     67421.0000000000       0.07561118654325       0.59376931870644       0.04148426102050
    1     -1     67421.0000000000       0.00000000000000       0.00000000000000       0.00000000000000
    1     -1     67421.0000000000       0.00000000000000       0.00000000000000       0.00000000000000
    1     -1     67421.0000000000       0.07135394946106       0.59432919521676       0.04100513247512
    1     -1     67422.0000000000       0.07135394946106       0.59432919521676       0.04100513247512
    1     -1     67423.0000000000       0.07135394946106       0.59432919521676       0.04100513247512
    1     -1     67423.0000000000       0.00000000000000       0.00000000000000       0.00000000000000
    1     -1     67423.0000000000       0.00000000000000       0.00000000000000       0.00000000000000
    1     -1     67423.0000000000       0.06694502495881       0.59487650414517       0.04050071270096
    1     -1     67424.0000000000       0.06694502495881       0.59487650414517       0.04050071270096
    1     -1     67425.0000000000       0.06694502495881       0.59487650414517       0.04050071270096
    1     -1     67425.0000000000       0.00000000000000       0.00000000000000       0.00000000000000
    1     -1     67425.0000000000       0.00000000000000       0.00000000000000       0.00000000000000
    1     -1     67425.0000000000       0.06238043062841       0.59540830555660       0.03997037438949
    1     -1     67426.0000000000       0.06238043062841       0.59540830555660       0.03997037438949
    1     -1     67427.0000000000       0.06238043062841       0.59540830555660       0.03997037438949
    1     -1     67427.0000000000       0.00000000000000       0.00000000000000       0.00000000000000
    1     -1     67427.0000000000       0.00000000000000       0.00000000000000       0.00000000000000
    1     -1     67427.0000000000       0.05765612622294       0.59592142832446       0.03941347044725
    1     -1     67428.0000000000       0.05765612622294       0.59592142832446       0.03941347044725
    1     -1     67429.0000000000       0.05765612622294       0.59592142832446       0.03941347044725
    1     -1     67429.0000000000       0.00000000000000       0.00000000000000       0.00000000000000
    1     -1     67429.0000000000       0.00000000000000       0.00000000000000       0.00000000000000
    1     -1     67429.0000000000       0.05276832542125       0.59641242666133       0.03882937594379
    1     -1     67430.0000000000       0.05276832542125       0.59641242666133       0.03882937594379
    1     -1     67431.0000000000       0.05276832542125       0.59641242666133       0.03882937594379
    1     -1     67431.0000000000       0.00000000000000       0.00000000000000       0.00000000000000
    1     -1     67431.0000000000       0.00000000000000       0.00000000000000       0.00000000000000
    1     -1     67431.0000000000       0.01060110704346       0.13261614183169       0.00849127530293
    1     -1     67432.0000000000       0.01060110704346       0.13261614183169       0.00849127530293
    1     -1     67433.0000000000       0.01060110704346       0.13261614183169       0.00849127530293
    1     -1     67433.0000000000       0.00000000000000       0.00000000000000       0.00000000000000
    1     -1     67603.0000000000       0.00000000000000       0.00000000000000       0.00000000000000
    1     -1     67603.0000000000      -0.07993524446716       0.02615788802451      -0.00881893480867
    1     -1     67604.0000000000      -0.07993524446716       0.02615788802451      -0.00881893480867
    1     -1     67605.0000000000      -0.07993524446716       0.02615788802451      -0.00881893480867
    1     -1     67605.0000000000       0.00000000000000       0.00000000000000       0.00000000000000
    1     -1     67605.0000000000       0.00000000000000       0.00000000000000       0.00000000000000
    1     -1     67605.0000000000      -0.56866618892919       0.18075040937967      -0.06283354484537
    1     -1     67606.0000000000      -0.56866618892919       0.18075040937967      -0.06283354484537
    1     -1     67607.0000000000      -0.56866618892919       0.18075040937967      -0.06283354484537
    1     -1     67607.0000000000       0.00000000000000       0.00000000000000       0.00000000000000
    1     -1     67607.0000000000       0.00000000000000       0.00000000000000       0.00000000000000
    1     -1     67607.0000000000      -0.57010969138548       0.17605886161350      -0.06307310294977
    1     -1     67608.0000000000      -0.57010969138548       0.17605886161350      -0.06307310294977
    1     -1     67609.0000000000      -0.57010969138548       0.17605886161350      -0.06307310294977
    1     -1     67609.0000000000       0.00000000000000       0.00000000000000       0.00000000000000
    1     -1     67609.0000000000       0.00000000000000       0.00000000000000       0.00000000000000
    1     -1     67609.0000000000      -0.57147061397935       0.17151038362564      -0.06328921666960
    1     -1     67610.0000000000      -0.57147061397935       0.17151038362564      -0.06328921666960
    1     -1     67611.0000000000      -0.57147061397935       0.17151038362564      -0.06328921666960
    1     -1     67611.0000000000       0.00000000000000       0.00000000000000       0.00000000000000
    1     -1     67611.0000000000       0.00000000000000       0.00000000000000       0.00000000000000
    1     -1     67611.0000000000      -0.57275350325154       0.16710291100043      -0.06348260335141
    1     -1     67612.0000000000      -0.57275350325154       0.16710291100043      -0.06348260335141
    1     -1     67613.0000000000      -0.57275350325154       0.16710291100043      -0.06348260335141
    1     -1     67613.0000000000       0.00000000000000       0.00000000000000       0.00000000000000
    1     -1     67613.0000000000       0.00000000000000       0.00000000000000       0.00000000000000
    1     -1     67613.0000000000      -0.57396279582391       0.16283390272433      -0.06365397405951
    1     -1     67614.0000000000      -0.57396279582391       0.16283390272433      -0.06365397405951
    1     -1     67615.0000000000      -0.57396279582391       0.16283390272433      -0.06365397405951
    1     -1     67615.0000000000       0.00000000000000       0.00000000000000       0.00000000000000
    1     -1     67615.0000000000       0.00000000000000       0.00000000000000       0.00000000000000
    1     -1     67615.0000000000      -0.57510269119879       0.15870079452081      -0.06380400986121
    1     -1     67616.0000000000      -0.57510269119879       0.15870079452081      -0.06380400986121
    1     -1     67617.0000000000      -0.57510269119879       0.15870079452081      -0.06380400986121
    1     -1     67617.0000000000       0.00000000000000       0.00000000000000       0.00000000000000
    1     -1     67617.0000000000       0.00000000000000       0.00000000000000       0.00000000000000
    1     -1     67617.0000000000      -0.57617720117728       0.15470086131464      -0.06393336868980
    1     -1     67618.0000000000      -0.57617720117728       0.15470086131464      -0.06393336868980
    1     -1     67619.0000000000      -0.57617720117728       0.15470086131464      -0.06393336868980
    1     -1     67619.0000000000       0.00000000000000       0.00000000000000       0.00000000000000
    1     -1     67619.0000000000       0.00000000000000       0.00000000000000       0.00000000000000
    1     -1     67619.0000000000      -0.57719007738818       0.15083152936011      -0.06404267011546
    1     -1     67620.0000000000      -0.57719007738818       0.15083152936011      -0.06404267011546
    1     -1     67621.0000000000      -0.57719007738818       0.15083152936011      -0.06404267011546
    1     -1     67621.0000000000       0.00000000000000       0.00000000000000       0.00000000000000
    1     -1     67621.0000000000       0.00000000000000       0.00000000000000       0.00000000000000
    1     -1     67621.0000000000      -0.57814491027516       0.14709004921436      -0.06413251456982
    1     -1     67622.0000000000      -0.57814491027516       0.14709004921436      -0.06413251456982
    1     -1     67623.0000000000      -0.57814491027516       0.14709004921436      -0.06413251456982
    1     -1     67623.0000000000       0.00000000000000       0.00000000000000       0.00000000000000
    1     -1     67623.0000000000       0.00000000000000       0.00000000000000       0.00000000000000
    1     -1     67623.0000000000      -0.57904509919299       0.14347364227545      -0.06420347617376
    1     -1     67624.0000000000      -0.57904509919299       0.14347364227545      -0.06420347617376
    1     -1     67625.0000000000      -0.57904509919299       0.14347364227545      -0.06420347617376
    1     -1     67625.0000000000       0.00000000000000       0.00000000000000       0.00000000000000
    1     -1     67625.0000000000       0.00000000000000       0.00000000000000       0.00000000000000
    1     -1     67625.0000000000      -0.57989384386989       0.13997957991791      -0.06425609953783
    1     -1     67626.0000000000      -0.57989384386989       0.13997957991791      -0.06425609953783
    1     -1     67627.0000000000      -0.57989384386989       0.13997957991791      -0.06425609953783
    1     -1     67627.0000000000       0.00000000000000       0.00000000000000       0.00000000000000
    1     -1     67627.0000000000       0.00000000000000       0.00000000000000       0.00000000000000
    1     -1     67627.0000000000      -0.58069417182850       0.13660511570653      -0.06429090485611
    1     -1     67628.0000000000      -0.58069417182850       0.13660511570653      -0.06429090485611
    1     -1     67629.0000000000      -0.58069417182850       0.13660511570653      -0.06429090485611
    1     -1     67629.0000000000       0.00000000000000       0.00000000000000       0.00000000000000
    1     -1     67629.0000000000       0.00000000000000       0.00000000000000       0.00000000000000
    1     -1     67629.0000000000      -0.58144895089241       0.13334747007766      -0.06430838988815
    1     -1     67630.0000000000      -0.58144895089241       0.13334747007766      -0.06430838988815
    1     -1     67631.0000000000      -0.58144895089241       0.13334747007766      -0.06430838988815
    1     -1     67631.0000000000       0.00000000000000       0.00000000000000       0.00000000000000
    1     -1     67631.0000000000       0.00000000000000       0.00000000000000       0.00000000000000
    1     -1     67631.0000000000      -0.58216089091278       0.13020385981898      -0.06430902938067
    1     -1     67632.0000000000      -0.58216089091278       0.13020385981898      -0.06430902938067
    1     -1     67633.0000000000      -0.58216089091278       0.13020385981898      -0.06430902938067
    1     -1     67633.0000000000       0.00000000000000       0.00000000000000       0.00000000000000
    1     -1     67633.0000000000       0.00000000000000       0.00000000000000       0.00000000000000
    1     -1     67633.0000000000      -0.58283254576338       0.12717152880384      -0.06429327445906
    1     -1     67634.0000000000      -0.58283254576338       0.12717152880384      -0.06429327445906
    1     -1     67635.0000000000      -0.58283254576338       0.12717152880384      -0.06429327445906
    1     -1     67635.0000000000       0.00000000000000       0.00000000000000       0.00000000000000
    1     -1     67635.0000000000       0.00000000000000       0.00000000000000       0.00000000000000
    1     -1     67635.0000000000      -0.58346632243093       0.12424774673615      -0.06426155382433
    1     -1     67636.0000000000      -0.58346632243093       0.12424774673615      -0.06426155382433
    1     -1     67637.0000000000      -0.58346632243093       0.12424774673615      -0.06426155382433
    1     -1     67637.0000000000       0.00000000000000       0.00000000000000       0.00000000000000
    1     -1     67637.0000000000       0.00000000000000       0.00000000000000       0.00000000000000
    1     -1     67637.0000000000      -0.58406449044819       0.12142980334401      -0.06421427518344
    1     -1     67638.0000000000      -0.58406449044819       0.12142980334401      -0.06421427518344
    1     -1     67639.0000000000      -0.58406449044819       0.12142980334401      -0.06421427518344
    1     -1     67639.0000000000       0.00000000000000       0.00000000000000       0.00000000000000
    1     -1     67639.0000000000       0.00000000000000       0.00000000000000       0.00000000000000
    1     -1     67639.0000000000      -0.58462918965548       0.11871500773507      -0.06415182632822
    1     -1     67640.0000000000      -0.58462918965548       0.11871500773507      -0.06415182632822
    1     -1     67641.0000000000      -0.58462918965548       0.11871500773507      -0.06415182632822
    1     -1     67641.0000000000       0.00000000000000       0.00000000000000       0.00000000000000
    1     -1     67641.0000000000       0.00000000000000       0.00000000000000       0.00000000000000
    1     -1     67641.0000000000      -0.58516243715021       0.11610068964142      -0.06407457602831
    1     -1     67642.0000000000      -0.58516243715021       0.11610068964142      -0.06407457602831
    1     -1     67643.0000000000      -0.58516243715021       0.11610068964142      -0.06407457602831
    1     -1     67643.0000000000       0.00000000000000       0.00000000000000       0.00000000000000
    1  53410     67643.0000000000      336229360.718344271     -175186383.439182699       -8559663.639086468        6.2815018344005       16.8376889014365       -1.0208594964074        1229.7704370358
    1  53410     67643.0000000000      336229360.718344271     -175186383.439182699       -8559663.639086468        6.2815018344005       16.8376889014365       -1.0208594964074        1303.2817306703
    1     -1     67643.0000000000       0.00000000000000       0.00000000000000       0.00000000000000
    1     -1     67643.0000000000       0.54966585182833      -0.23951749706108       0.02233426102275
    1     -1     67644.0000000000       0.54966585182833      -0.23951749706108       0.02233426102275
    1     -1     67645.0000000000       0.54966585182833      -0.23951749706108       0.02233426102275
    1     -1     67645.0000000000       0.00000000000000       0.00000000000000       0.00000000000000
    1     -1     67645.0000000000       0.00000000000000       0.00000000000000       0.00000000000000
    1     -1     67645.0000000000       0.54912960328108      -0.24055361032768       0.02430305821661
    1     -1     67646.0000000000       0.54912960328108      -0.24055361032768       0.02430305821661
    1     -1     67647.0000000000       0.54912960328108      -0.24055361032768       0.02430305821661
    1     -1     67647.0000000000       0.00000000000000       0.00000000000000       0.00000000000000
    1     -1     67647.0000000000       0.00000000000000       0.00000000000000       0.00000000000000
    1     -1     67647.0000000000       0.54856877862486      -0.24161934526157       0.02631323608755
    1     -1     67648.0000000000       0.54856877862486      -0.24161934526157       0.02631323608755
    1     -1     67649.0000000000       0.54856877862486      -0.24161934526157       0.02631323608755
    1     -1     67649.0000000000       0.00000000000000       0.00000000000000       0.00000000000000
    1     -1     67649.0000000000       0.00000000000000       0.00000000000000       0.00000000000000
    1     -1     67649.0000000000       0.54798293301963      -0.24271406328961       0.02836525833924
    1     -1     67650.0000000000       0.54798293301963      -0.24271406328961       0.02836525833924
    1     -1     67651.0000000000       0.54798293301963      -0.24271406328961       0.02836525833924
    1     -1     67651.0000000000       0.00000000000000       0.00000000000000       0.00000000000000
    1     -1     67651.0000000000       0.00000000000000       0.00000000000000       0.00000000000000
    1     -1     67651.0000000000       0.54737161885405      -0.24383708509748       0.03045958115704
    1     -1     67652.0000000000       0.54737161885405      -0.24383708509748       0.03045958115704
    1     -1     67653.0000000000       0.54737161885405      -0.24383708509748       0.03045958115704
    1     -1     67653.0000000000       0.00000000000000       0.00000000000000       0.00000000000000
    1     -1     67653.0000000000       0.00000000000000       0.00000000000000       0.00000000000000
    1     -1     67653.0000000000       0.54673438614747      -0.24498769051213       0.03259665291841
    1     -1     67654.0000000000       0.54673438614747      -0.24498769051213       0.03259665291841
    1     -1     67655.0000000000       0.54673438614747      -0.24498769051213       0.03259665291841
    1     -1     67655.0000000000       0.00000000000000       0.00000000000000       0.00000000000000
    1     -1     67655.0000000000       0.00000000000000       0.00000000000000       0.00000000000000
    1     -1     67655.0000000000       0.54607078293493      -0.24616511848810       0.03477691395987
    1     -1     67656.0000000000       0.54607078293493      -0.24616511848810       0.03477691395987
    1     -1     67657.0000000000       0.54607078293493      -0.24616511848810       0.03477691395987
    1     -1     67657.0000000000       0.00000000000000       0.00000000000000       0.00000000000000
    1     -1     67657.0000000000       0.00000000000000       0.00000000000000       0.00000000000000
    1     -1     67657.0000000000       0.54538035563776      -0.24736856719043       0.03700079635068
    1     -1     67658.0000000000       0.54538035563776      -0.24736856719043       0.03700079635068
    1     -1     67659.0000000000       0.54538035563776      -0.24736856719043       0.03700079635068
    1     -1     67659.0000000000       0.00000000000000       0.00000000000000       0.00000000000000
    1     -1     67659.0000000000       0.00000000000000       0.00000000000000       0.00000000000000
    1     -1     67659.0000000000       0.54466264941298      -0.24859719417512       0.03926872372124
    1     -1     67660.0000000000       0.54466264941298      -0.24859719417512       0.03926872372124
    1     -1     67661.0000000000       0.54466264941298      -0.24859719417512       0.03926872372124
    1     -1     67661.0000000000       0.00000000000000       0.00000000000000       0.00000000000000
    1     -1     67661.0000000000       0.00000000000000       0.00000000000000       0.00000000000000
    1     -1     67661.0000000000       0.54391720848295      -0.24985011665730       0.04158111112566
    1     -1     67662.0000000000       0.54391720848295      -0.24985011665730       0.04158111112566
    1     -1     67663.0000000000       0.54391720848295      -0.24985011665730       0.04158111112566
    1     -1     67663.0000000000       0.00000000000000       0.00000000000000       0.00000000000000
    1     -1     67663.0000000000       0.00000000000000       0.00000000000000       0.00000000000000
    1     -1     67663.0000000000       0.54314357643785      -0.25112641186904       0.04393836496829
    1     -1     67664.0000000000       0.54314357643785      -0.25112641186904       0.04393836496829
    1     -1     67665.0000000000       0.54314357643785      -0.25112641186904       0.04393836496829
    1     -1     67665.0000000000       0.00000000000000       0.00000000000000       0.00000000000000
    1     -1     67665.0000000000       0.00000000000000       0.00000000000000       0.00000000000000
    1     -1     67665.0000000000       0.54234129651249      -0.25242511750016       0.04634088294560
    1     -1     67666.0000000000       0.54234129651249      -0.25242511750016       0.04634088294560
    1     -1     67667.0000000000       0.54234129651249      -0.25242511750016       0.04634088294560
    1     -1     67667.0000000000       0.00000000000000       0.00000000000000       0.00000000000000
    1     -1     67667.0000000000       0.00000000000000       0.00000000000000       0.00000000000000
    1     -1     67667.0000000000       0.54150991182465      -0.25374523222995       0.04878905406168
    1     -1     67668.0000000000       0.54150991182465      -0.25374523222995       0.04878905406168
    1     -1     67669.0000000000       0.54150991182465      -0.25374523222995       0.04878905406168
    1     -1     67669.0000000000       0.00000000000000       0.00000000000000       0.00000000000000
    1     -1     67669.0000000000       0.00000000000000       0.00000000000000       0.00000000000000
    1     -1     67669.0000000000       0.54064896557117      -0.25508571634573       0.05128325870312
    1     -1     67670.0000000000       0.54064896557117      -0.25508571634573       0.05128325870312
    1     -1     67671.0000000000       0.54064896557117      -0.25508571634573       0.05128325870312
    1     -1     67671.0000000000       0.00000000000000       0.00000000000000       0.00000000000000
    1     -1     67671.0000000000       0.00000000000000       0.00000000000000       0.00000000000000
    1     -1     67671.0000000000       0.53975800118133      -0.25644549244434       0.05382386873602
    1     -1     67672.0000000000       0.53975800118133      -0.25644549244434       0.05382386873602
    1     -1     67673.0000000000       0.53975800118133      -0.25644549244434       0.05382386873602
    1     -1     67673.0000000000       0.00000000000000       0.00000000000000       0.00000000000000
    1     -1     67673.0000000000       0.00000000000000       0.00000000000000       0.00000000000000
    1     -1     67673.0000000000       0.53883656241169      -0.25782344622077       0.05641124770109
    1     -1     67674.0000000000       0.53883656241169      -0.25782344622077       0.05641124770109
    1     -1     67675.0000000000       0.53883656241169      -0.25782344622077       0.05641124770109
    1     -1     67675.0000000000       0.00000000000000       0.00000000000000       0.00000000000000
    1     -1     67675.0000000000       0.00000000000000       0.00000000000000       0.00000000000000
    1     -1     67675.0000000000       0.53788419338842      -0.25921842733443       0.05904575101691
    1     -1     67676.0000000000       0.53788419338842      -0.25921842733443       0.05904575101691
    1     -1     67677.0000000000       0.53788419338842      -0.25921842733443       0.05904575101691
    1     -1     67677.0000000000       0.00000000000000       0.00000000000000       0.00000000000000
    1     -1     67677.0000000000       0.00000000000000       0.00000000000000       0.00000000000000
    1     -1     67677.0000000000       0.53690043857960      -0.26062925035502       0.06172772628584
    1     -1     67678.0000000000       0.53690043857960      -0.26062925035502       0.06172772628584
    1     -1     67679.0000000000       0.53690043857960      -0.26062925035502       0.06172772628584
    1     -1     67679.0000000000       0.00000000000000       0.00000000000000       0.00000000000000
    1     -1     67679.0000000000       0.00000000000000       0.00000000000000       0.00000000000000
    1     -1     67679.0000000000       0.53588484269990      -0.26205469578038       0.06445751363464
    1     -1     67680.0000000000       0.53588484269990      -0.26205469578038       0.06445751363464
    1     -1     67681.0000000000       0.53588484269990      -0.26205469578038       0.06445751363464
    1     -1     67681.0000000000       0.00000000000000       0.00000000000000       0.00000000000000
    1     -1     67681.0000000000       0.00000000000000       0.00000000000000       0.00000000000000
    1     -1     67681.0000000000       0.53483695053923      -0.26349351112279       0.06723544611351
    1     -1     67682.0000000000       0.53483695053923      -0.26349351112279       0.06723544611351
    1     -1     67683.0000000000       0.53483695053923      -0.26349351112279       0.06723544611351
    1     -1     67683.0000000000       0.00000000000000       0.00000000000000       0.00000000000000
    1     -1     67683.0000000000       0.00000000000000       0.00000000000000       0.00000000000000
    1     -1     67683.0000000000       0.53375630670866      -0.26494441205768       0.07006185016210
    1     -1     67684.0000000000       0.53375630670866      -0.26494441205768       0.07006185016210
    1     -1     67685.0000000000       0.53375630670866      -0.26494441205768       0.07006185016210
    1     -1     67685.0000000000       0.00000000000000       0.00000000000000       0.00000000000000
    1     -1     67685.0000000000       0.00000000000000       0.00000000000000       0.00000000000000
    1     -1     67685.0000000000       0.53264245529956      -0.26640608362900       0.07293704612825
    1     -1     67686.0000000000       0.53264245529956      -0.26640608362900       0.07293704612825
    1     -1     67687.0000000000       0.53264245529956      -0.26640608362900       0.07293704612825
    1     -1     67687.0000000000       0.00000000000000       0.00000000000000       0.00000000000000
    1     -1     67687.0000000000       0.00000000000000       0.00000000000000       0.00000000000000
    1     -1     67687.0000000000       0.53149493945074      -0.26787718150443       0.07586134883784
    1     -1     67688.0000000000       0.53149493945074      -0.26787718150443       0.07586134883784
    1     -1     67689.0000000000       0.53149493945074      -0.26787718150443       0.07586134883784
    1     -1     67689.0000000000       0.00000000000000       0.00000000000000       0.00000000000000
    1     -1     67689.0000000000       0.00000000000000       0.00000000000000       0.00000000000000
    1     -1     67689.0000000000       0.53031330081647      -0.26935633327201       0.07883506823363
    1     -1     67690.0000000000       0.53031330081647      -0.26935633327201       0.07883506823363
    1     -1     67691.0000000000       0.53031330081647      -0.26935633327201       0.07883506823363
    1     -1     67691.0000000000       0.00000000000000       0.00000000000000       0.00000000000000
    1     -1     67691.0000000000       0.00000000000000       0.00000000000000       0.00000000000000
    1     -1     67691.0000000000       0.52909707893338      -0.27084213977188       0.08185851005215
    1     -1     67692.0000000000       0.52909707893338      -0.27084213977188       0.08185851005215
    1     -1     67693.0000000000       0.52909707893338      -0.27084213977188       0.08185851005215
    1     -1     67693.0000000000       0.00000000000000       0.00000000000000       0.00000000000000
    1     -1     67693.0000000000       0.00000000000000       0.00000000000000       0.00000000000000
    1     -1     67693.0000000000       0.52784581047995      -0.27233317645412       0.08493197655288
    1     -1     67694.0000000000       0.52784581047995      -0.27233317645412       0.08493197655288
    1     -1     67695.0000000000       0.52784581047995      -0.27233317645412       0.08493197655288
    1     -1     67695.0000000000       0.00000000000000       0.00000000000000       0.00000000000000
    1     -1     67695.0000000000       0.00000000000000       0.00000000000000       0.00000000000000
    1     -1     67695.0000000000       0.52655902842404      -0.27382799475279       0.08805576730004
    1     -1     67696.0000000000       0.52655902842404      -0.27382799475279       0.08805576730004
    1     -1     67697.0000000000       0.52655902842404      -0.27382799475279       0.08805576730004
    1     -1     67697.0000000000       0.00000000000000       0.00000000000000       0.00000000000000
    1     -1     67697.0000000000       0.00000000000000       0.00000000000000       0.00000000000000
    1     -1     67697.0000000000       0.52523626105600      -0.27532512346818       0.09123017997979
    1     -1     67698.0000000000       0.52523626105600      -0.27532512346818       0.09123017997979
    1     -1     67699.0000000000       0.52523626105600      -0.27532512346818       0.09123017997979
    1     -1     67699.0000000000       0.00000000000000       0.00000000000000       0.00000000000000
    1     -1     67699.0000000000       0.00000000000000       0.00000000000000       0.00000000000000
    1     -1     67699.0000000000       0.52387703090233      -0.27682307014797       0.09445551125694
    1     -1     67700.0000000000       0.52387703090233      -0.27682307014797       0.09445551125694
    1     -1     67701.0000000000       0.52387703090233      -0.27682307014797       0.09445551125694
    1     -1     67701.0000000000       0.00000000000000       0.00000000000000       0.00000000000000
    1     -1     67701.0000000000       0.00000000000000       0.00000000000000       0.00000000000000
    1     -1     67701.0000000000       0.52248085351823      -0.27832032245412       0.09773205766734
    1     -1     67702.0000000000       0.52248085351823      -0.27832032245412       0.09773205766734
    1     -1     67703.0000000000       0.52248085351823      -0.27832032245412       0.09773205766734
    1     -1     67703.0000000000       0.00000000000000       0.00000000000000       0.00000000000000
    1     -1     67703.0000000000       0.00000000000000       0.00000000000000       0.00000000000000
    1     -1     67703.0000000000       0.52104723615513      -0.27981534951054       0.10106011653167
    1     -1     67704.0000000000       0.52104723615513      -0.27981534951054       0.10106011653167
    1     -1     67705.0000000000       0.52104723615513      -0.27981534951054       0.10106011653167
    1     -1     67705.0000000000       0.00000000000000       0.00000000000000       0.00000000000000
    1     -1     67705.0000000000       0.00000000000000       0.00000000000000       0.00000000000000
    1     -1     67705.0000000000       0.51957567630142      -0.28130660321656       0.10443998689526
    1     -1     67706.0000000000       0.51957567630142      -0.28130660321656       0.10443998689526
    1     -1     67707.0000000000       0.51957567630142      -0.28130660321656       0.10443998689526
    1     -1     67707.0000000000       0.00000000000000       0.00000000000000       0.00000000000000
    1     -1     67707.0000000000       0.00000000000000       0.00000000000000       0.00000000000000
    1     -1     67707.0000000000       0.51806566009527      -0.28279251951730       0.10787197047942
    1     -1     67708.0000000000       0.51806566009527      -0.28279251951730       0.10787197047942
    1     -1     67709.0000000000       0.51806566009527      -0.28279251951730       0.10787197047942
    1     -1     67709.0000000000       0.00000000000000       0.00000000000000       0.00000000000000
    1     -1     67709.0000000000       0.00000000000000       0.00000000000000       0.00000000000000
    1     -1     67709.0000000000       0.51651666060757      -0.28427151962068       0.11135637263916
    1     -1     67710.0000000000       0.51651666060757      -0.28427151962068       0.11135637263916
    1     -1     67711.0000000000       0.51651666060757      -0.28427151962068       0.11135637263916
    1     -1     67711.0000000000       0.00000000000000       0.00000000000000       0.00000000000000
    1     -1     67711.0000000000       0.00000000000000       0.00000000000000       0.00000000000000
    1     -1     67711.0000000000       0.51492813599422      -0.28574201115019       0.11489350332098
    1     -1     67712.0000000000       0.51492813599422      -0.28574201115019       0.11489350332098
    1     -1     67713.0000000000       0.51492813599422      -0.28574201115019       0.11489350332098
    1     -1     67713.0000000000       0.00000000000000       0.00000000000000       0.00000000000000
    1     -1     67713.0000000000       0.00000000000000       0.00000000000000       0.00000000000000
    1     -1     67713.0000000000       0.51329952751758      -0.28720238922270       0.11848367801096
    1     -1     67714.0000000000       0.51329952751758      -0.28720238922270       0.11848367801096
    1     -1     67715.0000000000       0.51329952751758      -0.28720238922270       0.11848367801096
    1     -1     67715.0000000000       0.00000000000000       0.00000000000000       0.00000000000000
    1     -1     67715.0000000000       0.00000000000000       0.00000000000000       0.00000000000000
    1     -1     67715.0000000000       0.51163025743822      -0.28865103744073       0.12212721866191
    1     -1     67716.0000000000       0.51163025743822      -0.28865103744073       0.12212721866191
    1     -1     67717.0000000000       0.51163025743822      -0.28865103744073       0.12212721866191
    1     -1     67717.0000000000       0.00000000000000       0.00000000000000       0.00000000000000
    1     -1     67717.0000000000       0.00000000000000       0.00000000000000       0.00000000000000
    1     -1     67717.0000000000       0.50991972677661      -0.29008632878952       0.12582445459243
    1     -1     67718.0000000000       0.50991972677661      -0.29008632878952       0.12582445459243
    1     -1     67719.0000000000       0.50991972677661      -0.29008632878952       0.12582445459243
    1     -1     67719.0000000000       0.00000000000000       0.00000000000000       0.00000000000000
    1     -1     67719.0000000000       0.00000000000000       0.00000000000000       0.00000000000000
    1     -1     67719.0000000000       0.50816731294695      -0.29150662642879       0.12957572334502
    1     -1     67720.0000000000       0.50816731294695      -0.29150662642879       0.12957572334502
    1     -1     67721.0000000000       0.50816731294695      -0.29150662642879       0.12957572334502
    1     -1     67721.0000000000       0.00000000000000       0.00000000000000       0.00000000000000
    1     -1     67721.0000000000       0.00000000000000       0.00000000000000       0.00000000000000
    1     -1     67721.0000000000       0.50637236726204      -0.29291028437052       0.13338137150076
    1     -1     67722.0000000000       0.50637236726204      -0.29291028437052       0.13338137150076
    1     -1     67723.0000000000       0.50637236726204      -0.29291028437052       0.13338137150076
    1     -1     67723.0000000000       0.00000000000000       0.00000000000000       0.00000000000000
    1     -1     67723.0000000000       0.00000000000000       0.00000000000000       0.00000000000000
    1     -1     67723.0000000000       0.50453421232062      -0.29429564803170       0.13724175540853
    1     -1     67724.0000000000       0.50453421232062      -0.29429564803170       0.13724175540853
    1     -1     67725.0000000000       0.50453421232062      -0.29429564803170       0.13724175540853
    1     -1     67725.0000000000       0.00000000000000       0.00000000000000       0.00000000000000
    1     -1     67725.0000000000       0.00000000000000       0.00000000000000       0.00000000000000
    1     -1     67725.0000000000       0.50265213926902      -0.29566105465806       0.14115724185021
    1     -1     67726.0000000000       0.50265213926902      -0.29566105465806       0.14115724185021
    1     -1     67727.0000000000       0.50265213926902      -0.29566105465806       0.14115724185021
    1     -1     67727.0000000000       0.00000000000000       0.00000000000000       0.00000000000000
    1     -1     67727.0000000000       0.00000000000000       0.00000000000000       0.00000000000000
    1     -1     67727.0000000000       0.50072540495145      -0.29700483361094       0.14512820858795
    1     -1     67728.0000000000       0.50072540495145      -0.29700483361094       0.14512820858795
    1     -1     67729.0000000000       0.50072540495145      -0.29700483361094       0.14512820858795
    1     -1     67729.0000000000       0.00000000000000       0.00000000000000       0.00000000000000
    1     -1     67729.0000000000       0.00000000000000       0.00000000000000       0.00000000000000
    1     -1     67729.0000000000       0.49875322896244      -0.29832530651613       0.14915504474068
    1     -1     67730.0000000000       0.49875322896244      -0.29832530651613       0.14915504474068
    1     -1     67731.0000000000       0.49875322896244      -0.29832530651613       0.14915504474068
    1     -1     67731.0000000000       0.00000000000000       0.00000000000000       0.00000000000000
    1     -1     67731.0000000000       0.00000000000000       0.00000000000000       0.00000000000000
    1     -1     67731.0000000000       0.49673479062649      -0.29962078727896       0.15323815090113
    1     -1     67732.0000000000       0.49673479062649      -0.29962078727896       0.15323815090113
    1     -1     67733.0000000000       0.49673479062649      -0.29962078727896       0.15323815090113
    1     -1     67733.0000000000       0.00000000000000       0.00000000000000       0.00000000000000
    1     -1     67733.0000000000       0.00000000000000       0.00000000000000       0.00000000000000
    1     -1     67733.0000000000       0.49466922596991      -0.30088958191736       0.15737793889845
    1     -1     67734.0000000000       0.49466922596991      -0.30088958191736       0.15737793889845
    1     -1     67735.0000000000       0.49466922596991      -0.30088958191736       0.15737793889845
    1     -1     67735.0000000000       0.00000000000000       0.00000000000000       0.00000000000000
    1     -1     67735.0000000000       0.00000000000000       0.00000000000000       0.00000000000000
    1     -1     67735.0000000000       0.49255562413779      -0.30212998754457       0.16157483416841
    1     -1     67736.0000000000       0.49255562413779      -0.30212998754457       0.16157483416841
    1     -1     67737.0000000000       0.49255562413779      -0.30212998754457       0.16157483416841
    1     -1     67737.0000000000       0.00000000000000       0.00000000000000       0.00000000000000
    1     -1     67737.0000000000       0.00000000000000       0.00000000000000       0.00000000000000
    1     -1     67737.0000000000       0.48628879805627      -0.30080155826340       0.16444141427357
    1     -1     67738.0000000000       0.48628879805627      -0.30080155826340       0.16444141427357
    1     -1     67739.0000000000       0.48628879805627      -0.30080155826340       0.16444141427357
    1     -1     67739.0000000000       0.00000000000000       0.00000000000000       0.00000000000000
    1     -1     68053.0000000000       0.00000000000000       0.00000000000000       0.00000000000000
    1     -1     68053.0000000000      -0.05979366762134       0.02120809772733       0.03349223598542
    1     -1     68054.0000000000      -0.05979366762134       0.02120809772733       0.03349223598542
    1     -1     68055.0000000000      -0.05979366762134       0.02120809772733       0.03349223598542
    1     -1     68055.0000000000       0.00000000000000       0.00000000000000       0.00000000000000
    1     -1     68055.0000000000       0.00000000000000       0.00000000000000       0.00000000000000
    1     -1     68055.0000000000      -0.50169382266326       0.17789046667576       0.27687233420369
    1     -1     68056.0000000000      -0.50169382266326       0.17789046667576       0.27687233420369
    1     -1     68057.0000000000      -0.50169382266326       0.17789046667576       0.27687233420369
    1     -1     68057.0000000000       0.00000000000000       0.00000000000000       0.00000000000000
    1     -1     68057.0000000000       0.00000000000000       0.00000000000000       0.00000000000000
    1     -1     68057.0000000000      -0.50326754883406       0.17839351378374       0.27367412703880
    1     -1     68058.0000000000      -0.50326754883406       0.17839351378374       0.27367412703880
    1     -1     68059.0000000000      -0.50326754883406       0.17839351378374       0.27367412703880
    1     -1     68059.0000000000       0.00000000000000       0.00000000000000       0.00000000000000
    1     -1     68059.0000000000       0.00000000000000       0.00000000000000       0.00000000000000
    1     -1     68059.0000000000      -0.50480110922747       0.17888337141317       0.27051169814737
    1     -1     68060.0000000000      -0.50480110922747       0.17888337141317       0.27051169814737
    1     -1     68061.0000000000      -0.50480110922747       0.17888337141317       0.27051169814737
    1     -1     68061.0000000000       0.00000000000000       0.00000000000000       0.00000000000000
    1     -1     68061.0000000000       0.00000000000000       0.00000000000000       0.00000000000000
    1     -1     68061.0000000000      -0.50629483156477       0.17936200354736       0.26738514262068
    1     -1     68062.0000000000      -0.50629483156477       0.17936200354736       0.26738514262068
    1     -1     68063.0000000000      -0.50629483156477       0.17936200354736       0.26738514262068
    1     -1     68063.0000000000       0.00000000000000       0.00000000000000       0.00000000000000
    1     -1     68063.0000000000       0.00000000000000       0.00000000000000       0.00000000000000
    1     -1     68063.0000000000      -0.50774986352828       0.17983094125713       0.26429322339702
    1     -1     68064.0000000000      -0.50774986352828       0.17983094125713       0.26429322339702
    1     -1     68065.0000000000      -0.50774986352828       0.17983094125713       0.26429322339702
    1     -1     68065.0000000000       0.00000000000000       0.00000000000000       0.00000000000000
    1     -1     68065.0000000000       0.00000000000000       0.00000000000000       0.00000000000000
    1     -1     68065.0000000000      -0.50916693529725       0.18029226310849       0.26123501132739
    1     -1     68066.0000000000      -0.50916693529725       0.18029226310849       0.26123501132739
    1     -1     68067.0000000000      -0.50916693529725       0.18029226310849       0.26123501132739
    1     -1     68067.0000000000       0.00000000000000       0.00000000000000       0.00000000000000
    1     -1     68067.0000000000       0.00000000000000       0.00000000000000       0.00000000000000
    1     -1     68067.0000000000      -0.51054678030029       0.18074789008108       0.25820957502820
    1     -1     68068.0000000000      -0.51054678030029       0.18074789008108       0.25820957502820
    1     -1     68069.0000000000      -0.51054678030029       0.18074789008108       0.25820957502820
    1     -1     68069.0000000000       0.00000000000000       0.00000000000000       0.00000000000000
    1     -1     68069.0000000000       0.00000000000000       0.00000000000000       0.00000000000000
    1     -1     68069.0000000000      -0.51189004990771       0.18119966258086       0.25521610130646
    1     -1     68070.0000000000      -0.51189004990771       0.18119966258086       0.25521610130646
    1     -1     68071.0000000000      -0.51189004990771       0.18119966258086       0.25521610130646
    1     -1     68071.0000000000       0.00000000000000       0.00000000000000       0.00000000000000
    1     -1     68071.0000000000       0.00000000000000       0.00000000000000       0.00000000000000
    1     -1     68071.0000000000      -0.51319729995446       0.18164966906230       0.25225369834554
    1     -1     68072.0000000000      -0.51319729995446       0.18164966906230       0.25225369834554
    1     -1     68073.0000000000      -0.51319729995446       0.18164966906230       0.25225369834554
    1     -1     68073.0000000000       0.00000000000000       0.00000000000000       0.00000000000000
    1     -1     68073.0000000000       0.00000000000000       0.00000000000000       0.00000000000000
    1     -1     68073.0000000000      -0.51446910198869       0.18209953079058       0.24932168631068
    1     -1     68074.0000000000      -0.51446910198869       0.18209953079058       0.24932168631068
    1     -1     68075.0000000000      -0.51446910198869       0.18209953079058       0.24932168631068
    1     -1     68075.0000000000       0.00000000000000       0.00000000000000       0.00000000000000
    1     -1     68075.0000000000       0.00000000000000       0.00000000000000       0.00000000000000
    1     -1     68075.0000000000      -0.51570610841623       0.18255142635135       0.24641872039128
    1     -1     68076.0000000000      -0.51570610841623       0.18255142635135       0.24641872039128
    1     -1     68077.0000000000      -0.51570610841623       0.18255142635135       0.24641872039128
    1     -1     68077.0000000000       0.00000000000000       0.00000000000000       0.00000000000000
    1     -1     68077.0000000000       0.00000000000000       0.00000000000000       0.00000000000000
    1     -1     68077.0000000000      -0.51661137048465       0.18289231992548       0.24426029247147
    1     -1     68078.0000000000      -0.51661137048465       0.18289231992548       0.24426029247147
    1     -1     68078.0000000000       0.00000000000000       0.00000000000000       0.00000000000000
    1  23760     68078.0000000000       77574721.533961296      329522817.904145181       -4513397.318413340      -20.1861966334044        1.8483912132008        1.1961936477487        1145.7231060587
    1  23760     68078.0000000000       77574721.533961296      329522817.904145181       -4513397.318413340      -20.1861966334044        1.8483912132008        1.1961936477487        1217.5916892209
    1     -1     68078.0000000000       0.00000000000000       0.00000000000000       0.00000000000000
    1     -1     68078.0000000000      -0.59401502566660       0.07422788407585       0.04045206778309
    1     -1     68079.0000000000      -0.59401502566660       0.07422788407585       0.04045206778309
    1     -1     68080.0000000000      -0.59401502566660       0.07422788407585       0.04045206778309
    1     -1     68080.0000000000       0.00000000000000       0.00000000000000       0.00000000000000
    1     -1     68080.0000000000       0.00000000000000       0.00000000000000       0.00000000000000
    1     -1     68080.0000000000      -0.59285201148284       0.08020245301974       0.04576088166078
    1     -1     68081.0000000000      -0.59285201148284       0.08020245301974       0.04576088166078
    1     -1     68082.0000000000      -0.59285201148284       0.08020245301974       0.04576088166078
    1     -1     68082.0000000000       0.00000000000000       0.00000000000000       0.00000000000000
    1     -1     68082.0000000000       0.00000000000000       0.00000000000000       0.00000000000000
    1     -1     68082.0000000000      -0.59154671523503       0.08631374938999       0.05120956591190
    1     -1     68083.0000000000      -0.59154671523503       0.08631374938999       0.05120956591190
    1     -1     68084.0000000000      -0.59154671523503       0.08631374938999       0.05120956591190
    1     -1     68084.0000000000       0.00000000000000       0.00000000000000       0.00000000000000
    1     -1     68084.0000000000       0.00000000000000       0.00000000000000       0.00000000000000
    1     -1     68084.0000000000      -0.59008866908426       0.09256858585174       0.05680157402556
    1     -1     68085.0000000000      -0.59008866908426       0.09256858585174       0.05680157402556
    1     -1     68086.0000000000      -0.59008866908426       0.09256858585174       0.05680157402556
    1     -1     68086.0000000000       0.00000000000000       0.00000000000000       0.00000000000000
    1     -1     68086.0000000000       0.00000000000000       0.00000000000000       0.00000000000000
    1     -1     68086.0000000000      -0.58846652615532       0.09897396384081       0.06254039779478
    1     -1     68087.0000000000      -0.58846652615532       0.09897396384081       0.06254039779478
    1     -1     68088.0000000000      -0.58846652615532       0.09897396384081       0.06254039779478
    1     -1     68088.0000000000       0.00000000000000       0.00000000000000       0.00000000000000
    1     -1     68088.0000000000       0.00000000000000       0.00000000000000       0.00000000000000
    1     -1     68088.0000000000      -0.58666810535037       0.10553665378886       0.06842914694527
    1     -1     68089.0000000000      -0.58666810535037       0.10553665378886       0.06842914694527
    1     -1     68090.0000000000      -0.58666810535037       0.10553665378886       0.06842914694527
    1     -1     68090.0000000000       0.00000000000000       0.00000000000000       0.00000000000000
    1     -1     68090.0000000000       0.00000000000000       0.00000000000000       0.00000000000000
    1     -1     68090.0000000000      -0.58468022757711       0.11226359686303       0.07447090424961
    1     -1     68091.0000000000      -0.58468022757711       0.11226359686303       0.07447090424961
    1     -1     68092.0000000000      -0.58468022757711       0.11226359686303       0.07447090424961
    1     -1     68092.0000000000       0.00000000000000       0.00000000000000       0.00000000000000
    1     -1     68092.0000000000       0.00000000000000       0.00000000000000       0.00000000000000
    1     -1     68092.0000000000      -0.08053406293680       0.01647491153902       0.01115293677458
    1     -1     68093.0000000000      -0.08053406293680       0.01647491153902       0.01115293677458
    1     -1     68094.0000000000      -0.08053406293680       0.01647491153902       0.01115293677458
    1     -1     68094.0000000000       0.00000000000000       0.00000000000000       0.00000000000000
    1     -1     68204.0000000000       0.00000000000000       0.00000000000000       0.00000000000000
    1     -1     68204.0000000000       0.02127807185852       0.17359143435712       0.11900775429849
    1     -1     68205.0000000000       0.02127807185852       0.17359143435712       0.11900775429849
    1     -1     68206.0000000000       0.02127807185852       0.17359143435712       0.11900775429849
    1     -1     68206.0000000000       0.00000000000000       0.00000000000000       0.00000000000000
    1     -1     68206.0000000000       0.00000000000000       0.00000000000000       0.00000000000000
    1     -1     68206.0000000000       0.06997852484301       0.49256487565732       0.33538462786699
    1     -1     68207.0000000000       0.06997852484301       0.49256487565732       0.33538462786699
    1     -1     68208.0000000000       0.06997852484301       0.49256487565732       0.33538462786699
    1     -1     68208.0000000000       0.00000000000000       0.00000000000000       0.00000000000000
    1     -1     68208.0000000000       0.00000000000000       0.00000000000000       0.00000000000000
    1     -1     68208.0000000000       0.07917050501184       0.49268264702656       0.33316038140072
    1     -1     68209.0000000000       0.07917050501184       0.49268264702656       0.33316038140072
    1     -1     68210.0000000000       0.07917050501184       0.49268264702656       0.33316038140072
    1     -1     68210.0000000000       0.00000000000000       0.00000000000000       0.00000000000000
    1     -1     68210.0000000000       0.00000000000000       0.00000000000000       0.00000000000000
    1     -1     68210.0000000000       0.08794187128692       0.49272885797443       0.33088441950894
    1     -1     68211.0000000000       0.08794187128692       0.49272885797443       0.33088441950894
    1     -1     68212.0000000000       0.08794187128692       0.49272885797443       0.33088441950894
    1     -1     68212.0000000000       0.00000000000000       0.00000000000000       0.00000000000000
    1     -1     68212.0000000000       0.00000000000000       0.00000000000000       0.00000000000000
    1     -1     68212.0000000000       0.09630641778768       0.49271526051430       0.32856771787446
    1     -1     68213.0000000000       0.09630641778768       0.49271526051430       0.32856771787446
    1     -1     68214.0000000000       0.09630641778768       0.49271526051430       0.32856771787446
    1     -1     68214.0000000000       0.00000000000000       0.00000000000000       0.00000000000000
    1     -1     68214.0000000000       0.00000000000000       0.00000000000000       0.00000000000000
    1     -1     68214.0000000000       0.10427820443862       0.49265244029271       0.32622021462916
    1     -1     68215.0000000000       0.10427820443862       0.49265244029271       0.32622021462916
    1     -1     68216.0000000000       0.10427820443862       0.49265244029271       0.32622021462916
    1     -1     68216.0000000000       0.00000000000000       0.00000000000000       0.00000000000000
    1     -1     68216.0000000000       0.00000000000000       0.00000000000000       0.00000000000000
    1     -1     68216.0000000000       0.11187163840085       0.49254989648879       0.32385079167788
    1     -1     68217.0000000000       0.11187163840085       0.49254989648879       0.32385079167788
    1     -1     68218.0000000000       0.11187163840085       0.49254989648879       0.32385079167788
    1     -1     68218.0000000000       0.00000000000000       0.00000000000000       0.00000000000000
    1     -1     68218.0000000000       0.00000000000000       0.00000000000000       0.00000000000000
    1     -1     68218.0000000000       0.11910115141563       0.49241610942271       0.32146740144605
    1     -1     68219.0000000000       0.11910115141563       0.49241610942271       0.32146740144605
    1     -1     68220.0000000000       0.11910115141563       0.49241610942271       0.32146740144605
    1     -1     68220.0000000000       0.00000000000000       0.00000000000000       0.00000000000000
    1     -1     68220.0000000000       0.00000000000000       0.00000000000000       0.00000000000000
    1     -1     68220.0000000000       0.12598114192095       0.49225861277074       0.31907712126274
    1     -1     68221.0000000000       0.12598114192095       0.49225861277074       0.31907712126274
    1     -1     68222.0000000000       0.12598114192095       0.49225861277074       0.31907712126274
    1     -1     68222.0000000000       0.00000000000000       0.00000000000000       0.00000000000000
    1     -1     68222.0000000000       0.00000000000000       0.00000000000000       0.00000000000000
    1     -1     68222.0000000000       0.13252588338582       0.49208406511591       0.31668622068510
    1     -1     68223.0000000000       0.13252588338582       0.49208406511591       0.31668622068510
    1     -1     68224.0000000000       0.13252588338582       0.49208406511591       0.31668622068510
    1     -1     68224.0000000000       0.00000000000000       0.00000000000000       0.00000000000000
    1     -1     68224.0000000000       0.00000000000000       0.00000000000000       0.00000000000000
    1     -1     68224.0000000000       0.13874943990619       0.49189832033779       0.31430023012175
    1     -1     68225.0000000000       0.13874943990619       0.49189832033779       0.31430023012175
    1     -1     68226.0000000000       0.13874943990619       0.49189832033779       0.31430023012175
    1     -1     68226.0000000000       0.00000000000000       0.00000000000000       0.00000000000000
    1     -1     68226.0000000000       0.00000000000000       0.00000000000000       0.00000000000000
    1     -1     68226.0000000000       0.14466560014383       0.49170649582939       0.31192400576777
    1     -1     68227.0000000000       0.14466560014383       0.49170649582939       0.31192400576777
    1     -1     68228.0000000000       0.14466560014383       0.49170649582939       0.31192400576777
    1     -1     68228.0000000000       0.00000000000000       0.00000000000000       0.00000000000000
    1  16118     68228.0000000000     -185991198.914750099      254000256.269349128       11875728.638966283      -17.4401619165836      -12.8249337462309        1.5925620604382        1168.7185032000
    1  16118     68228.0000000000     -185991198.914750099      254000256.269349128       11875728.638966283      -17.4401619165836      -12.8249337462309        1.5925620604382        1250.4433491959
    1     -1     68228.0000000000       0.00000000000000       0.00000000000000       0.00000000000000
    1     -1     68228.0000000000      -0.18649336446531       0.52028183961508      -0.23351023887007
    1     -1     68229.0000000000      -0.18649336446531       0.52028183961508      -0.23351023887007
    1     -1     68230.0000000000      -0.18649336446531       0.52028183961508      -0.23351023887007
    1     -1     68230.0000000000       0.00000000000000       0.00000000000000       0.00000000000000
    1     -1     68230.0000000000       0.00000000000000       0.00000000000000       0.00000000000000
    1     -1     68230.0000000000      -0.18364554016825       0.51973785012467      -0.23695333296683
    1     -1     68231.0000000000      -0.18364554016825       0.51973785012467      -0.23695333296683
    1     -1     68232.0000000000      -0.18364554016825       0.51973785012467      -0.23695333296683
    1     -1     68232.0000000000       0.00000000000000       0.00000000000000       0.00000000000000
    1     -1     68232.0000000000       0.00000000000000       0.00000000000000       0.00000000000000
    1     -1     68232.0000000000      -0.18077213612101       0.51915841922061      -0.24040792381826
    1     -1     68233.0000000000      -0.18077213612101       0.51915841922061      -0.24040792381826
    1     -1     68234.0000000000      -0.18077213612101       0.51915841922061      -0.24040792381826
    1     -1     68234.0000000000       0.00000000000000       0.00000000000000       0.00000000000000
    1     -1     68234.0000000000       0.00000000000000       0.00000000000000       0.00000000000000
    1     -1     68234.0000000000      -0.17787493049061       0.51854211233808      -0.24387411940369
    1     -1     68235.0000000000      -0.17787493049061       0.51854211233808      -0.24387411940369
    1     -1     68236.0000000000      -0.17787493049061       0.51854211233808      -0.24387411940369
    1     -1     68236.0000000000       0.00000000000000       0.00000000000000       0.00000000000000
    1     -1     68236.0000000000       0.00000000000000       0.00000000000000       0.00000000000000
    1     -1     68236.0000000000      -0.17495563102656       0.51788748210943      -0.24735214235266
    1     -1     68237.0000000000      -0.17495563102656       0.51788748210943      -0.24735214235266
    1     -1     68238.0000000000      -0.17495563102656       0.51788748210943      -0.24735214235266
    1     -1     68238.0000000000       0.00000000000000       0.00000000000000       0.00000000000000
    1     -1     68238.0000000000       0.00000000000000       0.00000000000000       0.00000000000000
    1     -1     68238.0000000000      -0.17201586478700       0.51719306355534      -0.25084233405034
    1     -1     68239.0000000000      -0.17201586478700       0.51719306355534      -0.25084233405034
    1     -1     68240.0000000000      -0.17201586478700       0.51719306355534      -0.25084233405034
    1     -1     68240.0000000000       0.00000000000000       0.00000000000000       0.00000000000000
    1     -1     68240.0000000000       0.00000000000000       0.00000000000000       0.00000000000000
    1     -1     68240.0000000000      -0.16905716808649       0.51645736866859      -0.25434515829182
    1     -1     68241.0000000000      -0.16905716808649       0.51645736866859      -0.25434515829182
    1     -1     68242.0000000000      -0.16905716808649       0.51645736866859      -0.25434515829182
    1     -1     68242.0000000000       0.00000000000000       0.00000000000000       0.00000000000000
    1     -1     68242.0000000000       0.00000000000000       0.00000000000000       0.00000000000000
    1     -1     68242.0000000000      -0.16608097663882       0.51567888036668      -0.25786120457033
    1     -1     68243.0000000000      -0.16608097663882       0.51567888036668      -0.25786120457033
    1     -1     68244.0000000000      -0.16608097663882       0.51567888036668      -0.25786120457033
    1     -1     68244.0000000000       0.00000000000000       0.00000000000000       0.00000000000000
    1     -1     68244.0000000000       0.00000000000000       0.00000000000000       0.00000000000000
    1     -1     68244.0000000000      -0.16308861589003       0.51485604579553      -0.26139119104297
    1     -1     68245.0000000000      -0.16308861589003       0.51485604579553      -0.26139119104297
    1     -1     68246.0000000000      -0.16308861589003       0.51485604579553      -0.26139119104297
    1     -1     68246.0000000000       0.00000000000000       0.00000000000000       0.00000000000000
    1     -1     68246.0000000000       0.00000000000000       0.00000000000000       0.00000000000000
    1     -1     68246.0000000000      -0.16008129156402       0.51398726897698      -0.26493596717091
    1     -1     68247.0000000000      -0.16008129156402       0.51398726897698      -0.26493596717091
    1     -1     68248.0000000000      -0.16008129156402       0.51398726897698      -0.26493596717091
    1     -1     68248.0000000000       0.00000000000000       0.00000000000000       0.00000000000000
    1     -1     68248.0000000000       0.00000000000000       0.00000000000000       0.00000000000000
    1     -1     68248.0000000000      -0.15706008042549       0.51307090278006      -0.26849651606156
    1     -1     68249.0000000000      -0.15706008042549       0.51307090278006      -0.26849651606156
    1     -1     68250.0000000000      -0.15706008042549       0.51307090278006      -0.26849651606156
    1     -1     68250.0000000000       0.00000000000000       0.00000000000000       0.00000000000000
    1     -1     68250.0000000000       0.00000000000000       0.00000000000000       0.00000000000000
    1     -1     68250.0000000000      -0.15402592127670       0.51210524020411      -0.27207395650881
    1     -1     68251.0000000000      -0.15402592127670       0.51210524020411      -0.27207395650881
    1     -1     68252.0000000000      -0.15402592127670       0.51210524020411      -0.27207395650881
    1     -1     68252.0000000000       0.00000000000000       0.00000000000000       0.00000000000000
    1     -1     68252.0000000000       0.00000000000000       0.00000000000000       0.00000000000000
    1     -1     68252.0000000000      -0.15097960617963       0.51108850494654      -0.27566954476211
    1     -1     68253.0000000000      -0.15097960617963       0.51108850494654      -0.27566954476211
    1     -1     68254.0000000000      -0.15097960617963       0.51108850494654      -0.27566954476211
    1     -1     68254.0000000000       0.00000000000000       0.00000000000000       0.00000000000000
    1     -1     68254.0000000000       0.00000000000000       0.00000000000000       0.00000000000000
    1     -1     68254.0000000000      -0.14792177190409       0.51001884123401      -0.27928467602622
    1     -1     68255.0000000000      -0.14792177190409       0.51001884123401      -0.27928467602622
    1     -1     68256.0000000000      -0.14792177190409       0.51001884123401      -0.27928467602622
    1     -1     68256.0000000000       0.00000000000000       0.00000000000000       0.00000000000000
    1     -1     68256.0000000000       0.00000000000000       0.00000000000000       0.00000000000000
    1     -1     68256.0000000000      -0.14485289158917       0.50889430288376      -0.28292088570960
    1     -1     68257.0000000000      -0.14485289158917       0.50889430288376      -0.28292088570960
    1     -1     68258.0000000000      -0.14485289158917       0.50889430288376      -0.28292088570960
    1     -1     68258.0000000000       0.00000000000000       0.00000000000000       0.00000000000000
    1     -1     68258.0000000000       0.00000000000000       0.00000000000000       0.00000000000000
    1     -1     68258.0000000000      -0.14177326658884       0.50771284155810      -0.28657985043915
    1     -1     68259.0000000000      -0.14177326658884       0.50771284155810      -0.28657985043915
    1     -1     68260.0000000000      -0.14177326658884       0.50771284155810      -0.28657985043915
    1     -1     68260.0000000000       0.00000000000000       0.00000000000000       0.00000000000000
    1     -1     68260.0000000000       0.00000000000000       0.00000000000000       0.00000000000000
    1     -1     68260.0000000000      -0.13868301848304       0.50647229416352      -0.29026338885428
    1     -1     68261.0000000000      -0.13868301848304       0.50647229416352      -0.29026338885428
    1     -1     68262.0000000000      -0.13868301848304       0.50647229416352      -0.29026338885428
    1     -1     68262.0000000000       0.00000000000000       0.00000000000000       0.00000000000000
    1     -1     68262.0000000000       0.00000000000000       0.00000000000000       0.00000000000000
    1     -1     68262.0000000000      -0.13558208119505       0.50517036932110      -0.29397346223563
    1     -1     68263.0000000000      -0.13558208119505       0.50517036932110      -0.29397346223563
    1     -1     68264.0000000000      -0.13558208119505       0.50517036932110      -0.29397346223563
    1     -1     68264.0000000000       0.00000000000000       0.00000000000000       0.00000000000000
    1     -1     68264.0000000000       0.00000000000000       0.00000000000000       0.00000000000000
    1     -1     68264.0000000000      -0.13247019311013       0.50380463279860      -0.29771217507525
    1     -1     68265.0000000000      -0.13247019311013       0.50380463279860      -0.29771217507525
    1     -1     68266.0000000000      -0.13247019311013       0.50380463279860      -0.29771217507525
    1     -1     68266.0000000000       0.00000000000000       0.00000000000000       0.00000000000000
    1     -1     68266.0000000000       0.00000000000000       0.00000000000000       0.00000000000000
    1     -1     68266.0000000000      -0.12934688926151       0.50237249233882      -0.30148177467245
    1     -1     68267.0000000000      -0.12934688926151       0.50237249233882      -0.30148177467245
    1     -1     68268.0000000000      -0.12934688926151       0.50237249233882      -0.30148177467245
    1     -1     68268.0000000000       0.00000000000000       0.00000000000000       0.00000000000000
    1     -1     68268.0000000000       0.00000000000000       0.00000000000000       0.00000000000000
    1     -1     68268.0000000000      -0.12621150038502       0.50087119158879      -0.30528463093806
    1     -1     68269.0000000000      -0.12621150038502       0.50087119158879      -0.30528463093806
    1     -1     68270.0000000000      -0.12621150038502       0.50087119158879      -0.30528463093806
    1     -1     68270.0000000000       0.00000000000000       0.00000000000000       0.00000000000000
    1     -1     68270.0000000000       0.00000000000000       0.00000000000000       0.00000000000000
    1     -1     68270.0000000000      -0.10410065891600       0.42236204030032      -0.26149106319577
    1     -1     68271.0000000000      -0.10410065891600       0.42236204030032      -0.26149106319577
    1     -1     68272.0000000000      -0.10410065891600       0.42236204030032      -0.26149106319577
    1     -1     68272.0000000000       0.00000000000000       0.00000000000000       0.00000000000000
    1     -1     68492.0000000000       0.00000000000000       0.00000000000000       0.00000000000000
    1     -1     68492.0000000000       0.09234094157592      -0.16128021005382      -0.01054108800117
    1     -1     68493.0000000000       0.09234094157592      -0.16128021005382      -0.01054108800117
    1     -1     68494.0000000000       0.09234094157592      -0.16128021005382      -0.01054108800117
    1     -1     68494.0000000000       0.00000000000000       0.00000000000000       0.00000000000000
    1     -1     68494.0000000000       0.00000000000000       0.00000000000000       0.00000000000000
    1     -1     68494.0000000000       0.29751006889522      -0.52016397591594      -0.03028524963220
    1     -1     68495.0000000000       0.29751006889522      -0.52016397591594      -0.03028524963220
    1     -1     68496.0000000000       0.29751006889522      -0.52016397591594      -0.03028524963220
    1     -1     68496.0000000000       0.00000000000000       0.00000000000000       0.00000000000000
    1     -1     68496.0000000000       0.00000000000000       0.00000000000000       0.00000000000000
    1     -1     68496.0000000000       0.29737918082050      -0.52043527797751      -0.02669725699387
    1     -1     68497.0000000000       0.29737918082050      -0.52043527797751      -0.02669725699387
    1     -1     68498.0000000000       0.29737918082050      -0.52043527797751      -0.02669725699387
    1     -1     68498.0000000000       0.00000000000000       0.00000000000000       0.00000000000000
    1     -1     68498.0000000000       0.00000000000000       0.00000000000000       0.00000000000000
    1     -1     68498.0000000000       0.29725129141987      -0.52067556751297      -0.02320824043891
    1     -1     68499.0000000000       0.29725129141987      -0.52067556751297      -0.02320824043891
    1     -1     68500.0000000000       0.29725129141987      -0.52067556751297      -0.02320824043891
    1     -1     68500.0000000000       0.00000000000000       0.00000000000000       0.00000000000000
    1     -1     68500.0000000000       0.00000000000000       0.00000000000000       0.00000000000000
    1     -1     68500.0000000000       0.29712541540153      -0.52088761358308      -0.01981365231831
    1     -1     68501.0000000000       0.29712541540153      -0.52088761358308      -0.01981365231831
    1     -1     68502.0000000000       0.29712541540153      -0.52088761358308      -0.01981365231831
    1     -1     68502.0000000000       0.00000000000000       0.00000000000000       0.00000000000000
    1     -1     68502.0000000000       0.00000000000000       0.00000000000000       0.00000000000000
    1     -1     68502.0000000000       0.29700059645713      -0.52107397080584      -0.01650944980143
    1     -1     68503.0000000000       0.29700059645713      -0.52107397080584      -0.01650944980143
    1     -1     68504.0000000000       0.29700059645713      -0.52107397080584      -0.01650944980143
    1     -1     68504.0000000000       0.00000000000000       0.00000000000000       0.00000000000000
    1     -1     68504.0000000000       0.00000000000000       0.00000000000000       0.00000000000000
    1     -1     68504.0000000000       0.29687587097197      -0.52123703358500      -0.01329177693711
    1     -1     68505.0000000000       0.29687587097197      -0.52123703358500      -0.01329177693711
    1     -1     68506.0000000000       0.29687587097197      -0.52123703358500      -0.01329177693711
    1     -1     68506.0000000000       0.00000000000000       0.00000000000000       0.00000000000000
    1     -1     68506.0000000000       0.00000000000000       0.00000000000000       0.00000000000000
    1     -1     68506.0000000000       0.29675026232403      -0.52137905352658      -0.01015695005138
    1     -1     68507.0000000000       0.29675026232403      -0.52137905352658      -0.01015695005138
    1     -1     68508.0000000000       0.29675026232403      -0.52137905352658      -0.01015695005138
    1     -1     68508.0000000000       0.00000000000000       0.00000000000000       0.00000000000000
    1     -1     68508.0000000000       0.00000000000000       0.00000000000000       0.00000000000000
    1     -1     68508.0000000000       0.29662279172961      -0.52150214544794      -0.00710147869984
    1     -1     68509.0000000000       0.29662279172961      -0.52150214544794      -0.00710147869984
    1     -1     68510.0000000000       0.29662279172961      -0.52150214544794      -0.00710147869984
    1     -1     68510.0000000000       0.00000000000000       0.00000000000000       0.00000000000000
    1     -1     68510.0000000000       0.00000000000000       0.00000000000000       0.00000000000000
    1     -1     68510.0000000000       0.29649240904341      -0.52160834143978      -0.00412174721159
    1     -1     68511.0000000000       0.29649240904341      -0.52160834143978      -0.00412174721159
    1     -1     68512.0000000000       0.29649240904341      -0.52160834143978      -0.00412174721159
    1     -1     68512.0000000000       0.00000000000000       0.00000000000000       0.00000000000000
    1     -1     68512.0000000000       0.00000000000000       0.00000000000000       0.00000000000000
    1     -1     68512.0000000000       0.29639229843997      -0.52167792493212      -0.00193580577335
    1     -1     68513.0000000000       0.29639229843997      -0.52167792493212      -0.00193580577335
    1     -1     68513.0000000000       0.00000000000000       0.00000000000000       0.00000000000000
    1   9595     68513.0000000000     -306122206.199600279     -177849633.919371814       13296281.534023119        8.7037088439464      -17.4371292319048       -0.7126019744885        1166.7728374029
    1   9595     68513.0000000000     -306122206.199600279     -177849633.919371814       13296281.534023119        8.7037088439464      -17.4371292319048       -0.7126019744885        1238.2307429470
    1     -1     68513.0000000000       0.00000000000000       0.00000000000000       0.00000000000000
    1     -1     68513.0000000000      -0.39736847511676      -0.21525660297477      -0.39466807463886
    1     -1     68514.0000000000      -0.39736847511676      -0.21525660297477      -0.39466807463886
    1     -1     68515.0000000000      -0.39736847511676      -0.21525660297477      -0.39466807463886
    1     -1     68515.0000000000       0.00000000000000       0.00000000000000       0.00000000000000
    1     -1     68515.0000000000       0.00000000000000       0.00000000000000       0.00000000000000
    1     -1     68515.0000000000      -0.39779970118552      -0.21506572442752      -0.39433758531641
    1     -1     68516.0000000000      -0.39779970118552      -0.21506572442752      -0.39433758531641
    1     -1     68517.0000000000      -0.39779970118552      -0.21506572442752      -0.39433758531641
    1     -1     68517.0000000000       0.00000000000000       0.00000000000000       0.00000000000000
    1     -1     68517.0000000000       0.00000000000000       0.00000000000000       0.00000000000000
    1     -1     68517.0000000000      -0.39828534883012      -0.21489972710121      -0.39393766953554
    1     -1     68518.0000000000      -0.39828534883012      -0.21489972710121      -0.39393766953554
    1     -1     68519.0000000000      -0.39828534883012      -0.21489972710121      -0.39393766953554
    1     -1     68519.0000000000       0.00000000000000       0.00000000000000       0.00000000000000
    1     -1     68519.0000000000       0.00000000000000       0.00000000000000       0.00000000000000
    1     -1     68519.0000000000      -0.39882602076238      -0.21476005822002      -0.39346654474832
    1     -1     68520.0000000000      -0.39882602076238      -0.21476005822002      -0.39346654474832
    1     -1     68521.0000000000      -0.39882602076238      -0.21476005822002      -0.39346654474832
    1     -1     68521.0000000000       0.00000000000000       0.00000000000000       0.00000000000000
    1     -1     68521.0000000000       0.00000000000000       0.00000000000000       0.00000000000000
    1     -1     68521.0000000000      -0.39942231800878      -0.21464818359153      -0.39292234402914
    1     -1     68522.0000000000      -0.39942231800878      -0.21464818359153      -0.39292234402914
    1     -1     68523.0000000000      -0.39942231800878      -0.21464818359153      -0.39292234402914
    1     -1     68523.0000000000       0.00000000000000       0.00000000000000       0.00000000000000
    1     -1     68523.0000000000       0.00000000000000       0.00000000000000       0.00000000000000
    1     -1     68523.0000000000      -0.40007483939734      -0.21456558816211      -0.39230311053806
    1     -1     68524.0000000000      -0.40007483939734      -0.21456558816211      -0.39230311053806
    1     -1     68525.0000000000      -0.40007483939734      -0.21456558816211      -0.39230311053806
    1     -1     68525.0000000000       0.00000000000000       0.00000000000000       0.00000000000000
    1     -1     68525.0000000000       0.00000000000000       0.00000000000000       0.00000000000000
    1     -1     68525.0000000000      -0.40078418102917      -0.21451377664744      -0.39160679149529
    1     -1     68526.0000000000      -0.40078418102917      -0.21451377664744      -0.39160679149529
    1     -1     68527.0000000000      -0.40078418102917      -0.21451377664744      -0.39160679149529
    1     -1     68527.0000000000       0.00000000000000       0.00000000000000       0.00000000000000
    1     -1     68527.0000000000       0.00000000000000       0.00000000000000       0.00000000000000
    1     -1     68527.0000000000      -0.40155093562541      -0.21449427419818      -0.39083123175426
    1     -1     68528.0000000000      -0.40155093562541      -0.21449427419818      -0.39083123175426
    1     -1     68529.0000000000      -0.40155093562541      -0.21449427419818      -0.39083123175426
    1     -1     68529.0000000000       0.00000000000000       0.00000000000000       0.00000000000000
    1     -1     68529.0000000000       0.00000000000000       0.00000000000000       0.00000000000000
    1     -1     68529.0000000000      -0.40237569165718      -0.21450862706899      -0.38997416703723
    1     -1     68530.0000000000      -0.40237569165718      -0.21450862706899      -0.38997416703723
    1     -1     68531.0000000000      -0.40237569165718      -0.21450862706899      -0.38997416703723
    1     -1     68531.0000000000       0.00000000000000       0.00000000000000       0.00000000000000
    1     -1     68531.0000000000       0.00000000000000       0.00000000000000       0.00000000000000
    1     -1     68531.0000000000      -0.40325903180813      -0.21455840312398      -0.38903321734018
    1     -1     68532.0000000000      -0.40325903180813      -0.21455840312398      -0.38903321734018
    1     -1     68533.0000000000      -0.40325903180813      -0.21455840312398      -0.38903321734018
    1     -1     68533.0000000000       0.00000000000000       0.00000000000000       0.00000000000000
    1     -1     68533.0000000000       0.00000000000000       0.00000000000000       0.00000000000000
    1     -1     68533.0000000000      -0.40420152815538      -0.21464519075841      -0.38800588397748
    1     -1     68534.0000000000      -0.40420152815538      -0.21464519075841      -0.38800588397748
    1     -1     68535.0000000000      -0.40420152815538      -0.21464519075841      -0.38800588397748
    1     -1     68535.0000000000       0.00000000000000       0.00000000000000       0.00000000000000
    1     -1     68535.0000000000       0.00000000000000       0.00000000000000       0.00000000000000
    1     -1     68535.0000000000      -0.40520372602955      -0.21477059038782      -0.38688956201510
    1     -1     68536.0000000000      -0.40520372602955      -0.21477059038782      -0.38688956201510
    1     -1     68537.0000000000      -0.40520372602955      -0.21477059038782      -0.38688956201510
    1     -1     68537.0000000000       0.00000000000000       0.00000000000000       0.00000000000000
    1     -1     68537.0000000000       0.00000000000000       0.00000000000000       0.00000000000000
    1     -1     68537.0000000000      -0.40626613746887      -0.21493622275949      -0.38568153309694
    1     -1     68538.0000000000      -0.40626613746887      -0.21493622275949      -0.38568153309694
    1     -1     68539.0000000000      -0.40626613746887      -0.21493622275949      -0.38568153309694
    1     -1     68539.0000000000       0.00000000000000       0.00000000000000       0.00000000000000
    1     -1     68539.0000000000       0.00000000000000       0.00000000000000       0.00000000000000
    1     -1     68539.0000000000      -0.40738941969982      -0.21514379916272      -0.38437872688076
    1     -1     68540.0000000000      -0.40738941969982      -0.21514379916272      -0.38437872688076
    1     -1     68541.0000000000      -0.40738941969982      -0.21514379916272      -0.38437872688076
    1     -1     68541.0000000000       0.00000000000000       0.00000000000000       0.00000000000000
    1     -1     68541.0000000000       0.00000000000000       0.00000000000000       0.00000000000000
    1     -1     68541.0000000000      -0.40857410770663      -0.21539499937391      -0.38297805686024
    1     -1     68542.0000000000      -0.40857410770663      -0.21539499937391      -0.38297805686024
    1     -1     68543.0000000000      -0.40857410770663      -0.21539499937391      -0.38297805686024
    1     -1     68543.0000000000       0.00000000000000       0.00000000000000       0.00000000000000
    1     -1     68543.0000000000       0.00000000000000       0.00000000000000       0.00000000000000
    1     -1     68543.0000000000      -0.05831112531791      -0.03068956709460      -0.05427825964437
    1     -1     68544.0000000000      -0.05831112531791      -0.03068956709460      -0.05427825964437
    1     -1     68545.0000000000      -0.05831112531791      -0.03068956709460      -0.05427825964437
    1     -1     68545.0000000000       0.00000000000000       0.00000000000000       0.00000000000000
    1     -1     68805.0000000000       0.00000000000000       0.00000000000000       0.00000000000000
    1     -1     68805.0000000000       0.00583092357997      -0.05134433628333       0.14650101031532
    1     -1     68806.0000000000       0.00583092357997      -0.05134433628333       0.14650101031532
    1     -1     68807.0000000000       0.00583092357997      -0.05134433628333       0.14650101031532
    1     -1     68807.0000000000       0.00000000000000       0.00000000000000       0.00000000000000
    1     -1     68807.0000000000       0.00000000000000       0.00000000000000       0.00000000000000
    1     -1     68807.0000000000       0.02551692326793      -0.19771083309355       0.56591458046634
    1     -1     68808.0000000000       0.02551692326793      -0.19771083309355       0.56591458046634
    1     -1     68809.0000000000       0.02551692326793      -0.19771083309355       0.56591458046634
    1     -1     68809.0000000000       0.00000000000000       0.00000000000000       0.00000000000000
    1     -1     68809.0000000000       0.00000000000000       0.00000000000000       0.00000000000000
    1     -1     68809.0000000000       0.02845584894946      -0.19714776998634       0.56597086561940
    1     -1     68810.0000000000       0.02845584894946      -0.19714776998634       0.56597086561940
    1     -1     68811.0000000000       0.02845584894946      -0.19714776998634       0.56597086561940
    1     -1     68811.0000000000       0.00000000000000       0.00000000000000       0.00000000000000
    1     -1     68811.0000000000       0.00000000000000       0.00000000000000       0.00000000000000
    1     -1     68811.0000000000       0.03133976613909      -0.19661847076492       0.56600264601185
    1     -1     68812.0000000000       0.03133976613909      -0.19661847076492       0.56600264601185
    1     -1     68813.0000000000       0.03133976613909      -0.19661847076492       0.56600264601185
    1     -1     68813.0000000000       0.00000000000000       0.00000000000000       0.00000000000000
    1     -1     68813.0000000000       0.00000000000000       0.00000000000000       0.00000000000000
    1     -1     68813.0000000000       0.03417080151548      -0.19612201518096       0.56601105180478
    1     -1     68814.0000000000       0.03417080151548      -0.19612201518096       0.56601105180478
    1     -1     68815.0000000000       0.03417080151548      -0.19612201518096       0.56601105180478
    1     -1     68815.0000000000       0.00000000000000       0.00000000000000       0.00000000000000
    1     -1     68815.0000000000       0.00000000000000       0.00000000000000       0.00000000000000
    1     -1     68815.0000000000       0.03695060665709      -0.19565778704199       0.56599706917749
    1     -1     68816.0000000000       0.03695060665709      -0.19565778704199       0.56599706917749
    1     -1     68817.0000000000       0.03695060665709      -0.19565778704199       0.56599706917749
    1     -1     68817.0000000000       0.00000000000000       0.00000000000000       0.00000000000000
    1     -1     68817.0000000000       0.00000000000000       0.00000000000000       0.00000000000000
    1     -1     68817.0000000000       0.03968138684115      -0.19522539638046       0.56596151055214
    1     -1     68818.0000000000       0.03968138684115      -0.19522539638046       0.56596151055214
    1     -1     68819.0000000000       0.03968138684115      -0.19522539638046       0.56596151055214
    1     -1     68819.0000000000       0.00000000000000       0.00000000000000       0.00000000000000
    1     -1     68819.0000000000       0.00000000000000       0.00000000000000       0.00000000000000
    1     -1     68819.0000000000       0.04236501266361      -0.19482346844340       0.56590548780313
    1     -1     68820.0000000000       0.04236501266361      -0.19482346844340       0.56590548780313
    1     -1     68821.0000000000       0.04236501266361      -0.19482346844340       0.56590548780313
    1     -1     68821.0000000000       0.00000000000000       0.00000000000000       0.00000000000000
    1     -1     68821.0000000000       0.00000000000000       0.00000000000000       0.00000000000000
    1     -1     68821.0000000000       0.04500274202313      -0.19445191215511       0.56582966195634
    1     -1     68822.0000000000       0.04500274202313      -0.19445191215511       0.56582966195634
    1     -1     68823.0000000000       0.04500274202313      -0.19445191215511       0.56582966195634
    1     -1     68823.0000000000       0.00000000000000       0.00000000000000       0.00000000000000
    1     -1     68823.0000000000       0.00000000000000       0.00000000000000       0.00000000000000
    1     -1     68823.0000000000       0.04759643135928      -0.19411010772532       0.56573478333997
    1     -1     68824.0000000000       0.04759643135928      -0.19411010772532       0.56573478333997
    1     -1     68825.0000000000       0.04759643135928      -0.19411010772532       0.56573478333997
    1     -1     68825.0000000000       0.00000000000000       0.00000000000000       0.00000000000000
    1     -1     68825.0000000000       0.00000000000000       0.00000000000000       0.00000000000000
    1     -1     68825.0000000000       0.05014762625612      -0.19379762427411       0.56562151275088
    1     -1     68826.0000000000       0.05014762625612      -0.19379762427411       0.56562151275088
    1     -1     68827.0000000000       0.05014762625612      -0.19379762427411       0.56562151275088
    1     -1     68827.0000000000       0.00000000000000       0.00000000000000       0.00000000000000
    1     -1     68827.0000000000       0.00000000000000       0.00000000000000       0.00000000000000
    1     -1     68827.0000000000       0.05203347981173      -0.19358125661064       0.56552525438545
    1     -1     68828.0000000000       0.05203347981173      -0.19358125661064       0.56552525438545
    1     -1     68828.0000000000       0.00000000000000       0.00000000000000       0.00000000000000
    1  25792     68828.0000000000      101948433.193912104     -384498702.086832821      -27234528.998118252       16.8846459463947        3.4636957521897       -0.2213253238950        1169.7711752193
    1  25792     68828.0000000000      101948433.193912104     -384498702.086832821      -27234528.998118252       16.8846459463947        3.4636957521897       -0.2213253238950        1255.6027973959
    1     -1     68828.0000000000       0.00000000000000       0.00000000000000       0.00000000000000
    1     -1     68828.0000000000      -0.32423928963326       0.30685047008505       0.40088860216612
    1     -1     68829.0000000000      -0.32423928963326       0.30685047008505       0.40088860216612
    1     -1     68830.0000000000      -0.32423928963326       0.30685047008505       0.40088860216612
    1     -1     68830.0000000000       0.00000000000000       0.00000000000000       0.00000000000000
    1     -1     68830.0000000000       0.00000000000000       0.00000000000000       0.00000000000000
    1     -1     68830.0000000000      -0.32490221068628       0.30787350155574       0.39956533860056
    1     -1     68831.0000000000      -0.32490221068628       0.30787350155574       0.39956533860056
    1     -1     68832.0000000000      -0.32490221068628       0.30787350155574       0.39956533860056
    1     -1     68832.0000000000       0.00000000000000       0.00000000000000       0.00000000000000
    1     -1     68832.0000000000       0.00000000000000       0.00000000000000       0.00000000000000
    1     -1     68832.0000000000      -0.32557298907537       0.30897050508438       0.39817013330037
    1     -1     68833.0000000000      -0.32557298907537       0.30897050508438       0.39817013330037
    1     -1     68834.0000000000      -0.32557298907537       0.30897050508438       0.39817013330037
    1     -1     68834.0000000000       0.00000000000000       0.00000000000000       0.00000000000000
    1     -1     68834.0000000000       0.00000000000000       0.00000000000000       0.00000000000000
    1     -1     68834.0000000000      -0.32625197517205       0.31014347692230       0.39669972485355
    1     -1     68835.0000000000      -0.32625197517205       0.31014347692230       0.39669972485355
    1     -1     68836.0000000000      -0.32625197517205       0.31014347692230       0.39669972485355
    1     -1     68836.0000000000       0.00000000000000       0.00000000000000       0.00000000000000
    1     -1     68836.0000000000       0.00000000000000       0.00000000000000       0.00000000000000
    1     -1     68836.0000000000      -0.32693949705755       0.31139448165042       0.39515065651145
    1     -1     68837.0000000000      -0.32693949705755       0.31139448165042       0.39515065651145
    1     -1     68838.0000000000      -0.32693949705755       0.31139448165042       0.39515065651145
    1     -1     68838.0000000000       0.00000000000000       0.00000000000000       0.00000000000000
    1     -1     68838.0000000000       0.00000000000000       0.00000000000000       0.00000000000000
    1     -1     68838.0000000000      -0.32763585604576       0.31272565141744       0.39351926516842
    1     -1     68839.0000000000      -0.32763585604576       0.31272565141744       0.39351926516842
    1     -1     68840.0000000000      -0.32763585604576       0.31272565141744       0.39351926516842
    1     -1     68840.0000000000       0.00000000000000       0.00000000000000       0.00000000000000
    1     -1     68840.0000000000       0.00000000000000       0.00000000000000       0.00000000000000
    1     -1     68840.0000000000      -0.32834132211462       0.31413918492314       0.39180166917440
    1     -1     68841.0000000000      -0.32834132211462       0.31413918492314       0.39180166917440
    1     -1     68842.0000000000      -0.32834132211462       0.31413918492314       0.39180166917440
    1     -1     68842.0000000000       0.00000000000000       0.00000000000000       0.00000000000000
    1     -1     68842.0000000000       0.00000000000000       0.00000000000000       0.00000000000000
    1     -1     68842.0000000000      -0.32905613006778       0.31563735111806       0.38999375010888
    1     -1     68843.0000000000      -0.32905613006778       0.31563735111806       0.38999375010888
    1     -1     68844.0000000000      -0.32905613006778       0.31563735111806       0.38999375010888
    1     -1     68844.0000000000       0.00000000000000       0.00000000000000       0.00000000000000
    1     -1     68844.0000000000       0.00000000000000       0.00000000000000       0.00000000000000
    1     -1     68844.0000000000      -0.32978047381863       0.31722248202368       0.38809114298924
    1     -1     68845.0000000000      -0.32978047381863       0.31722248202368       0.38809114298924
    1     -1     68846.0000000000      -0.32978047381863       0.31722248202368       0.38809114298924
    1     -1     68846.0000000000       0.00000000000000       0.00000000000000       0.00000000000000
    1     -1     68846.0000000000       0.00000000000000       0.00000000000000       0.00000000000000
    1     -1     68846.0000000000      -0.33051450819105       0.31889698402605       0.38608920307918
    1     -1     68847.0000000000      -0.33051450819105       0.31889698402605       0.38608920307918
    1     -1     68848.0000000000      -0.33051450819105       0.31889698402605       0.38608920307918
    1     -1     68848.0000000000       0.00000000000000       0.00000000000000       0.00000000000000
    1     -1     68848.0000000000       0.00000000000000       0.00000000000000       0.00000000000000
    1     -1     68848.0000000000      -0.33125836145292       0.32066345530432       0.38398287159693
    1     -1     68849.0000000000      -0.33125836145292       0.32066345530432       0.38398287159693
    1     -1     68850.0000000000      -0.33125836145292       0.32066345530432       0.38398287159693
    1     -1     68850.0000000000       0.00000000000000       0.00000000000000       0.00000000000000
    1     -1     68850.0000000000       0.00000000000000       0.00000000000000       0.00000000000000
    1     -1     68850.0000000000      -0.33201209114369       0.32252450889959       0.38176682906386
    1     -1     68851.0000000000      -0.33201209114369       0.32252450889959       0.38176682906386
    1     -1     68852.0000000000      -0.33201209114369       0.32252450889959       0.38176682906386
    1     -1     68852.0000000000       0.00000000000000       0.00000000000000       0.00000000000000
    1     -1     68852.0000000000       0.00000000000000       0.00000000000000       0.00000000000000
    1     -1     68852.0000000000      -0.33277559807156       0.32448251629370       0.37943576166174
    1     -1     68853.0000000000      -0.33277559807156       0.32448251629370       0.37943576166174
    1     -1     68854.0000000000      -0.33277559807156       0.32448251629370       0.37943576166174
    1     -1     68854.0000000000       0.00000000000000       0.00000000000000       0.00000000000000
    1     -1     68854.0000000000       0.00000000000000       0.00000000000000       0.00000000000000
    1     -1     68854.0000000000      -0.30604851128454       0.29961777863714       0.34590227885510
    1     -1     68855.0000000000      -0.30604851128454       0.29961777863714       0.34590227885510
    1     -1     68856.0000000000      -0.30604851128454       0.29961777863714       0.34590227885510
    1     -1     68856.0000000000       0.00000000000000       0.00000000000000       0.00000000000000
    1     -1     69074.0000000000       0.00000000000000       0.00000000000000       0.00000000000000
    1     -1     69074.0000000000       0.00278569419645       0.00647274414379      -0.02315477760494
    1     -1     69075.0000000000       0.00278569419645       0.00647274414379      -0.02315477760494
    1     -1     69076.0000000000       0.00278569419645       0.00647274414379      -0.02315477760494
    1     -1     69076.0000000000       0.00000000000000       0.00000000000000       0.00000000000000
    1     -1     69076.0000000000       0.00000000000000       0.00000000000000       0.00000000000000
    1     -1     69076.0000000000       0.07097839596593       0.15740929123068      -0.57461672584459
    1     -1     69077.0000000000       0.07097839596593       0.15740929123068      -0.57461672584459
    1     -1     69078.0000000000       0.07097839596593       0.15740929123068      -0.57461672584459
    1     -1     69078.0000000000       0.00000000000000       0.00000000000000       0.00000000000000
    1     -1     69078.0000000000       0.00000000000000       0.00000000000000       0.00000000000000
    1     -1     69078.0000000000       0.07285514807661       0.15442414694121      -0.57519154159307
    1     -1     69079.0000000000       0.07285514807661       0.15442414694121      -0.57519154159307
    1     -1     69080.0000000000       0.07285514807661       0.15442414694121      -0.57519154159307
    1     -1     69080.0000000000       0.00000000000000       0.00000000000000       0.00000000000000
    1     -1     69080.0000000000       0.00000000000000       0.00000000000000       0.00000000000000
    1     -1     69080.0000000000       0.07469055469829       0.15150080364934      -0.57573329486184
    1     -1     69081.0000000000       0.07469055469829       0.15150080364934      -0.57573329486184
    1     -1     69082.0000000000       0.07469055469829       0.15150080364934      -0.57573329486184
    1     -1     69082.0000000000       0.00000000000000       0.00000000000000       0.00000000000000
    1     -1     69082.0000000000       0.00000000000000       0.00000000000000       0.00000000000000
    1     -1     69082.0000000000       0.07648719662891       0.14863666000477      -0.57624374298944
    1     -1     69083.0000000000       0.07648719662891       0.14863666000477      -0.57624374298944
    1     -1     69084.0000000000       0.07648719662891       0.14863666000477      -0.57624374298944
    1     -1     69084.0000000000       0.00000000000000       0.00000000000000       0.00000000000000
    1     -1     69084.0000000000       0.00000000000000       0.00000000000000       0.00000000000000
    1     -1     69084.0000000000       0.07824731011331       0.14582963470241      -0.57672443626276
    1     -1     69085.0000000000       0.07824731011331       0.14582963470241      -0.57672443626276
    1     -1     69086.0000000000       0.07824731011331       0.14582963470241      -0.57672443626276
    1     -1     69086.0000000000       0.00000000000000       0.00000000000000       0.00000000000000
    1     -1     69086.0000000000       0.00000000000000       0.00000000000000       0.00000000000000
    1     -1     69086.0000000000       0.07997317476449       0.14307749827854      -0.57717685338590
    1     -1     69087.0000000000       0.07997317476449       0.14307749827854      -0.57717685338590
    1     -1     69088.0000000000       0.07997317476449       0.14307749827854      -0.57717685338590
    1     -1     69088.0000000000       0.00000000000000       0.00000000000000       0.00000000000000
    1     -1     69088.0000000000       0.00000000000000       0.00000000000000       0.00000000000000
    1     -1     69088.0000000000       0.08166696315061       0.14037814829062      -0.57760235620386
    1     -1     69089.0000000000       0.08166696315061       0.14037814829062      -0.57760235620386
    1     -1     69090.0000000000       0.08166696315061       0.14037814829062      -0.57760235620386
    1     -1     69090.0000000000       0.00000000000000       0.00000000000000       0.00000000000000
    1     -1     69090.0000000000       0.00000000000000       0.00000000000000       0.00000000000000
    1     -1     69090.0000000000       0.08333076474627       0.13772957441445      -0.57800220350654
    1     -1     69091.0000000000       0.08333076474627       0.13772957441445      -0.57800220350654
    1     -1     69092.0000000000       0.08333076474627       0.13772957441445      -0.57800220350654
    1     -1     69092.0000000000       0.00000000000000       0.00000000000000       0.00000000000000
    1     -1     69092.0000000000       0.00000000000000       0.00000000000000       0.00000000000000
    1     -1     69092.0000000000       0.08496659158529       0.13512985268782      -0.57837755878574
    1     -1     69093.0000000000       0.08496659158529       0.13512985268782      -0.57837755878574
    1     -1     69094.0000000000       0.08496659158529       0.13512985268782      -0.57837755878574
    1     -1     69094.0000000000       0.00000000000000       0.00000000000000       0.00000000000000
    1     -1     69094.0000000000       0.00000000000000       0.00000000000000       0.00000000000000
    1     -1     69094.0000000000       0.08657638065666       0.13257714447973      -0.57872949670290
    1     -1     69095.0000000000       0.08657638065666       0.13257714447973      -0.57872949670290
    1     -1     69096.0000000000       0.08657638065666       0.13257714447973      -0.57872949670290
    1     -1     69096.0000000000       0.00000000000000       0.00000000000000       0.00000000000000
    1     -1     69096.0000000000       0.00000000000000       0.00000000000000       0.00000000000000
    1     -1     69096.0000000000       0.08816199842180       0.13006969232557      -0.57905900947365
    1     -1     69097.0000000000       0.08816199842180       0.13006969232557      -0.57905900947365
    1     -1     69098.0000000000       0.08816199842180       0.13006969232557      -0.57905900947365
    1     -1     69098.0000000000       0.00000000000000       0.00000000000000       0.00000000000000
    1     -1     69098.0000000000       0.00000000000000       0.00000000000000       0.00000000000000
    1     -1     69098.0000000000       0.08972524482204       0.12760581658351      -0.57936701260572
    1     -1     69099.0000000000       0.08972524482204       0.12760581658351      -0.57936701260572
    1     -1     69100.0000000000       0.08972524482204       0.12760581658351      -0.57936701260572
    1     -1     69100.0000000000       0.00000000000000       0.00000000000000       0.00000000000000
    1     -1     69100.0000000000       0.00000000000000       0.00000000000000       0.00000000000000
    1     -1     69100.0000000000       0.09126785606056       0.12518391354744      -0.57965435003893
    1     -1     69101.0000000000       0.09126785606056       0.12518391354744      -0.57965435003893
    1     -1     69102.0000000000       0.09126785606056       0.12518391354744      -0.57965435003893
    1     -1     69102.0000000000       0.00000000000000       0.00000000000000       0.00000000000000
    1     -1     69102.0000000000       0.00000000000000       0.00000000000000       0.00000000000000
    1     -1     69102.0000000000       0.09279150423012       0.12280245680770      -0.57992179871488
    1     -1     69103.0000000000       0.09279150423012       0.12280245680770      -0.57992179871488
    1     -1     69104.0000000000       0.09279150423012       0.12280245680770      -0.57992179871488
    1     -1     69104.0000000000       0.00000000000000       0.00000000000000       0.00000000000000
    1     -1     69104.0000000000       0.00000000000000       0.00000000000000       0.00000000000000
    1     -1     69104.0000000000       0.09429778968779       0.12046000351882      -0.58017007307534
    1     -1     69105.0000000000       0.09429778968779       0.12046000351882      -0.58017007307534
    1     -1     69106.0000000000       0.09429778968779       0.12046000351882      -0.58017007307534
    1     -1     69106.0000000000       0.00000000000000       0.00000000000000       0.00000000000000
    1     -1     69106.0000000000       0.00000000000000       0.00000000000000       0.00000000000000
    1     -1     69106.0000000000       0.09578838005944       0.11815503331558      -0.58039983944500
    1     -1     69107.0000000000       0.09578838005944       0.11815503331558      -0.58039983944500
    1     -1     69108.0000000000       0.09578838005944       0.11815503331558      -0.58039983944500
    1     -1     69108.0000000000       0.00000000000000       0.00000000000000       0.00000000000000
    1     -1     69108.0000000000       0.00000000000000       0.00000000000000       0.00000000000000
    1     -1     69108.0000000000       0.09726476968510       0.11588627245950      -0.58061169098938
    1     -1     69109.0000000000       0.09726476968510       0.11588627245950      -0.58061169098938
    1     -1     69110.0000000000       0.09726476968510       0.11588627245950      -0.58061169098938
    1     -1     69110.0000000000       0.00000000000000       0.00000000000000       0.00000000000000
    1     -1     69110.0000000000       0.00000000000000       0.00000000000000       0.00000000000000
    1     -1     69110.0000000000       0.09872847890119       0.11365239710939      -0.58080618055006
    1     -1     69111.0000000000       0.09872847890119       0.11365239710939      -0.58080618055006
    1     -1     69112.0000000000       0.09872847890119       0.11365239710939      -0.58080618055006
    1     -1     69112.0000000000       0.00000000000000       0.00000000000000       0.00000000000000
    1     -1     69112.0000000000       0.00000000000000       0.00000000000000       0.00000000000000
    1     -1     69112.0000000000       0.09981799445443       0.11199960716171      -0.58094100841541
    1     -1     69113.0000000000       0.09981799445443       0.11199960716171      -0.58094100841541
    1     -1     69113.0000000000       0.00000000000000       0.00000000000000       0.00000000000000
    1  57530     69113.0000000000      358979248.872998357      -80538566.073585615       -3760053.007932161        1.6945830595723       18.6455516986655       -0.1217978236840        1169.8132014209
    1  57530     69113.0000000000      358979248.872998357      -80538566.073585615       -3760053.007932161        1.6945830595723       18.6455516986655       -0.1217978236840        1287.6776778070
    1     -1     69113.0000000000       0.00000000000000       0.00000000000000       0.00000000000000
    1     -1     69113.0000000000      -0.06854669640202      -0.58704728110084       0.10332879291117
    1     -1     69114.0000000000      -0.06854669640202      -0.58704728110084       0.10332879291117
    1     -1     69115.0000000000      -0.06854669640202      -0.58704728110084       0.10332879291117
    1     -1     69115.0000000000       0.00000000000000       0.00000000000000       0.00000000000000
    1     -1     69115.0000000000       0.00000000000000       0.00000000000000       0.00000000000000
    1     -1     69115.0000000000      -0.06539084519898      -0.58822902787181       0.09854261724327
    1     -1     69116.0000000000      -0.06539084519898      -0.58822902787181       0.09854261724327
    1     -1     69117.0000000000      -0.06539084519898      -0.58822902787181       0.09854261724327
    1     -1     69117.0000000000       0.00000000000000       0.00000000000000       0.00000000000000
    1     -1     69117.0000000000       0.00000000000000       0.00000000000000       0.00000000000000
    1     -1     69117.0000000000      -0.06221047965832      -0.58935796614106       0.09373923003072
    1     -1     69118.0000000000      -0.06221047965832      -0.58935796614106       0.09373923003072
    1     -1     69119.0000000000      -0.06221047965832      -0.58935796614106       0.09373923003072
    1     -1     69119.0000000000       0.00000000000000       0.00000000000000       0.00000000000000
    1     -1     69119.0000000000       0.00000000000000       0.00000000000000       0.00000000000000
    1     -1     69119.0000000000      -0.05900629463932      -0.59043342727315       0.08891920170255
    1     -1     69120.0000000000      -0.05900629463932      -0.59043342727315       0.08891920170255
    1     -1     69121.0000000000      -0.05900629463932      -0.59043342727315       0.08891920170255
    1     -1     69121.0000000000       0.00000000000000       0.00000000000000       0.00000000000000
    1     -1     69121.0000000000       0.00000000000000       0.00000000000000       0.00000000000000
    1     -1     69121.0000000000      -0.05577899613786      -0.59145476004001       0.08408311183505
    1     -1     69122.0000000000      -0.05577899613786      -0.59145476004001       0.08408311183505
    1     -1     69123.0000000000      -0.05577899613786      -0.59145476004001       0.08408311183505
    1     -1     69123.0000000000       0.00000000000000       0.00000000000000       0.00000000000000
    1     -1     69123.0000000000       0.00000000000000       0.00000000000000       0.00000000000000
    1     -1     69123.0000000000      -0.05252930113561      -0.59242133087434       0.07923155007497
    1     -1     69124.0000000000      -0.05252930113561      -0.59242133087434       0.07923155007497
    1     -1     69125.0000000000      -0.05252930113561      -0.59242133087434       0.07923155007497
    1     -1     69125.0000000000       0.00000000000000       0.00000000000000       0.00000000000000
    1     -1     69125.0000000000       0.00000000000000       0.00000000000000       0.00000000000000
    1     -1     69125.0000000000      -0.04925793686628      -0.59333252437942       0.07436511580853
    1     -1     69126.0000000000      -0.04925793686628      -0.59333252437942       0.07436511580853
    1     -1     69127.0000000000      -0.04925793686628      -0.59333252437942       0.07436511580853
    1     -1     69127.0000000000       0.00000000000000       0.00000000000000       0.00000000000000
    1     -1     69127.0000000000       0.00000000000000       0.00000000000000       0.00000000000000
    1     -1     69127.0000000000      -0.04596564048884      -0.59418774377516       0.06948441783477
    1     -1     69128.0000000000      -0.04596564048884      -0.59418774377516       0.06948441783477
    1     -1     69129.0000000000      -0.04596564048884      -0.59418774377516       0.06948441783477
    1     -1     69129.0000000000       0.00000000000000       0.00000000000000       0.00000000000000
    1     -1     69129.0000000000       0.00000000000000       0.00000000000000       0.00000000000000
    1     -1     69129.0000000000      -0.04265315866348      -0.59498641133365       0.06459007403878
    1     -1     69130.0000000000      -0.04265315866348      -0.59498641133365       0.06459007403878
    1     -1     69131.0000000000      -0.04265315866348      -0.59498641133365       0.06459007403878
    1     -1     69131.0000000000       0.00000000000000       0.00000000000000       0.00000000000000
    1     -1     69131.0000000000       0.00000000000000       0.00000000000000       0.00000000000000
    1     -1     69131.0000000000      -0.03932124711176      -0.59572796879623       0.05968271106021
    1     -1     69132.0000000000      -0.03932124711176      -0.59572796879623       0.05968271106021
    1     -1     69133.0000000000      -0.03932124711176      -0.59572796879623       0.05968271106021
    1     -1     69133.0000000000       0.00000000000000       0.00000000000000       0.00000000000000
    1     -1     69133.0000000000       0.00000000000000       0.00000000000000       0.00000000000000
    1     -1     69133.0000000000      -0.03597067011562      -0.59641187777476       0.05476296395027
    1     -1     69134.0000000000      -0.03597067011562      -0.59641187777476       0.05476296395027
    1     -1     69135.0000000000      -0.03597067011562      -0.59641187777476       0.05476296395027
    1     -1     69135.0000000000       0.00000000000000       0.00000000000000       0.00000000000000
    1     -1     69135.0000000000       0.00000000000000       0.00000000000000       0.00000000000000
    1     -1     69135.0000000000      -0.03260220029059      -0.59703762011478       0.04983147583495
    1     -1     69136.0000000000      -0.03260220029059      -0.59703762011478       0.04983147583495
    1     -1     69137.0000000000      -0.03260220029059      -0.59703762011478       0.04983147583495
    1     -1     69137.0000000000       0.00000000000000       0.00000000000000       0.00000000000000
    1     -1     69137.0000000000       0.00000000000000       0.00000000000000       0.00000000000000
    1     -1     69137.0000000000      -0.02921661767953      -0.59760469828334       0.04488889752545
    1     -1     69138.0000000000      -0.02921661767953      -0.59760469828334       0.04488889752545
    1     -1     69139.0000000000      -0.02921661767953      -0.59760469828334       0.04488889752545
    1     -1     69139.0000000000       0.00000000000000       0.00000000000000       0.00000000000000
    1     -1     69139.0000000000       0.00000000000000       0.00000000000000       0.00000000000000
    1     -1     69139.0000000000      -0.02581470984009      -0.59811263567268       0.03993588717617
    1     -1     69140.0000000000      -0.02581470984009      -0.59811263567268       0.03993588717617
    1     -1     69141.0000000000      -0.02581470984009      -0.59811263567268       0.03993588717617
    1     -1     69141.0000000000       0.00000000000000       0.00000000000000       0.00000000000000
    1     -1     69141.0000000000       0.00000000000000       0.00000000000000       0.00000000000000
    1     -1     69141.0000000000      -0.02239727077055      -0.59856097695040       0.03497310987341
    1     -1     69142.0000000000      -0.02239727077055      -0.59856097695040       0.03497310987341
    1     -1     69143.0000000000      -0.02239727077055      -0.59856097695040       0.03497310987341
    1     -1     69143.0000000000       0.00000000000000       0.00000000000000       0.00000000000000
    1     -1     69143.0000000000       0.00000000000000       0.00000000000000       0.00000000000000
    1     -1     69143.0000000000      -0.01896510087260      -0.59894928833056       0.03000123726120
    1     -1     69144.0000000000      -0.01896510087260      -0.59894928833056       0.03000123726120
    1     -1     69145.0000000000      -0.01896510087260      -0.59894928833056       0.03000123726120
    1     -1     69145.0000000000       0.00000000000000       0.00000000000000       0.00000000000000
    1     -1     69145.0000000000       0.00000000000000       0.00000000000000       0.00000000000000
    1     -1     69145.0000000000      -0.01551900617103      -0.59927715785964       0.02502094712704
    1     -1     69146.0000000000      -0.01551900617103      -0.59927715785964       0.02502094712704
    1     -1     69147.0000000000      -0.01551900617103      -0.59927715785964       0.02502094712704
    1     -1     69147.0000000000       0.00000000000000       0.00000000000000       0.00000000000000
    1     -1     69147.0000000000       0.00000000000000       0.00000000000000       0.00000000000000
    1     -1     69147.0000000000      -0.01205979784453      -0.59954419566240       0.02003292298873
    1     -1     69148.0000000000      -0.01205979784453      -0.59954419566240       0.02003292298873
    1     -1     69149.0000000000      -0.01205979784453      -0.59954419566240       0.02003292298873
    1     -1     69149.0000000000       0.00000000000000       0.00000000000000       0.00000000000000
    1     -1     69149.0000000000       0.00000000000000       0.00000000000000       0.00000000000000
    1     -1     69149.0000000000      -0.00858829175945      -0.59975003416563       0.01503785366913
    1     -1     69150.0000000000      -0.00858829175945      -0.59975003416563       0.01503785366913
    1     -1     69151.0000000000      -0.00858829175945      -0.59975003416563       0.01503785366913
    1     -1     69151.0000000000       0.00000000000000       0.00000000000000       0.00000000000000
    1     -1     69151.0000000000       0.00000000000000       0.00000000000000       0.00000000000000
    1     -1     69151.0000000000      -0.00510530789781      -0.59989432830021       0.01003643285778
    1     -1     69152.0000000000      -0.00510530789781      -0.59989432830021       0.01003643285778
    1     -1     69153.0000000000      -0.00510530789781      -0.59989432830021       0.01003643285778
    1     -1     69153.0000000000       0.00000000000000       0.00000000000000       0.00000000000000
    1     -1     69153.0000000000       0.00000000000000       0.00000000000000       0.00000000000000
    1     -1     69153.0000000000      -0.00161166978686      -0.59997675567635       0.00502935866457
    1     -1     69154.0000000000      -0.00161166978686      -0.59997675567635       0.00502935866457
    1     -1     69155.0000000000      -0.00161166978686      -0.59997675567635       0.00502935866457
    1     -1     69155.0000000000       0.00000000000000       0.00000000000000       0.00000000000000
    1     -1     69155.0000000000       0.00000000000000       0.00000000000000       0.00000000000000
    1     -1     69155.0000000000       0.00189179599201      -0.59999701673216       0.00001733316394
    1     -1     69156.0000000000       0.00189179599201      -0.59999701673216       0.00001733316394
    1     -1     69157.0000000000       0.00189179599201      -0.59999701673216       0.00001733316394
    1     -1     69157.0000000000       0.00000000000000       0.00000000000000       0.00000000000000
    1     -1     69157.0000000000       0.00000000000000       0.00000000000000       0.00000000000000
    1     -1     69157.0000000000       0.00540426038841      -0.59995483485661      -0.00499893806999
    1     -1     69158.0000000000       0.00540426038841      -0.59995483485661      -0.00499893806999
    1     -1     69159.0000000000       0.00540426038841      -0.59995483485661      -0.00499893806999
    1     -1     69159.0000000000       0.00000000000000       0.00000000000000       0.00000000000000
    1     -1     69159.0000000000       0.00000000000000       0.00000000000000       0.00000000000000
    1     -1     69159.0000000000       0.00892489236102      -0.59984995648592      -0.01001874643747
    1     -1     69160.0000000000       0.00892489236102      -0.59984995648592      -0.01001874643747
    1     -1     69161.0000000000       0.00892489236102      -0.59984995648592      -0.01001874643747
    1     -1     69161.0000000000       0.00000000000000       0.00000000000000       0.00000000000000
    1     -1     69161.0000000000       0.00000000000000       0.00000000000000       0.00000000000000
    1     -1     69161.0000000000       0.01245285956693      -0.59968215117059      -0.01504138078827
    1     -1     69162.0000000000       0.01245285956693      -0.59968215117059      -0.01504138078827
    1     -1     69163.0000000000       0.01245285956693      -0.59968215117059      -0.01504138078827
    1     -1     69163.0000000000       0.00000000000000       0.00000000000000       0.00000000000000
    1     -1     69163.0000000000       0.00000000000000       0.00000000000000       0.00000000000000
    1     -1     69163.0000000000       0.01598732862923      -0.59945121162066      -0.02006612792312
    1     -1     69164.0000000000       0.01598732862923      -0.59945121162066      -0.02006612792312
    1     -1     69165.0000000000       0.01598732862923      -0.59945121162066      -0.02006612792312
    1     -1     69165.0000000000       0.00000000000000       0.00000000000000       0.00000000000000
    1     -1     69165.0000000000       0.00000000000000       0.00000000000000       0.00000000000000
    1     -1     69165.0000000000       0.01952746613132      -0.59915695371004      -0.02509227306152
    1     -1     69166.0000000000       0.01952746613132      -0.59915695371004      -0.02509227306152
    1     -1     69167.0000000000       0.01952746613132      -0.59915695371004      -0.02509227306152
    1     -1     69167.0000000000       0.00000000000000       0.00000000000000       0.00000000000000
    1     -1     69167.0000000000       0.00000000000000       0.00000000000000       0.00000000000000
    1     -1     69167.0000000000       0.02307243875937      -0.59879921646824      -0.03011910036362
    1     -1     69168.0000000000       0.02307243875937      -0.59879921646824      -0.03011910036362
    1     -1     69169.0000000000       0.02307243875937      -0.59879921646824      -0.03011910036362
    1     -1     69169.0000000000       0.00000000000000       0.00000000000000       0.00000000000000
    1     -1     69169.0000000000       0.00000000000000       0.00000000000000       0.00000000000000
    1     -1     69169.0000000000       0.02662141411814      -0.59837786202905      -0.03514589341444
    1     -1     69170.0000000000       0.02662141411814      -0.59837786202905      -0.03514589341444
    1     -1     69171.0000000000       0.02662141411814      -0.59837786202905      -0.03514589341444
    1     -1     69171.0000000000       0.00000000000000       0.00000000000000       0.00000000000000
    1     -1     69171.0000000000       0.00000000000000       0.00000000000000       0.00000000000000
    1     -1     69171.0000000000       0.03017356113755      -0.59789277556021      -0.04017193574111
    1     -1     69172.0000000000       0.03017356113755      -0.59789277556021      -0.04017193574111
    1     -1     69173.0000000000       0.03017356113755      -0.59789277556021      -0.04017193574111
    1     -1     69173.0000000000       0.00000000000000       0.00000000000000       0.00000000000000
    1     -1     69173.0000000000       0.00000000000000       0.00000000000000       0.00000000000000
    1     -1     69173.0000000000       0.03372805070605      -0.59734386515688      -0.04519651131463
    1     -1     69174.0000000000       0.03372805070605      -0.59734386515688      -0.04519651131463
    1     -1     69175.0000000000       0.03372805070605      -0.59734386515688      -0.04519651131463
    1     -1     69175.0000000000       0.00000000000000       0.00000000000000       0.00000000000000
    1     -1     69175.0000000000       0.00000000000000       0.00000000000000       0.00000000000000
    1     -1     69175.0000000000       0.03728405625157      -0.59673106170594      -0.05021890505310
    1     -1     69176.0000000000       0.03728405625157      -0.59673106170594      -0.05021890505310
    1     -1     69177.0000000000       0.03728405625157      -0.59673106170594      -0.05021890505310
    1     -1     69177.0000000000       0.00000000000000       0.00000000000000       0.00000000000000
    1     -1     69177.0000000000       0.00000000000000       0.00000000000000       0.00000000000000
    1     -1     69177.0000000000       0.04084075424848      -0.59605431872387      -0.05523840333531
    1     -1     69178.0000000000       0.04084075424848      -0.59605431872387      -0.05523840333531
    1     -1     69179.0000000000       0.04084075424848      -0.59605431872387      -0.05523840333531
    1     -1     69179.0000000000       0.00000000000000       0.00000000000000       0.00000000000000
    1     -1     69179.0000000000       0.00000000000000       0.00000000000000       0.00000000000000
    1     -1     69179.0000000000       0.04439732474843      -0.59531361216432      -0.06025429451129
    1     -1     69180.0000000000       0.04439732474843      -0.59531361216432      -0.06025429451129
    1     -1     69181.0000000000       0.04439732474843      -0.59531361216432      -0.06025429451129
    1     -1     69181.0000000000       0.00000000000000       0.00000000000000       0.00000000000000
    1     -1     69181.0000000000       0.00000000000000       0.00000000000000       0.00000000000000
    1     -1     69181.0000000000       0.04795295185213      -0.59450894019993      -0.06526586941906
    1     -1     69182.0000000000       0.04795295185213      -0.59450894019993      -0.06526586941906
    1     -1     69183.0000000000       0.04795295185213      -0.59450894019993      -0.06526586941906
    1     -1     69183.0000000000       0.00000000000000       0.00000000000000       0.00000000000000
    1     -1     69183.0000000000       0.00000000000000       0.00000000000000       0.00000000000000
    1     -1     69183.0000000000       0.05150682432150      -0.59364032296950      -0.07027242185223
    1     -1     69184.0000000000       0.05150682432150      -0.59364032296950      -0.07027242185223
    1     -1     69185.0000000000       0.05150682432150      -0.59364032296950      -0.07027242185223
    1     -1     69185.0000000000       0.00000000000000       0.00000000000000       0.00000000000000
    1     -1     69185.0000000000       0.00000000000000       0.00000000000000       0.00000000000000
    1     -1     69185.0000000000       0.05505813578451      -0.59270780232749      -0.07527324906004
    1     -1     69186.0000000000       0.05505813578451      -0.59270780232749      -0.07527324906004
    1     -1     69187.0000000000       0.05505813578451      -0.59270780232749      -0.07527324906004
    1     -1     69187.0000000000       0.00000000000000       0.00000000000000       0.00000000000000
    1     -1     69187.0000000000       0.00000000000000       0.00000000000000       0.00000000000000
    1     -1     69187.0000000000       0.05860608632023      -0.59171144150649      -0.08026765174422
    1     -1     69188.0000000000       0.05860608632023      -0.59171144150649      -0.08026765174422
    1     -1     69189.0000000000       0.05860608632023      -0.59171144150649      -0.08026765174422
    1     -1     69189.0000000000       0.00000000000000       0.00000000000000       0.00000000000000
    1     -1     69189.0000000000       0.00000000000000       0.00000000000000       0.00000000000000
    1     -1     69189.0000000000       0.06214988804252      -0.59065132448723      -0.08525493286482
    1     -1     69190.0000000000       0.06214988804252      -0.59065132448723      -0.08525493286482
    1     -1     69191.0000000000       0.06214988804252      -0.59065132448723      -0.08525493286482
    1     -1     69191.0000000000       0.00000000000000       0.00000000000000       0.00000000000000
    1     -1     69191.0000000000       0.00000000000000       0.00000000000000       0.00000000000000
    1     -1     69191.0000000000       0.06568874271043      -0.58952755608481      -0.09023441055032
    1     -1     69192.0000000000       0.06568874271043      -0.58952755608481      -0.09023441055032
    1     -1     69193.0000000000       0.06568874271043      -0.58952755608481      -0.09023441055032
    1     -1     69193.0000000000       0.00000000000000       0.00000000000000       0.00000000000000
    1     -1     69193.0000000000       0.00000000000000       0.00000000000000       0.00000000000000
    1     -1     69193.0000000000       0.06922192933360      -0.58834025832331      -0.09520536955129
    1     -1     69194.0000000000       0.06922192933360      -0.58834025832331      -0.09520536955129
    1     -1     69195.0000000000       0.06922192933360      -0.58834025832331      -0.09520536955129
    1     -1     69195.0000000000       0.00000000000000       0.00000000000000       0.00000000000000
    1     -1     69195.0000000000       0.00000000000000       0.00000000000000       0.00000000000000
    1     -1     69195.0000000000       0.01869375031287      -0.15086155177958      -0.02573927958038
    1     -1     69196.0000000000       0.01869375031287      -0.15086155177958      -0.02573927958038
    1     -1     69197.0000000000       0.01869375031287      -0.15086155177958      -0.02573927958038
    1     -1     69197.0000000000       0.00000000000000       0.00000000000000       0.00000000000000
    1     -1     69197.0000000000       0.00000000000000       0.00000000000000       0.00000000000000
    1     -1     69197.0000000000       0.00000000029691      -0.00000000227661      -0.00000000040791
    1     -1     69198.0000000000       0.00000000029691      -0.00000000227661      -0.00000000040791
    1     -1     69199.0000000000       0.00000000029691      -0.00000000227661      -0.00000000040791
    1     -1     69199.0000000000       0.00000000000000       0.00000000000000       0.00000000000000
    1     -1     69199.0000000000       0.00000000000000       0.00000000000000       0.00000000000000
    1     -1     69199.0000000000       0.00000000016016      -0.00000000117147      -0.00000000022024
    1     -1     69200.0000000000       0.00000000016016      -0.00000000117147      -0.00000000022024
    1     -1     69201.0000000000       0.00000000016016      -0.00000000117147      -0.00000000022024
    1     -1     69201.0000000000       0.00000000000000       0.00000000000000       0.00000000000000
    1     -1     69229.0000000000       0.00000000000000       0.00000000000000       0.00000000000000
    1     -1     69229.0000000000       0.00000000025924      -0.00000000110056      -0.00000000036080
    1     -1     69230.0000000000       0.00000000025924      -0.00000000110056      -0.00000000036080
    1     -1     69231.0000000000       0.00000000025924      -0.00000000110056      -0.00000000036080
    1     -1     69231.0000000000       0.00000000000000       0.00000000000000       0.00000000000000
    1     -1     69231.0000000000       0.00000000000000       0.00000000000000       0.00000000000000
    1     -1     69231.0000000000       0.00000000036650      -0.00000000151145      -0.00000000051043
    1     -1     69232.0000000000       0.00000000036650      -0.00000000151145      -0.00000000051043
    1     -1     69233.0000000000       0.00000000036650      -0.00000000151145      -0.00000000051043
    1     -1     69233.0000000000       0.00000000000000       0.00000000000000       0.00000000000000
    1     -1     69233.0000000000       0.00000000000000       0.00000000000000       0.00000000000000
    1     -1     69233.0000000000       0.00000000060195      -0.00000000241305      -0.00000000083894
    1     -1     69234.0000000000       0.00000000060195      -0.00000000241305      -0.00000000083894
    1     -1     69235.0000000000       0.00000000060195      -0.00000000241305      -0.00000000083894
    1     -1     69235.0000000000       0.00000000000000       0.00000000000000       0.00000000000000
    1     -1     69235.0000000000       0.00000000000000       0.00000000000000       0.00000000000000
    1     -1     69235.0000000000       0.00000000146297      -0.00000000570428      -0.00000000204048
    1     -1     69236.0000000000       0.00000000146297      -0.00000000570428      -0.00000000204048
    1     -1     69237.0000000000       0.00000000146297      -0.00000000570428      -0.00000000204048
    1     -1     69237.0000000000       0.00000000000000       0.00000000000000       0.00000000000000
    1     -1     69237.0000000000       0.00000000000000       0.00000000000000       0.00000000000000
    1     -1     69237.0000000000       0.00000113235341      -0.00000429908641      -0.00000158180464
    1     -1     69238.0000000000       0.00000113235341      -0.00000429908641      -0.00000158180464
    1     -1     69239.0000000000       0.00000113235341      -0.00000429908641      -0.00000158180464
    1     -1     69239.0000000000       0.00000000000000       0.00000000000000       0.00000000000000
    1     -1     69239.0000000000       0.00000000000000       0.00000000000000       0.00000000000000
    1     -1     69239.0000000000       0.14717657314986      -0.54406939105244      -0.20573660587769
    1     -1     69240.0000000000       0.14717657314986      -0.54406939105244      -0.20573660587769
    1     -1     69241.0000000000       0.14717657314986      -0.54406939105244      -0.20573660587769
    1     -1     69241.0000000000       0.00000000000000       0.00000000000000       0.00000000000000
    1     -1     69241.0000000000       0.00000000000000       0.00000000000000       0.00000000000000
    1     -1     69241.0000000000       0.15034935471722      -0.54144305016619      -0.21031997799053
    1     -1     69242.0000000000       0.15034935471722      -0.54144305016619      -0.21031997799053
    1     -1     69243.0000000000       0.15034935471722      -0.54144305016619      -0.21031997799053
    1     -1     69243.0000000000       0.00000000000000       0.00000000000000       0.00000000000000
    1     -1     69243.0000000000       0.00000000000000       0.00000000000000       0.00000000000000
    1     -1     69243.0000000000       0.15349830629222      -0.53876207706354      -0.21488064849212
    1     -1     69244.0000000000       0.15349830629222      -0.53876207706354      -0.21488064849212
    1     -1     69245.0000000000       0.15349830629222      -0.53876207706354      -0.21488064849212
    1     -1     69245.0000000000       0.00000000000000       0.00000000000000       0.00000000000000
    1     -1     69245.0000000000       0.00000000000000       0.00000000000000       0.00000000000000
    1     -1     69245.0000000000       0.15662274543791      -0.53602701486909      -0.21941821672353
    1     -1     69246.0000000000       0.15662274543791      -0.53602701486909      -0.21941821672353
    1     -1     69247.0000000000       0.15662274543791      -0.53602701486909      -0.21941821672353
    1     -1     69247.0000000000       0.00000000000000       0.00000000000000       0.00000000000000
    1     -1     69247.0000000000       0.00000000000000       0.00000000000000       0.00000000000000
    1     -1     69247.0000000000       0.15972202965178      -0.53323841137612      -0.22393228637079
    1     -1     69248.0000000000       0.15972202965178      -0.53323841137612      -0.22393228637079
    1     -1     69249.0000000000       0.15972202965178      -0.53323841137612      -0.22393228637079
    1     -1     69249.0000000000       0.00000000000000       0.00000000000000       0.00000000000000
    1     -1     69249.0000000000       0.00000000000000       0.00000000000000       0.00000000000000
    1     -1     69249.0000000000       0.16279557192794      -0.53039677531560      -0.22842255059551
    1     -1     69250.0000000000       0.16279557192794      -0.53039677531560      -0.22842255059551
    1     -1     69251.0000000000       0.16279557192794      -0.53039677531560      -0.22842255059551
    1     -1     69251.0000000000       0.00000000000000       0.00000000000000       0.00000000000000
    1     -1     69251.0000000000       0.00000000000000       0.00000000000000       0.00000000000000
    1     -1     69251.0000000000       0.16584262122884      -0.52750265412223      -0.23288875904665
    1     -1     69252.0000000000       0.16584262122884      -0.52750265412223      -0.23288875904665
    1     -1     69253.0000000000       0.16584262122884      -0.52750265412223      -0.23288875904665
    1     -1     69253.0000000000       0.00000000000000       0.00000000000000       0.00000000000000
    1     -1     69253.0000000000       0.00000000000000       0.00000000000000       0.00000000000000
    1     -1     69253.0000000000       0.16886285285067      -0.52455669067190      -0.23733018019073
    1     -1     69254.0000000000       0.16886285285067      -0.52455669067190      -0.23733018019073
    1     -1     69255.0000000000       0.16886285285067      -0.52455669067190      -0.23733018019073
    1     -1     69255.0000000000       0.00000000000000       0.00000000000000       0.00000000000000
    1     -1     69255.0000000000       0.00000000000000       0.00000000000000       0.00000000000000
    1     -1     69255.0000000000       0.17185552799285      -0.52155940298658      -0.24174669755930
    1     -1     69256.0000000000       0.17185552799285      -0.52155940298658      -0.24174669755930
    1     -1     69257.0000000000       0.17185552799285      -0.52155940298658      -0.24174669755930
    1     -1     69257.0000000000       0.00000000000000       0.00000000000000       0.00000000000000
    1     -1     69257.0000000000       0.00000000000000       0.00000000000000       0.00000000000000
    1     -1     69257.0000000000       0.17482010128646      -0.51851136061664      -0.24613796907940
    1     -1     69258.0000000000       0.17482010128646      -0.51851136061664      -0.24613796907940
    1     -1     69259.0000000000       0.17482010128646      -0.51851136061664      -0.24613796907940
    1     -1     69259.0000000000       0.00000000000000       0.00000000000000       0.00000000000000
    1     -1     69259.0000000000       0.00000000000000       0.00000000000000       0.00000000000000
    1     -1     69259.0000000000       0.17775607572746      -0.51541314140165      -0.25050362978469
    1     -1     69260.0000000000       0.17775607572746      -0.51541314140165      -0.25050362978469
    1     -1     69261.0000000000       0.17775607572746      -0.51541314140165      -0.25050362978469
    1     -1     69261.0000000000       0.00000000000000       0.00000000000000       0.00000000000000
    1     -1     69261.0000000000       0.00000000000000       0.00000000000000       0.00000000000000
    1     -1     69261.0000000000       0.13815850418894      -0.39174550344598      -0.19488660540004
    1     -1     69262.0000000000       0.13815850418894      -0.39174550344598      -0.19488660540004
    1     -1     69263.0000000000       0.13815850418894      -0.39174550344598      -0.19488660540004
    1     -1     69263.0000000000       0.00000000000000       0.00000000000000       0.00000000000000
    1     -1     69263.0000000000       0.00000000000000       0.00000000000000       0.00000000000000
    1     -1     69263.0000000000       0.00000000077991      -0.00000000216224      -0.00000000110037
    1     -1     69264.0000000000       0.00000000077991      -0.00000000216224      -0.00000000110037
    1     -1     69265.0000000000       0.00000000077991      -0.00000000216224      -0.00000000110037
    1     -1     69265.0000000000       0.00000000000000       0.00000000000000       0.00000000000000
    1     -1     69265.0000000000       0.00000000000000       0.00000000000000       0.00000000000000
    1     -1     69265.0000000000       0.00000000032409      -0.00000000087919      -0.00000000045767
    1     -1     69266.0000000000       0.00000000032409      -0.00000000087919      -0.00000000045767
    1     -1     69267.0000000000       0.00000000032409      -0.00000000087919      -0.00000000045767
    1     -1     69267.0000000000       0.00000000000000       0.00000000000000       0.00000000000000
    1     -3     69518.0000000000     -148861924.645560563        5050902.644611064          -4306.620475454       -2.7651266245914      -35.3660829617671        1.0233044168266        1147.5357765392
    1     -3     69518.0000000000     -148861924.645560563        5050902.644611064          -4306.620475454       -2.7651266245914      -35.3660829617671        1.0233044168266         599.2811564160