    1      0     64343.0000000000      -62598671.647145219      133190036.146134615         -11857.928355634      -27.4437476989771      -12.7734909873904        0.0002565812559        3000.0000000000
    1      0     64343.0000000000      -62598671.647145219      133190036.146134615         -11857.928355634      -33.4084883278610      -13.3638686850184        0.2710395280689        3000.0000000000
    1     -1     64343.0000000000       0.00000000000000       0.00000000000000       0.00000000000000
    1     -1     64343.0000000000      -0.59582816422437      -0.06496800308346       0.02771202938019
    1     -1     64344.0000000000      -0.59582816422437      -0.06496800308346       0.02771202938019
    1     -1     64345.0000000000      -0.59582816422437      -0.06496800308346       0.02771202938019
    1     -1     64345.0000000000       0.00000000000000       0.00000000000000       0.00000000000000
    1     -1     64345.0000000000       0.00000000000000       0.00000000000000       0.00000000000000
    1     -1     64345.0000000000      -0.59436877182731      -0.07671051172709       0.02900447805185
    1     -1     64346.0000000000      -0.59436877182731      -0.07671051172709       0.02900447805185
    1     -1     64347.0000000000      -0.59436877182731      -0.07671051172709       0.02900447805185
    1     -1     64347.0000000000       0.00000000000000       0.00000000000000       0.00000000000000
    1     -1     64347.0000000000       0.00000000000000       0.00000000000000       0.00000000000000
    1     -1     64347.0000000000      -0.59270604656463      -0.08820199899410       0.03033066137052
    1     -1     64348.0000000000      -0.59270604656463      -0.08820199899410       0.03033066137052
    1     -1     64349.0000000000      -0.59270604656463      -0.08820199899410       0.03033066137052
    1     -1     64349.0000000000       0.00000000000000       0.00000000000000       0.00000000000000
    1     -1     64349.0000000000       0.00000000000000       0.00000000000000       0.00000000000000
    1     -1     64349.0000000000      -0.59085600410445      -0.09942218942348       0.03169242723365
    1     -1     64350.0000000000      -0.59085600410445      -0.09942218942348       0.03169242723365
    1     -1     64351.0000000000      -0.59085600410445      -0.09942218942348       0.03169242723365
    1     -1     64351.0000000000       0.00000000000000       0.00000000000000       0.00000000000000
    1     -1     64351.0000000000       0.00000000000000       0.00000000000000       0.00000000000000
    1     -1     64351.0000000000      -0.58883544849451      -0.11035286018040       0.03309169270792
    1     -1     64352.0000000000      -0.58883544849451      -0.11035286018040       0.03309169270792
    1     -1     64353.0000000000      -0.58883544849451      -0.11035286018040       0.03309169270792
    1     -1     64353.0000000000       0.00000000000000       0.00000000000000       0.00000000000000
    1     -1     64353.0000000000       0.00000000000000       0.00000000000000       0.00000000000000
    1     -1     64353.0000000000      -0.58666172453632      -0.12097796624242       0.03453044928640
    1     -1     64354.0000000000      -0.58666172453632      -0.12097796624242       0.03453044928640
    1     -1     64355.0000000000      -0.58666172453632      -0.12097796624242       0.03453044928640
    1     -1     64355.0000000000       0.00000000000000       0.00000000000000       0.00000000000000
    1     -1     64355.0000000000       0.00000000000000       0.00000000000000       0.00000000000000
    1     -1     64355.0000000000      -0.58435246979636      -0.13128371812018       0.03601077171395
    1     -1     64356.0000000000      -0.58435246979636      -0.13128371812018       0.03601077171395
    1     -1     64357.0000000000      -0.58435246979636      -0.13128371812018       0.03601077171395
    1     -1     64357.0000000000       0.00000000000000       0.00000000000000       0.00000000000000
    1     -1     64357.0000000000       0.00000000000000       0.00000000000000       0.00000000000000
    1     -1     64357.0000000000      -0.58192537292103      -0.14125861407059       0.03753483157780
    1     -1     64358.0000000000      -0.58192537292103      -0.14125861407059       0.03753483157780
    1     -1     64359.0000000000      -0.58192537292103      -0.14125861407059       0.03753483157780
    1     -1     64359.0000000000       0.00000000000000       0.00000000000000       0.00000000000000
    1     -1     64359.0000000000       0.00000000000000       0.00000000000000       0.00000000000000
    1     -1     64359.0000000000      -0.57939793972205      -0.15089344755469       0.03910491287427
    1     -1     64360.0000000000      -0.57939793972205      -0.15089344755469       0.03910491287427
    1     -1     64361.0000000000      -0.57939793972205      -0.15089344755469       0.03910491287427
    1     -1     64361.0000000000       0.00000000000000       0.00000000000000       0.00000000000000
    1     -1     64361.0000000000       0.00000000000000       0.00000000000000       0.00000000000000
    1     -1     64361.0000000000      -0.57678727133417      -0.16018128823745       0.04072343066928
    1     -1     64362.0000000000      -0.57678727133417      -0.16018128823745       0.04072343066928
    1     -1     64363.0000000000      -0.57678727133417      -0.16018128823745       0.04072343066928
    1     -1     64363.0000000000       0.00000000000000       0.00000000000000       0.00000000000000
    1     -1     64363.0000000000       0.00000000000000       0.00000000000000       0.00000000000000
    1     -1     64363.0000000000      -0.57410985795057      -0.16911743783548       0.04239295347032
    1     -1     64364.0000000000      -0.57410985795057      -0.16911743783548       0.04239295347032
    1     -1     64365.0000000000      -0.57410985795057      -0.16911743783548       0.04239295347032
    1     -1     64365.0000000000       0.00000000000000       0.00000000000000       0.00000000000000
    1     -1     64365.0000000000       0.00000000000000       0.00000000000000       0.00000000000000
    1     -1     64365.0000000000      -0.57138139081662      -0.17769936341628       0.04411623000572
    1     -1     64366.0000000000      -0.57138139081662      -0.17769936341628       0.04411623000572
    1     -1     64367.0000000000      -0.57138139081662      -0.17769936341628       0.04411623000572
    1     -1     64367.0000000000       0.00000000000000       0.00000000000000       0.00000000000000
    1     -1     64367.0000000000       0.00000000000000       0.00000000000000       0.00000000000000
    1     -1     64367.0000000000      -0.56861659388602      -0.18592661282475       0.04589622077007
    1     -1     64368.0000000000      -0.56861659388602      -0.18592661282475       0.04589622077007
    1     -1     64369.0000000000      -0.56861659388602      -0.18592661282475       0.04589622077007
    1     -1     64369.0000000000       0.00000000000000       0.00000000000000       0.00000000000000
    1     -1     64369.0000000000       0.00000000000000       0.00000000000000       0.00000000000000
    1     -1     64369.0000000000      -0.56582907618516      -0.19380071520703       0.04773613525094
    1     -1     64370.0000000000      -0.56582907618516      -0.19380071520703       0.04773613525094
    1     -1     64371.0000000000      -0.56582907618516      -0.19380071520703       0.04773613525094
    1     -1     64371.0000000000       0.00000000000000       0.00000000000000       0.00000000000000
    1     -1     64371.0000000000       0.00000000000000       0.00000000000000       0.00000000000000
    1     -1     64371.0000000000      -0.56303120456174      -0.20132507160560       0.04963947534728
    1     -1     64372.0000000000      -0.56303120456174      -0.20132507160560       0.04963947534728
    1     -1     64373.0000000000      -0.56303120456174      -0.20132507160560       0.04963947534728
    1     -1     64373.0000000000       0.00000000000000       0.00000000000000       0.00000000000000
    1     -1     64373.0000000000       0.00000000000000       0.00000000000000       0.00000000000000
    1     -1     64373.0000000000      -0.56023399647161      -0.20850483800153       0.05161008629523
    1     -1     64374.0000000000      -0.56023399647161      -0.20850483800153       0.05161008629523
    1     -1     64375.0000000000      -0.56023399647161      -0.20850483800153       0.05161008629523
    1     -1     64375.0000000000       0.00000000000000       0.00000000000000       0.00000000000000
    1     -1     64375.0000000000       0.00000000000000       0.00000000000000       0.00000000000000
    1     -1     64375.0000000000      -0.55744703096562      -0.21534680557884       0.05365221593373
    1     -1     64376.0000000000      -0.55744703096562      -0.21534680557884       0.05365221593373
    1     -1     64377.0000000000      -0.55744703096562      -0.21534680557884       0.05365221593373
    1     -1     64377.0000000000       0.00000000000000       0.00000000000000       0.00000000000000
    1     -1     64377.0000000000       0.00000000000000       0.00000000000000       0.00000000000000
    1     -1     64377.0000000000      -0.55467837604927      -0.22185928060561       0.05577058393553
    1     -1     64378.0000000000      -0.55467837604927      -0.22185928060561       0.05577058393553
    1     -1     64379.0000000000      -0.55467837604927      -0.22185928060561       0.05577058393553
    1     -1     64379.0000000000       0.00000000000000       0.00000000000000       0.00000000000000
    1     -1     64379.0000000000       0.00000000000000       0.00000000000000       0.00000000000000
    1     -1     64379.0000000000      -0.55193452944586      -0.22805196768263       0.05797046249132
    1     -1     64380.0000000000      -0.55193452944586      -0.22805196768263       0.05797046249132
    1     -1     64381.0000000000      -0.55193452944586      -0.22805196768263       0.05797046249132
    1     -1     64381.0000000000       0.00000000000000       0.00000000000000       0.00000000000000
    1     -1     64381.0000000000       0.00000000000000       0.00000000000000       0.00000000000000
    1     -1     64381.0000000000      -0.54922036974699      -0.23393585830337       0.06025777074241
    1     -1     64382.0000000000      -0.54922036974699      -0.23393585830337       0.06025777074241
    1     -1     64383.0000000000      -0.54922036974699      -0.23393585830337       0.06025777074241
    1     -1     64383.0000000000       0.00000000000000       0.00000000000000       0.00000000000000
    1     -1     64383.0000000000       0.00000000000000       0.00000000000000       0.00000000000000
    1     -1     64383.0000000000      -0.54653911401173      -0.23952312747587       0.06263918533515
    1     -1     64384.0000000000      -0.54653911401173      -0.23952312747587       0.06263918533515
    1     -1     64385.0000000000      -0.54653911401173      -0.23952312747587       0.06263918533515
    1     -1     64385.0000000000       0.00000000000000       0.00000000000000       0.00000000000000
    1     -1     64385.0000000000       0.00000000000000       0.00000000000000       0.00000000000000
    1     -1     64385.0000000000      -0.54389227765150      -0.24482704013469       0.06512226969282
    1     -1     64386.0000000000      -0.54389227765150      -0.24482704013469       0.06512226969282
    1     -1     64387.0000000000      -0.54389227765150      -0.24482704013469       0.06512226969282
    1     -1     64387.0000000000       0.00000000000000       0.00000000000000       0.00000000000000
    1     -1     64387.0000000000       0.00000000000000       0.00000000000000       0.00000000000000
    1     -1     64387.0000000000      -0.54127963509479      -0.24986186233112       0.06771562348581
    1     -1     64388.0000000000      -0.54127963509479      -0.24986186233112       0.06771562348581
    1     -1     64389.0000000000      -0.54127963509479      -0.24986186233112       0.06771562348581
    1     -1     64389.0000000000       0.00000000000000       0.00000000000000       0.00000000000000
    1     -1     64389.0000000000       0.00000000000000       0.00000000000000       0.00000000000000
    1     -1     64389.0000000000      -0.53869898492984      -0.25464310958751       0.07042932383008
    1     -1     64390.0000000000      -0.53869898492984      -0.25464310958751       0.07042932383008
    1     -1     64391.0000000000      -0.53869898492984      -0.25464310958751       0.07042932383008
    1     -1     64391.0000000000       0.00000000000000       0.00000000000000       0.00000000000000
    1     -1     64391.0000000000       0.00000000000000       0.00000000000000       0.00000000000000
    1     -1     64391.0000000000      -0.50771496130430      -0.24544140142598       0.06938827089713
    1     -1     64392.0000000000      -0.50771496130430      -0.24544140142598       0.06938827089713
    1     -1     64393.0000000000      -0.50771496130430      -0.24544140142598       0.06938827089713
    1     -1     64393.0000000000       0.00000000000000       0.00000000000000       0.00000000000000
    1     -1     64507.0000000000       0.00000000000000       0.00000000000000       0.00000000000000
    1     -1     64507.0000000000       0.28325290231912       0.13010765214060       0.01253480164018
    1     -1     64508.0000000000       0.28325290231912       0.13010765214060       0.01253480164018
    1     -1     64509.0000000000       0.28325290231912       0.13010765214060       0.01253480164018
    1     -1     64509.0000000000       0.00000000000000       0.00000000000000       0.00000000000000
    1     -1     64509.0000000000       0.00000000000000       0.00000000000000       0.00000000000000
    1     -1     64509.0000000000       0.54408012255857       0.25197336781613       0.02205088270441
    1     -1     64510.0000000000       0.54408012255857       0.25197336781613       0.02205088270441
    1     -1     64511.0000000000       0.54408012255857       0.25197336781613       0.02205088270441
    1     -1     64511.0000000000       0.00000000000000       0.00000000000000       0.00000000000000
    1     -1     64511.0000000000       0.00000000000000       0.00000000000000       0.00000000000000
    1     -1     64511.0000000000       0.54336814374246       0.25366533151350       0.02012359893290
    1     -1     64512.0000000000       0.54336814374246       0.25366533151350       0.02012359893290
    1     -1     64513.0000000000       0.54336814374246       0.25366533151350       0.02012359893290
    1     -1     64513.0000000000       0.00000000000000       0.00000000000000       0.00000000000000
    1     -1     64513.0000000000       0.00000000000000       0.00000000000000       0.00000000000000
    1     -1     64513.0000000000       0.54265515418148       0.25532319267707       0.01831529965527
    1     -1     64514.0000000000       0.54265515418148       0.25532319267707       0.01831529965527
    1     -1     64515.0000000000       0.54265515418148       0.25532319267707       0.01831529965527
    1     -1     64515.0000000000       0.00000000000000       0.00000000000000       0.00000000000000
    1     -1     64515.0000000000       0.00000000000000       0.00000000000000       0.00000000000000
    1     -1     64515.0000000000       0.54194053541096       0.25695207477945       0.01661585462796
    1     -1     64516.0000000000       0.54194053541096       0.25695207477945       0.01661585462796
    1     -1     64517.0000000000       0.54194053541096       0.25695207477945       0.01661585462796
    1     -1     64517.0000000000       0.00000000000000       0.00000000000000       0.00000000000000
    1     -1     64517.0000000000       0.00000000000000       0.00000000000000       0.00000000000000
    1     -1     64517.0000000000       0.54122368963925       0.25855643280933       0.01501626139195
    1     -1     64518.0000000000       0.54122368963925       0.25855643280933       0.01501626139195
    1     -1     64519.0000000000       0.54122368963925       0.25855643280933       0.01501626139195
    1     -1     64519.0000000000       0.00000000000000       0.00000000000000       0.00000000000000
    1     -1     64519.0000000000       0.00000000000000       0.00000000000000       0.00000000000000
    1     -1     64519.0000000000       0.54050404518171       0.26014014888285       0.01350849219620
    1     -1     64520.0000000000       0.54050404518171       0.26014014888285       0.01350849219620
    1     -1     64521.0000000000       0.54050404518171       0.26014014888285       0.01350849219620
    1     -1     64521.0000000000       0.00000000000000       0.00000000000000       0.00000000000000
    1     -1     64521.0000000000       0.00000000000000       0.00000000000000       0.00000000000000
    1     -1     64521.0000000000       0.53978105967087       0.26170661218016       0.01208536477621
    1     -1     64522.0000000000       0.53978105967087       0.26170661218016       0.01208536477621
    1     -1     64523.0000000000       0.53978105967087       0.26170661218016       0.01208536477621
    1     -1     64523.0000000000       0.00000000000000       0.00000000000000       0.00000000000000
    1     -1     64523.0000000000       0.00000000000000       0.00000000000000       0.00000000000000
    1     -1     64523.0000000000       0.53905422175361       0.26325878596358       0.01074043307294
    1     -1     64524.0000000000       0.53905422175361       0.26325878596358       0.01074043307294
    1     -1     64525.0000000000       0.53905422175361       0.26325878596358       0.01074043307294
    1     -1     64525.0000000000       0.00000000000000       0.00000000000000       0.00000000000000
    1     -1     64525.0000000000       0.00000000000000       0.00000000000000       0.00000000000000
    1     -1     64525.0000000000       0.53832305154543       0.26479926440137       0.00946789455550
    1     -1     64526.0000000000       0.53832305154543       0.26479926440137       0.00946789455550
    1     -1     64527.0000000000       0.53832305154543       0.26479926440137       0.00946789455550
    1     -1     64527.0000000000       0.00000000000000       0.00000000000000       0.00000000000000
    1     -1     64527.0000000000       0.00000000000000       0.00000000000000       0.00000000000000
    1     -1     64527.0000000000       0.53758710039330       0.26633032061664       0.00826251117779
    1     -1     64528.0000000000       0.53758710039330       0.26633032061664       0.00826251117779
    1     -1     64529.0000000000       0.53758710039330       0.26633032061664       0.00826251117779
    1     -1     64529.0000000000       0.00000000000000       0.00000000000000       0.00000000000000
    1     -1     64529.0000000000       0.00000000000000       0.00000000000000       0.00000000000000
    1     -1     64529.0000000000       0.53684595006530       0.26785394770969       0.00711954175620
    1     -1     64530.0000000000       0.53684595006530       0.26785394770969       0.00711954175620
    1     -1     64531.0000000000       0.53684595006530       0.26785394770969       0.00711954175620
    1     -1     64531.0000000000       0.00000000000000       0.00000000000000       0.00000000000000
    1     -1     64531.0000000000       0.00000000000000       0.00000000000000       0.00000000000000
    1     -1     64531.0000000000       0.53609921159363       0.26937189385546       0.00603468387004
    1     -1     64532.0000000000       0.53609921159363       0.26937189385546       0.00603468387004
    1     -1     64533.0000000000       0.53609921159363       0.26937189385546       0.00603468387004
    1     -1     64533.0000000000       0.00000000000000       0.00000000000000       0.00000000000000
    1     -1     64533.0000000000       0.00000000000000       0.00000000000000       0.00000000000000
    1     -1     64533.0000000000       0.53534652386186       0.27088569252544       0.00500402378451
    1     -1     64534.0000000000       0.53534652386186       0.27088569252544       0.00500402378451
    1     -1     64535.0000000000       0.53534652386186       0.27088569252544       0.00500402378451
    1     -1     64535.0000000000       0.00000000000000       0.00000000000000       0.00000000000000
    1     -1     64535.0000000000       0.00000000000000       0.00000000000000       0.00000000000000
    1     -1     64535.0000000000       0.53458755212412       0.27239668844106       0.00402399307661
    1     -1     64536.0000000000       0.53458755212412       0.27239668844106       0.00402399307661
    1     -1     64537.0000000000       0.53458755212412       0.27239668844106       0.00402399307661
    1     -1     64537.0000000000       0.00000000000000       0.00000000000000       0.00000000000000
    1     -1     64537.0000000000       0.00000000000000       0.00000000000000       0.00000000000000
    1     -1     64537.0000000000       0.53382198643128       0.27390606009225       0.00309133099293
    1     -1     64538.0000000000       0.53382198643128       0.27390606009225       0.00309133099293
    1     -1     64539.0000000000       0.53382198643128       0.27390606009225       0.00309133099293
    1     -1     64539.0000000000       0.00000000000000       0.00000000000000       0.00000000000000
    1     -1     64539.0000000000       0.00000000000000       0.00000000000000       0.00000000000000
    1     -1     64539.0000000000       0.53304954005194       0.27541483927674       0.00220305165259
    1     -1     64540.0000000000       0.53304954005194       0.27541483927674       0.00220305165259
    1     -1     64541.0000000000       0.53304954005194       0.27541483927674       0.00220305165259
    1     -1     64541.0000000000       0.00000000000000       0.00000000000000       0.00000000000000
    1     -1     64541.0000000000       0.00000000000000       0.00000000000000       0.00000000000000
    1     -1     64541.0000000000       0.53226994790968       0.27692392812743       0.00135641538685
    1     -1     64542.0000000000       0.53226994790968       0.27692392812743       0.00135641538685
    1     -1     64543.0000000000       0.53226994790968       0.27692392812743       0.00135641538685
    1     -1     64543.0000000000       0.00000000000000       0.00000000000000       0.00000000000000
    1     -1     64543.0000000000       0.00000000000000       0.00000000000000       0.00000000000000
    1     -1     64543.0000000000       0.53148296508337       0.27843411394980       0.00054890361037
    1     -1     64544.0000000000       0.53148296508337       0.27843411394980       0.00054890361037
    1     -1     64545.0000000000       0.53148296508337       0.27843411394980       0.00054890361037
    1     -1     64545.0000000000       0.00000000000000       0.00000000000000       0.00000000000000
    1     -1     64545.0000000000       0.00000000000000       0.00000000000000       0.00000000000000
    1     -1     64545.0000000000       0.53068836536745       0.27994608221394      -0.00022180327125
    1     -1     64546.0000000000       0.53068836536745       0.27994608221394      -0.00022180327125
    1     -1     64547.0000000000       0.53068836536745       0.27994608221394      -0.00022180327125
    1     -1     64547.0000000000       0.00000000000000       0.00000000000000       0.00000000000000
    1     -1     64547.0000000000       0.00000000000000       0.00000000000000       0.00000000000000
    1     -1     64547.0000000000       0.52988593987511       0.28146042800900      -0.00095784532056
    1     -1     64548.0000000000       0.52988593987511       0.28146042800900      -0.00095784532056
    1     -1     64549.0000000000       0.52988593987511       0.28146042800900      -0.00095784532056
    1     -1     64549.0000000000       0.00000000000000       0.00000000000000       0.00000000000000
    1     -1     64549.0000000000       0.00000000000000       0.00000000000000       0.00000000000000
    1     -1     64549.0000000000       0.52907549576648       0.28297766603221      -0.00166120029408
    1     -1     64550.0000000000       0.52907549576648       0.28297766603221      -0.00166120029408
    1     -1     64551.0000000000       0.52907549576648       0.28297766603221      -0.00166120029408
    1     -1     64551.0000000000       0.00000000000000       0.00000000000000       0.00000000000000
    1     -1     64551.0000000000       0.00000000000000       0.00000000000000       0.00000000000000
    1     -1     64551.0000000000       0.52825685499591       0.28449823950138      -0.00233369887717
    1     -1     64552.0000000000       0.52825685499591       0.28449823950138      -0.00233369887717
    1     -1     64553.0000000000       0.52825685499591       0.28449823950138      -0.00233369887717
    1     -1     64553.0000000000       0.00000000000000       0.00000000000000       0.00000000000000
    1     -1     64553.0000000000       0.00000000000000       0.00000000000000       0.00000000000000
    1     -1     64553.0000000000       0.52742985319945       0.28602252791918      -0.00297703824801
    1     -1     64554.0000000000       0.52742985319945       0.28602252791918      -0.00297703824801
    1     -1     64555.0000000000       0.52742985319945       0.28602252791918      -0.00297703824801
    1     -1     64555.0000000000       0.00000000000000       0.00000000000000       0.00000000000000
    1     -1     64555.0000000000       0.00000000000000       0.00000000000000       0.00000000000000
    1     -1     64555.0000000000       0.52659433859882       0.28755085405198      -0.00359279412795
    1     -1     64556.0000000000       0.52659433859882       0.28755085405198      -0.00359279412795
    1     -1     64557.0000000000       0.52659433859882       0.28755085405198      -0.00359279412795
    1     -1     64557.0000000000       0.00000000000000       0.00000000000000       0.00000000000000
    1     -1     64557.0000000000       0.00000000000000       0.00000000000000       0.00000000000000
    1     -1     64557.0000000000       0.52575017102823       0.28908349003366      -0.00418243155849
    1     -1     64558.0000000000       0.52575017102823       0.28908349003366      -0.00418243155849
    1     -1     64559.0000000000       0.52575017102823       0.28908349003366      -0.00418243155849
    1     -1     64559.0000000000       0.00000000000000       0.00000000000000       0.00000000000000
    1     -1     64559.0000000000       0.00000000000000       0.00000000000000       0.00000000000000
    1     -1     64559.0000000000       0.52489722099352       0.29062066285468      -0.00474731452354
    1     -1     64560.0000000000       0.52489722099352       0.29062066285468      -0.00474731452354
    1     -1     64561.0000000000       0.52489722099352       0.29062066285468      -0.00474731452354
    1     -1     64561.0000000000       0.00000000000000       0.00000000000000       0.00000000000000
    1     -1     64561.0000000000       0.00000000000000       0.00000000000000       0.00000000000000
    1     -1     64561.0000000000       0.52403536883381       0.29216255918441      -0.00528871459067
    1     -1     64562.0000000000       0.52403536883381       0.29216255918441      -0.00528871459067
    1     -1     64563.0000000000       0.52403536883381       0.29216255918441      -0.00528871459067
    1     -1     64563.0000000000       0.00000000000000       0.00000000000000       0.00000000000000
    1     -1     64563.0000000000       0.00000000000000       0.00000000000000       0.00000000000000
    1     -1     64563.0000000000       0.52316450390294       0.29370932974368      -0.00580781865345
    1     -1     64564.0000000000       0.52316450390294       0.29370932974368      -0.00580781865345
    1     -1     64565.0000000000       0.52316450390294       0.29370932974368      -0.00580781865345
    1     -1     64565.0000000000       0.00000000000000       0.00000000000000       0.00000000000000
    1     -1     64565.0000000000       0.00000000000000       0.00000000000000       0.00000000000000
    1     -1     64565.0000000000       0.52228452386233       0.29526109311655      -0.00630573592222
    1     -1     64566.0000000000       0.52228452386233       0.29526109311655      -0.00630573592222
    1     -1     64567.0000000000       0.52228452386233       0.29526109311655      -0.00630573592222
    1     -1     64567.0000000000       0.00000000000000       0.00000000000000       0.00000000000000
    1     -1     64567.0000000000       0.00000000000000       0.00000000000000       0.00000000000000
    1     -1     64567.0000000000       0.52139533398310       0.29681793923432      -0.00678350420803
    1     -1     64568.0000000000       0.52139533398310       0.29681793923432      -0.00678350420803
    1     -1     64569.0000000000       0.52139533398310       0.29681793923432      -0.00678350420803
    1     -1     64569.0000000000       0.00000000000000       0.00000000000000       0.00000000000000
    1     -1     64569.0000000000       0.00000000000000       0.00000000000000       0.00000000000000
    1     -1     64569.0000000000       0.52049684651972       0.29837993245899      -0.00724209560750
    1     -1     64570.0000000000       0.52049684651972       0.29837993245899      -0.00724209560750
    1     -1     64571.0000000000       0.52049684651972       0.29837993245899      -0.00724209560750
    1     -1     64571.0000000000       0.00000000000000       0.00000000000000       0.00000000000000
    1     -1     64571.0000000000       0.00000000000000       0.00000000000000       0.00000000000000
    1     -1     64571.0000000000       0.51958898013935       0.29994711433071      -0.00768242165158
    1     -1     64572.0000000000       0.51958898013935       0.29994711433071      -0.00768242165158
    1     -1     64573.0000000000       0.51958898013935       0.29994711433071      -0.00768242165158
    1     -1     64573.0000000000       0.00000000000000       0.00000000000000       0.00000000000000
    1     -1     64573.0000000000       0.00000000000000       0.00000000000000       0.00000000000000
    1     -1     64573.0000000000       0.51867165937773       0.30151950606025      -0.00810533796535
    1     -1     64574.0000000000       0.51867165937773       0.30151950606025      -0.00810533796535
    1     -1     64575.0000000000       0.51867165937773       0.30151950606025      -0.00810533796535
    1     -1     64575.0000000000       0.00000000000000       0.00000000000000       0.00000000000000
    1     -1     64575.0000000000       0.00000000000000       0.00000000000000       0.00000000000000
    1     -1     64575.0000000000       0.51774481414694       0.30309711074785      -0.00851164850381
    1     -1     64576.0000000000       0.51774481414694       0.30309711074785      -0.00851164850381
    1     -1     64577.0000000000       0.51774481414694       0.30309711074785      -0.00851164850381
    1     -1     64577.0000000000       0.00000000000000       0.00000000000000       0.00000000000000
    1     -1     64577.0000000000       0.00000000000000       0.00000000000000       0.00000000000000
    1     -1     64577.0000000000       0.51680837928004       0.30467991537693      -0.00890210940440
    1     -1     64578.0000000000       0.51680837928004       0.30467991537693      -0.00890210940440
    1     -1     64579.0000000000       0.51680837928004       0.30467991537693      -0.00890210940440
    1     -1     64579.0000000000       0.00000000000000       0.00000000000000       0.00000000000000
    1     -1     64579.0000000000       0.00000000000000       0.00000000000000       0.00000000000000
    1     -1     64579.0000000000       0.51586229411180       0.30626789260382      -0.00927743249637
    1     -1     64580.0000000000       0.51586229411180       0.30626789260382      -0.00927743249637
    1     -1     64581.0000000000       0.51586229411180       0.30626789260382      -0.00927743249637
    1     -1     64581.0000000000       0.00000000000000       0.00000000000000       0.00000000000000
    1     -1     64581.0000000000       0.00000000000000       0.00000000000000       0.00000000000000
    1     -1     64581.0000000000       0.51490650208302       0.30786100238161      -0.00963828850036
    1     -1     64582.0000000000       0.51490650208302       0.30786100238161      -0.00963828850036
    1     -1     64583.0000000000       0.51490650208302       0.30786100238161      -0.00963828850036
    1     -1     64583.0000000000       0.00000000000000       0.00000000000000       0.00000000000000
    1     -1     64583.0000000000       0.00000000000000       0.00000000000000       0.00000000000000
    1     -1     64583.0000000000       0.51394095039119       0.30945919339401      -0.00998530995646
    1     -1     64584.0000000000       0.51394095039119       0.30945919339401      -0.00998530995646
    1     -1     64585.0000000000       0.51394095039119       0.30945919339401      -0.00998530995646
    1     -1     64585.0000000000       0.00000000000000       0.00000000000000       0.00000000000000
    1     -1     64585.0000000000       0.00000000000000       0.00000000000000       0.00000000000000
    1     -1     64585.0000000000       0.51296558965124       0.31106240437389      -0.01031909389860
    1     -1     64586.0000000000       0.51296558965124       0.31106240437389      -0.01031909389860
    1     -1     64587.0000000000       0.51296558965124       0.31106240437389      -0.01031909389860
    1     -1     64587.0000000000       0.00000000000000       0.00000000000000       0.00000000000000
    1     -1     64587.0000000000       0.00000000000000       0.00000000000000       0.00000000000000
    1     -1     64587.0000000000       0.51198037359485       0.31267056526951      -0.01064020430830
    1     -1     64588.0000000000       0.51198037359485       0.31267056526951      -0.01064020430830
    1     -1     64589.0000000000       0.51198037359485       0.31267056526951      -0.01064020430830
    1     -1     64589.0000000000       0.00000000000000       0.00000000000000       0.00000000000000
    1     -1     64589.0000000000       0.00000000000000       0.00000000000000       0.00000000000000
    1     -1     64589.0000000000       0.51098525878691       0.31428359830447      -0.01094917436485
    1     -1     64590.0000000000       0.51098525878691       0.31428359830447      -0.01094917436485
    1     -1     64591.0000000000       0.51098525878691       0.31428359830447      -0.01094917436485
    1     -1     64591.0000000000       0.00000000000000       0.00000000000000       0.00000000000000
    1     -1     64591.0000000000       0.00000000000000       0.00000000000000       0.00000000000000
    1     -1     64591.0000000000       0.50998020436421       0.31590141893147      -0.01124650851257
    1     -1     64592.0000000000       0.50998020436421       0.31590141893147      -0.01124650851257
    1     -1     64593.0000000000       0.50998020436421       0.31590141893147      -0.01124650851257
    1     -1     64593.0000000000       0.00000000000000       0.00000000000000       0.00000000000000
    1     -1     64593.0000000000       0.00000000000000       0.00000000000000       0.00000000000000
    1     -1     64593.0000000000       0.50896517179609       0.31752393668820      -0.01153268436233
    1     -1     64594.0000000000       0.50896517179609       0.31752393668820      -0.01153268436233
    1     -1     64595.0000000000       0.50896517179609       0.31752393668820      -0.01153268436233
    1     -1     64595.0000000000       0.00000000000000       0.00000000000000       0.00000000000000
    1     -1     64595.0000000000       0.00000000000000       0.00000000000000       0.00000000000000
    1     -1     64595.0000000000       0.50794012466158       0.31915105597103      -0.01180815444346
    1     -1     64596.0000000000       0.50794012466158       0.31915105597103      -0.01180815444346
    1     -1     64597.0000000000       0.50794012466158       0.31915105597103      -0.01180815444346
    1     -1     64597.0000000000       0.00000000000000       0.00000000000000       0.00000000000000
    1     -1     64597.0000000000       0.00000000000000       0.00000000000000       0.00000000000000
    1     -1     64597.0000000000       0.50690502844465       0.32078267672989      -0.01207334781821
    1     -1     64598.0000000000       0.50690502844465       0.32078267672989      -0.01207334781821
    1     -1     64599.0000000000       0.50690502844465       0.32078267672989      -0.01207334781821
    1     -1     64599.0000000000       0.00000000000000       0.00000000000000       0.00000000000000
    1     -1     64599.0000000000       0.00000000000000       0.00000000000000       0.00000000000000
    1     -1     64599.0000000000       0.50585985034397       0.32241869509569      -0.01232867157373
    1     -1     64600.0000000000       0.50585985034397       0.32241869509569      -0.01232867157373
    1     -1     64601.0000000000       0.50585985034397       0.32241869509569      -0.01232867157373
    1     -1     64601.0000000000       0.00000000000000       0.00000000000000       0.00000000000000
    1     -1     64601.0000000000       0.00000000000000       0.00000000000000       0.00000000000000
    1     -1     64601.0000000000       0.50480455909858       0.32405900394256      -0.01257451219904
    1     -1     64602.0000000000       0.50480455909858       0.32405900394256      -0.01257451219904
    1     -1     64603.0000000000       0.50480455909858       0.32405900394256      -0.01257451219904
    1     -1     64603.0000000000       0.00000000000000       0.00000000000000       0.00000000000000
    1     -1     64603.0000000000       0.00000000000000       0.00000000000000       0.00000000000000
    1     -1     64603.0000000000       0.50373912482481       0.32570349339677      -0.01281123685978
    1     -1     64604.0000000000       0.50373912482481       0.32570349339677      -0.01281123685978
    1     -1     64605.0000000000       0.50373912482481       0.32570349339677      -0.01281123685978
    1     -1     64605.0000000000       0.00000000000000       0.00000000000000       0.00000000000000
    1     -1     64605.0000000000       0.00000000000000       0.00000000000000       0.00000000000000
    1     -1     64605.0000000000       0.50266351886824       0.32735205128987      -0.01303919458049
    1     -1     64606.0000000000       0.50266351886824       0.32735205128987      -0.01303919458049
    1     -1     64607.0000000000       0.50266351886824       0.32735205128987      -0.01303919458049
    1     -1     64607.0000000000       0.00000000000000       0.00000000000000       0.00000000000000
    1     -1     64607.0000000000       0.00000000000000       0.00000000000000       0.00000000000000
    1     -1     64607.0000000000       0.50157771366271       0.32900456357240      -0.01325871733707
    1     -1     64608.0000000000       0.50157771366271       0.32900456357240      -0.01325871733707
    1     -1     64609.0000000000       0.50157771366271       0.32900456357240      -0.01325871733707
    1     -1     64609.0000000000       0.00000000000000       0.00000000000000       0.00000000000000
    1     -1     64609.0000000000       0.00000000000000       0.00000000000000       0.00000000000000
    1     -1     64609.0000000000       0.50048168260513       0.33066091467690      -0.01347012107503
    1     -1     64610.0000000000       0.50048168260513       0.33066091467690      -0.01347012107503
    1     -1     64611.0000000000       0.50048168260513       0.33066091467690      -0.01347012107503
    1     -1     64611.0000000000       0.00000000000000       0.00000000000000       0.00000000000000
    1     -1     64611.0000000000       0.00000000000000       0.00000000000000       0.00000000000000
    1     -1     64611.0000000000       0.49937539993672       0.33232098784821      -0.01367370665302
    1     -1     64612.0000000000       0.49937539993672       0.33232098784821      -0.01367370665302
    1     -1     64613.0000000000       0.49937539993672       0.33232098784821      -0.01367370665302
    1     -1     64613.0000000000       0.00000000000000       0.00000000000000       0.00000000000000
    1     -1     64613.0000000000       0.00000000000000       0.00000000000000       0.00000000000000
    1     -1     64613.0000000000       0.49825884063064       0.33398466544292      -0.01386976071853
    1     -1     64614.0000000000       0.49825884063064       0.33398466544292      -0.01386976071853
    1     -1     64615.0000000000       0.49825884063064       0.33398466544292      -0.01386976071853
    1     -1     64615.0000000000       0.00000000000000       0.00000000000000       0.00000000000000
    1     -1     64615.0000000000       0.00000000000000       0.00000000000000       0.00000000000000
    1     -1     64615.0000000000       0.49713198029282       0.33565182918990      -0.01405855652656
    1     -1     64616.0000000000       0.49713198029282       0.33565182918990      -0.01405855652656
    1     -1     64617.0000000000       0.49713198029282       0.33565182918990      -0.01405855652656
    1     -1     64617.0000000000       0.00000000000000       0.00000000000000       0.00000000000000
    1     -1     64617.0000000000       0.00000000000000       0.00000000000000       0.00000000000000
    1     -1     64617.0000000000       0.49599479507119       0.33732236042138      -0.01424035470192
    1     -1     64618.0000000000       0.49599479507119       0.33732236042138      -0.01424035470192
    1     -1     64619.0000000000       0.49599479507119       0.33732236042138      -0.01424035470192
    1     -1     64619.0000000000       0.00000000000000       0.00000000000000       0.00000000000000
    1     -1     64619.0000000000       0.00000000000000       0.00000000000000       0.00000000000000
    1     -1     64619.0000000000       0.49484726156078       0.33899614029502      -0.01441540394414
    1     -1     64620.0000000000       0.49484726156078       0.33899614029502      -0.01441540394414
    1     -1     64621.0000000000       0.49484726156078       0.33899614029502      -0.01441540394414
    1     -1     64621.0000000000       0.00000000000000       0.00000000000000       0.00000000000000
    1     -1     64621.0000000000       0.00000000000000       0.00000000000000       0.00000000000000
    1     -1     64621.0000000000       0.49368935673606       0.34067304996157      -0.01458394169699
    1     -1     64622.0000000000       0.49368935673606       0.34067304996157      -0.01458394169699
    1     -1     64623.0000000000       0.49368935673606       0.34067304996157      -0.01458394169699
    1     -1     64623.0000000000       0.00000000000000       0.00000000000000       0.00000000000000
    1     -1     64623.0000000000       0.00000000000000       0.00000000000000       0.00000000000000
    1     -1     64623.0000000000       0.49252105786160       0.34235297075247      -0.01474619475803
    1     -1     64624.0000000000       0.49252105786160       0.34235297075247      -0.01474619475803
    1     -1     64625.0000000000       0.49252105786160       0.34235297075247      -0.01474619475803
    1     -1     64625.0000000000       0.00000000000000       0.00000000000000       0.00000000000000
    1     -1     64625.0000000000       0.00000000000000       0.00000000000000       0.00000000000000
    1     -1     64625.0000000000       0.49134234243690       0.34403578430594      -0.01490237986439
    1     -1     64626.0000000000       0.49134234243690       0.34403578430594      -0.01490237986439
    1     -1     64627.0000000000       0.49134234243690       0.34403578430594      -0.01490237986439
    1     -1     64627.0000000000       0.00000000000000       0.00000000000000       0.00000000000000
    1     -1     64627.0000000000       0.00000000000000       0.00000000000000       0.00000000000000
    1     -1     64627.0000000000       0.49015318812581       0.34572137270565      -0.01505270422968
    1     -1     64628.0000000000       0.49015318812581       0.34572137270565      -0.01505270422968
    1     -1     64629.0000000000       0.49015318812581       0.34572137270565      -0.01505270422968
    1     -1     64629.0000000000       0.00000000000000       0.00000000000000       0.00000000000000
    1     -1     64629.0000000000       0.00000000000000       0.00000000000000       0.00000000000000
    1     -1     64629.0000000000       0.48895357269411       0.34740961859867      -0.01519736604801
    1     -1     64630.0000000000       0.48895357269411       0.34740961859867      -0.01519736604801
    1     -1     64631.0000000000       0.48895357269411       0.34740961859867      -0.01519736604801
    1     -1     64631.0000000000       0.00000000000000       0.00000000000000       0.00000000000000
    1     -1     64631.0000000000       0.00000000000000       0.00000000000000       0.00000000000000
    1     -1     64631.0000000000       0.48774347396566       0.34910040527824      -0.01533655497427
    1     -1     64632.0000000000       0.48774347396566       0.34910040527824      -0.01533655497427
    1     -1     64633.0000000000       0.48774347396566       0.34910040527824      -0.01533655497427
    1     -1     64633.0000000000       0.00000000000000       0.00000000000000       0.00000000000000
    1     -1     64633.0000000000       0.00000000000000       0.00000000000000       0.00000000000000
    1     -1     64633.0000000000       0.48652286976958       0.35079361677281      -0.01547045256709
    1     -1     64634.0000000000       0.48652286976958       0.35079361677281      -0.01547045256709
    1     -1     64635.0000000000       0.48652286976958       0.35079361677281      -0.01547045256709
    1     -1     64635.0000000000       0.00000000000000       0.00000000000000       0.00000000000000
    1     -1     64635.0000000000       0.00000000000000       0.00000000000000       0.00000000000000
    1     -1     64635.0000000000       0.48529173787957       0.35248913793908      -0.01559923269856
    1     -1     64636.0000000000       0.48529173787957       0.35248913793908      -0.01559923269856
    1     -1     64637.0000000000       0.48529173787957       0.35248913793908      -0.01559923269856
    1     -1     64637.0000000000       0.00000000000000       0.00000000000000       0.00000000000000
    1     -1     64637.0000000000       0.00000000000000       0.00000000000000       0.00000000000000
    1     -1     64637.0000000000       0.48405005599486       0.35418685449068      -0.01572306195894
    1     -1     64638.0000000000       0.48405005599486       0.35418685449068      -0.01572306195894
    1     -1     64639.0000000000       0.48405005599486       0.35418685449068      -0.01572306195894
    1     -1     64639.0000000000       0.00000000000000       0.00000000000000       0.00000000000000
    1     -1     64639.0000000000       0.00000000000000       0.00000000000000       0.00000000000000
    1     -1     64639.0000000000       0.48279780167632       0.35588665308456      -0.01584210001152
    1     -1     64640.0000000000       0.48279780167632       0.35588665308456      -0.01584210001152
    1     -1     64641.0000000000       0.48279780167632       0.35588665308456      -0.01584210001152
    1     -1     64641.0000000000       0.00000000000000       0.00000000000000       0.00000000000000
    1     -1     64641.0000000000       0.00000000000000       0.00000000000000       0.00000000000000
    1     -1     64641.0000000000       0.48153495233130       0.35758842133470      -0.01595649995001
    1     -1     64642.0000000000       0.48153495233130       0.35758842133470      -0.01595649995001
    1     -1     64643.0000000000       0.48153495233130       0.35758842133470      -0.01595649995001
    1     -1     64643.0000000000       0.00000000000000       0.00000000000000       0.00000000000000
    1     -1     64643.0000000000       0.00000000000000       0.00000000000000       0.00000000000000
    1     -1     64643.0000000000       0.48026148515663       0.35929204787952      -0.01606640861205
    1     -1     64644.0000000000       0.48026148515663       0.35929204787952      -0.01606640861205
    1     -1     64645.0000000000       0.48026148515663       0.35929204787952      -0.01606640861205
    1     -1     64645.0000000000       0.00000000000000       0.00000000000000       0.00000000000000
    1     -1     64645.0000000000       0.00000000000000       0.00000000000000       0.00000000000000
    1     -1     64645.0000000000       0.47897737713347       0.36099742237439      -0.01617196689916
    1     -1     64646.0000000000       0.47897737713347       0.36099742237439      -0.01617196689916
    1     -1     64647.0000000000       0.47897737713347       0.36099742237439      -0.01617196689916
    1     -1     64647.0000000000       0.00000000000000       0.00000000000000       0.00000000000000
    1     -1     64647.0000000000       0.00000000000000       0.00000000000000       0.00000000000000
    1     -1     64647.0000000000       0.47768260498799       0.36270443552786      -0.01627331006001
    1     -1     64648.0000000000       0.47768260498799       0.36270443552786      -0.01627331006001
    1     -1     64649.0000000000       0.47768260498799       0.36270443552786      -0.01627331006001
    1     -1     64649.0000000000       0.00000000000000       0.00000000000000       0.00000000000000
    1     -1     64649.0000000000       0.00000000000000       0.00000000000000       0.00000000000000
    1     -1     64649.0000000000       0.47637714514246       0.36441297914716      -0.01637056795042
    1     -1     64650.0000000000       0.47637714514246       0.36441297914716      -0.01637056795042
    1     -1     64651.0000000000       0.47637714514246       0.36441297914716      -0.01637056795042
    1     -1     64651.0000000000       0.00000000000000       0.00000000000000       0.00000000000000
    1     -1     64651.0000000000       0.00000000000000       0.00000000000000       0.00000000000000
    1     -1     64651.0000000000       0.47506097373024       0.36612294609530      -0.01646386531089
    1     -1     64652.0000000000       0.47506097373024       0.36612294609530      -0.01646386531089
    1     -1     64653.0000000000       0.47506097373024       0.36612294609530      -0.01646386531089
    1     -1     64653.0000000000       0.00000000000000       0.00000000000000       0.00000000000000
    1     -1     64653.0000000000       0.00000000000000       0.00000000000000       0.00000000000000
    1     -1     64653.0000000000       0.47373406654274       0.36783423033739      -0.01655332199222
    1     -1     64654.0000000000       0.47373406654274       0.36783423033739      -0.01655332199222
    1     -1     64655.0000000000       0.47373406654274       0.36783423033739      -0.01655332199222
    1     -1     64655.0000000000       0.00000000000000       0.00000000000000       0.00000000000000
    1     -1     64655.0000000000       0.00000000000000       0.00000000000000       0.00000000000000
    1     -1     64655.0000000000       0.47239639902756       0.36954672691635      -0.01663905319443
    1     -1     64656.0000000000       0.47239639902756       0.36954672691635      -0.01663905319443
    1     -1     64657.0000000000       0.47239639902756       0.36954672691635      -0.01663905319443
    1     -1     64657.0000000000       0.00000000000000       0.00000000000000       0.00000000000000
    1     -1     64657.0000000000       0.00000000000000       0.00000000000000       0.00000000000000
    1     -1     64657.0000000000       0.47104794625862       0.37126033196423      -0.01672116967634
    1     -1     64658.0000000000       0.47104794625862       0.37126033196423      -0.01672116967634
    1     -1     64659.0000000000       0.47104794625862       0.37126033196423      -0.01672116967634
    1     -1     64659.0000000000       0.00000000000000       0.00000000000000       0.00000000000000
    1     -1     64659.0000000000       0.00000000000000       0.00000000000000       0.00000000000000
    1     -1     64659.0000000000       0.46968868292044       0.37297494269311      -0.01679977796068
    1     -1     64660.0000000000       0.46968868292044       0.37297494269311      -0.01679977796068
    1     -1     64661.0000000000       0.46968868292044       0.37297494269311      -0.01679977796068
    1     -1     64661.0000000000       0.00000000000000       0.00000000000000       0.00000000000000
    1     -1     64661.0000000000       0.00000000000000       0.00000000000000       0.00000000000000
    1     -1     64661.0000000000       0.46831858330075       0.37469045737414      -0.01687498053160
    1     -1     64662.0000000000       0.46831858330075       0.37469045737414      -0.01687498053160
    1     -1     64663.0000000000       0.46831858330075       0.37469045737414      -0.01687498053160
    1     -1     64663.0000000000       0.00000000000000       0.00000000000000       0.00000000000000
    1     -1     64663.0000000000       0.00000000000000       0.00000000000000       0.00000000000000
    1     -1     64663.0000000000       0.46693762126383       0.37640677534014      -0.01694687601045
    1     -1     64664.0000000000       0.46693762126383       0.37640677534014      -0.01694687601045
    1     -1     64665.0000000000       0.46693762126383       0.37640677534014      -0.01694687601045
    1     -1     64665.0000000000       0.00000000000000       0.00000000000000       0.00000000000000
    1     -1     64665.0000000000       0.00000000000000       0.00000000000000       0.00000000000000
    1     -1     64665.0000000000       0.46554577024140       0.37812379696469      -0.01701555933104
    1     -1     64666.0000000000       0.46554577024140       0.37812379696469      -0.01701555933104
    1     -1     64667.0000000000       0.46554577024140       0.37812379696469      -0.01701555933104
    1     -1     64667.0000000000       0.00000000000000       0.00000000000000       0.00000000000000
    1     -1     64667.0000000000       0.00000000000000       0.00000000000000       0.00000000000000
    1     -1     64667.0000000000       0.46414300323724       0.37984142362326      -0.01708112191184
    1     -1     64668.0000000000       0.46414300323724       0.37984142362326      -0.01708112191184
    1     -1     64669.0000000000       0.46414300323724       0.37984142362326      -0.01708112191184
    1     -1     64669.0000000000       0.00000000000000       0.00000000000000       0.00000000000000
    1     -1     64669.0000000000       0.00000000000000       0.00000000000000       0.00000000000000
    1     -1     64669.0000000000       0.46272929278795       0.38155955770896      -0.01714365179590
    1     -1     64670.0000000000       0.46272929278795       0.38155955770896      -0.01714365179590
    1     -1     64671.0000000000       0.46272929278795       0.38155955770896      -0.01714365179590
    1     -1     64671.0000000000       0.00000000000000       0.00000000000000       0.00000000000000
    1     -1     64671.0000000000       0.00000000000000       0.00000000000000       0.00000000000000
    1     -1     64671.0000000000       0.46130461097196       0.38327810258684      -0.01720323380754
    1     -1     64672.0000000000       0.46130461097196       0.38327810258684      -0.01720323380754
    1     -1     64673.0000000000       0.46130461097196       0.38327810258684      -0.01720323380754
    1     -1     64673.0000000000       0.00000000000000       0.00000000000000       0.00000000000000
    1     -1     64673.0000000000       0.00000000000000       0.00000000000000       0.00000000000000
    1     -1     64673.0000000000       0.45986892940304       0.38499696256759      -0.01725994969359
    1     -1     64674.0000000000       0.45986892940304       0.38499696256759      -0.01725994969359
    1     -1     64675.0000000000       0.45986892940304       0.38499696256759      -0.01725994969359
    1     -1     64675.0000000000       0.00000000000000       0.00000000000000       0.00000000000000
    1     -1     64675.0000000000       0.00000000000000       0.00000000000000       0.00000000000000
    1     -1     64675.0000000000       0.45842221921065       0.38671604289707      -0.01731387824869
    1     -1     64676.0000000000       0.45842221921065       0.38671604289707      -0.01731387824869
    1     -1     64677.0000000000       0.45842221921065       0.38671604289707      -0.01731387824869
    1     -1     64677.0000000000       0.00000000000000       0.00000000000000       0.00000000000000
    1     -1     64677.0000000000       0.00000000000000       0.00000000000000       0.00000000000000
    1     -1     64677.0000000000       0.45696445104433       0.38843524971595      -0.01736509544652
    1     -1     64678.0000000000       0.45696445104433       0.38843524971595      -0.01736509544652
    1     -1     64679.0000000000       0.45696445104433       0.38843524971595      -0.01736509544652
    1     -1     64679.0000000000       0.00000000000000       0.00000000000000       0.00000000000000
    1     -1     64679.0000000000       0.00000000000000       0.00000000000000       0.00000000000000
    1     -1     64679.0000000000       0.45549559506702       0.39015449003295      -0.01741367455975
    1     -1     64680.0000000000       0.45549559506702       0.39015449003295      -0.01741367455975
    1     -1     64681.0000000000       0.45549559506702       0.39015449003295      -0.01741367455975
    1     -1     64681.0000000000       0.00000000000000       0.00000000000000       0.00000000000000
    1     -1     64681.0000000000       0.00000000000000       0.00000000000000       0.00000000000000
    1     -1     64681.0000000000       0.45401562093439       0.39187367171468      -0.01745968626332
    1     -1     64682.0000000000       0.45401562093439       0.39187367171468      -0.01745968626332
    1     -1     64683.0000000000       0.45401562093439       0.39187367171468      -0.01745968626332
    1     -1     64683.0000000000       0.00000000000000       0.00000000000000       0.00000000000000
    1     -1     64683.0000000000       0.00000000000000       0.00000000000000       0.00000000000000
    1     -1     64683.0000000000       0.45252449781896       0.39359270342183      -0.01750319875906
    1     -1     64684.0000000000       0.45252449781896       0.39359270342183      -0.01750319875906
    1     -1     64685.0000000000       0.45252449781896       0.39359270342183      -0.01750319875906
    1     -1     64685.0000000000       0.00000000000000       0.00000000000000       0.00000000000000
    1     -1     64685.0000000000       0.00000000000000       0.00000000000000       0.00000000000000
    1     -1     64685.0000000000       0.45102219438142       0.39531149460853      -0.01754427786329
    1     -1     64686.0000000000       0.45102219438142       0.39531149460853      -0.01754427786329
    1     -1     64687.0000000000       0.45102219438142       0.39531149460853      -0.01754427786329
    1     -1     64687.0000000000       0.00000000000000       0.00000000000000       0.00000000000000
    1     -1     64687.0000000000       0.00000000000000       0.00000000000000       0.00000000000000
    1     -1     64687.0000000000       0.44950867878180       0.39702995547446      -0.01758298711226
    1     -1     64688.0000000000       0.44950867878180       0.39702995547446      -0.01758298711226
    1     -1     64689.0000000000       0.44950867878180       0.39702995547446      -0.01758298711226
    1     -1     64689.0000000000       0.00000000000000       0.00000000000000       0.00000000000000
    1     -1     64689.0000000000       0.00000000000000       0.00000000000000       0.00000000000000
    1     -1     64689.0000000000       0.44798391867561       0.39874799693502      -0.01761938785423
    1     -1     64690.0000000000       0.44798391867561       0.39874799693502      -0.01761938785423
    1     -1     64691.0000000000       0.44798391867561       0.39874799693502      -0.01761938785423
    1     -1     64691.0000000000       0.00000000000000       0.00000000000000       0.00000000000000
    1     -1     64691.0000000000       0.00000000000000       0.00000000000000       0.00000000000000
    1     -1     64691.0000000000       0.44644788121585       0.40046553058493      -0.01765353933945
    1     -1     64692.0000000000       0.44644788121585       0.40046553058493      -0.01765353933945
    1     -1     64693.0000000000       0.44644788121585       0.40046553058493      -0.01765353933945
    1     -1     64693.0000000000       0.00000000000000       0.00000000000000       0.00000000000000
    1     -1     64693.0000000000       0.00000000000000       0.00000000000000       0.00000000000000
    1     -1     64693.0000000000       0.44490053302964       0.40218246869110      -0.01768549879047
    1     -1     64694.0000000000       0.44490053302964       0.40218246869110      -0.01768549879047
    1     -1     64695.0000000000       0.44490053302964       0.40218246869110      -0.01768549879047
    1     -1     64695.0000000000       0.00000000000000       0.00000000000000       0.00000000000000
    1     -1     64695.0000000000       0.00000000000000       0.00000000000000       0.00000000000000
    1     -1     64695.0000000000       0.44334184025409       0.40389872411795      -0.01771532150450
    1     -1     64696.0000000000       0.44334184025409       0.40389872411795      -0.01771532150450
    1     -1     64697.0000000000       0.44334184025409       0.40389872411795      -0.01771532150450
    1     -1     64697.0000000000       0.00000000000000       0.00000000000000       0.00000000000000
    1     -1     64697.0000000000       0.00000000000000       0.00000000000000       0.00000000000000
    1     -1     64697.0000000000       0.44177176852196       0.40561421031089      -0.01774306092114
    1     -1     64698.0000000000       0.44177176852196       0.40561421031089      -0.01774306092114
    1     -1     64699.0000000000       0.44177176852196       0.40561421031089      -0.01774306092114
    1     -1     64699.0000000000       0.00000000000000       0.00000000000000       0.00000000000000
    1     -1     64699.0000000000       0.00000000000000       0.00000000000000       0.00000000000000
    1     -1     64699.0000000000       0.44019028293734       0.40732884129068      -0.01776876867797
    1     -1     64700.0000000000       0.44019028293734       0.40732884129068      -0.01776876867797
    1     -1     64701.0000000000       0.44019028293734       0.40732884129068      -0.01776876867797
    1     -1     64701.0000000000       0.00000000000000       0.00000000000000       0.00000000000000
    1     -1     64701.0000000000       0.00000000000000       0.00000000000000       0.00000000000000
    1     -1     64701.0000000000       0.43859734813011       0.40904253156003      -0.01779249471518
    1     -1     64702.0000000000       0.43859734813011       0.40904253156003      -0.01779249471518
    1     -1     64703.0000000000       0.43859734813011       0.40904253156003      -0.01779249471518
    1     -1     64703.0000000000       0.00000000000000       0.00000000000000       0.00000000000000
    1     -1     64703.0000000000       0.00000000000000       0.00000000000000       0.00000000000000
    1     -1     64703.0000000000       0.43699292821056       0.41075519612243      -0.01781428731057
    1     -1     64704.0000000000       0.43699292821056       0.41075519612243      -0.01781428731057
    1     -1     64705.0000000000       0.43699292821056       0.41075519612243      -0.01781428731057
    1     -1     64705.0000000000       0.00000000000000       0.00000000000000       0.00000000000000
    1     -1     64705.0000000000       0.00000000000000       0.00000000000000       0.00000000000000
    1     -1     64705.0000000000       0.43537698678869       0.41246675042890      -0.01783419315323
    1     -1     64706.0000000000       0.43537698678869       0.41246675042890      -0.01783419315323
    1     -1     64707.0000000000       0.43537698678869       0.41246675042890      -0.01783419315323
    1     -1     64707.0000000000       0.00000000000000       0.00000000000000       0.00000000000000
    1     -1     64707.0000000000       0.00000000000000       0.00000000000000       0.00000000000000
    1     -1     64707.0000000000       0.43374948698330       0.41417711033704      -0.01785225740868
    1     -1     64708.0000000000       0.43374948698330       0.41417711033704      -0.01785225740868
    1     -1     64709.0000000000       0.43374948698330       0.41417711033704      -0.01785225740868
    1     -1     64709.0000000000       0.00000000000000       0.00000000000000       0.00000000000000
    1     -1     64709.0000000000       0.00000000000000       0.00000000000000       0.00000000000000
    1     -1     64709.0000000000       0.43211039143091       0.41588619207102      -0.01786852378044
    1     -1     64710.0000000000       0.43211039143091       0.41588619207102      -0.01786852378044
    1     -1     64711.0000000000       0.43211039143091       0.41588619207102      -0.01786852378044
    1     -1     64711.0000000000       0.00000000000000       0.00000000000000       0.00000000000000
    1     -1     64711.0000000000       0.00000000000000       0.00000000000000       0.00000000000000
    1     -1     64711.0000000000       0.43045966226799       0.41759391221070      -0.01788303454927
    1     -1     64712.0000000000       0.43045966226799       0.41759391221070      -0.01788303454927
    1     -1     64713.0000000000       0.43045966226799       0.41759391221070      -0.01788303454927
    1     -1     64713.0000000000       0.00000000000000       0.00000000000000       0.00000000000000
    1     -1     64713.0000000000       0.00000000000000       0.00000000000000       0.00000000000000
    1     -1     64713.0000000000       0.42879726114955       0.41930018764185      -0.01789583063605
    1     -1     64714.0000000000       0.42879726114955       0.41930018764185      -0.01789583063605
    1     -1     64715.0000000000       0.42879726114955       0.41930018764185      -0.01789583063605
    1     -1     64715.0000000000       0.00000000000000       0.00000000000000       0.00000000000000
    1     -1     64715.0000000000       0.00000000000000       0.00000000000000       0.00000000000000
    1     -1     64715.0000000000       0.42712314925601       0.42100493551989      -0.01790695165356
    1     -1     64716.0000000000       0.42712314925601       0.42100493551989      -0.01790695165356
    1     -1     64717.0000000000       0.42712314925601       0.42100493551989      -0.01790695165356
    1     -1     64717.0000000000       0.00000000000000       0.00000000000000       0.00000000000000
    1     -1     64717.0000000000       0.00000000000000       0.00000000000000       0.00000000000000
    1     -1     64717.0000000000       0.42543728729142       0.42270807324325      -0.01791643594851
    1     -1     64718.0000000000       0.42543728729142       0.42270807324325      -0.01791643594851
    1     -1     64719.0000000000       0.42543728729142       0.42270807324325      -0.01791643594851
    1     -1     64719.0000000000       0.00000000000000       0.00000000000000       0.00000000000000
    1     -1     64719.0000000000       0.00000000000000       0.00000000000000       0.00000000000000
    1     -1     64719.0000000000       0.42373963550799       0.42440951839974      -0.01792432066372
    1     -1     64720.0000000000       0.42373963550799       0.42440951839974      -0.01792432066372
    1     -1     64721.0000000000       0.42373963550799       0.42440951839974      -0.01792432066372
    1     -1     64721.0000000000       0.00000000000000       0.00000000000000       0.00000000000000
    1     -1     64721.0000000000       0.00000000000000       0.00000000000000       0.00000000000000
    1     -1     64721.0000000000       0.42203015368116       0.42610918876513      -0.01793064175580
    1     -1     64722.0000000000       0.42203015368116       0.42610918876513      -0.01793064175580
    1     -1     64723.0000000000       0.42203015368116       0.42610918876513      -0.01793064175580
    1     -1     64723.0000000000       0.00000000000000       0.00000000000000       0.00000000000000
    1     -1     64723.0000000000       0.00000000000000       0.00000000000000       0.00000000000000
    1     -1     64723.0000000000       0.42030880114545       0.42780700223899      -0.01793543406124
    1     -1     64724.0000000000       0.42030880114545       0.42780700223899      -0.01793543406124
    1     -1     64725.0000000000       0.42030880114545       0.42780700223899      -0.01793543406124
    1     -1     64725.0000000000       0.00000000000000       0.00000000000000       0.00000000000000
    1     -1     64725.0000000000       0.00000000000000       0.00000000000000       0.00000000000000
    1     -1     64725.0000000000       0.41857553678308       0.42950287683013      -0.01793873132066
    1     -1     64726.0000000000       0.41857553678308       0.42950287683013      -0.01793873132066
    1     -1     64727.0000000000       0.41857553678308       0.42950287683013      -0.01793873132066
    1     -1     64727.0000000000       0.00000000000000       0.00000000000000       0.00000000000000
    1     -1     64727.0000000000       0.00000000000000       0.00000000000000       0.00000000000000
    1     -1     64727.0000000000       0.41683031904357       0.43119673061075      -0.01794056622936
    1     -1     64728.0000000000       0.41683031904357       0.43119673061075      -0.01794056622936
    1     -1     64729.0000000000       0.41683031904357       0.43119673061075      -0.01794056622936
    1     -1     64729.0000000000       0.00000000000000       0.00000000000000       0.00000000000000
    1     -1     64729.0000000000       0.00000000000000       0.00000000000000       0.00000000000000
    1     -1     64729.0000000000       0.41507310595772       0.43288848167737      -0.01794097047767
    1     -1     64730.0000000000       0.41507310595772       0.43288848167737      -0.01794097047767
    1     -1     64731.0000000000       0.41507310595772       0.43288848167737      -0.01794097047767
    1     -1     64731.0000000000       0.00000000000000       0.00000000000000       0.00000000000000
    1     -1     64731.0000000000       0.00000000000000       0.00000000000000       0.00000000000000
    1     -1     64731.0000000000       0.41330385511953       0.43457804814425      -0.01793997476224
    1     -1     64732.0000000000       0.41330385511953       0.43457804814425      -0.01793997476224
    1     -1     64733.0000000000       0.41330385511953       0.43457804814425      -0.01793997476224
    1     -1     64733.0000000000       0.00000000000000       0.00000000000000       0.00000000000000
    1     -1     64733.0000000000       0.00000000000000       0.00000000000000       0.00000000000000
    1     -1     64733.0000000000       0.41152252371864       0.43626534808673      -0.01793760884310
    1     -1     64734.0000000000       0.41152252371864       0.43626534808673      -0.01793760884310
    1     -1     64735.0000000000       0.41152252371864       0.43626534808673      -0.01793760884310
    1     -1     64735.0000000000       0.00000000000000       0.00000000000000       0.00000000000000
    1     -1     64735.0000000000       0.00000000000000       0.00000000000000       0.00000000000000
    1     -1     64735.0000000000       0.40972906855741       0.43795029950114      -0.01793390158174
    1     -1     64736.0000000000       0.40972906855741       0.43795029950114      -0.01793390158174
    1     -1     64737.0000000000       0.40972906855741       0.43795029950114      -0.01793390158174
    1     -1     64737.0000000000       0.00000000000000       0.00000000000000       0.00000000000000
    1     -1     64737.0000000000       0.00000000000000       0.00000000000000       0.00000000000000
    1     -1     64737.0000000000       0.40792344603506       0.43963282029757      -0.01792888094911
    1     -1     64738.0000000000       0.40792344603506       0.43963282029757      -0.01792888094911
    1     -1     64739.0000000000       0.40792344603506       0.43963282029757      -0.01792888094911
    1     -1     64739.0000000000       0.00000000000000       0.00000000000000       0.00000000000000
    1     -1     64739.0000000000       0.00000000000000       0.00000000000000       0.00000000000000
    1     -1     64739.0000000000       0.40610561217154       0.44131282825410      -0.01792257406599
    1     -1     64740.0000000000       0.40610561217154       0.44131282825410      -0.01792257406599
    1     -1     64741.0000000000       0.40610561217154       0.44131282825410      -0.01792257406599
    1     -1     64741.0000000000       0.00000000000000       0.00000000000000       0.00000000000000
    1     -1     64741.0000000000       0.00000000000000       0.00000000000000       0.00000000000000
    1     -1     64741.0000000000       0.40427552262627       0.44299024097686      -0.01791500724314
    1     -1     64742.0000000000       0.40427552262627       0.44299024097686      -0.01791500724314
    1     -1     64743.0000000000       0.40427552262627       0.44299024097686      -0.01791500724314
    1     -1     64743.0000000000       0.00000000000000       0.00000000000000       0.00000000000000
    1     -1     64743.0000000000       0.00000000000000       0.00000000000000       0.00000000000000
    1     -1     64743.0000000000       0.40243313269883       0.44466497587863      -0.01790620599301
    1     -1     64744.0000000000       0.40243313269883       0.44466497587863      -0.01790620599301
    1     -1     64745.0000000000       0.40243313269883       0.44466497587863      -0.01790620599301
    1     -1     64745.0000000000       0.00000000000000       0.00000000000000       0.00000000000000
    1     -1     64745.0000000000       0.00000000000000       0.00000000000000       0.00000000000000
    1     -1     64745.0000000000       0.40057839734804       0.44633695013971      -0.01789619507201
    1     -1     64746.0000000000       0.40057839734804       0.44633695013971      -0.01789619507201
    1     -1     64747.0000000000       0.40057839734804       0.44633695013971      -0.01789619507201
    1     -1     64747.0000000000       0.00000000000000       0.00000000000000       0.00000000000000
    1     -1     64747.0000000000       0.00000000000000       0.00000000000000       0.00000000000000
    1     -1     64747.0000000000       0.39871127119930       0.44800608068151      -0.01788499849115
    1     -1     64748.0000000000       0.39871127119930       0.44800608068151      -0.01788499849115
    1     -1     64749.0000000000       0.39871127119930       0.44800608068151      -0.01788499849115
    1     -1     64749.0000000000       0.00000000000000       0.00000000000000       0.00000000000000
    1     -1     64749.0000000000       0.00000000000000       0.00000000000000       0.00000000000000
    1     -1     64749.0000000000       0.39683170855681       0.44967228413548      -0.01787263954387
    1     -1     64750.0000000000       0.39683170855681       0.44967228413548      -0.01787263954387
    1     -1     64751.0000000000       0.39683170855681       0.44967228413548      -0.01787263954387
    1     -1     64751.0000000000       0.00000000000000       0.00000000000000       0.00000000000000
    1     -1     64751.0000000000       0.00000000000000       0.00000000000000       0.00000000000000
    1     -1     64751.0000000000       0.39493966342079       0.45133547680825      -0.01785914083433
    1     -1     64752.0000000000       0.39493966342079       0.45133547680825      -0.01785914083433
    1     -1     64753.0000000000       0.39493966342079       0.45133547680825      -0.01785914083433
    1     -1     64753.0000000000       0.00000000000000       0.00000000000000       0.00000000000000
    1     -1     64753.0000000000       0.00000000000000       0.00000000000000       0.00000000000000
    1     -1     64753.0000000000       0.39303508951026       0.45299557464246      -0.01784452431443
    1     -1     64754.0000000000       0.39303508951026       0.45299557464246      -0.01784452431443
    1     -1     64755.0000000000       0.39303508951026       0.45299557464246      -0.01784452431443
    1     -1     64755.0000000000       0.00000000000000       0.00000000000000       0.00000000000000
    1     -1     64755.0000000000       0.00000000000000       0.00000000000000       0.00000000000000
    1     -1     64755.0000000000       0.39111794025540       0.45465249320698      -0.01782881126297
    1     -1     64756.0000000000       0.39111794025540       0.45465249320698      -0.01782881126297
    1     -1     64757.0000000000       0.39111794025540       0.45465249320698      -0.01782881126297
    1     -1     64757.0000000000       0.00000000000000       0.00000000000000       0.00000000000000
    1     -1     64757.0000000000       0.00000000000000       0.00000000000000       0.00000000000000
    1     -1     64757.0000000000       0.38918816884153       0.45630614763870      -0.01781202236981
    1     -1     64758.0000000000       0.38918816884153       0.45630614763870      -0.01781202236981
    1     -1     64759.0000000000       0.38918816884153       0.45630614763870      -0.01781202236981
    1     -1     64759.0000000000       0.00000000000000       0.00000000000000       0.00000000000000
    1     -1     64759.0000000000       0.00000000000000       0.00000000000000       0.00000000000000
    1     -1     64759.0000000000       0.38724572819287       0.45795645264232      -0.01779417768930
    1     -1     64760.0000000000       0.38724572819287       0.45795645264232      -0.01779417768930
    1     -1     64761.0000000000       0.38724572819287       0.45795645264232      -0.01779417768930
    1     -1     64761.0000000000       0.00000000000000       0.00000000000000       0.00000000000000
    1     -1     64761.0000000000       0.00000000000000       0.00000000000000       0.00000000000000
    1     -1     64761.0000000000       0.38529057101088       0.45960332243952      -0.01777529669700
    1     -1     64762.0000000000       0.38529057101088       0.45960332243952      -0.01777529669700
    1     -1     64763.0000000000       0.38529057101088       0.45960332243952      -0.01777529669700
    1     -1     64763.0000000000       0.00000000000000       0.00000000000000       0.00000000000000
    1     -1     64763.0000000000       0.00000000000000       0.00000000000000       0.00000000000000
    1     -1     64763.0000000000       0.38332264979428       0.46124667073599      -0.01775539832445
    1     -1     64764.0000000000       0.38332264979428       0.46124667073599      -0.01775539832445
    1     -1     64765.0000000000       0.38332264979428       0.46124667073599      -0.01775539832445
    1     -1     64765.0000000000       0.00000000000000       0.00000000000000       0.00000000000000
    1     -1     64765.0000000000       0.00000000000000       0.00000000000000       0.00000000000000
    1     -1     64765.0000000000       0.38134191683387       0.46288641071256      -0.01773450092652
    1     -1     64766.0000000000       0.38134191683387       0.46288641071256      -0.01773450092652
    1     -1     64767.0000000000       0.38134191683387       0.46288641071256      -0.01773450092652
    1     -1     64767.0000000000       0.00000000000000       0.00000000000000       0.00000000000000
    1     -1     64767.0000000000       0.00000000000000       0.00000000000000       0.00000000000000
    1     -1     64767.0000000000       0.37934832425453       0.46452245497362      -0.01771262235117
    1     -1     64768.0000000000       0.37934832425453       0.46452245497362      -0.01771262235117
    1     -1     64769.0000000000       0.37934832425453       0.46452245497362      -0.01771262235117
    1     -1     64769.0000000000       0.00000000000000       0.00000000000000       0.00000000000000
    1     -1     64769.0000000000       0.00000000000000       0.00000000000000       0.00000000000000
    1     -1     64769.0000000000       0.37734182401611       0.46615471553408      -0.01768977991776
    1     -1     64770.0000000000       0.37734182401611       0.46615471553408      -0.01768977991776
    1     -1     64771.0000000000       0.37734182401611       0.46615471553408      -0.01768977991776
    1     -1     64771.0000000000       0.00000000000000       0.00000000000000       0.00000000000000
    1     -1     64771.0000000000       0.00000000000000       0.00000000000000       0.00000000000000
    1     -1     64771.0000000000       0.37532236794212       0.46778310378188      -0.01766599044803
    1     -1     64772.0000000000       0.37532236794212       0.46778310378188      -0.01766599044803
    1     -1     64773.0000000000       0.37532236794212       0.46778310378188      -0.01766599044803
    1     -1     64773.0000000000       0.00000000000000       0.00000000000000       0.00000000000000
    1     -1     64773.0000000000       0.00000000000000       0.00000000000000       0.00000000000000
    1     -1     64773.0000000000       0.37328990774716       0.46940753044236      -0.01764127030916
    1     -1     64774.0000000000       0.37328990774716       0.46940753044236      -0.01764127030916
    1     -1     64775.0000000000       0.37328990774716       0.46940753044236      -0.01764127030916
    1     -1     64775.0000000000       0.00000000000000       0.00000000000000       0.00000000000000
    1     -1     64775.0000000000       0.00000000000000       0.00000000000000       0.00000000000000
    1     -1     64775.0000000000       0.37124439503121       0.47102790557311      -0.01761563536518
    1     -1     64776.0000000000       0.37124439503121       0.47102790557311      -0.01761563536518
    1     -1     64777.0000000000       0.37124439503121       0.47102790557311      -0.01761563536518
    1     -1     64777.0000000000       0.00000000000000       0.00000000000000       0.00000000000000
    1     -1     64777.0000000000       0.00000000000000       0.00000000000000       0.00000000000000
    1     -1     64777.0000000000       0.36918578132808       0.47264413851186      -0.01758910104448
    1     -1     64778.0000000000       0.36918578132808       0.47264413851186      -0.01758910104448
    1     -1     64779.0000000000       0.36918578132808       0.47264413851186      -0.01758910104448
    1     -1     64779.0000000000       0.00000000000000       0.00000000000000       0.00000000000000
    1     -1     64779.0000000000       0.00000000000000       0.00000000000000       0.00000000000000
    1     -1     64779.0000000000       0.36711401811695       0.47425613785713      -0.01756168234726
    1     -1     64780.0000000000       0.36711401811695       0.47425613785713      -0.01756168234726
    1     -1     64781.0000000000       0.36711401811695       0.47425613785713      -0.01756168234726
    1     -1     64781.0000000000       0.00000000000000       0.00000000000000       0.00000000000000
    1     -1     64781.0000000000       0.00000000000000       0.00000000000000       0.00000000000000
    1     -1     64781.0000000000       0.36502905684396       0.47586381144182      -0.01753339384351
    1     -1     64782.0000000000       0.36502905684396       0.47586381144182      -0.01753339384351
    1     -1     64783.0000000000       0.36502905684396       0.47586381144182      -0.01753339384351
    1     -1     64783.0000000000       0.00000000000000       0.00000000000000       0.00000000000000
    1     -1     64783.0000000000       0.00000000000000       0.00000000000000       0.00000000000000
    1     -1     64783.0000000000       0.36293084893504       0.47746706631441      -0.01750424966689
    1     -1     64784.0000000000       0.36293084893504       0.47746706631441      -0.01750424966689
    1     -1     64785.0000000000       0.36293084893504       0.47746706631441      -0.01750424966689
    1     -1     64785.0000000000       0.00000000000000       0.00000000000000       0.00000000000000
    1     -1     64785.0000000000       0.00000000000000       0.00000000000000       0.00000000000000
    1     -1     64785.0000000000       0.36081934585176       0.47906580868495      -0.01747426359372
    1     -1     64786.0000000000       0.36081934585176       0.47906580868495      -0.01747426359372
    1     -1     64787.0000000000       0.36081934585176       0.47906580868495      -0.01747426359372
    1     -1     64787.0000000000       0.00000000000000       0.00000000000000       0.00000000000000
    1     -1     64787.0000000000       0.00000000000000       0.00000000000000       0.00000000000000
    1     -1     64787.0000000000       0.35869449908553       0.48065994392392      -0.01744344899466
    1     -1     64788.0000000000       0.35869449908553       0.48065994392392      -0.01744344899466
    1     -1     64789.0000000000       0.35869449908553       0.48065994392392      -0.01744344899466
    1     -1     64789.0000000000       0.00000000000000       0.00000000000000       0.00000000000000
    1     -1     64789.0000000000       0.00000000000000       0.00000000000000       0.00000000000000
    1     -1     64789.0000000000       0.35655626019104       0.48224937652926      -0.01741181885172
    1     -1     64790.0000000000       0.35655626019104       0.48224937652926      -0.01741181885172
    1     -1     64791.0000000000       0.35655626019104       0.48224937652926      -0.01741181885172
    1     -1     64791.0000000000       0.00000000000000       0.00000000000000       0.00000000000000
    1     -1     64791.0000000000       0.00000000000000       0.00000000000000       0.00000000000000
    1     -1     64791.0000000000       0.35440458082957       0.48383401008623      -0.01737938580323
    1     -1     64792.0000000000       0.35440458082957       0.48383401008623      -0.01737938580323
    1     -1     64793.0000000000       0.35440458082957       0.48383401008623      -0.01737938580323
    1     -1     64793.0000000000       0.00000000000000       0.00000000000000       0.00000000000000
    1     -1     64793.0000000000       0.00000000000000       0.00000000000000       0.00000000000000
    1     -1     64793.0000000000       0.35223941279055       0.48541374724680      -0.01734616213435
    1     -1     64794.0000000000       0.35223941279055       0.48541374724680      -0.01734616213435
    1     -1     64795.0000000000       0.35223941279055       0.48541374724680      -0.01734616213435
    1     -1     64795.0000000000       0.00000000000000       0.00000000000000       0.00000000000000
    1     -1     64795.0000000000       0.00000000000000       0.00000000000000       0.00000000000000
    1     -1     64795.0000000000       0.35006070801808       0.48698848970586      -0.01731215976975
    1     -1     64796.0000000000       0.35006070801808       0.48698848970586      -0.01731215976975
    1     -1     64797.0000000000       0.35006070801808       0.48698848970586      -0.01731215976975
    1     -1     64797.0000000000       0.00000000000000       0.00000000000000       0.00000000000000
    1     -1     64797.0000000000       0.00000000000000       0.00000000000000       0.00000000000000
    1     -1     64797.0000000000       0.34786841867917       0.48855813814650      -0.01727739032586
    1     -1     64798.0000000000       0.34786841867917       0.48855813814650      -0.01727739032586
    1     -1     64799.0000000000       0.34786841867917       0.48855813814650      -0.01727739032586
    1     -1     64799.0000000000       0.00000000000000       0.00000000000000       0.00000000000000
    1     -1     64799.0000000000       0.00000000000000       0.00000000000000       0.00000000000000
    1     -1     64799.0000000000       0.34566249721003       0.49012259220602      -0.01724186508989
    1     -1     64800.0000000000       0.34566249721003       0.49012259220602      -0.01724186508989
    1     -1     64801.0000000000       0.34566249721003       0.49012259220602      -0.01724186508989
    1     -1     64801.0000000000       0.00000000000000       0.00000000000000       0.00000000000000
    1     -1     64801.0000000000       0.00000000000000       0.00000000000000       0.00000000000000
    1     -1     64801.0000000000       0.34344289642061       0.49168175039976      -0.01720559507988
    1     -1     64802.0000000000       0.34344289642061       0.49168175039976      -0.01720559507988
    1     -1     64803.0000000000       0.34344289642061       0.49168175039976      -0.01720559507988
    1     -1     64803.0000000000       0.00000000000000       0.00000000000000       0.00000000000000
    1     -1     64803.0000000000       0.00000000000000       0.00000000000000       0.00000000000000
    1     -1     64803.0000000000       0.34120956961793       0.49323551003409      -0.01716859116418
    1     -1     64804.0000000000       0.34120956961793       0.49323551003409      -0.01716859116418
    1     -1     64805.0000000000       0.34120956961793       0.49323551003409      -0.01716859116418
    1     -1     64805.0000000000       0.00000000000000       0.00000000000000       0.00000000000000
    1     -1     64805.0000000000       0.00000000000000       0.00000000000000       0.00000000000000
    1     -1     64805.0000000000       0.33896247055220       0.49478376723734      -0.01713086441403
    1     -1     64806.0000000000       0.33896247055220       0.49478376723734      -0.01713086441403
    1     -1     64807.0000000000       0.33896247055220       0.49478376723734      -0.01713086441403
    1     -1     64807.0000000000       0.00000000000000       0.00000000000000       0.00000000000000
    1     -1     64807.0000000000       0.00000000000000       0.00000000000000       0.00000000000000
    1     -1     64807.0000000000       0.33726953192756       0.49594029790175      -0.01710213526115
    1     -1     64808.0000000000       0.33726953192756       0.49594029790175      -0.01710213526115
    1     -1     64808.0000000000       0.00000000000000       0.00000000000000       0.00000000000000
    1  57530     64808.0000000000      145215176.369033158     -376380024.952837169         359155.019990534       15.5686613743514        6.6805157767681       -0.2187072111682        2537.5442166362
    1  57530     64808.0000000000      145215176.369033158     -376380024.952837169         359155.019990534       15.5686613743514        6.6805157767681       -0.2187072111682        2497.5442166362
    1     -1     64808.0000000000       0.00000000000000       0.00000000000000       0.00000000000000
    1     -1     64808.0000000000       0.32102529286504       0.50481486203671      -0.04587718046882
    1     -1     64809.0000000000       0.32102529286504       0.50481486203671      -0.04587718046882
    1     -1     64810.0000000000       0.32102529286504       0.50481486203671      -0.04587718046882
    1     -1     64810.0000000000       0.00000000000000       0.00000000000000       0.00000000000000
    1     -1     64810.0000000000       0.00000000000000       0.00000000000000       0.00000000000000
    1     -1     64810.0000000000       0.31961428409938       0.50490847726137      -0.05398275899991
    1     -1     64811.0000000000       0.31961428409938       0.50490847726137      -0.05398275899991
    1     -1     64812.0000000000       0.31961428409938       0.50490847726137      -0.05398275899991
    1     -1     64812.0000000000       0.00000000000000       0.00000000000000       0.00000000000000
    1     -1     64812.0000000000       0.00000000000000       0.00000000000000       0.00000000000000
    1     -1     64812.0000000000       0.31802153668951       0.50493294961697      -0.06249014220459
    1     -1     64813.0000000000       0.31802153668951       0.50493294961697      -0.06249014220459
    1     -1     64814.0000000000       0.31802153668951       0.50493294961697      -0.06249014220459
    1     -1     64814.0000000000       0.00000000000000       0.00000000000000       0.00000000000000
    1     -1     64814.0000000000       0.00000000000000       0.00000000000000       0.00000000000000
    1     -1     64814.0000000000       0.31622972604407       0.50487359531985      -0.07142417234310
    1     -1     64815.0000000000       0.31622972604407       0.50487359531985      -0.07142417234310
    1     -1     64816.0000000000       0.31622972604407       0.50487359531985      -0.07142417234310
    1     -1     64816.0000000000       0.00000000000000       0.00000000000000       0.00000000000000
    1     -1     64816.0000000000       0.00000000000000       0.00000000000000       0.00000000000000
    1     -1     64816.0000000000       0.31421960089041       0.50471341900061      -0.08081092981145
    1     -1     64817.0000000000       0.31421960089041       0.50471341900061      -0.08081092981145
    1     -1     64818.0000000000       0.31421960089041       0.50471341900061      -0.08081092981145
    1     -1     64818.0000000000       0.00000000000000       0.00000000000000       0.00000000000000
    1     -1     64818.0000000000       0.00000000000000       0.00000000000000       0.00000000000000
    1     -1     64818.0000000000       0.31196968848379       0.50443280156830      -0.09067778917289
    1     -1     64819.0000000000       0.31196968848379       0.50443280156830      -0.09067778917289
    1     -1     64820.0000000000       0.31196968848379       0.50443280156830      -0.09067778917289
    1     -1     64820.0000000000       0.00000000000000       0.00000000000000       0.00000000000000
    1     -1     64820.0000000000       0.00000000000000       0.00000000000000       0.00000000000000
    1     -1     64820.0000000000       0.30945604104608       0.50400910665667      -0.10105334406755
    1     -1     64821.0000000000       0.30945604104608       0.50400910665667      -0.10105334406755
    1     -1     64822.0000000000       0.30945604104608       0.50400910665667      -0.10105334406755
    1     -1     64822.0000000000       0.00000000000000       0.00000000000000       0.00000000000000
    1     -1     64822.0000000000       0.00000000000000       0.00000000000000       0.00000000000000
    1     -1     64822.0000000000       0.30665197549673       0.50341623430487      -0.11196722842982
    1     -1     64823.0000000000       0.30665197549673       0.50341623430487      -0.11196722842982
    1     -1     64824.0000000000       0.30665197549673       0.50341623430487      -0.11196722842982
    1     -1     64824.0000000000       0.00000000000000       0.00000000000000       0.00000000000000
    1     -1     64824.0000000000       0.00000000000000       0.00000000000000       0.00000000000000
    1     -1     64824.0000000000       0.30352779587945       0.50262412322226      -0.12344985687971
    1     -1     64825.0000000000       0.30352779587945       0.50262412322226      -0.12344985687971
    1     -1     64826.0000000000       0.30352779587945       0.50262412322226      -0.12344985687971
    1     -1     64826.0000000000       0.00000000000000       0.00000000000000       0.00000000000000
    1     -1     64826.0000000000       0.00000000000000       0.00000000000000       0.00000000000000
    1     -1     64826.0000000000       0.30005050769136       0.50159819975655      -0.13553205567371
    1     -1     64827.0000000000       0.30005050769136       0.50159819975655      -0.13553205567371
    1     -1     64828.0000000000       0.30005050769136       0.50159819975655      -0.13553205567371
    1     -1     64828.0000000000       0.00000000000000       0.00000000000000       0.00000000000000
    1     -1     64828.0000000000       0.00000000000000       0.00000000000000       0.00000000000000
    1     -1     64828.0000000000       0.29618353331986       0.50029877665810      -0.14824455451913
    1     -1     64829.0000000000       0.29618353331986       0.50029877665810      -0.14824455451913
    1     -1     64830.0000000000       0.29618353331986       0.50029877665810      -0.14824455451913
    1     -1     64830.0000000000       0.00000000000000       0.00000000000000       0.00000000000000
    1     -1     64830.0000000000       0.00000000000000       0.00000000000000       0.00000000000000
    1     -1     64830.0000000000       0.29188643346862       0.49868040197825      -0.16161734411809
    1     -1     64831.0000000000       0.29188643346862       0.49868040197825      -0.16161734411809
    1     -1     64832.0000000000       0.29188643346862       0.49868040197825      -0.16161734411809
    1     -1     64832.0000000000       0.00000000000000       0.00000000000000       0.00000000000000
    1     -1     64832.0000000000       0.00000000000000       0.00000000000000       0.00000000000000
    1     -1     64832.0000000000       0.28711479109109       0.49669119847413      -0.17567853988194
    1     -1     64833.0000000000       0.28711479109109       0.49669119847413      -0.17567853988194
    1     -1     64834.0000000000       0.28711479109109       0.49669119847413      -0.17567853988194
    1     -1     64834.0000000000       0.00000000000000       0.00000000000000       0.00000000000000
    1     -1     64834.0000000000       0.00000000000000       0.00000000000000       0.00000000000000
    1     -1     64834.0000000000       0.15022451515088       0.26347254677165      -0.10152134816322
    1     -1     64835.0000000000       0.15022451515088       0.26347254677165      -0.10152134816322
    1     -1     64836.0000000000       0.15022451515088       0.26347254677165      -0.10152134816322
    1     -1     64836.0000000000       0.00000000000000       0.00000000000000       0.00000000000000
    1     -1     64908.0000000000       0.00000000000000       0.00000000000000       0.00000000000000
    1     -1     64908.0000000000      -0.11171772619540      -0.05889085521572      -0.24021378714225
    1     -1     64909.0000000000      -0.11171772619540      -0.05889085521572      -0.24021378714225
    1     -1     64910.0000000000      -0.11171772619540      -0.05889085521572      -0.24021378714225
    1     -1     64910.0000000000       0.00000000000000       0.00000000000000       0.00000000000000
    1     -1     64910.0000000000       0.00000000000000       0.00000000000000       0.00000000000000
    1     -1     64910.0000000000      -0.25403999577114      -0.14268196566187      -0.52450503954058
    1     -1     64911.0000000000      -0.25403999577114      -0.14268196566187      -0.52450503954058
    1     -1     64912.0000000000      -0.25403999577114      -0.14268196566187      -0.52450503954058
    1     -1     64912.0000000000       0.00000000000000       0.00000000000000       0.00000000000000
    1     -1     64912.0000000000       0.00000000000000       0.00000000000000       0.00000000000000
    1     -1     64912.0000000000      -0.26054394915564      -0.15437075820715      -0.51796382001925
    1     -1     64913.0000000000      -0.26054394915564      -0.15437075820715      -0.51796382001925
    1     -1     64914.0000000000      -0.26054394915564      -0.15437075820715      -0.51796382001925
    1     -1     64914.0000000000       0.00000000000000       0.00000000000000       0.00000000000000
    1     -1     64914.0000000000       0.00000000000000       0.00000000000000       0.00000000000000
    1     -1     64914.0000000000      -0.26655066600239      -0.16531913922478      -0.51148834193915
    1     -1     64915.0000000000      -0.26655066600239      -0.16531913922478      -0.51148834193915
    1     -1     64916.0000000000      -0.26655066600239      -0.16531913922478      -0.51148834193915
    1     -1     64916.0000000000       0.00000000000000       0.00000000000000       0.00000000000000
    1     -1     64916.0000000000       0.00000000000000       0.00000000000000       0.00000000000000
    1     -1     64916.0000000000      -0.27210362456632      -0.17557820506449      -0.50510584107116
    1     -1     64917.0000000000      -0.27210362456632      -0.17557820506449      -0.50510584107116
    1     -1     64918.0000000000      -0.27210362456632      -0.17557820506449      -0.50510584107116
    1     -1     64918.0000000000       0.00000000000000       0.00000000000000       0.00000000000000
    1     -1     64918.0000000000       0.00000000000000       0.00000000000000       0.00000000000000
    1     -1     64918.0000000000      -0.27724284125408      -0.18519657246775      -0.49883728389081
    1     -1     64919.0000000000      -0.27724284125408      -0.18519657246775      -0.49883728389081
    1     -1     64920.0000000000      -0.27724284125408      -0.18519657246775      -0.49883728389081
    1     -1     64920.0000000000       0.00000000000000       0.00000000000000       0.00000000000000
    1     -1     64920.0000000000       0.00000000000000       0.00000000000000       0.00000000000000
    1     -1     64920.0000000000      -0.28200499454003      -0.19422010926213      -0.49269841839880
    1     -1     64921.0000000000      -0.28200499454003      -0.19422010926213      -0.49269841839880
    1     -1     64922.0000000000      -0.28200499454003      -0.19422010926213      -0.49269841839880
    1     -1     64922.0000000000       0.00000000000000       0.00000000000000       0.00000000000000
    1     -1     64922.0000000000       0.00000000000000       0.00000000000000       0.00000000000000
    1     -1     64922.0000000000      -0.28642358359148      -0.20269180153368      -0.48670069204147
    1     -1     64923.0000000000      -0.28642358359148      -0.20269180153368      -0.48670069204147
    1     -1     64924.0000000000      -0.28642358359148      -0.20269180153368      -0.48670069204147
    1     -1     64924.0000000000       0.00000000000000       0.00000000000000       0.00000000000000
    1     -1     64924.0000000000       0.00000000000000       0.00000000000000       0.00000000000000
    1     -1     64924.0000000000      -0.29052912250591      -0.21065172516153      -0.48085203435404
    1     -1     64925.0000000000      -0.29052912250591      -0.21065172516153      -0.48085203435404
    1     -1     64926.0000000000      -0.29052912250591      -0.21065172516153      -0.48085203435404
    1     -1     64926.0000000000       0.00000000000000       0.00000000000000       0.00000000000000
    1     -1     64926.0000000000       0.00000000000000       0.00000000000000       0.00000000000000
    1     -1     64926.0000000000      -0.29434935320261      -0.21813709116648      -0.47515751809966
    1     -1     64927.0000000000      -0.29434935320261      -0.21813709116648      -0.47515751809966
    1     -1     64928.0000000000      -0.29434935320261      -0.21813709116648      -0.47515751809966
    1     -1     64928.0000000000       0.00000000000000       0.00000000000000       0.00000000000000
    1     -1     64928.0000000000       0.00000000000000       0.00000000000000       0.00000000000000
    1     -1     64928.0000000000      -0.29790946445717      -0.22518234174420      -0.46961991358272
    1     -1     64929.0000000000      -0.29790946445717      -0.22518234174420      -0.46961991358272
    1     -1     64930.0000000000      -0.29790946445717      -0.22518234174420      -0.46961991358272
    1     -1     64930.0000000000       0.00000000000000       0.00000000000000       0.00000000000000
    1     -1     64930.0000000000       0.00000000000000       0.00000000000000       0.00000000000000
    1     -1     64930.0000000000      -0.30123230857663      -0.23181927925568      -0.46424015047707
    1     -1     64931.0000000000      -0.30123230857663      -0.23181927925568      -0.46424015047707
    1     -1     64932.0000000000      -0.30123230857663      -0.23181927925568      -0.46424015047707
    1     -1     64932.0000000000       0.00000000000000       0.00000000000000       0.00000000000000
    1     -1     64932.0000000000       0.00000000000000       0.00000000000000       0.00000000000000
    1     -1     64932.0000000000      -0.30433861014243      -0.23807721496344      -0.45901770049947
    1     -1     64933.0000000000      -0.30433861014243      -0.23807721496344      -0.45901770049947
    1     -1     64934.0000000000      -0.30433861014243      -0.23807721496344      -0.45901770049947
    1     -1     64934.0000000000       0.00000000000000       0.00000000000000       0.00000000000000
    1     -1     64934.0000000000       0.00000000000000       0.00000000000000       0.00000000000000
    1     -1     64934.0000000000      -0.30724716336416      -0.24398312790117      -0.45395089292151
    1     -1     64935.0000000000      -0.30724716336416      -0.24398312790117      -0.45395089292151
    1     -1     64936.0000000000      -0.30724716336416      -0.24398312790117      -0.45395089292151
    1     -1     64936.0000000000       0.00000000000000       0.00000000000000       0.00000000000000
    1     -1     64936.0000000000       0.00000000000000       0.00000000000000       0.00000000000000
    1     -1     64936.0000000000      -0.30997501609978      -0.24956182690424      -0.44903717354597
    1     -1     64937.0000000000      -0.30997501609978      -0.24956182690424      -0.44903717354597
    1     -1     64938.0000000000      -0.30997501609978      -0.24956182690424      -0.44903717354597
    1     -1     64938.0000000000       0.00000000000000       0.00000000000000       0.00000000000000
    1     -1     64938.0000000000       0.00000000000000       0.00000000000000       0.00000000000000
    1     -1     64938.0000000000      -0.31253763968050      -0.25483611093794      -0.44427331635488
    1     -1     64939.0000000000      -0.31253763968050      -0.25483611093794      -0.44427331635488
    1     -1     64940.0000000000      -0.31253763968050      -0.25483611093794      -0.44427331635488
    1     -1     64940.0000000000       0.00000000000000       0.00000000000000       0.00000000000000
    1     -1     64940.0000000000       0.00000000000000       0.00000000000000       0.00000000000000
    1     -1     64940.0000000000      -0.31494908438704      -0.25982692441884      -0.43965559574604
    1     -1     64941.0000000000      -0.31494908438704      -0.25982692441884      -0.43965559574604
    1     -1     64942.0000000000      -0.31494908438704      -0.25982692441884      -0.43965559574604
    1     -1     64942.0000000000       0.00000000000000       0.00000000000000       0.00000000000000
    1     -1     64942.0000000000       0.00000000000000       0.00000000000000       0.00000000000000
    1     -1     64942.0000000000      -0.31722212094869      -0.26455350535794      -0.43517992608075
    1     -1     64943.0000000000      -0.31722212094869      -0.26455350535794      -0.43517992608075
    1     -1     64944.0000000000      -0.31722212094869      -0.26455350535794      -0.43517992608075
    1     -1     64944.0000000000       0.00000000000000       0.00000000000000       0.00000000000000
    1     -1     64944.0000000000       0.00000000000000       0.00000000000000       0.00000000000000
    1     -1     64944.0000000000      -0.31936836870084      -0.26903352506935      -0.43084197421111
    1     -1     64945.0000000000      -0.31936836870084      -0.26903352506935      -0.43084197421111
    1     -1     64946.0000000000      -0.31936836870084      -0.26903352506935      -0.43084197421111
    1     -1     64946.0000000000       0.00000000000000       0.00000000000000       0.00000000000000
    1     -1     64946.0000000000       0.00000000000000       0.00000000000000       0.00000000000000
    1     -1     64946.0000000000      -0.32139841126011      -0.27328321873887      -0.42663724975113
    1     -1     64947.0000000000      -0.32139841126011      -0.27328321873887      -0.42663724975113
    1     -1     64948.0000000000      -0.32139841126011      -0.27328321873887      -0.42663724975113
    1     -1     64948.0000000000       0.00000000000000       0.00000000000000       0.00000000000000
    1     -1     64948.0000000000       0.00000000000000       0.00000000000000       0.00000000000000
    1     -1     64948.0000000000      -0.32332190064516      -0.27731750664220      -0.42256117705364
    1     -1     64949.0000000000      -0.32332190064516      -0.27731750664220      -0.42256117705364
    1     -1     64950.0000000000      -0.32332190064516      -0.27731750664220      -0.42256117705364
    1     -1     64950.0000000000       0.00000000000000       0.00000000000000       0.00000000000000
    1     -1     64950.0000000000       0.00000000000000       0.00000000000000       0.00000000000000
    1     -1     64950.0000000000      -0.32514765080354      -0.28115010608386      -0.41860915220044
    1     -1     64951.0000000000      -0.32514765080354      -0.28115010608386      -0.41860915220044
    1     -1     64952.0000000000      -0.32514765080354      -0.28115010608386      -0.41860915220044
    1     -1     64952.0000000000       0.00000000000000       0.00000000000000       0.00000000000000
    1     -1     64952.0000000000       0.00000000000000       0.00000000000000       0.00000000000000
    1     -1     64952.0000000000      -0.32688372152761      -0.28479363428692      -0.41477658775528
    1     -1     64953.0000000000      -0.32688372152761      -0.28479363428692      -0.41477658775528
    1     -1     64954.0000000000      -0.32688372152761      -0.28479363428692      -0.41477658775528
    1     -1     64954.0000000000       0.00000000000000       0.00000000000000       0.00000000000000
    1     -1     64954.0000000000       0.00000000000000       0.00000000000000       0.00000000000000
    1     -1     64954.0000000000      -0.32853749362087      -0.28825970277293      -0.41105894750337
    1     -1     64955.0000000000      -0.32853749362087      -0.28825970277293      -0.41105894750337
    1     -1     64956.0000000000      -0.32853749362087      -0.28825970277293      -0.41105894750337
    1     -1     64956.0000000000       0.00000000000000       0.00000000000000       0.00000000000000
    1     -1     64956.0000000000       0.00000000000000       0.00000000000000       0.00000000000000
    1     -1     64956.0000000000      -0.33011573623803      -0.29155900354610      -0.40745177312073
    1     -1     64957.0000000000      -0.33011573623803      -0.29155900354610      -0.40745177312073
    1     -1     64958.0000000000      -0.33011573623803      -0.29155900354610      -0.40745177312073
    1     -1     64958.0000000000       0.00000000000000       0.00000000000000       0.00000000000000
    1  53410     64958.0000000000      312491375.669758081     -226027027.150294811       -5249331.388104743        8.7138985056474       15.3354068727422       -1.0727257135642        2397.1449294944
    1  53410     64958.0000000000      312491375.669758081     -226027027.150294811       -5249331.388104743        8.7138985056474       15.3354068727422       -1.0727257135642        2357.1449294944
    1     -1     64958.0000000000       0.00000000000000       0.00000000000000       0.00000000000000
    1     -1     64958.0000000000       0.55718468901238      -0.00715128028688      -0.22247265180340
    1     -1     64959.0000000000       0.55718468901238      -0.00715128028688      -0.22247265180340
    1     -1     64960.0000000000       0.55718468901238      -0.00715128028688      -0.22247265180340
    1     -1     64960.0000000000       0.00000000000000       0.00000000000000       0.00000000000000
    1     -1     64960.0000000000       0.00000000000000       0.00000000000000       0.00000000000000
    1     -1     64960.0000000000       0.55755959262431      -0.00817233280397      -0.22149607881213
    1     -1     64961.0000000000       0.55755959262431      -0.00817233280397      -0.22149607881213
    1     -1     64962.0000000000       0.55755959262431      -0.00817233280397      -0.22149607881213
    1     -1     64962.0000000000       0.00000000000000       0.00000000000000       0.00000000000000
    1     -1     64962.0000000000       0.00000000000000       0.00000000000000       0.00000000000000
    1     -1     64962.0000000000       0.55795234400303      -0.00928068919621      -0.22046099407735
    1     -1     64963.0000000000       0.55795234400303      -0.00928068919621      -0.22046099407735
    1     -1     64964.0000000000       0.55795234400303      -0.00928068919621      -0.22046099407735
    1     -1     64964.0000000000       0.00000000000000       0.00000000000000       0.00000000000000
    1     -1     64964.0000000000       0.00000000000000       0.00000000000000       0.00000000000000
    1     -1     64964.0000000000       0.55836307296670      -0.01047925345045      -0.21936468100928
    1     -1     64965.0000000000       0.55836307296670      -0.01047925345045      -0.21936468100928
    1     -1     64966.0000000000       0.55836307296670      -0.01047925345045      -0.21936468100928
    1     -1     64966.0000000000       0.00000000000000       0.00000000000000       0.00000000000000
    1     -1     64966.0000000000       0.00000000000000       0.00000000000000       0.00000000000000
    1     -1     64966.0000000000       0.55879185519406      -0.01177105859476      -0.21820427133385
    1     -1     64967.0000000000       0.55879185519406      -0.01177105859476      -0.21820427133385
    1     -1     64968.0000000000       0.55879185519406      -0.01177105859476      -0.21820427133385
    1     -1     64968.0000000000       0.00000000000000       0.00000000000000       0.00000000000000
    1     -1     64968.0000000000       0.00000000000000       0.00000000000000       0.00000000000000
    1     -1     64968.0000000000       0.55923870469648      -0.01315927308232      -0.21697673603719
    1     -1     64969.0000000000       0.55923870469648      -0.01315927308232      -0.21697673603719
    1     -1     64970.0000000000       0.55923870469648      -0.01315927308232      -0.21697673603719
    1     -1     64970.0000000000       0.00000000000000       0.00000000000000       0.00000000000000
    1     -1     64970.0000000000       0.00000000000000       0.00000000000000       0.00000000000000
    1     -1     64970.0000000000       0.55970356555481      -0.01464720745157      -0.21567887541228
    1     -1     64971.0000000000       0.55970356555481      -0.01464720745157      -0.21567887541228
    1     -1     64972.0000000000       0.55970356555481      -0.01464720745157      -0.21567887541228
    1     -1     64972.0000000000       0.00000000000000       0.00000000000000       0.00000000000000
    1     -1     64972.0000000000       0.00000000000000       0.00000000000000       0.00000000000000
    1     -1     64972.0000000000       0.56018630275221      -0.01623832128855      -0.21430730834608
    1     -1     64973.0000000000       0.56018630275221      -0.01623832128855      -0.21430730834608
    1     -1     64974.0000000000       0.56018630275221      -0.01623832128855      -0.21430730834608
    1     -1     64974.0000000000       0.00000000000000       0.00000000000000       0.00000000000000
    1     -1     64974.0000000000       0.00000000000000       0.00000000000000       0.00000000000000
    1     -1     64974.0000000000       0.56068669195575      -0.01793623036994      -0.21285846091672
    1     -1     64975.0000000000       0.56068669195575      -0.01793623036994      -0.21285846091672
    1     -1     64976.0000000000       0.56068669195575      -0.01793623036994      -0.21285846091672
    1     -1     64976.0000000000       0.00000000000000       0.00000000000000       0.00000000000000
    1     -1     64976.0000000000       0.00000000000000       0.00000000000000       0.00000000000000
    1     -1     64976.0000000000       0.56120440814118      -0.01974471406020      -0.21132855422208
    1     -1     64977.0000000000       0.56120440814118      -0.01974471406020      -0.21132855422208
    1     -1     64978.0000000000       0.56120440814118      -0.01974471406020      -0.21132855422208
    1     -1     64978.0000000000       0.00000000000000       0.00000000000000       0.00000000000000
    1     -1     64978.0000000000       0.00000000000000       0.00000000000000       0.00000000000000
    1     -1     64978.0000000000       0.56173901290239      -0.02166772287455      -0.20971359147391
    1     -1     64979.0000000000       0.56173901290239      -0.02166772287455      -0.20971359147391
    1     -1     64980.0000000000       0.56173901290239      -0.02166772287455      -0.20971359147391
    1     -1     64980.0000000000       0.00000000000000       0.00000000000000       0.00000000000000
    1     -1     64980.0000000000       0.00000000000000       0.00000000000000       0.00000000000000
    1     -1     64980.0000000000       0.56228994032137      -0.02370938622430      -0.20800934425707
    1     -1     64981.0000000000       0.56228994032137      -0.02370938622430      -0.20800934425707
    1     -1     64982.0000000000       0.56228994032137      -0.02370938622430      -0.20800934425707
    1     -1     64982.0000000000       0.00000000000000       0.00000000000000       0.00000000000000
    1     -1     64982.0000000000       0.00000000000000       0.00000000000000       0.00000000000000
    1     -1     64982.0000000000       0.56285648121333      -0.02587402028438      -0.20621133797750
    1     -1     64983.0000000000       0.56285648121333      -0.02587402028438      -0.20621133797750
    1     -1     64984.0000000000       0.56285648121333      -0.02587402028438      -0.20621133797750
    1     -1     64984.0000000000       0.00000000000000       0.00000000000000       0.00000000000000
    1     -1     64984.0000000000       0.00000000000000       0.00000000000000       0.00000000000000
    1     -1     64984.0000000000       0.56343776557482      -0.02816613591979      -0.20431483644465
    1     -1     64985.0000000000       0.56343776557482      -0.02816613591979      -0.20431483644465
    1     -1     64986.0000000000       0.56343776557482      -0.02816613591979      -0.20431483644465
    1     -1     64986.0000000000       0.00000000000000       0.00000000000000       0.00000000000000
    1     -1     64986.0000000000       0.00000000000000       0.00000000000000       0.00000000000000
    1     -1     64986.0000000000       0.56403274303111      -0.03059044662919      -0.20231482556606
    1     -1     64987.0000000000       0.56403274303111      -0.03059044662919      -0.20231482556606
    1     -1     64988.0000000000       0.56403274303111      -0.03059044662919      -0.20231482556606
    1     -1     64988.0000000000       0.00000000000000       0.00000000000000       0.00000000000000
    1     -1     64988.0000000000       0.00000000000000       0.00000000000000       0.00000000000000
    1     -1     64988.0000000000       0.56464016104048      -0.03315187629578      -0.20020599620954
    1     -1     64989.0000000000       0.56464016104048      -0.03315187629578      -0.20020599620954
    1     -1     64990.0000000000       0.56464016104048      -0.03315187629578      -0.20020599620954
    1     -1     64990.0000000000       0.00000000000000       0.00000000000000       0.00000000000000
    1     -1     64990.0000000000       0.00000000000000       0.00000000000000       0.00000000000000
    1     -1     64990.0000000000       0.56525854064141      -0.03585556681313      -0.19798272611633
    1     -1     64991.0000000000       0.56525854064141      -0.03585556681313      -0.19798272611633
    1     -1     64992.0000000000       0.56525854064141      -0.03585556681313      -0.19798272611633
    1     -1     64992.0000000000       0.00000000000000       0.00000000000000       0.00000000000000
    1     -1     64992.0000000000       0.00000000000000       0.00000000000000       0.00000000000000
    1     -1     64992.0000000000       0.56588614942493      -0.03870688517327      -0.19563906105176
    1     -1     64993.0000000000       0.56588614942493      -0.03870688517327      -0.19563906105176
    1     -1     64994.0000000000       0.56588614942493      -0.03870688517327      -0.19563906105176
    1     -1     64994.0000000000       0.00000000000000       0.00000000000000       0.00000000000000
    1     -1     64994.0000000000       0.00000000000000       0.00000000000000       0.00000000000000
    1     -1     64994.0000000000       0.56652097147508      -0.04171143006111      -0.19316869508589
    1     -1     64995.0000000000       0.56652097147508      -0.04171143006111      -0.19316869508589
    1     -1     64996.0000000000       0.56652097147508      -0.04171143006111      -0.19316869508589
    1     -1     64996.0000000000       0.00000000000000       0.00000000000000       0.00000000000000
    1     -1     64996.0000000000       0.00000000000000       0.00000000000000       0.00000000000000
    1     -1     64996.0000000000       0.56716067392655      -0.04487503756241      -0.19056495017434
    1     -1     64997.0000000000       0.56716067392655      -0.04487503756241      -0.19056495017434
    1     -1     64998.0000000000       0.56716067392655      -0.04487503756241      -0.19056495017434
    1     -1     64998.0000000000       0.00000000000000       0.00000000000000       0.00000000000000
    1     -1     64998.0000000000       0.00000000000000       0.00000000000000       0.00000000000000
    1     -1     64998.0000000000       0.56780256979572      -0.04820378573694      -0.18782075512041
    1     -1     64999.0000000000       0.56780256979572      -0.04820378573694      -0.18782075512041
    1     -1     65000.0000000000       0.56780256979572      -0.04820378573694      -0.18782075512041
    1     -1     65000.0000000000       0.00000000000000       0.00000000000000       0.00000000000000
    1     -1     65000.0000000000       0.00000000000000       0.00000000000000       0.00000000000000
    1     -1     65000.0000000000       0.56844357674250      -0.05170399806096      -0.18492862386527
    1     -1     65001.0000000000       0.56844357674250      -0.05170399806096      -0.18492862386527
    1     -1     65002.0000000000       0.56844357674250      -0.05170399806096      -0.18492862386527
    1     -1     65002.0000000000       0.00000000000000       0.00000000000000       0.00000000000000
    1     -1     65002.0000000000       0.00000000000000       0.00000000000000       0.00000000000000
    1     -1     65002.0000000000       0.56908017129025      -0.05538224479938      -0.18188063361788
    1     -1     65003.0000000000       0.56908017129025      -0.05538224479938      -0.18188063361788
    1     -1     65004.0000000000       0.56908017129025      -0.05538224479938      -0.18188063361788
    1     -1     65004.0000000000       0.00000000000000       0.00000000000000       0.00000000000000
    1     -1     65004.0000000000       0.00000000000000       0.00000000000000       0.00000000000000
    1     -1     65004.0000000000       0.56970833813504      -0.05924534240903      -0.17866840275283
    1     -1     65005.0000000000       0.56970833813504      -0.05924534240903      -0.17866840275283
    1     -1     65006.0000000000       0.56970833813504      -0.05924534240903      -0.17866840275283
    1     -1     65006.0000000000       0.00000000000000       0.00000000000000       0.00000000000000
    1     -1     65006.0000000000       0.00000000000000       0.00000000000000       0.00000000000000
    1     -1     65006.0000000000       0.57032351407113      -0.06330035036764      -0.17528306883694
    1     -1     65007.0000000000       0.57032351407113      -0.06330035036764      -0.17528306883694
    1     -1     65008.0000000000       0.57032351407113      -0.06330035036764      -0.17528306883694
    1     -1     65008.0000000000       0.00000000000000       0.00000000000000       0.00000000000000
    1     -1     65008.0000000000       0.00000000000000       0.00000000000000       0.00000000000000
    1     -1     65008.0000000000       0.57092052603405      -0.06755456385599      -0.17171526762416
    1     -1     65009.0000000000       0.57092052603405      -0.06755456385599      -0.17171526762416
    1     -1     65010.0000000000       0.57092052603405      -0.06755456385599      -0.17171526762416
    1     -1     65010.0000000000       0.00000000000000       0.00000000000000       0.00000000000000
    1     -1     65010.0000000000       0.00000000000000       0.00000000000000       0.00000000000000
    1     -1     65010.0000000000       0.57149352311318      -0.07201550082711      -0.16795511293290
    1     -1     65011.0000000000       0.57149352311318      -0.07201550082711      -0.16795511293290
    1     -1     65012.0000000000       0.57149352311318      -0.07201550082711      -0.16795511293290
    1     -1     65012.0000000000       0.00000000000000       0.00000000000000       0.00000000000000
    1     -1     65012.0000000000       0.00000000000000       0.00000000000000       0.00000000000000
    1     -1     65012.0000000000       0.57203590346912      -0.07669089256012      -0.16399216877826
    1     -1     65013.0000000000       0.57203590346912      -0.07669089256012      -0.16399216877826
    1     -1     65014.0000000000       0.57203590346912      -0.07669089256012      -0.16399216877826
    1     -1     65014.0000000000       0.00000000000000       0.00000000000000       0.00000000000000
    1     -1     65014.0000000000       0.00000000000000       0.00000000000000       0.00000000000000
    1     -1     65014.0000000000       0.57254024220216      -0.08158846808260      -0.15981549428959
    1     -1     65015.0000000000       0.57254024220216      -0.08158846808260      -0.15981549428959
    1     -1     65016.0000000000       0.57254024220216      -0.08158846808260      -0.15981549428959
    1     -1     65016.0000000000       0.00000000000000       0.00000000000000       0.00000000000000
    1     -1     65016.0000000000       0.00000000000000       0.00000000000000       0.00000000000000
    1     -1     65016.0000000000       0.35407899187476      -0.05358564458462      -0.09603648896709
    1     -1     65017.0000000000       0.35407899187476      -0.05358564458462      -0.09603648896709
    1     -1     65018.0000000000       0.35407899187476      -0.05358564458462      -0.09603648896709
    1     -1     65018.0000000000       0.00000000000000       0.00000000000000       0.00000000000000
    1     -1     65172.0000000000       0.00000000000000       0.00000000000000       0.00000000000000
    1     -1     65172.0000000000      -0.10367919567399      -0.18945020240036       0.22360654556310
    1     -1     65173.0000000000      -0.10367919567399      -0.18945020240036       0.22360654556310
    1     -1     65174.0000000000      -0.10367919567399      -0.18945020240036       0.22360654556310
    1     -1     65174.0000000000       0.00000000000000       0.00000000000000       0.00000000000000
    1     -1     65174.0000000000       0.00000000000000       0.00000000000000       0.00000000000000
    1     -1     65174.0000000000      -0.20671781290479      -0.36256581242790       0.43106122159893
    1     -1     65175.0000000000      -0.20671781290479      -0.36256581242790       0.43106122159893
    1     -1     65176.0000000000      -0.20671781290479      -0.36256581242790       0.43106122159893
    1     -1     65176.0000000000       0.00000000000000       0.00000000000000       0.00000000000000
    1     -1     65176.0000000000       0.00000000000000       0.00000000000000       0.00000000000000
    1     -1     65176.0000000000      -0.21314449375179      -0.35952773358354       0.43047558914249
    1     -1     65177.0000000000      -0.21314449375179      -0.35952773358354       0.43047558914249
    1     -1     65178.0000000000      -0.21314449375179      -0.35952773358354       0.43047558914249
    1     -1     65178.0000000000       0.00000000000000       0.00000000000000       0.00000000000000
    1     -1     65178.0000000000       0.00000000000000       0.00000000000000       0.00000000000000
    1     -1     65178.0000000000      -0.21939669498766      -0.35653689334874       0.42982151317695
    1     -1     65179.0000000000      -0.21939669498766      -0.35653689334874       0.42982151317695
    1     -1     65180.0000000000      -0.21939669498766      -0.35653689334874       0.42982151317695
    1     -1     65180.0000000000       0.00000000000000       0.00000000000000       0.00000000000000
    1     -1     65180.0000000000       0.00000000000000       0.00000000000000       0.00000000000000
    1     -1     65180.0000000000      -0.22548230288795      -0.35359407076063       0.42910250929967
    1     -1     65181.0000000000      -0.22548230288795      -0.35359407076063       0.42910250929967
    1     -1     65182.0000000000      -0.22548230288795      -0.35359407076063       0.42910250929967
    1     -1     65182.0000000000       0.00000000000000       0.00000000000000       0.00000000000000
    1     -1     65182.0000000000       0.00000000000000       0.00000000000000       0.00000000000000
    1     -1     65182.0000000000      -0.23140911220642      -0.35069972878830       0.42832175090188
    1     -1     65183.0000000000      -0.23140911220642      -0.35069972878830       0.42832175090188
    1     -1     65184.0000000000      -0.23140911220642      -0.35069972878830       0.42832175090188
    1     -1     65184.0000000000       0.00000000000000       0.00000000000000       0.00000000000000
    1     -1     65184.0000000000       0.00000000000000       0.00000000000000       0.00000000000000
    1     -1     65184.0000000000      -0.23718435960054      -0.34785427272189       0.42748214441075
    1     -1     65185.0000000000      -0.23718435960054      -0.34785427272189       0.42748214441075
    1     -1     65186.0000000000      -0.23718435960054      -0.34785427272189       0.42748214441075
    1     -1     65186.0000000000       0.00000000000000       0.00000000000000       0.00000000000000
    1     -1     65186.0000000000       0.00000000000000       0.00000000000000       0.00000000000000
    1     -1     65186.0000000000      -0.24281487508446      -0.34505800606232       0.42658634315929
    1     -1     65187.0000000000      -0.24281487508446      -0.34505800606232       0.42658634315929
    1     -1     65188.0000000000      -0.24281487508446      -0.34505800606232       0.42658634315929
    1     -1     65188.0000000000       0.00000000000000       0.00000000000000       0.00000000000000
    1     -1     65188.0000000000       0.00000000000000       0.00000000000000       0.00000000000000
    1     -1     65188.0000000000      -0.24830708674537      -0.34231115388344       0.42563677458487
    1     -1     65189.0000000000      -0.24830708674537      -0.34231115388344       0.42563677458487
    1     -1     65190.0000000000      -0.24830708674537      -0.34231115388344       0.42563677458487
    1     -1     65190.0000000000       0.00000000000000       0.00000000000000       0.00000000000000
    1     -1     65190.0000000000       0.00000000000000       0.00000000000000       0.00000000000000
    1     -1     65190.0000000000      -0.25366703834576      -0.33961387823220       0.42463566342098
    1     -1     65191.0000000000      -0.25366703834576      -0.33961387823220       0.42463566342098
    1     -1     65192.0000000000      -0.25366703834576      -0.33961387823220       0.42463566342098
    1     -1     65192.0000000000       0.00000000000000       0.00000000000000       0.00000000000000
    1     -1     65192.0000000000       0.00000000000000       0.00000000000000       0.00000000000000
    1     -1     65192.0000000000      -0.25890040963735      -0.33696629036018       0.42358505206217
    1     -1     65193.0000000000      -0.25890040963735      -0.33696629036018       0.42358505206217
    1     -1     65194.0000000000      -0.25890040963735      -0.33696629036018       0.42358505206217
    1     -1     65194.0000000000       0.00000000000000       0.00000000000000       0.00000000000000
    1     -1     65194.0000000000       0.00000000000000       0.00000000000000       0.00000000000000
    1     -1     65194.0000000000      -0.26401253573195      -0.33436846145552       0.42248681901363
    1     -1     65195.0000000000      -0.26401253573195      -0.33436846145552       0.42248681901363
    1     -1     65196.0000000000      -0.26401253573195      -0.33436846145552       0.42248681901363
    1     -1     65196.0000000000       0.00000000000000       0.00000000000000       0.00000000000000
    1     -1     65196.0000000000       0.00000000000000       0.00000000000000       0.00000000000000
    1     -1     65196.0000000000      -0.26900842584003      -0.33182043178461       0.42134269562595
    1     -1     65197.0000000000      -0.26900842584003      -0.33182043178461       0.42134269562595
    1     -1     65198.0000000000      -0.26900842584003      -0.33182043178461       0.42134269562595
    1     -1     65198.0000000000       0.00000000000000       0.00000000000000       0.00000000000000
    1     -1     65198.0000000000       0.00000000000000       0.00000000000000       0.00000000000000
    1     -1     65198.0000000000      -0.27389278103448      -0.32932221859784       0.42015428132412
    1     -1     65199.0000000000      -0.27389278103448      -0.32932221859784       0.42015428132412
    1     -1     65200.0000000000      -0.27389278103448      -0.32932221859784       0.42015428132412
    1     -1     65200.0000000000       0.00000000000000       0.00000000000000       0.00000000000000
    1     -1     65200.0000000000       0.00000000000000       0.00000000000000       0.00000000000000
    1     -1     65200.0000000000      -0.27867001145070      -0.32687382273811       0.41892305738243
    1     -1     65201.0000000000      -0.27867001145070      -0.32687382273811       0.41892305738243
    1     -1     65202.0000000000      -0.27867001145070      -0.32687382273811       0.41892305738243
    1     -1     65202.0000000000       0.00000000000000       0.00000000000000       0.00000000000000
    1     -1     65202.0000000000       0.00000000000000       0.00000000000000       0.00000000000000
    1     -1     65202.0000000000      -0.28334425248122      -0.32447523435352       0.41765039944562
    1     -1     65203.0000000000      -0.28334425248122      -0.32447523435352       0.41765039944562
    1     -1     65204.0000000000      -0.28334425248122      -0.32447523435352       0.41765039944562
    1     -1     65204.0000000000       0.00000000000000       0.00000000000000       0.00000000000000
    1     -1     65204.0000000000       0.00000000000000       0.00000000000000       0.00000000000000
    1     -1     65204.0000000000      -0.28791938033860      -0.32212643763229       0.41633758884320
    1     -1     65205.0000000000      -0.28791938033860      -0.32212643763229       0.41633758884320
    1     -1     65206.0000000000      -0.28791938033860      -0.32212643763229       0.41633758884320
    1     -1     65206.0000000000       0.00000000000000       0.00000000000000       0.00000000000000
    1     -1     65206.0000000000       0.00000000000000       0.00000000000000       0.00000000000000
    1     -1     65206.0000000000      -0.29239902677003      -0.31982741480839       0.41498582284328
    1     -1     65207.0000000000      -0.29239902677003      -0.31982741480839       0.41498582284328
    1     -1     65208.0000000000      -0.29239902677003      -0.31982741480839       0.41498582284328
    1     -1     65208.0000000000       0.00000000000000       0.00000000000000       0.00000000000000
    1     -1     65208.0000000000       0.00000000000000       0.00000000000000       0.00000000000000
    1     -1     65208.0000000000      -0.29678659301381      -0.31757814950096       0.41359622392716
    1     -1     65209.0000000000      -0.29678659301381      -0.31757814950096       0.41359622392716
    1     -1     65210.0000000000      -0.29678659301381      -0.31757814950096       0.41359622392716
    1     -1     65210.0000000000       0.00000000000000       0.00000000000000       0.00000000000000
    1     -1     65210.0000000000       0.00000000000000       0.00000000000000       0.00000000000000
    1     -1     65210.0000000000      -0.30108526321736      -0.31537862934167       0.41216984813048
    1     -1     65211.0000000000      -0.30108526321736      -0.31537862934167       0.41216984813048
    1     -1     65212.0000000000      -0.30108526321736      -0.31537862934167       0.41216984813048
    1     -1     65212.0000000000       0.00000000000000       0.00000000000000       0.00000000000000
    1     -1     65212.0000000000       0.00000000000000       0.00000000000000       0.00000000000000
    1     -1     65212.0000000000      -0.30529801708191      -0.31322884813628       0.41070769257596
    1     -1     65213.0000000000      -0.30529801708191      -0.31322884813628       0.41070769257596
    1     -1     65214.0000000000      -0.30529801708191      -0.31322884813628       0.41070769257596
    1     -1     65214.0000000000       0.00000000000000       0.00000000000000       0.00000000000000
    1     -1     65214.0000000000       0.00000000000000       0.00000000000000       0.00000000000000
    1     -1     65214.0000000000      -0.30942764211584      -0.31112880737508       0.40921070220119
    1     -1     65215.0000000000      -0.30942764211584      -0.31112880737508       0.40921070220119
    1     -1     65216.0000000000      -0.30942764211584      -0.31112880737508       0.40921070220119
    1     -1     65216.0000000000       0.00000000000000       0.00000000000000       0.00000000000000
    1     -1     65216.0000000000       0.00000000000000       0.00000000000000       0.00000000000000
    1     -1     65216.0000000000      -0.31347674524075      -0.30907851732732       0.40767977580451
    1     -1     65217.0000000000      -0.31347674524075      -0.30907851732732       0.40767977580451
    1     -1     65218.0000000000      -0.31347674524075      -0.30907851732732       0.40767977580451
    1     -1     65218.0000000000       0.00000000000000       0.00000000000000       0.00000000000000
    1     -1     65218.0000000000       0.00000000000000       0.00000000000000       0.00000000000000
    1     -1     65218.0000000000      -0.31744776389453      -0.30707799765599       0.40611577146665
    1     -1     65219.0000000000      -0.31744776389453      -0.30707799765599       0.40611577146665
    1     -1     65220.0000000000      -0.31744776389453      -0.30707799765599       0.40611577146665
    1     -1     65220.0000000000       0.00000000000000       0.00000000000000       0.00000000000000
    1     -1     65220.0000000000       0.00000000000000       0.00000000000000       0.00000000000000
    1     -1     65220.0000000000      -0.32134297625941      -0.30512727788683       0.40451951149248
    1     -1     65221.0000000000      -0.32134297625941      -0.30512727788683       0.40451951149248
    1     -1     65222.0000000000      -0.32134297625941      -0.30512727788683       0.40451951149248
    1     -1     65222.0000000000       0.00000000000000       0.00000000000000       0.00000000000000
    1     -1     65222.0000000000       0.00000000000000       0.00000000000000       0.00000000000000
    1     -1     65222.0000000000      -0.32516451069248      -0.30322639775475       0.40289178692398
    1     -1     65223.0000000000      -0.32516451069248      -0.30322639775475       0.40289178692398
    1     -1     65224.0000000000      -0.32516451069248      -0.30322639775475       0.40289178692398
    1     -1     65224.0000000000       0.00000000000000       0.00000000000000       0.00000000000000
    1     -1     65224.0000000000       0.00000000000000       0.00000000000000       0.00000000000000
    1     -1     65224.0000000000      -0.32891435422911      -0.30137540766727       0.40123336166804
    1     -1     65225.0000000000      -0.32891435422911      -0.30137540766727       0.40123336166804
    1     -1     65226.0000000000      -0.32891435422911      -0.30137540766727       0.40123336166804
    1     -1     65226.0000000000       0.00000000000000       0.00000000000000       0.00000000000000
    1     -1     65226.0000000000       0.00000000000000       0.00000000000000       0.00000000000000
    1     -1     65226.0000000000      -0.33259436069083      -0.29957436896389       0.39954497616232
    1     -1     65227.0000000000      -0.33259436069083      -0.29957436896389       0.39954497616232
    1     -1     65228.0000000000      -0.33259436069083      -0.29957436896389       0.39954497616232
    1     -1     65228.0000000000       0.00000000000000       0.00000000000000       0.00000000000000
    1     -1     65228.0000000000       0.00000000000000       0.00000000000000       0.00000000000000
    1     -1     65228.0000000000      -0.33620625849019      -0.29782335395717       0.39782735058029
    1     -1     65229.0000000000      -0.33620625849019      -0.29782335395717       0.39782735058029
    1     -1     65230.0000000000      -0.33620625849019      -0.29782335395717       0.39782735058029
    1     -1     65230.0000000000       0.00000000000000       0.00000000000000       0.00000000000000
    1     -1     65230.0000000000       0.00000000000000       0.00000000000000       0.00000000000000
    1     -1     65230.0000000000      -0.33975165830033      -0.29612244560925       0.39608118759741
    1     -1     65231.0000000000      -0.33975165830033      -0.29612244560925       0.39608118759741
    1     -1     65232.0000000000      -0.33975165830033      -0.29612244560925       0.39608118759741
    1     -1     65232.0000000000       0.00000000000000       0.00000000000000       0.00000000000000
    1     -1     65232.0000000000       0.00000000000000       0.00000000000000       0.00000000000000
    1     -1     65232.0000000000      -0.34323206040845      -0.29447173698888       0.39430717480477
    1     -1     65233.0000000000      -0.34323206040845      -0.29447173698888       0.39430717480477
    1     -1     65234.0000000000      -0.34323206040845      -0.29447173698888       0.39430717480477
    1     -1     65234.0000000000       0.00000000000000       0.00000000000000       0.00000000000000
    1     -1     65234.0000000000       0.00000000000000       0.00000000000000       0.00000000000000
    1     -1     65234.0000000000      -0.34664886167941      -0.29287133057054       0.39250598684123
    1     -1     65235.0000000000      -0.34664886167941      -0.29287133057054       0.39250598684123
    1     -1     65236.0000000000      -0.34664886167941      -0.29287133057054       0.39250598684123
    1     -1     65236.0000000000       0.00000000000000       0.00000000000000       0.00000000000000
    1     -1     65236.0000000000       0.00000000000000       0.00000000000000       0.00000000000000
    1     -1     65236.0000000000      -0.35000336203548      -0.29132133750343       0.39067828728901
    1     -1     65237.0000000000      -0.35000336203548      -0.29132133750343       0.39067828728901
    1     -1     65238.0000000000      -0.35000336203548      -0.29132133750343       0.39067828728901
    1     -1     65238.0000000000       0.00000000000000       0.00000000000000       0.00000000000000
    1     -1     65238.0000000000       0.00000000000000       0.00000000000000       0.00000000000000
    1     -1     65238.0000000000      -0.35329677052409      -0.28982187683981       0.38882473033785
    1     -1     65239.0000000000      -0.35329677052409      -0.28982187683981       0.38882473033785
    1     -1     65240.0000000000      -0.35329677052409      -0.28982187683981       0.38882473033785
    1     -1     65240.0000000000       0.00000000000000       0.00000000000000       0.00000000000000
    1     -1     65240.0000000000       0.00000000000000       0.00000000000000       0.00000000000000
    1     -1     65240.0000000000      -0.35653021095772      -0.28837307476625       0.38694596225352
    1     -1     65241.0000000000      -0.35653021095772      -0.28837307476625       0.38694596225352
    1     -1     65242.0000000000      -0.35653021095772      -0.28837307476625       0.38694596225352
    1     -1     65242.0000000000       0.00000000000000       0.00000000000000       0.00000000000000
    1     -1     65242.0000000000       0.00000000000000       0.00000000000000       0.00000000000000
    1     -1     65242.0000000000      -0.35891498467046      -0.28731910214527       0.38552271865798
    1     -1     65243.0000000000      -0.35891498467046      -0.28731910214527       0.38552271865798
    1     -1     65243.0000000000       0.00000000000000       0.00000000000000       0.00000000000000
    1  16118     65243.0000000000      284353227.872283578      206466890.730814546      -25931462.710956749      -13.2076183860244       14.3771692979321        0.8911626182260        2186.3050764178
    1  16118     65243.0000000000      284353227.872283578      206466890.730814546      -25931462.710956749      -13.2076183860244       14.3771692979321        0.8911626182260        2146.3050764178
    1     -1     65243.0000000000       0.00000000000000       0.00000000000000       0.00000000000000
    1     -1     65243.0000000000       0.40185234535360       0.36924092162179       0.24935082436940
    1     -1     65244.0000000000       0.40185234535360       0.36924092162179       0.24935082436940
    1     -1     65245.0000000000       0.40185234535360       0.36924092162179       0.24935082436940
    1     -1     65245.0000000000       0.00000000000000       0.00000000000000       0.00000000000000
    1     -1     65245.0000000000       0.00000000000000       0.00000000000000       0.00000000000000
    1     -1     65245.0000000000       0.40515430896625       0.36546174955473       0.24957502843528
    1     -1     65246.0000000000       0.40515430896625       0.36546174955473       0.24957502843528
    1     -1     65247.0000000000       0.40515430896625       0.36546174955473       0.24957502843528
    1     -1     65247.0000000000       0.00000000000000       0.00000000000000       0.00000000000000
    1     -1     65247.0000000000       0.00000000000000       0.00000000000000       0.00000000000000
    1     -1     65247.0000000000       0.40861145215841       0.36148726935847       0.24972712014668
    1     -1     65248.0000000000       0.40861145215841       0.36148726935847       0.24972712014668
    1     -1     65249.0000000000       0.40861145215841       0.36148726935847       0.24972712014668
    1     -1     65249.0000000000       0.00000000000000       0.00000000000000       0.00000000000000
    1     -1     65249.0000000000       0.00000000000000       0.00000000000000       0.00000000000000
    1     -1     65249.0000000000       0.41222852119326       0.35730496204927       0.24980154060732
    1     -1     65250.0000000000       0.41222852119326       0.35730496204927       0.24980154060732
    1     -1     65251.0000000000       0.41222852119326       0.35730496204927       0.24980154060732
    1     -1     65251.0000000000       0.00000000000000       0.00000000000000       0.00000000000000
    1     -1     65251.0000000000       0.00000000000000       0.00000000000000       0.00000000000000
    1     -1     65251.0000000000       0.41601043581372       0.35290106702992       0.24979222058187
    1     -1     65252.0000000000       0.41601043581372       0.35290106702992       0.24979222058187
    1     -1     65253.0000000000       0.41601043581372       0.35290106702992       0.24979222058187
    1     -1     65253.0000000000       0.00000000000000       0.00000000000000       0.00000000000000
    1     -1     65253.0000000000       0.00000000000000       0.00000000000000       0.00000000000000
    1     -1     65253.0000000000       0.41996211035812       0.34826070464426       0.24969242428283
    1     -1     65254.0000000000       0.41996211035812       0.34826070464426       0.24969242428283
    1     -1     65255.0000000000       0.41996211035812       0.34826070464426       0.24969242428283
    1     -1     65255.0000000000       0.00000000000000       0.00000000000000       0.00000000000000
    1     -1     65255.0000000000       0.00000000000000       0.00000000000000       0.00000000000000
    1     -1     65255.0000000000       0.42408834550954       0.34336777206766       0.24949478469152
    1     -1     65256.0000000000       0.42408834550954       0.34336777206766       0.24949478469152
    1     -1     65257.0000000000       0.42408834550954       0.34336777206766       0.24949478469152
    1     -1     65257.0000000000       0.00000000000000       0.00000000000000       0.00000000000000
    1     -1     65257.0000000000       0.00000000000000       0.00000000000000       0.00000000000000
    1     -1     65257.0000000000       0.42839386723026       0.33820470793155       0.24919123044851
    1     -1     65258.0000000000       0.42839386723026       0.33820470793155       0.24919123044851
    1     -1     65259.0000000000       0.42839386723026       0.33820470793155       0.24919123044851
    1     -1     65259.0000000000       0.00000000000000       0.00000000000000       0.00000000000000
    1     -1     65259.0000000000       0.00000000000000       0.00000000000000       0.00000000000000
    1     -1     65259.0000000000       0.43288325537927       0.33275236609926       0.24877288708296
    1     -1     65260.0000000000       0.43288325537927       0.33275236609926       0.24877288708296
    1     -1     65261.0000000000       0.43288325537927       0.33275236609926       0.24877288708296
    1     -1     65261.0000000000       0.00000000000000       0.00000000000000       0.00000000000000
    1     -1     65261.0000000000       0.00000000000000       0.00000000000000       0.00000000000000
    1     -1     65261.0000000000       0.43756084745404       0.32698987835624       0.24822998108180
    1     -1     65262.0000000000       0.43756084745404       0.32698987835624       0.24822998108180
    1     -1     65263.0000000000       0.43756084745404       0.32698987835624       0.24822998108180
    1     -1     65263.0000000000       0.00000000000000       0.00000000000000       0.00000000000000
    1     -1     65263.0000000000       0.00000000000000       0.00000000000000       0.00000000000000
    1     -1     65263.0000000000       0.44243062500056       0.32089449927122       0.24755173535867
    1     -1     65264.0000000000       0.44243062500056       0.32089449927122       0.24755173535867
    1     -1     65265.0000000000       0.44243062500056       0.32089449927122       0.24755173535867
    1     -1     65265.0000000000       0.00000000000000       0.00000000000000       0.00000000000000
    1     -1     65265.0000000000       0.00000000000000       0.00000000000000       0.00000000000000
    1     -1     65265.0000000000       0.44749607348106       0.31444144078164       0.24672625279486
    1     -1     65266.0000000000       0.44749607348106       0.31444144078164       0.24672625279486
    1     -1     65267.0000000000       0.44749607348106       0.31444144078164       0.24672625279486
    1     -1     65267.0000000000       0.00000000000000       0.00000000000000       0.00000000000000
    1     -1     65267.0000000000       0.00000000000000       0.00000000000000       0.00000000000000
    1     -1     65267.0000000000       0.45276001059183       0.30760369622131       0.24574038772629
    1     -1     65268.0000000000       0.45276001059183       0.30760369622131       0.24574038772629
    1     -1     65269.0000000000       0.45276001059183       0.30760369622131       0.24574038772629
    1     -1     65269.0000000000       0.00000000000000       0.00000000000000       0.00000000000000
    1     -1     65269.0000000000       0.00000000000000       0.00000000000000       0.00000000000000
    1     -1     65269.0000000000       0.45822438161641       0.30035184763282       0.24457960461944
    1     -1     65270.0000000000       0.45822438161641       0.30035184763282       0.24457960461944
    1     -1     65271.0000000000       0.45822438161641       0.30035184763282       0.24457960461944
    1     -1     65271.0000000000       0.00000000000000       0.00000000000000       0.00000000000000
    1     -1     65271.0000000000       0.00000000000000       0.00000000000000       0.00000000000000
    1     -1     65271.0000000000       0.46389001811169       0.29265385125895       0.24322782266765
    1     -1     65272.0000000000       0.46389001811169       0.29265385125895       0.24322782266765
    1     -1     65273.0000000000       0.46389001811169       0.29265385125895       0.24322782266765
    1     -1     65273.0000000000       0.00000000000000       0.00000000000000       0.00000000000000
    1     -1     65273.0000000000       0.00000000000000       0.00000000000000       0.00000000000000
    1     -1     65273.0000000000       0.46975623097812       0.28447500529927       0.24166723836137
    1     -1     65274.0000000000       0.46975623097812       0.28447500529927       0.24166723836137
    1     -1     65275.0000000000       0.46975623097812       0.28447500529927       0.24166723836137
    1     -1     65275.0000000000       0.00000000000000       0.00000000000000       0.00000000000000
    1     -1     65275.0000000000       0.00000000000000       0.00000000000000       0.00000000000000
    1     -1     65275.0000000000       0.43795275330377       0.25382993626624       0.22078763588112
    1     -1     65276.0000000000       0.43795275330377       0.25382993626624       0.22078763588112
    1     -1     65277.0000000000       0.43795275330377       0.25382993626624       0.22078763588112
    1     -1     65277.0000000000       0.00000000000000       0.00000000000000       0.00000000000000
    1     -1     65379.0000000000       0.00000000000000       0.00000000000000       0.00000000000000
    1     -1     65379.0000000000       0.03285250461277      -0.18876435583538      -0.07981380283538
    1     -1     65380.0000000000       0.03285250461277      -0.18876435583538      -0.07981380283538
    1     -1     65381.0000000000       0.03285250461277      -0.18876435583538      -0.07981380283538
    1     -1     65381.0000000000       0.00000000000000       0.00000000000000       0.00000000000000
    1     -1     65381.0000000000       0.00000000000000       0.00000000000000       0.00000000000000
    1     -1     65381.0000000000       0.08431594868256      -0.54648435090157      -0.23290700783241
    1     -1     65382.0000000000       0.08431594868256      -0.54648435090157      -0.23290700783241
    1     -1     65383.0000000000       0.08431594868256      -0.54648435090157      -0.23290700783241
    1     -1     65383.0000000000       0.00000000000000       0.00000000000000       0.00000000000000
    1     -1     65383.0000000000       0.00000000000000       0.00000000000000       0.00000000000000
    1     -1     65383.0000000000       0.07416023732142      -0.54712474144247      -0.23485053924132
    1     -1     65384.0000000000       0.07416023732142      -0.54712474144247      -0.23485053924132
    1     -1     65385.0000000000       0.07416023732142      -0.54712474144247      -0.23485053924132
    1     -1     65385.0000000000       0.00000000000000       0.00000000000000       0.00000000000000
    1     -1     65385.0000000000       0.00000000000000       0.00000000000000       0.00000000000000
    1     -1     65385.0000000000       0.06447421527065      -0.54761124045978      -0.23656923757609
    1     -1     65386.0000000000       0.06447421527065      -0.54761124045978      -0.23656923757609
    1     -1     65387.0000000000       0.06447421527065      -0.54761124045978      -0.23656923757609
    1     -1     65387.0000000000       0.00000000000000       0.00000000000000       0.00000000000000
    1     -1     65387.0000000000       0.00000000000000       0.00000000000000       0.00000000000000
    1     -1     65387.0000000000       0.05523375460156      -0.54796611681861      -0.23808058814475
    1     -1     65388.0000000000       0.05523375460156      -0.54796611681861      -0.23808058814475
    1     -1     65389.0000000000       0.05523375460156      -0.54796611681861      -0.23808058814475
    1     -1     65389.0000000000       0.00000000000000       0.00000000000000       0.00000000000000
    1     -1     65389.0000000000       0.00000000000000       0.00000000000000       0.00000000000000
    1     -1     65389.0000000000       0.04641592552043      -0.54820888023415      -0.23940046944502
    1     -1     65390.0000000000       0.04641592552043      -0.54820888023415      -0.23940046944502
    1     -1     65391.0000000000       0.04641592552043      -0.54820888023415      -0.23940046944502
    1     -1     65391.0000000000       0.00000000000000       0.00000000000000       0.00000000000000
    1     -1     65391.0000000000       0.00000000000000       0.00000000000000       0.00000000000000
    1     -1     65391.0000000000       0.03799899540814      -0.54835663038858      -0.24054330490965
    1     -1     65392.0000000000       0.03799899540814      -0.54835663038858      -0.24054330490965
    1     -1     65393.0000000000       0.03799899540814      -0.54835663038858      -0.24054330490965
    1     -1     65393.0000000000       0.00000000000000       0.00000000000000       0.00000000000000
    1     -1     65393.0000000000       0.00000000000000       0.00000000000000       0.00000000000000
    1     -1     65393.0000000000       0.02996244492934      -0.54842435812056      -0.24152220310751
    1     -1     65394.0000000000       0.02996244492934      -0.54842435812056      -0.24152220310751
    1     -1     65395.0000000000       0.02996244492934      -0.54842435812056      -0.24152220310751
    1     -1     65395.0000000000       0.00000000000000       0.00000000000000       0.00000000000000
    1     -1     65395.0000000000       0.00000000000000       0.00000000000000       0.00000000000000
    1     -1     65395.0000000000       0.02228695852188      -0.54842520959447      -0.24234908755988
    1     -1     65396.0000000000       0.02228695852188      -0.54842520959447      -0.24234908755988
    1     -1     65397.0000000000       0.02228695852188      -0.54842520959447      -0.24234908755988
    1     -1     65397.0000000000       0.00000000000000       0.00000000000000       0.00000000000000
    1     -1     65397.0000000000       0.00000000000000       0.00000000000000       0.00000000000000
    1     -1     65397.0000000000       0.01495439686019      -0.54837071759258      -0.24303481516347
    1     -1     65398.0000000000       0.01495439686019      -0.54837071759258      -0.24303481516347
    1     -1     65399.0000000000       0.01495439686019      -0.54837071759258      -0.24303481516347
    1     -1     65399.0000000000       0.00000000000000       0.00000000000000       0.00000000000000
    1     -1     65399.0000000000       0.00000000000000       0.00000000000000       0.00000000000000
    1     -1     65399.0000000000       0.00794775713228      -0.54827100366899      -0.24358928336930
    1     -1     65400.0000000000       0.00794775713228      -0.54827100366899      -0.24358928336930
    1     -1     65401.0000000000       0.00794775713228      -0.54827100366899      -0.24358928336930
    1     -1     65401.0000000000       0.00000000000000       0.00000000000000       0.00000000000000
    1     -1     65401.0000000000       0.00000000000000       0.00000000000000       0.00000000000000
    1     -1     65401.0000000000       0.00125112529264      -0.54813495447484      -0.24402152701835
    1     -1     65402.0000000000       0.00125112529264      -0.54813495447484      -0.24402152701835
    1     -1     65403.0000000000       0.00125112529264      -0.54813495447484      -0.24402152701835
    1     -1     65403.0000000000       0.00000000000000       0.00000000000000       0.00000000000000
    1     -1     65403.0000000000       0.00000000000000       0.00000000000000       0.00000000000000
    1     -1     65403.0000000000      -0.00515037667139      -0.54797037546078      -0.24433980542989
    1     -1     65404.0000000000      -0.00515037667139      -0.54797037546078      -0.24433980542989
    1     -1     65405.0000000000      -0.00515037667139      -0.54797037546078      -0.24433980542989
    1     -1     65405.0000000000       0.00000000000000       0.00000000000000       0.00000000000000
    1     -1     65405.0000000000       0.00000000000000       0.00000000000000       0.00000000000000
    1     -1     65405.0000000000      -0.01127064616454      -0.54778412475874      -0.24455168058578
    1     -1     65406.0000000000      -0.01127064616454      -0.54778412475874      -0.24455168058578
    1     -1     65407.0000000000      -0.01127064616454      -0.54778412475874      -0.24455168058578
    1     -1     65407.0000000000       0.00000000000000       0.00000000000000       0.00000000000000
    1     -1     65407.0000000000       0.00000000000000       0.00000000000000       0.00000000000000
    1     -1     65407.0000000000      -0.01712265639001      -0.54758222974303      -0.24466408724576
    1     -1     65408.0000000000      -0.01712265639001      -0.54758222974303      -0.24466408724576
    1     -1     65409.0000000000      -0.01712265639001      -0.54758222974303      -0.24466408724576
    1     -1     65409.0000000000       0.00000000000000       0.00000000000000       0.00000000000000
    1     -1     65409.0000000000       0.00000000000000       0.00000000000000       0.00000000000000
    1     -1     65409.0000000000      -0.02271851249930      -0.54736998855008      -0.24468339564527
    1     -1     65410.0000000000      -0.02271851249930      -0.54736998855008      -0.24468339564527
    1     -1     65411.0000000000      -0.02271851249930      -0.54736998855008      -0.24468339564527
    1     -1     65411.0000000000       0.00000000000000       0.00000000000000       0.00000000000000
    1     -1     65411.0000000000       0.00000000000000       0.00000000000000       0.00000000000000
    1     -1     65411.0000000000      -0.02806950657207      -0.54715205846808      -0.24461546761182
    1     -1     65412.0000000000      -0.02806950657207      -0.54715205846808      -0.24461546761182
    1     -1     65413.0000000000      -0.02806950657207      -0.54715205846808      -0.24461546761182
    1     -1     65413.0000000000       0.00000000000000       0.00000000000000       0.00000000000000
    1     -1     65413.0000000000       0.00000000000000       0.00000000000000       0.00000000000000
    1     -1     65413.0000000000      -0.03318617080775      -0.54693253294686      -0.24446570669819
    1     -1     65414.0000000000      -0.03318617080775      -0.54693253294686      -0.24446570669819
    1     -1     65415.0000000000      -0.03318617080775      -0.54693253294686      -0.24446570669819
    1     -1     65415.0000000000       0.00000000000000       0.00000000000000       0.00000000000000
    1     -1     65415.0000000000       0.00000000000000       0.00000000000000       0.00000000000000
    1     -1     65415.0000000000      -0.03807832849904      -0.54671500871973      -0.24423910296940
    1     -1     65416.0000000000      -0.03807832849904      -0.54671500871973      -0.24423910296940
    1     -1     65417.0000000000      -0.03807832849904      -0.54671500871973      -0.24423910296940
    1     -1     65417.0000000000       0.00000000000000       0.00000000000000       0.00000000000000
    1     -1     65417.0000000000       0.00000000000000       0.00000000000000       0.00000000000000
    1     -1     65417.0000000000      -0.04275514252602      -0.54650264433078      -0.24394027303225
    1     -1     65418.0000000000      -0.04275514252602      -0.54650264433078      -0.24394027303225
    1     -1     65419.0000000000      -0.04275514252602      -0.54650264433078      -0.24394027303225
    1     -1     65419.0000000000       0.00000000000000       0.00000000000000       0.00000000000000
    1     -1     65419.0000000000       0.00000000000000       0.00000000000000       0.00000000000000
    1     -1     65419.0000000000      -0.04722516122712      -0.54629821121836      -0.24357349578041
    1     -1     65420.0000000000      -0.04722516122712      -0.54629821121836      -0.24357349578041
    1     -1     65421.0000000000      -0.04722516122712      -0.54629821121836      -0.24357349578041
    1     -1     65421.0000000000       0.00000000000000       0.00000000000000       0.00000000000000
    1     -1     65421.0000000000       0.00000000000000       0.00000000000000       0.00000000000000
    1     -1     65421.0000000000      -0.05149636158137      -0.54610413832095      -0.24314274435527
    1     -1     65422.0000000000      -0.05149636158137      -0.54610413832095      -0.24314274435527
    1     -1     65423.0000000000      -0.05149636158137      -0.54610413832095      -0.24314274435527
    1     -1     65423.0000000000       0.00000000000000       0.00000000000000       0.00000000000000
    1     -1     65423.0000000000       0.00000000000000       0.00000000000000       0.00000000000000
    1     -1     65423.0000000000      -0.05557618971712      -0.54592255106842      -0.24265171470954
    1     -1     65424.0000000000      -0.05557618971712      -0.54592255106842      -0.24265171470954
    1     -1     65425.0000000000      -0.05557618971712      -0.54592255106842      -0.24265171470954
    1     -1     65425.0000000000       0.00000000000000       0.00000000000000       0.00000000000000
    1     -1     65425.0000000000       0.00000000000000       0.00000000000000       0.00000000000000
    1     -1     65425.0000000000      -0.05947159878936      -0.54575530548959      -0.24210385116186
    1     -1     65426.0000000000      -0.05947159878936      -0.54575530548959      -0.24210385116186
    1     -1     65427.0000000000      -0.05947159878936      -0.54575530548959      -0.24210385116186
    1     -1     65427.0000000000       0.00000000000000       0.00000000000000       0.00000000000000
    1     -1     65427.0000000000       0.00000000000000       0.00000000000000       0.00000000000000
    1     -1     65427.0000000000      -0.06318908432305      -0.54560401807935      -0.24150236925977
    1     -1     65428.0000000000      -0.06318908432305      -0.54560401807935      -0.24150236925977
    1     -1     65429.0000000000      -0.06318908432305      -0.54560401807935      -0.24150236925977
    1     -1     65429.0000000000       0.00000000000000       0.00000000000000       0.00000000000000
    1     -1     65429.0000000000       0.00000000000000       0.00000000000000       0.00000000000000
    1     -1     65429.0000000000      -0.06673471711819      -0.54547009197113      -0.24085027626340
    1     -1     65430.0000000000      -0.06673471711819      -0.54547009197113      -0.24085027626340
    1     -1     65431.0000000000      -0.06673471711819      -0.54547009197113      -0.24085027626340
    1     -1     65431.0000000000       0.00000000000000       0.00000000000000       0.00000000000000
    1     -1     65431.0000000000       0.00000000000000       0.00000000000000       0.00000000000000
    1     -1     65431.0000000000      -0.07011417383979      -0.54535473989822      -0.24015038950063
    1     -1     65432.0000000000      -0.07011417383979      -0.54535473989822      -0.24015038950063
    1     -1     65433.0000000000      -0.07011417383979      -0.54535473989822      -0.24015038950063
    1     -1     65433.0000000000       0.00000000000000       0.00000000000000       0.00000000000000
    1     -1     65433.0000000000       0.00000000000000       0.00000000000000       0.00000000000000
    1     -1     65433.0000000000      -0.07333276542157      -0.54525900435677      -0.23940535282966
    1     -1     65434.0000000000      -0.07333276542157      -0.54525900435677      -0.23940535282966
    1     -1     65435.0000000000      -0.07333276542157      -0.54525900435677      -0.23940535282966
    1     -1     65435.0000000000       0.00000000000000       0.00000000000000       0.00000000000000
    1     -1     65435.0000000000       0.00000000000000       0.00000000000000       0.00000000000000
    1     -1     65435.0000000000      -0.07639546341185      -0.54518377532972      -0.23861765141608
    1     -1     65436.0000000000      -0.07639546341185      -0.54518377532972      -0.23861765141608
    1     -1     65437.0000000000      -0.07639546341185      -0.54518377532972      -0.23861765141608
    1     -1     65437.0000000000       0.00000000000000       0.00000000000000       0.00000000000000
    1     -1     65437.0000000000       0.00000000000000       0.00000000000000       0.00000000000000
    1     -1     65437.0000000000      -0.07930692439955      -0.54512980587857      -0.23778962501565
    1     -1     65438.0000000000      -0.07930692439955      -0.54512980587857      -0.23778962501565
    1     -1     65439.0000000000      -0.07930692439955      -0.54512980587857      -0.23778962501565
    1     -1     65439.0000000000       0.00000000000000       0.00000000000000       0.00000000000000
    1     -1     65439.0000000000       0.00000000000000       0.00000000000000       0.00000000000000
    1     -1     65439.0000000000      -0.08207151263614      -0.54509772587963      -0.23692347991382
    1     -1     65440.0000000000      -0.08207151263614      -0.54509772587963      -0.23692347991382
    1     -1     65441.0000000000      -0.08207151263614      -0.54509772587963      -0.23692347991382
    1     -1     65441.0000000000       0.00000000000000       0.00000000000000       0.00000000000000
    1     -1     65441.0000000000       0.00000000000000       0.00000000000000       0.00000000000000
    1     -1     65441.0000000000      -0.08469332098880      -0.54508805413187      -0.23602129967997
    1     -1     65442.0000000000      -0.08469332098880      -0.54508805413187      -0.23602129967997
    1     -1     65443.0000000000      -0.08469332098880      -0.54508805413187      -0.23602129967997
    1     -1     65443.0000000000       0.00000000000000       0.00000000000000       0.00000000000000
    1     -1     65443.0000000000       0.00000000000000       0.00000000000000       0.00000000000000
    1     -1     65443.0000000000      -0.08717619033719      -0.54510120904692      -0.23508505485011
    1     -1     65444.0000000000      -0.08717619033719      -0.54510120904692      -0.23508505485011
    1     -1     65445.0000000000      -0.08717619033719      -0.54510120904692      -0.23508505485011
    1     -1     65445.0000000000       0.00000000000000       0.00000000000000       0.00000000000000
    1     -1     65445.0000000000       0.00000000000000       0.00000000000000       0.00000000000000
    1     -1     65445.0000000000      -0.08952372753275      -0.54513751809534      -0.23411661165645
    1     -1     65446.0000000000      -0.08952372753275      -0.54513751809534      -0.23411661165645
    1     -1     65447.0000000000      -0.08952372753275      -0.54513751809534      -0.23411661165645
    1     -1     65447.0000000000       0.00000000000000       0.00000000000000       0.00000000000000
    1     -1     65447.0000000000       0.00000000000000       0.00000000000000       0.00000000000000
    1     -1     65447.0000000000      -0.09173932202597      -0.54519722615733      -0.23311773991820
    1     -1     65448.0000000000      -0.09173932202597      -0.54519722615733      -0.23311773991820
    1     -1     65449.0000000000      -0.09173932202597      -0.54519722615733      -0.23311773991820
    1     -1     65449.0000000000       0.00000000000000       0.00000000000000       0.00000000000000
    1     -1     65449.0000000000       0.00000000000000       0.00000000000000       0.00000000000000
    1     -1     65449.0000000000      -0.09382616125770      -0.54528050291895      -0.23209012016908
    1     -1     65450.0000000000      -0.09382616125770      -0.54528050291895      -0.23209012016908
    1     -1     65451.0000000000      -0.09382616125770      -0.54528050291895      -0.23209012016908
    1     -1     65451.0000000000       0.00000000000000       0.00000000000000       0.00000000000000
    1     -1     65451.0000000000       0.00000000000000       0.00000000000000       0.00000000000000
    1     -1     65451.0000000000      -0.09578724492899      -0.54538744943810      -0.23103535007508
    1     -1     65452.0000000000      -0.09578724492899      -0.54538744943810      -0.23103535007508
    1     -1     65453.0000000000      -0.09578724492899      -0.54538744943810      -0.23103535007508
    1     -1     65453.0000000000       0.00000000000000       0.00000000000000       0.00000000000000
    1  23760     65453.0000000000      -45164943.254962839      319452517.013743341        2754622.422261110      -20.5135066709866       -5.3605623030418        1.2137932235408        2005.5165499316
    1  23760     65453.0000000000      -45164943.254962839      319452517.013743341        2754622.422261110      -20.5135066709866       -5.3605623030418        1.2137932235408        1965.5165499316
    1     -1     65453.0000000000       0.00000000000000       0.00000000000000       0.00000000000000
    1     -1     65453.0000000000      -0.57294289798016      -0.00740808965981      -0.17799313228797
    1     -1     65454.0000000000      -0.57294289798016      -0.00740808965981      -0.17799313228797
    1     -1     65455.0000000000      -0.57294289798016      -0.00740808965981      -0.17799313228797
    1     -1     65455.0000000000       0.00000000000000       0.00000000000000       0.00000000000000
    1     -1     65455.0000000000       0.00000000000000       0.00000000000000       0.00000000000000
    1     -1     65455.0000000000      -0.57107066219400      -0.00691791717015      -0.18393053167795
    1     -1     65456.0000000000      -0.57107066219400      -0.00691791717015      -0.18393053167795
    1     -1     65457.0000000000      -0.57107066219400      -0.00691791717015      -0.18393053167795
    1     -1     65457.0000000000       0.00000000000000       0.00000000000000       0.00000000000000
    1     -1     65457.0000000000       0.00000000000000       0.00000000000000       0.00000000000000
    1     -1     65457.0000000000      -0.56909297708542      -0.00638708641338      -0.18997996694177
    1     -1     65458.0000000000      -0.56909297708542      -0.00638708641338      -0.18997996694177
    1     -1     65459.0000000000      -0.56909297708542      -0.00638708641338      -0.18997996694177
    1     -1     65459.0000000000       0.00000000000000       0.00000000000000       0.00000000000000
    1     -1     65459.0000000000       0.00000000000000       0.00000000000000       0.00000000000000
    1     -1     65459.0000000000      -0.56700434355460      -0.00581221525962      -0.19614354902466
    1     -1     65460.0000000000      -0.56700434355460      -0.00581221525962      -0.19614354902466
    1     -1     65461.0000000000      -0.56700434355460      -0.00581221525962      -0.19614354902466
    1     -1     65461.0000000000       0.00000000000000       0.00000000000000       0.00000000000000
    1     -1     65461.0000000000       0.00000000000000       0.00000000000000       0.00000000000000
    1     -1     65461.0000000000      -0.56479897095468      -0.00518983623884      -0.20242328741611
    1     -1     65462.0000000000      -0.56479897095468      -0.00518983623884      -0.20242328741611
    1     -1     65463.0000000000      -0.56479897095468      -0.00518983623884      -0.20242328741611
    1     -1     65463.0000000000       0.00000000000000       0.00000000000000       0.00000000000000
    1     -1     65463.0000000000       0.00000000000000       0.00000000000000       0.00000000000000
    1     -1     65463.0000000000      -0.56247076162360      -0.00451638678512      -0.20882108094964
    1     -1     65464.0000000000      -0.56247076162360      -0.00451638678512      -0.20882108094964
    1     -1     65465.0000000000      -0.56247076162360      -0.00451638678512      -0.20882108094964
    1     -1     65465.0000000000       0.00000000000000       0.00000000000000       0.00000000000000
    1     -1     65465.0000000000       0.00000000000000       0.00000000000000       0.00000000000000
    1     -1     65465.0000000000      -0.56001321291744      -0.00378812866528      -0.21533892058591
    1     -1     65466.0000000000      -0.56001321291744      -0.00378812866528      -0.21533892058591
    1     -1     65467.0000000000      -0.56001321291744      -0.00378812866528      -0.21533892058591
    1     -1     65467.0000000000       0.00000000000000       0.00000000000000       0.00000000000000
    1     -1     65467.0000000000       0.00000000000000       0.00000000000000       0.00000000000000
    1     -1     65467.0000000000      -0.55741982253943      -0.00300184734218      -0.22197776832972
    1     -1     65468.0000000000      -0.55741982253943      -0.00300184734218      -0.22197776832972
    1     -1     65469.0000000000      -0.55741982253943      -0.00300184734218      -0.22197776832972
    1     -1     65469.0000000000       0.00000000000000       0.00000000000000       0.00000000000000
    1     -1     65469.0000000000       0.00000000000000       0.00000000000000       0.00000000000000
    1     -1     65469.0000000000      -0.55468339628862      -0.00215308397971      -0.22873935689142
    1     -1     65470.0000000000      -0.55468339628862      -0.00215308397971      -0.22873935689142
    1     -1     65471.0000000000      -0.55468339628862      -0.00215308397971      -0.22873935689142
    1     -1     65471.0000000000       0.00000000000000       0.00000000000000       0.00000000000000
    1     -1     65471.0000000000       0.00000000000000       0.00000000000000       0.00000000000000
    1     -1     65471.0000000000      -0.55179654230779      -0.00123801507589      -0.23562479176827
    1     -1     65472.0000000000      -0.55179654230779      -0.00123801507589      -0.23562479176827
    1     -1     65473.0000000000      -0.55179654230779      -0.00123801507589      -0.23562479176827
    1     -1     65473.0000000000       0.00000000000000       0.00000000000000       0.00000000000000
    1     -1     65473.0000000000       0.00000000000000       0.00000000000000       0.00000000000000
    1     -1     65473.0000000000      -0.54875169294331      -0.00025312950532      -0.24263452907058
    1     -1     65474.0000000000      -0.54875169294331      -0.00025312950532      -0.24263452907058
    1     -1     65475.0000000000      -0.54875169294331      -0.00025312950532      -0.24263452907058
    1     -1     65475.0000000000       0.00000000000000       0.00000000000000       0.00000000000000
    1     -1     65475.0000000000       0.00000000000000       0.00000000000000       0.00000000000000
    1     -1     65475.0000000000      -0.54554054027898       0.00080571129221      -0.24976963190393
    1     -1     65476.0000000000      -0.54554054027898       0.00080571129221      -0.24976963190393
    1     -1     65477.0000000000      -0.54554054027898       0.00080571129221      -0.24976963190393
    1     -1     65477.0000000000       0.00000000000000       0.00000000000000       0.00000000000000
    1     -1     65477.0000000000       0.00000000000000       0.00000000000000       0.00000000000000
    1     -1     65477.0000000000      -0.54215473555010       0.00194248956638      -0.25703009305311
    1     -1     65478.0000000000      -0.54215473555010       0.00194248956638      -0.25703009305311
    1     -1     65479.0000000000      -0.54215473555010       0.00194248956638      -0.25703009305311
    1     -1     65479.0000000000       0.00000000000000       0.00000000000000       0.00000000000000
    1     -1     65479.0000000000       0.00000000000000       0.00000000000000       0.00000000000000
    1     -1     65479.0000000000      -0.53858553312182       0.00316122937154      -0.26441563762521
    1     -1     65480.0000000000      -0.53858553312182       0.00316122937154      -0.26441563762521
    1     -1     65481.0000000000      -0.53858553312182       0.00316122937154      -0.26441563762521
    1     -1     65481.0000000000       0.00000000000000       0.00000000000000       0.00000000000000
    1     -1     65481.0000000000       0.00000000000000       0.00000000000000       0.00000000000000
    1     -1     65481.0000000000      -0.53482383327422       0.00446598273070      -0.27192558106975
    1     -1     65482.0000000000      -0.53482383327422       0.00446598273070      -0.27192558106975
    1     -1     65483.0000000000      -0.53482383327422       0.00446598273070      -0.27192558106975
    1     -1     65483.0000000000       0.00000000000000       0.00000000000000       0.00000000000000
    1     -1     65483.0000000000       0.00000000000000       0.00000000000000       0.00000000000000
    1     -1     65483.0000000000      -0.53086020778044       0.00586080710277      -0.27955874161867
    1     -1     65484.0000000000      -0.53086020778044       0.00586080710277      -0.27955874161867
    1     -1     65485.0000000000      -0.53086020778044       0.00586080710277      -0.27955874161867
    1     -1     65485.0000000000       0.00000000000000       0.00000000000000       0.00000000000000
    1     -1     65485.0000000000       0.00000000000000       0.00000000000000       0.00000000000000
    1     -1     65485.0000000000      -0.52668491447795       0.00734974594806      -0.28731338530576
    1     -1     65486.0000000000      -0.52668491447795       0.00734974594806      -0.28731338530576
    1     -1     65487.0000000000      -0.52668491447795       0.00734974594806      -0.28731338530576
    1     -1     65487.0000000000       0.00000000000000       0.00000000000000       0.00000000000000
    1     -1     65487.0000000000       0.00000000000000       0.00000000000000       0.00000000000000
    1     -1     65487.0000000000      -0.52228791883124       0.00893680985604      -0.29518716529099
    1     -1     65488.0000000000      -0.52228791883124       0.00893680985604      -0.29518716529099
    1     -1     65489.0000000000      -0.52228791883124       0.00893680985604      -0.29518716529099
    1     -1     65489.0000000000       0.00000000000000       0.00000000000000       0.00000000000000
    1     -1     65489.0000000000       0.00000000000000       0.00000000000000       0.00000000000000
    1     -1     65489.0000000000      -0.51765892077614       0.01062593944170      -0.30317706119010
    1     -1     65490.0000000000      -0.51765892077614       0.01062593944170      -0.30317706119010
    1     -1     65491.0000000000      -0.51765892077614       0.01062593944170      -0.30317706119010
    1     -1     65491.0000000000       0.00000000000000       0.00000000000000       0.00000000000000
    1     -1     65491.0000000000       0.00000000000000       0.00000000000000       0.00000000000000
    1     -1     65491.0000000000      -0.51278716055379       0.01242117128676      -0.31127968413478
    1     -1     65492.0000000000      -0.51278716055379       0.01242117128676      -0.31127968413478
    1     -1     65493.0000000000      -0.51278716055379       0.01242117128676      -0.31127968413478
    1     -1     65493.0000000000       0.00000000000000       0.00000000000000       0.00000000000000
    1     -1     65493.0000000000       0.00000000000000       0.00000000000000       0.00000000000000
    1     -1     65493.0000000000      -0.50766250637341       0.01432550139775      -0.31948952864275
    1     -1     65494.0000000000      -0.50766250637341       0.01432550139775      -0.31948952864275
    1     -1     65495.0000000000      -0.50766250637341       0.01432550139775      -0.31948952864275
    1     -1     65495.0000000000       0.00000000000000       0.00000000000000       0.00000000000000
    1     -1     65495.0000000000       0.00000000000000       0.00000000000000       0.00000000000000
    1     -1     65495.0000000000      -0.30795375843461       0.01002044123217      -0.20098143593093
    1     -1     65496.0000000000      -0.30795375843461       0.01002044123217      -0.20098143593093
    1     -1     65497.0000000000      -0.30795375843461       0.01002044123217      -0.20098143593093
    1     -1     65497.0000000000       0.00000000000000       0.00000000000000       0.00000000000000
    1     -1     65625.0000000000       0.00000000000000       0.00000000000000       0.00000000000000
    1     -1     65625.0000000000       0.06682544060720       0.06042168463661      -0.13043464931902
    1     -1     65626.0000000000       0.06682544060720       0.06042168463661      -0.13043464931902
    1     -1     65627.0000000000       0.06682544060720       0.06042168463661      -0.13043464931902
    1     -1     65627.0000000000       0.00000000000000       0.00000000000000       0.00000000000000
    1     -1     65627.0000000000       0.00000000000000       0.00000000000000       0.00000000000000
    1     -1     65627.0000000000       0.26145378986026       0.22930456827681      -0.48893898393879
    1     -1     65628.0000000000       0.26145378986026       0.22930456827681      -0.48893898393879
    1     -1     65629.0000000000       0.26145378986026       0.22930456827681      -0.48893898393879
    1     -1     65629.0000000000       0.00000000000000       0.00000000000000       0.00000000000000
    1     -1     65629.0000000000       0.00000000000000       0.00000000000000       0.00000000000000
    1     -1     65629.0000000000       0.26977997222041       0.22981363362150      -0.48415334313669
    1     -1     65630.0000000000       0.26977997222041       0.22981363362150      -0.48415334313669
    1     -1     65631.0000000000       0.26977997222041       0.22981363362150      -0.48415334313669
    1     -1     65631.0000000000       0.00000000000000       0.00000000000000       0.00000000000000
    1     -1     65631.0000000000       0.00000000000000       0.00000000000000       0.00000000000000
    1     -1     65631.0000000000       0.27791493027945       0.23022174969913      -0.47933415982302
    1     -1     65632.0000000000       0.27791493027945       0.23022174969913      -0.47933415982302
    1     -1     65633.0000000000       0.27791493027945       0.23022174969913      -0.47933415982302
    1     -1     65633.0000000000       0.00000000000000       0.00000000000000       0.00000000000000
    1     -1     65633.0000000000       0.00000000000000       0.00000000000000       0.00000000000000
    1     -1     65633.0000000000       0.28586448572768       0.23053136191769      -0.47448581248761
    1     -1     65634.0000000000       0.28586448572768       0.23053136191769      -0.47448581248761
    1     -1     65635.0000000000       0.28586448572768       0.23053136191769      -0.47448581248761
    1     -1     65635.0000000000       0.00000000000000       0.00000000000000       0.00000000000000
    1     -1     65635.0000000000       0.00000000000000       0.00000000000000       0.00000000000000
    1     -1     65635.0000000000       0.29363436057889       0.23074487279875      -0.46961224988762
    1     -1     65636.0000000000       0.29363436057889       0.23074487279875      -0.46961224988762
    1     -1     65637.0000000000       0.29363436057889       0.23074487279875      -0.46961224988762
    1     -1     65637.0000000000       0.00000000000000       0.00000000000000       0.00000000000000
    1     -1     65637.0000000000       0.00000000000000       0.00000000000000       0.00000000000000
    1     -1     65637.0000000000       0.30123013175982       0.23086467923878      -0.46471701806577
    1     -1     65638.0000000000       0.30123013175982       0.23086467923878      -0.46471701806577
    1     -1     65639.0000000000       0.30123013175982       0.23086467923878      -0.46471701806577
    1     -1     65639.0000000000       0.00000000000000       0.00000000000000       0.00000000000000
    1     -1     65639.0000000000       0.00000000000000       0.00000000000000       0.00000000000000
    1     -1     65639.0000000000       0.30865718961896       0.23089315739448      -0.45980331495644
    1     -1     65640.0000000000       0.30865718961896       0.23089315739448      -0.45980331495644
    1     -1     65641.0000000000       0.30865718961896       0.23089315739448      -0.45980331495644
    1     -1     65641.0000000000       0.00000000000000       0.00000000000000       0.00000000000000
    1     -1     65641.0000000000       0.00000000000000       0.00000000000000       0.00000000000000
    1     -1     65641.0000000000       0.31592072748330       0.23083266422251      -0.45487402031151
    1     -1     65642.0000000000       0.31592072748330       0.23083266422251      -0.45487402031151
    1     -1     65643.0000000000       0.31592072748330       0.23083266422251      -0.45487402031151
    1     -1     65643.0000000000       0.00000000000000       0.00000000000000       0.00000000000000
    1     -1     65643.0000000000       0.00000000000000       0.00000000000000       0.00000000000000
    1     -1     65643.0000000000       0.32302573246782       0.23068554040354      -0.44993172470093
    1     -1     65644.0000000000       0.32302573246782       0.23068554040354      -0.44993172470093
    1     -1     65645.0000000000       0.32302573246782       0.23068554040354      -0.44993172470093
    1     -1     65645.0000000000       0.00000000000000       0.00000000000000       0.00000000000000
    1     -1     65645.0000000000       0.00000000000000       0.00000000000000       0.00000000000000
    1     -1     65645.0000000000       0.32997697766142       0.23045411319365      -0.44497875815095
    1     -1     65646.0000000000       0.32997697766142       0.23045411319365      -0.44497875815095
    1     -1     65647.0000000000       0.32997697766142       0.23045411319365      -0.44497875815095
    1     -1     65647.0000000000       0.00000000000000       0.00000000000000       0.00000000000000
    1     -1     65647.0000000000       0.00000000000000       0.00000000000000       0.00000000000000
    1     -1     65647.0000000000       0.33677901662860       0.23014069934540      -0.44001721755345
    1     -1     65648.0000000000       0.33677901662860       0.23014069934540      -0.44001721755345
    1     -1     65649.0000000000       0.33677901662860       0.23014069934540      -0.44001721755345
    1     -1     65649.0000000000       0.00000000000000       0.00000000000000       0.00000000000000
    1     -1     65649.0000000000       0.00000000000000       0.00000000000000       0.00000000000000
    1     -1     65649.0000000000       0.34343618027128       0.22974760816169      -0.43504899253378
    1     -1     65650.0000000000       0.34343618027128       0.22974760816169      -0.43504899253378
    1     -1     65651.0000000000       0.34343618027128       0.22974760816169      -0.43504899253378
    1     -1     65651.0000000000       0.00000000000000       0.00000000000000       0.00000000000000
    1     -1     65651.0000000000       0.00000000000000       0.00000000000000       0.00000000000000
    1     -1     65651.0000000000       0.34995257584168       0.22927714464051      -0.43007578970138
    1     -1     65652.0000000000       0.34995257584168       0.22927714464051      -0.43007578970138
    1     -1     65653.0000000000       0.34995257584168       0.22927714464051      -0.43007578970138
    1     -1     65653.0000000000       0.00000000000000       0.00000000000000       0.00000000000000
    1     -1     65653.0000000000       0.00000000000000       0.00000000000000       0.00000000000000
    1     -1     65653.0000000000       0.35633208785091       0.22873161263444      -0.42509915529140
    1     -1     65654.0000000000       0.35633208785091       0.22873161263444      -0.42509915529140
    1     -1     65655.0000000000       0.35633208785091       0.22873161263444      -0.42509915529140
    1     -1     65655.0000000000       0.00000000000000       0.00000000000000       0.00000000000000
    1     -1     65655.0000000000       0.00000000000000       0.00000000000000       0.00000000000000
    1     -1     65655.0000000000       0.36257838065145       0.22811331795906      -0.42012049620779
    1     -1     65656.0000000000       0.36257838065145       0.22811331795906      -0.42012049620779
    1     -1     65657.0000000000       0.36257838065145       0.22811331795906      -0.42012049620779
    1     -1     65657.0000000000       0.00000000000000       0.00000000000000       0.00000000000000
    1     -1     65657.0000000000       0.00000000000000       0.00000000000000       0.00000000000000
    1     -1     65657.0000000000       0.36869490248916       0.22742457139145      -0.41514109949019
    1     -1     65658.0000000000       0.36869490248916       0.22742457139145      -0.41514109949019
    1     -1     65659.0000000000       0.36869490248916       0.22742457139145      -0.41514109949019
    1     -1     65659.0000000000       0.00000000000000       0.00000000000000       0.00000000000000
    1     -1     65659.0000000000       0.00000000000000       0.00000000000000       0.00000000000000
    1     -1     65659.0000000000       0.37468489081029       0.22666769149440      -0.41016215026630
    1     -1     65660.0000000000       0.37468489081029       0.22666769149440      -0.41016215026630
    1     -1     65661.0000000000       0.37468489081029       0.22666769149440      -0.41016215026630
    1     -1     65661.0000000000       0.00000000000000       0.00000000000000       0.00000000000000
    1     -1     65661.0000000000       0.00000000000000       0.00000000000000       0.00000000000000
    1     -1     65661.0000000000       0.38055137867934       0.22584500723890      -0.40518474819583
    1     -1     65662.0000000000       0.38055137867934       0.22584500723890      -0.40518474819583
    1     -1     65663.0000000000       0.38055137867934       0.22584500723890      -0.40518474819583
    1     -1     65663.0000000000       0.00000000000000       0.00000000000000       0.00000000000000
    1     -1     65663.0000000000       0.00000000000000       0.00000000000000       0.00000000000000
    1     -1     65663.0000000000       0.38629720212161       0.22495886037234      -0.40020992248193
    1     -1     65664.0000000000       0.38629720212161       0.22495886037234      -0.40020992248193
    1     -1     65665.0000000000       0.38629720212161       0.22495886037234      -0.40020992248193
    1     -1     65665.0000000000       0.00000000000000       0.00000000000000       0.00000000000000
    1     -1     65665.0000000000       0.00000000000000       0.00000000000000       0.00000000000000
    1     -1     65665.0000000000       0.39192500824994       0.22401160750470      -0.39523864549338
    1     -1     65666.0000000000       0.39192500824994       0.22401160750470      -0.39523864549338
    1     -1     65667.0000000000       0.39192500824994       0.22401160750470      -0.39523864549338
    1     -1     65667.0000000000       0.00000000000000       0.00000000000000       0.00000000000000
    1     -1     65667.0000000000       0.00000000000000       0.00000000000000       0.00000000000000
    1     -1     65667.0000000000       0.39743726404255       0.22300562188813      -0.39027184504735
    1     -1     65668.0000000000       0.39743726404255       0.22300562188813      -0.39027184504735
    1     -1     65669.0000000000       0.39743726404255       0.22300562188813      -0.39027184504735
    1     -1     65669.0000000000       0.00000000000000       0.00000000000000       0.00000000000000
    1     -1     65669.0000000000       0.00000000000000       0.00000000000000       0.00000000000000
    1     -1     65669.0000000000       0.40283626564174       0.22194329486486      -0.38531041541639
    1     -1     65670.0000000000       0.40283626564174       0.22194329486486      -0.38531041541639
    1     -1     65671.0000000000       0.40283626564174       0.22194329486486      -0.38531041541639
    1     -1     65671.0000000000       0.00000000000000       0.00000000000000       0.00000000000000
    1     -1     65671.0000000000       0.00000000000000       0.00000000000000       0.00000000000000
    1     -1     65671.0000000000       0.40812414806639       0.22082703697148      -0.38035522710682
    1     -1     65672.0000000000       0.40812414806639       0.22082703697148      -0.38035522710682
    1     -1     65673.0000000000       0.40812414806639       0.22082703697148      -0.38035522710682
    1     -1     65673.0000000000       0.00000000000000       0.00000000000000       0.00000000000000
    1     -1     65673.0000000000       0.00000000000000       0.00000000000000       0.00000000000000
    1     -1     65673.0000000000       0.41330289522848       0.21965927868547      -0.37540713547179
    1     -1     65674.0000000000       0.41330289522848       0.21965927868547      -0.37540713547179
    1     -1     65675.0000000000       0.41330289522848       0.21965927868547      -0.37540713547179
    1     -1     65675.0000000000       0.00000000000000       0.00000000000000       0.00000000000000
    1     -1     65675.0000000000       0.00000000000000       0.00000000000000       0.00000000000000
    1     -1     65675.0000000000       0.41837435015887       0.21844247080767      -0.37046698821431
    1     -1     65676.0000000000       0.41837435015887       0.21844247080767      -0.37046698821431
    1     -1     65677.0000000000       0.41837435015887       0.21844247080767      -0.37046698821431
    1     -1     65677.0000000000       0.00000000000000       0.00000000000000       0.00000000000000
    1     -1     65677.0000000000       0.00000000000000       0.00000000000000       0.00000000000000
    1     -1     65677.0000000000       0.42334022535549       0.21717908447885      -0.36553563183483
    1     -1     65678.0000000000       0.42334022535549       0.21717908447885      -0.36553563183483
    1     -1     65679.0000000000       0.42334022535549       0.21717908447885      -0.36553563183483
    1     -1     65679.0000000000       0.00000000000000       0.00000000000000       0.00000000000000
    1     -1     65679.0000000000       0.00000000000000       0.00000000000000       0.00000000000000
    1     -1     65679.0000000000       0.42820211317408       0.21587161083218      -0.36061391707749
    1     -1     65680.0000000000       0.42820211317408       0.21587161083218      -0.36061391707749
    1     -1     65681.0000000000       0.42820211317408       0.21587161083218      -0.36061391707749
    1     -1     65681.0000000000       0.00000000000000       0.00000000000000       0.00000000000000
    1     -1     65681.0000000000       0.00000000000000       0.00000000000000       0.00000000000000
    1     -1     65681.0000000000       0.43296149617755       0.21452256028363      -0.35570270344356
    1     -1     65682.0000000000       0.43296149617755       0.21452256028363      -0.35570270344356
    1     -1     65683.0000000000       0.43296149617755       0.21452256028363      -0.35570270344356
    1     -1     65683.0000000000       0.00000000000000       0.00000000000000       0.00000000000000
    1     -1     65683.0000000000       0.00000000000000       0.00000000000000       0.00000000000000
    1     -1     65683.0000000000       0.43761975737832       0.21313446147177      -0.35080286282367
    1     -1     65684.0000000000       0.43761975737832       0.21313446147177      -0.35080286282367
    1     -1     65685.0000000000       0.43761975737832       0.21313446147177      -0.35080286282367
    1     -1     65685.0000000000       0.00000000000000       0.00000000000000       0.00000000000000
    1     -1     65685.0000000000       0.00000000000000       0.00000000000000       0.00000000000000
    1     -1     65685.0000000000       0.44217819031222       0.21170985985995      -0.34591528230231
    1     -1     65686.0000000000       0.44217819031222       0.21170985985995      -0.34591528230231
    1     -1     65687.0000000000       0.44217819031222       0.21170985985995      -0.34591528230231
    1     -1     65687.0000000000       0.00000000000000       0.00000000000000       0.00000000000000
    1     -1     65687.0000000000       0.00000000000000       0.00000000000000       0.00000000000000
    1     -1     65687.0000000000       0.44663800888278       0.21025131601495      -0.34104086619526
    1     -1     65688.0000000000       0.44663800888278       0.21025131601495      -0.34104086619526
    1     -1     65689.0000000000       0.44663800888278       0.21025131601495      -0.34104086619526
    1     -1     65689.0000000000       0.00000000000000       0.00000000000000       0.00000000000000
    1     -1     65689.0000000000       0.00000000000000       0.00000000000000       0.00000000000000
    1     -1     65689.0000000000       0.45100035687859       0.20876140357373      -0.33618053743980
    1     -1     65690.0000000000       0.45100035687859       0.20876140357373      -0.33618053743980
    1     -1     65691.0000000000       0.45100035687859       0.20876140357373      -0.33618053743980
    1     -1     65691.0000000000       0.00000000000000       0.00000000000000       0.00000000000000
    1     -1     65691.0000000000       0.00000000000000       0.00000000000000       0.00000000000000
    1     -1     65691.0000000000       0.45526631719058       0.20724270693344      -0.33133523829292
    1     -1     65692.0000000000       0.45526631719058       0.20724270693344      -0.33133523829292
    1     -1     65693.0000000000       0.45526631719058       0.20724270693344      -0.33133523829292
    1     -1     65693.0000000000       0.00000000000000       0.00000000000000       0.00000000000000
    1  25792     65693.0000000000     -329609751.467608213       -8018980.216168790        8127658.209599966       -1.3682797015804      -20.8010078097205       -1.2929250363672        1820.4700505966
    1  25792     65693.0000000000     -329609751.467608213       -8018980.216168790        8127658.209599966       -1.3682797015804      -20.8010078097205       -1.2929250363672        1780.4700505966
    1     -1     65693.0000000000       0.00000000000000       0.00000000000000       0.00000000000000
    1     -1     65693.0000000000       0.03054192156440      -0.03312444798539       0.59830590942495
    1     -1     65694.0000000000       0.03054192156440      -0.03312444798539       0.59830590942495
    1     -1     65695.0000000000       0.03054192156440      -0.03312444798539       0.59830590942495
    1     -1     65695.0000000000       0.00000000000000       0.00000000000000       0.00000000000000
    1     -1     65695.0000000000       0.00000000000000       0.00000000000000       0.00000000000000
    1     -1     65695.0000000000       0.03234036885854      -0.03085474349629       0.59833275409748
    1     -1     65696.0000000000       0.03234036885854      -0.03085474349629       0.59833275409748
    1     -1     65697.0000000000       0.03234036885854      -0.03085474349629       0.59833275409748
    1     -1     65697.0000000000       0.00000000000000       0.00000000000000       0.00000000000000
    1     -1     65697.0000000000       0.00000000000000       0.00000000000000       0.00000000000000
    1     -1     65697.0000000000       0.03419682743257      -0.02851696766528       0.59834551793151
    1     -1     65698.0000000000       0.03419682743257      -0.02851696766528       0.59834551793151
    1     -1     65699.0000000000       0.03419682743257      -0.02851696766528       0.59834551793151
    1     -1     65699.0000000000       0.00000000000000       0.00000000000000       0.00000000000000
    1     -1     65699.0000000000       0.00000000000000       0.00000000000000       0.00000000000000
    1     -1     65699.0000000000       0.03611469948688      -0.02610759753593       0.59834281236752
    1     -1     65700.0000000000       0.03611469948688      -0.02610759753593       0.59834281236752
    1     -1     65701.0000000000       0.03611469948688      -0.02610759753593       0.59834281236752
    1     -1     65701.0000000000       0.00000000000000       0.00000000000000       0.00000000000000
    1     -1     65701.0000000000       0.00000000000000       0.00000000000000       0.00000000000000
    1     -1     65701.0000000000       0.03809762669873      -0.02362284332030       0.59832309949841
    1     -1     65702.0000000000       0.03809762669873      -0.02362284332030       0.59832309949841
    1     -1     65703.0000000000       0.03809762669873      -0.02362284332030       0.59832309949841
    1     -1     65703.0000000000       0.00000000000000       0.00000000000000       0.00000000000000
    1     -1     65703.0000000000       0.00000000000000       0.00000000000000       0.00000000000000
    1     -1     65703.0000000000       0.04014948340920      -0.02105865610298       0.59828467410181
    1     -1     65704.0000000000       0.04014948340920      -0.02105865610298       0.59828467410181
    1     -1     65705.0000000000       0.04014948340920      -0.02105865610298       0.59828467410181
    1     -1     65705.0000000000       0.00000000000000       0.00000000000000       0.00000000000000
    1     -1     65705.0000000000       0.00000000000000       0.00000000000000       0.00000000000000
    1     -1     65705.0000000000       0.04227439465484      -0.01841071279757       0.59822564345810
    1     -1     65706.0000000000       0.04227439465484      -0.01841071279757       0.59822564345810
    1     -1     65707.0000000000       0.04227439465484      -0.01841071279757       0.59822564345810
    1     -1     65707.0000000000       0.00000000000000       0.00000000000000       0.00000000000000
    1     -1     65707.0000000000       0.00000000000000       0.00000000000000       0.00000000000000
    1     -1     65707.0000000000       0.04447675788346      -0.01567439077337       0.59814390472700
    1     -1     65708.0000000000       0.04447675788346      -0.01567439077337       0.59814390472700
    1     -1     65709.0000000000       0.04447675788346      -0.01567439077337       0.59814390472700
    1     -1     65709.0000000000       0.00000000000000       0.00000000000000       0.00000000000000
    1     -1     65709.0000000000       0.00000000000000       0.00000000000000       0.00000000000000
    1     -1     65709.0000000000       0.04676126425011      -0.01284474332413       0.59803711926156
    1     -1     65710.0000000000       0.04676126425011      -0.01284474332413       0.59803711926156
    1     -1     65711.0000000000       0.04676126425011      -0.01284474332413       0.59803711926156
    1     -1     65711.0000000000       0.00000000000000       0.00000000000000       0.00000000000000
    1     -1     65711.0000000000       0.00000000000000       0.00000000000000       0.00000000000000
    1     -1     65711.0000000000       0.04913292138092      -0.00991647339603       0.59790268344603
    1     -1     65712.0000000000       0.04913292138092      -0.00991647339603       0.59790268344603
    1     -1     65713.0000000000       0.04913292138092      -0.00991647339603       0.59790268344603
    1     -1     65713.0000000000       0.00000000000000       0.00000000000000       0.00000000000000
    1     -1     65713.0000000000       0.00000000000000       0.00000000000000       0.00000000000000
    1     -1     65713.0000000000       0.05159707779064      -0.00688390588010       0.59773769555157
    1     -1     65714.0000000000       0.05159707779064      -0.00688390588010       0.59773769555157
    1     -1     65715.0000000000       0.05159707779064      -0.00688390588010       0.59773769555157
    1     -1     65715.0000000000       0.00000000000000       0.00000000000000       0.00000000000000
    1     -1     65715.0000000000       0.00000000000000       0.00000000000000       0.00000000000000
    1     -1     65715.0000000000       0.05415944934781      -0.00374095704852       0.59753891803522
    1     -1     65716.0000000000       0.05415944934781      -0.00374095704852       0.59753891803522
    1     -1     65717.0000000000       0.05415944934781      -0.00374095704852       0.59753891803522
    1     -1     65717.0000000000       0.00000000000000       0.00000000000000       0.00000000000000
    1     -1     65717.0000000000       0.00000000000000       0.00000000000000       0.00000000000000
    1     -1     65717.0000000000       0.05682614771664      -0.00048110176021       0.59730273459677
    1     -1     65718.0000000000       0.05682614771664      -0.00048110176021       0.59730273459677
    1     -1     65719.0000000000       0.05682614771664      -0.00048110176021       0.59730273459677
    1     -1     65719.0000000000       0.00000000000000       0.00000000000000       0.00000000000000
    1     -1     65719.0000000000       0.00000000000000       0.00000000000000       0.00000000000000
    1     -1     65719.0000000000       0.05960371102239       0.00290266214964       0.59702510120162
    1     -1     65720.0000000000       0.05960371102239       0.00290266214964       0.59702510120162
    1     -1     65721.0000000000       0.05960371102239       0.00290266214964       0.59702510120162
    1     -1     65721.0000000000       0.00000000000000       0.00000000000000       0.00000000000000
    1     -1     65721.0000000000       0.00000000000000       0.00000000000000       0.00000000000000
    1     -1     65721.0000000000       0.06249913668819       0.00641785215384       0.59670149016653
    1     -1     65722.0000000000       0.06249913668819       0.00641785215384       0.59670149016653
    1     -1     65723.0000000000       0.06249913668819       0.00641785215384       0.59670149016653
    1     -1     65723.0000000000       0.00000000000000       0.00000000000000       0.00000000000000
    1     -1     65723.0000000000       0.00000000000000       0.00000000000000       0.00000000000000
    1     -1     65723.0000000000       0.06551991658921       0.01007254230511       0.59632682624686
    1     -1     65724.0000000000       0.06551991658921       0.01007254230511       0.59632682624686
    1     -1     65725.0000000000       0.06551991658921       0.01007254230511       0.59632682624686
    1     -1     65725.0000000000       0.00000000000000       0.00000000000000       0.00000000000000
    1     -1     65725.0000000000       0.00000000000000       0.00000000000000       0.00000000000000
    1     -1     65725.0000000000       0.06867407451411       0.01387540753979       0.59589541350411
    1     -1     65726.0000000000       0.06867407451411       0.01387540753979       0.59589541350411
    1     -1     65727.0000000000       0.06867407451411       0.01387540753979       0.59589541350411
    1     -1     65727.0000000000       0.00000000000000       0.00000000000000       0.00000000000000
    1     -1     65727.0000000000       0.00000000000000       0.00000000000000       0.00000000000000
    1     -1     65727.0000000000       0.07197020596034       0.01783577117382       0.59540085152833
    1     -1     65728.0000000000       0.07197020596034       0.01783577117382       0.59540085152833
    1     -1     65729.0000000000       0.07197020596034       0.01783577117382       0.59540085152833
    1     -1     65729.0000000000       0.00000000000000       0.00000000000000       0.00000000000000
    1     -1     65729.0000000000       0.00000000000000       0.00000000000000       0.00000000000000
    1     -1     65729.0000000000       0.07541752003050       0.02196365528990       0.59483593939737
    1     -1     65730.0000000000       0.07541752003050       0.02196365528990       0.59483593939737
    1     -1     65731.0000000000       0.07541752003050       0.02196365528990       0.59483593939737
    1     -1     65731.0000000000       0.00000000000000       0.00000000000000       0.00000000000000
    1     -1     65731.0000000000       0.00000000000000       0.00000000000000       0.00000000000000
    1     -1     65731.0000000000       0.07902588331089       0.02626983418183       0.59419256546930
    1     -1     65732.0000000000       0.07902588331089       0.02626983418183       0.59419256546930
    1     -1     65733.0000000000       0.07902588331089       0.02626983418183       0.59419256546930
    1     -1     65733.0000000000       0.00000000000000       0.00000000000000       0.00000000000000
    1     -1     65733.0000000000       0.00000000000000       0.00000000000000       0.00000000000000
    1     -1     65733.0000000000       0.08280586537638       0.03076589056159       0.59346158082661
    1     -1     65734.0000000000       0.08280586537638       0.03076589056159       0.59346158082661
    1     -1     65735.0000000000       0.08280586537638       0.03076589056159       0.59346158082661
    1     -1     65735.0000000000       0.00000000000000       0.00000000000000       0.00000000000000
    1     -1     65735.0000000000       0.00000000000000       0.00000000000000       0.00000000000000
    1     -1     65735.0000000000       0.08676878529565       0.03546427399477       0.59263265388294
    1     -1     65736.0000000000       0.08676878529565       0.03546427399477       0.59263265388294
    1     -1     65737.0000000000       0.08676878529565       0.03546427399477       0.59263265388294
    1     -1     65737.0000000000       0.00000000000000       0.00000000000000       0.00000000000000
    1     -1     65737.0000000000       0.00000000000000       0.00000000000000       0.00000000000000
    1     -1     65737.0000000000       0.09092675835503       0.04037836096964       0.59169410328349
    1     -1     65738.0000000000       0.09092675835503       0.04037836096964       0.59169410328349
    1     -1     65739.0000000000       0.09092675835503       0.04037836096964       0.59169410328349
    1     -1     65739.0000000000       0.00000000000000       0.00000000000000       0.00000000000000
    1     -1     65739.0000000000       0.00000000000000       0.00000000000000       0.00000000000000
    1     -1     65739.0000000000       0.09529274186120       0.04552251556753       0.59063270583754
    1     -1     65740.0000000000       0.09529274186120       0.04552251556753       0.59063270583754
    1     -1     65741.0000000000       0.09529274186120       0.04552251556753       0.59063270583754
    1     -1     65741.0000000000       0.00000000000000       0.00000000000000       0.00000000000000
    1     -1     65741.0000000000       0.00000000000000       0.00000000000000       0.00000000000000
    1     -1     65741.0000000000       0.09988057840877       0.05091214954286       0.58943347577624
    1     -1     65742.0000000000       0.09988057840877       0.05091214954286       0.58943347577624
    1     -1     65743.0000000000       0.09988057840877       0.05091214954286       0.58943347577624
    1     -1     65743.0000000000       0.00000000000000       0.00000000000000       0.00000000000000
    1     -1     65743.0000000000       0.00000000000000       0.00000000000000       0.00000000000000
    1     -1     65743.0000000000       0.10470503095033       0.05656378147200       0.58807941164377
    1     -1     65744.0000000000       0.10470503095033       0.05656378147200       0.58807941164377
    1     -1     65745.0000000000       0.10470503095033       0.05656378147200       0.58807941164377
    1     -1     65745.0000000000       0.00000000000000       0.00000000000000       0.00000000000000
    1     -1     65745.0000000000       0.00000000000000       0.00000000000000       0.00000000000000
    1     -1     65745.0000000000       0.09657003116862       0.05497399639851       0.51596266995819
    1     -1     65746.0000000000       0.09657003116862       0.05497399639851       0.51596266995819
    1     -1     65747.0000000000       0.09657003116862       0.05497399639851       0.51596266995819
    1     -1     65747.0000000000       0.00000000000000       0.00000000000000       0.00000000000000
    1     -1     65859.0000000000       0.00000000000000       0.00000000000000       0.00000000000000
    1     -1     65859.0000000000       0.04043676316512       0.04527082496554      -0.04902209089218
    1     -1     65860.0000000000       0.04043676316512       0.04527082496554      -0.04902209089218
    1     -1     65861.0000000000       0.04043676316512       0.04527082496554      -0.04902209089218
    1     -1     65861.0000000000       0.00000000000000       0.00000000000000       0.00000000000000
    1     -1     65861.0000000000       0.00000000000000       0.00000000000000       0.00000000000000
    1     -1     65861.0000000000       0.30730339341381       0.34462309121086      -0.38314429224592
    1     -1     65862.0000000000       0.30730339341381       0.34462309121086      -0.38314429224592
    1     -1     65863.0000000000       0.30730339341381       0.34462309121086      -0.38314429224592
    1     -1     65863.0000000000       0.00000000000000       0.00000000000000       0.00000000000000
    1     -1     65863.0000000000       0.00000000000000       0.00000000000000       0.00000000000000
    1     -1     65863.0000000000       0.30382303221109       0.34128288114103      -0.38886702022432
    1     -1     65864.0000000000       0.30382303221109       0.34128288114103      -0.38886702022432
    1     -1     65865.0000000000       0.30382303221109       0.34128288114103      -0.38886702022432
    1     -1     65865.0000000000       0.00000000000000       0.00000000000000       0.00000000000000
    1     -1     65865.0000000000       0.00000000000000       0.00000000000000       0.00000000000000
    1     -1     65865.0000000000       0.30050861614024       0.33810531310142      -0.39418189729878
    1     -1     65866.0000000000       0.30050861614024       0.33810531310142      -0.39418189729878
    1     -1     65867.0000000000       0.30050861614024       0.33810531310142      -0.39418189729878
    1     -1     65867.0000000000       0.00000000000000       0.00000000000000       0.00000000000000
    1     -1     65867.0000000000       0.00000000000000       0.00000000000000       0.00000000000000
    1     -1     65867.0000000000       0.29735374725884       0.33508625311031      -0.39912147430027
    1     -1     65868.0000000000       0.29735374725884       0.33508625311031      -0.39912147430027
    1     -1     65869.0000000000       0.29735374725884       0.33508625311031      -0.39912147430027
    1     -1     65869.0000000000       0.00000000000000       0.00000000000000       0.00000000000000
    1     -1     65869.0000000000       0.00000000000000       0.00000000000000       0.00000000000000
    1     -1     65869.0000000000       0.29435188811974       0.33222120832350      -0.40371528826689
    1     -1     65870.0000000000       0.29435188811974       0.33222120832350      -0.40371528826689
    1     -1     65871.0000000000       0.29435188811974       0.33222120832350      -0.40371528826689
    1     -1     65871.0000000000       0.00000000000000       0.00000000000000       0.00000000000000
    1     -1     65871.0000000000       0.00000000000000       0.00000000000000       0.00000000000000
    1     -1     65871.0000000000       0.29149647908430       0.32950546316457      -0.40799013677558
    1     -1     65872.0000000000       0.29149647908430       0.32950546316457      -0.40799013677558
    1     -1     65873.0000000000       0.29149647908430       0.32950546316457      -0.40799013677558
    1     -1     65873.0000000000       0.00000000000000       0.00000000000000       0.00000000000000
    1     -1     65873.0000000000       0.00000000000000       0.00000000000000       0.00000000000000
    1     -1     65873.0000000000       0.28878102319522       0.32693418652633      -0.41197033582855
    1     -1     65874.0000000000       0.28878102319522       0.32693418652633      -0.41197033582855
    1     -1     65875.0000000000       0.28878102319522       0.32693418652633      -0.41197033582855
    1     -1     65875.0000000000       0.00000000000000       0.00000000000000       0.00000000000000
    1     -1     65875.0000000000       0.00000000000000       0.00000000000000       0.00000000000000
    1     -1     65875.0000000000       0.28619914178111       0.32450250923851      -0.41567796672625
    1     -1     65876.0000000000       0.28619914178111       0.32450250923851      -0.41567796672625
    1     -1     65877.0000000000       0.28619914178111       0.32450250923851      -0.41567796672625
    1     -1     65877.0000000000       0.00000000000000       0.00000000000000       0.00000000000000
    1     -1     65877.0000000000       0.00000000000000       0.00000000000000       0.00000000000000
    1     -1     65877.0000000000       0.28374461528768       0.32220558379258      -0.41913309860726
    1     -1     65878.0000000000       0.28374461528768       0.32220558379258      -0.41913309860726
    1     -1     65879.0000000000       0.28374461528768       0.32220558379258      -0.41913309860726
    1     -1     65879.0000000000       0.00000000000000       0.00000000000000       0.00000000000000
    1     -1     65879.0000000000       0.00000000000000       0.00000000000000       0.00000000000000
    1     -1     65879.0000000000       0.28141141241624       0.32003863007479      -0.42235398838148
    1     -1     65880.0000000000       0.28141141241624       0.32003863007479      -0.42235398838148
    1     -1     65881.0000000000       0.28141141241624       0.32003863007479      -0.42235398838148
    1     -1     65881.0000000000       0.00000000000000       0.00000000000000       0.00000000000000
    1     -1     65881.0000000000       0.00000000000000       0.00000000000000       0.00000000000000
    1     -1     65881.0000000000       0.27919370981581       0.31799696953548      -0.42535726048292
    1     -1     65882.0000000000       0.27919370981581       0.31799696953548      -0.42535726048292
    1     -1     65883.0000000000       0.27919370981581       0.31799696953548      -0.42535726048292
    1     -1     65883.0000000000       0.00000000000000       0.00000000000000       0.00000000000000
    1     -1     65883.0000000000       0.00000000000000       0.00000000000000       0.00000000000000
    1     -1     65883.0000000000       0.27708590435598       0.31607605014499      -0.42815806825514
    1     -1     65884.0000000000       0.27708590435598       0.31607605014499      -0.42815806825514
    1     -1     65885.0000000000       0.27708590435598       0.31607605014499      -0.42815806825514
    1     -1     65885.0000000000       0.00000000000000       0.00000000000000       0.00000000000000
    1     -1     65885.0000000000       0.00000000000000       0.00000000000000       0.00000000000000
    1     -1     65885.0000000000       0.27508261960697       0.31427146390510      -0.43077023881080
    1     -1     65886.0000000000       0.27508261960697       0.31427146390510      -0.43077023881080
    1     -1     65887.0000000000       0.27508261960697       0.31427146390510      -0.43077023881080
    1     -1     65887.0000000000       0.00000000000000       0.00000000000000       0.00000000000000
    1     -1     65887.0000000000       0.00000000000000       0.00000000000000       0.00000000000000
    1     -1     65887.0000000000       0.27317870789040       0.31257895853964      -0.43320640290005
    1     -1     65888.0000000000       0.27317870789040       0.31257895853964      -0.43320640290005
    1     -1     65889.0000000000       0.27317870789040       0.31257895853964      -0.43320640290005
    1     -1     65889.0000000000       0.00000000000000       0.00000000000000       0.00000000000000
    1     -1     65889.0000000000       0.00000000000000       0.00000000000000       0.00000000000000
    1     -1     65889.0000000000       0.27136924895561       0.31099444458436      -0.43547811132012
    1     -1     65890.0000000000       0.27136924895561       0.31099444458436      -0.43547811132012
    1     -1     65891.0000000000       0.27136924895561       0.31099444458436      -0.43547811132012
    1     -1     65891.0000000000       0.00000000000000       0.00000000000000       0.00000000000000
    1     -1     65891.0000000000       0.00000000000000       0.00000000000000       0.00000000000000
    1     -1     65891.0000000000       0.26964954619855       0.30951399895396      -0.43759593915671
    1     -1     65892.0000000000       0.26964954619855       0.30951399895396      -0.43759593915671
    1     -1     65893.0000000000       0.26964954619855       0.30951399895396      -0.43759593915671
    1     -1     65893.0000000000       0.00000000000000       0.00000000000000       0.00000000000000
    1     -1     65893.0000000000       0.00000000000000       0.00000000000000       0.00000000000000
    1     -1     65893.0000000000       0.26801512084593       0.30813386553630      -0.43956957946109
    1     -1     65894.0000000000       0.26801512084593       0.30813386553630      -0.43956957946109
    1     -1     65895.0000000000       0.26801512084593       0.30813386553630      -0.43956957946109
    1     -1     65895.0000000000       0.00000000000000       0.00000000000000       0.00000000000000
    1     -1     65895.0000000000       0.00000000000000       0.00000000000000       0.00000000000000
    1     -1     65895.0000000000       0.26646170496864       0.30685045389382      -0.44140792699085
    1     -1     65896.0000000000       0.26646170496864       0.30685045389382      -0.44140792699085
    1     -1     65897.0000000000       0.26646170496864       0.30685045389382      -0.44140792699085
    1     -1     65897.0000000000       0.00000000000000       0.00000000000000       0.00000000000000
    1     -1     65897.0000000000       0.00000000000000       0.00000000000000       0.00000000000000
    1     -1     65897.0000000000       0.26498523312763       0.30566033588578      -0.44311915391968
    1     -1     65898.0000000000       0.26498523312763       0.30566033588578      -0.44311915391968
    1     -1     65899.0000000000       0.26498523312763       0.30566033588578      -0.44311915391968
    1     -1     65899.0000000000       0.00000000000000       0.00000000000000       0.00000000000000
    1     -1     65899.0000000000       0.00000000000000       0.00000000000000       0.00000000000000
    1     -1     65899.0000000000       0.26358183236455       0.30456024031532      -0.44471077898610
    1     -1     65900.0000000000       0.26358183236455       0.30456024031532      -0.44471077898610
    1     -1     65901.0000000000       0.26358183236455       0.30456024031532      -0.44471077898610
    1     -1     65901.0000000000       0.00000000000000       0.00000000000000       0.00000000000000
    1     -1     65901.0000000000       0.00000000000000       0.00000000000000       0.00000000000000
    1     -1     65901.0000000000       0.26224779278579       0.30354703163246      -0.44618975116659
    1     -1     65902.0000000000       0.26224779278579       0.30354703163246      -0.44618975116659
    1     -1     65903.0000000000       0.26224779278579       0.30354703163246      -0.44618975116659
    1     -1     65903.0000000000       0.00000000000000       0.00000000000000       0.00000000000000
    1   9595     65903.0000000000     -181588137.488441378     -318015903.428455949        4726328.219744380       15.7505445640374      -10.3361390718151       -0.9739544173359        1653.5754137255
    1   9595     65903.0000000000     -181588137.488441378     -318015903.428455949        4726328.219744380       15.7505445640374      -10.3361390718151       -0.9739544173359        1613.5754137255
    1     -1     65903.0000000000       0.00000000000000       0.00000000000000       0.00000000000000
    1     -1     65903.0000000000      -0.37115848123857      -0.31968335266669       0.34647357058289
    1     -1     65904.0000000000      -0.37115848123857      -0.31968335266669       0.34647357058289
    1     -1     65905.0000000000      -0.37115848123857      -0.31968335266669       0.34647357058289
    1     -1     65905.0000000000       0.00000000000000       0.00000000000000       0.00000000000000
    1     -1     65905.0000000000       0.00000000000000       0.00000000000000       0.00000000000000
    1     -1     65905.0000000000      -0.37101188556510      -0.31984454696421       0.34648181168235
    1     -1     65906.0000000000      -0.37101188556510      -0.31984454696421       0.34648181168235
    1     -1     65907.0000000000      -0.37101188556510      -0.31984454696421       0.34648181168235
    1     -1     65907.0000000000       0.00000000000000       0.00000000000000       0.00000000000000
    1     -1     65907.0000000000       0.00000000000000       0.00000000000000       0.00000000000000
    1     -1     65907.0000000000      -0.37086222461289      -0.32006225063577       0.34644099837223
    1     -1     65908.0000000000      -0.37086222461289      -0.32006225063577       0.34644099837223
    1     -1     65909.0000000000      -0.37086222461289      -0.32006225063577       0.34644099837223
    1     -1     65909.0000000000       0.00000000000000       0.00000000000000       0.00000000000000
    1     -1     65909.0000000000       0.00000000000000       0.00000000000000       0.00000000000000
    1     -1     65909.0000000000      -0.37070868371498      -0.32033825605817       0.34635021698264
    1     -1     65910.0000000000      -0.37070868371498      -0.32033825605817       0.34635021698264
    1     -1     65911.0000000000      -0.37070868371498      -0.32033825605817       0.34635021698264
    1     -1     65911.0000000000       0.00000000000000       0.00000000000000       0.00000000000000
    1     -1     65911.0000000000       0.00000000000000       0.00000000000000       0.00000000000000
    1     -1     65911.0000000000      -0.37055041328577      -0.32067438886012       0.34620850195068
    1     -1     65912.0000000000      -0.37055041328577      -0.32067438886012       0.34620850195068
    1     -1     65913.0000000000      -0.37055041328577      -0.32067438886012       0.34620850195068
    1     -1     65913.0000000000       0.00000000000000       0.00000000000000       0.00000000000000
    1     -1     65913.0000000000       0.00000000000000       0.00000000000000       0.00000000000000
    1     -1     65913.0000000000      -0.37038652611030      -0.32107251074126       0.34601483118828
    1     -1     65914.0000000000      -0.37038652611030      -0.32107251074126       0.34601483118828
    1     -1     65915.0000000000      -0.37038652611030      -0.32107251074126       0.34601483118828
    1     -1     65915.0000000000       0.00000000000000       0.00000000000000       0.00000000000000
    1     -1     65915.0000000000       0.00000000000000       0.00000000000000       0.00000000000000
    1     -1     65915.0000000000      -0.37021609445500      -0.32153452242482       0.34576812110941
    1     -1     65916.0000000000      -0.37021609445500      -0.32153452242482       0.34576812110941
    1     -1     65917.0000000000      -0.37021609445500      -0.32153452242482       0.34576812110941
    1     -1     65917.0000000000       0.00000000000000       0.00000000000000       0.00000000000000
    1     -1     65917.0000000000       0.00000000000000       0.00000000000000       0.00000000000000
    1     -1     65917.0000000000      -0.37003814694847      -0.32206236666146       0.34546722140221
    1     -1     65918.0000000000      -0.37003814694847      -0.32206236666146       0.34546722140221
    1     -1     65919.0000000000      -0.37003814694847      -0.32206236666146       0.34546722140221
    1     -1     65919.0000000000       0.00000000000000       0.00000000000000       0.00000000000000
    1     -1     65919.0000000000       0.00000000000000       0.00000000000000       0.00000000000000
    1     -1     65919.0000000000      -0.36985166530566      -0.32265803096594       0.34511090971428
    1     -1     65920.0000000000      -0.36985166530566      -0.32265803096594       0.34511090971428
    1     -1     65921.0000000000      -0.36985166530566      -0.32265803096594       0.34511090971428
    1     -1     65921.0000000000       0.00000000000000       0.00000000000000       0.00000000000000
    1     -1     65921.0000000000       0.00000000000000       0.00000000000000       0.00000000000000
    1     -1     65921.0000000000      -0.36965558089469      -0.32332355014003       0.34469788615287
    1     -1     65922.0000000000      -0.36965558089469      -0.32332355014003       0.34469788615287
    1     -1     65923.0000000000      -0.36965558089469      -0.32332355014003       0.34469788615287
    1     -1     65923.0000000000       0.00000000000000       0.00000000000000       0.00000000000000
    1     -1     65923.0000000000       0.00000000000000       0.00000000000000       0.00000000000000
    1     -1     65923.0000000000      -0.36944877100408      -0.32406100893954       0.34422676736224
    1     -1     65924.0000000000      -0.36944877100408      -0.32406100893954       0.34422676736224
    1     -1     65925.0000000000      -0.36944877100408      -0.32406100893954       0.34422676736224
    1     -1     65925.0000000000       0.00000000000000       0.00000000000000       0.00000000000000
    1     -1     65925.0000000000       0.00000000000000       0.00000000000000       0.00000000000000
    1     -1     65925.0000000000      -0.36923005467514      -0.32487254514022       0.34369608001650
    1     -1     65926.0000000000      -0.36923005467514      -0.32487254514022       0.34369608001650
    1     -1     65927.0000000000      -0.36923005467514      -0.32487254514022       0.34369608001650
    1     -1     65927.0000000000       0.00000000000000       0.00000000000000       0.00000000000000
    1     -1     65927.0000000000       0.00000000000000       0.00000000000000       0.00000000000000
    1     -1     65927.0000000000      -0.36899818803196      -0.32576035299348       0.34310425372865
    1     -1     65928.0000000000      -0.36899818803196      -0.32576035299348       0.34310425372865
    1     -1     65929.0000000000      -0.36899818803196      -0.32576035299348       0.34310425372865
    1     -1     65929.0000000000       0.00000000000000       0.00000000000000       0.00000000000000
    1     -1     65929.0000000000       0.00000000000000       0.00000000000000       0.00000000000000
    1     -1     65929.0000000000      -0.36875185918486      -0.32672668675941       0.34244961350092
    1     -1     65930.0000000000      -0.36875185918486      -0.32672668675941       0.34244961350092
    1     -1     65931.0000000000      -0.36875185918486      -0.32672668675941       0.34244961350092
    1     -1     65931.0000000000       0.00000000000000       0.00000000000000       0.00000000000000
    1     -1     65931.0000000000       0.00000000000000       0.00000000000000       0.00000000000000
    1     -1     65931.0000000000      -0.36848968268054      -0.32777386425775       0.34173037170778
    1     -1     65932.0000000000      -0.36848968268054      -0.32777386425775       0.34173037170778
    1     -1     65933.0000000000      -0.36848968268054      -0.32777386425775       0.34173037170778
    1     -1     65933.0000000000       0.00000000000000       0.00000000000000       0.00000000000000
    1     -1     65933.0000000000       0.00000000000000       0.00000000000000       0.00000000000000
    1     -1     65933.0000000000      -0.36821019347742      -0.32890427039799       0.34094461956935
    1     -1     65934.0000000000      -0.36821019347742      -0.32890427039799       0.34094461956935
    1     -1     65935.0000000000      -0.36821019347742      -0.32890427039799       0.34094461956935
    1     -1     65935.0000000000       0.00000000000000       0.00000000000000       0.00000000000000
    1     -1     65935.0000000000       0.00000000000000       0.00000000000000       0.00000000000000
    1     -1     65935.0000000000      -0.36791184042286      -0.33012036062972       0.34009031808384
    1     -1     65936.0000000000      -0.36791184042286      -0.33012036062972       0.34009031808384
    1     -1     65937.0000000000      -0.36791184042286      -0.33012036062972       0.34009031808384
    1     -1     65937.0000000000       0.00000000000000       0.00000000000000       0.00000000000000
    1     -1     65937.0000000000       0.00000000000000       0.00000000000000       0.00000000000000
    1     -1     65937.0000000000      -0.36759297915739      -0.33142466435104       0.33916528833889
    1     -1     65938.0000000000      -0.36759297915739      -0.33142466435104       0.33916528833889
    1     -1     65939.0000000000      -0.36759297915739      -0.33142466435104       0.33916528833889
    1     -1     65939.0000000000       0.00000000000000       0.00000000000000       0.00000000000000
    1     -1     65939.0000000000       0.00000000000000       0.00000000000000       0.00000000000000
    1     -1     65939.0000000000      -0.36725186437959      -0.33281978826572       0.33816720114239
    1     -1     65940.0000000000      -0.36725186437959      -0.33281978826572       0.33816720114239
    1     -1     65941.0000000000      -0.36725186437959      -0.33281978826572       0.33816720114239
    1     -1     65941.0000000000       0.00000000000000       0.00000000000000       0.00000000000000
    1     -1     65941.0000000000       0.00000000000000       0.00000000000000       0.00000000000000
    1     -1     65941.0000000000      -0.36688664145696      -0.33430841955581       0.33709356596430
    1     -1     65942.0000000000      -0.36688664145696      -0.33430841955581       0.33709356596430
    1     -1     65943.0000000000      -0.36688664145696      -0.33430841955581       0.33709356596430
    1     -1     65943.0000000000       0.00000000000000       0.00000000000000       0.00000000000000
    1     -1     65943.0000000000       0.00000000000000       0.00000000000000       0.00000000000000
    1     -1     65943.0000000000      -0.36649533724277      -0.33589332897492       0.33594171906665
    1     -1     65944.0000000000      -0.36649533724277      -0.33589332897492       0.33594171906665
    1     -1     65945.0000000000      -0.36649533724277      -0.33589332897492       0.33594171906665
    1     -1     65945.0000000000       0.00000000000000       0.00000000000000       0.00000000000000
    1     -1     65945.0000000000       0.00000000000000       0.00000000000000       0.00000000000000
    1     -1     65945.0000000000      -0.36607585003075      -0.33757737381375       0.33470881074939
    1     -1     65946.0000000000      -0.36607585003075      -0.33757737381375       0.33470881074939
    1     -1     65947.0000000000      -0.36607585003075      -0.33757737381375       0.33470881074939
    1     -1     65947.0000000000       0.00000000000000       0.00000000000000       0.00000000000000
    1     -1     65947.0000000000       0.00000000000000       0.00000000000000       0.00000000000000
    1     -1     65947.0000000000      -0.36562593838786      -0.33936350100708       0.33339179150395
    1     -1     65948.0000000000      -0.36562593838786      -0.33936350100708       0.33339179150395
    1     -1     65949.0000000000      -0.36562593838786      -0.33936350100708       0.33339179150395
    1     -1     65949.0000000000       0.00000000000000       0.00000000000000       0.00000000000000
    1     -1     65949.0000000000       0.00000000000000       0.00000000000000       0.00000000000000
    1     -1     65949.0000000000      -0.36514320851373      -0.34125475044067       0.33198739713726
    1     -1     65950.0000000000      -0.36514320851373      -0.34125475044067       0.33198739713726
    1     -1     65951.0000000000      -0.36514320851373      -0.34125475044067       0.33198739713726
    1     -1     65951.0000000000       0.00000000000000       0.00000000000000       0.00000000000000
    1     -1     65951.0000000000       0.00000000000000       0.00000000000000       0.00000000000000
    1     -1     65951.0000000000      -0.36462510157442      -0.34325425614249       0.33049213337372
    1     -1     65952.0000000000      -0.36462510157442      -0.34325425614249       0.33049213337372
    1     -1     65953.0000000000      -0.36462510157442      -0.34325425614249       0.33049213337372
    1     -1     65953.0000000000       0.00000000000000       0.00000000000000       0.00000000000000
    1     -1     65953.0000000000       0.00000000000000       0.00000000000000       0.00000000000000
    1     -1     65953.0000000000      -0.31045158874604      -0.29450241136623       0.28046405255361
    1     -1     65954.0000000000      -0.31045158874604      -0.29450241136623       0.28046405255361
    1     -1     65955.0000000000      -0.31045158874604      -0.29450241136623       0.28046405255361
    1     -1     65955.0000000000       0.00000000000000       0.00000000000000       0.00000000000000
    1     -1     66165.0000000000       0.00000000000000       0.00000000000000       0.00000000000000
    1     -1     66165.0000000000       0.12215620849252      -0.08595371484129      -0.15229383586936
    1     -1     66166.0000000000       0.12215620849252      -0.08595371484129      -0.15229383586936
    1     -1     66167.0000000000       0.12215620849252      -0.08595371484129      -0.15229383586936
    1     -1     66167.0000000000       0.00000000000000       0.00000000000000       0.00000000000000
    1     -1     66167.0000000000       0.00000000000000       0.00000000000000       0.00000000000000
    1     -1     66167.0000000000       0.34542778253052      -0.23917328062970      -0.42834073839512
    1     -1     66168.0000000000       0.34542778253052      -0.23917328062970      -0.42834073839512
    1     -1     66169.0000000000       0.34542778253052      -0.23917328062970      -0.42834073839512
    1     -1     66169.0000000000       0.00000000000000       0.00000000000000       0.00000000000000
    1     -1     66169.0000000000       0.00000000000000       0.00000000000000       0.00000000000000
    1     -1     66169.0000000000       0.34720910640688      -0.23669707369170      -0.42827599864331
    1     -1     66170.0000000000       0.34720910640688      -0.23669707369170      -0.42827599864331
    1     -1     66171.0000000000       0.34720910640688      -0.23669707369170      -0.42827599864331
    1     -1     66171.0000000000       0.00000000000000       0.00000000000000       0.00000000000000
    1     -1     66171.0000000000       0.00000000000000       0.00000000000000       0.00000000000000
    1     -1     66171.0000000000       0.34893984296731      -0.23433206147383      -0.42816990813855
    1     -1     66172.0000000000       0.34893984296731      -0.23433206147383      -0.42816990813855
    1     -1     66173.0000000000       0.34893984296731      -0.23433206147383      -0.42816990813855
    1     -1     66173.0000000000       0.00000000000000       0.00000000000000       0.00000000000000
    1     -1     66173.0000000000       0.00000000000000       0.00000000000000       0.00000000000000
    1     -1     66173.0000000000       0.35062325777327      -0.23207425420268      -0.42802438122697
    1     -1     66174.0000000000       0.35062325777327      -0.23207425420268      -0.42802438122697
    1     -1     66175.0000000000       0.35062325777327      -0.23207425420268      -0.42802438122697
    1     -1     66175.0000000000       0.00000000000000       0.00000000000000       0.00000000000000
    1     -1     66175.0000000000       0.00000000000000       0.00000000000000       0.00000000000000
    1     -1     66175.0000000000       0.35226202807215      -0.22992040395120      -0.42784117462607
    1     -1     66176.0000000000       0.35226202807215      -0.22992040395120      -0.42784117462607
    1     -1     66177.0000000000       0.35226202807215      -0.22992040395120      -0.42784117462607
    1     -1     66177.0000000000       0.00000000000000       0.00000000000000       0.00000000000000
    1     -1     66177.0000000000       0.00000000000000       0.00000000000000       0.00000000000000
    1     -1     66177.0000000000       0.35385884362944      -0.22786703718251      -0.42762194919216
    1     -1     66178.0000000000       0.35385884362944      -0.22786703718251      -0.42762194919216
    1     -1     66179.0000000000       0.35385884362944      -0.22786703718251      -0.42762194919216
    1     -1     66179.0000000000       0.00000000000000       0.00000000000000       0.00000000000000
    1     -1     66179.0000000000       0.00000000000000       0.00000000000000       0.00000000000000
    1     -1     66179.0000000000       0.35541620974066      -0.22591091366163      -0.42736819748567
    1     -1     66180.0000000000       0.35541620974066      -0.22591091366163      -0.42736819748567
    1     -1     66181.0000000000       0.35541620974066      -0.22591091366163      -0.42736819748567
    1     -1     66181.0000000000       0.00000000000000       0.00000000000000       0.00000000000000
    1     -1     66181.0000000000       0.00000000000000       0.00000000000000       0.00000000000000
    1     -1     66181.0000000000       0.35693648077249      -0.22404893002602      -0.42708128608960
    1     -1     66182.0000000000       0.35693648077249      -0.22404893002602      -0.42708128608960
    1     -1     66183.0000000000       0.35693648077249      -0.22404893002602      -0.42708128608960
    1     -1     66183.0000000000       0.00000000000000       0.00000000000000       0.00000000000000
    1     -1     66183.0000000000       0.00000000000000       0.00000000000000       0.00000000000000
    1     -1     66183.0000000000       0.35842186732090      -0.22227811514957      -0.42676246769339
    1     -1     66184.0000000000       0.35842186732090      -0.22227811514957      -0.42676246769339
    1     -1     66185.0000000000       0.35842186732090      -0.22227811514957      -0.42676246769339
    1     -1     66185.0000000000       0.00000000000000       0.00000000000000       0.00000000000000
    1     -1     66185.0000000000       0.00000000000000       0.00000000000000       0.00000000000000
    1     -1     66185.0000000000       0.35987445419162      -0.22059560559729      -0.42641289297047
    1     -1     66186.0000000000       0.35987445419162      -0.22059560559729      -0.42641289297047
    1     -1     66187.0000000000       0.35987445419162      -0.22059560559729      -0.42641289297047
    1     -1     66187.0000000000       0.00000000000000       0.00000000000000       0.00000000000000
    1     -1     66187.0000000000       0.00000000000000       0.00000000000000       0.00000000000000
    1     -1     66187.0000000000       0.36129621068093      -0.21899863892337      -0.42603361789571
    1     -1     66188.0000000000       0.36129621068093      -0.21899863892337      -0.42603361789571
    1     -1     66189.0000000000       0.36129621068093      -0.21899863892337      -0.42603361789571
    1     -1     66189.0000000000       0.00000000000000       0.00000000000000       0.00000000000000
    1     -1     66189.0000000000       0.00000000000000       0.00000000000000       0.00000000000000
    1     -1     66189.0000000000       0.36268899561409      -0.21748455602313      -0.42562560969926
    1     -1     66190.0000000000       0.36268899561409      -0.21748455602313      -0.42562560969926
    1     -1     66191.0000000000       0.36268899561409      -0.21748455602313      -0.42562560969926
    1     -1     66191.0000000000       0.00000000000000       0.00000000000000       0.00000000000000
    1     -1     66191.0000000000       0.00000000000000       0.00000000000000       0.00000000000000
    1     -1     66191.0000000000       0.36405456329649      -0.21605079862568      -0.42518975368205
    1     -1     66192.0000000000       0.36405456329649      -0.21605079862568      -0.42518975368205
    1     -1     66193.0000000000       0.36405456329649      -0.21605079862568      -0.42518975368205
    1     -1     66193.0000000000       0.00000000000000       0.00000000000000       0.00000000000000
    1     -1     66193.0000000000       0.00000000000000       0.00000000000000       0.00000000000000
    1     -1     66193.0000000000       0.36539457003759      -0.21469490392221      -0.42472686010762
    1     -1     66194.0000000000       0.36539457003759      -0.21469490392221      -0.42472686010762
    1     -1     66195.0000000000       0.36539457003759      -0.21469490392221      -0.42472686010762
    1     -1     66195.0000000000       0.00000000000000       0.00000000000000       0.00000000000000
    1     -1     66195.0000000000       0.00000000000000       0.00000000000000       0.00000000000000
    1     -1     66195.0000000000       0.36671058042237      -0.21341449863234      -0.42423767072219
    1     -1     66196.0000000000       0.36671058042237      -0.21341449863234      -0.42423767072219
    1     -1     66197.0000000000       0.36671058042237      -0.21341449863234      -0.42423767072219
    1     -1     66197.0000000000       0.00000000000000       0.00000000000000       0.00000000000000
    1     -1     66197.0000000000       0.00000000000000       0.00000000000000       0.00000000000000
    1     -1     66197.0000000000       0.36800407275806      -0.21220729404450      -0.42372286469790
    1     -1     66198.0000000000       0.36800407275806      -0.21220729404450      -0.42372286469790
    1     -1     66199.0000000000       0.36800407275806      -0.21220729404450      -0.42372286469790
    1     -1     66199.0000000000       0.00000000000000       0.00000000000000       0.00000000000000
    1     -1     66199.0000000000       0.00000000000000       0.00000000000000       0.00000000000000
    1     -1     66199.0000000000       0.36927644253458      -0.21107108523140      -0.42318306351772
    1     -1     66200.0000000000       0.36927644253458      -0.21107108523140      -0.42318306351772
    1     -1     66201.0000000000       0.36927644253458      -0.21107108523140      -0.42318306351772
    1     -1     66201.0000000000       0.00000000000000       0.00000000000000       0.00000000000000
    1     -1     66201.0000000000       0.00000000000000       0.00000000000000       0.00000000000000
    1     -1     66201.0000000000       0.37052900394244      -0.21000376104299      -0.42261883165001
    1     -1     66202.0000000000       0.37052900394244      -0.21000376104299      -0.42261883165001
    1     -1     66203.0000000000       0.37052900394244      -0.21000376104299      -0.42261883165001
    1     -1     66203.0000000000       0.00000000000000       0.00000000000000       0.00000000000000
    1   4928     66203.0000000000      240038247.473575771     -313543595.250735939       -1014851.377232782       13.9592667797391       10.1448122722370       -1.0099172102863        1496.7283827881
    1   4928     66203.0000000000      240038247.473575771     -313543595.250735939       -1014851.377232782       13.9592667797391       10.1448122722370       -1.0099172102863        1456.7283827881
    1     -1     66203.0000000000       0.00000000000000       0.00000000000000       0.00000000000000
    1     -1     66203.0000000000      -0.25945580944822       0.52635751285330       0.12502180164458
    1     -1     66204.0000000000      -0.25945580944822       0.52635751285330       0.12502180164458
    1     -1     66205.0000000000      -0.25945580944822       0.52635751285330       0.12502180164458
    1     -1     66205.0000000000       0.00000000000000       0.00000000000000       0.00000000000000
    1     -1     66205.0000000000       0.00000000000000       0.00000000000000       0.00000000000000
    1     -1     66205.0000000000      -0.25926957614010       0.52690412679925       0.12309072804257
    1     -1     66206.0000000000      -0.25926957614010       0.52690412679925       0.12309072804257
    1     -1     66207.0000000000      -0.25926957614010       0.52690412679925       0.12309072804257
    1     -1     66207.0000000000       0.00000000000000       0.00000000000000       0.00000000000000
    1     -1     66207.0000000000       0.00000000000000       0.00000000000000       0.00000000000000
    1     -1     66207.0000000000      -0.25909856984930       0.52745151911820       0.12109015386046
    1     -1     66208.0000000000      -0.25909856984930       0.52745151911820       0.12109015386046
    1     -1     66209.0000000000      -0.25909856984930       0.52745151911820       0.12109015386046
    1     -1     66209.0000000000       0.00000000000000       0.00000000000000       0.00000000000000
    1     -1     66209.0000000000       0.00000000000000       0.00000000000000       0.00000000000000
    1     -1     66209.0000000000      -0.25894366249123       0.52799878854816       0.11901873057339
    1     -1     66210.0000000000      -0.25894366249123       0.52799878854816       0.11901873057339
    1     -1     66211.0000000000      -0.25894366249123       0.52799878854816       0.11901873057339
    1     -1     66211.0000000000       0.00000000000000       0.00000000000000       0.00000000000000
    1     -1     66211.0000000000       0.00000000000000       0.00000000000000       0.00000000000000
    1     -1     66211.0000000000      -0.25880573306916       0.52854499085236       0.11687508055788
    1     -1     66212.0000000000      -0.25880573306916       0.52854499085236       0.11687508055788
    1     -1     66213.0000000000      -0.25880573306916       0.52854499085236       0.11687508055788
    1     -1     66213.0000000000       0.00000000000000       0.00000000000000       0.00000000000000
    1     -1     66213.0000000000       0.00000000000000       0.00000000000000       0.00000000000000
    1     -1     66213.0000000000      -0.25868566740758       0.52908913634665       0.11465779763213
    1     -1     66214.0000000000      -0.25868566740758       0.52908913634665       0.11465779763213
    1     -1     66215.0000000000      -0.25868566740758       0.52908913634665       0.11465779763213
    1     -1     66215.0000000000       0.00000000000000       0.00000000000000       0.00000000000000
    1     -1     66215.0000000000       0.00000000000000       0.00000000000000       0.00000000000000
    1     -1     66215.0000000000      -0.25858435748215       0.52963018722507       0.11236544898446
    1     -1     66216.0000000000      -0.25858435748215       0.52963018722507       0.11236544898446
    1     -1     66217.0000000000      -0.25858435748215       0.52963018722507       0.11236544898446
    1     -1     66217.0000000000       0.00000000000000       0.00000000000000       0.00000000000000
    1     -1     66217.0000000000       0.00000000000000       0.00000000000000       0.00000000000000
    1     -1     66217.0000000000      -0.25850270063498       0.53016705490151       0.10999657695348
    1     -1     66218.0000000000      -0.25850270063498       0.53016705490151       0.10999657695348
    1     -1     66219.0000000000      -0.25850270063498       0.53016705490151       0.10999657695348
    1     -1     66219.0000000000       0.00000000000000       0.00000000000000       0.00000000000000
    1     -1     66219.0000000000       0.00000000000000       0.00000000000000       0.00000000000000
    1     -1     66219.0000000000      -0.25844159881164       0.53069859740554       0.10754970011802
    1     -1     66220.0000000000      -0.25844159881164       0.53069859740554       0.10754970011802
    1     -1     66221.0000000000      -0.25844159881164       0.53069859740554       0.10754970011802
    1     -1     66221.0000000000       0.00000000000000       0.00000000000000       0.00000000000000
    1     -1     66221.0000000000       0.00000000000000       0.00000000000000       0.00000000000000
    1     -1     66221.0000000000      -0.25840195774824       0.53122361725590       0.10502331160953
    1     -1     66222.0000000000      -0.25840195774824       0.53122361725590       0.10502331160953
    1     -1     66223.0000000000      -0.25840195774824       0.53122361725590       0.10502331160953
    1     -1     66223.0000000000       0.00000000000000       0.00000000000000       0.00000000000000
    1     -1     66223.0000000000       0.00000000000000       0.00000000000000       0.00000000000000
    1     -1     66223.0000000000      -0.25838468735276       0.53174086147468       0.10241586234460
    1     -1     66224.0000000000      -0.25838468735276       0.53174086147468       0.10241586234460
    1     -1     66225.0000000000      -0.25838468735276       0.53174086147468       0.10241586234460
    1     -1     66225.0000000000       0.00000000000000       0.00000000000000       0.00000000000000
    1     -1     66225.0000000000       0.00000000000000       0.00000000000000       0.00000000000000
    1     -1     66225.0000000000      -0.25839070575259       0.53224901925264       0.09972574374394
    1     -1     66226.0000000000      -0.25839070575259       0.53224901925264       0.09972574374394
    1     -1     66227.0000000000      -0.25839070575259       0.53224901925264       0.09972574374394
    1     -1     66227.0000000000       0.00000000000000       0.00000000000000       0.00000000000000
    1     -1     66227.0000000000       0.00000000000000       0.00000000000000       0.00000000000000
    1     -1     66227.0000000000      -0.25842093401097       0.53274670923141       0.09695134835580
    1     -1     66228.0000000000      -0.25842093401097       0.53274670923141       0.09695134835580
    1     -1     66229.0000000000      -0.25842093401097       0.53274670923141       0.09695134835580
    1     -1     66229.0000000000       0.00000000000000       0.00000000000000       0.00000000000000
    1     -1     66229.0000000000       0.00000000000000       0.00000000000000       0.00000000000000
    1     -1     66229.0000000000      -0.25847627194366       0.53323246418350       0.09409120714978
    1     -1     66230.0000000000      -0.25847627194366       0.53323246418350       0.09409120714978
    1     -1     66231.0000000000      -0.25847627194366       0.53323246418350       0.09409120714978
    1     -1     66231.0000000000       0.00000000000000       0.00000000000000       0.00000000000000
    1     -1     66231.0000000000       0.00000000000000       0.00000000000000       0.00000000000000
    1     -1     66231.0000000000      -0.25016281347535       0.51637649937346       0.08818424895431
    1     -1     66232.0000000000      -0.25016281347535       0.51637649937346       0.08818424895431
    1     -1     66233.0000000000      -0.25016281347535       0.51637649937346       0.08818424895431
    1     -1     66233.0000000000       0.00000000000000       0.00000000000000       0.00000000000000
    1     -1     66551.0000000000       0.00000000000000       0.00000000000000       0.00000000000000
    1     -1     66551.0000000000      -0.10259877725197      -0.09513263695913      -0.14266268519084
    1     -1     66552.0000000000      -0.10259877725197      -0.09513263695913      -0.14266268519084
    1     -1     66553.0000000000      -0.10259877725197      -0.09513263695913      -0.14266268519084
    1     -1     66553.0000000000       0.00000000000000       0.00000000000000       0.00000000000000
    1     -1     66553.0000000000       0.00000000000000       0.00000000000000       0.00000000000000
    1     -1     66553.0000000000      -0.30882981441413      -0.28869094927441      -0.42577186475386
    1     -1     66554.0000000000      -0.30882981441413      -0.28869094927441      -0.42577186475386
    1     -1     66555.0000000000      -0.30882981441413      -0.28869094927441      -0.42577186475386
    1     -1     66555.0000000000       0.00000000000000       0.00000000000000       0.00000000000000
    1     -1     66555.0000000000       0.00000000000000       0.00000000000000       0.00000000000000
    1     -1     66555.0000000000      -0.30961784000528      -0.29168910924699      -0.42314803080856
    1     -1     66556.0000000000      -0.30961784000528      -0.29168910924699      -0.42314803080856
    1     -1     66557.0000000000      -0.30961784000528      -0.29168910924699      -0.42314803080856
    1     -1     66557.0000000000       0.00000000000000       0.00000000000000       0.00000000000000
    1     -1     66557.0000000000       0.00000000000000       0.00000000000000       0.00000000000000
    1     -1     66557.0000000000      -0.31043173786561      -0.29464612675775      -0.42049470316806
    1     -1     66558.0000000000      -0.31043173786561      -0.29464612675775      -0.42049470316806
    1     -1     66559.0000000000      -0.31043173786561      -0.29464612675775      -0.42049470316806
    1     -1     66559.0000000000       0.00000000000000       0.00000000000000       0.00000000000000
    1     -1     66559.0000000000       0.00000000000000       0.00000000000000       0.00000000000000
    1     -1     66559.0000000000      -0.31127067241318      -0.29756320769008      -0.41781180596608
    1     -1     66560.0000000000      -0.31127067241318      -0.29756320769008      -0.41781180596608
    1     -1     66561.0000000000      -0.31127067241318      -0.29756320769008      -0.41781180596608
    1     -1     66561.0000000000       0.00000000000000       0.00000000000000       0.00000000000000
    1     -1     66561.0000000000       0.00000000000000       0.00000000000000       0.00000000000000
    1     -1     66561.0000000000      -0.31213380671481      -0.30044144649569      -0.41509929319778
    1     -1     66562.0000000000      -0.31213380671481      -0.30044144649569      -0.41509929319778
    1     -1     66563.0000000000      -0.31213380671481      -0.30044144649569      -0.41509929319778
    1     -1     66563.0000000000       0.00000000000000       0.00000000000000       0.00000000000000
    1     -1     66563.0000000000       0.00000000000000       0.00000000000000       0.00000000000000
    1     -1     66563.0000000000      -0.31302022670567      -0.30328168598768      -0.41235731580463
    1     -1     66564.0000000000      -0.31302022670567      -0.30328168598768      -0.41235731580463
    1     -1     66565.0000000000      -0.31302022670567      -0.30328168598768      -0.41235731580463
    1     -1     66565.0000000000       0.00000000000000       0.00000000000000       0.00000000000000
    1     -1     66565.0000000000       0.00000000000000       0.00000000000000       0.00000000000000
    1     -1     66565.0000000000      -0.31392900538119      -0.30608487250505      -0.40958592466532
    1     -1     66566.0000000000      -0.31392900538119      -0.30608487250505      -0.40958592466532
    1     -1     66567.0000000000      -0.31392900538119      -0.30608487250505      -0.40958592466532
    1     -1     66567.0000000000       0.00000000000000       0.00000000000000       0.00000000000000
    1     -1     66567.0000000000       0.00000000000000       0.00000000000000       0.00000000000000
    1     -1     66567.0000000000      -0.31485920751546      -0.30885205572809      -0.40678506166681
    1     -1     66568.0000000000      -0.31485920751546      -0.30885205572809      -0.40678506166681
    1     -1     66569.0000000000      -0.31485920751546      -0.30885205572809      -0.40678506166681
    1     -1     66569.0000000000       0.00000000000000       0.00000000000000       0.00000000000000
    1     -1     66569.0000000000       0.00000000000000       0.00000000000000       0.00000000000000
    1     -1     66569.0000000000      -0.31580987279438      -0.31158424675467      -0.40395467654172
    1     -1     66570.0000000000      -0.31580987279438      -0.31158424675467      -0.40395467654172
    1     -1     66571.0000000000      -0.31580987279438      -0.31158424675467      -0.40395467654172
    1     -1     66571.0000000000       0.00000000000000       0.00000000000000       0.00000000000000
    1     -1     66571.0000000000       0.00000000000000       0.00000000000000       0.00000000000000
    1     -1     66571.0000000000      -0.31677999462307      -0.31428227045048      -0.40109486255386
    1     -1     66572.0000000000      -0.31677999462307      -0.31428227045048      -0.40109486255386
    1     -1     66573.0000000000      -0.31677999462307      -0.31428227045048      -0.40109486255386
    1     -1     66573.0000000000       0.00000000000000       0.00000000000000       0.00000000000000
    1     -1     66573.0000000000       0.00000000000000       0.00000000000000       0.00000000000000
    1     -1     66573.0000000000      -0.31776855226595      -0.31694708275881      -0.39820559162508
    1     -1     66574.0000000000      -0.31776855226595      -0.31694708275881      -0.39820559162508
    1     -1     66575.0000000000      -0.31776855226595      -0.31694708275881      -0.39820559162508
    1     -1     66575.0000000000       0.00000000000000       0.00000000000000       0.00000000000000
    1     -1     66575.0000000000       0.00000000000000       0.00000000000000       0.00000000000000
    1     -1     66575.0000000000      -0.31877447306661      -0.31957943887291      -0.39528700566902
    1     -1     66576.0000000000      -0.31877447306661      -0.31957943887291      -0.39528700566902
    1     -1     66577.0000000000      -0.31877447306661      -0.31957943887291      -0.39528700566902
    1     -1     66577.0000000000       0.00000000000000       0.00000000000000       0.00000000000000
    1     -1     66577.0000000000       0.00000000000000       0.00000000000000       0.00000000000000
    1     -1     66577.0000000000      -0.31953801763342      -0.32153155810084      -0.39308130420073
    1     -1     66578.0000000000      -0.31953801763342      -0.32153155810084      -0.39308130420073
    1     -1     66578.0000000000       0.00000000000000       0.00000000000000       0.00000000000000
    1  10664     66578.0000000000      271264932.205920756      218238783.948742718      -16996048.870909195      -14.2254368686271       13.9210131018192       -0.4848134154218        1383.2485707354
    1  10664     66578.0000000000      271264932.205920756      218238783.948742718      -16996048.870909195      -14.2254368686271       13.9210131018192       -0.4848134154218        1343.2485707354
    1  10664     67058.0000000000     -340263789.404709041      -63585395.840160474        9917599.207282783        1.4209836372196      -19.9564900028781        1.0556408395101        1343.2485707354
    1  10664     67058.0000000000     -340263789.404709041      -63585395.840160474        9917599.207282783        1.4209836372196      -19.9564900028781        1.0556408395101        1356.3902545136
    1     -1     67058.0000000000       0.00000000000000       0.00000000000000       0.00000000000000
    1     -1     67058.0000000000       0.43389864309957       0.27261438685126      -0.31211113866389
    1     -1     67059.0000000000       0.43389864309957       0.27261438685126      -0.31211113866389
    1     -1     67060.0000000000       0.43389864309957       0.27261438685126      -0.31211113866389
    1     -1     67060.0000000000       0.00000000000000       0.00000000000000       0.00000000000000
    1     -1     67060.0000000000       0.00000000000000       0.00000000000000       0.00000000000000
    1     -1     67060.0000000000       0.43333498436087       0.26865989495235      -0.31629519669631
    1     -1     67061.0000000000       0.43333498436087       0.26865989495235      -0.31629519669631
    1     -1     67062.0000000000       0.43333498436087       0.26865989495235      -0.31629519669631
    1     -1     67062.0000000000       0.00000000000000       0.00000000000000       0.00000000000000
    1     -1     67062.0000000000       0.00000000000000       0.00000000000000       0.00000000000000
    1     -1     67062.0000000000       0.43277476316565       0.26458318676848      -0.32047112338923
    1     -1     67063.0000000000       0.43277476316565       0.26458318676848      -0.32047112338923
    1     -1     67064.0000000000       0.43277476316565       0.26458318676848      -0.32047112338923
    1     -1     67064.0000000000       0.00000000000000       0.00000000000000       0.00000000000000
    1     -1     67064.0000000000       0.00000000000000       0.00000000000000       0.00000000000000
    1     -1     67064.0000000000       0.43221669758444       0.26038496143871      -0.32463579202818
    1     -1     67065.0000000000       0.43221669758444       0.26038496143871      -0.32463579202818
    1     -1     67066.0000000000       0.43221669758444       0.26038496143871      -0.32463579202818
    1     -1     67066.0000000000       0.00000000000000       0.00000000000000       0.00000000000000
    1     -1     67066.0000000000       0.00000000000000       0.00000000000000       0.00000000000000
    1     -1     67066.0000000000       0.43165953256115       0.25606555643626      -0.32878637142692
    1     -1     67067.0000000000       0.43165953256115       0.25606555643626      -0.32878637142692
    1     -1     67068.0000000000       0.43165953256115       0.25606555643626      -0.32878637142692
    1     -1     67068.0000000000       0.00000000000000       0.00000000000000       0.00000000000000
    1     -1     67068.0000000000       0.00000000000000       0.00000000000000       0.00000000000000
    1     -1     67068.0000000000       0.43110197389325       0.25162588852212      -0.33291965939368
    1     -1     67069.0000000000       0.43110197389325       0.25162588852212      -0.33291965939368
    1     -1     67070.0000000000       0.43110197389325       0.25162588852212      -0.33291965939368
    1     -1     67070.0000000000       0.00000000000000       0.00000000000000       0.00000000000000
    1     -1     67070.0000000000       0.00000000000000       0.00000000000000       0.00000000000000
    1     -1     67070.0000000000       0.43054273137459       0.24706682506885      -0.33703254989823
    1     -1     67071.0000000000       0.43054273137459       0.24706682506885      -0.33703254989823
    1     -1     67072.0000000000       0.43054273137459       0.24706682506885      -0.33703254989823
    1     -1     67072.0000000000       0.00000000000000       0.00000000000000       0.00000000000000
    1     -1     67072.0000000000       0.00000000000000       0.00000000000000       0.00000000000000
    1     -1     67072.0000000000       0.42998050729662       0.24238946995258      -0.34112183671095
    1     -1     67073.0000000000       0.42998050729662       0.24238946995258      -0.34112183671095
    1     -1     67074.0000000000       0.42998050729662       0.24238946995258      -0.34112183671095
    1     -1     67074.0000000000       0.00000000000000       0.00000000000000       0.00000000000000
    1     -1     67074.0000000000       0.00000000000000       0.00000000000000       0.00000000000000
    1     -1     67074.0000000000       0.42941400457475       0.23759511165198      -0.34518426220522
    1     -1     67075.0000000000       0.42941400457475       0.23759511165198      -0.34518426220522
    1     -1     67076.0000000000       0.42941400457475       0.23759511165198      -0.34518426220522
    1     -1     67076.0000000000       0.00000000000000       0.00000000000000       0.00000000000000
    1     -1     67076.0000000000       0.00000000000000       0.00000000000000       0.00000000000000
    1     -1     67076.0000000000       0.42884193057374       0.23268524997982      -0.34921651207184
    1     -1     67077.0000000000       0.42884193057374       0.23268524997982      -0.34921651207184
    1     -1     67078.0000000000       0.42884193057374       0.23268524997982      -0.34921651207184
    1     -1     67078.0000000000       0.00000000000000       0.00000000000000       0.00000000000000
    1     -1     67078.0000000000       0.00000000000000       0.00000000000000       0.00000000000000
    1     -1     67078.0000000000       0.42826300566432       0.22766145394213      -0.35321531627085
    1     -1     67079.0000000000       0.42826300566432       0.22766145394213      -0.35321531627085
    1     -1     67080.0000000000       0.42826300566432       0.22766145394213      -0.35321531627085
    1     -1     67080.0000000000       0.00000000000000       0.00000000000000       0.00000000000000
    1     -1     67080.0000000000       0.00000000000000       0.00000000000000       0.00000000000000
    1     -1     67080.0000000000       0.02221008303637       0.01155624039793      -0.01854891227430
    1     -1     67081.0000000000       0.02221008303637       0.01155624039793      -0.01854891227430
    1     -1     67082.0000000000       0.02221008303637       0.01155624039793      -0.01854891227430
    1     -1     67082.0000000000       0.00000000000000       0.00000000000000       0.00000000000000
    1     -1     67370.0000000000       0.00000000000000       0.00000000000000       0.00000000000000
    1     -1     67370.0000000000       0.02747524734325      -0.23342116911758      -0.09225569539540
    1     -1     67371.0000000000       0.02747524734325      -0.23342116911758      -0.09225569539540
    1     -1     67372.0000000000       0.02747524734325      -0.23342116911758      -0.09225569539540
    1     -1     67372.0000000000       0.00000000000000       0.00000000000000       0.00000000000000
    1     -1     67372.0000000000       0.00000000000000       0.00000000000000       0.00000000000000
    1     -1     67372.0000000000       0.06116496903551      -0.55692833628318      -0.21468505790514
    1     -1     67373.0000000000       0.06116496903551      -0.55692833628318      -0.21468505790514
    1     -1     67374.0000000000       0.06116496903551      -0.55692833628318      -0.21468505790514
    1     -1     67374.0000000000       0.00000000000000       0.00000000000000       0.00000000000000
    1     -1     67374.0000000000       0.00000000000000       0.00000000000000       0.00000000000000
    1     -1     67374.0000000000       0.05708878706965      -0.55908768787810      -0.21014715542694
    1     -1     67375.0000000000       0.05708878706965      -0.55908768787810      -0.21014715542694
    1     -1     67376.0000000000       0.05708878706965      -0.55908768787810      -0.21014715542694
    1     -1     67376.0000000000       0.00000000000000       0.00000000000000       0.00000000000000
    1     -1     67376.0000000000       0.00000000000000       0.00000000000000       0.00000000000000
    1     -1     67376.0000000000       0.05306381007270      -0.56116429563170      -0.20561824979498
    1     -1     67377.0000000000       0.05306381007270      -0.56116429563170      -0.20561824979498
    1     -1     67378.0000000000       0.05306381007270      -0.56116429563170      -0.20561824979498
    1     -1     67378.0000000000       0.00000000000000       0.00000000000000       0.00000000000000
    1     -1     67378.0000000000       0.00000000000000       0.00000000000000       0.00000000000000
    1     -1     67378.0000000000       0.04909262595457      -0.56315917689076      -0.20110110601538
    1     -1     67379.0000000000       0.04909262595457      -0.56315917689076      -0.20110110601538
    1     -1     67380.0000000000       0.04909262595457      -0.56315917689076      -0.20110110601538
    1     -1     67380.0000000000       0.00000000000000       0.00000000000000       0.00000000000000
    1     -1     67380.0000000000       0.00000000000000       0.00000000000000       0.00000000000000
    1     -1     67380.0000000000       0.04517770654665      -0.56507347485403      -0.19659842859894
    1     -1     67381.0000000000       0.04517770654665      -0.56507347485403      -0.19659842859894
    1     -1     67382.0000000000       0.04517770654665      -0.56507347485403      -0.19659842859894
    1     -1     67382.0000000000       0.00000000000000       0.00000000000000       0.00000000000000
    1     -1     67382.0000000000       0.00000000000000       0.00000000000000       0.00000000000000
    1     -1     67382.0000000000       0.04132140602783      -0.56690844964712      -0.19211285850400
    1     -1     67383.0000000000       0.04132140602783      -0.56690844964712      -0.19211285850400
    1     -1     67384.0000000000       0.04132140602783      -0.56690844964712      -0.19211285850400
    1     -1     67384.0000000000       0.00000000000000       0.00000000000000       0.00000000000000
    1     -1     67384.0000000000       0.00000000000000       0.00000000000000       0.00000000000000
    1     -1     67384.0000000000       0.03752596037328      -0.56866546927610      -0.18764697074842
    1     -1     67385.0000000000       0.03752596037328      -0.56866546927610      -0.18764697074842
    1     -1     67386.0000000000       0.03752596037328      -0.56866546927610      -0.18764697074842
    1     -1     67386.0000000000       0.00000000000000       0.00000000000000       0.00000000000000
    1     -1     67386.0000000000       0.00000000000000       0.00000000000000       0.00000000000000
    1     -1     67386.0000000000       0.03379348363484      -0.57034600227573      -0.18320326807104
    1     -1     67387.0000000000       0.03379348363484      -0.57034600227573      -0.18320326807104
    1     -1     67388.0000000000       0.03379348363484      -0.57034600227573      -0.18320326807104
    1     -1     67388.0000000000       0.00000000000000       0.00000000000000       0.00000000000000
    1     -1     67388.0000000000       0.00000000000000       0.00000000000000       0.00000000000000
    1     -1     67388.0000000000       0.03012596352720      -0.57195161065805      -0.17878417342489
    1     -1     67389.0000000000       0.03012596352720      -0.57195161065805      -0.17878417342489
    1     -1     67390.0000000000       0.03012596352720      -0.57195161065805      -0.17878417342489
    1     -1     67390.0000000000       0.00000000000000       0.00000000000000       0.00000000000000
    1     -1     67390.0000000000       0.00000000000000       0.00000000000000       0.00000000000000
    1     -1     67390.0000000000       0.02652525899706      -0.57348394195901      -0.17439202456046
    1     -1     67391.0000000000       0.02652525899706      -0.57348394195901      -0.17439202456046
    1     -1     67392.0000000000       0.02652525899706      -0.57348394195901      -0.17439202456046
    1     -1     67392.0000000000       0.00000000000000       0.00000000000000       0.00000000000000
    1     -1     67392.0000000000       0.00000000000000       0.00000000000000       0.00000000000000
    1     -1     67392.0000000000       0.02299309886920      -0.57494472094536      -0.17002906969531
    1     -1     67393.0000000000       0.02299309886920      -0.57494472094536      -0.17002906969531
    1     -1     67394.0000000000       0.02299309886920      -0.57494472094536      -0.17002906969531
    1     -1     67394.0000000000       0.00000000000000       0.00000000000000       0.00000000000000
    1     -1     67394.0000000000       0.00000000000000       0.00000000000000       0.00000000000000
    1     -1     67394.0000000000       0.01953108102520      -0.57633574129983      -0.16569746363287
    1     -1     67395.0000000000       0.01953108102520      -0.57633574129983      -0.16569746363287
    1     -1     67396.0000000000       0.01953108102520      -0.57633574129983      -0.16569746363287
    1     -1     67396.0000000000       0.00000000000000       0.00000000000000       0.00000000000000
    1     -1     67396.0000000000       0.00000000000000       0.00000000000000       0.00000000000000
    1     -1     67396.0000000000       0.01614067213747      -0.57765885731374      -0.16139926440332
    1     -1     67397.0000000000       0.01614067213747      -0.57765885731374      -0.16139926440332
    1     -1     67398.0000000000       0.01614067213747      -0.57765885731374      -0.16139926440332
    1     -1     67398.0000000000       0.00000000000000       0.00000000000000       0.00000000000000
    1     -1     67398.0000000000       0.00000000000000       0.00000000000000       0.00000000000000
    1     -1     67398.0000000000       0.01282320806905      -0.57891597559890      -0.15713643056655
    1     -1     67399.0000000000       0.01282320806905      -0.57891597559890      -0.15713643056655
    1     -1     67400.0000000000       0.01282320806905      -0.57891597559890      -0.15713643056655
    1     -1     67400.0000000000       0.00000000000000       0.00000000000000       0.00000000000000
    1     -1     67400.0000000000       0.00000000000000       0.00000000000000       0.00000000000000
    1     -1     67400.0000000000       0.00957989473806      -0.58010904693078      -0.15291081899547
    1     -1     67401.0000000000       0.00957989473806      -0.58010904693078      -0.15291081899547
    1     -1     67402.0000000000       0.00957989473806      -0.58010904693078      -0.15291081899547
    1     -1     67402.0000000000       0.00000000000000       0.00000000000000       0.00000000000000
    1     -1     67402.0000000000       0.00000000000000       0.00000000000000       0.00000000000000
    1     -1     67402.0000000000       0.00719670067441      -0.58096262266350      -0.14976861436013
    1     -1     67403.0000000000       0.00719670067441      -0.58096262266350      -0.14976861436013
    1     -1     67403.0000000000       0.00000000000000       0.00000000000000       0.00000000000000
    1   4928     67403.0000000000       46079846.501082323     -380380900.430629253       10533943.419732520       17.8297549040503        0.6485140331137       -0.8774887474078        1285.0984610578
    1   4928     67403.0000000000       46079846.501082323     -380380900.430629253       10533943.419732520       17.8297549040503        0.6485140331137       -0.8774887474078        1317.9526705034
    1     -1     67403.0000000000       0.00000000000000       0.00000000000000       0.00000000000000
    1     -1     67403.0000000000       0.10467472966300       0.58912222573954       0.04447699843371
    1     -1     67404.0000000000       0.10467472966300       0.58912222573954       0.04447699843371
    1     -1     67405.0000000000       0.10467472966300       0.58912222573954       0.04447699843371
    1     -1     67405.0000000000       0.00000000000000       0.00000000000000       0.00000000000000
    1     -1     67405.0000000000       0.00000000000000       0.00000000000000       0.00000000000000
    1     -1     67405.0000000000       0.10149208729456       0.58970121994563       0.04417948269538
    1     -1     67406.0000000000       0.10149208729456       0.58970121994563       0.04417948269538
    1     -1     67407.0000000000       0.10149208729456       0.58970121994563       0.04417948269538
    1     -1     67407.0000000000       0.00000000000000       0.00000000000000       0.00000000000000
    1     -1     67407.0000000000       0.00000000000000       0.00000000000000       0.00000000000000
    1     -1     67407.0000000000       0.09818814167201       0.59028407544534       0.04386112618976
    1     -1     67408.0000000000       0.09818814167201       0.59028407544534       0.04386112618976
    1     -1     67409.0000000000       0.09818814167201       0.59028407544534       0.04386112618976
    1     -1     67409.0000000000       0.00000000000000       0.00000000000000       0.00000000000000
    1     -1     67409.0000000000       0.00000000000000       0.00000000000000       0.00000000000000
    1     -1     67409.0000000000       0.09475929412366       0.59086932608762       0.04352143088121
    1     -1     67410.0000000000       0.09475929412366       0.59086932608762       0.04352143088121
    1     -1     67411.0000000000       0.09475929412366       0.59086932608762       0.04352143088121
    1     -1     67411.0000000000       0.00000000000000       0.00000000000000       0.00000000000000
    1     -1     67411.0000000000       0.00000000000000       0.00000000000000       0.00000000000000
    1     -1     67411.0000000000       0.09120188044228       0.59145535831707       0.04315988185592
    1     -1     67412.0000000000       0.09120188044228       0.59145535831707       0.04315988185592
    1     -1     67413.0000000000       0.09120188044228       0.59145535831707       0.04315988185592
    1     -1     67413.0000000000       0.00000000000000       0.00000000000000       0.00000000000000
    1     -1     67413.0000000000       0.00000000000000       0.00000000000000       0.00000000000000
    1     -1     67413.0000000000       0.08751217434797       0.59204040145095       0.04277594733833
    1     -1     67414.0000000000       0.08751217434797       0.59204040145095       0.04277594733833
    1     -1     67415.0000000000       0.08751217434797       0.59204040145095       0.04277594733833
    1     -1     67415.0000000000       0.00000000000000       0.00000000000000       0.00000000000000
    1     -1     67415.0000000000       0.00000000000000       0.00000000000000       0.00000000000000
    1     -1     67415.0000000000       0.08368639118342       0.59262251761010       0.04236907872690
    1     -1     67416.0000000000       0.08368639118342       0.59262251761010       0.04236907872690
    1     -1     67417.0000000000       0.08368639118342       0.59262251761010       0.04236907872690
    1     -1     67417.0000000000       0.00000000000000       0.00000000000000       0.00000000000000
    1     -1     67417.0000000000       0.00000000000000       0.00000000000000       0.00000000000000
    1     -1     67417.0000000000       0.07972069152391       0.59319959134785       0.04193871061081
    1     -1     67418.0000000000       0.07972069152391       0.59319959134785       0.04193871061081
    1     -1     67419.0000000000       0.07972069152391       0.59319959134785       0.04193871061081
    1     -1     67419.0000000000       0.00000000000000       0.00000000000000       0.00000000000000
    1     -1     67419.0000000000       0.00000000000000       0.00000000000000       0.00000000000000
    1     -1     67419.0000000000       0.07561118654360       0.59376931870638       0.04148426102064
    1     -1     67420.0000000000       0.07561118654360       0.59376931870638       0.04148426102064
    1     -1     67421.0000000000       0.07561118654360       0.59376931870638       0.04148426102064
    1     -1     67421.0000000000       0.00000000000000       0.00000000000000       0.00000000000000
    1     -1     67421.0000000000       0.00000000000000       0.00000000000000       0.00000000000000
    1     -1     67421.0000000000       0.07135394945831       0.59432919521712       0.04100513247478
    1     -1     67422.0000000000       0.07135394945831       0.59432919521712       0.04100513247478
    1     -1     67423.0000000000       0.07135394945831       0.59432919521712       0.04100513247478
    1     -1     67423.0000000000       0.00000000000000       0.00000000000000       0.00000000000000
    1     -1     67423.0000000000       0.00000000000000       0.00000000000000       0.00000000000000
    1     -1     67423.0000000000       0.06694502495001       0.59487650414625       0.04050071269971
    1     -1     67424.0000000000       0.06694502495001       0.59487650414625       0.04050071269971
    1     -1     67425.0000000000       0.06694502495001       0.59487650414625       0.04050071269971
    1     -1     67425.0000000000       0.00000000000000       0.00000000000000       0.00000000000000
    1     -1     67425.0000000000       0.00000000000000       0.00000000000000       0.00000000000000
    1     -1     67425.0000000000       0.06238043060999       0.59540830555870       0.03997037438686
    1     -1     67426.0000000000       0.06238043060999       0.59540830555870       0.03997037438686
    1     -1     67427.0000000000       0.06238043060999       0.59540830555870       0.03997037438686
    1     -1     67427.0000000000       0.00000000000000       0.00000000000000       0.00000000000000
    1     -1     67427.0000000000       0.00000000000000       0.00000000000000       0.00000000000000
    1     -1     67427.0000000000       0.05765612622861       0.59592142832388       0.03941347044777
    1     -1     67428.0000000000       0.05765612622861       0.59592142832388       0.03941347044777
    1     -1     67429.0000000000       0.05765612622861       0.59592142832388       0.03941347044777
    1     -1     67429.0000000000       0.00000000000000       0.00000000000000       0.00000000000000
    1     -1     67429.0000000000       0.00000000000000       0.00000000000000       0.00000000000000
    1     -1     67429.0000000000       0.05276832533222       0.59641242667002       0.03882937593120
    1     -1     67430.0000000000       0.05276832533222       0.59641242667002       0.03882937593120
    1     -1     67431.0000000000       0.05276832533222       0.59641242667002       0.03882937593120
    1     -1     67431.0000000000       0.00000000000000       0.00000000000000       0.00000000000000
    1     -1     67431.0000000000       0.00000000000000       0.00000000000000       0.00000000000000
    1     -1     67431.0000000000       0.01060110704665       0.13261614188770       0.00849127530651
    1     -1     67432.0000000000       0.01060110704665       0.13261614188770       0.00849127530651
    1     -1     67433.0000000000       0.01060110704665       0.13261614188770       0.00849127530651
    1     -1     67433.0000000000       0.00000000000000       0.00000000000000       0.00000000000000
    1     -1     67603.0000000000       0.00000000000000       0.00000000000000       0.00000000000000
    1     -1     67603.0000000000      -0.07993524455598       0.02615788802584      -0.00881893481918
    1     -1     67604.0000000000      -0.07993524455598       0.02615788802584      -0.00881893481918
    1     -1     67605.0000000000      -0.07993524455598       0.02615788802584      -0.00881893481918
    1     -1     67605.0000000000       0.00000000000000       0.00000000000000       0.00000000000000
    1     -1     67605.0000000000       0.00000000000000       0.00000000000000       0.00000000000000
    1     -1     67605.0000000000      -0.56866618895239       0.18075040930498      -0.06283354485022
    1     -1     67606.0000000000      -0.56866618895239       0.18075040930498      -0.06283354485022
    1     -1     67607.0000000000      -0.56866618895239       0.18075040930498      -0.06283354485022
    1     -1     67607.0000000000       0.00000000000000       0.00000000000000       0.00000000000000
    1     -1     67607.0000000000       0.00000000000000       0.00000000000000       0.00000000000000
    1     -1     67607.0000000000      -0.57010969141764       0.17605886150703      -0.06307310295629
    1     -1     67608.0000000000      -0.57010969141764       0.17605886150703      -0.06307310295629
    1     -1     67609.0000000000      -0.57010969141764       0.17605886150703      -0.06307310295629
    1     -1     67609.0000000000       0.00000000000000       0.00000000000000       0.00000000000000
    1     -1     67609.0000000000       0.00000000000000       0.00000000000000       0.00000000000000
    1     -1     67609.0000000000      -0.57147061393817       0.17151038376585      -0.06328921666147
    1     -1     67610.0000000000      -0.57147061393817       0.17151038376585      -0.06328921666147
    1     -1     67611.0000000000      -0.57147061393817       0.17151038376585      -0.06328921666147
    1     -1     67611.0000000000       0.00000000000000       0.00000000000000       0.00000000000000
    1     -1     67611.0000000000       0.00000000000000       0.00000000000000       0.00000000000000
    1     -1     67611.0000000000      -0.57275350323145       0.16710291107091      -0.06348260334713
    1     -1     67612.0000000000      -0.57275350323145       0.16710291107091      -0.06348260334713
    1     -1     67613.0000000000      -0.57275350323145       0.16710291107091      -0.06348260334713
    1     -1     67613.0000000000       0.00000000000000       0.00000000000000       0.00000000000000
    1     -1     67613.0000000000       0.00000000000000       0.00000000000000       0.00000000000000
    1     -1     67613.0000000000      -0.57396279580655       0.16283390278698      -0.06365397405575
    1     -1     67614.0000000000      -0.57396279580655       0.16283390278698      -0.06365397405575
    1     -1     67615.0000000000      -0.57396279580655       0.16283390278698      -0.06365397405575
    1     -1     67615.0000000000       0.00000000000000       0.00000000000000       0.00000000000000
    1     -1     67615.0000000000       0.00000000000000       0.00000000000000       0.00000000000000
    1     -1     67615.0000000000      -0.57510269118973       0.15870079455453      -0.06380400985902
    1     -1     67616.0000000000      -0.57510269118973       0.15870079455453      -0.06380400985902
    1     -1     67617.0000000000      -0.57510269118973       0.15870079455453      -0.06380400985902
    1     -1     67617.0000000000       0.00000000000000       0.00000000000000       0.00000000000000
    1     -1     67617.0000000000       0.00000000000000       0.00000000000000       0.00000000000000
    1     -1     67617.0000000000      -0.57617720116929       0.15470086134521      -0.06393336868786
    1     -1     67618.0000000000      -0.57617720116929       0.15470086134521      -0.06393336868786
    1     -1     67619.0000000000      -0.57617720116929       0.15470086134521      -0.06393336868786
    1     -1     67619.0000000000       0.00000000000000       0.00000000000000       0.00000000000000
    1     -1     67619.0000000000       0.00000000000000       0.00000000000000       0.00000000000000
    1     -1     67619.0000000000      -0.57719007738274       0.15083152938153      -0.06404267011405
    1     -1     67620.0000000000      -0.57719007738274       0.15083152938153      -0.06404267011405
    1     -1     67621.0000000000      -0.57719007738274       0.15083152938153      -0.06404267011405
    1     -1     67621.0000000000       0.00000000000000       0.00000000000000       0.00000000000000
    1     -1     67621.0000000000       0.00000000000000       0.00000000000000       0.00000000000000
    1     -1     67621.0000000000      -0.57814491027548       0.14709004921314      -0.06413251456967
    1     -1     67622.0000000000      -0.57814491027548       0.14709004921314      -0.06413251456967
    1     -1     67623.0000000000      -0.57814491027548       0.14709004921314      -0.06413251456967
    1     -1     67623.0000000000       0.00000000000000       0.00000000000000       0.00000000000000
    1     -1     67623.0000000000       0.00000000000000       0.00000000000000       0.00000000000000
    1     -1     67623.0000000000      -0.57904509919098       0.14347364228391      -0.06420347617302
    1     -1     67624.0000000000      -0.57904509919098       0.14347364228391      -0.06420347617302
    1     -1     67625.0000000000      -0.57904509919098       0.14347364228391      -0.06420347617302
    1     -1     67625.0000000000       0.00000000000000       0.00000000000000       0.00000000000000
    1     -1     67625.0000000000       0.00000000000000       0.00000000000000       0.00000000000000
    1     -1     67625.0000000000      -0.57989384387049       0.13997957991546      -0.06425609953774
    1     -1     67626.0000000000      -0.57989384387049       0.13997957991546      -0.06425609953774
    1     -1     67627.0000000000      -0.57989384387049       0.13997957991546      -0.06425609953774
    1     -1     67627.0000000000       0.00000000000000       0.00000000000000       0.00000000000000
    1     -1     67627.0000000000       0.00000000000000       0.00000000000000       0.00000000000000
    1     -1     67627.0000000000      -0.58069417182777       0.13660511570985      -0.06429090485568
    1     -1     67628.0000000000      -0.58069417182777       0.13660511570985      -0.06429090485568
    1     -1     67629.0000000000      -0.58069417182777       0.13660511570985      -0.06429090485568
    1     -1     67629.0000000000       0.00000000000000       0.00000000000000       0.00000000000000
    1     -1     67629.0000000000       0.00000000000000       0.00000000000000       0.00000000000000
    1     -1     67629.0000000000      -0.58144895089630       0.13334747006031      -0.06430838988892
    1     -1     67630.0000000000      -0.58144895089630       0.13334747006031      -0.06430838988892
    1     -1     67631.0000000000      -0.58144895089630       0.13334747006031      -0.06430838988892
    1     -1     67631.0000000000       0.00000000000000       0.00000000000000       0.00000000000000
    1     -1     67631.0000000000       0.00000000000000       0.00000000000000       0.00000000000000
    1     -1     67631.0000000000      -0.58216089091781       0.13020385979592      -0.06430902938178
    1     -1     67632.0000000000      -0.58216089091781       0.13020385979592      -0.06430902938178
    1     -1     67633.0000000000      -0.58216089091781       0.13020385979592      -0.06430902938178
    1     -1     67633.0000000000       0.00000000000000       0.00000000000000       0.00000000000000
    1     -1     67633.0000000000       0.00000000000000       0.00000000000000       0.00000000000000
    1     -1     67633.0000000000      -0.58283254576763       0.12717152878388      -0.06429327446001
    1     -1     67634.0000000000      -0.58283254576763       0.12717152878388      -0.06429327446001
    1     -1     67635.0000000000      -0.58283254576763       0.12717152878388      -0.06429327446001
    1     -1     67635.0000000000       0.00000000000000       0.00000000000000       0.00000000000000
    1     -1     67635.0000000000       0.00000000000000       0.00000000000000       0.00000000000000
    1     -1     67635.0000000000      -0.58346632243395       0.12424774672157      -0.06426155382505
    1     -1     67636.0000000000      -0.58346632243395       0.12424774672157      -0.06426155382505
    1     -1     67637.0000000000      -0.58346632243395       0.12424774672157      -0.06426155382505
    1     -1     67637.0000000000       0.00000000000000       0.00000000000000       0.00000000000000
    1     -1     67637.0000000000       0.00000000000000       0.00000000000000       0.00000000000000
    1     -1     67637.0000000000      -0.58406449045160       0.12142980332709      -0.06421427518439
    1     -1     67638.0000000000      -0.58406449045160       0.12142980332709      -0.06421427518439
    1     -1     67639.0000000000      -0.58406449045160       0.12142980332709      -0.06421427518439
    1     -1     67639.0000000000       0.00000000000000       0.00000000000000       0.00000000000000
    1     -1     67639.0000000000       0.00000000000000       0.00000000000000       0.00000000000000
    1     -1     67639.0000000000      -0.58462918966155       0.11871500770419      -0.06415182632999
    1     -1     67640.0000000000      -0.58462918966155       0.11871500770419      -0.06415182632999
    1     -1     67641.0000000000      -0.58462918966155       0.11871500770419      -0.06415182632999
    1     -1     67641.0000000000       0.00000000000000       0.00000000000000       0.00000000000000
    1     -1     67641.0000000000       0.00000000000000       0.00000000000000       0.00000000000000
    1     -1     67641.0000000000      -0.58516243715897       0.11610068959583      -0.06407457603099
    1     -1     67642.0000000000      -0.58516243715897       0.11610068959583      -0.06407457603099
    1     -1     67643.0000000000      -0.58516243715897       0.11610068959583      -0.06407457603099
    1     -1     67643.0000000000       0.00000000000000       0.00000000000000       0.00000000000000
    1  53410     67643.0000000000      336229360.718344271     -175186383.439182699       -8559663.639086468        6.2815018344005       16.8376889014365       -1.0208594964074        1229.7704370434
    1  53410     67643.0000000000      336229360.718344271     -175186383.439182699       -8559663.639086468        6.2815018344005       16.8376889014365       -1.0208594964074        1303.2817306779
    1     -1     67643.0000000000       0.00000000000000       0.00000000000000       0.00000000000000
    1     -1     67643.0000000000       0.54966585182816      -0.23951749706119       0.02233426102558
    1     -1     67644.0000000000       0.54966585182816      -0.23951749706119       0.02233426102558
    1     -1     67645.0000000000       0.54966585182816      -0.23951749706119       0.02233426102558
    1     -1     67645.0000000000       0.00000000000000       0.00000000000000       0.00000000000000
    1     -1     67645.0000000000       0.00000000000000       0.00000000000000       0.00000000000000
    1     -1     67645.0000000000       0.54912960328050      -0.24055361032843       0.02430305822241
    1     -1     67646.0000000000       0.54912960328050      -0.24055361032843       0.02430305822241
    1     -1     67647.0000000000       0.54912960328050      -0.24055361032843       0.02430305822241
    1     -1     67647.0000000000       0.00000000000000       0.00000000000000       0.00000000000000
    1     -1     67647.0000000000       0.00000000000000       0.00000000000000       0.00000000000000
    1     -1     67647.0000000000       0.54856877862450      -0.24161934526194       0.02631323609165
    1     -1     67648.0000000000       0.54856877862450      -0.24161934526194       0.02631323609165
    1     -1     67649.0000000000       0.54856877862450      -0.24161934526194       0.02631323609165
    1     -1     67649.0000000000       0.00000000000000       0.00000000000000       0.00000000000000
    1     -1     67649.0000000000       0.00000000000000       0.00000000000000       0.00000000000000
    1     -1     67649.0000000000       0.54798293301866      -0.24271406329080       0.02836525834767
    1     -1     67650.0000000000       0.54798293301866      -0.24271406329080       0.02836525834767
    1     -1     67651.0000000000       0.54798293301866      -0.24271406329080       0.02836525834767
    1     -1     67651.0000000000       0.00000000000000       0.00000000000000       0.00000000000000
    1     -1     67651.0000000000       0.00000000000000       0.00000000000000       0.00000000000000
    1     -1     67651.0000000000       0.54737161885373      -0.24383708509772       0.03045958116083
    1     -1     67652.0000000000       0.54737161885373      -0.24383708509772       0.03045958116083
    1     -1     67653.0000000000       0.54737161885373      -0.24383708509772       0.03045958116083
    1     -1     67653.0000000000       0.00000000000000       0.00000000000000       0.00000000000000
    1     -1     67653.0000000000       0.00000000000000       0.00000000000000       0.00000000000000
    1     -1     67653.0000000000       0.54673438614677      -0.24498769051281       0.03259665292495
    1     -1     67654.0000000000       0.54673438614677      -0.24498769051281       0.03259665292495
    1     -1     67655.0000000000       0.54673438614677      -0.24498769051281       0.03259665292495
    1     -1     67655.0000000000       0.00000000000000       0.00000000000000       0.00000000000000
    1     -1     67655.0000000000       0.00000000000000       0.00000000000000       0.00000000000000
    1     -1     67655.0000000000       0.54607078293448      -0.24616511848842       0.03477691396465
    1     -1     67656.0000000000       0.54607078293448      -0.24616511848842       0.03477691396465
    1     -1     67657.0000000000       0.54607078293448      -0.24616511848842       0.03477691396465
    1     -1     67657.0000000000       0.00000000000000       0.00000000000000       0.00000000000000
    1     -1     67657.0000000000       0.00000000000000       0.00000000000000       0.00000000000000
    1     -1     67657.0000000000       0.54538035563738      -0.24736856719062       0.03700079635501
    1     -1     67658.0000000000       0.54538035563738      -0.24736856719062       0.03700079635501
    1     -1     67659.0000000000       0.54538035563738      -0.24736856719062       0.03700079635501
    1     -1     67659.0000000000       0.00000000000000       0.00000000000000       0.00000000000000
    1     -1     67659.0000000000       0.00000000000000       0.00000000000000       0.00000000000000
    1     -1     67659.0000000000       0.54466264941277      -0.24859719417509       0.03926872372428
    1     -1     67660.0000000000       0.54466264941277      -0.24859719417509       0.03926872372428
    1     -1     67661.0000000000       0.54466264941277      -0.24859719417509       0.03926872372428
    1     -1     67661.0000000000       0.00000000000000       0.00000000000000       0.00000000000000
    1     -1     67661.0000000000       0.00000000000000       0.00000000000000       0.00000000000000
    1     -1     67661.0000000000       0.54391720848245      -0.24985011665750       0.04158111113110
    1     -1     67662.0000000000       0.54391720848245      -0.24985011665750       0.04158111113110
    1     -1     67663.0000000000       0.54391720848245      -0.24985011665750       0.04158111113110
    1     -1     67663.0000000000       0.00000000000000       0.00000000000000       0.00000000000000
    1     -1     67663.0000000000       0.00000000000000       0.00000000000000       0.00000000000000
    1     -1     67663.0000000000       0.54314357643741      -0.25112641186910       0.04393836497330
    1     -1     67664.0000000000       0.54314357643741      -0.25112641186910       0.04393836497330
    1     -1     67665.0000000000       0.54314357643741      -0.25112641186910       0.04393836497330
    1     -1     67665.0000000000       0.00000000000000       0.00000000000000       0.00000000000000
    1     -1     67665.0000000000       0.00000000000000       0.00000000000000       0.00000000000000
    1     -1     67665.0000000000       0.54234129651239      -0.25242511749993       0.04634088294807
    1     -1     67666.0000000000       0.54234129651239      -0.25242511749993       0.04634088294807
    1     -1     67667.0000000000       0.54234129651239      -0.25242511749993       0.04634088294807
    1     -1     67667.0000000000       0.00000000000000       0.00000000000000       0.00000000000000
    1     -1     67667.0000000000       0.00000000000000       0.00000000000000       0.00000000000000
    1     -1     67667.0000000000       0.54150991182444      -0.25374523222975       0.04878905406497
    1     -1     67668.0000000000       0.54150991182444      -0.25374523222975       0.04878905406497
    1     -1     67669.0000000000       0.54150991182444      -0.25374523222975       0.04878905406497
    1     -1     67669.0000000000       0.00000000000000       0.00000000000000       0.00000000000000
    1     -1     67669.0000000000       0.00000000000000       0.00000000000000       0.00000000000000
    1     -1     67669.0000000000       0.54064896557137      -0.25508571634523       0.05128325870343
    1     -1     67670.0000000000       0.54064896557137      -0.25508571634523       0.05128325870343
    1     -1     67671.0000000000       0.54064896557137      -0.25508571634523       0.05128325870343
    1     -1     67671.0000000000       0.00000000000000       0.00000000000000       0.00000000000000
    1     -1     67671.0000000000       0.00000000000000       0.00000000000000       0.00000000000000
    1     -1     67671.0000000000       0.53975800118099      -0.25644549244407       0.05382386874071
    1     -1     67672.0000000000       0.53975800118099      -0.25644549244407       0.05382386874071
    1     -1     67673.0000000000       0.53975800118099      -0.25644549244407       0.05382386874071
    1     -1     67673.0000000000       0.00000000000000       0.00000000000000       0.00000000000000
    1     -1     67673.0000000000       0.00000000000000       0.00000000000000       0.00000000000000
    1     -1     67673.0000000000       0.53883656241165      -0.25782344622036       0.05641124770338
    1     -1     67674.0000000000       0.53883656241165      -0.25782344622036       0.05641124770338
    1     -1     67675.0000000000       0.53883656241165      -0.25782344622036       0.05641124770338
    1     -1     67675.0000000000       0.00000000000000       0.00000000000000       0.00000000000000
    1     -1     67675.0000000000       0.00000000000000       0.00000000000000       0.00000000000000
    1     -1     67675.0000000000       0.53788419338852      -0.25921842733390       0.05904575101839
    1     -1     67676.0000000000       0.53788419338852      -0.25921842733390       0.05904575101839
    1     -1     67677.0000000000       0.53788419338852      -0.25921842733390       0.05904575101839
    1     -1     67677.0000000000       0.00000000000000       0.00000000000000       0.00000000000000
    1     -1     67677.0000000000       0.00000000000000       0.00000000000000       0.00000000000000
    1     -1     67677.0000000000       0.53690043857968      -0.26062925035444       0.06172772628758
    1     -1     67678.0000000000       0.53690043857968      -0.26062925035444       0.06172772628758
    1     -1     67679.0000000000       0.53690043857968      -0.26062925035444       0.06172772628758
    1     -1     67679.0000000000       0.00000000000000       0.00000000000000       0.00000000000000
    1     -1     67679.0000000000       0.00000000000000       0.00000000000000       0.00000000000000
    1     -1     67679.0000000000       0.53588484270008      -0.26205469577977       0.06445751363562
    1     -1     67680.0000000000       0.53588484270008      -0.26205469577977       0.06445751363562
    1     -1     67681.0000000000       0.53588484270008      -0.26205469577977       0.06445751363562
    1     -1     67681.0000000000       0.00000000000000       0.00000000000000       0.00000000000000
    1     -1     67681.0000000000       0.00000000000000       0.00000000000000       0.00000000000000
    1     -1     67681.0000000000       0.53483695053930      -0.26349351112207       0.06723544611579
    1     -1     67682.0000000000       0.53483695053930      -0.26349351112207       0.06723544611579
    1     -1     67683.0000000000       0.53483695053930      -0.26349351112207       0.06723544611579
    1     -1     67683.0000000000       0.00000000000000       0.00000000000000       0.00000000000000
    1     -1     67683.0000000000       0.00000000000000       0.00000000000000       0.00000000000000
    1     -1     67683.0000000000       0.53375630670879      -0.26494441205690       0.07006185016410
    1     -1     67684.0000000000       0.53375630670879      -0.26494441205690       0.07006185016410
    1     -1     67685.0000000000       0.53375630670879      -0.26494441205690       0.07006185016410
    1     -1     67685.0000000000       0.00000000000000       0.00000000000000       0.00000000000000
    1     -1     67685.0000000000       0.00000000000000       0.00000000000000       0.00000000000000
    1     -1     67685.0000000000       0.53264245529992      -0.26640608362827       0.07293704612830
    1     -1     67686.0000000000       0.53264245529992      -0.26640608362827       0.07293704612830
    1     -1     67687.0000000000       0.53264245529992      -0.26640608362827       0.07293704612830
    1     -1     67687.0000000000       0.00000000000000       0.00000000000000       0.00000000000000
    1     -1     67687.0000000000       0.00000000000000       0.00000000000000       0.00000000000000
    1     -1     67687.0000000000       0.53149493945115      -0.26787718150365       0.07586134883775
    1     -1     67688.0000000000       0.53149493945115      -0.26787718150365       0.07586134883775
    1     -1     67689.0000000000       0.53149493945115      -0.26787718150365       0.07586134883775
    1     -1     67689.0000000000       0.00000000000000       0.00000000000000       0.00000000000000
    1     -1     67689.0000000000       0.00000000000000       0.00000000000000       0.00000000000000
    1     -1     67689.0000000000       0.53031330081690      -0.26935633327111       0.07883506823381
    1     -1     67690.0000000000       0.53031330081690      -0.26935633327111       0.07883506823381
    1     -1     67691.0000000000       0.53031330081690      -0.26935633327111       0.07883506823381
    1     -1     67691.0000000000       0.00000000000000       0.00000000000000       0.00000000000000
    1     -1     67691.0000000000       0.00000000000000       0.00000000000000       0.00000000000000
    1     -1     67691.0000000000       0.52909707893392      -0.27084213977104       0.08185851005143
    1     -1     67692.0000000000       0.52909707893392      -0.27084213977104       0.08185851005143
    1     -1     67693.0000000000       0.52909707893392      -0.27084213977104       0.08185851005143
    1     -1     67693.0000000000       0.00000000000000       0.00000000000000       0.00000000000000
    1     -1     67693.0000000000       0.00000000000000       0.00000000000000       0.00000000000000
    1     -1     67693.0000000000       0.52784581048054      -0.27233317645322       0.08493197655203
    1     -1     67694.0000000000       0.52784581048054      -0.27233317645322       0.08493197655203
    1     -1     67695.0000000000       0.52784581048054      -0.27233317645322       0.08493197655203
    1     -1     67695.0000000000       0.00000000000000       0.00000000000000       0.00000000000000
    1     -1     67695.0000000000       0.00000000000000       0.00000000000000       0.00000000000000
    1     -1     67695.0000000000       0.52655902842473      -0.27382799475176       0.08805576729913
    1     -1     67696.0000000000       0.52655902842473      -0.27382799475176       0.08805576729913
    1     -1     67697.0000000000       0.52655902842473      -0.27382799475176       0.08805576729913
    1     -1     67697.0000000000       0.00000000000000       0.00000000000000       0.00000000000000
    1     -1     67697.0000000000       0.00000000000000       0.00000000000000       0.00000000000000
    1     -1     67697.0000000000       0.52523626105672      -0.27532512346738       0.09123017997806
    1     -1     67698.0000000000       0.52523626105672      -0.27532512346738       0.09123017997806
    1     -1     67699.0000000000       0.52523626105672      -0.27532512346738       0.09123017997806
    1     -1     67699.0000000000       0.00000000000000       0.00000000000000       0.00000000000000
    1     -1     67699.0000000000       0.00000000000000       0.00000000000000       0.00000000000000
    1     -1     67699.0000000000       0.52387703090316      -0.27682307014705       0.09445551125503
    1     -1     67700.0000000000       0.52387703090316      -0.27682307014705       0.09445551125503
    1     -1     67701.0000000000       0.52387703090316      -0.27682307014705       0.09445551125503
    1     -1     67701.0000000000       0.00000000000000       0.00000000000000       0.00000000000000
    1     -1     67701.0000000000       0.00000000000000       0.00000000000000       0.00000000000000
    1     -1     67701.0000000000       0.52248085351922      -0.27832032245309       0.09773205766501
    1     -1     67702.0000000000       0.52248085351922      -0.27832032245309       0.09773205766501
    1     -1     67703.0000000000       0.52248085351922      -0.27832032245309       0.09773205766501
    1     -1     67703.0000000000       0.00000000000000       0.00000000000000       0.00000000000000
    1     -1     67703.0000000000       0.00000000000000       0.00000000000000       0.00000000000000
    1     -1     67703.0000000000       0.52104723615620      -0.27981534950953       0.10106011652895
    1     -1     67704.0000000000       0.52104723615620      -0.27981534950953       0.10106011652895
    1     -1     67705.0000000000       0.52104723615620      -0.27981534950953       0.10106011652895
    1     -1     67705.0000000000       0.00000000000000       0.00000000000000       0.00000000000000
    1     -1     67705.0000000000       0.00000000000000       0.00000000000000       0.00000000000000
    1     -1     67705.0000000000       0.51957567630252      -0.28130660321560       0.10443998689236
    1     -1     67706.0000000000       0.51957567630252      -0.28130660321560       0.10443998689236
    1     -1     67707.0000000000       0.51957567630252      -0.28130660321560       0.10443998689236
    1     -1     67707.0000000000       0.00000000000000       0.00000000000000       0.00000000000000
    1     -1     67707.0000000000       0.00000000000000       0.00000000000000       0.00000000000000
    1     -1     67707.0000000000       0.51806566009656      -0.28279251951627       0.10787197047591
    1     -1     67708.0000000000       0.51806566009656      -0.28279251951627       0.10787197047591
    1     -1     67709.0000000000       0.51806566009656      -0.28279251951627       0.10787197047591
    1     -1     67709.0000000000       0.00000000000000       0.00000000000000       0.00000000000000
    1     -1     67709.0000000000       0.00000000000000       0.00000000000000       0.00000000000000
    1     -1     67709.0000000000       0.51651666060880      -0.28427151961976       0.11135637263578
    1     -1     67710.0000000000       0.51651666060880      -0.28427151961976       0.11135637263578
    1     -1     67711.0000000000       0.51651666060880      -0.28427151961976       0.11135637263578
    1     -1     67711.0000000000       0.00000000000000       0.00000000000000       0.00000000000000
    1     -1     67711.0000000000       0.00000000000000       0.00000000000000       0.00000000000000
    1     -1     67711.0000000000       0.51492813599562      -0.28574201114923       0.11489350331709
    1     -1     67712.0000000000       0.51492813599562      -0.28574201114923       0.11489350331709
    1     -1     67713.0000000000       0.51492813599562      -0.28574201114923       0.11489350331709
    1     -1     67713.0000000000       0.00000000000000       0.00000000000000       0.00000000000000
    1     -1     67713.0000000000       0.00000000000000       0.00000000000000       0.00000000000000
    1     -1     67713.0000000000       0.51329952751920      -0.28720238922169       0.11848367800637
    1     -1     67714.0000000000       0.51329952751920      -0.28720238922169       0.11848367800637
    1     -1     67715.0000000000       0.51329952751920      -0.28720238922169       0.11848367800637
    1     -1     67715.0000000000       0.00000000000000       0.00000000000000       0.00000000000000
    1     -1     67715.0000000000       0.00000000000000       0.00000000000000       0.00000000000000
    1     -1     67715.0000000000       0.51163025744009      -0.28865103743967       0.12212721865657
    1     -1     67716.0000000000       0.51163025744009      -0.28865103743967       0.12212721865657
    1     -1     67717.0000000000       0.51163025744009      -0.28865103743967       0.12212721865657
    1     -1     67717.0000000000       0.00000000000000       0.00000000000000       0.00000000000000
    1     -1     67717.0000000000       0.00000000000000       0.00000000000000       0.00000000000000
    1     -1     67717.0000000000       0.50991972677871      -0.29008632878844       0.12582445458641
    1     -1     67718.0000000000       0.50991972677871      -0.29008632878844       0.12582445458641
    1     -1     67719.0000000000       0.50991972677871      -0.29008632878844       0.12582445458641
    1     -1     67719.0000000000       0.00000000000000       0.00000000000000       0.00000000000000
    1     -1     67719.0000000000       0.00000000000000       0.00000000000000       0.00000000000000
    1     -1     67719.0000000000       0.50816731294874      -0.29150662642786       0.12957572334008
    1     -1     67720.0000000000       0.50816731294874      -0.29150662642786       0.12957572334008
    1     -1     67721.0000000000       0.50816731294874      -0.29150662642786       0.12957572334008
    1     -1     67721.0000000000       0.00000000000000       0.00000000000000       0.00000000000000
    1     -1     67721.0000000000       0.00000000000000       0.00000000000000       0.00000000000000
    1     -1     67721.0000000000       0.50637236726392      -0.29291028436962       0.13338137149557
    1     -1     67722.0000000000       0.50637236726392      -0.29291028436962       0.13338137149557
    1     -1     67723.0000000000       0.50637236726392      -0.29291028436962       0.13338137149557
    1     -1     67723.0000000000       0.00000000000000       0.00000000000000       0.00000000000000
    1     -1     67723.0000000000       0.00000000000000       0.00000000000000       0.00000000000000
    1     -1     67723.0000000000       0.50453421232333      -0.29429564803066       0.13724175540079
    1     -1     67724.0000000000       0.50453421232333      -0.29429564803066       0.13724175540079
    1     -1     67725.0000000000       0.50453421232333      -0.29429564803066       0.13724175540079
    1     -1     67725.0000000000       0.00000000000000       0.00000000000000       0.00000000000000
    1     -1     67725.0000000000       0.00000000000000       0.00000000000000       0.00000000000000
    1     -1     67725.0000000000       0.50265213927141      -0.29566105465714       0.14115724184362
    1     -1     67726.0000000000       0.50265213927141      -0.29566105465714       0.14115724184362
    1     -1     67727.0000000000       0.50265213927141      -0.29566105465714       0.14115724184362
    1     -1     67727.0000000000       0.00000000000000       0.00000000000000       0.00000000000000
    1     -1     67727.0000000000       0.00000000000000       0.00000000000000       0.00000000000000
    1     -1     67727.0000000000       0.50072540495452      -0.29700483361002       0.14512820857922
    1     -1     67728.0000000000       0.50072540495452      -0.29700483361002       0.14512820857922
    1     -1     67729.0000000000       0.50072540495452      -0.29700483361002       0.14512820857922
    1     -1     67729.0000000000       0.00000000000000       0.00000000000000       0.00000000000000
    1     -1     67729.0000000000       0.00000000000000       0.00000000000000       0.00000000000000
    1     -1     67729.0000000000       0.49875322896589      -0.29832530651527       0.14915504473088
    1     -1     67730.0000000000       0.49875322896589      -0.29832530651527       0.14915504473088
    1     -1     67731.0000000000       0.49875322896589      -0.29832530651527       0.14915504473088
    1     -1     67731.0000000000       0.00000000000000       0.00000000000000       0.00000000000000
    1     -1     67731.0000000000       0.00000000000000       0.00000000000000       0.00000000000000
    1     -1     67731.0000000000       0.49673479062941      -0.29962078727822       0.15323815089311
    1     -1     67732.0000000000       0.49673479062941      -0.29962078727822       0.15323815089311
    1     -1     67733.0000000000       0.49673479062941      -0.29962078727822       0.15323815089311
    1     -1     67733.0000000000       0.00000000000000       0.00000000000000       0.00000000000000
    1     -1     67733.0000000000       0.00000000000000       0.00000000000000       0.00000000000000
    1     -1     67733.0000000000       0.49466922597342      -0.30088958191680       0.15737793888851
    1     -1     67734.0000000000       0.49466922597342      -0.30088958191680       0.15737793888851
    1     -1     67735.0000000000       0.49466922597342      -0.30088958191680       0.15737793888851
    1     -1     67735.0000000000       0.00000000000000       0.00000000000000       0.00000000000000
    1     -1     67735.0000000000       0.00000000000000       0.00000000000000       0.00000000000000
    1     -1     67735.0000000000       0.49255562414131      -0.30212998754413       0.16157483415850
    1     -1     67736.0000000000       0.49255562414131      -0.30212998754413       0.16157483415850
    1     -1     67737.0000000000       0.49255562414131      -0.30212998754413       0.16157483415850
    1     -1     67737.0000000000       0.00000000000000       0.00000000000000       0.00000000000000
    1     -1     67737.0000000000       0.00000000000000       0.00000000000000       0.00000000000000
    1     -1     67737.0000000000       0.48628879820689      -0.30080155835405       0.16444141431356
    1     -1     67738.0000000000       0.48628879820689      -0.30080155835405       0.16444141431356
    1     -1     67739.0000000000       0.48628879820689      -0.30080155835405       0.16444141431356
    1     -1     67739.0000000000       0.00000000000000       0.00000000000000       0.00000000000000
    1     -1     68053.0000000000       0.00000000000000       0.00000000000000       0.00000000000000
    1     -1     68053.0000000000      -0.05979366769369       0.02120809775425       0.03349223602262
    1     -1     68054.0000000000      -0.05979366769369       0.02120809775425       0.03349223602262
    1     -1     68055.0000000000      -0.05979366769369       0.02120809775425       0.03349223602262
    1     -1     68055.0000000000       0.00000000000000       0.00000000000000       0.00000000000000
    1     -1     68055.0000000000       0.00000000000000       0.00000000000000       0.00000000000000
    1     -1     68055.0000000000      -0.50169382250119       0.17789046646429       0.27687233463323
    1     -1     68056.0000000000      -0.50169382250119       0.17789046646429       0.27687233463323
    1     -1     68057.0000000000      -0.50169382250119       0.17789046646429       0.27687233463323
    1     -1     68057.0000000000       0.00000000000000       0.00000000000000       0.00000000000000
    1     -1     68057.0000000000       0.00000000000000       0.00000000000000       0.00000000000000
    1     -1     68057.0000000000      -0.50326754885731       0.17839351381433       0.27367412697610
    1     -1     68058.0000000000      -0.50326754885731       0.17839351381433       0.27367412697610
    1     -1     68059.0000000000      -0.50326754885731       0.17839351381433       0.27367412697610
    1     -1     68059.0000000000       0.00000000000000       0.00000000000000       0.00000000000000
    1     -1     68059.0000000000       0.00000000000000       0.00000000000000       0.00000000000000
    1     -1     68059.0000000000      -0.50480110923896       0.17888337142411       0.27051169811869
    1     -1     68060.0000000000      -0.50480110923896       0.17888337142411       0.27051169811869
    1     -1     68061.0000000000      -0.50480110923896       0.17888337142411       0.27051169811869
    1     -1     68061.0000000000       0.00000000000000       0.00000000000000       0.00000000000000
    1     -1     68061.0000000000       0.00000000000000       0.00000000000000       0.00000000000000
    1     -1     68061.0000000000      -0.50629483158101       0.17936200356680       0.26738514257688
    1     -1     68062.0000000000      -0.50629483158101       0.17936200356680       0.26738514257688
    1     -1     68063.0000000000      -0.50629483158101       0.17936200356680       0.26738514257688
    1     -1     68063.0000000000       0.00000000000000       0.00000000000000       0.00000000000000
    1     -1     68063.0000000000       0.00000000000000       0.00000000000000       0.00000000000000
    1     -1     68063.0000000000      -0.50774986354107       0.17983094127482       0.26429322336041
    1     -1     68064.0000000000      -0.50774986354107       0.17983094127482       0.26429322336041
    1     -1     68065.0000000000      -0.50774986354107       0.17983094127482       0.26429322336041
    1     -1     68065.0000000000       0.00000000000000       0.00000000000000       0.00000000000000
    1     -1     68065.0000000000       0.00000000000000       0.00000000000000       0.00000000000000
    1     -1     68065.0000000000      -0.50916693530873       0.18029226312430       0.26123501129412
    1     -1     68066.0000000000      -0.50916693530873       0.18029226312430       0.26123501129412
    1     -1     68067.0000000000      -0.50916693530873       0.18029226312430       0.26123501129412
    1     -1     68067.0000000000       0.00000000000000       0.00000000000000       0.00000000000000
    1     -1     68067.0000000000       0.00000000000000       0.00000000000000       0.00000000000000
    1     -1     68067.0000000000      -0.51054678031543       0.18074789010267       0.25820957498314
    1     -1     68068.0000000000      -0.51054678031543       0.18074789010267       0.25820957498314
    1     -1     68069.0000000000      -0.51054678031543       0.18074789010267       0.25820957498314
    1     -1     68069.0000000000       0.00000000000000       0.00000000000000       0.00000000000000
    1     -1     68069.0000000000       0.00000000000000       0.00000000000000       0.00000000000000
    1     -1     68069.0000000000      -0.51189004992066       0.18119966259459       0.25521610127073
    1     -1     68070.0000000000      -0.51189004992066       0.18119966259459       0.25521610127073
    1     -1     68071.0000000000      -0.51189004992066       0.18119966259459       0.25521610127073
    1     -1     68071.0000000000       0.00000000000000       0.00000000000000       0.00000000000000
    1     -1     68071.0000000000       0.00000000000000       0.00000000000000       0.00000000000000
    1     -1     68071.0000000000      -0.51319729996474       0.18164966907616       0.25225369831466
    1     -1     68072.0000000000      -0.51319729996474       0.18164966907616       0.25225369831466
    1     -1     68073.0000000000      -0.51319729996474       0.18164966907616       0.25225369831466
    1     -1     68073.0000000000       0.00000000000000       0.00000000000000       0.00000000000000
    1     -1     68073.0000000000       0.00000000000000       0.00000000000000       0.00000000000000
    1     -1     68073.0000000000      -0.51446910200309       0.18209953081370       0.24932168626407
    1     -1     68074.0000000000      -0.51446910200309       0.18209953081370       0.24932168626407
    1     -1     68075.0000000000      -0.51446910200309       0.18209953081370       0.24932168626407
    1     -1     68075.0000000000       0.00000000000000       0.00000000000000       0.00000000000000
    1     -1     68075.0000000000       0.00000000000000       0.00000000000000       0.00000000000000
    1     -1     68075.0000000000      -0.51570610842937       0.18255142638103       0.24641872034179
    1     -1     68076.0000000000      -0.51570610842937       0.18255142638103       0.24641872034179
    1     -1     68077.0000000000      -0.51570610842937       0.18255142638103       0.24641872034179
    1     -1     68077.0000000000       0.00000000000000       0.00000000000000       0.00000000000000
    1     -1     68077.0000000000       0.00000000000000       0.00000000000000       0.00000000000000
    1     -1     68077.0000000000      -0.51661137049547       0.18289231994483       0.24426029243409
    1     -1     68078.0000000000      -0.51661137049547       0.18289231994483       0.24426029243409
    1     -1     68078.0000000000       0.00000000000000       0.00000000000000       0.00000000000000
    1  23760     68078.0000000000       77574721.533961296      329522817.904145181       -4513397.318413340      -20.1861966334044        1.8483912132008        1.1961936477487        1145.7231060651
    1  23760     68078.0000000000       77574721.533961296      329522817.904145181       -4513397.318413340      -20.1861966334044        1.8483912132008        1.1961936477487        1217.5916892274
    1     -1     68078.0000000000       0.00000000000000       0.00000000000000       0.00000000000000
    1     -1     68078.0000000000      -0.59401502567052       0.07422788405647       0.04045206776116
    1     -1     68079.0000000000      -0.59401502567052       0.07422788405647       0.04045206776116
    1     -1     68080.0000000000      -0.59401502567052       0.07422788405647       0.04045206776116
    1     -1     68080.0000000000       0.00000000000000       0.00000000000000       0.00000000000000
    1     -1     68080.0000000000       0.00000000000000       0.00000000000000       0.00000000000000
    1     -1     68080.0000000000      -0.59285201148690       0.08020245300104       0.04576088164085
    1     -1     68081.0000000000      -0.59285201148690       0.08020245300104       0.04576088164085
    1     -1     68082.0000000000      -0.59285201148690       0.08020245300104       0.04576088164085
    1     -1     68082.0000000000       0.00000000000000       0.00000000000000       0.00000000000000
    1     -1     68082.0000000000       0.00000000000000       0.00000000000000       0.00000000000000
    1     -1     68082.0000000000      -0.59154671524039       0.08631374936707       0.05120956588861
    1     -1     68083.0000000000      -0.59154671524039       0.08631374936707       0.05120956588861
    1     -1     68084.0000000000      -0.59154671524039       0.08631374936707       0.05120956588861
    1     -1     68084.0000000000       0.00000000000000       0.00000000000000       0.00000000000000
    1     -1     68084.0000000000       0.00000000000000       0.00000000000000       0.00000000000000
    1     -1     68084.0000000000      -0.59008866908723       0.09256858583993       0.05680157401392
    1     -1     68085.0000000000      -0.59008866908723       0.09256858583993       0.05680157401392
    1     -1     68086.0000000000      -0.59008866908723       0.09256858583993       0.05680157401392
    1     -1     68086.0000000000       0.00000000000000       0.00000000000000       0.00000000000000
    1     -1     68086.0000000000       0.00000000000000       0.00000000000000       0.00000000000000
    1     -1     68086.0000000000      -0.58846652616028       0.09897396382251       0.06254039777705
    1     -1     68087.0000000000      -0.58846652616028       0.09897396382251       0.06254039777705
    1     -1     68088.0000000000      -0.58846652616028       0.09897396382251       0.06254039777705
    1     -1     68088.0000000000       0.00000000000000       0.00000000000000       0.00000000000000
    1     -1     68088.0000000000       0.00000000000000       0.00000000000000       0.00000000000000
    1     -1     68088.0000000000      -0.58666810535032       0.10553665378967       0.06842914694444
    1     -1     68089.0000000000      -0.58666810535032       0.10553665378967       0.06842914694444
    1     -1     68090.0000000000      -0.58666810535032       0.10553665378967       0.06842914694444
    1     -1     68090.0000000000       0.00000000000000       0.00000000000000       0.00000000000000
    1     -1     68090.0000000000       0.00000000000000       0.00000000000000       0.00000000000000
    1     -1     68090.0000000000      -0.58468022754661       0.11226359695750       0.07447090434667
    1     -1     68091.0000000000      -0.58468022754661       0.11226359695750       0.07447090434667
    1     -1     68092.0000000000      -0.58468022754661       0.11226359695750       0.07447090434667
    1     -1     68092.0000000000       0.00000000000000       0.00000000000000       0.00000000000000
    1     -1     68092.0000000000       0.00000000000000       0.00000000000000       0.00000000000000
    1     -1     68092.0000000000      -0.08053406296699       0.01647491154454       0.01115293677785
    1     -1     68093.0000000000      -0.08053406296699       0.01647491154454       0.01115293677785
    1     -1     68094.0000000000      -0.08053406296699       0.01647491154454       0.01115293677785
    1     -1     68094.0000000000       0.00000000000000       0.00000000000000       0.00000000000000
    1     -1     68204.0000000000       0.00000000000000       0.00000000000000       0.00000000000000
    1     -1     68204.0000000000       0.02127807185980       0.17359143438361       0.11900775431698
    1     -1     68205.0000000000       0.02127807185980       0.17359143438361       0.11900775431698
    1     -1     68206.0000000000       0.02127807185980       0.17359143438361       0.11900775431698
    1     -1     68206.0000000000       0.00000000000000       0.00000000000000       0.00000000000000
    1     -1     68206.0000000000       0.00000000000000       0.00000000000000       0.00000000000000
    1     -1     68206.0000000000       0.06997852484413       0.49256487565851       0.33538462786502
    1     -1     68207.0000000000       0.06997852484413       0.49256487565851       0.33538462786502
    1     -1     68208.0000000000       0.06997852484413       0.49256487565851       0.33538462786502
    1     -1     68208.0000000000       0.00000000000000       0.00000000000000       0.00000000000000
    1     -1     68208.0000000000       0.00000000000000       0.00000000000000       0.00000000000000
    1     -1     68208.0000000000       0.07917050499835       0.49268264702639       0.33316038140417
    1     -1     68209.0000000000       0.07917050499835       0.49268264702639       0.33316038140417
    1     -1     68210.0000000000       0.07917050499835       0.49268264702639       0.33316038140417
    1     -1     68210.0000000000       0.00000000000000       0.00000000000000       0.00000000000000
    1     -1     68210.0000000000       0.00000000000000       0.00000000000000       0.00000000000000
    1     -1     68210.0000000000       0.08794187128764       0.49272885797498       0.33088441950793
    1     -1     68211.0000000000       0.08794187128764       0.49272885797498       0.33088441950793
    1     -1     68212.0000000000       0.08794187128764       0.49272885797498       0.33088441950793
    1     -1     68212.0000000000       0.00000000000000       0.00000000000000       0.00000000000000
    1     -1     68212.0000000000       0.00000000000000       0.00000000000000       0.00000000000000
    1     -1     68212.0000000000       0.09630641779124       0.49271526051489       0.32856771787253
    1     -1     68213.0000000000       0.09630641779124       0.49271526051489       0.32856771787253
    1     -1     68214.0000000000       0.09630641779124       0.49271526051489       0.32856771787253
    1     -1     68214.0000000000       0.00000000000000       0.00000000000000       0.00000000000000
    1     -1     68214.0000000000       0.00000000000000       0.00000000000000       0.00000000000000
    1     -1     68214.0000000000       0.10427820443391       0.49265244029307       0.32622021463013
    1     -1     68215.0000000000       0.10427820443391       0.49265244029307       0.32622021463013
    1     -1     68216.0000000000       0.10427820443391       0.49265244029307       0.32622021463013
    1     -1     68216.0000000000       0.00000000000000       0.00000000000000       0.00000000000000
    1     -1     68216.0000000000       0.00000000000000       0.00000000000000       0.00000000000000
    1     -1     68216.0000000000       0.11187163840068       0.49254989648905       0.32385079167755
    1     -1     68217.0000000000       0.11187163840068       0.49254989648905       0.32385079167755
    1     -1     68218.0000000000       0.11187163840068       0.49254989648905       0.32385079167755
    1     -1     68218.0000000000       0.00000000000000       0.00000000000000       0.00000000000000
    1     -1     68218.0000000000       0.00000000000000       0.00000000000000       0.00000000000000
    1     -1     68218.0000000000       0.11910115141818       0.49241610942272       0.32146740144509
    1     -1     68219.0000000000       0.11910115141818       0.49241610942272       0.32146740144509
    1     -1     68220.0000000000       0.11910115141818       0.49241610942272       0.32146740144509
    1     -1     68220.0000000000       0.00000000000000       0.00000000000000       0.00000000000000
    1     -1     68220.0000000000       0.00000000000000       0.00000000000000       0.00000000000000
    1     -1     68220.0000000000       0.12598114192402       0.49225861277049       0.31907712126192
    1     -1     68221.0000000000       0.12598114192402       0.49225861277049       0.31907712126192
    1     -1     68222.0000000000       0.12598114192402       0.49225861277049       0.31907712126192
    1     -1     68222.0000000000       0.00000000000000       0.00000000000000       0.00000000000000
    1     -1     68222.0000000000       0.00000000000000       0.00000000000000       0.00000000000000
    1     -1     68222.0000000000       0.13252588338757       0.49208406511561       0.31668622068484
    1     -1     68223.0000000000       0.13252588338757       0.49208406511561       0.31668622068484
    1     -1     68224.0000000000       0.13252588338757       0.49208406511561       0.31668622068484
    1     -1     68224.0000000000       0.00000000000000       0.00000000000000       0.00000000000000
    1     -1     68224.0000000000       0.00000000000000       0.00000000000000       0.00000000000000
    1     -1     68224.0000000000       0.13874943990780       0.49189832033743       0.31430023012160
    1     -1     68225.0000000000       0.13874943990780       0.49189832033743       0.31430023012160
    1     -1     68226.0000000000       0.13874943990780       0.49189832033743       0.31430023012160
    1     -1     68226.0000000000       0.00000000000000       0.00000000000000       0.00000000000000
    1     -1     68226.0000000000       0.00000000000000       0.00000000000000       0.00000000000000
    1     -1     68226.0000000000       0.14466560015089       0.49170649582816       0.31192400576644
    1     -1     68227.0000000000       0.14466560015089       0.49170649582816       0.31192400576644
    1     -1     68228.0000000000       0.14466560015089       0.49170649582816       0.31192400576644
    1     -1     68228.0000000000       0.00000000000000       0.00000000000000       0.00000000000000
    1  16118     68228.0000000000     -185991198.914750099      254000256.269349128       11875728.638966283      -17.4401619165836      -12.8249337462309        1.5925620604382        1168.7185032062
    1  16118     68228.0000000000     -185991198.914750099      254000256.269349128       11875728.638966283      -17.4401619165836      -12.8249337462309        1.5925620604382        1250.4433492021
    1     -1     68228.0000000000       0.00000000000000       0.00000000000000       0.00000000000000
    1     -1     68228.0000000000      -0.18649336446110       0.52028183961483      -0.23351023887399
    1     -1     68229.0000000000      -0.18649336446110       0.52028183961483      -0.23351023887399
    1     -1     68230.0000000000      -0.18649336446110       0.52028183961483      -0.23351023887399
    1     -1     68230.0000000000       0.00000000000000       0.00000000000000       0.00000000000000
    1     -1     68230.0000000000       0.00000000000000       0.00000000000000       0.00000000000000
    1     -1     68230.0000000000      -0.18364554016500       0.51973785012422      -0.23695333297035
    1     -1     68231.0000000000      -0.18364554016500       0.51973785012422      -0.23695333297035
    1     -1     68232.0000000000      -0.18364554016500       0.51973785012422      -0.23695333297035
    1     -1     68232.0000000000       0.00000000000000       0.00000000000000       0.00000000000000
    1     -1     68232.0000000000       0.00000000000000       0.00000000000000       0.00000000000000
    1     -1     68232.0000000000      -0.18077213611883       0.51915841922032      -0.24040792382051
    1     -1     68233.0000000000      -0.18077213611883       0.51915841922032      -0.24040792382051
    1     -1     68234.0000000000      -0.18077213611883       0.51915841922032      -0.24040792382051
    1     -1     68234.0000000000       0.00000000000000       0.00000000000000       0.00000000000000
    1     -1     68234.0000000000       0.00000000000000       0.00000000000000       0.00000000000000
    1     -1     68234.0000000000      -0.17787493048808       0.51854211233747      -0.24387411940683
    1     -1     68235.0000000000      -0.17787493048808       0.51854211233747      -0.24387411940683
    1     -1     68236.0000000000      -0.17787493048808       0.51854211233747      -0.24387411940683
    1     -1     68236.0000000000       0.00000000000000       0.00000000000000       0.00000000000000
    1     -1     68236.0000000000       0.00000000000000       0.00000000000000       0.00000000000000
    1     -1     68236.0000000000      -0.17495563102463       0.51788748210880      -0.24735214235535
    1     -1     68237.0000000000      -0.17495563102463       0.51788748210880      -0.24735214235535
    1     -1     68238.0000000000      -0.17495563102463       0.51788748210880      -0.24735214235535
    1     -1     68238.0000000000       0.00000000000000       0.00000000000000       0.00000000000000
    1     -1     68238.0000000000       0.00000000000000       0.00000000000000       0.00000000000000
    1     -1     68238.0000000000      -0.17201586478556       0.51719306355455      -0.25084233405296
    1     -1     68239.0000000000      -0.17201586478556       0.51719306355455      -0.25084233405296
    1     -1     68240.0000000000      -0.17201586478556       0.51719306355455      -0.25084233405296
    1     -1     68240.0000000000       0.00000000000000       0.00000000000000       0.00000000000000
    1     -1     68240.0000000000       0.00000000000000       0.00000000000000       0.00000000000000
    1     -1     68240.0000000000      -0.16905716808546       0.51645736866789      -0.25434515829392
    1     -1     68241.0000000000      -0.16905716808546       0.51645736866789      -0.25434515829392
    1     -1     68242.0000000000      -0.16905716808546       0.51645736866789      -0.25434515829392
    1     -1     68242.0000000000       0.00000000000000       0.00000000000000       0.00000000000000
    1     -1     68242.0000000000       0.00000000000000       0.00000000000000       0.00000000000000
    1     -1     68242.0000000000      -0.16608097663827       0.51567888036611      -0.25786120457182
    1     -1     68243.0000000000      -0.16608097663827       0.51567888036611      -0.25786120457182
    1     -1     68244.0000000000      -0.16608097663827       0.51567888036611      -0.25786120457182
    1     -1     68244.0000000000       0.00000000000000       0.00000000000000       0.00000000000000
    1     -1     68244.0000000000       0.00000000000000       0.00000000000000       0.00000000000000
    1     -1     68244.0000000000      -0.16308861589017       0.51485604579519      -0.26139119104356
    1     -1     68245.0000000000      -0.16308861589017       0.51485604579519      -0.26139119104356
    1     -1     68246.0000000000      -0.16308861589017       0.51485604579519      -0.26139119104356
    1     -1     68246.0000000000       0.00000000000000       0.00000000000000       0.00000000000000
    1     -1     68246.0000000000       0.00000000000000       0.00000000000000       0.00000000000000
    1     -1     68246.0000000000      -0.16008129156425       0.51398726897651      -0.26493596717167
    1     -1     68247.0000000000      -0.16008129156425       0.51398726897651      -0.26493596717167
    1     -1     68248.0000000000      -0.16008129156425       0.51398726897651      -0.26493596717167
    1     -1     68248.0000000000       0.00000000000000       0.00000000000000       0.00000000000000
    1     -1     68248.0000000000       0.00000000000000       0.00000000000000       0.00000000000000
    1     -1     68248.0000000000      -0.15706008042637       0.51307090277970      -0.26849651606172
    1     -1     68249.0000000000      -0.15706008042637       0.51307090277970      -0.26849651606172
    1     -1     68250.0000000000      -0.15706008042637       0.51307090277970      -0.26849651606172
    1     -1     68250.0000000000       0.00000000000000       0.00000000000000       0.00000000000000
    1     -1     68250.0000000000       0.00000000000000       0.00000000000000       0.00000000000000
    1     -1     68250.0000000000      -0.15402592127793       0.51210524020395      -0.27207395650841
    1     -1     68251.0000000000      -0.15402592127793       0.51210524020395      -0.27207395650841
    1     -1     68252.0000000000      -0.15402592127793       0.51210524020395      -0.27207395650841
    1     -1     68252.0000000000       0.00000000000000       0.00000000000000       0.00000000000000
    1     -1     68252.0000000000       0.00000000000000       0.00000000000000       0.00000000000000
    1     -1     68252.0000000000      -0.15097960618111       0.51108850494656      -0.27566954476127
    1     -1     68253.0000000000      -0.15097960618111       0.51108850494656      -0.27566954476127
    1     -1     68254.0000000000      -0.15097960618111       0.51108850494656      -0.27566954476127
    1     -1     68254.0000000000       0.00000000000000       0.00000000000000       0.00000000000000
    1     -1     68254.0000000000       0.00000000000000       0.00000000000000       0.00000000000000
    1     -1     68254.0000000000      -0.14792177190619       0.51001884123422      -0.27928467602472
    1     -1     68255.0000000000      -0.14792177190619       0.51001884123422      -0.27928467602472
    1     -1     68256.0000000000      -0.14792177190619       0.51001884123422      -0.27928467602472
    1     -1     68256.0000000000       0.00000000000000       0.00000000000000       0.00000000000000
    1     -1     68256.0000000000       0.00000000000000       0.00000000000000       0.00000000000000
    1     -1     68256.0000000000      -0.14485289159136       0.50889430288417      -0.28292088570775
    1     -1     68257.0000000000      -0.14485289159136       0.50889430288417      -0.28292088570775
    1     -1     68258.0000000000      -0.14485289159136       0.50889430288417      -0.28292088570775
    1     -1     68258.0000000000       0.00000000000000       0.00000000000000       0.00000000000000
    1     -1     68258.0000000000       0.00000000000000       0.00000000000000       0.00000000000000
    1     -1     68258.0000000000      -0.14177326659100       0.50771284155888      -0.28657985043672
    1     -1     68259.0000000000      -0.14177326659100       0.50771284155888      -0.28657985043672
    1     -1     68260.0000000000      -0.14177326659100       0.50771284155888      -0.28657985043672
    1     -1     68260.0000000000       0.00000000000000       0.00000000000000       0.00000000000000
    1     -1     68260.0000000000       0.00000000000000       0.00000000000000       0.00000000000000
    1     -1     68260.0000000000      -0.13868301848611       0.50647229416427      -0.29026338885151
    1     -1     68261.0000000000      -0.13868301848611       0.50647229416427      -0.29026338885151
    1     -1     68262.0000000000      -0.13868301848611       0.50647229416427      -0.29026338885151
    1     -1     68262.0000000000       0.00000000000000       0.00000000000000       0.00000000000000
    1     -1     68262.0000000000       0.00000000000000       0.00000000000000       0.00000000000000
    1     -1     68262.0000000000      -0.13558208119833       0.50517036932193      -0.29397346223268
    1     -1     68263.0000000000      -0.13558208119833       0.50517036932193      -0.29397346223268
    1     -1     68264.0000000000      -0.13558208119833       0.50517036932193      -0.29397346223268
    1     -1     68264.0000000000       0.00000000000000       0.00000000000000       0.00000000000000
    1     -1     68264.0000000000       0.00000000000000       0.00000000000000       0.00000000000000
    1     -1     68264.0000000000      -0.13247019311297       0.50380463279958      -0.29771217507232
    1     -1     68265.0000000000      -0.13247019311297       0.50380463279958      -0.29771217507232
    1     -1     68266.0000000000      -0.13247019311297       0.50380463279958      -0.29771217507232
    1     -1     68266.0000000000       0.00000000000000       0.00000000000000       0.00000000000000
    1     -1     68266.0000000000       0.00000000000000       0.00000000000000       0.00000000000000
    1     -1     68266.0000000000      -0.12934688926325       0.50237249233940      -0.30148177467074
    1     -1     68267.0000000000      -0.12934688926325       0.50237249233940      -0.30148177467074
    1     -1     68268.0000000000      -0.12934688926325       0.50237249233940      -0.30148177467074
    1     -1     68268.0000000000       0.00000000000000       0.00000000000000       0.00000000000000
    1     -1     68268.0000000000       0.00000000000000       0.00000000000000       0.00000000000000
    1     -1     68268.0000000000      -0.12621150038753       0.50087119159169      -0.30528463093226
    1     -1     68269.0000000000      -0.12621150038753       0.50087119159169      -0.30528463093226
    1     -1     68270.0000000000      -0.12621150038753       0.50087119159169      -0.30528463093226
    1     -1     68270.0000000000       0.00000000000000       0.00000000000000       0.00000000000000
    1     -1     68270.0000000000       0.00000000000000       0.00000000000000       0.00000000000000
    1     -1     68270.0000000000      -0.10410065893356       0.42236204036261      -0.26149106323147
    1     -1     68271.0000000000      -0.10410065893356       0.42236204036261      -0.26149106323147
    1     -1     68272.0000000000      -0.10410065893356       0.42236204036261      -0.26149106323147
    1     -1     68272.0000000000       0.00000000000000       0.00000000000000       0.00000000000000
    1     -1     68492.0000000000       0.00000000000000       0.00000000000000       0.00000000000000
    1     -1     68492.0000000000       0.09234094158892      -0.16128021008517      -0.01054108798293
    1     -1     68493.0000000000       0.09234094158892      -0.16128021008517      -0.01054108798293
    1     -1     68494.0000000000       0.09234094158892      -0.16128021008517      -0.01054108798293
    1     -1     68494.0000000000       0.00000000000000       0.00000000000000       0.00000000000000
    1     -1     68494.0000000000       0.00000000000000       0.00000000000000       0.00000000000000
    1     -1     68494.0000000000       0.29751006889062      -0.52016397592007      -0.03028524960644
    1     -1     68495.0000000000       0.29751006889062      -0.52016397592007      -0.03028524960644
    1     -1     68496.0000000000       0.29751006889062      -0.52016397592007      -0.03028524960644
    1     -1     68496.0000000000       0.00000000000000       0.00000000000000       0.00000000000000
    1     -1     68496.0000000000       0.00000000000000       0.00000000000000       0.00000000000000
    1     -1     68496.0000000000       0.29737918081537      -0.52043527798207      -0.02669725696219
    1     -1     68497.0000000000       0.29737918081537      -0.52043527798207      -0.02669725696219
    1     -1     68498.0000000000       0.29737918081537      -0.52043527798207      -0.02669725696219
    1     -1     68498.0000000000       0.00000000000000       0.00000000000000       0.00000000000000
    1     -1     68498.0000000000       0.00000000000000       0.00000000000000       0.00000000000000
    1     -1     68498.0000000000       0.29725129141451      -0.52067556751734      -0.02320824040945
    1     -1     68499.0000000000       0.29725129141451      -0.52067556751734      -0.02320824040945
    1     -1     68500.0000000000       0.29725129141451      -0.52067556751734      -0.02320824040945
    1     -1     68500.0000000000       0.00000000000000       0.00000000000000       0.00000000000000
    1     -1     68500.0000000000       0.00000000000000       0.00000000000000       0.00000000000000
    1     -1     68500.0000000000       0.29712541540478      -0.52088761358047      -0.01981365233827
    1     -1     68501.0000000000       0.29712541540478      -0.52088761358047      -0.01981365233827
    1     -1     68502.0000000000       0.29712541540478      -0.52088761358047      -0.01981365233827
    1     -1     68502.0000000000       0.00000000000000       0.00000000000000       0.00000000000000
    1     -1     68502.0000000000       0.00000000000000       0.00000000000000       0.00000000000000
    1     -1     68502.0000000000       0.29700059645303      -0.52107397080875      -0.01650944978332
    1     -1     68503.0000000000       0.29700059645303      -0.52107397080875      -0.01650944978332
    1     -1     68504.0000000000       0.29700059645303      -0.52107397080875      -0.01650944978332
    1     -1     68504.0000000000       0.00000000000000       0.00000000000000       0.00000000000000
    1     -1     68504.0000000000       0.00000000000000       0.00000000000000       0.00000000000000
    1     -1     68504.0000000000       0.29687587097367      -0.52123703358362      -0.01329177695300
    1     -1     68505.0000000000       0.29687587097367      -0.52123703358362      -0.01329177695300
    1     -1     68506.0000000000       0.29687587097367      -0.52123703358362      -0.01329177695300
    1     -1     68506.0000000000       0.00000000000000       0.00000000000000       0.00000000000000
    1     -1     68506.0000000000       0.00000000000000       0.00000000000000       0.00000000000000
    1     -1     68506.0000000000       0.29675026233603      -0.52137905351857      -0.01015695011215
    1     -1     68507.0000000000       0.29675026233603      -0.52137905351857      -0.01015695011215
    1     -1     68508.0000000000       0.29675026233603      -0.52137905351857      -0.01015695011215
    1     -1     68508.0000000000       0.00000000000000       0.00000000000000       0.00000000000000
    1     -1     68508.0000000000       0.00000000000000       0.00000000000000       0.00000000000000
    1     -1     68508.0000000000       0.29662279173820      -0.52150214544281      -0.00710147871775
    1     -1     68509.0000000000       0.29662279173820      -0.52150214544281      -0.00710147871775
    1     -1     68510.0000000000       0.29662279173820      -0.52150214544281      -0.00710147871775
    1     -1     68510.0000000000       0.00000000000000       0.00000000000000       0.00000000000000
    1     -1     68510.0000000000       0.00000000000000       0.00000000000000       0.00000000000000
    1     -1     68510.0000000000       0.29649240903722      -0.52160834144330      -0.00412174721128
    1     -1     68511.0000000000       0.29649240903722      -0.52160834144330      -0.00412174721128
    1     -1     68512.0000000000       0.29649240903722      -0.52160834144330      -0.00412174721128
    1     -1     68512.0000000000       0.00000000000000       0.00000000000000       0.00000000000000
    1     -1     68512.0000000000       0.00000000000000       0.00000000000000       0.00000000000000
    1     -1     68512.0000000000       0.29639229844348      -0.52167792493008      -0.00193580578545
    1     -1     68513.0000000000       0.29639229844348      -0.52167792493008      -0.00193580578545
    1     -1     68513.0000000000       0.00000000000000       0.00000000000000       0.00000000000000
    1   9595     68513.0000000000     -306122206.199600279     -177849633.919371814       13296281.534023119        8.7037088439464      -17.4371292319048       -0.7126019744885        1166.7728374086
    1   9595     68513.0000000000     -306122206.199600279     -177849633.919371814       13296281.534023119        8.7037088439464      -17.4371292319048       -0.7126019744885        1238.2307429527
    1     -1     68513.0000000000       0.00000000000000       0.00000000000000       0.00000000000000
    1     -1     68513.0000000000      -0.39736847511471      -0.21525660296874      -0.39466807464421
    1     -1     68514.0000000000      -0.39736847511471      -0.21525660296874      -0.39466807464421
    1     -1     68515.0000000000      -0.39736847511471      -0.21525660296874      -0.39466807464421
    1     -1     68515.0000000000       0.00000000000000       0.00000000000000       0.00000000000000
    1     -1     68515.0000000000       0.00000000000000       0.00000000000000       0.00000000000000
    1     -1     68515.0000000000      -0.39779970118446      -0.21506572442066      -0.39433758532122
    1     -1     68516.0000000000      -0.39779970118446      -0.21506572442066      -0.39433758532122
    1     -1     68517.0000000000      -0.39779970118446      -0.21506572442066      -0.39433758532122
    1     -1     68517.0000000000       0.00000000000000       0.00000000000000       0.00000000000000
    1     -1     68517.0000000000       0.00000000000000       0.00000000000000       0.00000000000000
    1     -1     68517.0000000000      -0.39828534883487      -0.21489972709757      -0.39393766953273
    1     -1     68518.0000000000      -0.39828534883487      -0.21489972709757      -0.39393766953273
    1     -1     68519.0000000000      -0.39828534883487      -0.21489972709757      -0.39393766953273
    1     -1     68519.0000000000       0.00000000000000       0.00000000000000       0.00000000000000
    1     -1     68519.0000000000       0.00000000000000       0.00000000000000       0.00000000000000
    1     -1     68519.0000000000      -0.39882602076971      -0.21476005821887      -0.39346654474152
    1     -1     68520.0000000000      -0.39882602076971      -0.21476005821887      -0.39346654474152
    1     -1     68521.0000000000      -0.39882602076971      -0.21476005821887      -0.39346654474152
    1     -1     68521.0000000000       0.00000000000000       0.00000000000000       0.00000000000000
    1     -1     68521.0000000000       0.00000000000000       0.00000000000000       0.00000000000000
    1     -1     68521.0000000000      -0.39942231801574      -0.21464818359149      -0.39292234402209
    1     -1     68522.0000000000      -0.39942231801574      -0.21464818359149      -0.39292234402209
    1     -1     68523.0000000000      -0.39942231801574      -0.21464818359149      -0.39292234402209
    1     -1     68523.0000000000       0.00000000000000       0.00000000000000       0.00000000000000
    1     -1     68523.0000000000       0.00000000000000       0.00000000000000       0.00000000000000
    1     -1     68523.0000000000      -0.40007483940416      -0.21456558816340      -0.39230311053040
    1     -1     68524.0000000000      -0.40007483940416      -0.21456558816340      -0.39230311053040
    1     -1     68525.0000000000      -0.40007483940416      -0.21456558816340      -0.39230311053040
    1     -1     68525.0000000000       0.00000000000000       0.00000000000000       0.00000000000000
    1     -1     68525.0000000000       0.00000000000000       0.00000000000000       0.00000000000000
    1     -1     68525.0000000000      -0.40078418103542      -0.21451377664967      -0.39160679148766
    1     -1     68526.0000000000      -0.40078418103542      -0.21451377664967      -0.39160679148766
    1     -1     68527.0000000000      -0.40078418103542      -0.21451377664967      -0.39160679148766
    1     -1     68527.0000000000       0.00000000000000       0.00000000000000       0.00000000000000
    1     -1     68527.0000000000       0.00000000000000       0.00000000000000       0.00000000000000
    1     -1     68527.0000000000      -0.40155093562902      -0.21449427420018      -0.39083123174945
    1     -1     68528.0000000000      -0.40155093562902      -0.21449427420018      -0.39083123174945
    1     -1     68529.0000000000      -0.40155093562902      -0.21449427420018      -0.39083123174945
    1     -1     68529.0000000000       0.00000000000000       0.00000000000000       0.00000000000000
    1     -1     68529.0000000000       0.00000000000000       0.00000000000000       0.00000000000000
    1     -1     68529.0000000000      -0.40237569165544      -0.21450862706951      -0.38997416703875
    1     -1     68530.0000000000      -0.40237569165544      -0.21450862706951      -0.38997416703875
    1     -1     68531.0000000000      -0.40237569165544      -0.21450862706951      -0.38997416703875
    1     -1     68531.0000000000       0.00000000000000       0.00000000000000       0.00000000000000
    1     -1     68531.0000000000       0.00000000000000       0.00000000000000       0.00000000000000
    1     -1     68531.0000000000      -0.40325903179382      -0.21455840312066      -0.38903321735685
    1     -1     68532.0000000000      -0.40325903179382      -0.21455840312066      -0.38903321735685
    1     -1     68533.0000000000      -0.40325903179382      -0.21455840312066      -0.38903321735685
    1     -1     68533.0000000000       0.00000000000000       0.00000000000000       0.00000000000000
    1     -1     68533.0000000000       0.00000000000000       0.00000000000000       0.00000000000000
    1     -1     68533.0000000000      -0.40420152812860      -0.21464519075043      -0.38800588400979
    1     -1     68534.0000000000      -0.40420152812860      -0.21464519075043      -0.38800588400979
    1     -1     68535.0000000000      -0.40420152812860      -0.21464519075043      -0.38800588400979
    1     -1     68535.0000000000       0.00000000000000       0.00000000000000       0.00000000000000
    1     -1     68535.0000000000       0.00000000000000       0.00000000000000       0.00000000000000
    1     -1     68535.0000000000      -0.40520372600804      -0.21477059038378      -0.38688956203987
    1     -1     68536.0000000000      -0.40520372600804      -0.21477059038378      -0.38688956203987
    1     -1     68537.0000000000      -0.40520372600804      -0.21477059038378      -0.38688956203987
    1     -1     68537.0000000000       0.00000000000000       0.00000000000000       0.00000000000000
    1     -1     68537.0000000000       0.00000000000000       0.00000000000000       0.00000000000000
    1     -1     68537.0000000000      -0.40626613749564      -0.21493622277952      -0.38568153305758
    1     -1     68538.0000000000      -0.40626613749564      -0.21493622277952      -0.38568153305758
    1     -1     68539.0000000000      -0.40626613749564      -0.21493622277952      -0.38568153305758
    1     -1     68539.0000000000       0.00000000000000       0.00000000000000       0.00000000000000
    1     -1     68539.0000000000       0.00000000000000       0.00000000000000       0.00000000000000
    1     -1     68539.0000000000      -0.40738941973239      -0.21514379918032      -0.38437872683639
    1     -1     68540.0000000000      -0.40738941973239      -0.21514379918032      -0.38437872683639
    1     -1     68541.0000000000      -0.40738941973239      -0.21514379918032      -0.38437872683639
    1     -1     68541.0000000000       0.00000000000000       0.00000000000000       0.00000000000000
    1     -1     68541.0000000000       0.00000000000000       0.00000000000000       0.00000000000000
    1     -1     68541.0000000000      -0.40857410768328      -0.21539499936461      -0.38297805689038
    1     -1     68542.0000000000      -0.40857410768328      -0.21539499936461      -0.38297805689038
    1     -1     68543.0000000000      -0.40857410768328      -0.21539499936461      -0.38297805689038
    1     -1     68543.0000000000       0.00000000000000       0.00000000000000       0.00000000000000
    1     -1     68543.0000000000       0.00000000000000       0.00000000000000       0.00000000000000
    1     -1     68543.0000000000      -0.05831112535620      -0.03068956711358      -0.05427825968360
    1     -1     68544.0000000000      -0.05831112535620      -0.03068956711358      -0.05427825968360
    1     -1     68545.0000000000      -0.05831112535620      -0.03068956711358      -0.05427825968360
    1     -1     68545.0000000000       0.00000000000000       0.00000000000000       0.00000000000000
    1     -1     68805.0000000000       0.00000000000000       0.00000000000000       0.00000000000000
    1     -1     68805.0000000000       0.00583092359348      -0.05134433631296       0.14650101032908
    1     -1     68806.0000000000       0.00583092359348      -0.05134433631296       0.14650101032908
    1     -1     68807.0000000000       0.00583092359348      -0.05134433631296       0.14650101032908
    1     -1     68807.0000000000       0.00000000000000       0.00000000000000       0.00000000000000
    1     -1     68807.0000000000       0.00000000000000       0.00000000000000       0.00000000000000
    1     -1     68807.0000000000       0.02551692336976      -0.19771083299708       0.56591458049545
    1     -1     68808.0000000000       0.02551692336976      -0.19771083299708       0.56591458049545
    1     -1     68809.0000000000       0.02551692336976      -0.19771083299708       0.56591458049545
    1     -1     68809.0000000000       0.00000000000000       0.00000000000000       0.00000000000000
    1     -1     68809.0000000000       0.00000000000000       0.00000000000000       0.00000000000000
    1     -1     68809.0000000000       0.02845584897108      -0.19714776996557       0.56597086562555
    1     -1     68810.0000000000       0.02845584897108      -0.19714776996557       0.56597086562555
    1     -1     68811.0000000000       0.02845584897108      -0.19714776996557       0.56597086562555
    1     -1     68811.0000000000       0.00000000000000       0.00000000000000       0.00000000000000
    1     -1     68811.0000000000       0.00000000000000       0.00000000000000       0.00000000000000
    1     -1     68811.0000000000       0.03133976614097      -0.19661847076174       0.56600264601285
    1     -1     68812.0000000000       0.03133976614097      -0.19661847076174       0.56600264601285
    1     -1     68813.0000000000       0.03133976614097      -0.19661847076174       0.56600264601285
    1     -1     68813.0000000000       0.00000000000000       0.00000000000000       0.00000000000000
    1     -1     68813.0000000000       0.00000000000000       0.00000000000000       0.00000000000000
    1     -1     68813.0000000000       0.03417080151204      -0.19612201517990       0.56601105180535
    1     -1     68814.0000000000       0.03417080151204      -0.19612201517990       0.56601105180535
    1     -1     68815.0000000000       0.03417080151204      -0.19612201517990       0.56601105180535
    1     -1     68815.0000000000       0.00000000000000       0.00000000000000       0.00000000000000
    1     -1     68815.0000000000       0.00000000000000       0.00000000000000       0.00000000000000
    1     -1     68815.0000000000       0.03695060676172      -0.19565778712717       0.56599706914121
    1     -1     68816.0000000000       0.03695060676172      -0.19565778712717       0.56599706914121
    1     -1     68817.0000000000       0.03695060676172      -0.19565778712717       0.56599706914121
    1     -1     68817.0000000000       0.00000000000000       0.00000000000000       0.00000000000000
    1     -1     68817.0000000000       0.00000000000000       0.00000000000000       0.00000000000000
    1     -1     68817.0000000000       0.03968138694241      -0.19522539627090       0.56596151058283
    1     -1     68818.0000000000       0.03968138694241      -0.19522539627090       0.56596151058283
    1     -1     68819.0000000000       0.03968138694241      -0.19522539627090       0.56596151058283
    1     -1     68819.0000000000       0.00000000000000       0.00000000000000       0.00000000000000
    1     -1     68819.0000000000       0.00000000000000       0.00000000000000       0.00000000000000
    1     -1     68819.0000000000       0.04236501248497      -0.19482346848501       0.56590548780218
    1     -1     68820.0000000000       0.04236501248497      -0.19482346848501       0.56590548780218
    1     -1     68821.0000000000       0.04236501248497      -0.19482346848501       0.56590548780218
    1     -1     68821.0000000000       0.00000000000000       0.00000000000000       0.00000000000000
    1     -1     68821.0000000000       0.00000000000000       0.00000000000000       0.00000000000000
    1     -1     68821.0000000000       0.04500274200760      -0.19445191215370       0.56582966195806
    1     -1     68822.0000000000       0.04500274200760      -0.19445191215370       0.56582966195806
    1     -1     68823.0000000000       0.04500274200760      -0.19445191215370       0.56582966195806
    1     -1     68823.0000000000       0.00000000000000       0.00000000000000       0.00000000000000
    1     -1     68823.0000000000       0.00000000000000       0.00000000000000       0.00000000000000
    1     -1     68823.0000000000       0.04759643134149      -0.19411010772350       0.56573478334210
    1     -1     68824.0000000000       0.04759643134149      -0.19411010772350       0.56573478334210
    1     -1     68825.0000000000       0.04759643134149      -0.19411010772350       0.56573478334210
    1     -1     68825.0000000000       0.00000000000000       0.00000000000000       0.00000000000000
    1     -1     68825.0000000000       0.00000000000000       0.00000000000000       0.00000000000000
    1     -1     68825.0000000000       0.05014762617307      -0.19379762432424       0.56562151274106
    1     -1     68826.0000000000       0.05014762617307      -0.19379762432424       0.56562151274106
    1     -1     68827.0000000000       0.05014762617307      -0.19379762432424       0.56562151274106
    1     -1     68827.0000000000       0.00000000000000       0.00000000000000       0.00000000000000
    1     -1     68827.0000000000       0.00000000000000       0.00000000000000       0.00000000000000
    1     -1     68827.0000000000       0.05203347973553      -0.19358125667447       0.56552525437061
    1     -1     68828.0000000000       0.05203347973553      -0.19358125667447       0.56552525437061
    1     -1     68828.0000000000       0.00000000000000       0.00000000000000       0.00000000000000
    1  25792     68828.0000000000      101948433.193912104     -384498702.086832821      -27234528.998118252       16.8846459463947        3.4636957521897       -0.2213253238950        1169.7711752246
    1  25792     68828.0000000000      101948433.193912104     -384498702.086832821      -27234528.998118252       16.8846459463947        3.4636957521897       -0.2213253238950        1255.6027974012
    1     -1     68828.0000000000       0.00000000000000       0.00000000000000       0.00000000000000
    1     -1     68828.0000000000      -0.32423928963366       0.30685047008071       0.40088860216911
    1     -1     68829.0000000000      -0.32423928963366       0.30685047008071       0.40088860216911
    1     -1     68830.0000000000      -0.32423928963366       0.30685047008071       0.40088860216911
    1     -1     68830.0000000000       0.00000000000000       0.00000000000000       0.00000000000000
    1     -1     68830.0000000000       0.00000000000000       0.00000000000000       0.00000000000000
    1     -1     68830.0000000000      -0.32490221068720       0.30787350155407       0.39956533860110
    1     -1     68831.0000000000      -0.32490221068720       0.30787350155407       0.39956533860110
    1     -1     68832.0000000000      -0.32490221068720       0.30787350155407       0.39956533860110
    1     -1     68832.0000000000       0.00000000000000       0.00000000000000       0.00000000000000
    1     -1     68832.0000000000       0.00000000000000       0.00000000000000       0.00000000000000
    1     -1     68832.0000000000      -0.32557298907648       0.30897050508597       0.39817013329823
    1     -1     68833.0000000000      -0.32557298907648       0.30897050508597       0.39817013329823
    1     -1     68834.0000000000      -0.32557298907648       0.30897050508597       0.39817013329823
    1     -1     68834.0000000000       0.00000000000000       0.00000000000000       0.00000000000000
    1     -1     68834.0000000000       0.00000000000000       0.00000000000000       0.00000000000000
    1     -1     68834.0000000000      -0.32625197517374       0.31014347692875       0.39669972484712
    1     -1     68835.0000000000      -0.32625197517374       0.31014347692875       0.39669972484712
    1     -1     68836.0000000000      -0.32625197517374       0.31014347692875       0.39669972484712
    1     -1     68836.0000000000       0.00000000000000       0.00000000000000       0.00000000000000
    1     -1     68836.0000000000       0.00000000000000       0.00000000000000       0.00000000000000
    1     -1     68836.0000000000      -0.32693949705965       0.31139448165995       0.39515065650219
    1     -1     68837.0000000000      -0.32693949705965       0.31139448165995       0.39515065650219
    1     -1     68838.0000000000      -0.32693949705965       0.31139448165995       0.39515065650219
    1     -1     68838.0000000000       0.00000000000000       0.00000000000000       0.00000000000000
    1     -1     68838.0000000000       0.00000000000000       0.00000000000000       0.00000000000000
    1     -1     68838.0000000000      -0.32763585604975       0.31272565143567       0.39351926515062
    1     -1     68839.0000000000      -0.32763585604975       0.31272565143567       0.39351926515062
    1     -1     68840.0000000000      -0.32763585604975       0.31272565143567       0.39351926515062
    1     -1     68840.0000000000       0.00000000000000       0.00000000000000       0.00000000000000
    1     -1     68840.0000000000       0.00000000000000       0.00000000000000       0.00000000000000
    1     -1     68840.0000000000      -0.32834132211924       0.31413918494450       0.39180166915341
    1     -1     68841.0000000000      -0.32834132211924       0.31413918494450       0.39180166915341
    1     -1     68842.0000000000      -0.32834132211924       0.31413918494450       0.39180166915341
    1     -1     68842.0000000000       0.00000000000000       0.00000000000000       0.00000000000000
    1     -1     68842.0000000000       0.00000000000000       0.00000000000000       0.00000000000000
    1     -1     68842.0000000000      -0.32905613007275       0.31563735114206       0.38999375008527
    1     -1     68843.0000000000      -0.32905613007275       0.31563735114206       0.38999375008527
    1     -1     68844.0000000000      -0.32905613007275       0.31563735114206       0.38999375008527
    1     -1     68844.0000000000       0.00000000000000       0.00000000000000       0.00000000000000
    1     -1     68844.0000000000       0.00000000000000       0.00000000000000       0.00000000000000
    1     -1     68844.0000000000      -0.32978047382161       0.31722248204130       0.38809114297231
    1     -1     68845.0000000000      -0.32978047382161       0.31722248204130       0.38809114297231
    1     -1     68846.0000000000      -0.32978047382161       0.31722248204130       0.38809114297231
    1     -1     68846.0000000000       0.00000000000000       0.00000000000000       0.00000000000000
    1     -1     68846.0000000000       0.00000000000000       0.00000000000000       0.00000000000000
    1     -1     68846.0000000000      -0.33051450819172       0.31889698403525       0.38608920307101
    1     -1     68847.0000000000      -0.33051450819172       0.31889698403525       0.38608920307101
    1     -1     68848.0000000000      -0.33051450819172       0.31889698403525       0.38608920307101
    1     -1     68848.0000000000       0.00000000000000       0.00000000000000       0.00000000000000
    1     -1     68848.0000000000       0.00000000000000       0.00000000000000       0.00000000000000
    1     -1     68848.0000000000      -0.33125836145386       0.32066345531336       0.38398287158856
    1     -1     68849.0000000000      -0.33125836145386       0.32066345531336       0.38398287158856
    1     -1     68850.0000000000      -0.33125836145386       0.32066345531336       0.38398287158856
    1     -1     68850.0000000000       0.00000000000000       0.00000000000000       0.00000000000000
    1     -1     68850.0000000000       0.00000000000000       0.00000000000000       0.00000000000000
    1     -1     68850.0000000000      -0.33201209114916       0.32252450892286       0.38176682903943
    1     -1     68851.0000000000      -0.33201209114916       0.32252450892286       0.38176682903943
    1     -1     68852.0000000000      -0.33201209114916       0.32252450892286       0.38176682903943
    1     -1     68852.0000000000       0.00000000000000       0.00000000000000       0.00000000000000
    1     -1     68852.0000000000       0.00000000000000       0.00000000000000       0.00000000000000
    1     -1     68852.0000000000      -0.33277559805234       0.32448251620297       0.37943576175619
    1     -1     68853.0000000000      -0.33277559805234       0.32448251620297       0.37943576175619
    1     -1     68854.0000000000      -0.33277559805234       0.32448251620297       0.37943576175619
    1     -1     68854.0000000000       0.00000000000000       0.00000000000000       0.00000000000000
    1     -1     68854.0000000000       0.00000000000000       0.00000000000000       0.00000000000000
    1     -1     68854.0000000000      -0.30604851129419       0.29961777861076       0.34590227892642
    1     -1     68855.0000000000      -0.30604851129419       0.29961777861076       0.34590227892642
    1     -1     68856.0000000000      -0.30604851129419       0.29961777861076       0.34590227892642
    1     -1     68856.0000000000       0.00000000000000       0.00000000000000       0.00000000000000
    1     -1     69074.0000000000       0.00000000000000       0.00000000000000       0.00000000000000
    1     -1     69074.0000000000       0.00278569420249       0.00647274415917      -0.02315477765821
    1     -1     69075.0000000000       0.00278569420249       0.00647274415917      -0.02315477765821
    1     -1     69076.0000000000       0.00278569420249       0.00647274415917      -0.02315477765821
    1     -1     69076.0000000000       0.00000000000000       0.00000000000000       0.00000000000000
    1     -1     69076.0000000000       0.00000000000000       0.00000000000000       0.00000000000000
    1     -1     69076.0000000000       0.07097839597377       0.15740929122130      -0.57461672584619
    1     -1     69077.0000000000       0.07097839597377       0.15740929122130      -0.57461672584619
    1     -1     69078.0000000000       0.07097839597377       0.15740929122130      -0.57461672584619
    1     -1     69078.0000000000       0.00000000000000       0.00000000000000       0.00000000000000
    1     -1     69078.0000000000       0.00000000000000       0.00000000000000       0.00000000000000
    1     -1     69078.0000000000       0.07285514808172       0.15442414693531      -0.57519154159401
    1     -1     69079.0000000000       0.07285514808172       0.15442414693531      -0.57519154159401
    1     -1     69080.0000000000       0.07285514808172       0.15442414693531      -0.57519154159401
    1     -1     69080.0000000000       0.00000000000000       0.00000000000000       0.00000000000000
    1     -1     69080.0000000000       0.00000000000000       0.00000000000000       0.00000000000000
    1     -1     69080.0000000000       0.07469055469571       0.15150080365532      -0.57573329486060
    1     -1     69081.0000000000       0.07469055469571       0.15150080365532      -0.57573329486060
    1     -1     69082.0000000000       0.07469055469571       0.15150080365532      -0.57573329486060
    1     -1     69082.0000000000       0.00000000000000       0.00000000000000       0.00000000000000
    1     -1     69082.0000000000       0.00000000000000       0.00000000000000       0.00000000000000
    1     -1     69082.0000000000       0.07648719663137       0.14863666000048      -0.57624374299022
    1     -1     69083.0000000000       0.07648719663137       0.14863666000048      -0.57624374299022
    1     -1     69084.0000000000       0.07648719663137       0.14863666000048      -0.57624374299022
    1     -1     69084.0000000000       0.00000000000000       0.00000000000000       0.00000000000000
    1     -1     69084.0000000000       0.00000000000000       0.00000000000000       0.00000000000000
    1     -1     69084.0000000000       0.07824731011718       0.14582963469538      -0.57672443626401
    1     -1     69085.0000000000       0.07824731011718       0.14582963469538      -0.57672443626401
    1     -1     69086.0000000000       0.07824731011718       0.14582963469538      -0.57672443626401
    1     -1     69086.0000000000       0.00000000000000       0.00000000000000       0.00000000000000
    1     -1     69086.0000000000       0.00000000000000       0.00000000000000       0.00000000000000
    1     -1     69086.0000000000       0.07997317476818       0.14307749827207      -0.57717685338699
    1     -1     69087.0000000000       0.07997317476818       0.14307749827207      -0.57717685338699
    1     -1     69088.0000000000       0.07997317476818       0.14307749827207      -0.57717685338699
    1     -1     69088.0000000000       0.00000000000000       0.00000000000000       0.00000000000000
    1     -1     69088.0000000000       0.00000000000000       0.00000000000000       0.00000000000000
    1     -1     69088.0000000000       0.08166696315455       0.14037814828425      -0.57760235620485
    1     -1     69089.0000000000       0.08166696315455       0.14037814828425      -0.57760235620485
    1     -1     69090.0000000000       0.08166696315455       0.14037814828425      -0.57760235620485
    1     -1     69090.0000000000       0.00000000000000       0.00000000000000       0.00000000000000
    1     -1     69090.0000000000       0.00000000000000       0.00000000000000       0.00000000000000
    1     -1     69090.0000000000       0.08333076475044       0.13772957440818      -0.57800220350743
    1     -1     69091.0000000000       0.08333076475044       0.13772957440818      -0.57800220350743
    1     -1     69092.0000000000       0.08333076475044       0.13772957440818      -0.57800220350743
    1     -1     69092.0000000000       0.00000000000000       0.00000000000000       0.00000000000000
    1     -1     69092.0000000000       0.00000000000000       0.00000000000000       0.00000000000000
    1     -1     69092.0000000000       0.08496659158759       0.13512985268463      -0.57837755878614
    1     -1     69093.0000000000       0.08496659158759       0.13512985268463      -0.57837755878614
    1     -1     69094.0000000000       0.08496659158759       0.13512985268463      -0.57837755878614
    1     -1     69094.0000000000       0.00000000000000       0.00000000000000       0.00000000000000
    1     -1     69094.0000000000       0.00000000000000       0.00000000000000       0.00000000000000
    1     -1     69094.0000000000       0.08657638066037       0.13257714447494      -0.57872949670344
    1     -1     69095.0000000000       0.08657638066037       0.13257714447494      -0.57872949670344
    1     -1     69096.0000000000       0.08657638066037       0.13257714447494      -0.57872949670344
    1     -1     69096.0000000000       0.00000000000000       0.00000000000000       0.00000000000000
    1     -1     69096.0000000000       0.00000000000000       0.00000000000000       0.00000000000000
    1     -1     69096.0000000000       0.08816199842445       0.13006969232257      -0.57905900947392
    1     -1     69097.0000000000       0.08816199842445       0.13006969232257      -0.57905900947392
    1     -1     69098.0000000000       0.08816199842445       0.13006969232257      -0.57905900947392
    1     -1     69098.0000000000       0.00000000000000       0.00000000000000       0.00000000000000
    1     -1     69098.0000000000       0.00000000000000       0.00000000000000       0.00000000000000
    1     -1     69098.0000000000       0.08972524482460       0.12760581658112      -0.57936701260585
    1     -1     69099.0000000000       0.08972524482460       0.12760581658112      -0.57936701260585
    1     -1     69100.0000000000       0.08972524482460       0.12760581658112      -0.57936701260585
    1     -1     69100.0000000000       0.00000000000000       0.00000000000000       0.00000000000000
    1     -1     69100.0000000000       0.00000000000000       0.00000000000000       0.00000000000000
    1     -1     69100.0000000000       0.09126785606186       0.12518391354711      -0.57965435003880
    1     -1     69101.0000000000       0.09126785606186       0.12518391354711      -0.57965435003880
    1     -1     69102.0000000000       0.09126785606186       0.12518391354711      -0.57965435003880
    1     -1     69102.0000000000       0.00000000000000       0.00000000000000       0.00000000000000
    1     -1     69102.0000000000       0.00000000000000       0.00000000000000       0.00000000000000
    1     -1     69102.0000000000       0.09279150422814       0.12280245681191      -0.57992179871431
    1     -1     69103.0000000000       0.09279150422814       0.12280245681191      -0.57992179871431
    1     -1     69104.0000000000       0.09279150422814       0.12280245681191      -0.57992179871431
    1     -1     69104.0000000000       0.00000000000000       0.00000000000000       0.00000000000000
    1     -1     69104.0000000000       0.00000000000000       0.00000000000000       0.00000000000000
    1     -1     69104.0000000000       0.09429778967740       0.12046000353280      -0.58017007307412
    1     -1     69105.0000000000       0.09429778967740       0.12046000353280      -0.58017007307412
    1     -1     69106.0000000000       0.09429778967740       0.12046000353280      -0.58017007307412
    1     -1     69106.0000000000       0.00000000000000       0.00000000000000       0.00000000000000
    1     -1     69106.0000000000       0.00000000000000       0.00000000000000       0.00000000000000
    1     -1     69106.0000000000       0.09578838004492       0.11815503333250      -0.58039983944395
    1     -1     69107.0000000000       0.09578838004492       0.11815503333250      -0.58039983944395
    1     -1     69108.0000000000       0.09578838004492       0.11815503333250      -0.58039983944395
    1     -1     69108.0000000000       0.00000000000000       0.00000000000000       0.00000000000000
    1     -1     69108.0000000000       0.00000000000000       0.00000000000000       0.00000000000000
    1     -1     69108.0000000000       0.09726476967519       0.11588627247152      -0.58061169098864
    1     -1     69109.0000000000       0.09726476967519       0.11588627247152      -0.58061169098864
    1     -1     69110.0000000000       0.09726476967519       0.11588627247152      -0.58061169098864
    1     -1     69110.0000000000       0.00000000000000       0.00000000000000       0.00000000000000
    1     -1     69110.0000000000       0.00000000000000       0.00000000000000       0.00000000000000
    1     -1     69110.0000000000       0.09872847890057       0.11365239711410      -0.58080618054924
    1     -1     69111.0000000000       0.09872847890057       0.11365239711410      -0.58080618054924
    1     -1     69112.0000000000       0.09872847890057       0.11365239711410      -0.58080618054924
    1     -1     69112.0000000000       0.00000000000000       0.00000000000000       0.00000000000000
    1     -1     69112.0000000000       0.00000000000000       0.00000000000000       0.00000000000000
    1     -1     69112.0000000000       0.09981799446194       0.11199960715333      -0.58094100841574
    1     -1     69113.0000000000       0.09981799446194       0.11199960715333      -0.58094100841574
    1     -1     69113.0000000000       0.00000000000000       0.00000000000000       0.00000000000000
    1  57530     69113.0000000000      358979248.872998357      -80538566.073585615       -3760053.007932161        1.6945830595723       18.6455516986655       -0.1217978236840        1169.8132014259
    1  57530     69113.0000000000      358979248.872998357      -80538566.073585615       -3760053.007932161        1.6945830595723       18.6455516986655       -0.1217978236840        1287.6776778120
    1     -1     69113.0000000000       0.00000000000000       0.00000000000000       0.00000000000000
    1     -1     69113.0000000000      -0.06854669746657      -0.58704728092896       0.10332879318149
    1     -1     69114.0000000000      -0.06854669746657      -0.58704728092896       0.10332879318149
    1     -1     69115.0000000000      -0.06854669746657      -0.58704728092896       0.10332879318149
    1     -1     69115.0000000000       0.00000000000000       0.00000000000000       0.00000000000000
    1     -1     69115.0000000000       0.00000000000000       0.00000000000000       0.00000000000000
    1     -1     69115.0000000000      -0.06539084618576      -0.58822902772906       0.09854261744053
    1     -1     69116.0000000000      -0.06539084618576      -0.58822902772906       0.09854261744053
    1     -1     69117.0000000000      -0.06539084618576      -0.58822902772906       0.09854261744053
    1     -1     69117.0000000000       0.00000000000000       0.00000000000000       0.00000000000000
    1     -1     69117.0000000000       0.00000000000000       0.00000000000000       0.00000000000000
    1     -1     69117.0000000000      -0.06221048063667      -0.58935796601411       0.09373923017963
    1     -1     69118.0000000000      -0.06221048063667      -0.58935796601411       0.09373923017963
    1     -1     69119.0000000000      -0.06221048063667      -0.58935796601411       0.09373923017963
    1     -1     69119.0000000000       0.00000000000000       0.00000000000000       0.00000000000000
    1     -1     69119.0000000000       0.00000000000000       0.00000000000000       0.00000000000000
    1     -1     69119.0000000000      -0.05900629551378      -0.59043342716969       0.08891920180927
    1     -1     69120.0000000000      -0.05900629551378      -0.59043342716969       0.08891920180927
    1     -1     69121.0000000000      -0.05900629551378      -0.59043342716969       0.08891920180927
    1     -1     69121.0000000000       0.00000000000000       0.00000000000000       0.00000000000000
    1     -1     69121.0000000000       0.00000000000000       0.00000000000000       0.00000000000000
    1     -1     69121.0000000000      -0.05577899708865      -0.59145475993681       0.08408311193024
    1     -1     69122.0000000000      -0.05577899708865      -0.59145475993681       0.08408311193024
    1     -1     69123.0000000000      -0.05577899708865      -0.59145475993681       0.08408311193024
    1     -1     69123.0000000000       0.00000000000000       0.00000000000000       0.00000000000000
    1     -1     69123.0000000000       0.00000000000000       0.00000000000000       0.00000000000000
    1     -1     69123.0000000000      -0.05252930211025      -0.59242133077713       0.07923155015564
    1     -1     69124.0000000000      -0.05252930211025      -0.59242133077713       0.07923155015564
    1     -1     69125.0000000000      -0.05252930211025      -0.59242133077713       0.07923155015564
    1     -1     69125.0000000000       0.00000000000000       0.00000000000000       0.00000000000000
    1     -1     69125.0000000000       0.00000000000000       0.00000000000000       0.00000000000000
    1     -1     69125.0000000000      -0.04925793777553      -0.59333252429655       0.07436511586751
    1     -1     69126.0000000000      -0.04925793777553      -0.59333252429655       0.07436511586751
    1     -1     69127.0000000000      -0.04925793777553      -0.59333252429655       0.07436511586751
    1     -1     69127.0000000000       0.00000000000000       0.00000000000000       0.00000000000000
    1     -1     69127.0000000000       0.00000000000000       0.00000000000000       0.00000000000000
    1     -1     69127.0000000000      -0.04596564139420      -0.59418774369991       0.06948441787937
    1     -1     69128.0000000000      -0.04596564139420      -0.59418774369991       0.06948441787937
    1     -1     69129.0000000000      -0.04596564139420      -0.59418774369991       0.06948441787937
    1     -1     69129.0000000000       0.00000000000000       0.00000000000000       0.00000000000000
    1     -1     69129.0000000000       0.00000000000000       0.00000000000000       0.00000000000000
    1     -1     69129.0000000000      -0.04265315954760      -0.59498641126707       0.06459007406824
    1     -1     69130.0000000000      -0.04265315954760      -0.59498641126707       0.06459007406824
    1     -1     69131.0000000000      -0.04265315954760      -0.59498641126707       0.06459007406824
    1     -1     69131.0000000000       0.00000000000000       0.00000000000000       0.00000000000000
    1     -1     69131.0000000000       0.00000000000000       0.00000000000000       0.00000000000000
    1     -1     69131.0000000000      -0.03932124797025      -0.59572796873806       0.05968271107523
    1     -1     69132.0000000000      -0.03932124797025      -0.59572796873806       0.05968271107523
    1     -1     69133.0000000000      -0.03932124797025      -0.59572796873806       0.05968271107523
    1     -1     69133.0000000000       0.00000000000000       0.00000000000000       0.00000000000000
    1     -1     69133.0000000000       0.00000000000000       0.00000000000000       0.00000000000000
    1     -1     69133.0000000000      -0.03597067103060      -0.59641187771892       0.05476296395737
    1     -1     69134.0000000000      -0.03597067103060      -0.59641187771892       0.05476296395737
    1     -1     69135.0000000000      -0.03597067103060      -0.59641187771892       0.05476296395737
    1     -1     69135.0000000000       0.00000000000000       0.00000000000000       0.00000000000000
    1     -1     69135.0000000000       0.00000000000000       0.00000000000000       0.00000000000000
    1     -1     69135.0000000000      -0.03260220115493      -0.59703762006811       0.04983147582866
    1     -1     69136.0000000000      -0.03260220115493      -0.59703762006811       0.04983147582866
    1     -1     69137.0000000000      -0.03260220115493      -0.59703762006811       0.04983147582866
    1     -1     69137.0000000000       0.00000000000000       0.00000000000000       0.00000000000000
    1     -1     69137.0000000000       0.00000000000000       0.00000000000000       0.00000000000000
    1     -1     69137.0000000000      -0.02921661854366      -0.59760469824219       0.04488889751077
    1     -1     69138.0000000000      -0.02921661854366      -0.59760469824219       0.04488889751077
    1     -1     69139.0000000000      -0.02921661854366      -0.59760469824219       0.04488889751077
    1     -1     69139.0000000000       0.00000000000000       0.00000000000000       0.00000000000000
    1     -1     69139.0000000000       0.00000000000000       0.00000000000000       0.00000000000000
    1     -1     69139.0000000000      -0.02581471065072      -0.59811263563924       0.03993588715308
    1     -1     69140.0000000000      -0.02581471065072      -0.59811263563924       0.03993588715308
    1     -1     69141.0000000000      -0.02581471065072      -0.59811263563924       0.03993588715308
    1     -1     69141.0000000000       0.00000000000000       0.00000000000000       0.00000000000000
    1     -1     69141.0000000000       0.00000000000000       0.00000000000000       0.00000000000000
    1     -1     69141.0000000000      -0.02239727156663      -0.59856097692225       0.03497310984535
    1     -1     69142.0000000000      -0.02239727156663      -0.59856097692225       0.03497310984535
    1     -1     69143.0000000000      -0.02239727156663      -0.59856097692225       0.03497310984535
    1     -1     69143.0000000000       0.00000000000000       0.00000000000000       0.00000000000000
    1     -1     69143.0000000000       0.00000000000000       0.00000000000000       0.00000000000000
    1     -1     69143.0000000000      -0.01896510166140      -0.59894928830713       0.03000123723036
    1     -1     69144.0000000000      -0.01896510166140      -0.59894928830713       0.03000123723036
    1     -1     69145.0000000000      -0.01896510166140      -0.59894928830713       0.03000123723036
    1     -1     69145.0000000000       0.00000000000000       0.00000000000000       0.00000000000000
    1     -1     69145.0000000000       0.00000000000000       0.00000000000000       0.00000000000000
    1     -1     69145.0000000000      -0.01551900690984      -0.59927715784188       0.02502094709415
    1     -1     69146.0000000000      -0.01551900690984      -0.59927715784188       0.02502094709415
    1     -1     69147.0000000000      -0.01551900690984      -0.59927715784188       0.02502094709415
    1     -1     69147.0000000000       0.00000000000000       0.00000000000000       0.00000000000000
    1     -1     69147.0000000000       0.00000000000000       0.00000000000000       0.00000000000000
    1     -1     69147.0000000000      -0.01205979858695      -0.59954419564857       0.02003292295568
    1     -1     69148.0000000000      -0.01205979858695      -0.59954419564857       0.02003292295568
    1     -1     69149.0000000000      -0.01205979858695      -0.59954419564857       0.02003292295568
    1     -1     69149.0000000000       0.00000000000000       0.00000000000000       0.00000000000000
    1     -1     69149.0000000000       0.00000000000000       0.00000000000000       0.00000000000000
    1     -1     69149.0000000000      -0.00858829248889      -0.59975003415601       0.01503785363627
    1     -1     69150.0000000000      -0.00858829248889      -0.59975003415601       0.01503785363627
    1     -1     69151.0000000000      -0.00858829248889      -0.59975003415601       0.01503785363627
    1     -1     69151.0000000000       0.00000000000000       0.00000000000000       0.00000000000000
    1     -1     69151.0000000000       0.00000000000000       0.00000000000000       0.00000000000000
    1     -1     69151.0000000000      -0.00510530862863      -0.59989432829454       0.01003643282502
    1     -1     69152.0000000000      -0.00510530862863      -0.59989432829454       0.01003643282502
    1     -1     69153.0000000000      -0.00510530862863      -0.59989432829454       0.01003643282502
    1     -1     69153.0000000000       0.00000000000000       0.00000000000000       0.00000000000000
    1     -1     69153.0000000000       0.00000000000000       0.00000000000000       0.00000000000000
    1     -1     69153.0000000000      -0.00161167052657      -0.59997675567464       0.00502935863130
    1     -1     69154.0000000000      -0.00161167052657      -0.59997675567464       0.00502935863130
    1     -1     69155.0000000000      -0.00161167052657      -0.59997675567464       0.00502935863130
    1     -1     69155.0000000000       0.00000000000000       0.00000000000000       0.00000000000000
    1     -1     69155.0000000000       0.00000000000000       0.00000000000000       0.00000000000000
    1     -1     69155.0000000000       0.00189179527662      -0.59999701673441       0.00001733312997
    1     -1     69156.0000000000       0.00189179527662      -0.59999701673441       0.00001733312997
    1     -1     69157.0000000000       0.00189179527662      -0.59999701673441       0.00001733312997
    1     -1     69157.0000000000       0.00000000000000       0.00000000000000       0.00000000000000
    1     -1     69157.0000000000       0.00000000000000       0.00000000000000       0.00000000000000
    1     -1     69157.0000000000       0.00540425967094      -0.59995483486277      -0.00499893810644
    1     -1     69158.0000000000       0.00540425967094      -0.59995483486277      -0.00499893810644
    1     -1     69159.0000000000       0.00540425967094      -0.59995483486277      -0.00499893810644
    1     -1     69159.0000000000       0.00000000000000       0.00000000000000       0.00000000000000
    1     -1     69159.0000000000       0.00000000000000       0.00000000000000       0.00000000000000
    1     -1     69159.0000000000       0.00892489164214      -0.59984995649595      -0.01001874647777
    1     -1     69160.0000000000       0.00892489164214      -0.59984995649595      -0.01001874647777
    1     -1     69161.0000000000       0.00892489164214      -0.59984995649595      -0.01001874647777
    1     -1     69161.0000000000       0.00000000000000       0.00000000000000       0.00000000000000
    1     -1     69161.0000000000       0.00000000000000       0.00000000000000       0.00000000000000
    1     -1     69161.0000000000       0.01245285881274      -0.59968215118505      -0.01504138083612
    1     -1     69162.0000000000       0.01245285881274      -0.59968215118505      -0.01504138083612
    1     -1     69163.0000000000       0.01245285881274      -0.59968215118505      -0.01504138083612
    1     -1     69163.0000000000       0.00000000000000       0.00000000000000       0.00000000000000
    1     -1     69163.0000000000       0.00000000000000       0.00000000000000       0.00000000000000
    1     -1     69163.0000000000       0.01598732789453      -0.59945121163844      -0.02006612797731
    1     -1     69164.0000000000       0.01598732789453      -0.59945121163844      -0.02006612797731
    1     -1     69165.0000000000       0.01598732789453      -0.59945121163844      -0.02006612797731
    1     -1     69165.0000000000       0.00000000000000       0.00000000000000       0.00000000000000
    1     -1     69165.0000000000       0.00000000000000       0.00000000000000       0.00000000000000
    1     -1     69165.0000000000       0.01952746540499      -0.59915695373109      -0.02509227312411
    1     -1     69166.0000000000       0.01952746540499      -0.59915695373109      -0.02509227312411
    1     -1     69167.0000000000       0.01952746540499      -0.59915695373109      -0.02509227312411
    1     -1     69167.0000000000       0.00000000000000       0.00000000000000       0.00000000000000
    1     -1     69167.0000000000       0.00000000000000       0.00000000000000       0.00000000000000
    1     -1     69167.0000000000       0.02307243802668      -0.59879921649275      -0.03011910043760
    1     -1     69168.0000000000       0.02307243802668      -0.59879921649275      -0.03011910043760
    1     -1     69169.0000000000       0.02307243802668      -0.59879921649275      -0.03011910043760
    1     -1     69169.0000000000       0.00000000000000       0.00000000000000       0.00000000000000
    1     -1     69169.0000000000       0.00000000000000       0.00000000000000       0.00000000000000
    1     -1     69169.0000000000       0.02662141336415      -0.59837786205739      -0.03514589350297
    1     -1     69170.0000000000       0.02662141336415      -0.59837786205739      -0.03514589350297
    1     -1     69171.0000000000       0.02662141336415      -0.59837786205739      -0.03514589350297
    1     -1     69171.0000000000       0.00000000000000       0.00000000000000       0.00000000000000
    1     -1     69171.0000000000       0.00000000000000       0.00000000000000       0.00000000000000
    1     -1     69171.0000000000       0.03017356037848      -0.59789277559157      -0.04017193584443
    1     -1     69172.0000000000       0.03017356037848      -0.59789277559157      -0.04017193584443
    1     -1     69173.0000000000       0.03017356037848      -0.59789277559157      -0.04017193584443
    1     -1     69173.0000000000       0.00000000000000       0.00000000000000       0.00000000000000
    1     -1     69173.0000000000       0.00000000000000       0.00000000000000       0.00000000000000
    1     -1     69173.0000000000       0.03372804995924      -0.59734386519017      -0.04519651143185
    1     -1     69174.0000000000       0.03372804995924      -0.59734386519017      -0.04519651143185
    1     -1     69175.0000000000       0.03372804995924      -0.59734386519017      -0.04519651143185
    1     -1     69175.0000000000       0.00000000000000       0.00000000000000       0.00000000000000
    1     -1     69175.0000000000       0.00000000000000       0.00000000000000       0.00000000000000
    1     -1     69175.0000000000       0.03728405554282      -0.59673106173948      -0.05021890518070
    1     -1     69176.0000000000       0.03728405554282      -0.59673106173948      -0.05021890518070
    1     -1     69177.0000000000       0.03728405554282      -0.59673106173948      -0.05021890518070
    1     -1     69177.0000000000       0.00000000000000       0.00000000000000       0.00000000000000
    1     -1     69177.0000000000       0.00000000000000       0.00000000000000       0.00000000000000
    1     -1     69177.0000000000       0.04084075354581      -0.59605431875873      -0.05523840347867
    1     -1     69178.0000000000       0.04084075354581      -0.59605431875873      -0.05523840347867
    1     -1     69179.0000000000       0.04084075354581      -0.59605431875873      -0.05523840347867
    1     -1     69179.0000000000       0.00000000000000       0.00000000000000       0.00000000000000
    1     -1     69179.0000000000       0.00000000000000       0.00000000000000       0.00000000000000
    1     -1     69179.0000000000       0.04439732402528      -0.59531361220153      -0.06025429467646
    1     -1     69180.0000000000       0.04439732402528      -0.59531361220153      -0.06025429467646
    1     -1     69181.0000000000       0.04439732402528      -0.59531361220153      -0.06025429467646
    1     -1     69181.0000000000       0.00000000000000       0.00000000000000       0.00000000000000
    1     -1     69181.0000000000       0.00000000000000       0.00000000000000       0.00000000000000
    1     -1     69181.0000000000       0.04795295114892      -0.59450894023693      -0.06526586959870
    1     -1     69182.0000000000       0.04795295114892      -0.59450894023693      -0.06526586959870
    1     -1     69183.0000000000       0.04795295114892      -0.59450894023693      -0.06526586959870
    1     -1     69183.0000000000       0.00000000000000       0.00000000000000       0.00000000000000
    1     -1     69183.0000000000       0.00000000000000       0.00000000000000       0.00000000000000
    1     -1     69183.0000000000       0.05150682360197      -0.59364032300801      -0.07027242205435
    1     -1     69184.0000000000       0.05150682360197      -0.59364032300801      -0.07027242205435
    1     -1     69185.0000000000       0.05150682360197      -0.59364032300801      -0.07027242205435
    1     -1     69185.0000000000       0.00000000000000       0.00000000000000       0.00000000000000
    1     -1     69185.0000000000       0.00000000000000       0.00000000000000       0.00000000000000
    1     -1     69185.0000000000       0.05505813505935      -0.59270780236687      -0.07527324928033
    1     -1     69186.0000000000       0.05505813505935      -0.59270780236687      -0.07527324928033
    1     -1     69187.0000000000       0.05505813505935      -0.59270780236687      -0.07527324928033
    1     -1     69187.0000000000       0.00000000000000       0.00000000000000       0.00000000000000
    1     -1     69187.0000000000       0.00000000000000       0.00000000000000       0.00000000000000
    1     -1     69187.0000000000       0.05860608556575      -0.59171144154921      -0.08026765198020
    1     -1     69188.0000000000       0.05860608556575      -0.59171144154921      -0.08026765198020
    1     -1     69189.0000000000       0.05860608556575      -0.59171144154921      -0.08026765198020
    1     -1     69189.0000000000       0.00000000000000       0.00000000000000       0.00000000000000
    1     -1     69189.0000000000       0.00000000000000       0.00000000000000       0.00000000000000
    1     -1     69189.0000000000       0.06214988731919      -0.59065132453268      -0.08525493307723
    1     -1     69190.0000000000       0.06214988731919      -0.59065132453268      -0.08525493307723
    1     -1     69191.0000000000       0.06214988731919      -0.59065132453268      -0.08525493307723
    1     -1     69191.0000000000       0.00000000000000       0.00000000000000       0.00000000000000
    1     -1     69191.0000000000       0.00000000000000       0.00000000000000       0.00000000000000
    1     -1     69191.0000000000       0.06568874195972      -0.58952755609689      -0.09023441077815
    1     -1     69192.0000000000       0.06568874195972      -0.58952755609689      -0.09023441077815
    1     -1     69193.0000000000       0.06568874195972      -0.58952755609689      -0.09023441077815
    1     -1     69193.0000000000       0.00000000000000       0.00000000000000       0.00000000000000
    1     -1     69193.0000000000       0.00000000000000       0.00000000000000       0.00000000000000
    1     -1     69193.0000000000       0.06922192921274      -0.58834025820598      -0.09520536946510
    1     -1     69194.0000000000       0.06922192921274      -0.58834025820598      -0.09520536946510
    1     -1     69195.0000000000       0.06922192921274      -0.58834025820598      -0.09520536946510
    1     -1     69195.0000000000       0.00000000000000       0.00000000000000       0.00000000000000
    1     -1     69195.0000000000       0.00000000000000       0.00000000000000       0.00000000000000
    1     -1     69195.0000000000       0.01869372647317      -0.15086135552913      -0.02573924594123
    1     -1     69196.0000000000       0.01869372647317      -0.15086135552913      -0.02573924594123
    1     -1     69197.0000000000       0.01869372647317      -0.15086135552913      -0.02573924594123
    1     -1     69197.0000000000       0.00000000000000       0.00000000000000       0.00000000000000
    1     -1     69197.0000000000       0.00000000000000       0.00000000000000       0.00000000000000
    1     -1     69197.0000000000       0.00000000031005      -0.00000000237710      -0.00000000042588
    1     -1     69198.0000000000       0.00000000031005      -0.00000000237710      -0.00000000042588
    1     -1     69199.0000000000       0.00000000031005      -0.00000000237710      -0.00000000042588
    1     -1     69199.0000000000       0.00000000000000       0.00000000000000       0.00000000000000
    1     -1     69199.0000000000       0.00000000000000       0.00000000000000       0.00000000000000
    1     -1     69199.0000000000       0.00000000016678      -0.00000000121978      -0.00000000022930
    1     -1     69200.0000000000       0.00000000016678      -0.00000000121978      -0.00000000022930
    1     -1     69201.0000000000       0.00000000016678      -0.00000000121978      -0.00000000022930
    1     -1     69201.0000000000       0.00000000000000       0.00000000000000       0.00000000000000
    1     -1     69229.0000000000       0.00000000000000       0.00000000000000       0.00000000000000
    1     -1     69229.0000000000       0.00000000027022      -0.00000000114713      -0.00000000037606
    1     -1     69230.0000000000       0.00000000027022      -0.00000000114713      -0.00000000037606
    1     -1     69231.0000000000       0.00000000027022      -0.00000000114713      -0.00000000037606
    1     -1     69231.0000000000       0.00000000000000       0.00000000000000       0.00000000000000
    1     -1     69231.0000000000       0.00000000000000       0.00000000000000       0.00000000000000
    1     -1     69231.0000000000       0.00000000038283      -0.00000000157877      -0.00000000053315
    1     -1     69232.0000000000       0.00000000038283      -0.00000000157877      -0.00000000053315
    1     -1     69233.0000000000       0.00000000038283      -0.00000000157877      -0.00000000053315
    1     -1     69233.0000000000       0.00000000000000       0.00000000000000       0.00000000000000
    1     -1     69233.0000000000       0.00000000000000       0.00000000000000       0.00000000000000
    1     -1     69233.0000000000       0.00000000063103      -0.00000000252954      -0.00000000087942
    1     -1     69234.0000000000       0.00000000063103      -0.00000000252954      -0.00000000087942
    1     -1     69235.0000000000       0.00000000063103      -0.00000000252954      -0.00000000087942
    1     -1     69235.0000000000       0.00000000000000       0.00000000000000       0.00000000000000
    1     -1     69235.0000000000       0.00000000000000       0.00000000000000       0.00000000000000
    1     -1     69235.0000000000       0.00000000154665      -0.00000000603039      -0.00000000215710
    1     -1     69236.0000000000       0.00000000154665      -0.00000000603039      -0.00000000215710
    1     -1     69237.0000000000       0.00000000154665      -0.00000000603039      -0.00000000215710
    1     -1     69237.0000000000       0.00000000000000       0.00000000000000       0.00000000000000
    1     -1     69237.0000000000       0.00000000000000       0.00000000000000       0.00000000000000
    1     -1     69237.0000000000       0.00000122743793      -0.00000466008421      -0.00000171463027
    1     -1     69238.0000000000       0.00000122743793      -0.00000466008421      -0.00000171463027
    1     -1     69239.0000000000       0.00000122743793      -0.00000466008421      -0.00000171463027
    1     -1     69239.0000000000       0.00000000000000       0.00000000000000       0.00000000000000
    1     -1     69239.0000000000       0.00000000000000       0.00000000000000       0.00000000000000
    1     -1     69239.0000000000       0.14717657283813      -0.54406939094999      -0.20573660624480
    1     -1     69240.0000000000       0.14717657283813      -0.54406939094999      -0.20573660624480
    1     -1     69241.0000000000       0.14717657283813      -0.54406939094999      -0.20573660624480
    1     -1     69241.0000000000       0.00000000000000       0.00000000000000       0.00000000000000
    1     -1     69241.0000000000       0.00000000000000       0.00000000000000       0.00000000000000
    1     -1     69241.0000000000       0.15034935473347      -0.54144305000485      -0.21031997826627
    1     -1     69242.0000000000       0.15034935473347      -0.54144305000485      -0.21031997826627
    1     -1     69243.0000000000       0.15034935473347      -0.54144305000485      -0.21031997826627
    1     -1     69243.0000000000       0.00000000000000       0.00000000000000       0.00000000000000
    1     -1     69243.0000000000       0.00000000000000       0.00000000000000       0.00000000000000
    1     -1     69243.0000000000       0.15349830713084      -0.53876207691429      -0.21488064820244
    1     -1     69244.0000000000       0.15349830713084      -0.53876207691429      -0.21488064820244
    1     -1     69245.0000000000       0.15349830713084      -0.53876207691429      -0.21488064820244
    1     -1     69245.0000000000       0.00000000000000       0.00000000000000       0.00000000000000
    1     -1     69245.0000000000       0.00000000000000       0.00000000000000       0.00000000000000
    1     -1     69245.0000000000       0.15662274634155      -0.53602701441406      -0.21941821709992
    1     -1     69246.0000000000       0.15662274634155      -0.53602701441406      -0.21941821709992
    1     -1     69247.0000000000       0.15662274634155      -0.53602701441406      -0.21941821709992
    1     -1     69247.0000000000       0.00000000000000       0.00000000000000       0.00000000000000
    1     -1     69247.0000000000       0.00000000000000       0.00000000000000       0.00000000000000
    1     -1     69247.0000000000       0.15972203527240      -0.53323841309653      -0.22393227818080
    1     -1     69248.0000000000       0.15972203527240      -0.53323841309653      -0.22393227818080
    1     -1     69249.0000000000       0.15972203527240      -0.53323841309653      -0.22393227818080
    1     -1     69249.0000000000       0.00000000000000       0.00000000000000       0.00000000000000
    1     -1     69249.0000000000       0.00000000000000       0.00000000000000       0.00000000000000
    1     -1     69249.0000000000       0.16279557220677      -0.53039677438825      -0.22842255248571
    1     -1     69250.0000000000       0.16279557220677      -0.53039677438825      -0.22842255248571
    1     -1     69251.0000000000       0.16279557220677      -0.53039677438825      -0.22842255248571
    1     -1     69251.0000000000       0.00000000000000       0.00000000000000       0.00000000000000
    1     -1     69251.0000000000       0.00000000000000       0.00000000000000       0.00000000000000
    1     -1     69251.0000000000       0.16584262198355      -0.52750265415314      -0.23288875839424
    1     -1     69252.0000000000       0.16584262198355      -0.52750265415314      -0.23288875839424
    1     -1     69253.0000000000       0.16584262198355      -0.52750265415314      -0.23288875839424
    1     -1     69253.0000000000       0.00000000000000       0.00000000000000       0.00000000000000
    1     -1     69253.0000000000       0.00000000000000       0.00000000000000       0.00000000000000
    1     -1     69253.0000000000       0.16886285496308      -0.52455669082020      -0.23733017832505
    1     -1     69254.0000000000       0.16886285496308      -0.52455669082020      -0.23733017832505
    1     -1     69255.0000000000       0.16886285496308      -0.52455669082020      -0.23733017832505
    1     -1     69255.0000000000       0.00000000000000       0.00000000000000       0.00000000000000
    1     -1     69255.0000000000       0.00000000000000       0.00000000000000       0.00000000000000
    1     -1     69255.0000000000       0.17185553039359      -0.52155940318547      -0.24174669538677
    1     -1     69256.0000000000       0.17185553039359      -0.52155940318547      -0.24174669538677
    1     -1     69257.0000000000       0.17185553039359      -0.52155940318547      -0.24174669538677
    1     -1     69257.0000000000       0.00000000000000       0.00000000000000       0.00000000000000
    1     -1     69257.0000000000       0.00000000000000       0.00000000000000       0.00000000000000
    1     -1     69257.0000000000       0.17482010197441      -0.51851136065107      -0.24613796843865
    1     -1     69258.0000000000       0.17482010197441      -0.51851136065107      -0.24613796843865
    1     -1     69259.0000000000       0.17482010197441      -0.51851136065107      -0.24613796843865
    1     -1     69259.0000000000       0.00000000000000       0.00000000000000       0.00000000000000
    1     -1     69259.0000000000       0.00000000000000       0.00000000000000       0.00000000000000
    1     -1     69259.0000000000       0.17775607639906      -0.51541314125949      -0.25050362936677
    1     -1     69260.0000000000       0.17775607639906      -0.51541314125949      -0.25050362936677
    1     -1     69261.0000000000       0.17775607639906      -0.51541314125949      -0.25050362936677
    1     -1     69261.0000000000       0.00000000000000       0.00000000000000       0.00000000000000
    1     -1     69261.0000000000       0.00000000000000       0.00000000000000       0.00000000000000
    1     -1     69261.0000000000       0.13815844544620      -0.39174533584270      -0.19488652180974
    1     -1     69262.0000000000       0.13815844544620      -0.39174533584270      -0.19488652180974
    1     -1     69263.0000000000       0.13815844544620      -0.39174533584270      -0.19488652180974
    1     -1     69263.0000000000       0.00000000000000       0.00000000000000       0.00000000000000
    1     -1     69263.0000000000       0.00000000000000       0.00000000000000       0.00000000000000
    1     -1     69263.0000000000       0.00000000081256      -0.00000000225269      -0.00000000114638
    1     -1     69264.0000000000       0.00000000081256      -0.00000000225269      -0.00000000114638
    1     -1     69265.0000000000       0.00000000081256      -0.00000000225269      -0.00000000114638
    1     -1     69265.0000000000       0.00000000000000       0.00000000000000       0.00000000000000
    1     -1     69265.0000000000       0.00000000000000       0.00000000000000       0.00000000000000
    1     -1     69265.0000000000       0.00000000033564      -0.00000000091051      -0.00000000047396
    1     -1     69266.0000000000       0.00000000033564      -0.00000000091051      -0.00000000047396
    1     -1     69267.0000000000       0.00000000033564      -0.00000000091051      -0.00000000047396
    1     -1     69267.0000000000       0.00000000000000       0.00000000000000       0.00000000000000
    1     -3     69518.0000000000     -148861924.645560563        5050902.644611064          -4306.620475454       -2.7651266211453      -35.3660829614535        1.0233044196854        1147.5357765452
    1     -3     69518.0000000000     -148861924.645560563        5050902.644611064          -4306.620475454       -2.7651266211453      -35.3660829614535        1.0233044196854         599.2811564220