{
  "after_kg": 589.3223819301849,
  "archived_kg": 589.3223819301849,
  "asteroids_after": 9,
  "asteroids_before": 9,
  "baseline_error_kg": Infinity,
  "certifications": 0,
  "done": 1,
  "elapsed_seconds": 0.8,
  "gain_kg": 0.0,
  "group": "cluster_fleet_h100_v2/clusters/family_300002",
  "in_fleet": false,
  "inserted": null,
  "peak_rss_mb": 90.3515625,
  "slot": 3,
  "status": "no gain",
  "stopped": "",
  "total": 231,
  "wall_seconds": 0.6740044580001268
}
{
  "after_kg": 581.9301848049281,
  "archived_kg": 581.9301848049281,
  "asteroids_after": 9,
  "asteroids_before": 9,
  "baseline_error_kg": 0.0,
  "certifications": 0,
  "done": 2,
  "elapsed_seconds": 5.1,
  "gain_kg": 0.0,
  "group": "cluster_fleet_h100_v2/clusters/family_300004",
  "in_fleet": false,
  "inserted": null,
  "peak_rss_mb": 90.39453125,
  "slot": 2,
  "status": "no gain",
  "stopped": "",
  "total": 231,
  "wall_seconds": 4.983364142004575
}
{
  "after_kg": 581.5195071868583,
  "archived_kg": 581.5195071868583,
  "asteroids_after": 10,
  "asteroids_before": 10,
  "baseline_error_kg": 0.0,
  "certifications": 0,
  "done": 3,
  "elapsed_seconds": 7.0,
  "gain_kg": 0.0,
  "group": "cluster_fleet_h100_v2/clusters/family_300007",
  "in_fleet": false,
  "inserted": null,
  "peak_rss_mb": 90.65234375,
  "slot": 2,
  "status": "no gain",
  "stopped": "",
  "total": 231,
  "wall_seconds": 6.8898317359999055
}
{
  "after_kg": 587.4332648870636,
  "archived_kg": 586.4476386036961,
  "asteroids_after": 9,
  "asteroids_before": 9,
  "baseline_error_kg": 0.0,
  "certifications": 1,
  "done": 4,
  "elapsed_seconds": 36.2,
  "gain_kg": 0.9856262833675373,
  "group": "cluster_fleet_h100_v2/clusters/family_0005",
  "in_fleet": false,
  "inserted": null,
  "peak_rss_mb": 105.76953125,
  "slot": 2,
  "status": "improved",
  "stopped": "",
  "total": 231,
  "wall_seconds": 36.07086573099514
}
{
  "after_kg": 632.2518822724162,
  "archived_kg": 593.8398357289527,
  "asteroids_after": 8,
  "asteroids_before": 8,
  "baseline_error_kg": 0.0,
  "certifications": 6,
  "done": 5,
  "elapsed_seconds": 76.4,
  "gain_kg": 38.412046543463475,
  "group": "cluster_fleet_h100_v2/clusters/family_0005",
  "in_fleet": false,
  "inserted": null,
  "peak_rss_mb": 107.8125,
  "slot": 3,
  "status": "improved",
  "stopped": "",
  "total": 231,
  "wall_seconds": 76.26237597
}
{
  "after_kg": 604.517453798768,
  "archived_kg": 598.3572895277207,
  "asteroids_after": 10,
  "asteroids_before": 10,
  "baseline_error_kg": 0.0,
  "certifications": 2,
  "done": 6,
  "elapsed_seconds": 77.8,
  "gain_kg": 6.160164271047279,
  "group": "cluster_fleet_h100_v2/clusters/family_0054",
  "in_fleet": false,
  "inserted": null,
  "peak_rss_mb": 108.09375,
  "slot": 1,
  "status": "improved",
  "stopped": "",
  "total": 231,
  "wall_seconds": 77.62936312700185
}
{
  "after_kg": 595.8932238193019,
  "archived_kg": 579.8767967145791,
  "asteroids_after": 9,
  "asteroids_before": 9,
  "baseline_error_kg": 0.0,
  "certifications": 3,
  "done": 7,
  "elapsed_seconds": 80.9,
  "gain_kg": 16.016427104722766,
  "group": "cluster_fleet_h100_v2/clusters/family_200029",
  "in_fleet": false,
  "inserted": null,
  "peak_rss_mb": 112.98046875,
  "slot": 1,
  "status": "improved",
  "stopped": "",
  "total": 231,
  "wall_seconds": 75.7363218659957
}
{
  "after_kg": 597.1252566735113,
  "archived_kg": 590.965092402464,
  "asteroids_after": 9,
  "asteroids_before": 9,
  "baseline_error_kg": 0.0,
  "certifications": 2,
  "done": 8,
  "elapsed_seconds": 81.1,
  "gain_kg": 6.160164271047279,
  "group": "cluster_fleet_h100_v2/clusters/family_0024",
  "in_fleet": false,
  "inserted": null,
  "peak_rss_mb": 108.69921875,
  "slot": 2,
  "status": "improved",
  "stopped": "",
  "total": 231,
  "wall_seconds": 80.97344573999726
}
{
  "after_kg": 577.0020533880903,
  "archived_kg": 577.0020533880903,
  "asteroids_after": 8,
  "asteroids_before": 8,
  "baseline_error_kg": 0.0,
  "certifications": 0,
  "done": 9,
  "elapsed_seconds": 88.1,
  "gain_kg": 0.0,
  "group": "cluster_fleet_h100_v2/clusters/family_300063",
  "in_fleet": false,
  "inserted": null,
  "peak_rss_mb": 108.69921875,
  "slot": 1,
  "status": "no gain",
  "stopped": "",
  "total": 231,
  "wall_seconds": 6.931507481000153
}
{
  "after_kg": 598.3025325119781,
  "archived_kg": 588.911704312115,
  "asteroids_after": 9,
  "asteroids_before": 9,
  "baseline_error_kg": 0.0,
  "certifications": 3,
  "done": 10,
  "elapsed_seconds": 90.6,
  "gain_kg": 9.390828199863108,
  "group": "cluster_fleet_h100_v2/clusters/family_200011",
  "in_fleet": false,
  "inserted": null,
  "peak_rss_mb": 108.2109375,
  "slot": 1,
  "status": "improved",
  "stopped": "",
  "total": 231,
  "wall_seconds": 90.42018594399997
}
{
  "after_kg": 583.709787816564,
  "archived_kg": 579.4661190965093,
  "asteroids_after": 8,
  "asteroids_before": 8,
  "baseline_error_kg": 0.0,
  "certifications": 3,
  "done": 11,
  "elapsed_seconds": 90.7,
  "gain_kg": 4.243668720054757,
  "group": "cluster_fleet_h100_v2/clusters/family_300048",
  "in_fleet": false,
  "inserted": null,
  "peak_rss_mb": 110.44140625,
  "slot": 1,
  "status": "improved",
  "stopped": "",
  "total": 231,
  "wall_seconds": 83.64784045299893
}
{
  "after_kg": 608.6242299794661,
  "archived_kg": 595.0718685831622,
  "asteroids_after": 9,
  "asteroids_before": 9,
  "baseline_error_kg": 0.0,
  "certifications": 3,
  "done": 12,
  "elapsed_seconds": 95.4,
  "gain_kg": 13.552361396303922,
  "group": "cluster_fleet_h100_v2/clusters/family_0001",
  "in_fleet": false,
  "inserted": null,
  "peak_rss_mb": 106.73046875,
  "slot": 1,
  "status": "improved",
  "stopped": "",
  "total": 231,
  "wall_seconds": 95.25743544000579
}
{
  "after_kg": 622.5872689938399,
  "archived_kg": 616.4271047227926,
  "asteroids_after": 9,
  "asteroids_before": 9,
  "baseline_error_kg": 0.0,
  "certifications": 3,
  "done": 13,
  "elapsed_seconds": 98.4,
  "gain_kg": 6.160164271047279,
  "group": "cluster_fleet_h100_v2/clusters/family_200007",
  "in_fleet": false,
  "inserted": null,
  "peak_rss_mb": 106.83984375,
  "slot": 1,
  "status": "improved",
  "stopped": "",
  "total": 231,
  "wall_seconds": 98.23693224599992
}
{
  "after_kg": 597.0704996577687,
  "archived_kg": 585.2156057494866,
  "asteroids_after": 9,
  "asteroids_before": 9,
  "baseline_error_kg": 0.0,
  "certifications": 3,
  "done": 14,
  "elapsed_seconds": 100.6,
  "gain_kg": 11.854893908282065,
  "group": "cluster_fleet_h100_v2/clusters/family_0019",
  "in_fleet": false,
  "inserted": null,
  "peak_rss_mb": 106.75,
  "slot": 2,
  "status": "improved",
  "stopped": "",
  "total": 231,
  "wall_seconds": 100.46932414099865
}
{
  "after_kg": 583.8466803559206,
  "archived_kg": 581.5195071868583,
  "asteroids_after": 8,
  "asteroids_before": 8,
  "baseline_error_kg": 0.0,
  "certifications": 3,
  "done": 15,
  "elapsed_seconds": 108.5,
  "gain_kg": 2.3271731690623483,
  "group": "cluster_fleet_h100_v2/clusters/family_300022",
  "in_fleet": false,
  "inserted": null,
  "peak_rss_mb": 108.13671875,
  "slot": 1,
  "status": "improved",
  "stopped": "",
  "total": 231,
  "wall_seconds": 108.36170386800222
}
{
  "after_kg": 615.0581793292265,
  "archived_kg": 600.4106776180698,
  "asteroids_after": 9,
  "asteroids_before": 9,
  "baseline_error_kg": 0.0,
  "certifications": 3,
  "done": 16,
  "elapsed_seconds": 114.3,
  "gain_kg": 14.647501711156679,
  "group": "cluster_fleet_h100_v2/clusters/family_300002",
  "in_fleet": false,
  "inserted": null,
  "peak_rss_mb": 107.81640625,
  "slot": 2,
  "status": "improved",
  "stopped": "",
  "total": 231,
  "wall_seconds": 114.11054634299944
}
{
  "after_kg": 624.0383299110198,
  "archived_kg": 609.8562628336756,
  "asteroids_after": 9,
  "asteroids_before": 9,
  "baseline_error_kg": 0.0,
  "certifications": 4,
  "done": 17,
  "elapsed_seconds": 128.2,
  "gain_kg": 14.182067077344186,
  "group": "cluster_fleet_h100_v2/clusters/family_300012",
  "in_fleet": false,
  "inserted": null,
  "peak_rss_mb": 106.6328125,
  "slot": 4,
  "status": "improved",
  "stopped": "",
  "total": 231,
  "wall_seconds": 128.02968872700148
}
{
  "after_kg": 593.0458590006845,
  "archived_kg": 588.3641341546886,
  "asteroids_after": 8,
  "asteroids_before": 8,
  "baseline_error_kg": 0.0,
  "certifications": 3,
  "done": 18,
  "elapsed_seconds": 130.2,
  "gain_kg": 4.681724845995859,
  "group": "cluster_fleet_h100_v2/clusters/family_300004",
  "in_fleet": false,
  "inserted": null,
  "peak_rss_mb": 108.50390625,
  "slot": 1,
  "status": "improved",
  "stopped": "",
  "total": 231,
  "wall_seconds": 130.03893873099878
}
{
  "after_kg": 592.1423682409309,
  "archived_kg": 580.2874743326489,
  "asteroids_after": 8,
  "asteroids_before": 8,
  "baseline_error_kg": 0.0,
  "certifications": 4,
  "done": 19,
  "elapsed_seconds": 132.2,
  "gain_kg": 11.854893908281952,
  "group": "cluster_fleet_h100_v2/clusters/family_100010",
  "in_fleet": false,
  "inserted": null,
  "peak_rss_mb": 109.62109375,
  "slot": 2,
  "status": "improved",
  "stopped": "",
  "total": 231,
  "wall_seconds": 131.42932141300116
}
{
  "after_kg": 625.3524982888432,
  "archived_kg": 601.2320328542095,
  "asteroids_after": 9,
  "asteroids_before": 9,
  "baseline_error_kg": 0.0,
  "certifications": 5,
  "done": 20,
  "elapsed_seconds": 133.4,
  "gain_kg": 24.12046543463373,
  "group": "cluster_fleet_h100_v2/clusters/family_300007",
  "in_fleet": false,
  "inserted": null,
  "peak_rss_mb": 109.140625,
  "slot": 1,
  "status": "improved",
  "stopped": "",
  "total": 231,
  "wall_seconds": 133.26707758099656
}
{
  "after_kg": 620.8350444900752,
  "archived_kg": 602.8747433264887,
  "asteroids_after": 8,
  "asteroids_before": 8,
  "baseline_error_kg": 0.0,
  "certifications": 5,
  "done": 21,
  "elapsed_seconds": 136.0,
  "gain_kg": 17.960301163586564,
  "group": "cluster_fleet_h100_v2/clusters/family_0008",
  "in_fleet": false,
  "inserted": null,
  "peak_rss_mb": 107.21484375,
  "slot": 2,
  "status": "improved",
  "stopped": "",
  "total": 231,
  "wall_seconds": 135.8807345919995
}
{
  "after_kg": 595.0718685831622,
  "archived_kg": 577.82340862423,
  "asteroids_after": 9,
  "asteroids_before": 9,
  "baseline_error_kg": 0.0,
  "certifications": 3,
  "done": 22,
  "elapsed_seconds": 144.6,
  "gain_kg": 17.248459958932244,
  "group": "cluster_fleet_h100_v2/clusters/family_300008",
  "in_fleet": false,
  "inserted": null,
  "peak_rss_mb": 112.98046875,
  "slot": 1,
  "status": "improved",
  "stopped": "",
  "total": 231,
  "wall_seconds": 63.72637410999596
}
{
  "after_kg": 596.1122518822724,
  "archived_kg": 580.6981519507186,
  "asteroids_after": 8,
  "asteroids_before": 8,
  "baseline_error_kg": 0.0,
  "certifications": 5,
  "done": 23,
  "elapsed_seconds": 158.3,
  "gain_kg": 15.414099931553778,
  "group": "cluster_fleet_h100_v2/clusters/family_200014",
  "in_fleet": false,
  "inserted": null,
  "peak_rss_mb": 108.62890625,
  "slot": 2,
  "status": "improved",
  "stopped": "",
  "total": 231,
  "wall_seconds": 158.11729573499906
}
{
  "after_kg": 595.2361396303901,
  "archived_kg": 584.3942505133471,
  "asteroids_after": 9,
  "asteroids_before": 9,
  "baseline_error_kg": 0.0,
  "certifications": 4,
  "done": 24,
  "elapsed_seconds": 158.7,
  "gain_kg": 10.841889117043024,
  "group": "cluster_fleet_h100_v2/clusters/family_200007",
  "in_fleet": false,
  "inserted": null,
  "peak_rss_mb": 107.03125,
  "slot": 2,
  "status": "improved",
  "stopped": "",
  "total": 231,
  "wall_seconds": 158.580455780997
}
{
  "after_kg": 631.0746064339494,
  "archived_kg": 595.482546201232,
  "asteroids_after": 8,
  "asteroids_before": 8,
  "baseline_error_kg": 0.0,
  "certifications": 6,
  "done": 25,
  "elapsed_seconds": 165.7,
  "gain_kg": 35.59206023271736,
  "group": "cluster_fleet_h100_v2/clusters/family_0001",
  "in_fleet": false,
  "inserted": null,
  "peak_rss_mb": 109.12890625,
  "slot": 2,
  "status": "improved",
  "stopped": "",
  "total": 231,
  "wall_seconds": 165.5422677769966
}
{
  "after_kg": 565.0924024640657,
  "archived_kg": 561.3963039014374,
  "asteroids_after": 9,
  "asteroids_before": 9,
  "baseline_error_kg": 0.0,
  "certifications": 1,
  "done": 26,
  "elapsed_seconds": 169.1,
  "gain_kg": 3.696098562628322,
  "group": "cluster_fleet_h100_v2/clusters/family_0025",
  "in_fleet": false,
  "inserted": null,
  "peak_rss_mb": 110.7265625,
  "slot": 1,
  "status": "improved",
  "stopped": "",
  "total": 231,
  "wall_seconds": 35.65004691800277
}
{
  "after_kg": 649.6919917864476,
  "archived_kg": 623.8193018480492,
  "asteroids_after": 9,
  "asteroids_before": 9,
  "baseline_error_kg": 0.0,
  "certifications": 4,
  "done": 27,
  "elapsed_seconds": 172.9,
  "gain_kg": 25.872689938398366,
  "group": "cluster_fleet_h100_v2/clusters/family_100000",
  "in_fleet": false,
  "inserted": null,
  "peak_rss_mb": 108.03515625,
  "slot": 3,
  "status": "improved",
  "stopped": "",
  "total": 231,
  "wall_seconds": 172.71758410099574
}
{
  "after_kg": 590.6913073237508,
  "archived_kg": 578.6447638603696,
  "asteroids_after": 9,
  "asteroids_before": 9,
  "baseline_error_kg": 0.0,
  "certifications": 4,
  "done": 28,
  "elapsed_seconds": 179.9,
  "gain_kg": 12.046543463381227,
  "group": "cluster_fleet_h100_v2/clusters/family_0007",
  "in_fleet": false,
  "inserted": null,
  "peak_rss_mb": 110.7890625,
  "slot": 2,
  "status": "improved",
  "stopped": "",
  "total": 231,
  "wall_seconds": 143.69934304499475
}
{
  "after_kg": 586.8583162217659,
  "archived_kg": 578.6447638603696,
  "asteroids_after": 9,
  "asteroids_before": 9,
  "baseline_error_kg": 0.0,
  "certifications": 4,
  "done": 29,
  "elapsed_seconds": 181.6,
  "gain_kg": 8.213552361396296,
  "group": "cluster_fleet_h100_v2/clusters/family_100017",
  "in_fleet": false,
  "inserted": null,
  "peak_rss_mb": 110.72265625,
  "slot": 1,
  "status": "improved",
  "stopped": "",
  "total": 231,
  "wall_seconds": 105.15090598200186
}
{
  "after_kg": 581.4647501711157,
  "archived_kg": 573.305954825462,
  "asteroids_after": 9,
  "asteroids_before": 9,
  "baseline_error_kg": 0.0,
  "certifications": 3,
  "done": 30,
  "elapsed_seconds": 196.9,
  "gain_kg": 8.158795345653743,
  "group": "cluster_fleet_h100_v2/clusters/family_200001",
  "in_fleet": false,
  "inserted": null,
  "peak_rss_mb": 110.90625,
  "slot": 3,
  "status": "improved",
  "stopped": "",
  "total": 231,
  "wall_seconds": 106.17372177699872
}
{
  "after_kg": 613.0869267624914,
  "archived_kg": 582.8884325804244,
  "asteroids_after": 8,
  "asteroids_before": 8,
  "baseline_error_kg": 0.0,
  "certifications": 7,
  "done": 31,
  "elapsed_seconds": 203.1,
  "gain_kg": 30.198494182067066,
  "group": "cluster_fleet_h100_v2/clusters/family_0006",
  "in_fleet": false,
  "inserted": null,
  "peak_rss_mb": 108.375,
  "slot": 1,
  "status": "improved",
  "stopped": "",
  "total": 231,
  "wall_seconds": 202.95297802400455
}
{
  "after_kg": 575.2224503764545,
  "archived_kg": 566.735112936345,
  "asteroids_after": 8,
  "asteroids_before": 8,
  "baseline_error_kg": 0.0,
  "certifications": 3,
  "done": 32,
  "elapsed_seconds": 204.5,
  "gain_kg": 8.487337440109513,
  "group": "cluster_fleet_h100_v2/clusters/family_100040",
  "in_fleet": false,
  "inserted": null,
  "peak_rss_mb": 114.11328125,
  "slot": 1,
  "status": "improved",
  "stopped": "",
  "total": 231,
  "wall_seconds": 90.26288603599824
}
{
  "after_kg": 588.7748117727584,
  "archived_kg": 576.5913757700206,
  "asteroids_after": 9,
  "asteroids_before": 9,
  "baseline_error_kg": 0.0,
  "certifications": 4,
  "done": 33,
  "elapsed_seconds": 211.4,
  "gain_kg": 12.183436002737835,
  "group": "cluster_fleet_h100_v2/clusters/family_0002",
  "in_fleet": false,
  "inserted": null,
  "peak_rss_mb": 111.7265625,
  "slot": 3,
  "status": "improved",
  "stopped": "",
  "total": 231,
  "wall_seconds": 123.33569805399748
}
{
  "after_kg": 589.0485968514716,
  "archived_kg": 578.6447638603696,
  "asteroids_after": 8,
  "asteroids_before": 8,
  "baseline_error_kg": 0.0,
  "certifications": 4,
  "done": 34,
  "elapsed_seconds": 213.8,
  "gain_kg": 10.403832991102036,
  "group": "cluster_fleet_h100_v2/clusters/family_100126",
  "in_fleet": false,
  "inserted": null,
  "peak_rss_mb": 110.51171875,
  "slot": 1,
  "status": "improved",
  "stopped": "",
  "total": 231,
  "wall_seconds": 136.01476847600134
}
{
  "after_kg": 585.0787132101301,
  "archived_kg": 569.1991786447638,
  "asteroids_after": 9,
  "asteroids_before": 9,
  "baseline_error_kg": 0.0,
  "certifications": 4,
  "done": 35,
  "elapsed_seconds": 225.3,
  "gain_kg": 15.87953456536627,
  "group": "cluster_fleet_h100_v2/clusters/family_100118",
  "in_fleet": false,
  "inserted": null,
  "peak_rss_mb": 111.26953125,
  "slot": 1,
  "status": "improved",
  "stopped": "",
  "total": 231,
  "wall_seconds": 126.90837001299951
}
{
  "after_kg": 572.2108145106092,
  "archived_kg": 558.1108829568789,
  "asteroids_after": 9,
  "asteroids_before": 9,
  "baseline_error_kg": 0.0,
  "certifications": 4,
  "done": 36,
  "elapsed_seconds": 230.3,
  "gain_kg": 14.099931553730357,
  "group": "cluster_fleet_h100_v2/clusters/family_100067",
  "in_fleet": false,
  "inserted": null,
  "peak_rss_mb": 115.1953125,
  "slot": 1,
  "status": "improved",
  "stopped": "",
  "total": 231,
  "wall_seconds": 85.6648756029972
}
{
  "after_kg": 570.0205338809035,
  "archived_kg": 567.0088980150582,
  "asteroids_after": 8,
  "asteroids_before": 8,
  "baseline_error_kg": 0.0,
  "certifications": 4,
  "done": 37,
  "elapsed_seconds": 233.2,
  "gain_kg": 3.011635865845278,
  "group": "cluster_fleet_h100_v2/clusters/family_200006",
  "in_fleet": false,
  "inserted": null,
  "peak_rss_mb": 111.15625,
  "slot": 1,
  "status": "improved",
  "stopped": "",
  "total": 231,
  "wall_seconds": 124.68711798499862
}
{
  "after_kg": 571.8001368925394,
  "archived_kg": 566.3244353182752,
  "asteroids_after": 7,
  "asteroids_before": 7,
  "baseline_error_kg": 0.0,
  "certifications": 4,
  "done": 38,
  "elapsed_seconds": 234.6,
  "gain_kg": 5.475701574264235,
  "group": "cluster_fleet_h100_v2/clusters/family_300000",
  "in_fleet": false,
  "inserted": null,
  "peak_rss_mb": 114.63671875,
  "slot": 2,
  "status": "improved",
  "stopped": "",
  "total": 231,
  "wall_seconds": 106.41200379899965
}
{
  "after_kg": 572.7583846680355,
  "archived_kg": 553.1827515400411,
  "asteroids_after": 9,
  "asteroids_before": 9,
  "baseline_error_kg": 0.0,
  "certifications": 4,
  "done": 39,
  "elapsed_seconds": 242.9,
  "gain_kg": 19.57563312799448,
  "group": "cluster_fleet_h100_v2/clusters/family_200014",
  "in_fleet": false,
  "inserted": null,
  "peak_rss_mb": 110.3515625,
  "slot": 1,
  "status": "improved",
  "stopped": "",
  "total": 231,
  "wall_seconds": 70.02068267900177
}
{
  "after_kg": 593.0184804928132,
  "archived_kg": 574.5379876796715,
  "asteroids_after": 9,
  "asteroids_before": 9,
  "baseline_error_kg": 0.0,
  "certifications": 5,
  "done": 40,
  "elapsed_seconds": 247.3,
  "gain_kg": 18.480492813141723,
  "group": "cluster_fleet_h100_v2/clusters/family_300008",
  "in_fleet": false,
  "inserted": null,
  "peak_rss_mb": 112.18359375,
  "slot": 2,
  "status": "improved",
  "stopped": "",
  "total": 231,
  "wall_seconds": 156.69343205600308
}
{
  "after_kg": 612.3203285420944,
  "archived_kg": 569.472963723477,
  "asteroids_after": 8,
  "asteroids_before": 8,
  "baseline_error_kg": 0.0,
  "certifications": 5,
  "done": 41,
  "elapsed_seconds": 248.8,
  "gain_kg": 42.84736481861739,
  "group": "cluster_fleet_h100_v2/clusters/family_100001",
  "in_fleet": false,
  "inserted": null,
  "peak_rss_mb": 113.59765625,
  "slot": 1,
  "status": "improved",
  "stopped": "",
  "total": 231,
  "wall_seconds": 153.4356331569943
}
{
  "after_kg": 577.0020533880904,
  "archived_kg": 564.6817248459959,
  "asteroids_after": 8,
  "asteroids_before": 8,
  "baseline_error_kg": 0.0,
  "certifications": 4,
  "done": 42,
  "elapsed_seconds": 252.2,
  "gain_kg": 12.320328542094558,
  "group": "cluster_fleet_h100_v2/clusters/family_200030",
  "in_fleet": false,
  "inserted": null,
  "peak_rss_mb": 113.125,
  "slot": 1,
  "status": "improved",
  "stopped": "",
  "total": 231,
  "wall_seconds": 122.03804782599764
}
{
  "after_kg": 571.8001368925394,
  "archived_kg": 557.700205338809,
  "asteroids_after": 8,
  "asteroids_before": 8,
  "baseline_error_kg": 0.0,
  "certifications": 4,
  "done": 43,
  "elapsed_seconds": 258.5,
  "gain_kg": 14.099931553730357,
  "group": "cluster_fleet_h100_v2/clusters/family_0090",
  "in_fleet": false,
  "inserted": null,
  "peak_rss_mb": 114.32421875,
  "slot": 1,
  "status": "improved",
  "stopped": "",
  "total": 231,
  "wall_seconds": 100.20115165699826
}
{
  "after_kg": 566.050650239562,
  "archived_kg": 557.700205338809,
  "asteroids_after": 9,
  "asteroids_before": 9,
  "baseline_error_kg": 0.0,
  "certifications": 4,
  "done": 44,
  "elapsed_seconds": 263.6,
  "gain_kg": 8.350444900752905,
  "group": "cluster_fleet_h100_v2/clusters/family_100009",
  "in_fleet": false,
  "inserted": null,
  "peak_rss_mb": 112.203125,
  "slot": 1,
  "status": "improved",
  "stopped": "",
  "total": 231,
  "wall_seconds": 104.86120954500075
}
{
  "after_kg": 574.4010951403149,
  "archived_kg": 559.7535934291581,
  "asteroids_after": 8,
  "asteroids_before": 8,
  "baseline_error_kg": 0.0,
  "certifications": 4,
  "done": 45,
  "elapsed_seconds": 264.3,
  "gain_kg": 14.647501711156792,
  "group": "cluster_fleet_h100_v2/clusters/family_100021",
  "in_fleet": false,
  "inserted": null,
  "peak_rss_mb": 114.60546875,
  "slot": 1,
  "status": "improved",
  "stopped": "",
  "total": 231,
  "wall_seconds": 128.28971214500052
}
{
  "after_kg": 544.1478439425051,
  "archived_kg": 544.1478439425051,
  "asteroids_after": 9,
  "asteroids_before": 9,
  "baseline_error_kg": 0.0,
  "certifications": 0,
  "done": 46,
  "elapsed_seconds": 271.7,
  "gain_kg": 0.0,
  "group": "cluster_fleet_h100_v2/clusters/family_200008",
  "in_fleet": false,
  "inserted": null,
  "peak_rss_mb": 114.60546875,
  "slot": 2,
  "status": "no gain",
  "stopped": "",
  "total": 231,
  "wall_seconds": 7.420228292001411
}
{
  "after_kg": 563.4496919917865,
  "archived_kg": 548.6652977412731,
  "asteroids_after": 10,
  "asteroids_before": 10,
  "baseline_error_kg": 0.0,
  "certifications": 2,
  "done": 47,
  "elapsed_seconds": 280.9,
  "gain_kg": 14.784394250513401,
  "group": "cluster_fleet_h100_v2/clusters/family_100055",
  "in_fleet": false,
  "inserted": null,
  "peak_rss_mb": 110.78125,
  "slot": 2,
  "status": "improved",
  "stopped": "",
  "total": 231,
  "wall_seconds": 67.14054498000041
}
{
  "after_kg": 566.6803559206023,
  "archived_kg": 554.8254620123204,
  "asteroids_after": 9,
  "asteroids_before": 9,
  "baseline_error_kg": 0.0,
  "certifications": 4,
  "done": 48,
  "elapsed_seconds": 286.0,
  "gain_kg": 11.854893908281952,
  "group": "cluster_fleet_h100_v2/clusters/family_300017",
  "in_fleet": false,
  "inserted": null,
  "peak_rss_mb": 110.859375,
  "slot": 1,
  "status": "improved",
  "stopped": "",
  "total": 231,
  "wall_seconds": 120.36059342699446
}
{
  "after_kg": 585.8453114305271,
  "archived_kg": 569.1991786447638,
  "asteroids_after": 8,
  "asteroids_before": 8,
  "baseline_error_kg": 0.0,
  "certifications": 6,
  "done": 49,
  "elapsed_seconds": 290.7,
  "gain_kg": 16.646132785763257,
  "group": "cluster_fleet_h100_v2/clusters/family_300000",
  "in_fleet": false,
  "inserted": null,
  "peak_rss_mb": 109.76171875,
  "slot": 3,
  "status": "improved",
  "stopped": "",
  "total": 231,
  "wall_seconds": 190.03494843500084
}
{
  "after_kg": 562.299794661191,
  "archived_kg": 554.4147843942505,
  "asteroids_after": 10,
  "asteroids_before": 10,
  "baseline_error_kg": 0.0,
  "certifications": 4,
  "done": 50,
  "elapsed_seconds": 293.3,
  "gain_kg": 7.885010266940412,
  "group": "cluster_fleet_h100_v2/clusters/family_200025",
  "in_fleet": false,
  "inserted": null,
  "peak_rss_mb": 110.86328125,
  "slot": 2,
  "status": "improved",
  "stopped": "",
  "total": 231,
  "wall_seconds": 124.20820099100092
}
{
  "after_kg": 579.0006844626968,
  "archived_kg": 564.271047227926,
  "asteroids_after": 8,
  "asteroids_before": 8,
  "baseline_error_kg": 0.0,
  "certifications": 5,
  "done": 51,
  "elapsed_seconds": 302.4,
  "gain_kg": 14.729637234770735,
  "group": "cluster_fleet_h100_v2/clusters/family_200001",
  "in_fleet": false,
  "inserted": null,
  "peak_rss_mb": 111.10546875,
  "slot": 1,
  "status": "improved",
  "stopped": "",
  "total": 231,
  "wall_seconds": 170.10294020299625
}
{
  "after_kg": 566.9267624914443,
  "archived_kg": 550.3080082135524,
  "asteroids_after": 9,
  "asteroids_before": 9,
  "baseline_error_kg": 0.0,
  "certifications": 4,
  "done": 52,
  "elapsed_seconds": 309.4,
  "gain_kg": 16.618754277891867,
  "group": "cluster_fleet_h100_v2/clusters/family_100025",
  "in_fleet": false,
  "inserted": null,
  "peak_rss_mb": 111.48046875,
  "slot": 3,
  "status": "improved",
  "stopped": "",
  "total": 231,
  "wall_seconds": 127.81896745200356
}
{
  "after_kg": 558.0561259411362,
  "archived_kg": 546.2012320328543,
  "asteroids_after": 8,
  "asteroids_before": 8,
  "baseline_error_kg": 0.0,
  "certifications": 5,
  "done": 53,
  "elapsed_seconds": 316.7,
  "gain_kg": 11.854893908281952,
  "group": "cluster_fleet_h100_v2/clusters/family_100004",
  "in_fleet": false,
  "inserted": null,
  "peak_rss_mb": 115.1953125,
  "slot": 3,
  "status": "improved",
  "stopped": "",
  "total": 231,
  "wall_seconds": 86.46487561999675
}
{
  "after_kg": 570.8418891170431,
  "archived_kg": 550.0342231348392,
  "asteroids_after": 8,
  "asteroids_before": 8,
  "baseline_error_kg": 0.0,
  "certifications": 5,
  "done": 54,
  "elapsed_seconds": 325.5,
  "gain_kg": 20.807665982203957,
  "group": "cluster_fleet_h100_v2/clusters/family_100118",
  "in_fleet": false,
  "inserted": null,
  "peak_rss_mb": 114.11328125,
  "slot": 2,
  "status": "improved",
  "stopped": "",
  "total": 231,
  "wall_seconds": 121.02185069999541
}
{
  "after_kg": 555.0992470910335,
  "archived_kg": 545.3798767967146,
  "asteroids_after": 9,
  "asteroids_before": 9,
  "baseline_error_kg": 0.0,
  "certifications": 3,
  "done": 55,
  "elapsed_seconds": 332.6,
  "gain_kg": 9.719370294318878,
  "group": "cluster_fleet_h100_v2/clusters/family_300018",
  "in_fleet": false,
  "inserted": null,
  "peak_rss_mb": 114.63671875,
  "slot": 2,
  "status": "improved",
  "stopped": "",
  "total": 231,
  "wall_seconds": 97.97036547199968
}
{
  "after_kg": 557.2895277207392,
  "archived_kg": 545.1060917180014,
  "asteroids_after": 8,
  "asteroids_before": 8,
  "baseline_error_kg": 0.0,
  "certifications": 4,
  "done": 56,
  "elapsed_seconds": 340.3,
  "gain_kg": 12.183436002737835,
  "group": "cluster_fleet_h100_v2/clusters/family_0035",
  "in_fleet": false,
  "inserted": null,
  "peak_rss_mb": 110.375,
  "slot": 1,
  "status": "improved",
  "stopped": "",
  "total": 231,
  "wall_seconds": 97.38208950200351
}
{
  "after_kg": 551.3483915126626,
  "archived_kg": 547.0225872689938,
  "asteroids_after": 8,
  "asteroids_before": 8,
  "baseline_error_kg": 0.0,
  "certifications": 5,
  "done": 57,
  "elapsed_seconds": 349.1,
  "gain_kg": 4.325804243668813,
  "group": "cluster_fleet_h100_v2/clusters/family_100008",
  "in_fleet": false,
  "inserted": null,
  "peak_rss_mb": 111.26953125,
  "slot": 1,
  "status": "improved",
  "stopped": "",
  "total": 231,
  "wall_seconds": 123.80149648700171
}
{
  "after_kg": 569.4182067077345,
  "archived_kg": 550.3080082135524,
  "asteroids_after": 8,
  "asteroids_before": 8,
  "baseline_error_kg": 0.0,
  "certifications": 6,
  "done": 58,
  "elapsed_seconds": 349.5,
  "gain_kg": 19.1101984941821,
  "group": "cluster_fleet_h100_v2/clusters/family_0000",
  "in_fleet": false,
  "inserted": null,
  "peak_rss_mb": 111.8046875,
  "slot": 3,
  "status": "improved",
  "stopped": "",
  "total": 231,
  "wall_seconds": 169.57889873100066
}
{
  "after_kg": 556.8788501026694,
  "archived_kg": 544.558521560575,
  "asteroids_after": 9,
  "asteroids_before": 9,
  "baseline_error_kg": 0.0,
  "certifications": 3,
  "done": 59,
  "elapsed_seconds": 350.2,
  "gain_kg": 12.320328542094444,
  "group": "cluster_fleet_h100_v2/clusters/family_100003",
  "in_fleet": false,
  "inserted": null,
  "peak_rss_mb": 113.125,
  "slot": 1,
  "status": "improved",
  "stopped": "",
  "total": 231,
  "wall_seconds": 97.9369345189989
}
{
  "after_kg": 552.2245037645448,
  "archived_kg": 543.7371663244353,
  "asteroids_after": 9,
  "asteroids_before": 9,
  "baseline_error_kg": 0.0,
  "certifications": 3,
  "done": 60,
  "elapsed_seconds": 361.3,
  "gain_kg": 8.487337440109513,
  "group": "cluster_fleet_h100_v2/clusters/family_0011",
  "in_fleet": false,
  "inserted": null,
  "peak_rss_mb": 114.60546875,
  "slot": 1,
  "status": "improved",
  "stopped": "",
  "total": 231,
  "wall_seconds": 89.60354481799732
}
{
  "after_kg": 548.9390828199863,
  "archived_kg": 542.3682409308693,
  "asteroids_after": 8,
  "asteroids_before": 8,
  "baseline_error_kg": 0.0,
  "certifications": 2,
  "done": 61,
  "elapsed_seconds": 363.7,
  "gain_kg": 6.570841889116991,
  "group": "cluster_fleet_h100_v2/clusters/family_0025",
  "in_fleet": false,
  "inserted": null,
  "peak_rss_mb": 111.75,
  "slot": 2,
  "status": "improved",
  "stopped": "",
  "total": 231,
  "wall_seconds": 70.39328098799888
}
{
  "after_kg": 561.1225188227241,
  "archived_kg": 544.558521560575,
  "asteroids_after": 8,
  "asteroids_before": 8,
  "baseline_error_kg": 0.0,
  "certifications": 4,
  "done": 62,
  "elapsed_seconds": 367.4,
  "gain_kg": 16.5639972621492,
  "group": "cluster_fleet_h100_v2/clusters/family_100011",
  "in_fleet": false,
  "inserted": null,
  "peak_rss_mb": 114.47265625,
  "slot": 3,
  "status": "improved",
  "stopped": "",
  "total": 231,
  "wall_seconds": 108.89371626300272
}
{
  "after_kg": 559.0417522245037,
  "archived_kg": 550.3080082135524,
  "asteroids_after": 9,
  "asteroids_before": 9,
  "baseline_error_kg": 0.0,
  "certifications": 5,
  "done": 63,
  "elapsed_seconds": 371.2,
  "gain_kg": 8.733744010951341,
  "group": "cluster_fleet_h100_v2/clusters/family_300018",
  "in_fleet": false,
  "inserted": null,
  "peak_rss_mb": 111.98828125,
  "slot": 1,
  "status": "improved",
  "stopped": "",
  "total": 231,
  "wall_seconds": 168.0984570130022
}
{
  "after_kg": 562.1629021218343,
  "archived_kg": 550.3080082135524,
  "asteroids_after": 8,
  "asteroids_before": 8,
  "baseline_error_kg": 0.0,
  "certifications": 4,
  "done": 64,
  "elapsed_seconds": 371.7,
  "gain_kg": 11.854893908281952,
  "group": "cluster_fleet_h100_v2/clusters/family_300003",
  "in_fleet": false,
  "inserted": null,
  "peak_rss_mb": 110.90625,
  "slot": 4,
  "status": "improved",
  "stopped": "",
  "total": 231,
  "wall_seconds": 174.8154908170036
}
{
  "after_kg": 576.4544832306639,
  "archived_kg": 545.1060917180014,
  "asteroids_after": 8,
  "asteroids_before": 8,
  "baseline_error_kg": 0.0,
  "certifications": 4,
  "done": 65,
  "elapsed_seconds": 372.1,
  "gain_kg": 31.348391512662488,
  "group": "cluster_fleet_h100_v2/clusters/family_300023",
  "in_fleet": false,
  "inserted": null,
  "peak_rss_mb": 112.390625,
  "slot": 1,
  "status": "improved",
  "stopped": "",
  "total": 231,
  "wall_seconds": 124.7960467350058
}
{
  "after_kg": 551.5400410677618,
  "archived_kg": 542.9158110882956,
  "asteroids_after": 7,
  "asteroids_before": 7,
  "baseline_error_kg": 0.0,
  "certifications": 3,
  "done": 66,
  "elapsed_seconds": 373.2,
  "gain_kg": 8.624229979466122,
  "group": "cluster_fleet_h100_v2/clusters/family_0007",
  "in_fleet": false,
  "inserted": null,
  "peak_rss_mb": 114.4453125,
  "slot": 3,
  "status": "improved",
  "stopped": "",
  "total": 231,
  "wall_seconds": 87.10896091700124
}
{
  "after_kg": 559.5345653661875,
  "archived_kg": 544.1478439425051,
  "asteroids_after": 9,
  "asteroids_before": 9,
  "baseline_error_kg": 0.0,
  "certifications": 4,
  "done": 67,
  "elapsed_seconds": 387.0,
  "gain_kg": 15.386721423682388,
  "group": "cluster_fleet_h100_v2/clusters/family_0024",
  "in_fleet": false,
  "inserted": null,
  "peak_rss_mb": 112.203125,
  "slot": 1,
  "status": "improved",
  "stopped": "",
  "total": 231,
  "wall_seconds": 123.44088272200315
}
{
  "after_kg": 576.454483230664,
  "archived_kg": 549.4866529774127,
  "asteroids_after": 10,
  "asteroids_before": 10,
  "baseline_error_kg": 0.0,
  "certifications": 4,
  "done": 68,
  "elapsed_seconds": 389.4,
  "gain_kg": 26.967830253251236,
  "group": "cluster_fleet_h100_v2/clusters/family_100035",
  "in_fleet": false,
  "inserted": null,
  "peak_rss_mb": 111.91796875,
  "slot": 1,
  "status": "improved",
  "stopped": "",
  "total": 231,
  "wall_seconds": 178.0070972780013
}
{
  "after_kg": 562.3545516769336,
  "archived_kg": 540.1779603011636,
  "asteroids_after": 8,
  "asteroids_before": 8,
  "baseline_error_kg": 0.0,
  "certifications": 3,
  "done": 69,
  "elapsed_seconds": 397.4,
  "gain_kg": 22.176591375770045,
  "group": "cluster_fleet_h100_v2/clusters/family_0036",
  "in_fleet": false,
  "inserted": null,
  "peak_rss_mb": 115.1953125,
  "slot": 2,
  "status": "improved",
  "stopped": "",
  "total": 231,
  "wall_seconds": 80.67018484800064
}
{
  "after_kg": 550.5817932922656,
  "archived_kg": 540.8624229979466,
  "asteroids_after": 9,
  "asteroids_before": 9,
  "baseline_error_kg": 0.0,
  "certifications": 3,
  "done": 70,
  "elapsed_seconds": 400.2,
  "gain_kg": 9.719370294318992,
  "group": "cluster_fleet_h100_v2/clusters/family_0012",
  "in_fleet": false,
  "inserted": null,
  "peak_rss_mb": 111.34765625,
  "slot": 2,
  "status": "improved",
  "stopped": "",
  "total": 231,
  "wall_seconds": 97.80945782200433
}
{
  "after_kg": 555.6468172484599,
  "archived_kg": 545.7905544147844,
  "asteroids_after": 9,
  "asteroids_before": 9,
  "baseline_error_kg": 0.0,
  "certifications": 3,
  "done": 71,
  "elapsed_seconds": 402.7,
  "gain_kg": 9.856262833675487,
  "group": "cluster_fleet_h100_v2/clusters/family_300080",
  "in_fleet": false,
  "inserted": null,
  "peak_rss_mb": 113.14453125,
  "slot": 1,
  "status": "improved",
  "stopped": "",
  "total": 231,
  "wall_seconds": 169.4886612219998
}
{
  "after_kg": 559.7535934291581,
  "archived_kg": 544.9691991786448,
  "asteroids_after": 8,
  "asteroids_before": 8,
  "baseline_error_kg": 0.0,
  "certifications": 6,
  "done": 72,
  "elapsed_seconds": 403.5,
  "gain_kg": 14.784394250513287,
  "group": "cluster_fleet_h100_v2/clusters/family_100001",
  "in_fleet": false,
  "inserted": null,
  "peak_rss_mb": 113.59765625,
  "slot": 2,
  "status": "improved",
  "stopped": "",
  "total": 231,
  "wall_seconds": 154.65651649400388
}
{
  "after_kg": 541.9575633127995,
  "archived_kg": 538.3983572895277,
  "asteroids_after": 8,
  "asteroids_before": 8,
  "baseline_error_kg": 0.0,
  "certifications": 2,
  "done": 73,
  "elapsed_seconds": 410.3,
  "gain_kg": 3.559206023271827,
  "group": "cluster_fleet_h100_v2/clusters/family_300018",
  "in_fleet": false,
  "inserted": null,
  "peak_rss_mb": 114.63671875,
  "slot": 3,
  "status": "improved",
  "stopped": "",
  "total": 231,
  "wall_seconds": 77.69513295900106
}
{
  "after_kg": 539.9863107460643,
  "archived_kg": 537.9876796714578,
  "asteroids_after": 10,
  "asteroids_before": 10,
  "baseline_error_kg": 0.0,
  "certifications": 2,
  "done": 74,
  "elapsed_seconds": 410.4,
  "gain_kg": 1.9986310746064646,
  "group": "cluster_fleet_h100_v2/clusters/family_100031",
  "in_fleet": false,
  "inserted": null,
  "peak_rss_mb": 111.26953125,
  "slot": 1,
  "status": "improved",
  "stopped": "",
  "total": 231,
  "wall_seconds": 61.319258589996025
}
{
  "after_kg": 529.9110198494182,
  "archived_kg": 529.9110198494182,
  "asteroids_after": 7,
  "asteroids_before": 7,
  "baseline_error_kg": Infinity,
  "certifications": 0,
  "done": 75,
  "elapsed_seconds": 410.9,
  "gain_kg": 0.0,
  "group": "cluster_fleet_h100_v2/clusters/family_200001",
  "in_fleet": false,
  "inserted": null,
  "peak_rss_mb": 114.63671875,
  "slot": 2,
  "status": "no gain",
  "stopped": "",
  "total": 231,
  "wall_seconds": 0.681409327997244
}
{
  "after_kg": 546.6119096509241,
  "archived_kg": 537.987679671458,
  "asteroids_after": 8,
  "asteroids_before": 8,
  "baseline_error_kg": 0.0,
  "certifications": 3,
  "done": 76,
  "elapsed_seconds": 418.5,
  "gain_kg": 8.624229979466122,
  "group": "cluster_fleet_h100_v2/clusters/family_200002",
  "in_fleet": false,
  "inserted": null,
  "peak_rss_mb": 111.0703125,
  "slot": 1,
  "status": "improved",
  "stopped": "",
  "total": 231,
  "wall_seconds": 78.24168686399935
}
{
  "after_kg": 559.0143737166325,
  "archived_kg": 542.9158110882958,
  "asteroids_after": 8,
  "asteroids_before": 8,
  "baseline_error_kg": 0.0,
  "certifications": 5,
  "done": 77,
  "elapsed_seconds": 423.2,
  "gain_kg": 16.09856262833671,
  "group": "cluster_fleet_h100_v2/clusters/family_100021",
  "in_fleet": false,
  "inserted": null,
  "peak_rss_mb": 114.4375,
  "slot": 2,
  "status": "improved",
  "stopped": "",
  "total": 231,
  "wall_seconds": 142.2240640960008
}
{
  "after_kg": 553.5934291581109,
  "archived_kg": 540.72553045859,
  "asteroids_after": 8,
  "asteroids_before": 8,
  "baseline_error_kg": 0.0,
  "certifications": 4,
  "done": 78,
  "elapsed_seconds": 428.5,
  "gain_kg": 12.867898699520879,
  "group": "cluster_fleet_h100_v2/clusters/family_300003",
  "in_fleet": false,
  "inserted": null,
  "peak_rss_mb": 111.72265625,
  "slot": 1,
  "status": "improved",
  "stopped": "",
  "total": 231,
  "wall_seconds": 119.13362018599582
}
{
  "after_kg": 558.0561259411362,
  "archived_kg": 540.041067761807,
  "asteroids_after": 9,
  "asteroids_before": 9,
  "baseline_error_kg": 0.0,
  "certifications": 4,
  "done": 79,
  "elapsed_seconds": 442.4,
  "gain_kg": 18.01505817932923,
  "group": "cluster_fleet_h100_v2/clusters/family_300003",
  "in_fleet": false,
  "inserted": null,
  "peak_rss_mb": 114.11328125,
  "slot": 2,
  "status": "improved",
  "stopped": "",
  "total": 231,
  "wall_seconds": 116.81919080200169
}
{
  "after_kg": 538.6721423682409,
  "archived_kg": 534.2915811088296,
  "asteroids_after": 9,
  "asteroids_before": 9,
  "baseline_error_kg": 0.0,
  "certifications": 3,
  "done": 80,
  "elapsed_seconds": 461.8,
  "gain_kg": 4.380561259411252,
  "group": "cluster_fleet_h100_v2/clusters/family_0018",
  "in_fleet": false,
  "inserted": null,
  "peak_rss_mb": 111.75,
  "slot": 1,
  "status": "improved",
  "stopped": "",
  "total": 231,
  "wall_seconds": 98.14698671799852
}
{
  "after_kg": 545.2156057494867,
  "archived_kg": 531.006160164271,
  "asteroids_after": 8,
  "asteroids_before": 8,
  "baseline_error_kg": 0.0,
  "certifications": 5,
  "done": 81,
  "elapsed_seconds": 463.2,
  "gain_kg": 14.20944558521569,
  "group": "cluster_fleet_h100_v2/clusters/family_100014",
  "in_fleet": false,
  "inserted": null,
  "peak_rss_mb": 114.4453125,
  "slot": 2,
  "status": "improved",
  "stopped": "",
  "total": 231,
  "wall_seconds": 90.01316501199472
}
{
  "after_kg": 547.9260780287474,
  "archived_kg": 536.7556468172485,
  "asteroids_after": 8,
  "asteroids_before": 8,
  "baseline_error_kg": 0.0,
  "certifications": 4,
  "done": 82,
  "elapsed_seconds": 469.9,
  "gain_kg": 11.170431211498908,
  "group": "cluster_fleet_h100_v2/clusters/family_0012",
  "in_fleet": false,
  "inserted": null,
  "peak_rss_mb": 113.125,
  "slot": 1,
  "status": "improved",
  "stopped": "",
  "total": 231,
  "wall_seconds": 119.75173090500175
}
{
  "after_kg": 531.6906228610541,
  "archived_kg": 530.5954825462012,
  "asteroids_after": 9,
  "asteroids_before": 9,
  "baseline_error_kg": 0.0,
  "certifications": 2,
  "done": 83,
  "elapsed_seconds": 471.8,
  "gain_kg": 1.0951403148528698,
  "group": "cluster_fleet_h100_v2/clusters/family_300015",
  "in_fleet": false,
  "inserted": null,
  "peak_rss_mb": 113.14453125,
  "slot": 2,
  "status": "improved",
  "stopped": "",
  "total": 231,
  "wall_seconds": 69.14012443899992
}
{
  "after_kg": 548.8021902806297,
  "archived_kg": 537.1663244353183,
  "asteroids_after": 8,
  "asteroids_before": 8,
  "baseline_error_kg": 0.0,
  "certifications": 4,
  "done": 84,
  "elapsed_seconds": 478.4,
  "gain_kg": 11.6358658453114,
  "group": "cluster_fleet_h100_v2/clusters/family_300015",
  "in_fleet": false,
  "inserted": null,
  "peak_rss_mb": 114.57421875,
  "slot": 1,
  "status": "improved",
  "stopped": "",
  "total": 231,
  "wall_seconds": 128.9004616070015
}
{
  "after_kg": 568.104038329911,
  "archived_kg": 542.9158110882956,
  "asteroids_after": 9,
  "asteroids_before": 9,
  "baseline_error_kg": 0.0,
  "certifications": 6,
  "done": 85,
  "elapsed_seconds": 480.1,
  "gain_kg": 25.188227241615323,
  "group": "cluster_fleet_h100_v2/clusters/family_300023",
  "in_fleet": false,
  "inserted": null,
  "peak_rss_mb": 112.2421875,
  "slot": 2,
  "status": "improved",
  "stopped": "",
  "total": 231,
  "wall_seconds": 189.48452263000217
}
{
  "after_kg": 545.242984257358,
  "archived_kg": 534.2915811088295,
  "asteroids_after": 8,
  "asteroids_before": 8,
  "baseline_error_kg": 0.0,
  "certifications": 4,
  "done": 86,
  "elapsed_seconds": 484.9,
  "gain_kg": 10.95140314852847,
  "group": "cluster_fleet_h100_v2/clusters/family_0002",
  "in_fleet": false,
  "inserted": null,
  "peak_rss_mb": 114.47265625,
  "slot": 1,
  "status": "improved",
  "stopped": "",
  "total": 231,
  "wall_seconds": 117.54462544799753
}
{
  "after_kg": 553.8672142368241,
  "archived_kg": 530.5954825462012,
  "asteroids_after": 8,
  "asteroids_before": 8,
  "baseline_error_kg": 0.0,
  "certifications": 3,
  "done": 87,
  "elapsed_seconds": 492.8,
  "gain_kg": 23.271731690622914,
  "group": "cluster_fleet_h100_v2/clusters/family_100025",
  "in_fleet": false,
  "inserted": null,
  "peak_rss_mb": 115.1953125,
  "slot": 1,
  "status": "improved",
  "stopped": "",
  "total": 231,
  "wall_seconds": 95.4232510360016
}
{
  "after_kg": 547.8439425051334,
  "archived_kg": 530.1848049281314,
  "asteroids_after": 9,
  "asteroids_before": 9,
  "baseline_error_kg": 0.0,
  "certifications": 3,
  "done": 88,
  "elapsed_seconds": 499.9,
  "gain_kg": 17.65913757700207,
  "group": "cluster_fleet_h100_v2/clusters/family_0035",
  "in_fleet": false,
  "inserted": null,
  "peak_rss_mb": 113.59765625,
  "slot": 2,
  "status": "improved",
  "stopped": "",
  "total": 231,
  "wall_seconds": 96.39421995399607
}
{
  "after_kg": 555.6468172484599,
  "archived_kg": 531.8275154004107,
  "asteroids_after": 8,
  "asteroids_before": 8,
  "baseline_error_kg": 0.0,
  "certifications": 4,
  "done": 89,
  "elapsed_seconds": 507.4,
  "gain_kg": 23.819301848049236,
  "group": "cluster_fleet_h100_v2/clusters/family_0054",
  "in_fleet": false,
  "inserted": null,
  "peak_rss_mb": 112.44921875,
  "slot": 2,
  "status": "improved",
  "stopped": "",
  "total": 231,
  "wall_seconds": 135.76483342099527
}
{
  "after_kg": 600.2737850787132,
  "archived_kg": 528.5420944558522,
  "asteroids_after": 7,
  "asteroids_before": 7,
  "baseline_error_kg": 0.0,
  "certifications": 4,
  "done": 90,
  "elapsed_seconds": 511.4,
  "gain_kg": 71.73169062286104,
  "group": "cluster_fleet_h100_v2/clusters/family_300004",
  "in_fleet": false,
  "inserted": null,
  "peak_rss_mb": 114.16015625,
  "slot": 3,
  "status": "improved",
  "stopped": "",
  "total": 231,
  "wall_seconds": 92.84629259999929
}
{
  "after_kg": 556.0574948665297,
  "archived_kg": 533.8809034907598,
  "asteroids_after": 8,
  "asteroids_before": 8,
  "baseline_error_kg": 0.0,
  "certifications": 5,
  "done": 91,
  "elapsed_seconds": 517.1,
  "gain_kg": 22.17659137576993,
  "group": "cluster_fleet_h100_v2/clusters/family_100001",
  "in_fleet": false,
  "inserted": null,
  "peak_rss_mb": 111.98828125,
  "slot": 3,
  "status": "improved",
  "stopped": "",
  "total": 231,
  "wall_seconds": 145.89374153799872
}
{
  "after_kg": 542.8062970568104,
  "archived_kg": 529.5003422313484,
  "asteroids_after": 8,
  "asteroids_before": 8,
  "baseline_error_kg": 0.0,
  "certifications": 4,
  "done": 92,
  "elapsed_seconds": 519.9,
  "gain_kg": 13.305954825461981,
  "group": "cluster_fleet_h100_v2/clusters/family_0019",
  "in_fleet": false,
  "inserted": null,
  "peak_rss_mb": 111.26953125,
  "slot": 1,
  "status": "improved",
  "stopped": "",
  "total": 231,
  "wall_seconds": 109.5250273269994
}
{
  "after_kg": 530.321697467488,
  "archived_kg": 528.5420944558522,
  "asteroids_after": 8,
  "asteroids_before": 8,
  "baseline_error_kg": 0.0,
  "certifications": 3,
  "done": 93,
  "elapsed_seconds": 523.1,
  "gain_kg": 1.7796030116357997,
  "group": "cluster_fleet_h100_v2/clusters/family_300048",
  "in_fleet": false,
  "inserted": null,
  "peak_rss_mb": 114.4375,
  "slot": 2,
  "status": "improved",
  "stopped": "",
  "total": 231,
  "wall_seconds": 99.93398182300007
}
{
  "after_kg": 544.9691991786448,
  "archived_kg": 531.4168377823408,
  "asteroids_after": 7,
  "asteroids_before": 7,
  "baseline_error_kg": 0.0,
  "certifications": 5,
  "done": 94,
  "elapsed_seconds": 542.8,
  "gain_kg": 13.552361396303922,
  "group": "cluster_fleet_h100_v2/clusters/family_0000",
  "in_fleet": false,
  "inserted": null,
  "peak_rss_mb": 114.7421875,
  "slot": 2,
  "status": "improved",
  "stopped": "",
  "total": 231,
  "wall_seconds": 170.73776753800485
}
{
  "after_kg": 533.47022587269,
  "archived_kg": 526.0780287474332,
  "asteroids_after": 8,
  "asteroids_before": 8,
  "baseline_error_kg": 0.0,
  "certifications": 2,
  "done": 95,
  "elapsed_seconds": 543.4,
  "gain_kg": 7.392197125256757,
  "group": "cluster_fleet_h100_v2/clusters/family_100012",
  "in_fleet": false,
  "inserted": null,
  "peak_rss_mb": 114.57421875,
  "slot": 1,
  "status": "improved",
  "stopped": "",
  "total": 231,
  "wall_seconds": 65.02189379899937
}
{
  "after_kg": 555.5099247091033,
  "archived_kg": 531.006160164271,
  "asteroids_after": 9,
  "asteroids_before": 9,
  "baseline_error_kg": 0.0,
  "certifications": 5,
  "done": 96,
  "elapsed_seconds": 547.3,
  "gain_kg": 24.50376454483228,
  "group": "cluster_fleet_h100_v2/clusters/family_100015",
  "in_fleet": false,
  "inserted": null,
  "peak_rss_mb": 112.203125,
  "slot": 1,
  "status": "improved",
  "stopped": "",
  "total": 231,
  "wall_seconds": 160.21921280399692
}
{
  "after_kg": 550.7186858316222,
  "archived_kg": 530.5954825462012,
  "asteroids_after": 8,
  "asteroids_before": 8,
  "baseline_error_kg": 0.0,
  "certifications": 5,
  "done": 97,
  "elapsed_seconds": 555.5,
  "gain_kg": 20.123203285421027,
  "group": "cluster_fleet_h100_v2/clusters/family_100064",
  "in_fleet": false,
  "inserted": null,
  "peak_rss_mb": 111.609375,
  "slot": 2,
  "status": "improved",
  "stopped": "",
  "total": 231,
  "wall_seconds": 155.322336670004
}
{
  "after_kg": 548.9390828199863,
  "archived_kg": 530.5954825462012,
  "asteroids_after": 7,
  "asteroids_before": 7,
  "baseline_error_kg": 0.0,
  "certifications": 5,
  "done": 98,
  "elapsed_seconds": 560.7,
  "gain_kg": 18.343600273785114,
  "group": "cluster_fleet_h100_v2/clusters/family_0000",
  "in_fleet": false,
  "inserted": null,
  "peak_rss_mb": 114.453125,
  "slot": 1,
  "status": "improved",
  "stopped": "",
  "total": 231,
  "wall_seconds": 171.32240137500048
}
{
  "after_kg": 568.186173853525,
  "archived_kg": 535.523613963039,
  "asteroids_after": 8,
  "asteroids_before": 8,
  "baseline_error_kg": 0.0,
  "certifications": 8,
  "done": 99,
  "elapsed_seconds": 565.5,
  "gain_kg": 32.66255989048602,
  "group": "cluster_fleet_h100_v2/clusters/family_200011",
  "in_fleet": false,
  "inserted": null,
  "peak_rss_mb": 114.60546875,
  "slot": 2,
  "status": "improved",
  "stopped": "",
  "total": 231,
  "wall_seconds": 204.16724381200038
}
{
  "after_kg": 545.3798767967146,
  "archived_kg": 525.6673511293634,
  "asteroids_after": 8,
  "asteroids_before": 8,
  "baseline_error_kg": 0.0,
  "certifications": 3,
  "done": 100,
  "elapsed_seconds": 579.7,
  "gain_kg": 19.7125256673512,
  "group": "cluster_fleet_h100_v2/clusters/family_100011",
  "in_fleet": false,
  "inserted": null,
  "peak_rss_mb": 114.47265625,
  "slot": 2,
  "status": "improved",
  "stopped": "",
  "total": 231,
  "wall_seconds": 94.83430390900321
}
{
  "after_kg": 542.3134839151267,
  "archived_kg": 529.3634496919917,
  "asteroids_after": 8,
  "asteroids_before": 8,
  "baseline_error_kg": 0.0,
  "certifications": 5,
  "done": 101,
  "elapsed_seconds": 581.7,
  "gain_kg": 12.950034223134935,
  "group": "cluster_fleet_h100_v2/clusters/family_100025",
  "in_fleet": false,
  "inserted": null,
  "peak_rss_mb": 114.63671875,
  "slot": 2,
  "status": "improved",
  "stopped": "",
  "total": 231,
  "wall_seconds": 170.8043354639958
}
{
  "after_kg": 536.4818617385353,
  "archived_kg": 526.7624914442163,
  "asteroids_after": 8,
  "asteroids_before": 8,
  "baseline_error_kg": 0.0,
  "certifications": 3,
  "done": 102,
  "elapsed_seconds": 590.8,
  "gain_kg": 9.719370294318992,
  "group": "cluster_fleet_h100_v2/clusters/family_300006",
  "in_fleet": false,
  "inserted": null,
  "peak_rss_mb": 113.14453125,
  "slot": 1,
  "status": "improved",
  "stopped": "",
  "total": 231,
  "wall_seconds": 118.99218511800427
}
{
  "after_kg": 535.2498288843258,
  "archived_kg": 524.8459958932239,
  "asteroids_after": 9,
  "asteroids_before": 9,
  "baseline_error_kg": 0.0,
  "certifications": 4,
  "done": 103,
  "elapsed_seconds": 594.8,
  "gain_kg": 10.403832991101922,
  "group": "cluster_fleet_h100_v2/clusters/family_0022",
  "in_fleet": false,
  "inserted": null,
  "peak_rss_mb": 113.59765625,
  "slot": 1,
  "status": "improved",
  "stopped": "",
  "total": 231,
  "wall_seconds": 94.90939174700179
}
{
  "after_kg": 552.1697467488021,
  "archived_kg": 528.1314168377824,
  "asteroids_after": 8,
  "asteroids_before": 8,
  "baseline_error_kg": 0.0,
  "certifications": 6,
  "done": 104,
  "elapsed_seconds": 598.5,
  "gain_kg": 24.038329911019787,
  "group": "cluster_fleet_h100_v2/clusters/family_200002",
  "in_fleet": false,
  "inserted": null,
  "peak_rss_mb": 114.11328125,
  "slot": 2,
  "status": "improved",
  "stopped": "",
  "total": 231,
  "wall_seconds": 156.10898422299942
}
{
  "after_kg": 536.208076659822,
  "archived_kg": 527.7207392197125,
  "asteroids_after": 8,
  "asteroids_before": 8,
  "baseline_error_kg": 0.0,
  "certifications": 4,
  "done": 105,
  "elapsed_seconds": 599.2,
  "gain_kg": 8.487337440109513,
  "group": "cluster_fleet_h100_v2/clusters/family_100002",
  "in_fleet": false,
  "inserted": null,
  "peak_rss_mb": 114.66796875,
  "slot": 2,
  "status": "improved",
  "stopped": "",
  "total": 231,
  "wall_seconds": 129.30792780600314
}
{
  "after_kg": 539.0828199863107,
  "archived_kg": 528.1314168377824,
  "asteroids_after": 9,
  "asteroids_before": 9,
  "baseline_error_kg": 0.0,
  "certifications": 5,
  "done": 106,
  "elapsed_seconds": 606.9,
  "gain_kg": 10.951403148528357,
  "group": "cluster_fleet_h100_v2/clusters/family_200003",
  "in_fleet": false,
  "inserted": null,
  "peak_rss_mb": 111.77734375,
  "slot": 2,
  "status": "improved",
  "stopped": "",
  "total": 231,
  "wall_seconds": 145.10421838599723
}
{
  "after_kg": 522.5188227241615,
  "archived_kg": 517.0431211498973,
  "asteroids_after": 9,
  "asteroids_before": 9,
  "baseline_error_kg": 0.0,
  "certifications": 2,
  "done": 107,
  "elapsed_seconds": 607.7,
  "gain_kg": 5.475701574264235,
  "group": "cluster_fleet_h100_v2/clusters/family_200025",
  "in_fleet": false,
  "inserted": null,
  "peak_rss_mb": 114.60546875,
  "slot": 1,
  "status": "improved",
  "stopped": "",
  "total": 231,
  "wall_seconds": 42.2104739100032
}
{
  "after_kg": 540.4517453798768,
  "archived_kg": 525.6673511293634,
  "asteroids_after": 9,
  "asteroids_before": 9,
  "baseline_error_kg": 0.0,
  "certifications": 4,
  "done": 108,
  "elapsed_seconds": 610.8,
  "gain_kg": 14.784394250513401,
  "group": "cluster_fleet_h100_v2/clusters/family_0017",
  "in_fleet": false,
  "inserted": null,
  "peak_rss_mb": 112.2421875,
  "slot": 1,
  "status": "improved",
  "stopped": "",
  "total": 231,
  "wall_seconds": 130.68093334899459
}
{
  "after_kg": 527.7207392197125,
  "archived_kg": 519.0965092402464,
  "asteroids_after": 8,
  "asteroids_before": 8,
  "baseline_error_kg": 0.0,
  "certifications": 2,
  "done": 109,
  "elapsed_seconds": 616.1,
  "gain_kg": 8.624229979466122,
  "group": "cluster_fleet_h100_v2/clusters/family_100011",
  "in_fleet": false,
  "inserted": null,
  "peak_rss_mb": 112.203125,
  "slot": 1,
  "status": "improved",
  "stopped": "",
  "total": 231,
  "wall_seconds": 68.82555465999758
}
{
  "after_kg": 538.8090349075975,
  "archived_kg": 525.2566735112937,
  "asteroids_after": 7,
  "asteroids_before": 7,
  "baseline_error_kg": 0.0,
  "certifications": 4,
  "done": 110,
  "elapsed_seconds": 616.1,
  "gain_kg": 13.552361396303809,
  "group": "cluster_fleet_h100_v2/clusters/family_0006",
  "in_fleet": false,
  "inserted": null,
  "peak_rss_mb": 115.1953125,
  "slot": 3,
  "status": "improved",
  "stopped": "",
  "total": 231,
  "wall_seconds": 123.30099449599948
}
{
  "after_kg": 538.6721423682409,
  "archived_kg": 519.9178644763861,
  "asteroids_after": 9,
  "asteroids_before": 9,
  "baseline_error_kg": 0.0,
  "certifications": 3,
  "done": 111,
  "elapsed_seconds": 624.7,
  "gain_kg": 18.754277891854827,
  "group": "cluster_fleet_h100_v2/clusters/family_0024",
  "in_fleet": false,
  "inserted": null,
  "peak_rss_mb": 111.83984375,
  "slot": 3,
  "status": "improved",
  "stopped": "",
  "total": 231,
  "wall_seconds": 104.7155208050026
}
{
  "after_kg": 514.3600273785079,
  "archived_kg": 513.7577002053388,
  "asteroids_after": 9,
  "asteroids_before": 9,
  "baseline_error_kg": 0.0,
  "certifications": 1,
  "done": 112,
  "elapsed_seconds": 627.7,
  "gain_kg": 0.6023271731691011,
  "group": "cluster_fleet_h100_v2/clusters/family_300011",
  "in_fleet": false,
  "inserted": null,
  "peak_rss_mb": 113.14453125,
  "slot": 1,
  "status": "improved",
  "stopped": "",
  "total": 231,
  "wall_seconds": 36.86565509499633
}
{
  "after_kg": 530.8692676249144,
  "archived_kg": 511.1567419575633,
  "asteroids_after": 8,
  "asteroids_before": 8,
  "baseline_error_kg": 0.0,
  "certifications": 1,
  "done": 113,
  "elapsed_seconds": 637.3,
  "gain_kg": 19.712525667351088,
  "group": "cluster_fleet_h100_v2/clusters/family_300087",
  "in_fleet": false,
  "inserted": null,
  "peak_rss_mb": 114.46484375,
  "slot": 1,
  "status": "improved",
  "stopped": "",
  "total": 231,
  "wall_seconds": 38.788152864006406
}
{
  "after_kg": 536.5092402464065,
  "archived_kg": 523.2032854209446,
  "asteroids_after": 9,
  "asteroids_before": 9,
  "baseline_error_kg": 0.0,
  "certifications": 4,
  "done": 114,
  "elapsed_seconds": 645.8,
  "gain_kg": 13.305954825461981,
  "group": "cluster_fleet_h100_v2/clusters/family_100014",
  "in_fleet": false,
  "inserted": null,
  "peak_rss_mb": 111.98828125,
  "slot": 1,
  "status": "improved",
  "stopped": "",
  "total": 231,
  "wall_seconds": 128.69445291300508
}
{
  "after_kg": 584.9418206707734,
  "archived_kg": 528.268309377139,
  "asteroids_after": 7,
  "asteroids_before": 7,
  "baseline_error_kg": 0.0,
  "certifications": 9,
  "done": 115,
  "elapsed_seconds": 648.8,
  "gain_kg": 56.67351129363442,
  "group": "cluster_fleet_h100_v2/clusters/family_200007",
  "in_fleet": false,
  "inserted": null,
  "peak_rss_mb": 111.72265625,
  "slot": 3,
  "status": "improved",
  "stopped": "",
  "total": 231,
  "wall_seconds": 220.26407474399457
}
{
  "after_kg": 522.6557152635181,
  "archived_kg": 517.1800136892539,
  "asteroids_after": 7,
  "asteroids_before": 7,
  "baseline_error_kg": 0.0,
  "certifications": 4,
  "done": 116,
  "elapsed_seconds": 653.5,
  "gain_kg": 5.475701574264235,
  "group": "cluster_fleet_h100_v2/clusters/family_300003",
  "in_fleet": false,
  "inserted": null,
  "peak_rss_mb": 114.453125,
  "slot": 3,
  "status": "improved",
  "stopped": "",
  "total": 231,
  "wall_seconds": 92.81277355099883
}
{
  "after_kg": 509.3771389459274,
  "archived_kg": 506.36550308008214,
  "asteroids_after": 8,
  "asteroids_before": 8,
  "baseline_error_kg": 0.0,
  "certifications": 2,
  "done": 117,
  "elapsed_seconds": 655.0,
  "gain_kg": 3.011635865845278,
  "group": "cluster_fleet_h100_v2/clusters/family_200000",
  "in_fleet": false,
  "inserted": null,
  "peak_rss_mb": 112.2421875,
  "slot": 1,
  "status": "improved",
  "stopped": "",
  "total": 231,
  "wall_seconds": 44.15825889100233
}
{
  "after_kg": 529.9110198494182,
  "archived_kg": 519.5071868583162,
  "asteroids_after": 8,
  "asteroids_before": 8,
  "baseline_error_kg": 0.0,
  "certifications": 4,
  "done": 118,
  "elapsed_seconds": 658.3,
  "gain_kg": 10.403832991101922,
  "group": "cluster_fleet_h100_v2/clusters/family_100039",
  "in_fleet": false,
  "inserted": null,
  "peak_rss_mb": 114.4375,
  "slot": 1,
  "status": "improved",
  "stopped": "",
  "total": 231,
  "wall_seconds": 135.1689927710031
}
{
  "after_kg": 527.0362765229295,
  "archived_kg": 519.0965092402464,
  "asteroids_after": 8,
  "asteroids_before": 8,
  "baseline_error_kg": 0.0,
  "certifications": 4,
  "done": 119,
  "elapsed_seconds": 674.1,
  "gain_kg": 7.9397672826830785,
  "group": "cluster_fleet_h100_v2/clusters/family_0090",
  "in_fleet": false,
  "inserted": null,
  "peak_rss_mb": 114.57421875,
  "slot": 2,
  "status": "improved",
  "stopped": "",
  "total": 231,
  "wall_seconds": 130.68850023200503
}
{
  "after_kg": 501.3004791238877,
  "archived_kg": 501.3004791238877,
  "asteroids_after": 8,
  "asteroids_before": 8,
  "baseline_error_kg": Infinity,
  "certifications": 0,
  "done": 120,
  "elapsed_seconds": 674.9,
  "gain_kg": 0.0,
  "group": "cluster_fleet_h100_v2/clusters/family_100033",
  "in_fleet": false,
  "inserted": null,
  "peak_rss_mb": 114.57421875,
  "slot": 1,
  "status": "no gain",
  "stopped": "",
  "total": 231,
  "wall_seconds": 0.7853459199977806
}
{
  "after_kg": 522.5188227241615,
  "archived_kg": 515.8110882956879,
  "asteroids_after": 8,
  "asteroids_before": 8,
  "baseline_error_kg": 0.0,
  "certifications": 3,
  "done": 121,
  "elapsed_seconds": 677.8,
  "gain_kg": 6.7077344284736,
  "group": "cluster_fleet_h100_v2/clusters/family_100008",
  "in_fleet": false,
  "inserted": null,
  "peak_rss_mb": 114.63671875,
  "slot": 2,
  "status": "improved",
  "stopped": "",
  "total": 231,
  "wall_seconds": 96.02064345499821
}
{
  "after_kg": 548.3915126625599,
  "archived_kg": 524.435318275154,
  "asteroids_after": 7,
  "asteroids_before": 7,
  "baseline_error_kg": 0.0,
  "certifications": 5,
  "done": 122,
  "elapsed_seconds": 686.2,
  "gain_kg": 23.956194387405844,
  "group": "cluster_fleet_h100_v2/clusters/family_100000",
  "in_fleet": false,
  "inserted": null,
  "peak_rss_mb": 112.44921875,
  "slot": 1,
  "status": "improved",
  "stopped": "",
  "total": 231,
  "wall_seconds": 178.77464516799955
}
{
  "after_kg": 525.5304585900069,
  "archived_kg": 517.8644763860369,
  "asteroids_after": 8,
  "asteroids_before": 8,
  "baseline_error_kg": 0.0,
  "certifications": 3,
  "done": 123,
  "elapsed_seconds": 686.9,
  "gain_kg": 7.665982203969975,
  "group": "cluster_fleet_h100_v2/clusters/family_300001",
  "in_fleet": false,
  "inserted": null,
  "peak_rss_mb": 114.74609375,
  "slot": 2,
  "status": "improved",
  "stopped": "",
  "total": 231,
  "wall_seconds": 131.45350300800055
}
{
  "after_kg": 565.2292950034223,
  "archived_kg": 528.1314168377824,
  "asteroids_after": 8,
  "asteroids_before": 8,
  "baseline_error_kg": 0.0,
  "certifications": 10,
  "done": 124,
  "elapsed_seconds": 687.2,
  "gain_kg": 37.09787816563994,
  "group": "cluster_fleet_h100_v2/clusters/family_300023",
  "in_fleet": false,
  "inserted": null,
  "peak_rss_mb": 114.4453125,
  "slot": 3,
  "status": "improved",
  "stopped": "certification budget",
  "total": 231,
  "wall_seconds": 224.02612053300254
}
{
  "after_kg": 538.8090349075975,
  "archived_kg": 512.5256673511294,
  "asteroids_after": 8,
  "asteroids_before": 8,
  "baseline_error_kg": 0.0,
  "certifications": 7,
  "done": 125,
  "elapsed_seconds": 710.2,
  "gain_kg": 26.28336755646808,
  "group": "cluster_fleet_h100_v2/clusters/family_200019",
  "in_fleet": false,
  "inserted": null,
  "peak_rss_mb": 113.59765625,
  "slot": 1,
  "status": "improved",
  "stopped": "",
  "total": 231,
  "wall_seconds": 115.43554939400201
}
{
  "after_kg": 506.36550308008214,
  "archived_kg": 501.4373716632444,
  "asteroids_after": 8,
  "asteroids_before": 8,
  "baseline_error_kg": 0.0,
  "certifications": 2,
  "done": 126,
  "elapsed_seconds": 725.3,
  "gain_kg": 4.9281314168377435,
  "group": "cluster_fleet_h100_v2/clusters/family_300087",
  "in_fleet": false,
  "inserted": null,
  "peak_rss_mb": 115.35546875,
  "slot": 2,
  "status": "improved",
  "stopped": "",
  "total": 231,
  "wall_seconds": 66.9941680760021
}
{
  "after_kg": 507.1321013004791,
  "archived_kg": 503.90143737166323,
  "asteroids_after": 9,
  "asteroids_before": 9,
  "baseline_error_kg": 0.0,
  "certifications": 3,
  "done": 127,
  "elapsed_seconds": 737.6,
  "gain_kg": 3.2306639288158863,
  "group": "cluster_fleet_h100_v2/clusters/family_100010",
  "in_fleet": false,
  "inserted": null,
  "peak_rss_mb": 111.98828125,
  "slot": 3,
  "status": "improved",
  "stopped": "",
  "total": 231,
  "wall_seconds": 91.79355818399927
}
{
  "after_kg": 521.5058179329227,
  "archived_kg": 505.9548254620123,
  "asteroids_after": 8,
  "asteroids_before": 8,
  "baseline_error_kg": 0.0,
  "certifications": 4,
  "done": 128,
  "elapsed_seconds": 741.1,
  "gain_kg": 15.550992470910387,
  "group": "cluster_fleet_h100_v2/clusters/family_300008",
  "in_fleet": false,
  "inserted": null,
  "peak_rss_mb": 115.1953125,
  "slot": 3,
  "status": "improved",
  "stopped": "",
  "total": 231,
  "wall_seconds": 124.96177117600018
}
{
  "after_kg": 554.1409993155373,
  "archived_kg": 523.4770704996578,
  "asteroids_after": 8,
  "asteroids_before": 8,
  "baseline_error_kg": 0.0,
  "certifications": 7,
  "done": 129,
  "elapsed_seconds": 743.5,
  "gain_kg": 30.663928815879558,
  "group": "cluster_fleet_h100_v2/clusters/family_100000",
  "in_fleet": false,
  "inserted": null,
  "peak_rss_mb": 114.16015625,
  "slot": 2,
  "status": "improved",
  "stopped": "",
  "total": 231,
  "wall_seconds": 232.11372231000132
}
{
  "after_kg": 539.438740588638,
  "archived_kg": 519.0965092402464,
  "asteroids_after": 10,
  "asteroids_before": 10,
  "baseline_error_kg": 0.0,
  "certifications": 7,
  "done": 130,
  "elapsed_seconds": 744.7,
  "gain_kg": 20.34223134839158,
  "group": "cluster_fleet_h100_v2/clusters/family_0028",
  "in_fleet": false,
  "inserted": null,
  "peak_rss_mb": 114.7421875,
  "slot": 2,
  "status": "improved",
  "stopped": "",
  "total": 231,
  "wall_seconds": 201.8975769050012
}
{
  "after_kg": 501.71115674195755,
  "archived_kg": 500.61601642710474,
  "asteroids_after": 9,
  "asteroids_before": 9,
  "baseline_error_kg": 0.0,
  "certifications": 2,
  "done": 131,
  "elapsed_seconds": 745.8,
  "gain_kg": 1.095140314852813,
  "group": "cluster_fleet_h100_v2/clusters/family_0029",
  "in_fleet": false,
  "inserted": null,
  "peak_rss_mb": 114.57421875,
  "slot": 2,
  "status": "improved",
  "stopped": "",
  "total": 231,
  "wall_seconds": 70.8871205989999
}
{
  "after_kg": 516.2217659137577,
  "archived_kg": 501.57426420260094,
  "asteroids_after": 8,
  "asteroids_before": 8,
  "baseline_error_kg": 0.0,
  "certifications": 4,
  "done": 132,
  "elapsed_seconds": 748.9,
  "gain_kg": 14.647501711156792,
  "group": "cluster_fleet_h100_v2/clusters/family_300009",
  "in_fleet": false,
  "inserted": null,
  "peak_rss_mb": 112.3046875,
  "slot": 1,
  "status": "improved",
  "stopped": "",
  "total": 231,
  "wall_seconds": 93.91896350099705
}
{
  "after_kg": 511.70431211498976,
  "archived_kg": 505.1334702258727,
  "asteroids_after": 8,
  "asteroids_before": 8,
  "baseline_error_kg": 0.0,
  "certifications": 4,
  "done": 133,
  "elapsed_seconds": 750.3,
  "gain_kg": 6.570841889117048,
  "group": "cluster_fleet_h100_v2/clusters/family_0029",
  "in_fleet": false,
  "inserted": null,
  "peak_rss_mb": 111.9140625,
  "slot": 1,
  "status": "improved",
  "stopped": "",
  "total": 231,
  "wall_seconds": 125.58693525099807
}
{
  "after_kg": 493.08692676249143,
  "archived_kg": 493.08692676249143,
  "asteroids_after": 8,
  "asteroids_before": 8,
  "baseline_error_kg": Infinity,
  "certifications": 0,
  "done": 134,
  "elapsed_seconds": 751.0,
  "gain_kg": 0.0,
  "group": "cluster_fleet_h100_v2/clusters/family_300019",
  "in_fleet": false,
  "inserted": null,
  "peak_rss_mb": 111.9140625,
  "slot": 2,
  "status": "no gain",
  "stopped": "",
  "total": 231,
  "wall_seconds": 0.746983826997166
}
{
  "after_kg": 516.7693360711842,
  "archived_kg": 506.36550308008214,
  "asteroids_after": 7,
  "asteroids_before": 7,
  "baseline_error_kg": 0.0,
  "certifications": 3,
  "done": 135,
  "elapsed_seconds": 751.1,
  "gain_kg": 10.403832991102036,
  "group": "cluster_fleet_h100_v2/clusters/family_300080",
  "in_fleet": false,
  "inserted": null,
  "peak_rss_mb": 114.43359375,
  "slot": 2,
  "status": "improved",
  "stopped": "",
  "total": 231,
  "wall_seconds": 135.0564309130059
}
{
  "after_kg": 511.1567419575633,
  "archived_kg": 505.1334702258727,
  "asteroids_after": 9,
  "asteroids_before": 9,
  "baseline_error_kg": 0.0,
  "certifications": 4,
  "done": 136,
  "elapsed_seconds": 752.5,
  "gain_kg": 6.023271731690613,
  "group": "cluster_fleet_h100_v2/clusters/family_200013",
  "in_fleet": false,
  "inserted": null,
  "peak_rss_mb": 113.14453125,
  "slot": 1,
  "status": "improved",
  "stopped": "",
  "total": 231,
  "wall_seconds": 124.85156447900226
}
{
  "after_kg": 529.7741273100617,
  "archived_kg": 509.24024640657086,
  "asteroids_after": 8,
  "asteroids_before": 8,
  "baseline_error_kg": 0.0,
  "certifications": 5,
  "done": 137,
  "elapsed_seconds": 759.5,
  "gain_kg": 20.533880903490797,
  "group": "cluster_fleet_h100_v2/clusters/family_200012",
  "in_fleet": false,
  "inserted": null,
  "peak_rss_mb": 114.60546875,
  "slot": 2,
  "status": "improved",
  "stopped": "",
  "total": 231,
  "wall_seconds": 151.76897358699352
}
{
  "after_kg": 536.290212183436,
  "archived_kg": 516.6324435318276,
  "asteroids_after": 9,
  "asteroids_before": 9,
  "baseline_error_kg": 0.0,
  "certifications": 6,
  "done": 138,
  "elapsed_seconds": 762.5,
  "gain_kg": 19.65776865160842,
  "group": "cluster_fleet_h100_v2/clusters/family_0007",
  "in_fleet": false,
  "inserted": null,
  "peak_rss_mb": 114.47265625,
  "slot": 1,
  "status": "improved",
  "stopped": "",
  "total": 231,
  "wall_seconds": 182.78729412200482
}
{
  "after_kg": 516.8514715947981,
  "archived_kg": 504.9965776865161,
  "asteroids_after": 8,
  "asteroids_before": 8,
  "baseline_error_kg": 0.0,
  "certifications": 4,
  "done": 139,
  "elapsed_seconds": 765.9,
  "gain_kg": 11.854893908282008,
  "group": "cluster_fleet_h100_v2/clusters/family_300017",
  "in_fleet": false,
  "inserted": null,
  "peak_rss_mb": 114.46484375,
  "slot": 3,
  "status": "improved",
  "stopped": "",
  "total": 231,
  "wall_seconds": 128.6156503530001
}
{
  "after_kg": 536.3449691991786,
  "archived_kg": 510.8829568788501,
  "asteroids_after": 8,
  "asteroids_before": 8,
  "baseline_error_kg": 0.0,
  "certifications": 6,
  "done": 140,
  "elapsed_seconds": 767.0,
  "gain_kg": 25.46201232032854,
  "group": "cluster_fleet_h100_v2/clusters/family_0006",
  "in_fleet": false,
  "inserted": null,
  "peak_rss_mb": 114.66796875,
  "slot": 2,
  "status": "improved",
  "stopped": "",
  "total": 231,
  "wall_seconds": 167.73218020900094
}
{
  "after_kg": 488.2956878850103,
  "archived_kg": 488.2956878850103,
  "asteroids_after": 8,
  "asteroids_before": 8,
  "baseline_error_kg": 0.0,
  "certifications": 0,
  "done": 141,
  "elapsed_seconds": 768.1,
  "gain_kg": 0.0,
  "group": "cluster_fleet_h100_v2/clusters/family_100067",
  "in_fleet": false,
  "inserted": null,
  "peak_rss_mb": 114.47265625,
  "slot": 3,
  "status": "no gain",
  "stopped": "",
  "total": 231,
  "wall_seconds": 5.547983432996261
}
{
  "after_kg": 529.2265571526352,
  "archived_kg": 509.65092402464063,
  "asteroids_after": 9,
  "asteroids_before": 9,
  "baseline_error_kg": 0.0,
  "certifications": 5,
  "done": 142,
  "elapsed_seconds": 776.8,
  "gain_kg": 19.575633127994593,
  "group": "cluster_fleet_h100_v2/clusters/family_0009",
  "in_fleet": false,
  "inserted": null,
  "peak_rss_mb": 111.77734375,
  "slot": 1,
  "status": "improved",
  "stopped": "",
  "total": 231,
  "wall_seconds": 169.84820176100038
}
{
  "after_kg": 492.67624914442166,
  "archived_kg": 491.5811088295688,
  "asteroids_after": 9,
  "asteroids_before": 9,
  "baseline_error_kg": 0.0,
  "certifications": 1,
  "done": 143,
  "elapsed_seconds": 783.5,
  "gain_kg": 1.0951403148528698,
  "group": "cluster_fleet_h100_v2/clusters/family_0004",
  "in_fleet": false,
  "inserted": null,
  "peak_rss_mb": 113.14453125,
  "slot": 3,
  "status": "improved",
  "stopped": "",
  "total": 231,
  "wall_seconds": 30.937822223000694
}
{
  "after_kg": 492.53935660506505,
  "archived_kg": 491.9917864476386,
  "asteroids_after": 9,
  "asteroids_before": 9,
  "baseline_error_kg": 0.0,
  "certifications": 1,
  "done": 144,
  "elapsed_seconds": 789.2,
  "gain_kg": 0.5475701574264349,
  "group": "cluster_fleet_h100_v2/clusters/family_200003",
  "in_fleet": false,
  "inserted": null,
  "peak_rss_mb": 114.43359375,
  "slot": 1,
  "status": "improved",
  "stopped": "",
  "total": 231,
  "wall_seconds": 38.10058353000204
}
{
  "after_kg": 503.21697467488025,
  "archived_kg": 498.15195071868584,
  "asteroids_after": 8,
  "asteroids_before": 8,
  "baseline_error_kg": 0.0,
  "certifications": 2,
  "done": 145,
  "elapsed_seconds": 797.2,
  "gain_kg": 5.065023956194409,
  "group": "cluster_fleet_h100_v2/clusters/family_200021",
  "in_fleet": false,
  "inserted": null,
  "peak_rss_mb": 115.35546875,
  "slot": 2,
  "status": "improved",
  "stopped": "",
  "total": 231,
  "wall_seconds": 71.96673310700135
}
{
  "after_kg": 513.1279945242984,
  "archived_kg": 503.08008213552364,
  "asteroids_after": 9,
  "asteroids_before": 9,
  "baseline_error_kg": 0.0,
  "certifications": 5,
  "done": 146,
  "elapsed_seconds": 807.9,
  "gain_kg": 10.047912388774762,
  "group": "cluster_fleet_h100_v2/clusters/family_100005",
  "in_fleet": false,
  "inserted": null,
  "peak_rss_mb": 114.453125,
  "slot": 1,
  "status": "improved",
  "stopped": "",
  "total": 231,
  "wall_seconds": 154.39727487000346
}
{
  "after_kg": 510.0068446269678,
  "archived_kg": 500.2053388090349,
  "asteroids_after": 8,
  "asteroids_before": 8,
  "baseline_error_kg": 0.0,
  "certifications": 4,
  "done": 147,
  "elapsed_seconds": 811.1,
  "gain_kg": 9.801505817932878,
  "group": "cluster_fleet_h100_v2/clusters/family_300012",
  "in_fleet": false,
  "inserted": null,
  "peak_rss_mb": 112.44921875,
  "slot": 2,
  "status": "improved",
  "stopped": "",
  "total": 231,
  "wall_seconds": 124.86865469899931
}
{
  "after_kg": 511.1567419575633,
  "archived_kg": 500.2053388090349,
  "asteroids_after": 8,
  "asteroids_before": 8,
  "baseline_error_kg": 0.0,
  "certifications": 5,
  "done": 148,
  "elapsed_seconds": 812.4,
  "gain_kg": 10.951403148528414,
  "group": "cluster_fleet_h100_v2/clusters/family_100055",
  "in_fleet": false,
  "inserted": null,
  "peak_rss_mb": 114.63671875,
  "slot": 1,
  "status": "improved",
  "stopped": "",
  "total": 231,
  "wall_seconds": 134.67276601999765
}
{
  "after_kg": 491.9096509240246,
  "archived_kg": 489.5277207392197,
  "asteroids_after": 6,
  "asteroids_before": 6,
  "baseline_error_kg": 0.0,
  "certifications": 3,
  "done": 149,
  "elapsed_seconds": 824.6,
  "gain_kg": 2.381930184804901,
  "group": "cluster_fleet_h100_v2/clusters/family_200011",
  "in_fleet": false,
  "inserted": null,
  "peak_rss_mb": 114.60546875,
  "slot": 3,
  "status": "improved",
  "stopped": "",
  "total": 231,
  "wall_seconds": 65.0819921479997
}
{
  "after_kg": 519.2607802874743,
  "archived_kg": 498.56262833675567,
  "asteroids_after": 9,
  "asteroids_before": 9,
  "baseline_error_kg": 0.0,
  "certifications": 4,
  "done": 150,
  "elapsed_seconds": 837.0,
  "gain_kg": 20.698151950718625,
  "group": "cluster_fleet_h100_v2/clusters/family_0003",
  "in_fleet": false,
  "inserted": null,
  "peak_rss_mb": 113.59765625,
  "slot": 2,
  "status": "improved",
  "stopped": "",
  "total": 231,
  "wall_seconds": 126.72258402399893
}
{
  "after_kg": 501.43737166324433,
  "archived_kg": 492.40246406570844,
  "asteroids_after": 9,
  "asteroids_before": 9,
  "baseline_error_kg": 0.0,
  "certifications": 4,
  "done": 151,
  "elapsed_seconds": 839.3,
  "gain_kg": 9.034907597535891,
  "group": "cluster_fleet_h100_v2/clusters/family_100028",
  "in_fleet": false,
  "inserted": null,
  "peak_rss_mb": 111.9140625,
  "slot": 2,
  "status": "improved",
  "stopped": "",
  "total": 231,
  "wall_seconds": 88.32232100099645
}
{
  "after_kg": 493.22381930184804,
  "archived_kg": 485.8316221765914,
  "asteroids_after": 8,
  "asteroids_before": 8,
  "baseline_error_kg": 0.0,
  "certifications": 2,
  "done": 152,
  "elapsed_seconds": 840.0,
  "gain_kg": 7.392197125256644,
  "group": "cluster_fleet_h100_v2/clusters/family_300000",
  "in_fleet": false,
  "inserted": null,
  "peak_rss_mb": 111.77734375,
  "slot": 1,
  "status": "improved",
  "stopped": "",
  "total": 231,
  "wall_seconds": 63.230234638002
}
{
  "after_kg": 524.1615331964408,
  "archived_kg": 499.6577686516085,
  "asteroids_after": 8,
  "asteroids_before": 8,
  "baseline_error_kg": 0.0,
  "certifications": 5,
  "done": 153,
  "elapsed_seconds": 840.0,
  "gain_kg": 24.503764544832336,
  "group": "cluster_fleet_h100_v2/clusters/family_0004",
  "in_fleet": false,
  "inserted": null,
  "peak_rss_mb": 114.4453125,
  "slot": 2,
  "status": "improved",
  "stopped": "",
  "total": 231,
  "wall_seconds": 152.82652190799854
}
{
  "after_kg": 506.36550308008214,
  "archived_kg": 494.0451745379877,
  "asteroids_after": 10,
  "asteroids_before": 10,
  "baseline_error_kg": 0.0,
  "certifications": 3,
  "done": 154,
  "elapsed_seconds": 842.5,
  "gain_kg": 12.320328542094444,
  "group": "cluster_fleet_h100_v2/clusters/family_300029",
  "in_fleet": false,
  "inserted": null,
  "peak_rss_mb": 114.57421875,
  "slot": 2,
  "status": "improved",
  "stopped": "",
  "total": 231,
  "wall_seconds": 96.6879945039982
}
{
  "after_kg": 513.2101300479123,
  "archived_kg": 503.4907597535934,
  "asteroids_after": 9,
  "asteroids_before": 9,
  "baseline_error_kg": 0.0,
  "certifications": 5,
  "done": 155,
  "elapsed_seconds": 845.7,
  "gain_kg": 9.719370294318935,
  "group": "cluster_fleet_h100_v2/clusters/family_0004",
  "in_fleet": false,
  "inserted": null,
  "peak_rss_mb": 112.8984375,
  "slot": 1,
  "status": "improved",
  "stopped": "",
  "total": 231,
  "wall_seconds": 196.95144857999549
}
{
  "after_kg": 514.8528405201916,
  "archived_kg": 497.19370294318963,
  "asteroids_after": 8,
  "asteroids_before": 8,
  "baseline_error_kg": 0.0,
  "certifications": 4,
  "done": 156,
  "elapsed_seconds": 849.8,
  "gain_kg": 17.659137577002014,
  "group": "cluster_fleet_h100_v2/clusters/family_300001",
  "in_fleet": false,
  "inserted": null,
  "peak_rss_mb": 115.1953125,
  "slot": 1,
  "status": "improved",
  "stopped": "",
  "total": 231,
  "wall_seconds": 108.73112219399627
}
{
  "after_kg": 517.2347707049965,
  "archived_kg": 499.7946611909651,
  "asteroids_after": 7,
  "asteroids_before": 7,
  "baseline_error_kg": 0.0,
  "certifications": 6,
  "done": 157,
  "elapsed_seconds": 853.3,
  "gain_kg": 17.440109514031462,
  "group": "cluster_fleet_h100_v2/clusters/family_0008",
  "in_fleet": false,
  "inserted": null,
  "peak_rss_mb": 114.74609375,
  "slot": 1,
  "status": "improved",
  "stopped": "",
  "total": 231,
  "wall_seconds": 166.3528636379997
}
{
  "after_kg": 494.26420260095824,
  "archived_kg": 486.2422997946612,
  "asteroids_after": 8,
  "asteroids_before": 8,
  "baseline_error_kg": 0.0,
  "certifications": 3,
  "done": 158,
  "elapsed_seconds": 861.6,
  "gain_kg": 8.021902806297021,
  "group": "cluster_fleet_h100_v2/clusters/family_100018",
  "in_fleet": false,
  "inserted": null,
  "peak_rss_mb": 114.66796875,
  "slot": 1,
  "status": "improved",
  "stopped": "",
  "total": 231,
  "wall_seconds": 94.62336672799574
}
{
  "after_kg": 514.5242984257358,
  "archived_kg": 497.741273100616,
  "asteroids_after": 9,
  "asteroids_before": 9,
  "baseline_error_kg": 0.0,
  "certifications": 4,
  "done": 159,
  "elapsed_seconds": 864.0,
  "gain_kg": 16.783025325119752,
  "group": "cluster_fleet_h100_v2/clusters/family_0051",
  "in_fleet": false,
  "inserted": null,
  "peak_rss_mb": 111.98828125,
  "slot": 2,
  "status": "improved",
  "stopped": "",
  "total": 231,
  "wall_seconds": 126.40726048400393
}
{
  "after_kg": 505.9548254620123,
  "archived_kg": 493.63449691991786,
  "asteroids_after": 7,
  "asteroids_before": 7,
  "baseline_error_kg": 0.0,
  "certifications": 3,
  "done": 160,
  "elapsed_seconds": 866.4,
  "gain_kg": 12.320328542094444,
  "group": "cluster_fleet_h100_v2/clusters/family_200012",
  "in_fleet": false,
  "inserted": null,
  "peak_rss_mb": 114.734375,
  "slot": 3,
  "status": "improved",
  "stopped": "",
  "total": 231,
  "wall_seconds": 117.48782446699624
}
{
  "after_kg": 516.5229295003422,
  "archived_kg": 485.01026694045174,
  "asteroids_after": 7,
  "asteroids_before": 7,
  "baseline_error_kg": 0.0,
  "certifications": 3,
  "done": 161,
  "elapsed_seconds": 867.6,
  "gain_kg": 31.512662559890487,
  "group": "cluster_fleet_h100_v2/clusters/family_0036",
  "in_fleet": false,
  "inserted": null,
  "peak_rss_mb": 113.9140625,
  "slot": 1,
  "status": "improved",
  "stopped": "",
  "total": 231,
  "wall_seconds": 84.1603925360032
}
{
  "after_kg": 492.9500342231348,
  "archived_kg": 482.54620123203284,
  "asteroids_after": 8,
  "asteroids_before": 8,
  "baseline_error_kg": 0.0,
  "certifications": 4,
  "done": 162,
  "elapsed_seconds": 870.4,
  "gain_kg": 10.403832991101979,
  "group": "cluster_fleet_h100_v2/clusters/family_100012",
  "in_fleet": false,
  "inserted": null,
  "peak_rss_mb": 114.63671875,
  "slot": 3,
  "status": "improved",
  "stopped": "",
  "total": 231,
  "wall_seconds": 57.94214528900193
}
{
  "after_kg": 515.1266255989049,
  "archived_kg": 485.01026694045174,
  "asteroids_after": 9,
  "asteroids_before": 9,
  "baseline_error_kg": 0.0,
  "certifications": 4,
  "done": 163,
  "elapsed_seconds": 917.8,
  "gain_kg": 30.116358658453123,
  "group": "cluster_fleet_h100_v2/clusters/family_0099",
  "in_fleet": false,
  "inserted": null,
  "peak_rss_mb": 114.43359375,
  "slot": 1,
  "status": "improved",
  "stopped": "",
  "total": 231,
  "wall_seconds": 128.5735065599947
}
{
  "after_kg": 510.8829568788501,
  "archived_kg": 487.0636550308008,
  "asteroids_after": 9,
  "asteroids_before": 9,
  "baseline_error_kg": 0.0,
  "certifications": 6,
  "done": 164,
  "elapsed_seconds": 917.8,
  "gain_kg": 23.819301848049292,
  "group": "cluster_fleet_h100_v2/clusters/family_100049",
  "in_fleet": false,
  "inserted": null,
  "peak_rss_mb": 114.46484375,
  "slot": 1,
  "status": "improved",
  "stopped": "",
  "total": 231,
  "wall_seconds": 151.9593395300035
}
{
  "after_kg": 499.11019849418204,
  "archived_kg": 485.01026694045174,
  "asteroids_after": 9,
  "asteroids_before": 9,
  "baseline_error_kg": 0.0,
  "certifications": 4,
  "done": 165,
  "elapsed_seconds": 922.2,
  "gain_kg": 14.0999315537303,
  "group": "cluster_fleet_h100_v2/clusters/family_200006",
  "in_fleet": false,
  "inserted": null,
  "peak_rss_mb": 115.35546875,
  "slot": 2,
  "status": "improved",
  "stopped": "",
  "total": 231,
  "wall_seconds": 124.97901137300505
}
{
  "after_kg": 526.2149212867898,
  "archived_kg": 496.91991786447636,
  "asteroids_after": 9,
  "asteroids_before": 9,
  "baseline_error_kg": 0.0,
  "certifications": 6,
  "done": 166,
  "elapsed_seconds": 928.2,
  "gain_kg": 29.29500342231347,
  "group": "cluster_fleet_h100_v2/clusters/family_100040",
  "in_fleet": false,
  "inserted": null,
  "peak_rss_mb": 114.16015625,
  "slot": 2,
  "status": "improved",
  "stopped": "",
  "total": 231,
  "wall_seconds": 184.67342542100232
}
{
  "after_kg": 506.39288158795347,
  "archived_kg": 484.4626967830253,
  "asteroids_after": 7,
  "asteroids_before": 7,
  "baseline_error_kg": 0.0,
  "certifications": 5,
  "done": 167,
  "elapsed_seconds": 933.1,
  "gain_kg": 21.93018480492816,
  "group": "cluster_fleet_h100_v2/clusters/family_300007",
  "in_fleet": false,
  "inserted": null,
  "peak_rss_mb": 114.453125,
  "slot": 3,
  "status": "improved",
  "stopped": "",
  "total": 231,
  "wall_seconds": 125.1583811429955
}
{
  "after_kg": 491.9917864476386,
  "archived_kg": 480.35592060232716,
  "asteroids_after": 7,
  "asteroids_before": 7,
  "baseline_error_kg": 0.0,
  "certifications": 3,
  "done": 168,
  "elapsed_seconds": 944.2,
  "gain_kg": 11.635865845311457,
  "group": "cluster_fleet_h100_v2/clusters/family_0023",
  "in_fleet": false,
  "inserted": null,
  "peak_rss_mb": 114.4453125,
  "slot": 1,
  "status": "improved",
  "stopped": "",
  "total": 231,
  "wall_seconds": 104.14312509199954
}
{
  "after_kg": 531.1430527036276,
  "archived_kg": 495.4140999315537,
  "asteroids_after": 7,
  "asteroids_before": 7,
  "baseline_error_kg": 0.0,
  "certifications": 10,
  "done": 169,
  "elapsed_seconds": 948.4,
  "gain_kg": 35.72895277207391,
  "group": "cluster_fleet_h100_v2/clusters/family_0005",
  "in_fleet": false,
  "inserted": null,
  "peak_rss_mb": 114.7421875,
  "slot": 1,
  "status": "improved",
  "stopped": "certification budget",
  "total": 231,
  "wall_seconds": 203.71024571199814
}
{
  "after_kg": 496.2354551676934,
  "archived_kg": 482.135523613963,
  "asteroids_after": 9,
  "asteroids_before": 9,
  "baseline_error_kg": 0.0,
  "certifications": 5,
  "done": 170,
  "elapsed_seconds": 957.3,
  "gain_kg": 14.099931553730357,
  "group": "cluster_fleet_h100_v2/clusters/family_300009",
  "in_fleet": false,
  "inserted": null,
  "peak_rss_mb": 112.35546875,
  "slot": 2,
  "status": "improved",
  "stopped": "",
  "total": 231,
  "wall_seconds": 117.99397958900227
}
{
  "after_kg": 502.3956194387406,
  "archived_kg": 485.8316221765914,
  "asteroids_after": 9,
  "asteroids_before": 9,
  "baseline_error_kg": 0.0,
  "certifications": 4,
  "done": 171,
  "elapsed_seconds": 957.6,
  "gain_kg": 16.5639972621492,
  "group": "cluster_fleet_h100_v2/clusters/family_0010",
  "in_fleet": false,
  "inserted": null,
  "peak_rss_mb": 114.47265625,
  "slot": 1,
  "status": "improved",
  "stopped": "",
  "total": 231,
  "wall_seconds": 189.54049310000119
}
{
  "after_kg": 480.05475701574267,
  "archived_kg": 475.97535934291585,
  "asteroids_after": 8,
  "asteroids_before": 8,
  "baseline_error_kg": 0.0,
  "certifications": 4,
  "done": 172,
  "elapsed_seconds": 958.0,
  "gain_kg": 4.079397672826815,
  "group": "cluster_fleet_h100_v2/clusters/family_200006",
  "in_fleet": false,
  "inserted": null,
  "peak_rss_mb": 114.734375,
  "slot": 3,
  "status": "improved",
  "stopped": "",
  "total": 231,
  "wall_seconds": 91.65234665800381
}
{
  "after_kg": 491.74537987679673,
  "archived_kg": 482.54620123203284,
  "asteroids_after": 7,
  "asteroids_before": 7,
  "baseline_error_kg": 0.0,
  "certifications": 4,
  "done": 173,
  "elapsed_seconds": 958.8,
  "gain_kg": 9.19917864476389,
  "group": "cluster_fleet_h100_v2/clusters/family_100031",
  "in_fleet": false,
  "inserted": null,
  "peak_rss_mb": 114.60546875,
  "slot": 2,
  "status": "improved",
  "stopped": "",
  "total": 231,
  "wall_seconds": 134.25949009099713
}
{
  "after_kg": 480.9034907597536,
  "archived_kg": 475.564681724846,
  "asteroids_after": 9,
  "asteroids_before": 9,
  "baseline_error_kg": 0.0,
  "certifications": 5,
  "done": 174,
  "elapsed_seconds": 964.7,
  "gain_kg": 5.33880903490757,
  "group": "cluster_fleet_h100_v2/clusters/family_100056",
  "in_fleet": false,
  "inserted": null,
  "peak_rss_mb": 114.63671875,
  "slot": 1,
  "status": "improved",
  "stopped": "",
  "total": 231,
  "wall_seconds": 94.28348437599925
}
{
  "after_kg": 475.564681724846,
  "archived_kg": 474.33264887063655,
  "asteroids_after": 8,
  "asteroids_before": 8,
  "baseline_error_kg": 0.0,
  "certifications": 1,
  "done": 175,
  "elapsed_seconds": 965.9,
  "gain_kg": 1.2320328542094785,
  "group": "cluster_fleet_h100_v2/clusters/family_0017",
  "in_fleet": false,
  "inserted": null,
  "peak_rss_mb": 115.35546875,
  "slot": 2,
  "status": "improved",
  "stopped": "",
  "total": 231,
  "wall_seconds": 43.64694783899904
}
{
  "after_kg": 497.3579739904175,
  "archived_kg": 481.3141683778234,
  "asteroids_after": 8,
  "asteroids_before": 8,
  "baseline_error_kg": 0.0,
  "certifications": 4,
  "done": 176,
  "elapsed_seconds": 975.2,
  "gain_kg": 16.0438056125941,
  "group": "cluster_fleet_h100_v2/clusters/family_100064",
  "in_fleet": false,
  "inserted": null,
  "peak_rss_mb": 119.0703125,
  "slot": 3,
  "status": "improved",
  "stopped": "",
  "total": 231,
  "wall_seconds": 135.18802957300068
}
{
  "after_kg": 478.8501026694045,
  "archived_kg": 471.4579055441478,
  "asteroids_after": 9,
  "asteroids_before": 9,
  "baseline_error_kg": 0.0,
  "certifications": 1,
  "done": 177,
  "elapsed_seconds": 977.4,
  "gain_kg": 7.3921971252567005,
  "group": "cluster_fleet_h100_v2/clusters/family_0003",
  "in_fleet": false,
  "inserted": null,
  "peak_rss_mb": 112.35546875,
  "slot": 1,
  "status": "improved",
  "stopped": "",
  "total": 231,
  "wall_seconds": 20.040888866999012
}
{
  "after_kg": 503.79192334017796,
  "archived_kg": 478.4394250513347,
  "asteroids_after": 8,
  "asteroids_before": 8,
  "baseline_error_kg": 0.0,
  "certifications": 5,
  "done": 178,
  "elapsed_seconds": 986.7,
  "gain_kg": 25.352498288843265,
  "group": "cluster_fleet_h100_v2/clusters/family_300012",
  "in_fleet": false,
  "inserted": null,
  "peak_rss_mb": 114.57421875,
  "slot": 3,
  "status": "improved",
  "stopped": "",
  "total": 231,
  "wall_seconds": 144.26048865600023
}
{
  "after_kg": 492.1286789869952,
  "archived_kg": 478.4394250513347,
  "asteroids_after": 10,
  "asteroids_before": 10,
  "baseline_error_kg": 0.0,
  "certifications": 5,
  "done": 179,
  "elapsed_seconds": 1000.1,
  "gain_kg": 13.689253935660531,
  "group": "cluster_fleet_h100_v2/clusters/family_300022",
  "in_fleet": false,
  "inserted": null,
  "peak_rss_mb": 112.8984375,
  "slot": 2,
  "status": "improved",
  "stopped": "",
  "total": 231,
  "wall_seconds": 154.36379267399752
}
{
  "after_kg": 510.6091718001369,
  "archived_kg": 482.2724161533197,
  "asteroids_after": 7,
  "asteroids_before": 7,
  "baseline_error_kg": 0.0,
  "certifications": 4,
  "done": 180,
  "elapsed_seconds": 1002.4,
  "gain_kg": 28.33675564681721,
  "group": "cluster_fleet_h100_v2/clusters/family_100002",
  "in_fleet": false,
  "inserted": null,
  "peak_rss_mb": 113.59765625,
  "slot": 1,
  "status": "improved",
  "stopped": "",
  "total": 231,
  "wall_seconds": 165.43000650100294
}
{
  "after_kg": 491.3894592744695,
  "archived_kg": 477.2073921971253,
  "asteroids_after": 8,
  "asteroids_before": 8,
  "baseline_error_kg": 0.0,
  "certifications": 4,
  "done": 181,
  "elapsed_seconds": 1003.3,
  "gain_kg": 14.182067077344243,
  "group": "cluster_fleet_h100_v2/clusters/family_300017",
  "in_fleet": false,
  "inserted": null,
  "peak_rss_mb": 114.66796875,
  "slot": 2,
  "status": "improved",
  "stopped": "",
  "total": 231,
  "wall_seconds": 141.73955037300038
}
{
  "after_kg": 479.26078028747435,
  "archived_kg": 469.40451745379875,
  "asteroids_after": 9,
  "asteroids_before": 9,
  "baseline_error_kg": 0.0,
  "certifications": 2,
  "done": 182,
  "elapsed_seconds": 1014.2,
  "gain_kg": 9.8562628336756,
  "group": "cluster_fleet_h100_v2/clusters/family_0015",
  "in_fleet": false,
  "inserted": null,
  "peak_rss_mb": 112.35546875,
  "slot": 1,
  "status": "improved",
  "stopped": "",
  "total": 231,
  "wall_seconds": 36.83773913999903
}
{
  "after_kg": 487.47433264887064,
  "archived_kg": 474.33264887063655,
  "asteroids_after": 9,
  "asteroids_before": 9,
  "baseline_error_kg": 0.0,
  "certifications": 3,
  "done": 183,
  "elapsed_seconds": 1015.5,
  "gain_kg": 13.141683778234096,
  "group": "cluster_fleet_h100_v2/clusters/family_0051",
  "in_fleet": false,
  "inserted": null,
  "peak_rss_mb": 114.16015625,
  "slot": 1,
  "status": "improved",
  "stopped": "",
  "total": 231,
  "wall_seconds": 87.3050468079964
}
{
  "after_kg": 513.347022587269,
  "archived_kg": 477.61806981519504,
  "asteroids_after": 8,
  "asteroids_before": 8,
  "baseline_error_kg": 0.0,
  "certifications": 6,
  "done": 184,
  "elapsed_seconds": 1023.2,
  "gain_kg": 35.72895277207391,
  "group": "cluster_fleet_h100_v2/clusters/family_0020",
  "in_fleet": false,
  "inserted": null,
  "peak_rss_mb": 114.74609375,
  "slot": 1,
  "status": "improved",
  "stopped": "",
  "total": 231,
  "wall_seconds": 169.875095976
}
{
  "after_kg": 507.32375085557834,
  "archived_kg": 483.5044490075291,
  "asteroids_after": 7,
  "asteroids_before": 7,
  "baseline_error_kg": 0.0,
  "certifications": 7,
  "done": 185,
  "elapsed_seconds": 1024.5,
  "gain_kg": 23.819301848049236,
  "group": "cluster_fleet_h100_v2/clusters/family_300006",
  "in_fleet": false,
  "inserted": null,
  "peak_rss_mb": 114.03515625,
  "slot": 2,
  "status": "improved",
  "stopped": "",
  "total": 231,
  "wall_seconds": 213.43894597100007
}
{
  "after_kg": 492.9500342231348,
  "archived_kg": 474.7433264887064,
  "asteroids_after": 10,
  "asteroids_before": 10,
  "baseline_error_kg": 0.0,
  "certifications": 4,
  "done": 186,
  "elapsed_seconds": 1026.7,
  "gain_kg": 18.20670773442845,
  "group": "cluster_fleet_h100_v2/clusters/family_100030",
  "in_fleet": false,
  "inserted": null,
  "peak_rss_mb": 114.46484375,
  "slot": 1,
  "status": "improved",
  "stopped": "",
  "total": 231,
  "wall_seconds": 108.8872204750005
}
{
  "after_kg": 486.7898699520876,
  "archived_kg": 470.91033538672144,
  "asteroids_after": 8,
  "asteroids_before": 8,
  "baseline_error_kg": 0.0,
  "certifications": 3,
  "done": 187,
  "elapsed_seconds": 1028.8,
  "gain_kg": 15.879534565366157,
  "group": "cluster_fleet_h100_v2/clusters/family_0001",
  "in_fleet": false,
  "inserted": null,
  "peak_rss_mb": 114.63671875,
  "slot": 3,
  "status": "improved",
  "stopped": "",
  "total": 231,
  "wall_seconds": 64.13665943299566
}
{
  "after_kg": 466.94045174537985,
  "archived_kg": 466.94045174537985,
  "asteroids_after": 9,
  "asteroids_before": 9,
  "baseline_error_kg": 0.0,
  "certifications": 0,
  "done": 188,
  "elapsed_seconds": 1030.8,
  "gain_kg": 0.0,
  "group": "cluster_fleet_h100_v2/clusters/family_200008",
  "in_fleet": false,
  "inserted": null,
  "peak_rss_mb": 114.74609375,
  "slot": 1,
  "status": "no gain",
  "stopped": "",
  "total": 231,
  "wall_seconds": 7.621483570001146
}
{
  "after_kg": 480.9034907597536,
  "archived_kg": 474.7433264887064,
  "asteroids_after": 8,
  "asteroids_before": 8,
  "baseline_error_kg": 0.0,
  "certifications": 4,
  "done": 189,
  "elapsed_seconds": 1030.8,
  "gain_kg": 6.160164271047222,
  "group": "cluster_fleet_h100_v2/clusters/family_100015",
  "in_fleet": false,
  "inserted": null,
  "peak_rss_mb": 114.43359375,
  "slot": 2,
  "status": "improved",
  "stopped": "",
  "total": 231,
  "wall_seconds": 113.00397620999865
}
{
  "after_kg": 476.249144421629,
  "archived_kg": 471.4579055441478,
  "asteroids_after": 7,
  "asteroids_before": 7,
  "baseline_error_kg": 0.0,
  "certifications": 3,
  "done": 190,
  "elapsed_seconds": 1032.3,
  "gain_kg": 4.791238877481192,
  "group": "cluster_fleet_h100_v2/clusters/family_100017",
  "in_fleet": false,
  "inserted": null,
  "peak_rss_mb": 114.47265625,
  "slot": 3,
  "status": "improved",
  "stopped": "",
  "total": 231,
  "wall_seconds": 74.66998692699417
}
{
  "after_kg": 487.2826830937714,
  "archived_kg": 473.1006160164271,
  "asteroids_after": 7,
  "asteroids_before": 7,
  "baseline_error_kg": 0.0,
  "certifications": 4,
  "done": 191,
  "elapsed_seconds": 1033.9,
  "gain_kg": 14.1820670773443,
  "group": "cluster_fleet_h100_v2/clusters/family_300002",
  "in_fleet": false,
  "inserted": null,
  "peak_rss_mb": 114.453125,
  "slot": 1,
  "status": "improved",
  "stopped": "",
  "total": 231,
  "wall_seconds": 100.77234640399547
}
{
  "after_kg": 491.5811088295688,
  "archived_kg": 478.02874743326487,
  "asteroids_after": 8,
  "asteroids_before": 8,
  "baseline_error_kg": 0.0,
  "certifications": 4,
  "done": 192,
  "elapsed_seconds": 1037.7,
  "gain_kg": 13.552361396303922,
  "group": "cluster_fleet_h100_v2/clusters/family_0008",
  "in_fleet": false,
  "inserted": null,
  "peak_rss_mb": 115.1953125,
  "slot": 3,
  "status": "improved",
  "stopped": "",
  "total": 231,
  "wall_seconds": 187.85399052600405
}
{
  "after_kg": 463.65503080082135,
  "archived_kg": 463.65503080082135,
  "asteroids_after": 9,
  "asteroids_before": 9,
  "baseline_error_kg": 0.0,
  "certifications": 0,
  "done": 193,
  "elapsed_seconds": 1045.7,
  "gain_kg": 0.0,
  "group": "cluster_fleet_h100_v2/clusters/family_300031",
  "in_fleet": false,
  "inserted": null,
  "peak_rss_mb": 115.1953125,
  "slot": 1,
  "status": "no gain",
  "stopped": "",
  "total": 231,
  "wall_seconds": 7.987874279999232
}
{
  "after_kg": 473.9219712525667,
  "archived_kg": 467.7618069815195,
  "asteroids_after": 8,
  "asteroids_before": 8,
  "baseline_error_kg": 0.0,
  "certifications": 1,
  "done": 194,
  "elapsed_seconds": 1046.4,
  "gain_kg": 6.160164271047222,
  "group": "cluster_fleet_h100_v2/clusters/family_300010",
  "in_fleet": false,
  "inserted": null,
  "peak_rss_mb": 114.66796875,
  "slot": 1,
  "status": "improved",
  "stopped": "",
  "total": 231,
  "wall_seconds": 43.09985517599853
}
{
  "after_kg": 501.98494182067077,
  "archived_kg": 475.9753593429158,
  "asteroids_after": 8,
  "asteroids_before": 8,
  "baseline_error_kg": 0.0,
  "certifications": 5,
  "done": 195,
  "elapsed_seconds": 1046.4,
  "gain_kg": 26.009582477754975,
  "group": "cluster_fleet_h100_v2/clusters/family_200029",
  "in_fleet": false,
  "inserted": null,
  "peak_rss_mb": 114.54296875,
  "slot": 2,
  "status": "improved",
  "stopped": "",
  "total": 231,
  "wall_seconds": 178.79557599299733
}
{
  "after_kg": 478.8501026694045,
  "archived_kg": 469.8151950718686,
  "asteroids_after": 8,
  "asteroids_before": 8,
  "baseline_error_kg": 0.0,
  "certifications": 3,
  "done": 196,
  "elapsed_seconds": 1055.6,
  "gain_kg": 9.034907597535948,
  "group": "cluster_fleet_h100_v2/clusters/family_100017",
  "in_fleet": false,
  "inserted": null,
  "peak_rss_mb": 119.0703125,
  "slot": 2,
  "status": "improved",
  "stopped": "",
  "total": 231,
  "wall_seconds": 80.36186296499363
}
{
  "after_kg": 469.8151950718686,
  "archived_kg": 467.3511293634497,
  "asteroids_after": 9,
  "asteroids_before": 9,
  "baseline_error_kg": 0.0,
  "certifications": 2,
  "done": 197,
  "elapsed_seconds": 1058.9,
  "gain_kg": 2.4640657084189,
  "group": "cluster_fleet_h100_v2/clusters/family_100004",
  "in_fleet": false,
  "inserted": null,
  "peak_rss_mb": 114.16015625,
  "slot": 2,
  "status": "improved",
  "stopped": "",
  "total": 231,
  "wall_seconds": 43.39648011900135
}
{
  "after_kg": 465.5715263518138,
  "archived_kg": 464.476386036961,
  "asteroids_after": 7,
  "asteroids_before": 7,
  "baseline_error_kg": 0.0,
  "certifications": 1,
  "done": 198,
  "elapsed_seconds": 1064.9,
  "gain_kg": 1.095140314852813,
  "group": "cluster_fleet_h100_v2/clusters/family_100039",
  "in_fleet": false,
  "inserted": null,
  "peak_rss_mb": 114.47265625,
  "slot": 2,
  "status": "improved",
  "stopped": "",
  "total": 231,
  "wall_seconds": 32.56120999099949
}
{
  "after_kg": 481.86173853524986,
  "archived_kg": 470.91033538672144,
  "asteroids_after": 8,
  "asteroids_before": 8,
  "baseline_error_kg": 0.0,
  "certifications": 3,
  "done": 199,
  "elapsed_seconds": 1065.9,
  "gain_kg": 10.951403148528414,
  "group": "cluster_fleet_h100_v2/clusters/family_100064",
  "in_fleet": false,
  "inserted": null,
  "peak_rss_mb": 117.98828125,
  "slot": 1,
  "status": "improved",
  "stopped": "",
  "total": 231,
  "wall_seconds": 100.04205094600184
}
{
  "after_kg": 479.3976728268309,
  "archived_kg": 472.6899383983573,
  "asteroids_after": 8,
  "asteroids_before": 8,
  "baseline_error_kg": 0.0,
  "certifications": 3,
  "done": 200,
  "elapsed_seconds": 1069.0,
  "gain_kg": 6.7077344284736,
  "group": "cluster_fleet_h100_v2/clusters/family_100067",
  "in_fleet": false,
  "inserted": null,
  "peak_rss_mb": 115.1328125,
  "slot": 2,
  "status": "improved",
  "stopped": "",
  "total": 231,
  "wall_seconds": 124.85809005399642
}
{
  "after_kg": 469.8151950718686,
  "archived_kg": 464.88706365503083,
  "asteroids_after": 8,
  "asteroids_before": 8,
  "baseline_error_kg": 0.0,
  "certifications": 2,
  "done": 201,
  "elapsed_seconds": 1096.4,
  "gain_kg": 4.9281314168377435,
  "group": "cluster_fleet_h100_v2/clusters/family_0011",
  "in_fleet": false,
  "inserted": null,
  "peak_rss_mb": 114.46484375,
  "slot": 3,
  "status": "improved",
  "stopped": "",
  "total": 231,
  "wall_seconds": 69.62217657099973
}
{
  "after_kg": 481.9986310746064,
  "archived_kg": 469.40451745379875,
  "asteroids_after": 7,
  "asteroids_before": 7,
  "baseline_error_kg": 0.0,
  "certifications": 5,
  "done": 202,
  "elapsed_seconds": 1099.1,
  "gain_kg": 12.594113620807661,
  "group": "cluster_fleet_h100_v2/clusters/family_300036",
  "in_fleet": false,
  "inserted": null,
  "peak_rss_mb": 114.57421875,
  "slot": 2,
  "status": "improved",
  "stopped": "",
  "total": 231,
  "wall_seconds": 112.36509219500294
}
{
  "after_kg": 526.0780287474332,
  "archived_kg": 476.93360711841206,
  "asteroids_after": 8,
  "asteroids_before": 8,
  "baseline_error_kg": 0.0,
  "certifications": 10,
  "done": 203,
  "elapsed_seconds": 1100.0,
  "gain_kg": 49.14442162902117,
  "group": "cluster_fleet_h100_v2/clusters/family_100003",
  "in_fleet": false,
  "inserted": null,
  "peak_rss_mb": 111.98828125,
  "slot": 2,
  "status": "improved",
  "stopped": "certification budget",
  "total": 231,
  "wall_seconds": 235.95046446299966
}
{
  "after_kg": 465.98220396988364,
  "archived_kg": 461.19096509240245,
  "asteroids_after": 8,
  "asteroids_before": 8,
  "baseline_error_kg": 0.0,
  "certifications": 2,
  "done": 204,
  "elapsed_seconds": 1105.9,
  "gain_kg": 4.791238877481192,
  "group": "cluster_fleet_h100_v2/clusters/family_100004",
  "in_fleet": false,
  "inserted": null,
  "peak_rss_mb": 114.54296875,
  "slot": 1,
  "status": "improved",
  "stopped": "",
  "total": 231,
  "wall_seconds": 59.49034346699773
}
{
  "after_kg": 483.9151266255989,
  "archived_kg": 471.047227926078,
  "asteroids_after": 8,
  "asteroids_before": 8,
  "baseline_error_kg": 0.0,
  "certifications": 4,
  "done": 205,
  "elapsed_seconds": 1108.4,
  "gain_kg": 12.867898699520879,
  "group": "cluster_fleet_h100_v2/clusters/family_300061",
  "in_fleet": false,
  "inserted": null,
  "peak_rss_mb": 116.70703125,
  "slot": 2,
  "status": "improved",
  "stopped": "",
  "total": 231,
  "wall_seconds": 149.57205552900268
}
{
  "after_kg": 497.8781656399726,
  "archived_kg": 472.2792607802875,
  "asteroids_after": 8,
  "asteroids_before": 8,
  "baseline_error_kg": 0.0,
  "certifications": 6,
  "done": 206,
  "elapsed_seconds": 1113.3,
  "gain_kg": 25.59890485968515,
  "group": "cluster_fleet_h100_v2/clusters/family_100009",
  "in_fleet": false,
  "inserted": null,
  "peak_rss_mb": 114.7421875,
  "slot": 2,
  "status": "improved",
  "stopped": "",
  "total": 231,
  "wall_seconds": 164.9092342590011
}
{
  "after_kg": 451.7453798767967,
  "archived_kg": 451.7453798767967,
  "asteroids_after": 7,
  "asteroids_before": 7,
  "baseline_error_kg": Infinity,
  "certifications": 0,
  "done": 207,
  "elapsed_seconds": 1114.3,
  "gain_kg": 0.0,
  "group": "cluster_fleet_h100_v2/clusters/family_300036",
  "in_fleet": false,
  "inserted": null,
  "peak_rss_mb": 114.7421875,
  "slot": 3,
  "status": "no gain",
  "stopped": "",
  "total": 231,
  "wall_seconds": 0.9993816569985938
}
{
  "after_kg": 471.73169062286104,
  "archived_kg": 464.476386036961,
  "asteroids_after": 8,
  "asteroids_before": 8,
  "baseline_error_kg": 0.0,
  "certifications": 3,
  "done": 208,
  "elapsed_seconds": 1120.0,
  "gain_kg": 7.255304585900035,
  "group": "cluster_fleet_h100_v2/clusters/family_0011",
  "in_fleet": false,
  "inserted": null,
  "peak_rss_mb": 114.4609375,
  "slot": 2,
  "status": "improved",
  "stopped": "",
  "total": 231,
  "wall_seconds": 89.17060016500182
}
{
  "after_kg": 470.6365503080082,
  "archived_kg": 459.5482546201232,
  "asteroids_after": 8,
  "asteroids_before": 8,
  "baseline_error_kg": 0.0,
  "certifications": 2,
  "done": 209,
  "elapsed_seconds": 1122.4,
  "gain_kg": 11.088295687885022,
  "group": "cluster_fleet_h100_v2/clusters/family_300001",
  "in_fleet": false,
  "inserted": null,
  "peak_rss_mb": 114.16015625,
  "slot": 3,
  "status": "improved",
  "stopped": "",
  "total": 231,
  "wall_seconds": 63.57926359100384
}
{
  "after_kg": 468.5284052019165,
  "archived_kg": 464.0657084188912,
  "asteroids_after": 7,
  "asteroids_before": 7,
  "baseline_error_kg": 0.0,
  "certifications": 3,
  "done": 210,
  "elapsed_seconds": 1122.5,
  "gain_kg": 4.462696783025308,
  "group": "cluster_fleet_h100_v2/clusters/family_300019",
  "in_fleet": false,
  "inserted": null,
  "peak_rss_mb": 114.453125,
  "slot": 1,
  "status": "improved",
  "stopped": "",
  "total": 231,
  "wall_seconds": 88.60597722899547
}
{
  "after_kg": 478.3025325119781,
  "archived_kg": 464.8870636550308,
  "asteroids_after": 9,
  "asteroids_before": 9,
  "baseline_error_kg": 0.0,
  "certifications": 4,
  "done": 211,
  "elapsed_seconds": 1122.9,
  "gain_kg": 13.415468856947314,
  "group": "cluster_fleet_h100_v2/clusters/family_300005",
  "in_fleet": false,
  "inserted": null,
  "peak_rss_mb": 114.91796875,
  "slot": 1,
  "status": "improved",
  "stopped": "",
  "total": 231,
  "wall_seconds": 92.06953585500014
}
{
  "after_kg": 478.1656399726215,
  "archived_kg": 468.993839835729,
  "asteroids_after": 9,
  "asteroids_before": 9,
  "baseline_error_kg": 0.0,
  "certifications": 4,
  "done": 212,
  "elapsed_seconds": 1130.8,
  "gain_kg": 9.1718001368925,
  "group": "cluster_fleet_h100_v2/clusters/family_300063",
  "in_fleet": false,
  "inserted": null,
  "peak_rss_mb": 112.8984375,
  "slot": 2,
  "status": "improved",
  "stopped": "",
  "total": 231,
  "wall_seconds": 130.67659722000099
}
{
  "after_kg": 470.4996577686516,
  "archived_kg": 465.2977412731006,
  "asteroids_after": 9,
  "asteroids_before": 9,
  "baseline_error_kg": 0.0,
  "certifications": 3,
  "done": 213,
  "elapsed_seconds": 1131.9,
  "gain_kg": 5.201916495551018,
  "group": "cluster_fleet_h100_v2/clusters/family_0009",
  "in_fleet": false,
  "inserted": null,
  "peak_rss_mb": 114.03515625,
  "slot": 3,
  "status": "improved",
  "stopped": "",
  "total": 231,
  "wall_seconds": 107.36861487400165
}
{
  "after_kg": 458.1793292265572,
  "archived_kg": 457.0841889117043,
  "asteroids_after": 8,
  "asteroids_before": 8,
  "baseline_error_kg": 0.0,
  "certifications": 2,
  "done": 214,
  "elapsed_seconds": 1132.9,
  "gain_kg": 1.0951403148528698,
  "group": "cluster_fleet_h100_v2/clusters/family_100013",
  "in_fleet": false,
  "inserted": null,
  "peak_rss_mb": 115.1328125,
  "slot": 2,
  "status": "improved",
  "stopped": "",
  "total": 231,
  "wall_seconds": 63.851311785998405
}
{
  "after_kg": 483.44969199178644,
  "archived_kg": 471.047227926078,
  "asteroids_after": 8,
  "asteroids_before": 8,
  "baseline_error_kg": 0.0,
  "certifications": 6,
  "done": 215,
  "elapsed_seconds": 1134.6,
  "gain_kg": 12.402464065708443,
  "group": "cluster_fleet_h100_v2/clusters/family_100012",
  "in_fleet": false,
  "inserted": null,
  "peak_rss_mb": 114.734375,
  "slot": 2,
  "status": "improved",
  "stopped": "",
  "total": 231,
  "wall_seconds": 176.5229571689997
}
{
  "after_kg": 473.4565366187543,
  "archived_kg": 464.8870636550308,
  "asteroids_after": 9,
  "asteroids_before": 9,
  "baseline_error_kg": 0.0,
  "certifications": 4,
  "done": 216,
  "elapsed_seconds": 1136.3,
  "gain_kg": 8.569472963723513,
  "group": "cluster_fleet_h100_v2/clusters/family_200017",
  "in_fleet": false,
  "inserted": null,
  "peak_rss_mb": 114.63671875,
  "slot": 2,
  "status": "improved",
  "stopped": "",
  "total": 231,
  "wall_seconds": 107.47469860700221
}
{
  "after_kg": 475.4277891854894,
  "archived_kg": 468.1724845995893,
  "asteroids_after": 8,
  "asteroids_before": 8,
  "baseline_error_kg": 0.0,
  "certifications": 4,
  "done": 217,
  "elapsed_seconds": 1150.2,
  "gain_kg": 7.255304585900092,
  "group": "cluster_fleet_h100_v2/clusters/family_0052",
  "in_fleet": false,
  "inserted": null,
  "peak_rss_mb": 113.59765625,
  "slot": 1,
  "status": "improved",
  "stopped": "",
  "total": 231,
  "wall_seconds": 147.76602483799797
}
{
  "after_kg": 468.1724845995893,
  "archived_kg": 455.8521560574949,
  "asteroids_after": 8,
  "asteroids_before": 8,
  "baseline_error_kg": 0.0,
  "certifications": 3,
  "done": 218,
  "elapsed_seconds": 1152.3,
  "gain_kg": 12.320328542094444,
  "group": "cluster_fleet_h100_v2/clusters/family_300010",
  "in_fleet": false,
  "inserted": null,
  "peak_rss_mb": 112.59375,
  "slot": 2,
  "status": "improved",
  "stopped": "",
  "total": 231,
  "wall_seconds": 52.30767220100097
}
{
  "after_kg": 473.9767282683094,
  "archived_kg": 462.0123203285421,
  "asteroids_after": 8,
  "asteroids_before": 8,
  "baseline_error_kg": 0.0,
  "certifications": 4,
  "done": 219,
  "elapsed_seconds": 1154.9,
  "gain_kg": 11.964407939767284,
  "group": "cluster_fleet_h100_v2/clusters/family_100006",
  "in_fleet": false,
  "inserted": null,
  "peak_rss_mb": 114.66796875,
  "slot": 2,
  "status": "improved",
  "stopped": "",
  "total": 231,
  "wall_seconds": 108.44048422299966
}
{
  "after_kg": 468.1724845995893,
  "archived_kg": 457.0841889117043,
  "asteroids_after": 8,
  "asteroids_before": 8,
  "baseline_error_kg": 0.0,
  "certifications": 3,
  "done": 220,
  "elapsed_seconds": 1162.3,
  "gain_kg": 11.088295687885022,
  "group": "cluster_fleet_h100_v2/clusters/family_100030",
  "in_fleet": false,
  "inserted": null,
  "peak_rss_mb": 114.46484375,
  "slot": 3,
  "status": "improved",
  "stopped": "",
  "total": 231,
  "wall_seconds": 65.96325773499848
}
{
  "after_kg": 463.6002737850787,
  "archived_kg": 457.90554414784395,
  "asteroids_after": 9,
  "asteroids_before": 9,
  "baseline_error_kg": 0.0,
  "certifications": 3,
  "done": 221,
  "elapsed_seconds": 1162.7,
  "gain_kg": 5.69472963723473,
  "group": "cluster_fleet_h100_v2/clusters/family_300061",
  "in_fleet": false,
  "inserted": null,
  "peak_rss_mb": 117.98828125,
  "slot": 1,
  "status": "improved",
  "stopped": "",
  "total": 231,
  "wall_seconds": 96.81518569800392
}
{
  "after_kg": 489.5277207392197,
  "archived_kg": 460.7802874743326,
  "asteroids_after": 9,
  "asteroids_before": 9,
  "baseline_error_kg": 0.0,
  "certifications": 4,
  "done": 222,
  "elapsed_seconds": 1172.1,
  "gain_kg": 28.747433264887093,
  "group": "cluster_fleet_h100_v2/clusters/family_0020",
  "in_fleet": false,
  "inserted": null,
  "peak_rss_mb": 119.0703125,
  "slot": 3,
  "status": "improved",
  "stopped": "",
  "total": 231,
  "wall_seconds": 116.51280145999772
}
{
  "after_kg": 482.95687885010267,
  "archived_kg": 463.2443531827516,
  "asteroids_after": 9,
  "asteroids_before": 9,
  "baseline_error_kg": 0.0,
  "certifications": 5,
  "done": 223,
  "elapsed_seconds": 1173.1,
  "gain_kg": 19.712525667351088,
  "group": "cluster_fleet_h100_v2/clusters/family_200021",
  "in_fleet": false,
  "inserted": null,
  "peak_rss_mb": 115.1953125,
  "slot": 1,
  "status": "improved",
  "stopped": "",
  "total": 231,
  "wall_seconds": 127.40858874900005
}
{
  "after_kg": 464.0657084188912,
  "archived_kg": 454.2094455852156,
  "asteroids_after": 9,
  "asteroids_before": 9,
  "baseline_error_kg": 0.0,
  "certifications": 3,
  "done": 224,
  "elapsed_seconds": 1173.5,
  "gain_kg": 9.8562628336756,
  "group": "cluster_fleet_h100_v2/clusters/family_100033",
  "in_fleet": false,
  "inserted": null,
  "peak_rss_mb": 114.54296875,
  "slot": 2,
  "status": "improved",
  "stopped": "",
  "total": 231,
  "wall_seconds": 67.5889610919985
}
{
  "after_kg": 511.9780971937029,
  "archived_kg": 467.6249144421629,
  "asteroids_after": 7,
  "asteroids_before": 7,
  "baseline_error_kg": 0.0,
  "certifications": 10,
  "done": 225,
  "elapsed_seconds": 1175.4,
  "gain_kg": 44.35318275154003,
  "group": "cluster_fleet_h100_v2/clusters/family_0025",
  "in_fleet": false,
  "inserted": null,
  "peak_rss_mb": 112.5234375,
  "slot": 3,
  "status": "improved",
  "stopped": "certification budget",
  "total": 231,
  "wall_seconds": 161.1820463499971
}
{
  "after_kg": 513.347022587269,
  "archived_kg": 456.1259411362081,
  "asteroids_after": 8,
  "asteroids_before": 8,
  "baseline_error_kg": 0.0,
  "certifications": 3,
  "done": 226,
  "elapsed_seconds": 1180.5,
  "gain_kg": 57.221081451060854,
  "group": "cluster_fleet_h100_v2/clusters/family_300005",
  "in_fleet": false,
  "inserted": null,
  "peak_rss_mb": 114.57421875,
  "slot": 2,
  "status": "improved",
  "stopped": "",
  "total": 231,
  "wall_seconds": 81.3727590760027
}
{
  "after_kg": 467.21423682409306,
  "archived_kg": 453.7987679671458,
  "asteroids_after": 8,
  "asteroids_before": 8,
  "baseline_error_kg": 0.0,
  "certifications": 3,
  "done": 227,
  "elapsed_seconds": 1188.3,
  "gain_kg": 13.415468856947257,
  "group": "cluster_fleet_h100_v2/clusters/family_0099",
  "in_fleet": false,
  "inserted": null,
  "peak_rss_mb": 116.70703125,
  "slot": 2,
  "status": "improved",
  "stopped": "",
  "total": 231,
  "wall_seconds": 79.86644011099997
}
{
  "after_kg": 483.5044490075291,
  "archived_kg": 451.4715947980835,
  "asteroids_after": 7,
  "asteroids_before": 7,
  "baseline_error_kg": 0.0,
  "certifications": 3,
  "done": 228,
  "elapsed_seconds": 1194.0,
  "gain_kg": 32.03285420944559,
  "group": "cluster_fleet_h100_v2/clusters/family_100006",
  "in_fleet": false,
  "inserted": null,
  "peak_rss_mb": 114.7421875,
  "slot": 3,
  "status": "improved",
  "stopped": "",
  "total": 231,
  "wall_seconds": 79.64480498599733
}
{
  "after_kg": 460.50650239561946,
  "archived_kg": 451.3347022587269,
  "asteroids_after": 8,
  "asteroids_before": 8,
  "baseline_error_kg": 0.0,
  "certifications": 4,
  "done": 229,
  "elapsed_seconds": 1195.6,
  "gain_kg": 9.171800136892557,
  "group": "cluster_fleet_h100_v2/clusters/family_100056",
  "in_fleet": false,
  "inserted": null,
  "peak_rss_mb": 114.4609375,
  "slot": 2,
  "status": "improved",
  "stopped": "",
  "total": 231,
  "wall_seconds": 75.6324988599954
}
{
  "after_kg": 482.40930869267623,
  "archived_kg": 459.1375770020534,
  "asteroids_after": 8,
  "asteroids_before": 8,
  "baseline_error_kg": 0.0,
  "certifications": 5,
  "done": 230,
  "elapsed_seconds": 1196.4,
  "gain_kg": 23.271731690622858,
  "group": "cluster_fleet_h100_v2/clusters/family_100003",
  "in_fleet": false,
  "inserted": null,
  "peak_rss_mb": 114.47265625,
  "slot": 3,
  "status": "improved",
  "stopped": "",
  "total": 231,
  "wall_seconds": 131.52640773799794
}
{
  "after_kg": 465.16084873374405,
  "archived_kg": 450.51334702258725,
  "asteroids_after": 8,
  "asteroids_before": 8,
  "baseline_error_kg": 0.0,
  "certifications": 4,
  "done": 231,
  "elapsed_seconds": 1217.3,
  "gain_kg": 14.647501711156792,
  "group": "cluster_fleet_h100_v2/clusters/family_200003",
  "in_fleet": false,
  "inserted": null,
  "peak_rss_mb": 114.16015625,
  "slot": 3,
  "status": "improved",
  "stopped": "",
  "total": 231,
  "wall_seconds": 94.83681718399748
}
{
  "attempted": 231,
  "fleet_average_after_kg": null,
  "fleet_average_before_kg": null,
  "fleet_ships": 0,
  "gain_kg_total": 3211.64,
  "improved": 219,
  "inserted": 0,
  "peak_rss_mb": 111.71484375,
  "run_id": "joint_itinerary_h100_v2",
  "tasks": 231,
  "wall_seconds_total": 1217.406354865001,
  "worker_peak_rss_mb": 119.0703125
}
