{
  "after_kg": 548.3915126625599,
  "archived_kg": 548.3915126625599,
  "asteroids_after": 9,
  "asteroids_before": 9,
  "baseline_error_kg": 0.0,
  "certifications": 0,
  "done": 1,
  "elapsed_seconds": 4.1,
  "gain_kg": 0.0,
  "group": "joint_itinerary_v2/ships/cluster_fleet_v4_clusters_family_0355",
  "in_fleet": true,
  "inserted": null,
  "peak_rss_mb": 106.90234375,
  "slot": 1,
  "status": "no gain",
  "stopped": "",
  "total": 339,
  "wall_seconds": 3.850319592998858
}
{
  "after_kg": 601.7796030116359,
  "archived_kg": 601.7796030116359,
  "asteroids_after": 9,
  "asteroids_before": 9,
  "baseline_error_kg": 0.0,
  "certifications": 0,
  "done": 2,
  "elapsed_seconds": 4.5,
  "gain_kg": 0.0,
  "group": "joint_itinerary_v1/ships/cluster_fleet_v6_clusters_family_0001",
  "in_fleet": true,
  "inserted": null,
  "peak_rss_mb": 107.43359375,
  "slot": 1,
  "status": "no gain",
  "stopped": "",
  "total": 339,
  "wall_seconds": 4.225942712997494
}
{
  "after_kg": 582.3408624229979,
  "archived_kg": 582.3408624229979,
  "asteroids_after": 9,
  "asteroids_before": 9,
  "baseline_error_kg": 0.0,
  "certifications": 0,
  "done": 3,
  "elapsed_seconds": 8.2,
  "gain_kg": 0.0,
  "group": "joint_itinerary_v2/ships/cluster_fleet_v6_clusters_family_0007",
  "in_fleet": true,
  "inserted": null,
  "peak_rss_mb": 108.66015625,
  "slot": 2,
  "status": "no gain",
  "stopped": "",
  "total": 339,
  "wall_seconds": 4.052291606996732
}
{
  "after_kg": 612.2655715263518,
  "archived_kg": 612.2655715263518,
  "asteroids_after": 9,
  "asteroids_before": 9,
  "baseline_error_kg": 0.0,
  "certifications": 0,
  "done": 4,
  "elapsed_seconds": 8.9,
  "gain_kg": 0.0,
  "group": "joint_itinerary_v1/ships/cluster_fleet_v6_clusters_family_0025",
  "in_fleet": true,
  "inserted": null,
  "peak_rss_mb": 108.89453125,
  "slot": 5,
  "status": "no gain",
  "stopped": "",
  "total": 339,
  "wall_seconds": 4.434387788001914
}
{
  "after_kg": 567.3100616016427,
  "archived_kg": 566.735112936345,
  "asteroids_after": 8,
  "asteroids_before": 8,
  "baseline_error_kg": 0.0,
  "certifications": 1,
  "done": 5,
  "elapsed_seconds": 23.9,
  "gain_kg": 0.5749486652977112,
  "group": "joint_itinerary_v2/ships/cluster_fleet_v4_clusters_family_0430",
  "in_fleet": true,
  "inserted": null,
  "peak_rss_mb": 125.6171875,
  "slot": 1,
  "status": "improved",
  "stopped": "",
  "total": 339,
  "wall_seconds": 23.61655063500075
}
{
  "after_kg": 582.012320328542,
  "archived_kg": 581.3826146475017,
  "asteroids_after": 8,
  "asteroids_before": 8,
  "baseline_error_kg": 0.0,
  "certifications": 1,
  "done": 6,
  "elapsed_seconds": 23.9,
  "gain_kg": 0.6297056810403774,
  "group": "joint_itinerary_v1/ships/cluster_fleet_v5_clusters_family_0009",
  "in_fleet": true,
  "inserted": null,
  "peak_rss_mb": 120.08203125,
  "slot": 1,
  "status": "improved",
  "stopped": "",
  "total": 339,
  "wall_seconds": 23.643681743000343
}
{
  "after_kg": 628.5284052019165,
  "archived_kg": 628.5284052019165,
  "asteroids_after": 9,
  "asteroids_before": 9,
  "baseline_error_kg": 0.0,
  "certifications": 0,
  "done": 7,
  "elapsed_seconds": 33.2,
  "gain_kg": 0.0,
  "group": "joint_itinerary_v1/ships/cluster_fleet_v7_clusters_family_0011",
  "in_fleet": true,
  "inserted": null,
  "peak_rss_mb": 120.08203125,
  "slot": 1,
  "status": "no gain",
  "stopped": "",
  "total": 339,
  "wall_seconds": 9.313847263998468
}
{
  "after_kg": 594.798083504449,
  "archived_kg": 594.798083504449,
  "asteroids_after": 8,
  "asteroids_before": 8,
  "baseline_error_kg": 0.0,
  "certifications": 0,
  "done": 8,
  "elapsed_seconds": 37.9,
  "gain_kg": 0.0,
  "group": "joint_itinerary_v2/ships/fleet10_master_v1",
  "in_fleet": true,
  "inserted": null,
  "peak_rss_mb": 120.08203125,
  "slot": 1,
  "status": "no gain",
  "stopped": "",
  "total": 339,
  "wall_seconds": 4.723028553999029
}
{
  "after_kg": 578.9459274469541,
  "archived_kg": 578.9459274469541,
  "asteroids_after": 8,
  "asteroids_before": 8,
  "baseline_error_kg": 0.0,
  "certifications": 0,
  "done": 9,
  "elapsed_seconds": 44.9,
  "gain_kg": 0.0,
  "group": "joint_itinerary_v1/ships/return_sweep_v1_ships_cluster_fleet_v5_clusters_family_0004",
  "in_fleet": true,
  "inserted": null,
  "peak_rss_mb": 120.08203125,
  "slot": 3,
  "status": "no gain",
  "stopped": "",
  "total": 339,
  "wall_seconds": 6.91228634700019
}
{
  "after_kg": 570.0205338809035,
  "archived_kg": 570.0205338809035,
  "asteroids_after": 8,
  "asteroids_before": 8,
  "baseline_error_kg": 0.0,
  "certifications": 1,
  "done": 10,
  "elapsed_seconds": 53.6,
  "gain_kg": 0.0,
  "group": "joint_itinerary_v1/ships/cluster_fleet_v7_clusters_family_0006",
  "in_fleet": true,
  "inserted": null,
  "peak_rss_mb": 125.6171875,
  "slot": 1,
  "status": "no gain",
  "stopped": "",
  "total": 339,
  "wall_seconds": 29.730799217999447
}
{
  "after_kg": 557.2895277207392,
  "archived_kg": 557.2895277207392,
  "asteroids_after": 8,
  "asteroids_before": 8,
  "baseline_error_kg": 0.0,
  "certifications": 0,
  "done": 11,
  "elapsed_seconds": 55.0,
  "gain_kg": 0.0,
  "group": "joint_itinerary_v1/ships/return_sweep_v1_ships_cluster_fleet_v5_clusters_family_0017",
  "in_fleet": true,
  "inserted": null,
  "peak_rss_mb": 120.08203125,
  "slot": 1,
  "status": "no gain",
  "stopped": "",
  "total": 339,
  "wall_seconds": 10.18041602899757
}
{
  "after_kg": 583.9014373716633,
  "archived_kg": 581.9301848049281,
  "asteroids_after": 9,
  "asteroids_before": 9,
  "baseline_error_kg": 0.0,
  "certifications": 2,
  "done": 12,
  "elapsed_seconds": 55.3,
  "gain_kg": 1.9712525667351883,
  "group": "joint_itinerary_v2/ships/cluster_fleet_v6_clusters_family_0065",
  "in_fleet": true,
  "inserted": null,
  "peak_rss_mb": 126.7265625,
  "slot": 1,
  "status": "improved",
  "stopped": "",
  "total": 339,
  "wall_seconds": 46.370538790000865
}
{
  "after_kg": 568.6516084873374,
  "archived_kg": 568.6516084873374,
  "asteroids_after": 8,
  "asteroids_before": 8,
  "baseline_error_kg": 0.0,
  "certifications": 0,
  "done": 13,
  "elapsed_seconds": 58.8,
  "gain_kg": 0.0,
  "group": "joint_itinerary_v1/ships/return_sweep_v1_ships_cluster_fleet_v5_clusters_family_0247",
  "in_fleet": true,
  "inserted": null,
  "peak_rss_mb": 125.6171875,
  "slot": 3,
  "status": "no gain",
  "stopped": "",
  "total": 339,
  "wall_seconds": 5.172278987000027
}
{
  "after_kg": 634.3600273785079,
  "archived_kg": 634.3600273785079,
  "asteroids_after": 8,
  "asteroids_before": 8,
  "baseline_error_kg": 0.0,
  "certifications": 0,
  "done": 14,
  "elapsed_seconds": 59.0,
  "gain_kg": 0.0,
  "group": "joint_itinerary_v1/ships/return_sweep_v1_ships_cluster_fleet_v6_clusters_family_0001",
  "in_fleet": true,
  "inserted": null,
  "peak_rss_mb": 126.7265625,
  "slot": 2,
  "status": "no gain",
  "stopped": "",
  "total": 339,
  "wall_seconds": 3.678890177001449
}
{
  "after_kg": 573.1690622861054,
  "archived_kg": 573.1690622861054,
  "asteroids_after": 8,
  "asteroids_before": 8,
  "baseline_error_kg": 0.0,
  "certifications": 0,
  "done": 15,
  "elapsed_seconds": 62.8,
  "gain_kg": 0.0,
  "group": "joint_itinerary_v1/ships/return_sweep_v1_ships_cluster_fleet_v6_clusters_family_0025",
  "in_fleet": true,
  "inserted": null,
  "peak_rss_mb": 126.7265625,
  "slot": 1,
  "status": "no gain",
  "stopped": "",
  "total": 339,
  "wall_seconds": 3.8455917720020807
}
{
  "after_kg": 594.798083504449,
  "archived_kg": 594.798083504449,
  "asteroids_after": 9,
  "asteroids_before": 9,
  "baseline_error_kg": 0.0,
  "certifications": 0,
  "done": 16,
  "elapsed_seconds": 63.1,
  "gain_kg": 0.0,
  "group": "joint_itinerary_v1/ships/return_sweep_v1_ships_cluster_fleet_v6_clusters_family_0005",
  "in_fleet": true,
  "inserted": null,
  "peak_rss_mb": 125.6171875,
  "slot": 2,
  "status": "no gain",
  "stopped": "",
  "total": 339,
  "wall_seconds": 4.299886211003468
}
{
  "after_kg": 582.9705681040383,
  "archived_kg": 582.9705681040383,
  "asteroids_after": 8,
  "asteroids_before": 8,
  "baseline_error_kg": 0.0,
  "certifications": 0,
  "done": 17,
  "elapsed_seconds": 63.7,
  "gain_kg": 0.0,
  "group": "joint_itinerary_v1/ships/return_sweep_v1_ships_cluster_fleet_v5c_clusters_family_0001",
  "in_fleet": true,
  "inserted": null,
  "peak_rss_mb": 120.08203125,
  "slot": 3,
  "status": "no gain",
  "stopped": "",
  "total": 339,
  "wall_seconds": 8.614356172998669
}
{
  "after_kg": 555.6468172484599,
  "archived_kg": 555.6468172484599,
  "asteroids_after": 8,
  "asteroids_before": 8,
  "baseline_error_kg": 0.0,
  "certifications": 0,
  "done": 18,
  "elapsed_seconds": 66.8,
  "gain_kg": 0.0,
  "group": "joint_itinerary_v1/ships/return_sweep_v2_ships_cluster_fleet_v7_clusters_family_0009",
  "in_fleet": true,
  "inserted": null,
  "peak_rss_mb": 125.6171875,
  "slot": 1,
  "status": "no gain",
  "stopped": "",
  "total": 339,
  "wall_seconds": 3.713811967998481
}
{
  "after_kg": 595.2361396303901,
  "archived_kg": 595.2361396303901,
  "asteroids_after": 8,
  "asteroids_before": 8,
  "baseline_error_kg": 0.0,
  "certifications": 0,
  "done": 19,
  "elapsed_seconds": 67.3,
  "gain_kg": 0.0,
  "group": "joint_itinerary_v1/ships/return_sweep_v2_ships_cluster_fleet_v7_clusters_family_0014",
  "in_fleet": true,
  "inserted": null,
  "peak_rss_mb": 120.08203125,
  "slot": 2,
  "status": "no gain",
  "stopped": "",
  "total": 339,
  "wall_seconds": 3.6137732850002067
}
{
  "after_kg": 612.1013004791239,
  "archived_kg": 612.1013004791239,
  "asteroids_after": 8,
  "asteroids_before": 8,
  "baseline_error_kg": 0.0,
  "certifications": 0,
  "done": 20,
  "elapsed_seconds": 72.2,
  "gain_kg": 0.0,
  "group": "joint_itinerary_v1/ships/return_sweep_v2_ships_cluster_fleet_v7_clusters_family_0007",
  "in_fleet": false,
  "inserted": null,
  "peak_rss_mb": 125.6171875,
  "slot": 3,
  "status": "no gain",
  "stopped": "",
  "total": 339,
  "wall_seconds": 5.354178147001221
}
{
  "after_kg": 610.0752908966462,
  "archived_kg": 610.0752908966462,
  "asteroids_after": 9,
  "asteroids_before": 9,
  "baseline_error_kg": 0.0,
  "certifications": 0,
  "done": 21,
  "elapsed_seconds": 75.8,
  "gain_kg": 0.0,
  "group": "joint_itinerary_v1/ships/cluster_fleet_v6_clusters_family_0006",
  "in_fleet": false,
  "inserted": null,
  "peak_rss_mb": 120.08203125,
  "slot": 1,
  "status": "no gain",
  "stopped": "",
  "total": 339,
  "wall_seconds": 8.542559885998344
}
{
  "after_kg": 590.5544147843942,
  "archived_kg": 590.5544147843942,
  "asteroids_after": 9,
  "asteroids_before": 9,
  "baseline_error_kg": 0.0,
  "certifications": 0,
  "done": 22,
  "elapsed_seconds": 79.5,
  "gain_kg": 0.0,
  "group": "joint_itinerary_v1/ships/return_sweep_v2_ships_cluster_fleet_v7_clusters_family_0007",
  "in_fleet": false,
  "inserted": null,
  "peak_rss_mb": 120.08203125,
  "slot": 2,
  "status": "no gain",
  "stopped": "",
  "total": 339,
  "wall_seconds": 3.643451825999364
}
{
  "after_kg": 588.0903490759754,
  "archived_kg": 588.0903490759754,
  "asteroids_after": 8,
  "asteroids_before": 8,
  "baseline_error_kg": 0.0,
  "certifications": 0,
  "done": 23,
  "elapsed_seconds": 87.1,
  "gain_kg": 0.0,
  "group": "joint_itinerary_v1/ships/return_sweep_v2_ships_cluster_fleet_v7_clusters_family_0001",
  "in_fleet": false,
  "inserted": null,
  "peak_rss_mb": 120.08203125,
  "slot": 3,
  "status": "no gain",
  "stopped": "",
  "total": 339,
  "wall_seconds": 7.609451161002653
}
{
  "after_kg": 617.3853524982889,
  "archived_kg": 614.6475017111568,
  "asteroids_after": 9,
  "asteroids_before": 9,
  "baseline_error_kg": 0.0,
  "certifications": 4,
  "done": 24,
  "elapsed_seconds": 87.8,
  "gain_kg": 2.7378507871320608,
  "group": "joint_itinerary_v1/ships/cluster_fleet_v6_clusters_family_0054",
  "in_fleet": true,
  "inserted": null,
  "peak_rss_mb": 127.578125,
  "slot": 1,
  "status": "improved",
  "stopped": "",
  "total": 339,
  "wall_seconds": 79.67302816899974
}
{
  "after_kg": 587.1321013004791,
  "archived_kg": 587.1321013004791,
  "asteroids_after": 9,
  "asteroids_before": 9,
  "baseline_error_kg": 0.0,
  "certifications": 0,
  "done": 25,
  "elapsed_seconds": 92.2,
  "gain_kg": 0.0,
  "group": "joint_itinerary_v1/ships/return_sweep_v2_ships_cluster_fleet_v7_clusters_family_0029",
  "in_fleet": false,
  "inserted": null,
  "peak_rss_mb": 127.578125,
  "slot": 1,
  "status": "no gain",
  "stopped": "",
  "total": 339,
  "wall_seconds": 4.341529728000751
}
{
  "after_kg": 622.5872689938399,
  "archived_kg": 622.5872689938399,
  "asteroids_after": 9,
  "asteroids_before": 9,
  "baseline_error_kg": 0.0,
  "certifications": 1,
  "done": 26,
  "elapsed_seconds": 92.7,
  "gain_kg": 0.0,
  "group": "joint_itinerary_v1/ships/return_sweep_v2_ships_cluster_fleet_v7_clusters_family_0007",
  "in_fleet": true,
  "inserted": null,
  "peak_rss_mb": 126.7265625,
  "slot": 1,
  "status": "no gain",
  "stopped": "",
  "total": 339,
  "wall_seconds": 29.887267232999875
}
{
  "after_kg": 586.8583162217659,
  "archived_kg": 586.8583162217659,
  "asteroids_after": 9,
  "asteroids_before": 9,
  "baseline_error_kg": 0.0,
  "certifications": 0,
  "done": 27,
  "elapsed_seconds": 100.5,
  "gain_kg": 0.0,
  "group": "joint_itinerary_v1/ships/return_sweep_v1_ships_cluster_fleet_v6_clusters_family_0005",
  "in_fleet": false,
  "inserted": null,
  "peak_rss_mb": 127.578125,
  "slot": 3,
  "status": "no gain",
  "stopped": "",
  "total": 339,
  "wall_seconds": 8.282801183999254
}
{
  "after_kg": 581.4099931553731,
  "archived_kg": 581.4099931553731,
  "asteroids_after": 8,
  "asteroids_before": 8,
  "baseline_error_kg": 0.0,
  "certifications": 0,
  "done": 28,
  "elapsed_seconds": 111.5,
  "gain_kg": 0.0,
  "group": "joint_itinerary_v1/ships/return_sweep_v2_ships_cluster_fleet_v7_clusters_family_0001",
  "in_fleet": false,
  "inserted": null,
  "peak_rss_mb": 127.578125,
  "slot": 2,
  "status": "no gain",
  "stopped": "",
  "total": 339,
  "wall_seconds": 11.03206329800014
}
{
  "after_kg": 580.4243668720055,
  "archived_kg": 580.4243668720055,
  "asteroids_after": 7,
  "asteroids_before": 7,
  "baseline_error_kg": 0.0,
  "certifications": 0,
  "done": 29,
  "elapsed_seconds": 114.6,
  "gain_kg": 0.0,
  "group": "joint_itinerary_v1/ships/cluster_fleet_v7_clusters_family_0011",
  "in_fleet": false,
  "inserted": null,
  "peak_rss_mb": 127.578125,
  "slot": 2,
  "status": "no gain",
  "stopped": "",
  "total": 339,
  "wall_seconds": 3.0746196340005554
}
{
  "after_kg": 608.4052019164956,
  "archived_kg": 587.2689938398357,
  "asteroids_after": 9,
  "asteroids_before": 9,
  "baseline_error_kg": 0.0,
  "certifications": 4,
  "done": 30,
  "elapsed_seconds": 148.5,
  "gain_kg": 21.13620807665984,
  "group": "cluster_fleet_h100_v1/clusters/family_0006",
  "in_fleet": false,
  "inserted": null,
  "peak_rss_mb": 125.5,
  "slot": 1,
  "status": "improved",
  "stopped": "",
  "total": 339,
  "wall_seconds": 61.41081095700065
}
{
  "after_kg": 620.8350444900752,
  "archived_kg": 602.8747433264887,
  "asteroids_after": 8,
  "asteroids_before": 8,
  "baseline_error_kg": 0.0,
  "certifications": 5,
  "done": 31,
  "elapsed_seconds": 151.9,
  "gain_kg": 17.960301163586564,
  "group": "cluster_fleet_h100_v1/clusters/family_0008",
  "in_fleet": false,
  "inserted": null,
  "peak_rss_mb": 125.890625,
  "slot": 2,
  "status": "improved",
  "stopped": "",
  "total": 339,
  "wall_seconds": 79.75181291699846
}
{
  "after_kg": 571.252566735113,
  "archived_kg": 571.252566735113,
  "asteroids_after": 8,
  "asteroids_before": 8,
  "baseline_error_kg": 0.0,
  "certifications": 0,
  "done": 32,
  "elapsed_seconds": 155.9,
  "gain_kg": 0.0,
  "group": "joint_itinerary_v1/ships/cluster_fleet_v5_clusters_family_0017",
  "in_fleet": false,
  "inserted": null,
  "peak_rss_mb": 125.890625,
  "slot": 4,
  "status": "no gain",
  "stopped": "",
  "total": 339,
  "wall_seconds": 4.025231522999093
}
{
  "after_kg": 572.0739219712525,
  "archived_kg": 572.0739219712525,
  "asteroids_after": 9,
  "asteroids_before": 9,
  "baseline_error_kg": 0.0,
  "certifications": 0,
  "done": 33,
  "elapsed_seconds": 158.1,
  "gain_kg": 0.0,
  "group": "joint_itinerary_v1/ships/return_sweep_v1_ships_cluster_fleet_v5c_clusters_family_0005",
  "in_fleet": false,
  "inserted": null,
  "peak_rss_mb": 125.5,
  "slot": 3,
  "status": "no gain",
  "stopped": "",
  "total": 339,
  "wall_seconds": 9.652691000999766
}
{
  "after_kg": 567.5838466803559,
  "archived_kg": 567.5838466803559,
  "asteroids_after": 8,
  "asteroids_before": 8,
  "baseline_error_kg": 0.0,
  "certifications": 0,
  "done": 34,
  "elapsed_seconds": 160.6,
  "gain_kg": 0.0,
  "group": "joint_itinerary_v1/ships/return_sweep_v2_ships_cluster_fleet_v7_clusters_family_0030",
  "in_fleet": false,
  "inserted": null,
  "peak_rss_mb": 125.890625,
  "slot": 1,
  "status": "no gain",
  "stopped": "",
  "total": 339,
  "wall_seconds": 4.700104151001142
}
{
  "after_kg": 587.8165639972622,
  "archived_kg": 583.5728952772074,
  "asteroids_after": 8,
  "asteroids_before": 8,
  "baseline_error_kg": 0.0,
  "certifications": 3,
  "done": 35,
  "elapsed_seconds": 165.8,
  "gain_kg": 4.243668720054757,
  "group": "cluster_fleet_h100_v1/clusters/family_0007",
  "in_fleet": false,
  "inserted": null,
  "peak_rss_mb": 127.55078125,
  "slot": 2,
  "status": "improved",
  "stopped": "",
  "total": 339,
  "wall_seconds": 73.05034384600003
}
{
  "after_kg": 579.0554414784394,
  "archived_kg": 563.8603696098563,
  "asteroids_after": 8,
  "asteroids_before": 8,
  "baseline_error_kg": 0.0,
  "certifications": 3,
  "done": 36,
  "elapsed_seconds": 220.4,
  "gain_kg": 15.195071868583113,
  "group": "return_sweep_v1/ships/cluster_fleet_v6_clusters_family_0024",
  "in_fleet": false,
  "inserted": null,
  "peak_rss_mb": 127.86328125,
  "slot": 2,
  "status": "improved",
  "stopped": "",
  "total": 339,
  "wall_seconds": 59.800939668002684
}
{
  "after_kg": 592.1971252566735,
  "archived_kg": 573.7166324435318,
  "asteroids_after": 9,
  "asteroids_before": 9,
  "baseline_error_kg": 0.0,
  "certifications": 5,
  "done": 37,
  "elapsed_seconds": 236.3,
  "gain_kg": 18.480492813141723,
  "group": "cluster_fleet_h100_v1/clusters/family_0019",
  "in_fleet": false,
  "inserted": null,
  "peak_rss_mb": 127.578125,
  "slot": 2,
  "status": "improved",
  "stopped": "",
  "total": 339,
  "wall_seconds": 121.70511597099903
}
{
  "after_kg": 587.2689938398357,
  "archived_kg": 563.8603696098562,
  "asteroids_after": 9,
  "asteroids_before": 9,
  "baseline_error_kg": 0.0,
  "certifications": 5,
  "done": 38,
  "elapsed_seconds": 299.6,
  "gain_kg": 23.408624229979523,
  "group": "cluster_fleet_v7/clusters/family_0005",
  "in_fleet": false,
  "inserted": null,
  "peak_rss_mb": 127.74609375,
  "slot": 1,
  "status": "improved",
  "stopped": "",
  "total": 339,
  "wall_seconds": 133.8651522809996
}
{
  "after_kg": 573.305954825462,
  "archived_kg": 563.4496919917864,
  "asteroids_after": 9,
  "asteroids_before": 9,
  "baseline_error_kg": 0.0,
  "certifications": 2,
  "done": 39,
  "elapsed_seconds": 302.1,
  "gain_kg": 9.8562628336756,
  "group": "return_sweep_v1/ships/cluster_fleet_v5c_clusters_family_0000",
  "in_fleet": false,
  "inserted": null,
  "peak_rss_mb": 127.86328125,
  "slot": 2,
  "status": "improved",
  "stopped": "",
  "total": 339,
  "wall_seconds": 81.63407439399816
}
{
  "after_kg": 582.5051334702259,
  "archived_kg": 564.271047227926,
  "asteroids_after": 8,
  "asteroids_before": 8,
  "baseline_error_kg": 0.0,
  "certifications": 5,
  "done": 40,
  "elapsed_seconds": 308.8,
  "gain_kg": 18.234086242299895,
  "group": "cluster_fleet_v7/clusters/family_0001",
  "in_fleet": false,
  "inserted": null,
  "peak_rss_mb": 126.1640625,
  "slot": 1,
  "status": "improved",
  "stopped": "",
  "total": 339,
  "wall_seconds": 150.69086859800154
}
{
  "after_kg": 561.6153319644079,
  "archived_kg": 559.7535934291581,
  "asteroids_after": 8,
  "asteroids_before": 8,
  "baseline_error_kg": 0.0,
  "certifications": 2,
  "done": 41,
  "elapsed_seconds": 366.0,
  "gain_kg": 1.8617385352498559,
  "group": "cluster_fleet_v5c/clusters/family_0026",
  "in_fleet": false,
  "inserted": null,
  "peak_rss_mb": 127.86328125,
  "slot": 3,
  "status": "improved",
  "stopped": "",
  "total": 339,
  "wall_seconds": 63.87593196700254
}
{
  "after_kg": 559.3429158110883,
  "archived_kg": 559.3429158110883,
  "asteroids_after": 8,
  "asteroids_before": 8,
  "baseline_error_kg": Infinity,
  "certifications": 0,
  "done": 42,
  "elapsed_seconds": 366.9,
  "gain_kg": 0.0,
  "group": "cluster_fleet_h100_v1/clusters/family_0016",
  "in_fleet": false,
  "inserted": null,
  "peak_rss_mb": 127.86328125,
  "slot": 2,
  "status": "no gain",
  "stopped": "",
  "total": 339,
  "wall_seconds": 0.8993859750007687
}
{
  "after_kg": 575.6331279945243,
  "archived_kg": 559.7535934291581,
  "asteroids_after": 7,
  "asteroids_before": 7,
  "baseline_error_kg": 0.0,
  "certifications": 3,
  "done": 43,
  "elapsed_seconds": 389.4,
  "gain_kg": 15.87953456536627,
  "group": "cluster_fleet_v7/clusters/family_0001",
  "in_fleet": false,
  "inserted": null,
  "peak_rss_mb": 127.9765625,
  "slot": 2,
  "status": "improved",
  "stopped": "",
  "total": 339,
  "wall_seconds": 80.53163924300316
}
{
  "after_kg": 580.3148528405202,
  "archived_kg": 563.0390143737167,
  "asteroids_after": 8,
  "asteroids_before": 8,
  "baseline_error_kg": 0.0,
  "certifications": 5,
  "done": 44,
  "elapsed_seconds": 397.3,
  "gain_kg": 17.27583846680352,
  "group": "return_sweep_v1/ships/cluster_fleet_v6_clusters_family_0001",
  "in_fleet": false,
  "inserted": null,
  "peak_rss_mb": 127.578125,
  "slot": 4,
  "status": "improved",
  "stopped": "",
  "total": 339,
  "wall_seconds": 161.05111229400063
}
{
  "after_kg": 582.9705681040383,
  "archived_kg": 562.6283367556468,
  "asteroids_after": 8,
  "asteroids_before": 8,
  "baseline_error_kg": 0.0,
  "certifications": 5,
  "done": 45,
  "elapsed_seconds": 471.2,
  "gain_kg": 20.342231348391465,
  "group": "cluster_fleet_v7/clusters/family_0000",
  "in_fleet": false,
  "inserted": null,
  "peak_rss_mb": 127.74609375,
  "slot": 3,
  "status": "improved",
  "stopped": "",
  "total": 339,
  "wall_seconds": 171.53084825000042
}
{
  "after_kg": 580.9719370294318,
  "archived_kg": 558.2477754962355,
  "asteroids_after": 8,
  "asteroids_before": 8,
  "baseline_error_kg": 0.0,
  "certifications": 3,
  "done": 46,
  "elapsed_seconds": 481.3,
  "gain_kg": 22.724161533196366,
  "group": "cluster_fleet_v6/clusters/family_0008",
  "in_fleet": false,
  "inserted": null,
  "peak_rss_mb": 127.9765625,
  "slot": 2,
  "status": "improved",
  "stopped": "",
  "total": 339,
  "wall_seconds": 91.97630711699821
}
{
  "after_kg": 557.2895277207392,
  "archived_kg": 557.2895277207392,
  "asteroids_after": 7,
  "asteroids_before": 7,
  "baseline_error_kg": 0.0,
  "certifications": 0,
  "done": 47,
  "elapsed_seconds": 482.3,
  "gain_kg": 0.0,
  "group": "cluster_fleet_v5/clusters/family_0000",
  "in_fleet": false,
  "inserted": null,
  "peak_rss_mb": 127.74609375,
  "slot": 4,
  "status": "no gain",
  "stopped": "",
  "total": 339,
  "wall_seconds": 11.115546287997859
}
{
  "after_kg": 583.8466803559206,
  "archived_kg": 559.3429158110883,
  "asteroids_after": 10,
  "asteroids_before": 10,
  "baseline_error_kg": 0.0,
  "certifications": 5,
  "done": 48,
  "elapsed_seconds": 526.1,
  "gain_kg": 24.50376454483228,
  "group": "cluster_fleet_h100_v1/clusters/family_0065",
  "in_fleet": false,
  "inserted": null,
  "peak_rss_mb": 127.86328125,
  "slot": 1,
  "status": "improved",
  "stopped": "",
  "total": 339,
  "wall_seconds": 159.25460480100082
}
{
  "after_kg": 572.2929500342232,
  "archived_kg": 558.1108829568789,
  "asteroids_after": 9,
  "asteroids_before": 9,
  "baseline_error_kg": 0.0,
  "certifications": 4,
  "done": 49,
  "elapsed_seconds": 535.3,
  "gain_kg": 14.1820670773443,
  "group": "return_sweep_v2/ships/cluster_fleet_v7_clusters_family_0014",
  "in_fleet": false,
  "inserted": null,
  "peak_rss_mb": 127.578125,
  "slot": 1,
  "status": "improved",
  "stopped": "",
  "total": 339,
  "wall_seconds": 137.92093583300084
}
{
  "after_kg": 563.586584531143,
  "archived_kg": 554.4147843942505,
  "asteroids_after": 9,
  "asteroids_before": 9,
  "baseline_error_kg": 0.0,
  "certifications": 3,
  "done": 50,
  "elapsed_seconds": 625.8,
  "gain_kg": 9.171800136892443,
  "group": "cluster_fleet_h100_v1/clusters/family_0025",
  "in_fleet": false,
  "inserted": null,
  "peak_rss_mb": 127.86328125,
  "slot": 1,
  "status": "improved",
  "stopped": "",
  "total": 339,
  "wall_seconds": 99.66846672900283
}
{
  "after_kg": 559.6440793976728,
  "archived_kg": 554.0041067761807,
  "asteroids_after": 7,
  "asteroids_before": 7,
  "baseline_error_kg": 0.0,
  "certifications": 4,
  "done": 51,
  "elapsed_seconds": 635.3,
  "gain_kg": 5.63997262149212,
  "group": "cluster_fleet_v6/clusters/family_0035",
  "in_fleet": false,
  "inserted": null,
  "peak_rss_mb": 127.578125,
  "slot": 2,
  "status": "improved",
  "stopped": "",
  "total": 339,
  "wall_seconds": 100.0551701430013
}
{
  "after_kg": 564.8186173853525,
  "archived_kg": 555.6468172484599,
  "asteroids_after": 8,
  "asteroids_before": 8,
  "baseline_error_kg": 0.0,
  "certifications": 4,
  "done": 52,
  "elapsed_seconds": 645.3,
  "gain_kg": 9.171800136892557,
  "group": "cluster_fleet_h100_v1/clusters/family_0090",
  "in_fleet": false,
  "inserted": null,
  "peak_rss_mb": 128.3515625,
  "slot": 1,
  "status": "improved",
  "stopped": "",
  "total": 339,
  "wall_seconds": 163.93638592199932
}
{
  "after_kg": 576.5913757700205,
  "archived_kg": 555.2361396303902,
  "asteroids_after": 8,
  "asteroids_before": 8,
  "baseline_error_kg": 0.0,
  "certifications": 7,
  "done": 53,
  "elapsed_seconds": 671.6,
  "gain_kg": 21.35523613963028,
  "group": "cluster_fleet_h100_v1/clusters/family_0109",
  "in_fleet": false,
  "inserted": null,
  "peak_rss_mb": 127.74609375,
  "slot": 1,
  "status": "improved",
  "stopped": "",
  "total": 339,
  "wall_seconds": 189.30622103800124
}
{
  "after_kg": 567.419575633128,
  "archived_kg": 551.5400410677618,
  "asteroids_after": 8,
  "asteroids_before": 8,
  "baseline_error_kg": 0.0,
  "certifications": 4,
  "done": 54,
  "elapsed_seconds": 753.1,
  "gain_kg": 15.87953456536627,
  "group": "cluster_fleet_h100_v1/clusters/family_0036",
  "in_fleet": false,
  "inserted": null,
  "peak_rss_mb": 127.86328125,
  "slot": 2,
  "status": "improved",
  "stopped": "",
  "total": 339,
  "wall_seconds": 127.24813110899777
}
{
  "after_kg": 565.3661875427789,
  "archived_kg": 550.7186858316222,
  "asteroids_after": 9,
  "asteroids_before": 9,
  "baseline_error_kg": 0.0,
  "certifications": 4,
  "done": 55,
  "elapsed_seconds": 768.7,
  "gain_kg": 14.647501711156679,
  "group": "cluster_fleet_h100_v1/clusters/family_0016",
  "in_fleet": false,
  "inserted": null,
  "peak_rss_mb": 127.578125,
  "slot": 1,
  "status": "improved",
  "stopped": "",
  "total": 339,
  "wall_seconds": 133.40216804900047
}
{
  "after_kg": 562.7926078028747,
  "archived_kg": 550.7186858316221,
  "asteroids_after": 8,
  "asteroids_before": 8,
  "baseline_error_kg": 0.0,
  "certifications": 3,
  "done": 56,
  "elapsed_seconds": 782.4,
  "gain_kg": 12.073921971252616,
  "group": "cluster_fleet_v5/clusters/family_0011",
  "in_fleet": false,
  "inserted": null,
  "peak_rss_mb": 127.74609375,
  "slot": 3,
  "status": "improved",
  "stopped": "",
  "total": 339,
  "wall_seconds": 110.84646993700153
}
{
  "after_kg": 554.1409993155373,
  "archived_kg": 550.7186858316221,
  "asteroids_after": 8,
  "asteroids_before": 8,
  "baseline_error_kg": 0.0,
  "certifications": 4,
  "done": 57,
  "elapsed_seconds": 809.8,
  "gain_kg": 3.422313483915218,
  "group": "cluster_fleet_h100_v1/clusters/family_0018",
  "in_fleet": false,
  "inserted": null,
  "peak_rss_mb": 128.46484375,
  "slot": 1,
  "status": "improved",
  "stopped": "",
  "total": 339,
  "wall_seconds": 164.5331323010032
}
{
  "after_kg": 563.8603696098562,
  "archived_kg": 550.3080082135524,
  "asteroids_after": 8,
  "asteroids_before": 8,
  "baseline_error_kg": 0.0,
  "certifications": 2,
  "done": 58,
  "elapsed_seconds": 866.9,
  "gain_kg": 13.552361396303809,
  "group": "cluster_fleet_v6/clusters/family_0000",
  "in_fleet": false,
  "inserted": null,
  "peak_rss_mb": 127.578125,
  "slot": 1,
  "status": "improved",
  "stopped": "",
  "total": 339,
  "wall_seconds": 98.1296640440014
}
{
  "after_kg": 552.3613963039014,
  "archived_kg": 550.0342231348392,
  "asteroids_after": 8,
  "asteroids_before": 8,
  "baseline_error_kg": 0.0,
  "certifications": 3,
  "done": 59,
  "elapsed_seconds": 912.9,
  "gain_kg": 2.3271731690622346,
  "group": "cluster_fleet_v6/clusters/family_0035",
  "in_fleet": false,
  "inserted": null,
  "peak_rss_mb": 127.74609375,
  "slot": 1,
  "status": "improved",
  "stopped": "",
  "total": 339,
  "wall_seconds": 130.4044840739989
}
{
  "after_kg": 563.4496919917865,
  "archived_kg": 548.6652977412731,
  "asteroids_after": 7,
  "asteroids_before": 7,
  "baseline_error_kg": 0.0,
  "certifications": 5,
  "done": 60,
  "elapsed_seconds": 935.9,
  "gain_kg": 14.784394250513401,
  "group": "cluster_fleet_v7/clusters/family_0011",
  "in_fleet": false,
  "inserted": null,
  "peak_rss_mb": 128.83984375,
  "slot": 3,
  "status": "improved",
  "stopped": "",
  "total": 339,
  "wall_seconds": 126.02598805600064
}
{
  "after_kg": 574.9486652977413,
  "archived_kg": 550.3080082135524,
  "asteroids_after": 8,
  "asteroids_before": 8,
  "baseline_error_kg": 0.0,
  "certifications": 5,
  "done": 61,
  "elapsed_seconds": 952.4,
  "gain_kg": 24.640657084188888,
  "group": "cluster_fleet_h100_v1/clusters/family_0024",
  "in_fleet": false,
  "inserted": null,
  "peak_rss_mb": 127.86328125,
  "slot": 3,
  "status": "improved",
  "stopped": "",
  "total": 339,
  "wall_seconds": 199.31977417399685
}
{
  "after_kg": 562.4366872005476,
  "archived_kg": 548.2546201232033,
  "asteroids_after": 9,
  "asteroids_before": 9,
  "baseline_error_kg": 0.0,
  "certifications": 3,
  "done": 62,
  "elapsed_seconds": 968.8,
  "gain_kg": 14.1820670773443,
  "group": "cluster_fleet_h100_v1/clusters/family_0028",
  "in_fleet": false,
  "inserted": null,
  "peak_rss_mb": 127.578125,
  "slot": 1,
  "status": "improved",
  "stopped": "",
  "total": 339,
  "wall_seconds": 101.97680878199753
}
{
  "after_kg": 549.8425735797399,
  "archived_kg": 545.3798767967146,
  "asteroids_after": 9,
  "asteroids_before": 9,
  "baseline_error_kg": 0.0,
  "certifications": 2,
  "done": 63,
  "elapsed_seconds": 1046.7,
  "gain_kg": 4.462696783025308,
  "group": "cluster_fleet_v6/clusters/family_0024",
  "in_fleet": false,
  "inserted": null,
  "peak_rss_mb": 127.578125,
  "slot": 1,
  "status": "improved",
  "stopped": "",
  "total": 339,
  "wall_seconds": 77.88725417200112
}
{
  "after_kg": 551.8138261464751,
  "archived_kg": 547.0225872689939,
  "asteroids_after": 7,
  "asteroids_before": 7,
  "baseline_error_kg": 0.0,
  "certifications": 4,
  "done": 64,
  "elapsed_seconds": 1047.1,
  "gain_kg": 4.791238877481192,
  "group": "cluster_fleet_v5/clusters/family_0247",
  "in_fleet": false,
  "inserted": null,
  "peak_rss_mb": 127.74609375,
  "slot": 3,
  "status": "improved",
  "stopped": "",
  "total": 339,
  "wall_seconds": 134.19936712100025
}
{
  "after_kg": 555.5920602327174,
  "archived_kg": 546.2012320328543,
  "asteroids_after": 8,
  "asteroids_before": 8,
  "baseline_error_kg": 0.0,
  "certifications": 3,
  "done": 65,
  "elapsed_seconds": 1050.9,
  "gain_kg": 9.390828199863108,
  "group": "cluster_fleet_v5/clusters/family_0003",
  "in_fleet": false,
  "inserted": null,
  "peak_rss_mb": 128.83984375,
  "slot": 2,
  "status": "improved",
  "stopped": "",
  "total": 339,
  "wall_seconds": 115.02156231900153
}
{
  "after_kg": 561.3415468856947,
  "archived_kg": 545.7905544147844,
  "asteroids_after": 8,
  "asteroids_before": 8,
  "baseline_error_kg": 0.0,
  "certifications": 5,
  "done": 66,
  "elapsed_seconds": 1099.4,
  "gain_kg": 15.550992470910273,
  "group": "cluster_fleet_v6/clusters/family_0012",
  "in_fleet": false,
  "inserted": null,
  "peak_rss_mb": 127.86328125,
  "slot": 1,
  "status": "improved",
  "stopped": "",
  "total": 339,
  "wall_seconds": 146.9788549420009
}
{
  "after_kg": 552.498288843258,
  "archived_kg": 544.0109514031485,
  "asteroids_after": 8,
  "asteroids_before": 8,
  "baseline_error_kg": 0.0,
  "certifications": 4,
  "done": 67,
  "elapsed_seconds": 1156.2,
  "gain_kg": 8.487337440109513,
  "group": "cluster_fleet_h100_v1/clusters/family_0040",
  "in_fleet": false,
  "inserted": null,
  "peak_rss_mb": 128.83984375,
  "slot": 1,
  "status": "improved",
  "stopped": "",
  "total": 339,
  "wall_seconds": 105.33740757600026
}
{
  "after_kg": 548.3915126625599,
  "archived_kg": 544.1478439425051,
  "asteroids_after": 8,
  "asteroids_before": 8,
  "baseline_error_kg": 0.0,
  "certifications": 3,
  "done": 68,
  "elapsed_seconds": 1157.5,
  "gain_kg": 4.243668720054757,
  "group": "return_sweep_v2/ships/cluster_fleet_v7_clusters_family_0002",
  "in_fleet": false,
  "inserted": null,
  "peak_rss_mb": 127.74609375,
  "slot": 1,
  "status": "improved",
  "stopped": "",
  "total": 339,
  "wall_seconds": 110.39511519000007
}
{
  "after_kg": 547.0225872689938,
  "archived_kg": 543.3264887063655,
  "asteroids_after": 8,
  "asteroids_before": 8,
  "baseline_error_kg": 0.0,
  "certifications": 2,
  "done": 69,
  "elapsed_seconds": 1176.7,
  "gain_kg": 3.696098562628322,
  "group": "cluster_fleet_v6/clusters/family_0019",
  "in_fleet": false,
  "inserted": null,
  "peak_rss_mb": 127.86328125,
  "slot": 3,
  "status": "improved",
  "stopped": "",
  "total": 339,
  "wall_seconds": 77.35921490699911
}
{
  "after_kg": 552.2518822724162,
  "archived_kg": 544.1478439425051,
  "asteroids_after": 9,
  "asteroids_before": 9,
  "baseline_error_kg": 0.0,
  "certifications": 4,
  "done": 70,
  "elapsed_seconds": 1200.7,
  "gain_kg": 8.104038329911077,
  "group": "cluster_fleet_v5/clusters/family_0009",
  "in_fleet": false,
  "inserted": null,
  "peak_rss_mb": 127.578125,
  "slot": 4,
  "status": "improved",
  "stopped": "",
  "total": 339,
  "wall_seconds": 153.96105085399904
}
{
  "after_kg": 548.9390828199863,
  "archived_kg": 542.3682409308693,
  "asteroids_after": 8,
  "asteroids_before": 8,
  "baseline_error_kg": 0.0,
  "certifications": 2,
  "done": 71,
  "elapsed_seconds": 1227.7,
  "gain_kg": 6.570841889116991,
  "group": "cluster_fleet_h100_v1/clusters/family_0025",
  "in_fleet": false,
  "inserted": null,
  "peak_rss_mb": 128.83984375,
  "slot": 2,
  "status": "improved",
  "stopped": "",
  "total": 339,
  "wall_seconds": 71.4755804460001
}
{
  "after_kg": 549.4866529774127,
  "archived_kg": 539.6303901437371,
  "asteroids_after": 8,
  "asteroids_before": 8,
  "baseline_error_kg": 0.0,
  "certifications": 3,
  "done": 72,
  "elapsed_seconds": 1275.3,
  "gain_kg": 9.8562628336756,
  "group": "cluster_fleet_h100_v1/clusters/family_0007",
  "in_fleet": false,
  "inserted": null,
  "peak_rss_mb": 127.86328125,
  "slot": 1,
  "status": "improved",
  "stopped": "",
  "total": 339,
  "wall_seconds": 98.54088964299808
}
{
  "after_kg": 549.0212183436003,
  "archived_kg": 539.6303901437371,
  "asteroids_after": 7,
  "asteroids_before": 7,
  "baseline_error_kg": 0.0,
  "certifications": 3,
  "done": 73,
  "elapsed_seconds": 1287.0,
  "gain_kg": 9.390828199863108,
  "group": "cluster_fleet_v1/clusters/family_0024",
  "in_fleet": false,
  "inserted": null,
  "peak_rss_mb": 127.578125,
  "slot": 3,
  "status": "improved",
  "stopped": "",
  "total": 339,
  "wall_seconds": 86.29500637299861
}
{
  "after_kg": 554.8254620123204,
  "archived_kg": 541.2731006160164,
  "asteroids_after": 8,
  "asteroids_before": 8,
  "baseline_error_kg": 0.0,
  "certifications": 4,
  "done": 74,
  "elapsed_seconds": 1304.0,
  "gain_kg": 13.552361396303922,
  "group": "cluster_fleet_v1/clusters/family_0024",
  "in_fleet": false,
  "inserted": null,
  "peak_rss_mb": 127.74609375,
  "slot": 2,
  "status": "improved",
  "stopped": "",
  "total": 339,
  "wall_seconds": 146.54842561100304
}
{
  "after_kg": 543.0527036276524,
  "archived_kg": 537.5770020533881,
  "asteroids_after": 8,
  "asteroids_before": 8,
  "baseline_error_kg": 0.0,
  "certifications": 3,
  "done": 75,
  "elapsed_seconds": 1395.5,
  "gain_kg": 5.475701574264235,
  "group": "cluster_fleet_v6/clusters/family_0000",
  "in_fleet": false,
  "inserted": null,
  "peak_rss_mb": 127.578125,
  "slot": 3,
  "status": "improved",
  "stopped": "",
  "total": 339,
  "wall_seconds": 108.50848009300171
}
{
  "after_kg": 544.2847364818617,
  "archived_kg": 535.7973990417522,
  "asteroids_after": 8,
  "asteroids_before": 8,
  "baseline_error_kg": 0.0,
  "certifications": 3,
  "done": 76,
  "elapsed_seconds": 1414.2,
  "gain_kg": 8.487337440109513,
  "group": "cluster_fleet_v5c/clusters/family_0031",
  "in_fleet": false,
  "inserted": null,
  "peak_rss_mb": 127.74609375,
  "slot": 1,
  "status": "improved",
  "stopped": "",
  "total": 339,
  "wall_seconds": 110.20756305599934
}
{
  "after_kg": 545.5715263518139,
  "archived_kg": 538.8090349075976,
  "asteroids_after": 8,
  "asteroids_before": 8,
  "baseline_error_kg": 0.0,
  "certifications": 5,
  "done": 77,
  "elapsed_seconds": 1437.1,
  "gain_kg": 6.762491444216266,
  "group": "cluster_fleet_v6/clusters/family_0007",
  "in_fleet": false,
  "inserted": null,
  "peak_rss_mb": 127.86328125,
  "slot": 3,
  "status": "improved",
  "stopped": "",
  "total": 339,
  "wall_seconds": 161.80339459300012
}
{
  "after_kg": 555.7837097878165,
  "archived_kg": 539.2197125256673,
  "asteroids_after": 7,
  "asteroids_before": 7,
  "baseline_error_kg": 0.0,
  "certifications": 5,
  "done": 78,
  "elapsed_seconds": 1441.4,
  "gain_kg": 16.5639972621492,
  "group": "cluster_fleet_v7/clusters/family_0027",
  "in_fleet": false,
  "inserted": null,
  "peak_rss_mb": 128.83984375,
  "slot": 1,
  "status": "improved",
  "stopped": "",
  "total": 339,
  "wall_seconds": 213.71242650600107
}
{
  "after_kg": 547.3785078713211,
  "archived_kg": 535.523613963039,
  "asteroids_after": 8,
  "asteroids_before": 8,
  "baseline_error_kg": 0.0,
  "certifications": 4,
  "done": 79,
  "elapsed_seconds": 1530.6,
  "gain_kg": 11.854893908282065,
  "group": "cluster_fleet_v5/clusters/family_0004",
  "in_fleet": false,
  "inserted": null,
  "peak_rss_mb": 127.578125,
  "slot": 4,
  "status": "improved",
  "stopped": "",
  "total": 339,
  "wall_seconds": 135.11529027299912
}
{
  "after_kg": 544.4216290212183,
  "archived_kg": 535.523613963039,
  "asteroids_after": 8,
  "asteroids_before": 8,
  "baseline_error_kg": 0.0,
  "certifications": 4,
  "done": 80,
  "elapsed_seconds": 1532.2,
  "gain_kg": 8.89801505817934,
  "group": "cluster_fleet_v6/clusters/family_0065",
  "in_fleet": false,
  "inserted": null,
  "peak_rss_mb": 127.74609375,
  "slot": 2,
  "status": "improved",
  "stopped": "",
  "total": 339,
  "wall_seconds": 117.9219115349988
}
{
  "after_kg": 541.7385352498288,
  "archived_kg": 534.2915811088296,
  "asteroids_after": 8,
  "asteroids_before": 8,
  "baseline_error_kg": 0.0,
  "certifications": 3,
  "done": 81,
  "elapsed_seconds": 1535.0,
  "gain_kg": 7.446954140999196,
  "group": "cluster_fleet_v5/clusters/family_0009",
  "in_fleet": false,
  "inserted": null,
  "peak_rss_mb": 128.83984375,
  "slot": 2,
  "status": "improved",
  "stopped": "",
  "total": 339,
  "wall_seconds": 93.6196013589979
}
{
  "after_kg": 546.3381245722109,
  "archived_kg": 535.523613963039,
  "asteroids_after": 8,
  "asteroids_before": 8,
  "baseline_error_kg": 0.0,
  "certifications": 5,
  "done": 82,
  "elapsed_seconds": 1590.4,
  "gain_kg": 10.814510609171862,
  "group": "return_sweep_v2/ships/cluster_fleet_v7_clusters_family_0016",
  "in_fleet": false,
  "inserted": null,
  "peak_rss_mb": 127.86328125,
  "slot": 1,
  "status": "improved",
  "stopped": "",
  "total": 339,
  "wall_seconds": 153.32212047800203
}
{
  "after_kg": 543.0527036276522,
  "archived_kg": 533.8809034907597,
  "asteroids_after": 8,
  "asteroids_before": 8,
  "baseline_error_kg": 0.0,
  "certifications": 4,
  "done": 83,
  "elapsed_seconds": 1651.0,
  "gain_kg": 9.171800136892557,
  "group": "return_sweep_v1/ships/cluster_fleet_v6_clusters_family_0009",
  "in_fleet": false,
  "inserted": null,
  "peak_rss_mb": 128.83984375,
  "slot": 2,
  "status": "improved",
  "stopped": "",
  "total": 339,
  "wall_seconds": 115.93551081400074
}
{
  "after_kg": 544.0109514031485,
  "archived_kg": 534.2915811088295,
  "asteroids_after": 9,
  "asteroids_before": 9,
  "baseline_error_kg": 0.0,
  "certifications": 4,
  "done": 84,
  "elapsed_seconds": 1675.7,
  "gain_kg": 9.719370294318992,
  "group": "cluster_fleet_v5c/clusters/family_0064",
  "in_fleet": false,
  "inserted": null,
  "peak_rss_mb": 127.578125,
  "slot": 3,
  "status": "improved",
  "stopped": "",
  "total": 339,
  "wall_seconds": 145.08732776499892
}
{
  "after_kg": 547.1321013004791,
  "archived_kg": 533.8809034907597,
  "asteroids_after": 7,
  "asteroids_before": 7,
  "baseline_error_kg": 0.0,
  "certifications": 7,
  "done": 85,
  "elapsed_seconds": 1712.4,
  "gain_kg": 13.251197809719429,
  "group": "cluster_fleet_h100_v1/clusters/family_0065",
  "in_fleet": false,
  "inserted": null,
  "peak_rss_mb": 127.74609375,
  "slot": 2,
  "status": "improved",
  "stopped": "",
  "total": 339,
  "wall_seconds": 180.22855084799812
}
{
  "after_kg": 532.5119780971937,
  "archived_kg": 532.5119780971937,
  "asteroids_after": 8,
  "asteroids_before": 8,
  "baseline_error_kg": 0.0,
  "certifications": 1,
  "done": 86,
  "elapsed_seconds": 1741.8,
  "gain_kg": 0.0,
  "group": "cluster_fleet_v6/clusters/family_0002",
  "in_fleet": false,
  "inserted": null,
  "peak_rss_mb": 127.578125,
  "slot": 2,
  "status": "no gain",
  "stopped": "",
  "total": 339,
  "wall_seconds": 66.09187723300056
}
{
  "after_kg": 548.2546201232033,
  "archived_kg": 533.47022587269,
  "asteroids_after": 8,
  "asteroids_before": 8,
  "baseline_error_kg": 0.0,
  "certifications": 3,
  "done": 87,
  "elapsed_seconds": 1744.1,
  "gain_kg": 14.784394250513287,
  "group": "cluster_fleet_h100_v1/clusters/family_0054",
  "in_fleet": false,
  "inserted": null,
  "peak_rss_mb": 128.83984375,
  "slot": 2,
  "status": "improved",
  "stopped": "",
  "total": 339,
  "wall_seconds": 93.1635195159979
}
{
  "after_kg": 564.271047227926,
  "archived_kg": 533.47022587269,
  "asteroids_after": 8,
  "asteroids_before": 8,
  "baseline_error_kg": 0.0,
  "certifications": 6,
  "done": 88,
  "elapsed_seconds": 1768.1,
  "gain_kg": 30.800821355236053,
  "group": "cluster_fleet_h100_v1/clusters/family_0024",
  "in_fleet": false,
  "inserted": null,
  "peak_rss_mb": 127.86328125,
  "slot": 1,
  "status": "improved",
  "stopped": "",
  "total": 339,
  "wall_seconds": 177.67983078999896
}
{
  "after_kg": 540.041067761807,
  "archived_kg": 530.1848049281314,
  "asteroids_after": 8,
  "asteroids_before": 8,
  "baseline_error_kg": 0.0,
  "certifications": 2,
  "done": 89,
  "elapsed_seconds": 1822.5,
  "gain_kg": 9.8562628336756,
  "group": "cluster_fleet_v5c/clusters/family_0012",
  "in_fleet": false,
  "inserted": null,
  "peak_rss_mb": 128.83984375,
  "slot": 1,
  "status": "improved",
  "stopped": "",
  "total": 339,
  "wall_seconds": 78.33245544400052
}
{
  "after_kg": 553.8672142368241,
  "archived_kg": 531.1430527036276,
  "asteroids_after": 8,
  "asteroids_before": 8,
  "baseline_error_kg": 0.0,
  "certifications": 4,
  "done": 90,
  "elapsed_seconds": 1829.0,
  "gain_kg": 22.72416153319648,
  "group": "cluster_fleet_h100_v1/clusters/family_0109",
  "in_fleet": false,
  "inserted": null,
  "peak_rss_mb": 127.74609375,
  "slot": 2,
  "status": "improved",
  "stopped": "",
  "total": 339,
  "wall_seconds": 116.59923790099856
}
{
  "after_kg": 537.987679671458,
  "archived_kg": 530.5954825462012,
  "asteroids_after": 8,
  "asteroids_before": 8,
  "baseline_error_kg": 0.0,
  "certifications": 3,
  "done": 91,
  "elapsed_seconds": 1839.4,
  "gain_kg": 7.392197125256757,
  "group": "cluster_fleet_v2_deep/clusters/family_0015",
  "in_fleet": false,
  "inserted": null,
  "peak_rss_mb": 128.4296875,
  "slot": 3,
  "status": "improved",
  "stopped": "",
  "total": 339,
  "wall_seconds": 97.59745165799904
}
{
  "after_kg": 531.772758384668,
  "archived_kg": 529.7741273100617,
  "asteroids_after": 7,
  "asteroids_before": 7,
  "baseline_error_kg": 0.0,
  "certifications": 2,
  "done": 92,
  "elapsed_seconds": 1843.0,
  "gain_kg": 1.998631074606351,
  "group": "return_sweep_v2/ships/cluster_fleet_v7_clusters_family_0001",
  "in_fleet": false,
  "inserted": null,
  "peak_rss_mb": 127.86328125,
  "slot": 4,
  "status": "improved",
  "stopped": "",
  "total": 339,
  "wall_seconds": 74.91055344800043
}
{
  "after_kg": 530.403832991102,
  "archived_kg": 529.637234770705,
  "asteroids_after": 7,
  "asteroids_before": 7,
  "baseline_error_kg": 0.0,
  "certifications": 2,
  "done": 93,
  "elapsed_seconds": 1915.1,
  "gain_kg": 0.7665982203969861,
  "group": "cluster_fleet_v6/clusters/family_0005",
  "in_fleet": false,
  "inserted": null,
  "peak_rss_mb": 127.74609375,
  "slot": 4,
  "status": "improved",
  "stopped": "",
  "total": 339,
  "wall_seconds": 86.06484868100233
}
{
  "after_kg": 539.0006844626968,
  "archived_kg": 529.7741273100615,
  "asteroids_after": 8,
  "asteroids_before": 8,
  "baseline_error_kg": 0.0,
  "certifications": 4,
  "done": 94,
  "elapsed_seconds": 1933.0,
  "gain_kg": 9.226557152635223,
  "group": "cluster_fleet_v5c/clusters/family_0031",
  "in_fleet": false,
  "inserted": null,
  "peak_rss_mb": 128.83984375,
  "slot": 3,
  "status": "improved",
  "stopped": "",
  "total": 339,
  "wall_seconds": 110.54326065499845
}
{
  "after_kg": 542.8062970568104,
  "archived_kg": 529.5003422313484,
  "asteroids_after": 8,
  "asteroids_before": 8,
  "baseline_error_kg": 0.0,
  "certifications": 4,
  "done": 95,
  "elapsed_seconds": 1958.3,
  "gain_kg": 13.305954825461981,
  "group": "cluster_fleet_h100_v1/clusters/family_0019",
  "in_fleet": false,
  "inserted": null,
  "peak_rss_mb": 128.4296875,
  "slot": 1,
  "status": "improved",
  "stopped": "",
  "total": 339,
  "wall_seconds": 118.87914154899772
}
{
  "after_kg": 548.5284052019165,
  "archived_kg": 528.952772073922,
  "asteroids_after": 7,
  "asteroids_before": 7,
  "baseline_error_kg": 0.0,
  "certifications": 4,
  "done": 96,
  "elapsed_seconds": 1984.5,
  "gain_kg": 19.57563312799448,
  "group": "cluster_fleet_h100_v1/clusters/family_0000",
  "in_fleet": false,
  "inserted": null,
  "peak_rss_mb": 127.86328125,
  "slot": 1,
  "status": "improved",
  "stopped": "",
  "total": 339,
  "wall_seconds": 141.4944226589978
}
{
  "after_kg": 540.3969883641341,
  "archived_kg": 528.5420944558522,
  "asteroids_after": 8,
  "asteroids_before": 8,
  "baseline_error_kg": 0.0,
  "certifications": 3,
  "done": 97,
  "elapsed_seconds": 2075.4,
  "gain_kg": 11.854893908281952,
  "group": "cluster_fleet_v1/clusters/family_0033",
  "in_fleet": false,
  "inserted": null,
  "peak_rss_mb": 128.76171875,
  "slot": 2,
  "status": "improved",
  "stopped": "",
  "total": 339,
  "wall_seconds": 117.12960383999962
}
{
  "after_kg": 552.3613963039014,
  "archived_kg": 528.952772073922,
  "asteroids_after": 9,
  "asteroids_before": 9,
  "baseline_error_kg": 0.0,
  "certifications": 5,
  "done": 98,
  "elapsed_seconds": 2102.5,
  "gain_kg": 23.40862422997941,
  "group": "cluster_fleet_h100_v1/clusters/family_0011",
  "in_fleet": false,
  "inserted": null,
  "peak_rss_mb": 127.74609375,
  "slot": 1,
  "status": "improved",
  "stopped": "",
  "total": 339,
  "wall_seconds": 187.4204013569979
}
{
  "after_kg": 548.062970568104,
  "archived_kg": 528.952772073922,
  "asteroids_after": 9,
  "asteroids_before": 9,
  "baseline_error_kg": 0.0,
  "certifications": 7,
  "done": 99,
  "elapsed_seconds": 2233.8,
  "gain_kg": 19.110198494181986,
  "group": "cluster_fleet_v7/clusters/family_0000",
  "in_fleet": false,
  "inserted": null,
  "peak_rss_mb": 128.83984375,
  "slot": 2,
  "status": "improved",
  "stopped": "",
  "total": 339,
  "wall_seconds": 300.750993783
}
{
  "after_kg": 550.7186858316222,
  "archived_kg": 528.5420944558522,
  "asteroids_after": 8,
  "asteroids_before": 8,
  "baseline_error_kg": 0.0,
  "certifications": 6,
  "done": 100,
  "elapsed_seconds": 2249.3,
  "gain_kg": 22.176591375770045,
  "group": "cluster_fleet_v5/clusters/family_0011",
  "in_fleet": false,
  "inserted": null,
  "peak_rss_mb": 127.86328125,
  "slot": 2,
  "status": "improved",
  "stopped": "",
  "total": 339,
  "wall_seconds": 264.78064254900164
}
{
  "after_kg": 542.8062970568104,
  "archived_kg": 528.1314168377824,
  "asteroids_after": 9,
  "asteroids_before": 9,
  "baseline_error_kg": 0.0,
  "certifications": 6,
  "done": 101,
  "elapsed_seconds": 2291.9,
  "gain_kg": 14.674880219028068,
  "group": "cluster_fleet_v5c/clusters/family_0429",
  "in_fleet": false,
  "inserted": null,
  "peak_rss_mb": 127.74609375,
  "slot": 2,
  "status": "improved",
  "stopped": "",
  "total": 339,
  "wall_seconds": 189.44438150299902
}
{
  "after_kg": 584.9418206707734,
  "archived_kg": 528.268309377139,
  "asteroids_after": 7,
  "asteroids_before": 7,
  "baseline_error_kg": 0.0,
  "certifications": 9,
  "done": 102,
  "elapsed_seconds": 2314.2,
  "gain_kg": 56.67351129363442,
  "group": "cluster_fleet_v7/clusters/family_0007",
  "in_fleet": false,
  "inserted": null,
  "peak_rss_mb": 128.76171875,
  "slot": 3,
  "status": "improved",
  "stopped": "",
  "total": 339,
  "wall_seconds": 238.74444079399836
}
{
  "after_kg": 525.6673511293634,
  "archived_kg": 525.6673511293634,
  "asteroids_after": 7,
  "asteroids_before": 7,
  "baseline_error_kg": Infinity,
  "certifications": 0,
  "done": 103,
  "elapsed_seconds": 2315.1,
  "gain_kg": 0.0,
  "group": "cluster_fleet_v6/clusters/family_0000",
  "in_fleet": false,
  "inserted": null,
  "peak_rss_mb": 128.76171875,
  "slot": 2,
  "status": "no gain",
  "stopped": "",
  "total": 339,
  "wall_seconds": 0.955448038999748
}
{
  "after_kg": 534.7022587268993,
  "archived_kg": 528.1314168377824,
  "asteroids_after": 8,
  "asteroids_before": 8,
  "baseline_error_kg": 0.0,
  "certifications": 4,
  "done": 104,
  "elapsed_seconds": 2374.6,
  "gain_kg": 6.570841889116991,
  "group": "cluster_fleet_v6/clusters/family_0018",
  "in_fleet": false,
  "inserted": null,
  "peak_rss_mb": 128.83984375,
  "slot": 1,
  "status": "improved",
  "stopped": "",
  "total": 339,
  "wall_seconds": 140.78599649600073
}
{
  "after_kg": 551.6769336071184,
  "archived_kg": 526.488706365503,
  "asteroids_after": 8,
  "asteroids_before": 8,
  "baseline_error_kg": 0.0,
  "certifications": 4,
  "done": 105,
  "elapsed_seconds": 2415.2,
  "gain_kg": 25.188227241615323,
  "group": "cluster_fleet_v6/clusters/family_0054",
  "in_fleet": false,
  "inserted": null,
  "peak_rss_mb": 127.74609375,
  "slot": 2,
  "status": "improved",
  "stopped": "",
  "total": 339,
  "wall_seconds": 123.28739881900037
}
{
  "after_kg": 545.5167693360712,
  "archived_kg": 527.3100616016427,
  "asteroids_after": 7,
  "asteroids_before": 7,
  "baseline_error_kg": 0.0,
  "certifications": 5,
  "done": 106,
  "elapsed_seconds": 2422.4,
  "gain_kg": 18.206707734428505,
  "group": "cluster_fleet_h100_v1/clusters/family_0000",
  "in_fleet": false,
  "inserted": null,
  "peak_rss_mb": 129.01171875,
  "slot": 2,
  "status": "improved",
  "stopped": "",
  "total": 339,
  "wall_seconds": 173.06530494699837
}
{
  "after_kg": 531.3620807665982,
  "archived_kg": 525.3935660506503,
  "asteroids_after": 8,
  "asteroids_before": 8,
  "baseline_error_kg": 0.0,
  "certifications": 4,
  "done": 107,
  "elapsed_seconds": 2439.4,
  "gain_kg": 5.96851471594789,
  "group": "cluster_fleet_v6/clusters/family_0019",
  "in_fleet": false,
  "inserted": null,
  "peak_rss_mb": 128.76171875,
  "slot": 1,
  "status": "improved",
  "stopped": "",
  "total": 339,
  "wall_seconds": 124.2001401109992
}
{
  "after_kg": 543.0800821355236,
  "archived_kg": 524.8459958932239,
  "asteroids_after": 8,
  "asteroids_before": 8,
  "baseline_error_kg": 0.0,
  "certifications": 5,
  "done": 108,
  "elapsed_seconds": 2513.2,
  "gain_kg": 18.23408624229978,
  "group": "cluster_fleet_v5c/clusters/family_0031",
  "in_fleet": false,
  "inserted": null,
  "peak_rss_mb": 128.83984375,
  "slot": 2,
  "status": "improved",
  "stopped": "",
  "total": 339,
  "wall_seconds": 138.5969579210032
}
{
  "after_kg": 541.2731006160164,
  "archived_kg": 524.0246406570842,
  "asteroids_after": 7,
  "asteroids_before": 7,
  "baseline_error_kg": 0.0,
  "certifications": 2,
  "done": 109,
  "elapsed_seconds": 2521.5,
  "gain_kg": 17.248459958932244,
  "group": "cluster_fleet_v4/clusters/family_0017",
  "in_fleet": false,
  "inserted": null,
  "peak_rss_mb": 128.76171875,
  "slot": 1,
  "status": "improved",
  "stopped": "",
  "total": 339,
  "wall_seconds": 82.15196333999847
}
{
  "after_kg": 535.0581793292265,
  "archived_kg": 524.435318275154,
  "asteroids_after": 8,
  "asteroids_before": 8,
  "baseline_error_kg": 0.0,
  "certifications": 4,
  "done": 110,
  "elapsed_seconds": 2546.4,
  "gain_kg": 10.622861054072473,
  "group": "cluster_fleet_v5/clusters/family_0003",
  "in_fleet": false,
  "inserted": null,
  "peak_rss_mb": 128.7421875,
  "slot": 3,
  "status": "improved",
  "stopped": "",
  "total": 339,
  "wall_seconds": 131.17748823999864
}
{
  "after_kg": 579.9315537303218,
  "archived_kg": 524.2984257357974,
  "asteroids_after": 8,
  "asteroids_before": 8,
  "baseline_error_kg": 0.0,
  "certifications": 4,
  "done": 111,
  "elapsed_seconds": 2565.0,
  "gain_kg": 55.63312799452433,
  "group": "cluster_fleet_v5c/clusters/family_0005",
  "in_fleet": false,
  "inserted": null,
  "peak_rss_mb": 129.01171875,
  "slot": 4,
  "status": "improved",
  "stopped": "",
  "total": 339,
  "wall_seconds": 142.61365108900281
}
{
  "after_kg": 527.4469541409993,
  "archived_kg": 523.2032854209446,
  "asteroids_after": 7,
  "asteroids_before": 7,
  "baseline_error_kg": 0.0,
  "certifications": 3,
  "done": 112,
  "elapsed_seconds": 2619.0,
  "gain_kg": 4.243668720054757,
  "group": "cluster_fleet_v5c/clusters/family_0004",
  "in_fleet": false,
  "inserted": null,
  "peak_rss_mb": 128.83984375,
  "slot": 1,
  "status": "improved",
  "stopped": "",
  "total": 339,
  "wall_seconds": 105.87317729200004
}
{
  "after_kg": 531.9644079397673,
  "archived_kg": 522.7926078028747,
  "asteroids_after": 8,
  "asteroids_before": 8,
  "baseline_error_kg": 0.0,
  "certifications": 3,
  "done": 113,
  "elapsed_seconds": 2628.2,
  "gain_kg": 9.171800136892557,
  "group": "cluster_fleet_v5/clusters/family_0274",
  "in_fleet": false,
  "inserted": null,
  "peak_rss_mb": 128.76171875,
  "slot": 1,
  "status": "improved",
  "stopped": "",
  "total": 339,
  "wall_seconds": 106.64901759700297
}
{
  "after_kg": 520.4654346338125,
  "archived_kg": 520.4654346338125,
  "asteroids_after": 8,
  "asteroids_before": 8,
  "baseline_error_kg": Infinity,
  "certifications": 0,
  "done": 114,
  "elapsed_seconds": 2629.1,
  "gain_kg": 0.0,
  "group": "cluster_fleet_h100_v1/clusters/family_0009",
  "in_fleet": false,
  "inserted": null,
  "peak_rss_mb": 128.76171875,
  "slot": 1,
  "status": "no gain",
  "stopped": "",
  "total": 339,
  "wall_seconds": 0.9575347640020482
}
{
  "after_kg": 531.854893908282,
  "archived_kg": 522.7926078028747,
  "asteroids_after": 8,
  "asteroids_before": 8,
  "baseline_error_kg": 0.0,
  "certifications": 4,
  "done": 115,
  "elapsed_seconds": 2699.2,
  "gain_kg": 9.062286105407225,
  "group": "cluster_fleet_v7/clusters/family_0025",
  "in_fleet": false,
  "inserted": null,
  "peak_rss_mb": 128.7421875,
  "slot": 2,
  "status": "improved",
  "stopped": "",
  "total": 339,
  "wall_seconds": 152.81065402700187
}
{
  "after_kg": 534.2915811088295,
  "archived_kg": 522.3819301848049,
  "asteroids_after": 9,
  "asteroids_before": 9,
  "baseline_error_kg": 0.0,
  "certifications": 6,
  "done": 116,
  "elapsed_seconds": 2737.0,
  "gain_kg": 11.909650924024618,
  "group": "cluster_fleet_v7/clusters/family_0003",
  "in_fleet": false,
  "inserted": null,
  "peak_rss_mb": 129.01171875,
  "slot": 1,
  "status": "improved",
  "stopped": "",
  "total": 339,
  "wall_seconds": 171.99639999200008
}
{
  "after_kg": 523.7782340862423,
  "archived_kg": 520.3285420944559,
  "asteroids_after": 8,
  "asteroids_before": 8,
  "baseline_error_kg": 0.0,
  "certifications": 3,
  "done": 117,
  "elapsed_seconds": 2768.2,
  "gain_kg": 3.4496919917863806,
  "group": "cluster_fleet_v5/clusters/family_0000",
  "in_fleet": false,
  "inserted": null,
  "peak_rss_mb": 128.76171875,
  "slot": 2,
  "status": "improved",
  "stopped": "",
  "total": 339,
  "wall_seconds": 139.1003875030001
}
{
  "after_kg": 540.4517453798768,
  "archived_kg": 521.5605749486652,
  "asteroids_after": 9,
  "asteroids_before": 9,
  "baseline_error_kg": 0.0,
  "certifications": 5,
  "done": 118,
  "elapsed_seconds": 2779.1,
  "gain_kg": 18.89117043121155,
  "group": "cluster_fleet_v6/clusters/family_0090",
  "in_fleet": false,
  "inserted": null,
  "peak_rss_mb": 128.83984375,
  "slot": 1,
  "status": "improved",
  "stopped": "",
  "total": 339,
  "wall_seconds": 160.0483574730024
}
{
  "after_kg": 531.6906228610541,
  "archived_kg": 519.5071868583162,
  "asteroids_after": 9,
  "asteroids_before": 9,
  "baseline_error_kg": 0.0,
  "certifications": 3,
  "done": 119,
  "elapsed_seconds": 2799.1,
  "gain_kg": 12.183436002737835,
  "group": "cluster_fleet_h100_v1/clusters/family_0022",
  "in_fleet": false,
  "inserted": null,
  "peak_rss_mb": 128.7421875,
  "slot": 1,
  "status": "improved",
  "stopped": "",
  "total": 339,
  "wall_seconds": 99.88871528799791
}
{
  "after_kg": 519.6440793976728,
  "archived_kg": 519.0965092402464,
  "asteroids_after": 8,
  "asteroids_before": 8,
  "baseline_error_kg": 0.0,
  "certifications": 1,
  "done": 120,
  "elapsed_seconds": 2813.3,
  "gain_kg": 0.5475701574264349,
  "group": "cluster_fleet_v5c/clusters/family_0021",
  "in_fleet": false,
  "inserted": null,
  "peak_rss_mb": 128.83984375,
  "slot": 2,
  "status": "improved",
  "stopped": "",
  "total": 339,
  "wall_seconds": 34.200650804999896
}
{
  "after_kg": 527.3100616016427,
  "archived_kg": 519.3702943189596,
  "asteroids_after": 8,
  "asteroids_before": 8,
  "baseline_error_kg": 0.0,
  "certifications": 4,
  "done": 121,
  "elapsed_seconds": 2873.2,
  "gain_kg": 7.9397672826830785,
  "group": "cluster_fleet_v6/clusters/family_0004",
  "in_fleet": false,
  "inserted": null,
  "peak_rss_mb": 129.01171875,
  "slot": 2,
  "status": "improved",
  "stopped": "",
  "total": 339,
  "wall_seconds": 136.1876242699982
}
{
  "after_kg": 527.0362765229295,
  "archived_kg": 519.0965092402464,
  "asteroids_after": 8,
  "asteroids_before": 8,
  "baseline_error_kg": 0.0,
  "certifications": 4,
  "done": 122,
  "elapsed_seconds": 2906.2,
  "gain_kg": 7.9397672826830785,
  "group": "cluster_fleet_h100_v1/clusters/family_0090",
  "in_fleet": false,
  "inserted": null,
  "peak_rss_mb": 128.76171875,
  "slot": 2,
  "status": "improved",
  "stopped": "",
  "total": 339,
  "wall_seconds": 138.00811432099727
}
{
  "after_kg": 548.1998631074606,
  "archived_kg": 518.2751540041068,
  "asteroids_after": 7,
  "asteroids_before": 7,
  "baseline_error_kg": 0.0,
  "certifications": 6,
  "done": 123,
  "elapsed_seconds": 2964.6,
  "gain_kg": 29.924709103353848,
  "group": "cluster_fleet_v6/clusters/family_0054",
  "in_fleet": false,
  "inserted": null,
  "peak_rss_mb": 128.7421875,
  "slot": 3,
  "status": "improved",
  "stopped": "",
  "total": 339,
  "wall_seconds": 165.46551224200084
}
{
  "after_kg": 532.7857631759069,
  "archived_kg": 518.0013689253935,
  "asteroids_after": 8,
  "asteroids_before": 8,
  "baseline_error_kg": 0.0,
  "certifications": 4,
  "done": 124,
  "elapsed_seconds": 2983.0,
  "gain_kg": 14.784394250513401,
  "group": "cluster_fleet_v7/clusters/family_0029",
  "in_fleet": false,
  "inserted": null,
  "peak_rss_mb": 129.06640625,
  "slot": 2,
  "status": "improved",
  "stopped": "",
  "total": 339,
  "wall_seconds": 169.6807556260028
}
{
  "after_kg": 528.4873374401095,
  "archived_kg": 517.8644763860369,
  "asteroids_after": 8,
  "asteroids_before": 8,
  "baseline_error_kg": 0.0,
  "certifications": 5,
  "done": 125,
  "elapsed_seconds": 3012.8,
  "gain_kg": 10.622861054072587,
  "group": "cluster_fleet_h100_v1/clusters/family_0005",
  "in_fleet": false,
  "inserted": null,
  "peak_rss_mb": 129.01171875,
  "slot": 1,
  "status": "improved",
  "stopped": "",
  "total": 339,
  "wall_seconds": 139.62490158299988
}
{
  "after_kg": 533.0047912388775,
  "archived_kg": 517.4537987679671,
  "asteroids_after": 10,
  "asteroids_before": 10,
  "baseline_error_kg": 0.0,
  "certifications": 3,
  "done": 126,
  "elapsed_seconds": 3067.5,
  "gain_kg": 15.550992470910387,
  "group": "cluster_fleet_h100_v1/clusters/family_0035",
  "in_fleet": false,
  "inserted": null,
  "peak_rss_mb": 128.7421875,
  "slot": 2,
  "status": "improved",
  "stopped": "",
  "total": 339,
  "wall_seconds": 102.8925212710019
}
{
  "after_kg": 539.6303901437371,
  "archived_kg": 517.8644763860369,
  "asteroids_after": 8,
  "asteroids_before": 8,
  "baseline_error_kg": 0.0,
  "certifications": 5,
  "done": 127,
  "elapsed_seconds": 3068.4,
  "gain_kg": 21.76591375770022,
  "group": "cluster_fleet_h100_v1/clusters/family_0086",
  "in_fleet": false,
  "inserted": null,
  "peak_rss_mb": 128.76171875,
  "slot": 1,
  "status": "improved",
  "stopped": "",
  "total": 339,
  "wall_seconds": 162.16550384899892
}
{
  "after_kg": 539.3566050650239,
  "archived_kg": 516.6324435318276,
  "asteroids_after": 9,
  "asteroids_before": 9,
  "baseline_error_kg": 0.0,
  "certifications": 4,
  "done": 128,
  "elapsed_seconds": 3147.7,
  "gain_kg": 22.724161533196366,
  "group": "cluster_fleet_v1/clusters/family_0025",
  "in_fleet": false,
  "inserted": null,
  "peak_rss_mb": 129.01171875,
  "slot": 1,
  "status": "improved",
  "stopped": "",
  "total": 339,
  "wall_seconds": 134.90473932100213
}
{
  "after_kg": 515.2635181382615,
  "archived_kg": 515.2635181382615,
  "asteroids_after": 8,
  "asteroids_before": 8,
  "baseline_error_kg": Infinity,
  "certifications": 0,
  "done": 129,
  "elapsed_seconds": 3148.8,
  "gain_kg": 0.0,
  "group": "cluster_fleet_v6/clusters/family_0012",
  "in_fleet": false,
  "inserted": null,
  "peak_rss_mb": 129.01171875,
  "slot": 2,
  "status": "no gain",
  "stopped": "",
  "total": 339,
  "wall_seconds": 1.10218350100331
}
{
  "after_kg": 514.1683778234086,
  "archived_kg": 514.1683778234086,
  "asteroids_after": 8,
  "asteroids_before": 8,
  "baseline_error_kg": Infinity,
  "certifications": 0,
  "done": 130,
  "elapsed_seconds": 3149.7,
  "gain_kg": 0.0,
  "group": "cluster_fleet_h100_v1/clusters/family_0038",
  "in_fleet": false,
  "inserted": null,
  "peak_rss_mb": 129.01171875,
  "slot": 1,
  "status": "no gain",
  "stopped": "",
  "total": 339,
  "wall_seconds": 0.8536696629998914
}
{
  "after_kg": 544.6954140999316,
  "archived_kg": 517.0431211498974,
  "asteroids_after": 8,
  "asteroids_before": 8,
  "baseline_error_kg": 0.0,
  "certifications": 5,
  "done": 131,
  "elapsed_seconds": 3170.8,
  "gain_kg": 27.652292950034166,
  "group": "cluster_fleet_h100_v1/clusters/family_0085",
  "in_fleet": false,
  "inserted": null,
  "peak_rss_mb": 133.3125,
  "slot": 1,
  "status": "improved",
  "stopped": "",
  "total": 339,
  "wall_seconds": 187.7869910599984
}
{
  "after_kg": 541.492128678987,
  "archived_kg": 516.2217659137577,
  "asteroids_after": 9,
  "asteroids_before": 9,
  "baseline_error_kg": 0.0,
  "certifications": 4,
  "done": 132,
  "elapsed_seconds": 3219.1,
  "gain_kg": 25.270362765229265,
  "group": "cluster_fleet_v7/clusters/family_0012",
  "in_fleet": false,
  "inserted": null,
  "peak_rss_mb": 128.7421875,
  "slot": 1,
  "status": "improved",
  "stopped": "",
  "total": 339,
  "wall_seconds": 151.58288958100093
}
{
  "after_kg": 525.4209445585216,
  "archived_kg": 515.8110882956879,
  "asteroids_after": 9,
  "asteroids_before": 9,
  "baseline_error_kg": 0.0,
  "certifications": 4,
  "done": 133,
  "elapsed_seconds": 3242.6,
  "gain_kg": 9.60985626283366,
  "group": "cluster_fleet_v5/clusters/family_0020",
  "in_fleet": false,
  "inserted": null,
  "peak_rss_mb": 128.76171875,
  "slot": 1,
  "status": "improved",
  "stopped": "",
  "total": 339,
  "wall_seconds": 174.2351708740025
}
{
  "after_kg": 516.7693360711842,
  "archived_kg": 513.7577002053388,
  "asteroids_after": 8,
  "asteroids_before": 8,
  "baseline_error_kg": 0.0,
  "certifications": 2,
  "done": 134,
  "elapsed_seconds": 3243.0,
  "gain_kg": 3.011635865845392,
  "group": "cluster_fleet_v5/clusters/family_0002",
  "in_fleet": false,
  "inserted": null,
  "peak_rss_mb": 129.01171875,
  "slot": 1,
  "status": "improved",
  "stopped": "",
  "total": 339,
  "wall_seconds": 93.33429242299826
}
{
  "after_kg": 520.0547570157427,
  "archived_kg": 513.347022587269,
  "asteroids_after": 8,
  "asteroids_before": 8,
  "baseline_error_kg": 0.0,
  "certifications": 3,
  "done": 135,
  "elapsed_seconds": 3334.3,
  "gain_kg": 6.707734428473714,
  "group": "cluster_fleet_h100_v1/clusters/family_0032",
  "in_fleet": false,
  "inserted": null,
  "peak_rss_mb": 128.7421875,
  "slot": 1,
  "status": "improved",
  "stopped": "",
  "total": 339,
  "wall_seconds": 115.26462147399798
}
{
  "after_kg": 524.7091033538672,
  "archived_kg": 513.6208076659822,
  "asteroids_after": 8,
  "asteroids_before": 8,
  "baseline_error_kg": 0.0,
  "certifications": 5,
  "done": 136,
  "elapsed_seconds": 3360.8,
  "gain_kg": 11.08829568788508,
  "group": "cluster_fleet_v6/clusters/family_0010",
  "in_fleet": false,
  "inserted": null,
  "peak_rss_mb": 133.3125,
  "slot": 1,
  "status": "improved",
  "stopped": "",
  "total": 339,
  "wall_seconds": 190.0004462830002
}
{
  "after_kg": 530.5954825462012,
  "archived_kg": 513.347022587269,
  "asteroids_after": 8,
  "asteroids_before": 8,
  "baseline_error_kg": 0.0,
  "certifications": 4,
  "done": 137,
  "elapsed_seconds": 3383.2,
  "gain_kg": 17.248459958932244,
  "group": "cluster_fleet_v5/clusters/family_0011",
  "in_fleet": false,
  "inserted": null,
  "peak_rss_mb": 128.76171875,
  "slot": 4,
  "status": "improved",
  "stopped": "",
  "total": 339,
  "wall_seconds": 140.54954166300013
}
{
  "after_kg": 537.3305954825462,
  "archived_kg": 512.9363449691991,
  "asteroids_after": 9,
  "asteroids_before": 9,
  "baseline_error_kg": 0.0,
  "certifications": 5,
  "done": 138,
  "elapsed_seconds": 3418.5,
  "gain_kg": 24.39425051334706,
  "group": "cluster_fleet_h100_v1/clusters/family_0017",
  "in_fleet": false,
  "inserted": null,
  "peak_rss_mb": 129.01171875,
  "slot": 1,
  "status": "improved",
  "stopped": "",
  "total": 339,
  "wall_seconds": 175.47817748200032
}
{
  "after_kg": 531.1430527036276,
  "archived_kg": 512.1149897330596,
  "asteroids_after": 7,
  "asteroids_before": 7,
  "baseline_error_kg": 0.0,
  "certifications": 3,
  "done": 139,
  "elapsed_seconds": 3469.0,
  "gain_kg": 19.028062970568044,
  "group": "cluster_fleet_v1/clusters/family_0004",
  "in_fleet": false,
  "inserted": null,
  "peak_rss_mb": 133.3125,
  "slot": 3,
  "status": "improved",
  "stopped": "",
  "total": 339,
  "wall_seconds": 108.2096200570013
}
{
  "after_kg": 525.201916495551,
  "archived_kg": 512.2518822724162,
  "asteroids_after": 8,
  "asteroids_before": 8,
  "baseline_error_kg": 0.0,
  "certifications": 4,
  "done": 140,
  "elapsed_seconds": 3480.5,
  "gain_kg": 12.950034223134821,
  "group": "cluster_fleet_h100_v1/clusters/family_0014",
  "in_fleet": false,
  "inserted": null,
  "peak_rss_mb": 128.7421875,
  "slot": 1,
  "status": "improved",
  "stopped": "",
  "total": 339,
  "wall_seconds": 146.1780327339984
}
{
  "after_kg": 536.7556468172485,
  "archived_kg": 512.1149897330596,
  "asteroids_after": 8,
  "asteroids_before": 8,
  "baseline_error_kg": 0.0,
  "certifications": 3,
  "done": 141,
  "elapsed_seconds": 3510.0,
  "gain_kg": 24.640657084188888,
  "group": "cluster_fleet_v7/clusters/family_0025",
  "in_fleet": false,
  "inserted": null,
  "peak_rss_mb": 128.76171875,
  "slot": 1,
  "status": "improved",
  "stopped": "",
  "total": 339,
  "wall_seconds": 126.78641829100161
}
{
  "after_kg": 514.3052703627652,
  "archived_kg": 511.29363449691994,
  "asteroids_after": 9,
  "asteroids_before": 9,
  "baseline_error_kg": 0.0,
  "certifications": 2,
  "done": 142,
  "elapsed_seconds": 3549.5,
  "gain_kg": 3.011635865845278,
  "group": "cluster_fleet_v5/clusters/family_0006",
  "in_fleet": false,
  "inserted": null,
  "peak_rss_mb": 133.3125,
  "slot": 3,
  "status": "improved",
  "stopped": "",
  "total": 339,
  "wall_seconds": 80.49322679099714
}
{
  "after_kg": 522.3819301848049,
  "archived_kg": 511.29363449691994,
  "asteroids_after": 8,
  "asteroids_before": 8,
  "baseline_error_kg": 0.0,
  "certifications": 4,
  "done": 143,
  "elapsed_seconds": 3567.3,
  "gain_kg": 11.088295687884965,
  "group": "cluster_fleet_h100_v1/clusters/family_0004",
  "in_fleet": false,
  "inserted": null,
  "peak_rss_mb": 129.01171875,
  "slot": 2,
  "status": "improved",
  "stopped": "",
  "total": 339,
  "wall_seconds": 148.800029910999
}
{
  "after_kg": 518.8227241615332,
  "archived_kg": 510.8829568788501,
  "asteroids_after": 8,
  "asteroids_before": 8,
  "baseline_error_kg": 0.0,
  "certifications": 3,
  "done": 144,
  "elapsed_seconds": 3659.2,
  "gain_kg": 7.9397672826830785,
  "group": "cluster_fleet_v5/clusters/family_0009",
  "in_fleet": false,
  "inserted": null,
  "peak_rss_mb": 128.7421875,
  "slot": 3,
  "status": "improved",
  "stopped": "",
  "total": 339,
  "wall_seconds": 178.64891635000095
}
{
  "after_kg": 533.6071184120466,
  "archived_kg": 510.4722792607803,
  "asteroids_after": 9,
  "asteroids_before": 9,
  "baseline_error_kg": 0.0,
  "certifications": 5,
  "done": 145,
  "elapsed_seconds": 3671.9,
  "gain_kg": 23.134839151266306,
  "group": "cluster_fleet_h100_v1/clusters/family_0002",
  "in_fleet": false,
  "inserted": null,
  "peak_rss_mb": 128.76171875,
  "slot": 1,
  "status": "improved",
  "stopped": "",
  "total": 339,
  "wall_seconds": 161.9186062009976
}
{
  "after_kg": 531.9644079397673,
  "archived_kg": 510.3353867214237,
  "asteroids_after": 8,
  "asteroids_before": 8,
  "baseline_error_kg": 0.0,
  "certifications": 5,
  "done": 146,
  "elapsed_seconds": 3718.6,
  "gain_kg": 21.62902121834361,
  "group": "cluster_fleet_h100_v1/clusters/family_0009",
  "in_fleet": false,
  "inserted": null,
  "peak_rss_mb": 129.01171875,
  "slot": 2,
  "status": "improved",
  "stopped": "",
  "total": 339,
  "wall_seconds": 151.3349519250005
}
{
  "after_kg": 525.1197809719371,
  "archived_kg": 510.4722792607803,
  "asteroids_after": 8,
  "asteroids_before": 8,
  "baseline_error_kg": 0.0,
  "certifications": 6,
  "done": 147,
  "elapsed_seconds": 3780.2,
  "gain_kg": 14.647501711156792,
  "group": "cluster_fleet_v6/clusters/family_0029",
  "in_fleet": false,
  "inserted": null,
  "peak_rss_mb": 133.3125,
  "slot": 2,
  "status": "improved",
  "stopped": "",
  "total": 339,
  "wall_seconds": 230.72224287299832
}
{
  "after_kg": 514.1683778234086,
  "archived_kg": 509.24024640657086,
  "asteroids_after": 9,
  "asteroids_before": 9,
  "baseline_error_kg": 0.0,
  "certifications": 4,
  "done": 148,
  "elapsed_seconds": 3806.1,
  "gain_kg": 4.9281314168377435,
  "group": "cluster_fleet_v6/clusters/family_0011",
  "in_fleet": false,
  "inserted": null,
  "peak_rss_mb": 128.76171875,
  "slot": 2,
  "status": "improved",
  "stopped": "",
  "total": 339,
  "wall_seconds": 134.18551410700093
}
{
  "after_kg": 508.0082135523614,
  "archived_kg": 508.0082135523614,
  "asteroids_after": 8,
  "asteroids_before": 8,
  "baseline_error_kg": 0.0,
  "certifications": 0,
  "done": 149,
  "elapsed_seconds": 3825.0,
  "gain_kg": 0.0,
  "group": "cluster_fleet_v5c/clusters/family_0016",
  "in_fleet": false,
  "inserted": null,
  "peak_rss_mb": 128.76171875,
  "slot": 2,
  "status": "no gain",
  "stopped": "",
  "total": 339,
  "wall_seconds": 18.950122599999304
}
{
  "after_kg": 534.839151266256,
  "archived_kg": 509.65092402464063,
  "asteroids_after": 9,
  "asteroids_before": 9,
  "baseline_error_kg": 0.0,
  "certifications": 5,
  "done": 150,
  "elapsed_seconds": 3828.6,
  "gain_kg": 25.188227241615323,
  "group": "cluster_fleet_v6/clusters/family_0011",
  "in_fleet": false,
  "inserted": null,
  "peak_rss_mb": 128.7421875,
  "slot": 3,
  "status": "improved",
  "stopped": "",
  "total": 339,
  "wall_seconds": 169.4052771329989
}
{
  "after_kg": 518.1382614647501,
  "archived_kg": 508.4188911704312,
  "asteroids_after": 8,
  "asteroids_before": 8,
  "baseline_error_kg": 0.0,
  "certifications": 4,
  "done": 151,
  "elapsed_seconds": 3874.7,
  "gain_kg": 9.719370294318935,
  "group": "cluster_fleet_v5/clusters/family_0015",
  "in_fleet": false,
  "inserted": null,
  "peak_rss_mb": 129.01171875,
  "slot": 2,
  "status": "improved",
  "stopped": "",
  "total": 339,
  "wall_seconds": 156.0988048390027
}
{
  "after_kg": 515.8110882956879,
  "archived_kg": 508.0082135523614,
  "asteroids_after": 8,
  "asteroids_before": 8,
  "baseline_error_kg": 0.0,
  "certifications": 4,
  "done": 152,
  "elapsed_seconds": 3915.1,
  "gain_kg": 7.802874743326527,
  "group": "cluster_fleet_v5/clusters/family_0023",
  "in_fleet": false,
  "inserted": null,
  "peak_rss_mb": 133.3125,
  "slot": 4,
  "status": "improved",
  "stopped": "",
  "total": 339,
  "wall_seconds": 134.83462094700008
}
{
  "after_kg": 522.7926078028747,
  "archived_kg": 508.0082135523614,
  "asteroids_after": 8,
  "asteroids_before": 8,
  "baseline_error_kg": 0.0,
  "certifications": 5,
  "done": 153,
  "elapsed_seconds": 3976.6,
  "gain_kg": 14.784394250513344,
  "group": "cluster_fleet_v6/clusters/family_0009",
  "in_fleet": false,
  "inserted": null,
  "peak_rss_mb": 128.7421875,
  "slot": 1,
  "status": "improved",
  "stopped": "",
  "total": 339,
  "wall_seconds": 147.99786388899884
}
{
  "after_kg": 530.7323750855578,
  "archived_kg": 508.0082135523614,
  "asteroids_after": 8,
  "asteroids_before": 8,
  "baseline_error_kg": 0.0,
  "certifications": 5,
  "done": 154,
  "elapsed_seconds": 3999.4,
  "gain_kg": 22.724161533196423,
  "group": "cluster_fleet_v5c/clusters/family_0019",
  "in_fleet": false,
  "inserted": null,
  "peak_rss_mb": 128.76171875,
  "slot": 1,
  "status": "improved",
  "stopped": "",
  "total": 339,
  "wall_seconds": 174.34235933699892
}
{
  "after_kg": 514.9897330595483,
  "archived_kg": 507.5975359342916,
  "asteroids_after": 9,
  "asteroids_before": 9,
  "baseline_error_kg": 0.0,
  "certifications": 3,
  "done": 155,
  "elapsed_seconds": 4021.7,
  "gain_kg": 7.392197125256644,
  "group": "cluster_fleet_v5c/clusters/family_0011",
  "in_fleet": false,
  "inserted": null,
  "peak_rss_mb": 133.3125,
  "slot": 1,
  "status": "improved",
  "stopped": "",
  "total": 339,
  "wall_seconds": 106.65784272200108
}
{
  "after_kg": 508.2819986310746,
  "archived_kg": 507.1868583162218,
  "asteroids_after": 8,
  "asteroids_before": 8,
  "baseline_error_kg": 0.0,
  "certifications": 1,
  "done": 156,
  "elapsed_seconds": 4031.4,
  "gain_kg": 1.095140314852813,
  "group": "cluster_fleet_v5c/clusters/family_0001",
  "in_fleet": false,
  "inserted": null,
  "peak_rss_mb": 128.7421875,
  "slot": 2,
  "status": "improved",
  "stopped": "",
  "total": 339,
  "wall_seconds": 54.87344316000235
}
{
  "after_kg": 556.0301163586585,
  "archived_kg": 507.84394250513344,
  "asteroids_after": 7,
  "asteroids_before": 7,
  "baseline_error_kg": 0.0,
  "certifications": 5,
  "done": 157,
  "elapsed_seconds": 4037.1,
  "gain_kg": 48.18617385352502,
  "group": "cluster_fleet_v1/clusters/family_0065",
  "in_fleet": false,
  "inserted": null,
  "peak_rss_mb": 129.01171875,
  "slot": 2,
  "status": "improved",
  "stopped": "",
  "total": 339,
  "wall_seconds": 162.33956300900172
}
{
  "after_kg": 505.9548254620123,
  "archived_kg": 505.9548254620123,
  "asteroids_after": 8,
  "asteroids_before": 8,
  "baseline_error_kg": 0.0,
  "certifications": 0,
  "done": 158,
  "elapsed_seconds": 4047.0,
  "gain_kg": 0.0,
  "group": "cluster_fleet_v5c/clusters/family_0006",
  "in_fleet": false,
  "inserted": null,
  "peak_rss_mb": 129.01171875,
  "slot": 2,
  "status": "no gain",
  "stopped": "",
  "total": 339,
  "wall_seconds": 9.95778492199679
}
{
  "after_kg": 511.56741957563315,
  "archived_kg": 506.77618069815196,
  "asteroids_after": 9,
  "asteroids_before": 9,
  "baseline_error_kg": 0.0,
  "certifications": 2,
  "done": 159,
  "elapsed_seconds": 4067.9,
  "gain_kg": 4.791238877481192,
  "group": "cluster_fleet_v5/clusters/family_0002",
  "in_fleet": false,
  "inserted": null,
  "peak_rss_mb": 128.76171875,
  "slot": 3,
  "status": "improved",
  "stopped": "",
  "total": 339,
  "wall_seconds": 68.46689425899967
}
{
  "after_kg": 507.0499657768652,
  "archived_kg": 505.9548254620123,
  "asteroids_after": 9,
  "asteroids_before": 9,
  "baseline_error_kg": 0.0,
  "certifications": 1,
  "done": 160,
  "elapsed_seconds": 4095.4,
  "gain_kg": 1.0951403148528698,
  "group": "cluster_fleet_v6/clusters/family_0017",
  "in_fleet": false,
  "inserted": null,
  "peak_rss_mb": 129.01171875,
  "slot": 1,
  "status": "improved",
  "stopped": "",
  "total": 339,
  "wall_seconds": 48.38796738500241
}
{
  "after_kg": 510.06160164271046,
  "archived_kg": 506.36550308008214,
  "asteroids_after": 8,
  "asteroids_before": 8,
  "baseline_error_kg": 0.0,
  "certifications": 2,
  "done": 161,
  "elapsed_seconds": 4110.0,
  "gain_kg": 3.696098562628322,
  "group": "cluster_fleet_v5c/clusters/family_0015",
  "in_fleet": false,
  "inserted": null,
  "peak_rss_mb": 133.3125,
  "slot": 4,
  "status": "improved",
  "stopped": "",
  "total": 339,
  "wall_seconds": 88.23378351500287
}
{
  "after_kg": 519.9178644763861,
  "archived_kg": 506.36550308008214,
  "asteroids_after": 9,
  "asteroids_before": 9,
  "baseline_error_kg": 0.0,
  "certifications": 3,
  "done": 162,
  "elapsed_seconds": 4129.6,
  "gain_kg": 13.552361396303922,
  "group": "cluster_fleet_v6/clusters/family_0005",
  "in_fleet": false,
  "inserted": null,
  "peak_rss_mb": 128.7421875,
  "slot": 1,
  "status": "improved",
  "stopped": "",
  "total": 339,
  "wall_seconds": 98.19104022600004
}
{
  "after_kg": 520.3285420944559,
  "archived_kg": 505.54414784394254,
  "asteroids_after": 8,
  "asteroids_before": 8,
  "baseline_error_kg": 0.0,
  "certifications": 3,
  "done": 163,
  "elapsed_seconds": 4176.8,
  "gain_kg": 14.784394250513344,
  "group": "cluster_fleet_v5c/clusters/family_0026",
  "in_fleet": false,
  "inserted": null,
  "peak_rss_mb": 128.76171875,
  "slot": 1,
  "status": "improved",
  "stopped": "",
  "total": 339,
  "wall_seconds": 108.92818443299984
}
{
  "after_kg": 517.4537987679671,
  "archived_kg": 505.27036276522927,
  "asteroids_after": 7,
  "asteroids_before": 7,
  "baseline_error_kg": 0.0,
  "certifications": 2,
  "done": 164,
  "elapsed_seconds": 4215.1,
  "gain_kg": 12.183436002737835,
  "group": "cluster_fleet_v6/clusters/family_0008",
  "in_fleet": false,
  "inserted": null,
  "peak_rss_mb": 128.7421875,
  "slot": 4,
  "status": "improved",
  "stopped": "",
  "total": 339,
  "wall_seconds": 85.49581509500058
}
{
  "after_kg": 514.9897330595483,
  "archived_kg": 505.1334702258727,
  "asteroids_after": 8,
  "asteroids_before": 8,
  "baseline_error_kg": 0.0,
  "certifications": 2,
  "done": 165,
  "elapsed_seconds": 4251.4,
  "gain_kg": 9.856262833675544,
  "group": "cluster_fleet_v5/clusters/family_0016",
  "in_fleet": false,
  "inserted": null,
  "peak_rss_mb": 128.76171875,
  "slot": 3,
  "status": "improved",
  "stopped": "",
  "total": 339,
  "wall_seconds": 74.61358632400152
}
{
  "after_kg": 517.8644763860369,
  "archived_kg": 505.5441478439425,
  "asteroids_after": 9,
  "asteroids_before": 9,
  "baseline_error_kg": 0.0,
  "certifications": 4,
  "done": 166,
  "elapsed_seconds": 4252.9,
  "gain_kg": 12.320328542094444,
  "group": "cluster_fleet_v7/clusters/family_0021",
  "in_fleet": false,
  "inserted": null,
  "peak_rss_mb": 129.01171875,
  "slot": 2,
  "status": "improved",
  "stopped": "",
  "total": 339,
  "wall_seconds": 157.50316643399856
}
{
  "after_kg": 529.4045174537988,
  "archived_kg": 505.3388090349076,
  "asteroids_after": 9,
  "asteroids_before": 9,
  "baseline_error_kg": 0.0,
  "certifications": 5,
  "done": 167,
  "elapsed_seconds": 4281.0,
  "gain_kg": 24.065708418891177,
  "group": "cluster_fleet_v6/clusters/family_0096",
  "in_fleet": false,
  "inserted": null,
  "peak_rss_mb": 133.3125,
  "slot": 1,
  "status": "improved",
  "stopped": "",
  "total": 339,
  "wall_seconds": 171.0756262640025
}
{
  "after_kg": 532.457221081451,
  "archived_kg": 504.7227926078029,
  "asteroids_after": 8,
  "asteroids_before": 8,
  "baseline_error_kg": 0.0,
  "certifications": 5,
  "done": 168,
  "elapsed_seconds": 4420.8,
  "gain_kg": 27.734428473648165,
  "group": "cluster_fleet_v5c/clusters/family_0026",
  "in_fleet": false,
  "inserted": null,
  "peak_rss_mb": 128.76171875,
  "slot": 2,
  "status": "improved",
  "stopped": "",
  "total": 339,
  "wall_seconds": 169.3510120280007
}
{
  "after_kg": 518.6858316221766,
  "archived_kg": 503.90143737166323,
  "asteroids_after": 8,
  "asteroids_before": 8,
  "baseline_error_kg": 0.0,
  "certifications": 5,
  "done": 169,
  "elapsed_seconds": 4431.7,
  "gain_kg": 14.784394250513344,
  "group": "cluster_fleet_v6/clusters/family_0022",
  "in_fleet": false,
  "inserted": null,
  "peak_rss_mb": 129.01171875,
  "slot": 1,
  "status": "improved",
  "stopped": "",
  "total": 339,
  "wall_seconds": 178.74111104100302
}
{
  "after_kg": 519.5071868583162,
  "archived_kg": 504.7227926078029,
  "asteroids_after": 8,
  "asteroids_before": 8,
  "baseline_error_kg": 0.0,
  "certifications": 4,
  "done": 170,
  "elapsed_seconds": 4433.7,
  "gain_kg": 14.784394250513344,
  "group": "cluster_fleet_v5c/clusters/family_0003",
  "in_fleet": false,
  "inserted": null,
  "peak_rss_mb": 128.7421875,
  "slot": 3,
  "status": "improved",
  "stopped": "",
  "total": 339,
  "wall_seconds": 218.57069339399823
}
{
  "after_kg": 515.8384668035592,
  "archived_kg": 503.49075975359347,
  "asteroids_after": 7,
  "asteroids_before": 7,
  "baseline_error_kg": 0.0,
  "certifications": 6,
  "done": 171,
  "elapsed_seconds": 4465.2,
  "gain_kg": 12.34770704996572,
  "group": "cluster_fleet_h100_v1/clusters/family_0086",
  "in_fleet": false,
  "inserted": null,
  "peak_rss_mb": 133.3125,
  "slot": 2,
  "status": "improved",
  "stopped": "",
  "total": 339,
  "wall_seconds": 184.1075686539989
}
{
  "after_kg": 510.7460643394935,
  "archived_kg": 502.258726899384,
  "asteroids_after": 9,
  "asteroids_before": 9,
  "baseline_error_kg": 0.0,
  "certifications": 3,
  "done": 172,
  "elapsed_seconds": 4558.5,
  "gain_kg": 8.487337440109513,
  "group": "cluster_fleet_v1/clusters/family_0000",
  "in_fleet": false,
  "inserted": null,
  "peak_rss_mb": 128.76171875,
  "slot": 1,
  "status": "improved",
  "stopped": "",
  "total": 339,
  "wall_seconds": 137.76429866499893
}
{
  "after_kg": 516.6324435318276,
  "archived_kg": 501.84804928131416,
  "asteroids_after": 8,
  "asteroids_before": 8,
  "baseline_error_kg": 0.0,
  "certifications": 2,
  "done": 173,
  "elapsed_seconds": 4567.1,
  "gain_kg": 14.784394250513401,
  "group": "cluster_fleet_v7/clusters/family_0030",
  "in_fleet": false,
  "inserted": null,
  "peak_rss_mb": 133.3125,
  "slot": 2,
  "status": "improved",
  "stopped": "",
  "total": 339,
  "wall_seconds": 101.9761330759975
}
{
  "after_kg": 531.006160164271,
  "archived_kg": 502.258726899384,
  "asteroids_after": 9,
  "asteroids_before": 9,
  "baseline_error_kg": 0.0,
  "certifications": 5,
  "done": 174,
  "elapsed_seconds": 4603.4,
  "gain_kg": 28.747433264887036,
  "group": "cluster_fleet_v7/clusters/family_0019",
  "in_fleet": false,
  "inserted": null,
  "peak_rss_mb": 129.01171875,
  "slot": 1,
  "status": "improved",
  "stopped": "",
  "total": 339,
  "wall_seconds": 171.76328285900308
}
{
  "after_kg": 522.3271731690622,
  "archived_kg": 501.84804928131416,
  "asteroids_after": 8,
  "asteroids_before": 8,
  "baseline_error_kg": 0.0,
  "certifications": 6,
  "done": 175,
  "elapsed_seconds": 4692.4,
  "gain_kg": 20.479123887748074,
  "group": "cluster_fleet_h100_v1/clusters/family_0020",
  "in_fleet": false,
  "inserted": null,
  "peak_rss_mb": 128.7421875,
  "slot": 1,
  "status": "improved",
  "stopped": "",
  "total": 339,
  "wall_seconds": 258.71903577099874
}
{
  "after_kg": 522.3819301848049,
  "archived_kg": 501.57426420260094,
  "asteroids_after": 8,
  "asteroids_before": 8,
  "baseline_error_kg": 0.0,
  "certifications": 5,
  "done": 176,
  "elapsed_seconds": 4721.3,
  "gain_kg": 20.807665982203957,
  "group": "cluster_fleet_h100_v1/clusters/family_0080",
  "in_fleet": false,
  "inserted": null,
  "peak_rss_mb": 128.76171875,
  "slot": 1,
  "status": "improved",
  "stopped": "",
  "total": 339,
  "wall_seconds": 162.77718183099933
}
{
  "after_kg": 503.7645448323066,
  "archived_kg": 501.43737166324433,
  "asteroids_after": 7,
  "asteroids_before": 7,
  "baseline_error_kg": 0.0,
  "certifications": 3,
  "done": 177,
  "elapsed_seconds": 4751.7,
  "gain_kg": 2.3271731690622914,
  "group": "cluster_fleet_v1/clusters/family_0065",
  "in_fleet": false,
  "inserted": null,
  "peak_rss_mb": 133.3125,
  "slot": 1,
  "status": "improved",
  "stopped": "",
  "total": 339,
  "wall_seconds": 184.547450217
}
{
  "after_kg": 515.6741957563313,
  "archived_kg": 499.7946611909651,
  "asteroids_after": 9,
  "asteroids_before": 9,
  "baseline_error_kg": 0.0,
  "certifications": 4,
  "done": 178,
  "elapsed_seconds": 4855.0,
  "gain_kg": 15.879534565366214,
  "group": "cluster_fleet_h100_v1/clusters/family_0004",
  "in_fleet": false,
  "inserted": null,
  "peak_rss_mb": 128.76171875,
  "slot": 1,
  "status": "improved",
  "stopped": "",
  "total": 339,
  "wall_seconds": 133.69160126199858
}
{
  "after_kg": 517.0431211498974,
  "archived_kg": 501.02669404517457,
  "asteroids_after": 7,
  "asteroids_before": 7,
  "baseline_error_kg": 0.0,
  "certifications": 7,
  "done": 179,
  "elapsed_seconds": 4860.6,
  "gain_kg": 16.016427104722823,
  "group": "cluster_fleet_v4/clusters/family_0020",
  "in_fleet": false,
  "inserted": null,
  "peak_rss_mb": 129.01171875,
  "slot": 1,
  "status": "improved",
  "stopped": "",
  "total": 339,
  "wall_seconds": 257.1577233930002
}
{
  "after_kg": 518.8227241615332,
  "archived_kg": 500.47912388774813,
  "asteroids_after": 8,
  "asteroids_before": 8,
  "baseline_error_kg": 0.0,
  "certifications": 7,
  "done": 180,
  "elapsed_seconds": 4895.1,
  "gain_kg": 18.343600273785057,
  "group": "cluster_fleet_v6/clusters/family_0011",
  "in_fleet": false,
  "inserted": null,
  "peak_rss_mb": 128.7421875,
  "slot": 1,
  "status": "improved",
  "stopped": "",
  "total": 339,
  "wall_seconds": 202.70081090299936
}
{
  "after_kg": 513.3470225872691,
  "archived_kg": 499.3839835728953,
  "asteroids_after": 6,
  "asteroids_before": 6,
  "baseline_error_kg": 0.0,
  "certifications": 5,
  "done": 181,
  "elapsed_seconds": 4905.7,
  "gain_kg": 13.963039014373749,
  "group": "cluster_fleet_v5c/clusters/family_0002",
  "in_fleet": false,
  "inserted": null,
  "peak_rss_mb": 133.3125,
  "slot": 2,
  "status": "improved",
  "stopped": "",
  "total": 339,
  "wall_seconds": 153.9767675059993
}
{
  "after_kg": 513.4839151266256,
  "archived_kg": 499.38398357289526,
  "asteroids_after": 7,
  "asteroids_before": 7,
  "baseline_error_kg": 0.0,
  "certifications": 3,
  "done": 182,
  "elapsed_seconds": 4962.2,
  "gain_kg": 14.0999315537303,
  "group": "cluster_fleet_h100_v1/clusters/family_0036",
  "in_fleet": false,
  "inserted": null,
  "peak_rss_mb": 129.2578125,
  "slot": 1,
  "status": "improved",
  "stopped": "",
  "total": 339,
  "wall_seconds": 107.1593475189984
}
{
  "after_kg": 507.8713210130048,
  "archived_kg": 499.38398357289526,
  "asteroids_after": 7,
  "asteroids_before": 7,
  "baseline_error_kg": 0.0,
  "certifications": 4,
  "done": 183,
  "elapsed_seconds": 5002.7,
  "gain_kg": 8.487337440109513,
  "group": "cluster_fleet_v4/clusters/family_0004",
  "in_fleet": false,
  "inserted": null,
  "peak_rss_mb": 129.01171875,
  "slot": 3,
  "status": "improved",
  "stopped": "",
  "total": 339,
  "wall_seconds": 142.1078753490001
}
{
  "after_kg": 516.2217659137577,
  "archived_kg": 498.97330595482543,
  "asteroids_after": 8,
  "asteroids_before": 8,
  "baseline_error_kg": 0.0,
  "certifications": 2,
  "done": 184,
  "elapsed_seconds": 5043.9,
  "gain_kg": 17.2484599589323,
  "group": "cluster_fleet_v5/clusters/family_0008",
  "in_fleet": false,
  "inserted": null,
  "peak_rss_mb": 129.2578125,
  "slot": 2,
  "status": "improved",
  "stopped": "",
  "total": 339,
  "wall_seconds": 81.70823172699966
}
{
  "after_kg": 508.6926762491444,
  "archived_kg": 498.9733059548255,
  "asteroids_after": 9,
  "asteroids_before": 9,
  "baseline_error_kg": 0.0,
  "certifications": 4,
  "done": 185,
  "elapsed_seconds": 5058.3,
  "gain_kg": 9.719370294318935,
  "group": "cluster_fleet_v5/clusters/family_0015",
  "in_fleet": false,
  "inserted": null,
  "peak_rss_mb": 133.3125,
  "slot": 1,
  "status": "improved",
  "stopped": "",
  "total": 339,
  "wall_seconds": 152.66473251500065
}
{
  "after_kg": 532.9500342231348,
  "archived_kg": 498.9733059548255,
  "asteroids_after": 8,
  "asteroids_before": 8,
  "baseline_error_kg": 0.0,
  "certifications": 5,
  "done": 186,
  "elapsed_seconds": 5098.5,
  "gain_kg": 33.97672826830933,
  "group": "cluster_fleet_h100_v1/clusters/family_0003",
  "in_fleet": false,
  "inserted": null,
  "peak_rss_mb": 128.7421875,
  "slot": 2,
  "status": "improved",
  "stopped": "",
  "total": 339,
  "wall_seconds": 203.37458907900145
}
{
  "after_kg": 508.0082135523614,
  "archived_kg": 498.15195071868584,
  "asteroids_after": 8,
  "asteroids_before": 8,
  "baseline_error_kg": 0.0,
  "certifications": 2,
  "done": 187,
  "elapsed_seconds": 5113.5,
  "gain_kg": 9.856262833675544,
  "group": "cluster_fleet_v3_repair/clusters/family_0007",
  "in_fleet": false,
  "inserted": null,
  "peak_rss_mb": 129.2734375,
  "slot": 2,
  "status": "improved",
  "stopped": "",
  "total": 339,
  "wall_seconds": 69.5868370950011
}
{
  "after_kg": 499.95893223819303,
  "archived_kg": 498.15195071868584,
  "asteroids_after": 9,
  "asteroids_before": 9,
  "baseline_error_kg": 0.0,
  "certifications": 2,
  "done": 188,
  "elapsed_seconds": 5169.5,
  "gain_kg": 1.8069815195071897,
  "group": "cluster_fleet_v5c/clusters/family_0004",
  "in_fleet": false,
  "inserted": null,
  "peak_rss_mb": 128.7421875,
  "slot": 2,
  "status": "improved",
  "stopped": "",
  "total": 339,
  "wall_seconds": 70.9840607920014
}
{
  "after_kg": 501.71115674195755,
  "archived_kg": 498.15195071868584,
  "asteroids_after": 8,
  "asteroids_before": 8,
  "baseline_error_kg": 0.0,
  "certifications": 3,
  "done": 189,
  "elapsed_seconds": 5181.9,
  "gain_kg": 3.559206023271713,
  "group": "cluster_fleet_v5/clusters/family_0008",
  "in_fleet": false,
  "inserted": null,
  "peak_rss_mb": 133.3125,
  "slot": 4,
  "status": "improved",
  "stopped": "",
  "total": 339,
  "wall_seconds": 123.5991906900017
}
{
  "after_kg": 503.7645448323066,
  "archived_kg": 498.56262833675567,
  "asteroids_after": 7,
  "asteroids_before": 7,
  "baseline_error_kg": 0.0,
  "certifications": 5,
  "done": 190,
  "elapsed_seconds": 5219.8,
  "gain_kg": 5.201916495550961,
  "group": "cluster_fleet_v6/clusters/family_0036",
  "in_fleet": false,
  "inserted": null,
  "peak_rss_mb": 129.01171875,
  "slot": 1,
  "status": "improved",
  "stopped": "",
  "total": 339,
  "wall_seconds": 217.03598768400116
}
{
  "after_kg": 513.7577002053388,
  "archived_kg": 497.741273100616,
  "asteroids_after": 8,
  "asteroids_before": 8,
  "baseline_error_kg": 0.0,
  "certifications": 4,
  "done": 191,
  "elapsed_seconds": 5243.1,
  "gain_kg": 16.016427104722766,
  "group": "cluster_fleet_v5/clusters/family_0005",
  "in_fleet": false,
  "inserted": null,
  "peak_rss_mb": 129.2734375,
  "slot": 1,
  "status": "improved",
  "stopped": "",
  "total": 339,
  "wall_seconds": 129.57790208900042
}
{
  "after_kg": 507.460643394935,
  "archived_kg": 497.741273100616,
  "asteroids_after": 8,
  "asteroids_before": 8,
  "baseline_error_kg": 0.0,
  "certifications": 3,
  "done": 192,
  "elapsed_seconds": 5344.4,
  "gain_kg": 9.719370294318992,
  "group": "cluster_fleet_v6/clusters/family_0108",
  "in_fleet": false,
  "inserted": null,
  "peak_rss_mb": 129.4609375,
  "slot": 1,
  "status": "improved",
  "stopped": "",
  "total": 339,
  "wall_seconds": 174.84753477399863
}
{
  "after_kg": 508.6926762491444,
  "archived_kg": 497.3305954825462,
  "asteroids_after": 7,
  "asteroids_before": 7,
  "baseline_error_kg": 0.0,
  "certifications": 4,
  "done": 193,
  "elapsed_seconds": 5383.0,
  "gain_kg": 11.36208076659824,
  "group": "cluster_fleet_v6/clusters/family_0020",
  "in_fleet": false,
  "inserted": null,
  "peak_rss_mb": 129.01953125,
  "slot": 3,
  "status": "improved",
  "stopped": "",
  "total": 339,
  "wall_seconds": 163.249039282
}
{
  "after_kg": 504.31211498973306,
  "archived_kg": 496.91991786447636,
  "asteroids_after": 8,
  "asteroids_before": 8,
  "baseline_error_kg": 0.0,
  "certifications": 2,
  "done": 194,
  "elapsed_seconds": 5416.4,
  "gain_kg": 7.3921971252567005,
  "group": "cluster_fleet_v5/clusters/family_0462",
  "in_fleet": false,
  "inserted": null,
  "peak_rss_mb": 129.4609375,
  "slot": 1,
  "status": "improved",
  "stopped": "",
  "total": 339,
  "wall_seconds": 72.00731448500301
}
{
  "after_kg": 512.9363449691991,
  "archived_kg": 496.9199178644764,
  "asteroids_after": 7,
  "asteroids_before": 7,
  "baseline_error_kg": 0.0,
  "certifications": 6,
  "done": 195,
  "elapsed_seconds": 5431.3,
  "gain_kg": 16.01642710472271,
  "group": "cluster_fleet_h100_v1/clusters/family_0012",
  "in_fleet": false,
  "inserted": null,
  "peak_rss_mb": 129.2734375,
  "slot": 3,
  "status": "improved",
  "stopped": "",
  "total": 339,
  "wall_seconds": 188.2742721249997
}
{
  "after_kg": 512.9363449691991,
  "archived_kg": 496.91991786447636,
  "asteroids_after": 7,
  "asteroids_before": 7,
  "baseline_error_kg": 0.0,
  "certifications": 3,
  "done": 196,
  "elapsed_seconds": 5507.9,
  "gain_kg": 16.016427104722766,
  "group": "cluster_fleet_v5c/clusters/family_0019",
  "in_fleet": false,
  "inserted": null,
  "peak_rss_mb": 129.01953125,
  "slot": 2,
  "status": "improved",
  "stopped": "",
  "total": 339,
  "wall_seconds": 124.84321740199812
}
{
  "after_kg": 534.5653661875427,
  "archived_kg": 497.741273100616,
  "asteroids_after": 8,
  "asteroids_before": 8,
  "baseline_error_kg": 0.0,
  "certifications": 8,
  "done": 197,
  "elapsed_seconds": 5523.7,
  "gain_kg": 36.82409308692672,
  "group": "cluster_fleet_v7/clusters/family_0013",
  "in_fleet": false,
  "inserted": null,
  "peak_rss_mb": 133.3125,
  "slot": 1,
  "status": "improved",
  "stopped": "",
  "total": 339,
  "wall_seconds": 341.7816664819984
}
{
  "after_kg": 536.5913757700206,
  "archived_kg": 496.78302532511975,
  "asteroids_after": 7,
  "asteroids_before": 7,
  "baseline_error_kg": 0.0,
  "certifications": 5,
  "done": 198,
  "elapsed_seconds": 5575.0,
  "gain_kg": 39.80835044490084,
  "group": "cluster_fleet_v5c/clusters/family_0003",
  "in_fleet": false,
  "inserted": null,
  "peak_rss_mb": 129.4609375,
  "slot": 1,
  "status": "improved",
  "stopped": "",
  "total": 339,
  "wall_seconds": 158.58788709700093
}
{
  "after_kg": 501.84804928131416,
  "archived_kg": 496.5092402464066,
  "asteroids_after": 8,
  "asteroids_before": 8,
  "baseline_error_kg": 0.0,
  "certifications": 3,
  "done": 199,
  "elapsed_seconds": 5575.3,
  "gain_kg": 5.33880903490757,
  "group": "cluster_fleet_v5c/clusters/family_0009",
  "in_fleet": false,
  "inserted": null,
  "peak_rss_mb": 129.2734375,
  "slot": 2,
  "status": "improved",
  "stopped": "",
  "total": 339,
  "wall_seconds": 143.92401137900015
}
{
  "after_kg": 514.5790554414784,
  "archived_kg": 496.0985626283367,
  "asteroids_after": 9,
  "asteroids_before": 9,
  "baseline_error_kg": 0.0,
  "certifications": 3,
  "done": 200,
  "elapsed_seconds": 5635.2,
  "gain_kg": 18.480492813141723,
  "group": "cluster_fleet_v5/clusters/family_0410",
  "in_fleet": false,
  "inserted": null,
  "peak_rss_mb": 133.3125,
  "slot": 1,
  "status": "improved",
  "stopped": "",
  "total": 339,
  "wall_seconds": 111.43708321499798
}
{
  "after_kg": 495.55099247091033,
  "archived_kg": 495.55099247091033,
  "asteroids_after": 8,
  "asteroids_before": 8,
  "baseline_error_kg": Infinity,
  "certifications": 0,
  "done": 201,
  "elapsed_seconds": 5636.0,
  "gain_kg": 0.0,
  "group": "cluster_fleet_h100_v1/clusters/family_0038",
  "in_fleet": false,
  "inserted": null,
  "peak_rss_mb": 133.3125,
  "slot": 2,
  "status": "no gain",
  "stopped": "",
  "total": 339,
  "wall_seconds": 0.8156736380005896
}
{
  "after_kg": 514.9897330595483,
  "archived_kg": 496.5092402464066,
  "asteroids_after": 7,
  "asteroids_before": 7,
  "baseline_error_kg": 0.0,
  "certifications": 5,
  "done": 202,
  "elapsed_seconds": 5697.4,
  "gain_kg": 18.480492813141666,
  "group": "cluster_fleet_v6/clusters/family_0025",
  "in_fleet": false,
  "inserted": null,
  "peak_rss_mb": 129.01953125,
  "slot": 4,
  "status": "improved",
  "stopped": "",
  "total": 339,
  "wall_seconds": 189.51462927000102
}
{
  "after_kg": 533.4154688569473,
  "archived_kg": 495.68788501026694,
  "asteroids_after": 9,
  "asteroids_before": 9,
  "baseline_error_kg": 0.0,
  "certifications": 3,
  "done": 203,
  "elapsed_seconds": 5706.1,
  "gain_kg": 37.727583846680375,
  "group": "cluster_fleet_v6/clusters/family_0006",
  "in_fleet": false,
  "inserted": null,
  "peak_rss_mb": 129.2734375,
  "slot": 2,
  "status": "improved",
  "stopped": "",
  "total": 339,
  "wall_seconds": 130.77965385700008
}
{
  "after_kg": 510.2258726899384,
  "archived_kg": 495.68788501026694,
  "asteroids_after": 8,
  "asteroids_before": 8,
  "baseline_error_kg": 0.0,
  "certifications": 4,
  "done": 204,
  "elapsed_seconds": 5706.5,
  "gain_kg": 14.53798767967146,
  "group": "cluster_fleet_v6/clusters/family_0001",
  "in_fleet": false,
  "inserted": null,
  "peak_rss_mb": 129.4609375,
  "slot": 5,
  "status": "improved",
  "stopped": "",
  "total": 339,
  "wall_seconds": 131.48442869300197
}
{
  "after_kg": 514.8528405201916,
  "archived_kg": 495.2772073921971,
  "asteroids_after": 9,
  "asteroids_before": 9,
  "baseline_error_kg": 0.0,
  "certifications": 5,
  "done": 205,
  "elapsed_seconds": 5815.7,
  "gain_kg": 19.575633127994536,
  "group": "cluster_fleet_v6/clusters/family_0099",
  "in_fleet": false,
  "inserted": null,
  "peak_rss_mb": 133.3125,
  "slot": 1,
  "status": "improved",
  "stopped": "",
  "total": 339,
  "wall_seconds": 179.74531376800223
}
{
  "after_kg": 507.0499657768652,
  "archived_kg": 494.86652977412734,
  "asteroids_after": 9,
  "asteroids_before": 9,
  "baseline_error_kg": 0.0,
  "certifications": 4,
  "done": 206,
  "elapsed_seconds": 5833.6,
  "gain_kg": 12.183436002737835,
  "group": "cluster_fleet_v4/clusters/family_0005",
  "in_fleet": false,
  "inserted": null,
  "peak_rss_mb": 129.01953125,
  "slot": 2,
  "status": "improved",
  "stopped": "",
  "total": 339,
  "wall_seconds": 136.17472745100167
}
{
  "after_kg": 516.0848733744011,
  "archived_kg": 494.0451745379877,
  "asteroids_after": 7,
  "asteroids_before": 7,
  "baseline_error_kg": 0.0,
  "certifications": 5,
  "done": 207,
  "elapsed_seconds": 5925.5,
  "gain_kg": 22.039698836413436,
  "group": "cluster_fleet_h100_v1/clusters/family_0008",
  "in_fleet": false,
  "inserted": null,
  "peak_rss_mb": 129.2734375,
  "slot": 1,
  "status": "improved",
  "stopped": "",
  "total": 339,
  "wall_seconds": 219.4851616119995
}
{
  "after_kg": 528.3230663928816,
  "archived_kg": 493.63449691991786,
  "asteroids_after": 8,
  "asteroids_before": 8,
  "baseline_error_kg": 0.0,
  "certifications": 7,
  "done": 208,
  "elapsed_seconds": 5968.6,
  "gain_kg": 34.68856947296376,
  "group": "cluster_fleet_v6/clusters/family_0003",
  "in_fleet": false,
  "inserted": null,
  "peak_rss_mb": 129.4609375,
  "slot": 2,
  "status": "improved",
  "stopped": "",
  "total": 339,
  "wall_seconds": 262.14954317900265
}
{
  "after_kg": 515.9479808350445,
  "archived_kg": 492.8131416837782,
  "asteroids_after": 8,
  "asteroids_before": 8,
  "baseline_error_kg": 0.0,
  "certifications": 5,
  "done": 209,
  "elapsed_seconds": 6019.8,
  "gain_kg": 23.134839151266306,
  "group": "cluster_fleet_h100_v1/clusters/family_0003",
  "in_fleet": false,
  "inserted": null,
  "peak_rss_mb": 129.01953125,
  "slot": 1,
  "status": "improved",
  "stopped": "",
  "total": 339,
  "wall_seconds": 186.2795491379984
}
{
  "after_kg": 501.6016427104723,
  "archived_kg": 491.9917864476386,
  "asteroids_after": 8,
  "asteroids_before": 8,
  "baseline_error_kg": 0.0,
  "certifications": 3,
  "done": 210,
  "elapsed_seconds": 6027.9,
  "gain_kg": 9.60985626283366,
  "group": "cluster_fleet_v4/clusters/family_0030",
  "in_fleet": false,
  "inserted": null,
  "peak_rss_mb": 129.2734375,
  "slot": 1,
  "status": "improved",
  "stopped": "",
  "total": 339,
  "wall_seconds": 102.32429680399946
}
{
  "after_kg": 501.71115674195755,
  "archived_kg": 491.9917864476386,
  "asteroids_after": 7,
  "asteroids_before": 7,
  "baseline_error_kg": 0.0,
  "certifications": 3,
  "done": 211,
  "elapsed_seconds": 6066.7,
  "gain_kg": 9.719370294318935,
  "group": "cluster_fleet_v6/clusters/family_0004",
  "in_fleet": false,
  "inserted": null,
  "peak_rss_mb": 129.4609375,
  "slot": 5,
  "status": "improved",
  "stopped": "",
  "total": 339,
  "wall_seconds": 98.0982545600018
}
{
  "after_kg": 515.4004106776181,
  "archived_kg": 493.22381930184804,
  "asteroids_after": 8,
  "asteroids_before": 8,
  "baseline_error_kg": 0.0,
  "certifications": 5,
  "done": 212,
  "elapsed_seconds": 6130.2,
  "gain_kg": 22.176591375770045,
  "group": "cluster_fleet_h100_v1/clusters/family_0010",
  "in_fleet": false,
  "inserted": null,
  "peak_rss_mb": 133.3125,
  "slot": 1,
  "status": "improved",
  "stopped": "",
  "total": 339,
  "wall_seconds": 314.46670475299834
}
{
  "after_kg": 509.596167008898,
  "archived_kg": 491.5811088295688,
  "asteroids_after": 7,
  "asteroids_before": 7,
  "baseline_error_kg": 0.0,
  "certifications": 4,
  "done": 213,
  "elapsed_seconds": 6142.4,
  "gain_kg": 18.01505817932923,
  "group": "cluster_fleet_v7/clusters/family_0008",
  "in_fleet": false,
  "inserted": null,
  "peak_rss_mb": 129.01953125,
  "slot": 2,
  "status": "improved",
  "stopped": "",
  "total": 339,
  "wall_seconds": 122.50843984299718
}
{
  "after_kg": 502.1218343600274,
  "archived_kg": 489.80150581793293,
  "asteroids_after": 8,
  "asteroids_before": 8,
  "baseline_error_kg": 0.0,
  "certifications": 3,
  "done": 214,
  "elapsed_seconds": 6188.3,
  "gain_kg": 12.320328542094444,
  "group": "cluster_fleet_h100_v1/clusters/family_0108",
  "in_fleet": false,
  "inserted": null,
  "peak_rss_mb": 129.4609375,
  "slot": 1,
  "status": "improved",
  "stopped": "",
  "total": 339,
  "wall_seconds": 121.6058894960006
}
{
  "after_kg": 500.7529089664613,
  "archived_kg": 490.34907597535937,
  "asteroids_after": 6,
  "asteroids_before": 6,
  "baseline_error_kg": 0.0,
  "certifications": 5,
  "done": 215,
  "elapsed_seconds": 6244.1,
  "gain_kg": 10.403832991101922,
  "group": "fleet10_master_v1",
  "in_fleet": false,
  "inserted": null,
  "peak_rss_mb": 129.2734375,
  "slot": 2,
  "status": "improved",
  "stopped": "",
  "total": 339,
  "wall_seconds": 216.25814018800156
}
{
  "after_kg": 513.7577002053388,
  "archived_kg": 489.1170431211499,
  "asteroids_after": 7,
  "asteroids_before": 7,
  "baseline_error_kg": 0.0,
  "certifications": 4,
  "done": 216,
  "elapsed_seconds": 6294.2,
  "gain_kg": 24.640657084188888,
  "group": "cluster_fleet_v1/clusters/family_0018",
  "in_fleet": false,
  "inserted": null,
  "peak_rss_mb": 133.3125,
  "slot": 3,
  "status": "improved",
  "stopped": "",
  "total": 339,
  "wall_seconds": 163.96080896600324
}
{
  "after_kg": 490.07529089664615,
  "archived_kg": 488.29568788501024,
  "asteroids_after": 8,
  "asteroids_before": 8,
  "baseline_error_kg": 0.0,
  "certifications": 2,
  "done": 217,
  "elapsed_seconds": 6361.7,
  "gain_kg": 1.7796030116359134,
  "group": "cluster_fleet_v5/clusters/family_0044",
  "in_fleet": false,
  "inserted": null,
  "peak_rss_mb": 133.3125,
  "slot": 2,
  "status": "improved",
  "stopped": "",
  "total": 339,
  "wall_seconds": 67.51031957500163
}
{
  "after_kg": 488.15879534565363,
  "archived_kg": 488.15879534565363,
  "asteroids_after": 8,
  "asteroids_before": 8,
  "baseline_error_kg": Infinity,
  "certifications": 0,
  "done": 218,
  "elapsed_seconds": 6363.0,
  "gain_kg": 0.0,
  "group": "cluster_fleet_v7/clusters/family_0006",
  "in_fleet": false,
  "inserted": null,
  "peak_rss_mb": 133.3125,
  "slot": 2,
  "status": "no gain",
  "stopped": "",
  "total": 339,
  "wall_seconds": 1.2918949240010988
}
{
  "after_kg": 502.09445585215605,
  "archived_kg": 488.70636550308006,
  "asteroids_after": 8,
  "asteroids_before": 8,
  "baseline_error_kg": 0.0,
  "certifications": 5,
  "done": 219,
  "elapsed_seconds": 6371.7,
  "gain_kg": 13.38809034907598,
  "group": "cluster_fleet_v6/clusters/family_0004",
  "in_fleet": false,
  "inserted": null,
  "peak_rss_mb": 129.4609375,
  "slot": 1,
  "status": "improved",
  "stopped": "",
  "total": 339,
  "wall_seconds": 183.37670806299866
}
{
  "after_kg": 501.84804928131416,
  "archived_kg": 488.29568788501024,
  "asteroids_after": 7,
  "asteroids_before": 7,
  "baseline_error_kg": 0.0,
  "certifications": 3,
  "done": 220,
  "elapsed_seconds": 6377.2,
  "gain_kg": 13.552361396303922,
  "group": "cluster_fleet_v4/clusters/family_0030",
  "in_fleet": false,
  "inserted": null,
  "peak_rss_mb": 129.2734375,
  "slot": 2,
  "status": "improved",
  "stopped": "",
  "total": 339,
  "wall_seconds": 133.0382679840004
}
{
  "after_kg": 499.11019849418204,
  "archived_kg": 488.70636550308006,
  "asteroids_after": 7,
  "asteroids_before": 7,
  "baseline_error_kg": 0.0,
  "certifications": 5,
  "done": 221,
  "elapsed_seconds": 6388.6,
  "gain_kg": 10.403832991101979,
  "group": "cluster_fleet_v4/clusters/family_0247",
  "in_fleet": false,
  "inserted": null,
  "peak_rss_mb": 129.01953125,
  "slot": 3,
  "status": "improved",
  "stopped": "",
  "total": 339,
  "wall_seconds": 246.26756833200125
}
{
  "after_kg": 491.4442162902122,
  "archived_kg": 487.88501026694047,
  "asteroids_after": 8,
  "asteroids_before": 8,
  "baseline_error_kg": 0.0,
  "certifications": 2,
  "done": 222,
  "elapsed_seconds": 6434.9,
  "gain_kg": 3.559206023271713,
  "group": "cluster_fleet_v5/clusters/family_0020",
  "in_fleet": false,
  "inserted": null,
  "peak_rss_mb": 133.3125,
  "slot": 2,
  "status": "improved",
  "stopped": "",
  "total": 339,
  "wall_seconds": 71.96091218999936
}
{
  "after_kg": 496.6461327857632,
  "archived_kg": 486.2422997946612,
  "asteroids_after": 7,
  "asteroids_before": 7,
  "baseline_error_kg": 0.0,
  "certifications": 3,
  "done": 223,
  "elapsed_seconds": 6500.9,
  "gain_kg": 10.403832991101979,
  "group": "cluster_fleet_v7/clusters/family_0006",
  "in_fleet": false,
  "inserted": null,
  "peak_rss_mb": 129.01953125,
  "slot": 3,
  "status": "improved",
  "stopped": "",
  "total": 339,
  "wall_seconds": 112.28753992100246
}
{
  "after_kg": 504.17522245037645,
  "archived_kg": 487.0636550308008,
  "asteroids_after": 8,
  "asteroids_before": 8,
  "baseline_error_kg": 0.0,
  "certifications": 4,
  "done": 224,
  "elapsed_seconds": 6505.0,
  "gain_kg": 17.111567419575636,
  "group": "cluster_fleet_v5/clusters/family_0000",
  "in_fleet": false,
  "inserted": null,
  "peak_rss_mb": 129.4609375,
  "slot": 3,
  "status": "improved",
  "stopped": "",
  "total": 339,
  "wall_seconds": 133.28968080200139
}
{
  "after_kg": 484.87337440109513,
  "archived_kg": 484.87337440109513,
  "asteroids_after": 8,
  "asteroids_before": 8,
  "baseline_error_kg": Infinity,
  "certifications": 0,
  "done": 225,
  "elapsed_seconds": 6506.0,
  "gain_kg": 0.0,
  "group": "cluster_fleet_v6/clusters/family_0001",
  "in_fleet": false,
  "inserted": null,
  "peak_rss_mb": 129.4609375,
  "slot": 3,
  "status": "no gain",
  "stopped": "",
  "total": 339,
  "wall_seconds": 1.0220604610003647
}
{
  "after_kg": 493.44284736481865,
  "archived_kg": 486.652977412731,
  "asteroids_after": 7,
  "asteroids_before": 7,
  "baseline_error_kg": 0.0,
  "certifications": 4,
  "done": 226,
  "elapsed_seconds": 6566.1,
  "gain_kg": 6.789869952087656,
  "group": "cluster_fleet_v5c/clusters/family_0031",
  "in_fleet": false,
  "inserted": null,
  "peak_rss_mb": 129.2734375,
  "slot": 4,
  "status": "improved",
  "stopped": "",
  "total": 339,
  "wall_seconds": 188.9102781469992
}
{
  "after_kg": 511.3483915126626,
  "archived_kg": 485.8316221765914,
  "asteroids_after": 8,
  "asteroids_before": 8,
  "baseline_error_kg": 0.0,
  "certifications": 4,
  "done": 227,
  "elapsed_seconds": 6631.7,
  "gain_kg": 25.516769336071206,
  "group": "cluster_fleet_v5c/clusters/family_0006",
  "in_fleet": false,
  "inserted": null,
  "peak_rss_mb": 129.01953125,
  "slot": 1,
  "status": "improved",
  "stopped": "",
  "total": 339,
  "wall_seconds": 130.80185132300176
}
{
  "after_kg": 504.5311430527036,
  "archived_kg": 484.1889117043121,
  "asteroids_after": 7,
  "asteroids_before": 7,
  "baseline_error_kg": 0.0,
  "certifications": 4,
  "done": 228,
  "elapsed_seconds": 6647.9,
  "gain_kg": 20.342231348391522,
  "group": "cluster_fleet_v5/clusters/family_0007",
  "in_fleet": false,
  "inserted": null,
  "peak_rss_mb": 129.4609375,
  "slot": 3,
  "status": "improved",
  "stopped": "",
  "total": 339,
  "wall_seconds": 141.87289727400275
}
{
  "after_kg": 509.92470910335385,
  "archived_kg": 484.1889117043121,
  "asteroids_after": 8,
  "asteroids_before": 8,
  "baseline_error_kg": 0.0,
  "certifications": 5,
  "done": 229,
  "elapsed_seconds": 6764.1,
  "gain_kg": 25.735797399041758,
  "group": "cluster_fleet_v5c/clusters/family_0012",
  "in_fleet": false,
  "inserted": null,
  "peak_rss_mb": 129.2734375,
  "slot": 2,
  "status": "improved",
  "stopped": "",
  "total": 339,
  "wall_seconds": 198.03138440199837
}
{
  "after_kg": 499.7399041752225,
  "archived_kg": 484.1889117043121,
  "asteroids_after": 7,
  "asteroids_before": 7,
  "baseline_error_kg": 0.0,
  "certifications": 4,
  "done": 230,
  "elapsed_seconds": 6768.2,
  "gain_kg": 15.550992470910387,
  "group": "cluster_fleet_v6/clusters/family_0006",
  "in_fleet": false,
  "inserted": null,
  "peak_rss_mb": 129.01953125,
  "slot": 3,
  "status": "improved",
  "stopped": "",
  "total": 339,
  "wall_seconds": 136.4953007080003
}
{
  "after_kg": 483.5044490075291,
  "archived_kg": 483.5044490075291,
  "asteroids_after": 8,
  "asteroids_before": 8,
  "baseline_error_kg": Infinity,
  "certifications": 0,
  "done": 231,
  "elapsed_seconds": 6769.2,
  "gain_kg": 0.0,
  "group": "cluster_fleet_h100_v1/clusters/family_0012",
  "in_fleet": false,
  "inserted": null,
  "peak_rss_mb": 129.01953125,
  "slot": 2,
  "status": "no gain",
  "stopped": "",
  "total": 339,
  "wall_seconds": 0.976369997002621
}
{
  "after_kg": 501.8206707734428,
  "archived_kg": 484.0520191649555,
  "asteroids_after": 8,
  "asteroids_before": 8,
  "baseline_error_kg": 0.0,
  "certifications": 6,
  "done": 232,
  "elapsed_seconds": 6830.9,
  "gain_kg": 17.768651608487346,
  "group": "cluster_fleet_v6/clusters/family_0018",
  "in_fleet": false,
  "inserted": null,
  "peak_rss_mb": 129.4609375,
  "slot": 2,
  "status": "improved",
  "stopped": "",
  "total": 339,
  "wall_seconds": 182.97589159600102
}
{
  "after_kg": 505.9548254620123,
  "archived_kg": 486.24229979466116,
  "asteroids_after": 6,
  "asteroids_before": 6,
  "baseline_error_kg": 0.0,
  "certifications": 10,
  "done": 233,
  "elapsed_seconds": 6854.0,
  "gain_kg": 19.712525667351144,
  "group": "cluster_fleet_v1/clusters/family_0001",
  "in_fleet": false,
  "inserted": null,
  "peak_rss_mb": 133.3125,
  "slot": 1,
  "status": "improved",
  "stopped": "certification budget",
  "total": 339,
  "wall_seconds": 419.0569902110001
}
{
  "after_kg": 501.3004791238877,
  "archived_kg": 482.95687885010267,
  "asteroids_after": 7,
  "asteroids_before": 7,
  "baseline_error_kg": 0.0,
  "certifications": 4,
  "done": 234,
  "elapsed_seconds": 6881.5,
  "gain_kg": 18.343600273785057,
  "group": "cluster_fleet_v4/clusters/family_0002",
  "in_fleet": false,
  "inserted": null,
  "peak_rss_mb": 129.01953125,
  "slot": 3,
  "status": "improved",
  "stopped": "",
  "total": 339,
  "wall_seconds": 112.327394988999
}
{
  "after_kg": 481.58795345653664,
  "archived_kg": 481.58795345653664,
  "asteroids_after": 7,
  "asteroids_before": 7,
  "baseline_error_kg": Infinity,
  "certifications": 0,
  "done": 235,
  "elapsed_seconds": 6882.4,
  "gain_kg": 0.0,
  "group": "cluster_fleet_v6/clusters/family_0007",
  "in_fleet": false,
  "inserted": null,
  "peak_rss_mb": 129.01953125,
  "slot": 4,
  "status": "no gain",
  "stopped": "",
  "total": 339,
  "wall_seconds": 0.8664089489975595
}
{
  "after_kg": 488.5694729637235,
  "archived_kg": 483.7782340862423,
  "asteroids_after": 8,
  "asteroids_before": 8,
  "baseline_error_kg": 0.0,
  "certifications": 3,
  "done": 236,
  "elapsed_seconds": 6907.7,
  "gain_kg": 4.791238877481192,
  "group": "cluster_fleet_v7/clusters/family_0021",
  "in_fleet": false,
  "inserted": null,
  "peak_rss_mb": 129.2734375,
  "slot": 1,
  "status": "improved",
  "stopped": "",
  "total": 339,
  "wall_seconds": 143.57855521400052
}
{
  "after_kg": 519.8357289527721,
  "archived_kg": 481.64271047227925,
  "asteroids_after": 6,
  "asteroids_before": 6,
  "baseline_error_kg": 0.0,
  "certifications": 4,
  "done": 237,
  "elapsed_seconds": 6945.6,
  "gain_kg": 38.19301848049287,
  "group": "cluster_fleet_v4/clusters/family_0011",
  "in_fleet": false,
  "inserted": null,
  "peak_rss_mb": 133.3125,
  "slot": 3,
  "status": "improved",
  "stopped": "",
  "total": 339,
  "wall_seconds": 91.56627939700047
}
{
  "after_kg": 489.2539356605065,
  "archived_kg": 480.9034907597536,
  "asteroids_after": 7,
  "asteroids_before": 7,
  "baseline_error_kg": 0.0,
  "certifications": 4,
  "done": 238,
  "elapsed_seconds": 7019.3,
  "gain_kg": 8.350444900752905,
  "group": "cluster_fleet_h100_v1/clusters/family_0010",
  "in_fleet": false,
  "inserted": null,
  "peak_rss_mb": 129.01953125,
  "slot": 2,
  "status": "improved",
  "stopped": "",
  "total": 339,
  "wall_seconds": 136.85695984599806
}
{
  "after_kg": 521.8343600273785,
  "archived_kg": 482.5462012320329,
  "asteroids_after": 8,
  "asteroids_before": 8,
  "baseline_error_kg": 0.0,
  "certifications": 5,
  "done": 239,
  "elapsed_seconds": 7023.6,
  "gain_kg": 39.288158795345566,
  "group": "cluster_fleet_v5/clusters/family_0017",
  "in_fleet": false,
  "inserted": null,
  "peak_rss_mb": 129.4609375,
  "slot": 3,
  "status": "improved",
  "stopped": "",
  "total": 339,
  "wall_seconds": 192.69518608499857
}
{
  "after_kg": 483.5044490075291,
  "archived_kg": 480.49281314168377,
  "asteroids_after": 9,
  "asteroids_before": 9,
  "baseline_error_kg": 0.0,
  "certifications": 2,
  "done": 240,
  "elapsed_seconds": 7044.8,
  "gain_kg": 3.011635865845335,
  "group": "cluster_fleet_v5/clusters/family_0002",
  "in_fleet": false,
  "inserted": null,
  "peak_rss_mb": 133.3125,
  "slot": 2,
  "status": "improved",
  "stopped": "",
  "total": 339,
  "wall_seconds": 99.17330501199831
}
{
  "after_kg": 501.1088295687885,
  "archived_kg": 480.9034907597536,
  "asteroids_after": 8,
  "asteroids_before": 8,
  "baseline_error_kg": 0.0,
  "certifications": 5,
  "done": 241,
  "elapsed_seconds": 7116.2,
  "gain_kg": 20.205338809034913,
  "group": "cluster_fleet_v7/clusters/family_0024",
  "in_fleet": false,
  "inserted": null,
  "peak_rss_mb": 129.2734375,
  "slot": 1,
  "status": "improved",
  "stopped": "",
  "total": 339,
  "wall_seconds": 208.52495919899957
}
{
  "after_kg": 491.9917864476386,
  "archived_kg": 480.35592060232716,
  "asteroids_after": 7,
  "asteroids_before": 7,
  "baseline_error_kg": 0.0,
  "certifications": 3,
  "done": 242,
  "elapsed_seconds": 7160.5,
  "gain_kg": 11.635865845311457,
  "group": "cluster_fleet_h100_v1/clusters/family_0023",
  "in_fleet": false,
  "inserted": null,
  "peak_rss_mb": 129.01953125,
  "slot": 1,
  "status": "improved",
  "stopped": "",
  "total": 339,
  "wall_seconds": 141.24862046400085
}
{
  "after_kg": 485.42094455852157,
  "archived_kg": 479.26078028747435,
  "asteroids_after": 6,
  "asteroids_before": 6,
  "baseline_error_kg": 0.0,
  "certifications": 3,
  "done": 243,
  "elapsed_seconds": 7199.2,
  "gain_kg": 6.160164271047222,
  "group": "cluster_fleet_v5/clusters/family_0017",
  "in_fleet": false,
  "inserted": null,
  "peak_rss_mb": 129.2734375,
  "slot": 2,
  "status": "improved",
  "stopped": "",
  "total": 339,
  "wall_seconds": 82.92449642000065
}
{
  "after_kg": 511.4305270362765,
  "archived_kg": 480.08213552361394,
  "asteroids_after": 8,
  "asteroids_before": 8,
  "baseline_error_kg": 0.0,
  "certifications": 6,
  "done": 244,
  "elapsed_seconds": 7230.5,
  "gain_kg": 31.348391512662545,
  "group": "cluster_fleet_h100_v1/clusters/family_0029",
  "in_fleet": false,
  "inserted": null,
  "peak_rss_mb": 129.4609375,
  "slot": 1,
  "status": "improved",
  "stopped": "",
  "total": 339,
  "wall_seconds": 206.96033830700253
}
{
  "after_kg": 487.1457905544148,
  "archived_kg": 479.12388774811774,
  "asteroids_after": 7,
  "asteroids_before": 7,
  "baseline_error_kg": 0.0,
  "certifications": 4,
  "done": 245,
  "elapsed_seconds": 7292.3,
  "gain_kg": 8.021902806297078,
  "group": "cluster_fleet_v6/clusters/family_0036",
  "in_fleet": false,
  "inserted": null,
  "peak_rss_mb": 130.83203125,
  "slot": 3,
  "status": "improved",
  "stopped": "",
  "total": 339,
  "wall_seconds": 131.73820887699912
}
{
  "after_kg": 496.2354551676934,
  "archived_kg": 478.4394250513347,
  "asteroids_after": 8,
  "asteroids_before": 8,
  "baseline_error_kg": 0.0,
  "certifications": 5,
  "done": 246,
  "elapsed_seconds": 7338.4,
  "gain_kg": 17.79603011635868,
  "group": "cluster_fleet_h100_v1/clusters/family_0013",
  "in_fleet": false,
  "inserted": null,
  "peak_rss_mb": 129.2734375,
  "slot": 1,
  "status": "improved",
  "stopped": "",
  "total": 339,
  "wall_seconds": 139.20393524199972
}
{
  "after_kg": 491.14305270362763,
  "archived_kg": 479.6714579055441,
  "asteroids_after": 7,
  "asteroids_before": 7,
  "baseline_error_kg": 0.0,
  "certifications": 10,
  "done": 247,
  "elapsed_seconds": 7393.6,
  "gain_kg": 11.471594798083515,
  "group": "cluster_fleet_v5/clusters/family_0008",
  "in_fleet": false,
  "inserted": null,
  "peak_rss_mb": 133.3125,
  "slot": 1,
  "status": "improved",
  "stopped": "certification budget",
  "total": 339,
  "wall_seconds": 348.80310743299924
}
{
  "after_kg": 485.968514715948,
  "archived_kg": 478.02874743326487,
  "asteroids_after": 7,
  "asteroids_before": 7,
  "baseline_error_kg": 0.0,
  "certifications": 3,
  "done": 248,
  "elapsed_seconds": 7393.9,
  "gain_kg": 7.939767282683135,
  "group": "cluster_fleet_v5/clusters/family_0006",
  "in_fleet": false,
  "inserted": null,
  "peak_rss_mb": 130.83203125,
  "slot": 4,
  "status": "improved",
  "stopped": "",
  "total": 339,
  "wall_seconds": 101.61990982499992
}
{
  "after_kg": 508.82956878850104,
  "archived_kg": 478.02874743326487,
  "asteroids_after": 8,
  "asteroids_before": 8,
  "baseline_error_kg": 0.0,
  "certifications": 2,
  "done": 249,
  "elapsed_seconds": 7421.6,
  "gain_kg": 30.800821355236167,
  "group": "cluster_fleet_v5c/clusters/family_0008",
  "in_fleet": false,
  "inserted": null,
  "peak_rss_mb": 129.2734375,
  "slot": 1,
  "status": "improved",
  "stopped": "",
  "total": 339,
  "wall_seconds": 83.24910874200214
}
{
  "after_kg": 511.95071868583165,
  "archived_kg": 478.3025325119781,
  "asteroids_after": 8,
  "asteroids_before": 8,
  "baseline_error_kg": 0.0,
  "certifications": 8,
  "done": 250,
  "elapsed_seconds": 7491.0,
  "gain_kg": 33.64818617385356,
  "group": "cluster_fleet_v7/clusters/family_0003",
  "in_fleet": false,
  "inserted": null,
  "peak_rss_mb": 129.4609375,
  "slot": 2,
  "status": "improved",
  "stopped": "",
  "total": 339,
  "wall_seconds": 260.47147896899696
}
{
  "after_kg": 485.968514715948,
  "archived_kg": 478.02874743326487,
  "asteroids_after": 8,
  "asteroids_before": 8,
  "baseline_error_kg": 0.0,
  "certifications": 3,
  "done": 251,
  "elapsed_seconds": 7496.9,
  "gain_kg": 7.939767282683135,
  "group": "cluster_fleet_v6/clusters/family_0052",
  "in_fleet": false,
  "inserted": null,
  "peak_rss_mb": 133.3125,
  "slot": 1,
  "status": "improved",
  "stopped": "",
  "total": 339,
  "wall_seconds": 103.35402273699947
}
{
  "after_kg": 486.2422997946612,
  "archived_kg": 477.6180698151951,
  "asteroids_after": 8,
  "asteroids_before": 8,
  "baseline_error_kg": 0.0,
  "certifications": 3,
  "done": 252,
  "elapsed_seconds": 7538.9,
  "gain_kg": 8.624229979466122,
  "group": "cluster_fleet_v6/clusters/family_0024",
  "in_fleet": false,
  "inserted": null,
  "peak_rss_mb": 129.2734375,
  "slot": 4,
  "status": "improved",
  "stopped": "",
  "total": 339,
  "wall_seconds": 117.22344354600136
}
{
  "after_kg": 486.1054072553046,
  "archived_kg": 477.6180698151951,
  "asteroids_after": 9,
  "asteroids_before": 9,
  "baseline_error_kg": 0.0,
  "certifications": 4,
  "done": 253,
  "elapsed_seconds": 7550.2,
  "gain_kg": 8.487337440109513,
  "group": "cluster_fleet_v5c/clusters/family_0012",
  "in_fleet": false,
  "inserted": null,
  "peak_rss_mb": 130.83203125,
  "slot": 3,
  "status": "improved",
  "stopped": "",
  "total": 339,
  "wall_seconds": 156.29152180099845
}
{
  "after_kg": 491.5811088295688,
  "archived_kg": 476.79671457905545,
  "asteroids_after": 9,
  "asteroids_before": 9,
  "baseline_error_kg": 0.0,
  "certifications": 2,
  "done": 254,
  "elapsed_seconds": 7611.0,
  "gain_kg": 14.784394250513344,
  "group": "cluster_fleet_v5/clusters/family_0083",
  "in_fleet": false,
  "inserted": null,
  "peak_rss_mb": 129.42578125,
  "slot": 2,
  "status": "improved",
  "stopped": "",
  "total": 339,
  "wall_seconds": 72.14035085499927
}
{
  "after_kg": 504.03832991101984,
  "archived_kg": 477.61806981519504,
  "asteroids_after": 9,
  "asteroids_before": 9,
  "baseline_error_kg": 0.0,
  "certifications": 4,
  "done": 255,
  "elapsed_seconds": 7611.4,
  "gain_kg": 26.4202600958248,
  "group": "cluster_fleet_v5c/clusters/family_0064",
  "in_fleet": false,
  "inserted": null,
  "peak_rss_mb": 129.4609375,
  "slot": 1,
  "status": "improved",
  "stopped": "",
  "total": 339,
  "wall_seconds": 120.33905462899929
}
{
  "after_kg": 484.70910335386725,
  "archived_kg": 477.48117727583843,
  "asteroids_after": 8,
  "asteroids_before": 8,
  "baseline_error_kg": 0.0,
  "certifications": 3,
  "done": 256,
  "elapsed_seconds": 7662.8,
  "gain_kg": 7.2279260780288155,
  "group": "cluster_fleet_v6/clusters/family_0010",
  "in_fleet": false,
  "inserted": null,
  "peak_rss_mb": 133.3125,
  "slot": 3,
  "status": "improved",
  "stopped": "",
  "total": 339,
  "wall_seconds": 165.8537782409985
}
{
  "after_kg": 488.5694729637235,
  "archived_kg": 475.564681724846,
  "asteroids_after": 8,
  "asteroids_before": 8,
  "baseline_error_kg": 0.0,
  "certifications": 5,
  "done": 257,
  "elapsed_seconds": 7781.9,
  "gain_kg": 13.004791238877488,
  "group": "cluster_fleet_v5/clusters/family_0005",
  "in_fleet": false,
  "inserted": null,
  "peak_rss_mb": 129.4609375,
  "slot": 2,
  "status": "improved",
  "stopped": "",
  "total": 339,
  "wall_seconds": 170.5187869930014
}
{
  "after_kg": 496.09856262833677,
  "archived_kg": 476.3860369609856,
  "asteroids_after": 7,
  "asteroids_before": 7,
  "baseline_error_kg": 0.0,
  "certifications": 4,
  "done": 258,
  "elapsed_seconds": 7811.6,
  "gain_kg": 19.712525667351144,
  "group": "cluster_fleet_v6/clusters/family_0023",
  "in_fleet": false,
  "inserted": null,
  "peak_rss_mb": 129.42578125,
  "slot": 2,
  "status": "improved",
  "stopped": "",
  "total": 339,
  "wall_seconds": 200.6011595389973
}
{
  "after_kg": 482.95687885010267,
  "archived_kg": 475.56468172484597,
  "asteroids_after": 9,
  "asteroids_before": 9,
  "baseline_error_kg": 0.0,
  "certifications": 2,
  "done": 259,
  "elapsed_seconds": 7836.0,
  "gain_kg": 7.3921971252567005,
  "group": "cluster_fleet_v5c/clusters/family_0007",
  "in_fleet": false,
  "inserted": null,
  "peak_rss_mb": 129.4609375,
  "slot": 1,
  "status": "improved",
  "stopped": "",
  "total": 339,
  "wall_seconds": 54.120067050000216
}
{
  "after_kg": 522.7652292950035,
  "archived_kg": 476.7693360711841,
  "asteroids_after": 7,
  "asteroids_before": 7,
  "baseline_error_kg": 0.0,
  "certifications": 8,
  "done": 260,
  "elapsed_seconds": 7850.9,
  "gain_kg": 45.99589322381934,
  "group": "cluster_fleet_v1/clusters/family_0007",
  "in_fleet": false,
  "inserted": null,
  "peak_rss_mb": 130.83203125,
  "slot": 2,
  "status": "improved",
  "stopped": "",
  "total": 339,
  "wall_seconds": 300.66910641399954
}
{
  "after_kg": 486.5160848733744,
  "archived_kg": 475.56468172484597,
  "asteroids_after": 8,
  "asteroids_before": 8,
  "baseline_error_kg": 0.0,
  "certifications": 7,
  "done": 261,
  "elapsed_seconds": 7869.2,
  "gain_kg": 10.951403148528414,
  "group": "cluster_fleet_h100_v1/clusters/family_0096",
  "in_fleet": false,
  "inserted": null,
  "peak_rss_mb": 133.3125,
  "slot": 2,
  "status": "improved",
  "stopped": "",
  "total": 339,
  "wall_seconds": 206.4225666320017
}
{
  "after_kg": 482.135523613963,
  "archived_kg": 475.01711156741953,
  "asteroids_after": 8,
  "asteroids_before": 8,
  "baseline_error_kg": 0.0,
  "certifications": 2,
  "done": 262,
  "elapsed_seconds": 7902.9,
  "gain_kg": 7.118412046543483,
  "group": "cluster_fleet_v6/clusters/family_0004",
  "in_fleet": false,
  "inserted": null,
  "peak_rss_mb": 129.4609375,
  "slot": 3,
  "status": "improved",
  "stopped": "",
  "total": 339,
  "wall_seconds": 66.93755546200191
}
{
  "after_kg": 488.56947296372346,
  "archived_kg": 475.1540041067762,
  "asteroids_after": 8,
  "asteroids_before": 8,
  "baseline_error_kg": 0.0,
  "certifications": 4,
  "done": 263,
  "elapsed_seconds": 7907.4,
  "gain_kg": 13.415468856947257,
  "group": "cluster_fleet_h100_v1/clusters/family_0015",
  "in_fleet": false,
  "inserted": null,
  "peak_rss_mb": 129.42578125,
  "slot": 1,
  "status": "improved",
  "stopped": "",
  "total": 339,
  "wall_seconds": 95.8028113979999
}
{
  "after_kg": 489.2539356605065,
  "archived_kg": 472.6899383983573,
  "asteroids_after": 8,
  "asteroids_before": 8,
  "baseline_error_kg": 0.0,
  "certifications": 4,
  "done": 264,
  "elapsed_seconds": 7984.3,
  "gain_kg": 16.5639972621492,
  "group": "cluster_fleet_v5/clusters/family_0083",
  "in_fleet": false,
  "inserted": null,
  "peak_rss_mb": 133.3125,
  "slot": 3,
  "status": "improved",
  "stopped": "",
  "total": 339,
  "wall_seconds": 115.08407303099739
}
{
  "after_kg": 484.35318275154003,
  "archived_kg": 472.2792607802875,
  "asteroids_after": 7,
  "asteroids_before": 7,
  "baseline_error_kg": 0.0,
  "certifications": 3,
  "done": 265,
  "elapsed_seconds": 7984.8,
  "gain_kg": 12.07392197125256,
  "group": "cluster_fleet_v5/clusters/family_0004",
  "in_fleet": false,
  "inserted": null,
  "peak_rss_mb": 129.4609375,
  "slot": 2,
  "status": "improved",
  "stopped": "",
  "total": 339,
  "wall_seconds": 81.82869656600087
}
{
  "after_kg": 472.6899383983573,
  "archived_kg": 472.6899383983573,
  "asteroids_after": 9,
  "asteroids_before": 9,
  "baseline_error_kg": 0.0,
  "certifications": 6,
  "done": 266,
  "elapsed_seconds": 8005.1,
  "gain_kg": 0.0,
  "group": "cluster_fleet_v5/clusters/family_0016",
  "in_fleet": false,
  "inserted": null,
  "peak_rss_mb": 130.83203125,
  "slot": 1,
  "status": "no gain",
  "stopped": "",
  "total": 339,
  "wall_seconds": 154.1993547380007
}
{
  "after_kg": 484.5995893223819,
  "archived_kg": 471.04722792607805,
  "asteroids_after": 8,
  "asteroids_before": 8,
  "baseline_error_kg": 0.0,
  "certifications": 4,
  "done": 267,
  "elapsed_seconds": 8009.1,
  "gain_kg": 13.552361396303866,
  "group": "cluster_fleet_v5/clusters/family_0011",
  "in_fleet": false,
  "inserted": null,
  "peak_rss_mb": 129.42578125,
  "slot": 1,
  "status": "improved",
  "stopped": "",
  "total": 339,
  "wall_seconds": 101.65106140100033
}
{
  "after_kg": 502.258726899384,
  "archived_kg": 470.2258726899384,
  "asteroids_after": 8,
  "asteroids_before": 8,
  "baseline_error_kg": 0.0,
  "certifications": 3,
  "done": 268,
  "elapsed_seconds": 8087.9,
  "gain_kg": 32.03285420944559,
  "group": "cluster_fleet_h100_v1/clusters/family_0024",
  "in_fleet": false,
  "inserted": null,
  "peak_rss_mb": 133.3125,
  "slot": 2,
  "status": "improved",
  "stopped": "",
  "total": 339,
  "wall_seconds": 103.57017775699933
}
{
  "after_kg": 479.01437371663246,
  "archived_kg": 469.8151950718686,
  "asteroids_after": 7,
  "asteroids_before": 7,
  "baseline_error_kg": 0.0,
  "certifications": 4,
  "done": 269,
  "elapsed_seconds": 8116.0,
  "gain_kg": 9.19917864476389,
  "group": "cluster_fleet_v6/clusters/family_0008",
  "in_fleet": false,
  "inserted": null,
  "peak_rss_mb": 129.42578125,
  "slot": 3,
  "status": "improved",
  "stopped": "",
  "total": 339,
  "wall_seconds": 106.93925226500141
}
{
  "after_kg": 480.21902806297055,
  "archived_kg": 469.8151950718686,
  "asteroids_after": 9,
  "asteroids_before": 9,
  "baseline_error_kg": 0.0,
  "certifications": 4,
  "done": 270,
  "elapsed_seconds": 8161.5,
  "gain_kg": 10.403832991101979,
  "group": "cluster_fleet_v5c/clusters/family_0384",
  "in_fleet": false,
  "inserted": null,
  "peak_rss_mb": 130.83203125,
  "slot": 1,
  "status": "improved",
  "stopped": "",
  "total": 339,
  "wall_seconds": 156.37912734600104
}
{
  "after_kg": 478.98699520876113,
  "archived_kg": 469.8151950718686,
  "asteroids_after": 7,
  "asteroids_before": 7,
  "baseline_error_kg": 0.0,
  "certifications": 3,
  "done": 271,
  "elapsed_seconds": 8174.3,
  "gain_kg": 9.171800136892557,
  "group": "cluster_fleet_v6/clusters/family_0023",
  "in_fleet": false,
  "inserted": null,
  "peak_rss_mb": 133.3125,
  "slot": 1,
  "status": "improved",
  "stopped": "",
  "total": 339,
  "wall_seconds": 86.47328757899959
}
{
  "after_kg": 492.1286789869952,
  "archived_kg": 469.8151950718686,
  "asteroids_after": 9,
  "asteroids_before": 9,
  "baseline_error_kg": 0.0,
  "certifications": 8,
  "done": 272,
  "elapsed_seconds": 8231.9,
  "gain_kg": 22.313483915126653,
  "group": "cluster_fleet_v5/clusters/family_0006",
  "in_fleet": false,
  "inserted": null,
  "peak_rss_mb": 129.4609375,
  "slot": 1,
  "status": "improved",
  "stopped": "",
  "total": 339,
  "wall_seconds": 247.15505961500094
}
{
  "after_kg": 481.3141683778234,
  "archived_kg": 468.993839835729,
  "asteroids_after": 6,
  "asteroids_before": 6,
  "baseline_error_kg": 0.0,
  "certifications": 5,
  "done": 273,
  "elapsed_seconds": 8314.5,
  "gain_kg": 12.320328542094444,
  "group": "cluster_fleet_v1/clusters/family_0065",
  "in_fleet": false,
  "inserted": null,
  "peak_rss_mb": 129.42578125,
  "slot": 3,
  "status": "improved",
  "stopped": "",
  "total": 339,
  "wall_seconds": 198.45363816499957
}
{
  "after_kg": 473.7850787132101,
  "archived_kg": 468.993839835729,
  "asteroids_after": 7,
  "asteroids_before": 7,
  "baseline_error_kg": 0.0,
  "certifications": 4,
  "done": 274,
  "elapsed_seconds": 8362.3,
  "gain_kg": 4.791238877481135,
  "group": "cluster_fleet_v4/clusters/family_0291",
  "in_fleet": false,
  "inserted": null,
  "peak_rss_mb": 130.83203125,
  "slot": 3,
  "status": "improved",
  "stopped": "",
  "total": 339,
  "wall_seconds": 200.8225924310027
}
{
  "after_kg": 486.7898699520876,
  "archived_kg": 468.9938398357289,
  "asteroids_after": 7,
  "asteroids_before": 7,
  "baseline_error_kg": 0.0,
  "certifications": 6,
  "done": 275,
  "elapsed_seconds": 8385.3,
  "gain_kg": 17.79603011635868,
  "group": "cluster_fleet_h100_v1/clusters/family_0009",
  "in_fleet": false,
  "inserted": null,
  "peak_rss_mb": 133.3125,
  "slot": 3,
  "status": "improved",
  "stopped": "",
  "total": 339,
  "wall_seconds": 210.96995788099957
}
{
  "after_kg": 484.4626967830253,
  "archived_kg": 468.58316221765915,
  "asteroids_after": 7,
  "asteroids_before": 7,
  "baseline_error_kg": 0.0,
  "certifications": 6,
  "done": 276,
  "elapsed_seconds": 8470.6,
  "gain_kg": 15.879534565366157,
  "group": "cluster_fleet_v5c/clusters/family_0002",
  "in_fleet": false,
  "inserted": null,
  "peak_rss_mb": 129.4609375,
  "slot": 1,
  "status": "improved",
  "stopped": "",
  "total": 339,
  "wall_seconds": 238.71321819399964
}
{
  "after_kg": 475.4277891854894,
  "archived_kg": 468.1724845995893,
  "asteroids_after": 8,
  "asteroids_before": 8,
  "baseline_error_kg": 0.0,
  "certifications": 4,
  "done": 277,
  "elapsed_seconds": 8499.3,
  "gain_kg": 7.255304585900092,
  "group": "cluster_fleet_h100_v1/clusters/family_0052",
  "in_fleet": false,
  "inserted": null,
  "peak_rss_mb": 129.42578125,
  "slot": 1,
  "status": "improved",
  "stopped": "",
  "total": 339,
  "wall_seconds": 184.8000340380022
}
{
  "after_kg": 489.93839835728954,
  "archived_kg": 468.1724845995893,
  "asteroids_after": 7,
  "asteroids_before": 7,
  "baseline_error_kg": 0.0,
  "certifications": 6,
  "done": 278,
  "elapsed_seconds": 8567.3,
  "gain_kg": 21.76591375770022,
  "group": "cluster_fleet_v5/clusters/family_0001",
  "in_fleet": false,
  "inserted": null,
  "peak_rss_mb": 130.83203125,
  "slot": 1,
  "status": "improved",
  "stopped": "",
  "total": 339,
  "wall_seconds": 205.02309465699727
}
{
  "after_kg": 470.6365503080082,
  "archived_kg": 466.94045174537985,
  "asteroids_after": 9,
  "asteroids_before": 9,
  "baseline_error_kg": 0.0,
  "certifications": 2,
  "done": 279,
  "elapsed_seconds": 8572.7,
  "gain_kg": 3.6960985626283787,
  "group": "cluster_fleet_v5/clusters/family_0275",
  "in_fleet": false,
  "inserted": null,
  "peak_rss_mb": 129.42578125,
  "slot": 1,
  "status": "improved",
  "stopped": "",
  "total": 339,
  "wall_seconds": 73.44460289899871
}
{
  "after_kg": 474.6885694729637,
  "archived_kg": 467.3511293634497,
  "asteroids_after": 8,
  "asteroids_before": 8,
  "baseline_error_kg": 0.0,
  "certifications": 4,
  "done": 280,
  "elapsed_seconds": 8601.8,
  "gain_kg": 7.337440109514034,
  "group": "cluster_fleet_v5c/clusters/family_0011",
  "in_fleet": false,
  "inserted": null,
  "peak_rss_mb": 129.4609375,
  "slot": 2,
  "status": "improved",
  "stopped": "",
  "total": 339,
  "wall_seconds": 131.1273383709995
}
{
  "after_kg": 489.80150581793293,
  "archived_kg": 467.7618069815195,
  "asteroids_after": 8,
  "asteroids_before": 8,
  "baseline_error_kg": 0.0,
  "certifications": 7,
  "done": 281,
  "elapsed_seconds": 8635.8,
  "gain_kg": 22.039698836413436,
  "group": "cluster_fleet_h100_v1/clusters/family_0033",
  "in_fleet": false,
  "inserted": null,
  "peak_rss_mb": 133.3125,
  "slot": 1,
  "status": "improved",
  "stopped": "",
  "total": 339,
  "wall_seconds": 250.45319454700075
}
{
  "after_kg": 480.6297056810404,
  "archived_kg": 466.5297741273101,
  "asteroids_after": 8,
  "asteroids_before": 8,
  "baseline_error_kg": 0.0,
  "certifications": 3,
  "done": 282,
  "elapsed_seconds": 8675.2,
  "gain_kg": 14.0999315537303,
  "group": "cluster_fleet_v7/clusters/family_0008",
  "in_fleet": false,
  "inserted": null,
  "peak_rss_mb": 129.42578125,
  "slot": 1,
  "status": "improved",
  "stopped": "",
  "total": 339,
  "wall_seconds": 102.46638545899987
}
{
  "after_kg": 477.7549623545517,
  "archived_kg": 466.11909650924025,
  "asteroids_after": 10,
  "asteroids_before": 10,
  "baseline_error_kg": 0.0,
  "certifications": 4,
  "done": 283,
  "elapsed_seconds": 8744.7,
  "gain_kg": 11.635865845311457,
  "group": "cluster_fleet_v7/clusters/family_0009",
  "in_fleet": false,
  "inserted": null,
  "peak_rss_mb": 129.4609375,
  "slot": 2,
  "status": "improved",
  "stopped": "",
  "total": 339,
  "wall_seconds": 142.9603237079973
}
{
  "after_kg": 471.4579055441478,
  "archived_kg": 465.2977412731006,
  "asteroids_after": 7,
  "asteroids_before": 7,
  "baseline_error_kg": 0.0,
  "certifications": 2,
  "done": 284,
  "elapsed_seconds": 8751.1,
  "gain_kg": 6.160164271047222,
  "group": "cluster_fleet_v5/clusters/family_0044",
  "in_fleet": false,
  "inserted": null,
  "peak_rss_mb": 129.42578125,
  "slot": 3,
  "status": "improved",
  "stopped": "",
  "total": 339,
  "wall_seconds": 75.88064216499697
}
{
  "after_kg": 469.8973305954826,
  "archived_kg": 465.7084188911704,
  "asteroids_after": 7,
  "asteroids_before": 7,
  "baseline_error_kg": 0.0,
  "certifications": 4,
  "done": 285,
  "elapsed_seconds": 8784.5,
  "gain_kg": 4.188911704312147,
  "group": "cluster_fleet_v6/clusters/family_0090",
  "in_fleet": false,
  "inserted": null,
  "peak_rss_mb": 133.3125,
  "slot": 2,
  "status": "improved",
  "stopped": "",
  "total": 339,
  "wall_seconds": 148.7750873719997
}
{
  "after_kg": 483.3675564681725,
  "archived_kg": 466.5297741273101,
  "asteroids_after": 8,
  "asteroids_before": 8,
  "baseline_error_kg": 0.0,
  "certifications": 8,
  "done": 286,
  "elapsed_seconds": 8798.9,
  "gain_kg": 16.837782340862418,
  "group": "cluster_fleet_v4/clusters/family_0274",
  "in_fleet": false,
  "inserted": null,
  "peak_rss_mb": 130.83203125,
  "slot": 1,
  "status": "improved",
  "stopped": "",
  "total": 339,
  "wall_seconds": 231.5883032890015
}
{
  "after_kg": 468.44626967830254,
  "archived_kg": 464.88706365503083,
  "asteroids_after": 7,
  "asteroids_before": 7,
  "baseline_error_kg": 0.0,
  "certifications": 2,
  "done": 287,
  "elapsed_seconds": 8850.5,
  "gain_kg": 3.559206023271713,
  "group": "cluster_fleet_v1/clusters/family_0014",
  "in_fleet": false,
  "inserted": null,
  "peak_rss_mb": 133.3125,
  "slot": 1,
  "status": "improved",
  "stopped": "",
  "total": 339,
  "wall_seconds": 65.99700611999651
}
{
  "after_kg": 532.2929500342232,
  "archived_kg": 465.13347022587266,
  "asteroids_after": 7,
  "asteroids_before": 7,
  "baseline_error_kg": 0.0,
  "certifications": 4,
  "done": 288,
  "elapsed_seconds": 8896.3,
  "gain_kg": 67.15947980835051,
  "group": "cluster_fleet_v2_deep/clusters/family_0000",
  "in_fleet": false,
  "inserted": null,
  "peak_rss_mb": 129.4609375,
  "slot": 1,
  "status": "improved",
  "stopped": "",
  "total": 339,
  "wall_seconds": 151.54878233000272
}
{
  "after_kg": 481.45106091718003,
  "archived_kg": 464.88706365503083,
  "asteroids_after": 8,
  "asteroids_before": 8,
  "baseline_error_kg": 0.0,
  "certifications": 4,
  "done": 289,
  "elapsed_seconds": 8903.4,
  "gain_kg": 16.5639972621492,
  "group": "cluster_fleet_h100_v1/clusters/family_0013",
  "in_fleet": false,
  "inserted": null,
  "peak_rss_mb": 129.42578125,
  "slot": 2,
  "status": "improved",
  "stopped": "",
  "total": 339,
  "wall_seconds": 152.28428813799837
}
{
  "after_kg": 468.72005475701576,
  "archived_kg": 464.476386036961,
  "asteroids_after": 6,
  "asteroids_before": 6,
  "baseline_error_kg": 0.0,
  "certifications": 3,
  "done": 290,
  "elapsed_seconds": 8955.7,
  "gain_kg": 4.243668720054757,
  "group": "cluster_fleet_v6/clusters/family_0002",
  "in_fleet": false,
  "inserted": null,
  "peak_rss_mb": 130.83203125,
  "slot": 3,
  "status": "improved",
  "stopped": "",
  "total": 339,
  "wall_seconds": 156.822215856002
}
{
  "after_kg": 470.25325119780973,
  "archived_kg": 464.0657084188912,
  "asteroids_after": 8,
  "asteroids_before": 8,
  "baseline_error_kg": 0.0,
  "certifications": 3,
  "done": 291,
  "elapsed_seconds": 8973.7,
  "gain_kg": 6.187542778918555,
  "group": "cluster_fleet_v5c/clusters/family_0005",
  "in_fleet": false,
  "inserted": null,
  "peak_rss_mb": 133.3125,
  "slot": 2,
  "status": "improved",
  "stopped": "",
  "total": 339,
  "wall_seconds": 123.1200751940014
}
{
  "after_kg": 475.1540041067762,
  "archived_kg": 464.0657084188912,
  "asteroids_after": 8,
  "asteroids_before": 8,
  "baseline_error_kg": 0.0,
  "certifications": 2,
  "done": 292,
  "elapsed_seconds": 8974.8,
  "gain_kg": 11.088295687885022,
  "group": "cluster_fleet_v5c/clusters/family_0021",
  "in_fleet": false,
  "inserted": null,
  "peak_rss_mb": 129.4609375,
  "slot": 1,
  "status": "improved",
  "stopped": "",
  "total": 339,
  "wall_seconds": 78.5448872779998
}
{
  "after_kg": 483.3675564681725,
  "archived_kg": 463.65503080082135,
  "asteroids_after": 7,
  "asteroids_before": 7,
  "baseline_error_kg": 0.0,
  "certifications": 5,
  "done": 293,
  "elapsed_seconds": 9050.2,
  "gain_kg": 19.712525667351144,
  "group": "cluster_fleet_v6/clusters/family_0012",
  "in_fleet": false,
  "inserted": null,
  "peak_rss_mb": 129.42578125,
  "slot": 3,
  "status": "improved",
  "stopped": "",
  "total": 339,
  "wall_seconds": 146.83121070099878
}
{
  "after_kg": 472.9637234770705,
  "archived_kg": 463.2443531827515,
  "asteroids_after": 8,
  "asteroids_before": 8,
  "baseline_error_kg": 0.0,
  "certifications": 4,
  "done": 294,
  "elapsed_seconds": 9116.3,
  "gain_kg": 9.719370294318992,
  "group": "cluster_fleet_v4/clusters/family_0016",
  "in_fleet": false,
  "inserted": null,
  "peak_rss_mb": 130.83203125,
  "slot": 2,
  "status": "improved",
  "stopped": "",
  "total": 339,
  "wall_seconds": 160.62128799100174
}
{
  "after_kg": 477.8918548939083,
  "archived_kg": 463.2443531827515,
  "asteroids_after": 8,
  "asteroids_before": 8,
  "baseline_error_kg": 0.0,
  "certifications": 5,
  "done": 295,
  "elapsed_seconds": 9184.9,
  "gain_kg": 14.647501711156792,
  "group": "cluster_fleet_v4/clusters/family_0459",
  "in_fleet": false,
  "inserted": null,
  "peak_rss_mb": 133.3125,
  "slot": 1,
  "status": "improved",
  "stopped": "",
  "total": 339,
  "wall_seconds": 211.255473008001
}
{
  "after_kg": 482.1355236139631,
  "archived_kg": 463.2443531827515,
  "asteroids_after": 9,
  "asteroids_before": 9,
  "baseline_error_kg": 0.0,
  "certifications": 6,
  "done": 296,
  "elapsed_seconds": 9235.6,
  "gain_kg": 18.89117043121155,
  "group": "cluster_fleet_v5/clusters/family_0019",
  "in_fleet": false,
  "inserted": null,
  "peak_rss_mb": 129.4609375,
  "slot": 2,
  "status": "improved",
  "stopped": "",
  "total": 339,
  "wall_seconds": 260.7973423650001
}
{
  "after_kg": 492.8131416837782,
  "archived_kg": 463.2443531827515,
  "asteroids_after": 7,
  "asteroids_before": 7,
  "baseline_error_kg": 0.0,
  "certifications": 6,
  "done": 297,
  "elapsed_seconds": 9241.8,
  "gain_kg": 29.568788501026688,
  "group": "cluster_fleet_v6/clusters/family_0006",
  "in_fleet": false,
  "inserted": null,
  "peak_rss_mb": 129.42578125,
  "slot": 4,
  "status": "improved",
  "stopped": "",
  "total": 339,
  "wall_seconds": 191.56258996699762
}
{
  "after_kg": 507.4332648870637,
  "archived_kg": 463.21697467488025,
  "asteroids_after": 7,
  "asteroids_before": 7,
  "baseline_error_kg": 0.0,
  "certifications": 5,
  "done": 298,
  "elapsed_seconds": 9290.8,
  "gain_kg": 44.216290212183424,
  "group": "cluster_fleet_v1/clusters/family_0047",
  "in_fleet": false,
  "inserted": null,
  "peak_rss_mb": 130.83203125,
  "slot": 1,
  "status": "improved",
  "stopped": "",
  "total": 339,
  "wall_seconds": 174.44294012599858
}
{
  "after_kg": 500.67077344284735,
  "archived_kg": 462.94318959616703,
  "asteroids_after": 7,
  "asteroids_before": 7,
  "baseline_error_kg": 0.0,
  "certifications": 5,
  "done": 299,
  "elapsed_seconds": 9395.8,
  "gain_kg": 37.72758384668032,
  "group": "cluster_fleet_v1/clusters/family_0045",
  "in_fleet": false,
  "inserted": null,
  "peak_rss_mb": 133.3125,
  "slot": 3,
  "status": "improved",
  "stopped": "",
  "total": 339,
  "wall_seconds": 210.85153413500302
}
{
  "after_kg": 514.4147843942505,
  "archived_kg": 461.57426420260094,
  "asteroids_after": 7,
  "asteroids_before": 7,
  "baseline_error_kg": 0.0,
  "certifications": 3,
  "done": 300,
  "elapsed_seconds": 9406.4,
  "gain_kg": 52.8405201916496,
  "group": "cluster_fleet_v1/clusters/family_0328",
  "in_fleet": false,
  "inserted": null,
  "peak_rss_mb": 129.42578125,
  "slot": 3,
  "status": "improved",
  "stopped": "",
  "total": 339,
  "wall_seconds": 164.57029481000063
}
{
  "after_kg": 497.4674880219028,
  "archived_kg": 461.46475017111567,
  "asteroids_after": 7,
  "asteroids_before": 7,
  "baseline_error_kg": 0.0,
  "certifications": 4,
  "done": 301,
  "elapsed_seconds": 9441.4,
  "gain_kg": 36.00273785078713,
  "group": "cluster_fleet_v5/clusters/family_0007",
  "in_fleet": false,
  "inserted": null,
  "peak_rss_mb": 130.83203125,
  "slot": 2,
  "status": "improved",
  "stopped": "",
  "total": 339,
  "wall_seconds": 150.6401042710022
}
{
  "after_kg": 476.79671457905545,
  "archived_kg": 462.0123203285421,
  "asteroids_after": 7,
  "asteroids_before": 7,
  "baseline_error_kg": 0.0,
  "certifications": 5,
  "done": 302,
  "elapsed_seconds": 9447.7,
  "gain_kg": 14.784394250513344,
  "group": "cluster_fleet_v5c/clusters/family_0003",
  "in_fleet": false,
  "inserted": null,
  "peak_rss_mb": 129.4609375,
  "slot": 4,
  "status": "improved",
  "stopped": "",
  "total": 339,
  "wall_seconds": 212.06146123399958
}
{
  "after_kg": 469.5687885010267,
  "archived_kg": 461.19096509240245,
  "asteroids_after": 7,
  "asteroids_before": 7,
  "baseline_error_kg": 0.0,
  "certifications": 3,
  "done": 303,
  "elapsed_seconds": 9507.0,
  "gain_kg": 8.377823408624238,
  "group": "cluster_fleet_v4/clusters/family_0003",
  "in_fleet": false,
  "inserted": null,
  "peak_rss_mb": 129.42578125,
  "slot": 3,
  "status": "improved",
  "stopped": "",
  "total": 339,
  "wall_seconds": 100.62378458800231
}
{
  "after_kg": 489.93839835728954,
  "archived_kg": 461.19096509240245,
  "asteroids_after": 7,
  "asteroids_before": 7,
  "baseline_error_kg": 0.0,
  "certifications": 5,
  "done": 304,
  "elapsed_seconds": 9622.3,
  "gain_kg": 28.747433264887093,
  "group": "cluster_fleet_v1/clusters/family_0004",
  "in_fleet": false,
  "inserted": null,
  "peak_rss_mb": 133.3125,
  "slot": 2,
  "status": "improved",
  "stopped": "",
  "total": 339,
  "wall_seconds": 226.49314858899743
}
{
  "after_kg": 483.6139630390144,
  "archived_kg": 460.3696098562628,
  "asteroids_after": 7,
  "asteroids_before": 7,
  "baseline_error_kg": 0.0,
  "certifications": 5,
  "done": 305,
  "elapsed_seconds": 9627.7,
  "gain_kg": 23.24435318275158,
  "group": "cluster_fleet_h100_v1/clusters/family_0099",
  "in_fleet": false,
  "inserted": null,
  "peak_rss_mb": 130.83203125,
  "slot": 2,
  "status": "improved",
  "stopped": "",
  "total": 339,
  "wall_seconds": 186.29518216799988
}
{
  "after_kg": 486.24229979466116,
  "archived_kg": 459.95893223819303,
  "asteroids_after": 8,
  "asteroids_before": 8,
  "baseline_error_kg": 0.0,
  "certifications": 6,
  "done": 306,
  "elapsed_seconds": 9638.9,
  "gain_kg": 26.283367556468136,
  "group": "cluster_fleet_v7/clusters/family_0017",
  "in_fleet": false,
  "inserted": null,
  "peak_rss_mb": 129.4609375,
  "slot": 2,
  "status": "improved",
  "stopped": "",
  "total": 339,
  "wall_seconds": 191.163407955999
}
{
  "after_kg": 472.5530458590007,
  "archived_kg": 459.00068446269677,
  "asteroids_after": 7,
  "asteroids_before": 7,
  "baseline_error_kg": 0.0,
  "certifications": 3,
  "done": 307,
  "elapsed_seconds": 9723.1,
  "gain_kg": 13.552361396303922,
  "group": "cluster_fleet_v6/clusters/family_0014",
  "in_fleet": false,
  "inserted": null,
  "peak_rss_mb": 133.3125,
  "slot": 4,
  "status": "improved",
  "stopped": "",
  "total": 339,
  "wall_seconds": 100.84594227600246
}
{
  "after_kg": 483.31279945242983,
  "archived_kg": 459.1375770020534,
  "asteroids_after": 7,
  "asteroids_before": 7,
  "baseline_error_kg": 0.0,
  "certifications": 3,
  "done": 308,
  "elapsed_seconds": 9728.3,
  "gain_kg": 24.175222450376452,
  "group": "cluster_fleet_h100_v1/clusters/family_0008",
  "in_fleet": false,
  "inserted": null,
  "peak_rss_mb": 129.42578125,
  "slot": 3,
  "status": "improved",
  "stopped": "",
  "total": 339,
  "wall_seconds": 221.34866609799792
}
{
  "after_kg": 470.6365503080082,
  "archived_kg": 458.3162217659137,
  "asteroids_after": 7,
  "asteroids_before": 7,
  "baseline_error_kg": 0.0,
  "certifications": 2,
  "done": 309,
  "elapsed_seconds": 9793.6,
  "gain_kg": 12.3203285420945,
  "group": "cluster_fleet_v5c/clusters/family_0009",
  "in_fleet": false,
  "inserted": null,
  "peak_rss_mb": 129.42578125,
  "slot": 3,
  "status": "improved",
  "stopped": "",
  "total": 339,
  "wall_seconds": 65.24134204499933
}
{
  "after_kg": 490.23956194387404,
  "archived_kg": 458.72689938398355,
  "asteroids_after": 8,
  "asteroids_before": 8,
  "baseline_error_kg": 0.0,
  "certifications": 5,
  "done": 310,
  "elapsed_seconds": 9803.9,
  "gain_kg": 31.512662559890487,
  "group": "cluster_fleet_h100_v1/clusters/family_0051",
  "in_fleet": false,
  "inserted": null,
  "peak_rss_mb": 130.83203125,
  "slot": 2,
  "status": "improved",
  "stopped": "",
  "total": 339,
  "wall_seconds": 176.1563709539987
}
{
  "after_kg": 475.8384668035592,
  "archived_kg": 458.72689938398355,
  "asteroids_after": 7,
  "asteroids_before": 7,
  "baseline_error_kg": 0.0,
  "certifications": 5,
  "done": 311,
  "elapsed_seconds": 9879.4,
  "gain_kg": 17.111567419575636,
  "group": "cluster_fleet_v6/clusters/family_0108",
  "in_fleet": false,
  "inserted": null,
  "peak_rss_mb": 129.55078125,
  "slot": 3,
  "status": "improved",
  "stopped": "",
  "total": 339,
  "wall_seconds": 240.49462331900213
}
{
  "after_kg": 457.0841889117043,
  "archived_kg": 457.0841889117043,
  "asteroids_after": 7,
  "asteroids_before": 7,
  "baseline_error_kg": Infinity,
  "certifications": 0,
  "done": 312,
  "elapsed_seconds": 9880.7,
  "gain_kg": 0.0,
  "group": "cluster_fleet_v7/clusters/family_0036",
  "in_fleet": false,
  "inserted": null,
  "peak_rss_mb": 129.55078125,
  "slot": 2,
  "status": "no gain",
  "stopped": "",
  "total": 339,
  "wall_seconds": 1.2893137530008971
}
{
  "after_kg": 461.32785763175906,
  "archived_kg": 457.0841889117043,
  "asteroids_after": 8,
  "asteroids_before": 8,
  "baseline_error_kg": 0.0,
  "certifications": 3,
  "done": 313,
  "elapsed_seconds": 9888.4,
  "gain_kg": 4.243668720054757,
  "group": "cluster_fleet_v5/clusters/family_0005",
  "in_fleet": false,
  "inserted": null,
  "peak_rss_mb": 129.42578125,
  "slot": 3,
  "status": "improved",
  "stopped": "",
  "total": 339,
  "wall_seconds": 94.86265680700308
}
{
  "after_kg": 473.6481861738535,
  "archived_kg": 458.3162217659137,
  "asteroids_after": 10,
  "asteroids_before": 10,
  "baseline_error_kg": 0.0,
  "certifications": 4,
  "done": 314,
  "elapsed_seconds": 9905.3,
  "gain_kg": 15.331964407939779,
  "group": "cluster_fleet_v1/clusters/family_0122",
  "in_fleet": false,
  "inserted": null,
  "peak_rss_mb": 133.3125,
  "slot": 1,
  "status": "improved",
  "stopped": "",
  "total": 339,
  "wall_seconds": 182.12906712900076
}
{
  "after_kg": 461.32785763175906,
  "archived_kg": 457.0841889117043,
  "asteroids_after": 8,
  "asteroids_before": 8,
  "baseline_error_kg": 0.0,
  "certifications": 3,
  "done": 315,
  "elapsed_seconds": 9934.7,
  "gain_kg": 4.243668720054757,
  "group": "cluster_fleet_v5c/clusters/family_0442",
  "in_fleet": false,
  "inserted": null,
  "peak_rss_mb": 130.83203125,
  "slot": 1,
  "status": "improved",
  "stopped": "",
  "total": 339,
  "wall_seconds": 130.80595823900148
}
{
  "after_kg": 478.4394250513347,
  "archived_kg": 455.8521560574949,
  "asteroids_after": 7,
  "asteroids_before": 7,
  "baseline_error_kg": 0.0,
  "certifications": 4,
  "done": 316,
  "elapsed_seconds": 10028.8,
  "gain_kg": 22.587268993839814,
  "group": "cluster_fleet_v5/clusters/family_0070",
  "in_fleet": false,
  "inserted": null,
  "peak_rss_mb": 129.55078125,
  "slot": 4,
  "status": "improved",
  "stopped": "",
  "total": 339,
  "wall_seconds": 148.1145123410024
}
{
  "after_kg": 484.8459958932238,
  "archived_kg": 455.44147843942505,
  "asteroids_after": 8,
  "asteroids_before": 8,
  "baseline_error_kg": 0.0,
  "certifications": 6,
  "done": 317,
  "elapsed_seconds": 10079.7,
  "gain_kg": 29.404517453798746,
  "group": "cluster_fleet_v7/clusters/family_0036",
  "in_fleet": false,
  "inserted": null,
  "peak_rss_mb": 129.42578125,
  "slot": 1,
  "status": "improved",
  "stopped": "",
  "total": 339,
  "wall_seconds": 191.27812426699893
}
{
  "after_kg": 467.98083504449005,
  "archived_kg": 455.03080082135523,
  "asteroids_after": 6,
  "asteroids_before": 6,
  "baseline_error_kg": 0.0,
  "certifications": 2,
  "done": 318,
  "elapsed_seconds": 10130.0,
  "gain_kg": 12.950034223134821,
  "group": "cluster_fleet_v1/clusters/family_0183",
  "in_fleet": false,
  "inserted": null,
  "peak_rss_mb": 129.55078125,
  "slot": 2,
  "status": "improved",
  "stopped": "",
  "total": 339,
  "wall_seconds": 101.23626946900185
}
{
  "after_kg": 511.9507186858316,
  "archived_kg": 455.2772073921971,
  "asteroids_after": 7,
  "asteroids_before": 7,
  "baseline_error_kg": 0.0,
  "certifications": 7,
  "done": 319,
  "elapsed_seconds": 10163.0,
  "gain_kg": 56.673511293634476,
  "group": "cluster_fleet_v1/clusters/family_0036",
  "in_fleet": false,
  "inserted": null,
  "peak_rss_mb": 133.3125,
  "slot": 2,
  "status": "improved",
  "stopped": "",
  "total": 339,
  "wall_seconds": 257.7734528839974
}
{
  "after_kg": 467.3511293634497,
  "archived_kg": 455.03080082135523,
  "asteroids_after": 7,
  "asteroids_before": 7,
  "baseline_error_kg": 0.0,
  "certifications": 3,
  "done": 320,
  "elapsed_seconds": 10169.1,
  "gain_kg": 12.320328542094444,
  "group": "cluster_fleet_v1/clusters/family_0027",
  "in_fleet": false,
  "inserted": null,
  "peak_rss_mb": 130.83203125,
  "slot": 1,
  "status": "improved",
  "stopped": "",
  "total": 339,
  "wall_seconds": 234.41957236500093
}
{
  "after_kg": 464.88706365503083,
  "archived_kg": 455.03080082135523,
  "asteroids_after": 8,
  "asteroids_before": 8,
  "baseline_error_kg": 0.0,
  "certifications": 3,
  "done": 321,
  "elapsed_seconds": 10232.8,
  "gain_kg": 9.8562628336756,
  "group": "cluster_fleet_v5c/clusters/family_0000",
  "in_fleet": false,
  "inserted": null,
  "peak_rss_mb": 129.55078125,
  "slot": 1,
  "status": "improved",
  "stopped": "",
  "total": 339,
  "wall_seconds": 102.77081589700174
}
{
  "after_kg": 486.65297741273105,
  "archived_kg": 454.20944558521563,
  "asteroids_after": 6,
  "asteroids_before": 6,
  "baseline_error_kg": 0.0,
  "certifications": 3,
  "done": 322,
  "elapsed_seconds": 10301.3,
  "gain_kg": 32.443531827515415,
  "group": "cluster_fleet_v5/clusters/family_0292",
  "in_fleet": false,
  "inserted": null,
  "peak_rss_mb": 130.83203125,
  "slot": 2,
  "status": "improved",
  "stopped": "",
  "total": 339,
  "wall_seconds": 132.13845104900247
}
{
  "after_kg": 469.73305954825463,
  "archived_kg": 455.03080082135523,
  "asteroids_after": 8,
  "asteroids_before": 8,
  "baseline_error_kg": 0.0,
  "certifications": 7,
  "done": 323,
  "elapsed_seconds": 10348.9,
  "gain_kg": 14.702258726899402,
  "group": "cluster_fleet_v5/clusters/family_0070",
  "in_fleet": false,
  "inserted": null,
  "peak_rss_mb": 129.42578125,
  "slot": 3,
  "status": "improved",
  "stopped": "",
  "total": 339,
  "wall_seconds": 269.198485359997
}
{
  "after_kg": 475.0171115674196,
  "archived_kg": 454.20944558521563,
  "asteroids_after": 8,
  "asteroids_before": 8,
  "baseline_error_kg": 0.0,
  "certifications": 6,
  "done": 324,
  "elapsed_seconds": 10378.4,
  "gain_kg": 20.807665982203957,
  "group": "cluster_fleet_h100_v1/clusters/family_0033",
  "in_fleet": false,
  "inserted": null,
  "peak_rss_mb": 133.3125,
  "slot": 2,
  "status": "improved",
  "stopped": "",
  "total": 339,
  "wall_seconds": 215.31314671400105
}
{
  "after_kg": 501.8206707734428,
  "archived_kg": 453.7713894592745,
  "asteroids_after": 7,
  "asteroids_before": 7,
  "baseline_error_kg": 0.0,
  "certifications": 3,
  "done": 325,
  "elapsed_seconds": 10403.1,
  "gain_kg": 48.049281314168354,
  "group": "cluster_fleet_v1/clusters/family_0045",
  "in_fleet": false,
  "inserted": null,
  "peak_rss_mb": 130.83203125,
  "slot": 1,
  "status": "improved",
  "stopped": "",
  "total": 339,
  "wall_seconds": 101.78101662900008
}
{
  "after_kg": 472.8268309377139,
  "archived_kg": 453.7987679671458,
  "asteroids_after": 8,
  "asteroids_before": 8,
  "baseline_error_kg": 0.0,
  "certifications": 5,
  "done": 326,
  "elapsed_seconds": 10412.0,
  "gain_kg": 19.0280629705681,
  "group": "cluster_fleet_h100_v1/clusters/family_0040",
  "in_fleet": false,
  "inserted": null,
  "peak_rss_mb": 129.55078125,
  "slot": 2,
  "status": "improved",
  "stopped": "",
  "total": 339,
  "wall_seconds": 179.22702232099982
}
{
  "after_kg": 469.67830253251196,
  "archived_kg": 453.388090349076,
  "asteroids_after": 8,
  "asteroids_before": 8,
  "baseline_error_kg": 0.0,
  "certifications": 4,
  "done": 327,
  "elapsed_seconds": 10498.6,
  "gain_kg": 16.290212183435983,
  "group": "cluster_fleet_v5/clusters/family_0010",
  "in_fleet": false,
  "inserted": null,
  "peak_rss_mb": 133.3125,
  "slot": 4,
  "status": "improved",
  "stopped": "",
  "total": 339,
  "wall_seconds": 120.185802693999
}
{
  "after_kg": 460.7802874743326,
  "archived_kg": 452.97741273100615,
  "asteroids_after": 8,
  "asteroids_before": 8,
  "baseline_error_kg": 0.0,
  "certifications": 5,
  "done": 328,
  "elapsed_seconds": 10567.7,
  "gain_kg": 7.80287474332647,
  "group": "cluster_fleet_v5/clusters/family_0324",
  "in_fleet": false,
  "inserted": null,
  "peak_rss_mb": 129.55078125,
  "slot": 1,
  "status": "improved",
  "stopped": "",
  "total": 339,
  "wall_seconds": 155.63253467200047
}
{
  "after_kg": 495.74264202600955,
  "archived_kg": 453.22381930184804,
  "asteroids_after": 7,
  "asteroids_before": 7,
  "baseline_error_kg": 0.0,
  "certifications": 4,
  "done": 329,
  "elapsed_seconds": 10569.0,
  "gain_kg": 42.51882272416151,
  "group": "cluster_fleet_v1/clusters/family_0005",
  "in_fleet": false,
  "inserted": null,
  "peak_rss_mb": 130.83203125,
  "slot": 2,
  "status": "improved",
  "stopped": "",
  "total": 339,
  "wall_seconds": 165.9798940010005
}
{
  "after_kg": 469.40451745379875,
  "archived_kg": 453.388090349076,
  "asteroids_after": 7,
  "asteroids_before": 7,
  "baseline_error_kg": 0.0,
  "certifications": 8,
  "done": 330,
  "elapsed_seconds": 10618.9,
  "gain_kg": 16.016427104722766,
  "group": "cluster_fleet_v4/clusters/family_0004",
  "in_fleet": false,
  "inserted": null,
  "peak_rss_mb": 129.51953125,
  "slot": 2,
  "status": "improved",
  "stopped": "",
  "total": 339,
  "wall_seconds": 269.939458482997
}
{
  "after_kg": 452.15605749486656,
  "archived_kg": 452.15605749486656,
  "asteroids_after": 7,
  "asteroids_before": 7,
  "baseline_error_kg": 0.0,
  "certifications": 1,
  "done": 331,
  "elapsed_seconds": 10644.3,
  "gain_kg": 0.0,
  "group": "cluster_fleet_v5/clusters/family_0081",
  "in_fleet": false,
  "inserted": null,
  "peak_rss_mb": 129.55078125,
  "slot": 2,
  "status": "no gain",
  "stopped": "",
  "total": 339,
  "wall_seconds": 76.59430060299928
}
{
  "after_kg": 483.9151266255989,
  "archived_kg": 452.5667351129363,
  "asteroids_after": 8,
  "asteroids_before": 8,
  "baseline_error_kg": 0.0,
  "certifications": 4,
  "done": 332,
  "elapsed_seconds": 10692.9,
  "gain_kg": 31.348391512662545,
  "group": "cluster_fleet_v1/clusters/family_0018",
  "in_fleet": false,
  "inserted": null,
  "peak_rss_mb": 133.3125,
  "slot": 1,
  "status": "improved",
  "stopped": "",
  "total": 339,
  "wall_seconds": 194.31299820800268
}
{
  "after_kg": 464.476386036961,
  "archived_kg": 450.9240246406571,
  "asteroids_after": 9,
  "asteroids_before": 9,
  "baseline_error_kg": 0.0,
  "certifications": 2,
  "done": 333,
  "elapsed_seconds": 10783.6,
  "gain_kg": 13.552361396303922,
  "group": "cluster_fleet_v4/clusters/family_0410",
  "in_fleet": false,
  "inserted": null,
  "peak_rss_mb": 133.3125,
  "slot": 1,
  "status": "improved",
  "stopped": "",
  "total": 339,
  "wall_seconds": 90.77329583100072
}
{
  "after_kg": 462.9705681040383,
  "archived_kg": 451.3347022587269,
  "asteroids_after": 7,
  "asteroids_before": 7,
  "baseline_error_kg": 0.0,
  "certifications": 4,
  "done": 334,
  "elapsed_seconds": 10822.5,
  "gain_kg": 11.6358658453114,
  "group": "cluster_fleet_v5c/clusters/family_0064",
  "in_fleet": false,
  "inserted": null,
  "peak_rss_mb": 129.55078125,
  "slot": 2,
  "status": "improved",
  "stopped": "",
  "total": 339,
  "wall_seconds": 178.18276349999724
}
{
  "after_kg": 472.14236824093086,
  "archived_kg": 451.3347022587269,
  "asteroids_after": 8,
  "asteroids_before": 8,
  "baseline_error_kg": 0.0,
  "certifications": 5,
  "done": 335,
  "elapsed_seconds": 10828.5,
  "gain_kg": 20.807665982203957,
  "group": "cluster_fleet_h100_v1/clusters/family_0017",
  "in_fleet": false,
  "inserted": null,
  "peak_rss_mb": 129.51953125,
  "slot": 2,
  "status": "improved",
  "stopped": "",
  "total": 339,
  "wall_seconds": 209.59643977900123
}
{
  "after_kg": 476.08487337440107,
  "archived_kg": 452.1560574948665,
  "asteroids_after": 6,
  "asteroids_before": 6,
  "baseline_error_kg": 0.0,
  "certifications": 8,
  "done": 336,
  "elapsed_seconds": 10845.8,
  "gain_kg": 23.928815879534568,
  "group": "fleet10_master_v1",
  "in_fleet": false,
  "inserted": null,
  "peak_rss_mb": 130.83203125,
  "slot": 5,
  "status": "improved",
  "stopped": "",
  "total": 339,
  "wall_seconds": 276.77514363999944
}
{
  "after_kg": 504.69541409993155,
  "archived_kg": 450.485968514716,
  "asteroids_after": 7,
  "asteroids_before": 7,
  "baseline_error_kg": 0.0,
  "certifications": 3,
  "done": 337,
  "elapsed_seconds": 10888.0,
  "gain_kg": 54.209445585215576,
  "group": "cluster_fleet_v1/clusters/family_0005",
  "in_fleet": false,
  "inserted": null,
  "peak_rss_mb": 133.3125,
  "slot": 3,
  "status": "improved",
  "stopped": "",
  "total": 339,
  "wall_seconds": 104.35298954500104
}
{
  "after_kg": 454.3463381245722,
  "archived_kg": 450.1026694045174,
  "asteroids_after": 7,
  "asteroids_before": 7,
  "baseline_error_kg": 0.0,
  "certifications": 3,
  "done": 338,
  "elapsed_seconds": 10930.3,
  "gain_kg": 4.243668720054757,
  "group": "cluster_fleet_v5/clusters/family_0044",
  "in_fleet": false,
  "inserted": null,
  "peak_rss_mb": 129.51953125,
  "slot": 4,
  "status": "improved",
  "stopped": "",
  "total": 339,
  "wall_seconds": 101.77422430400111
}
{
  "after_kg": 466.88569472963724,
  "archived_kg": 450.1026694045175,
  "asteroids_after": 7,
  "asteroids_before": 7,
  "baseline_error_kg": 0.0,
  "certifications": 5,
  "done": 339,
  "elapsed_seconds": 11033.0,
  "gain_kg": 16.783025325119752,
  "group": "cluster_fleet_v6/clusters/family_0036",
  "in_fleet": false,
  "inserted": null,
  "peak_rss_mb": 129.83984375,
  "slot": 2,
  "status": "improved",
  "stopped": "",
  "total": 339,
  "wall_seconds": 210.5486576300027
}
{
  "attempted": 339,
  "fleet_average_after_kg": 588.208989276751,
  "fleet_average_before_kg": 587.9273817672174,
  "fleet_ships": 21,
  "gain_kg_total": 4665.02,
  "improved": 294,
  "inserted": 0,
  "peak_rss_mb": 129.79296875,
  "run_id": "joint_itinerary_h100_v1",
  "tasks": 339,
  "wall_seconds_total": 11033.162764494002,
  "worker_peak_rss_mb": 133.3125
}
