    1      0     64343.0000000000      -62598671.647145219      133190036.146134615         -11857.928355634      -27.4437476989771      -12.7734909873904        0.0002565812559        3000.0000000000
    1      0     64343.0000000000      -62598671.647145219      133190036.146134615         -11857.928355634      -33.4084883262590      -13.3638687342303        0.2710394560642        3000.0000000000
    1     -1     64343.0000000000       0.00000000000000       0.00000000000000       0.00000000000000
    1     -1     64343.0000000000      -0.59582816481682      -0.06496799517532       0.02771203518189
    1     -1     64344.0000000000      -0.59582816481682      -0.06496799517532       0.02771203518189
    1     -1     64345.0000000000      -0.59582816481682      -0.06496799517532       0.02771203518189
    1     -1     64345.0000000000       0.00000000000000       0.00000000000000       0.00000000000000
    1     -1     64345.0000000000       0.00000000000000       0.00000000000000       0.00000000000000
    1     -1     64345.0000000000      -0.59436877166350      -0.07671051078457       0.02900448390152
    1     -1     64346.0000000000      -0.59436877166350      -0.07671051078457       0.02900448390152
    1     -1     64347.0000000000      -0.59436877166350      -0.07671051078457       0.02900448390152
    1     -1     64347.0000000000       0.00000000000000       0.00000000000000       0.00000000000000
    1     -1     64347.0000000000       0.00000000000000       0.00000000000000       0.00000000000000
    1     -1     64347.0000000000      -0.59270604589740      -0.08820200150776       0.03033066709932
    1     -1     64348.0000000000      -0.59270604589740      -0.08820200150776       0.03033066709932
    1     -1     64349.0000000000      -0.59270604589740      -0.08820200150776       0.03033066709932
    1     -1     64349.0000000000       0.00000000000000       0.00000000000000       0.00000000000000
    1     -1     64349.0000000000       0.00000000000000       0.00000000000000       0.00000000000000
    1     -1     64349.0000000000      -0.59085600409016      -0.09942218745509       0.03169243367515
    1     -1     64350.0000000000      -0.59085600409016      -0.09942218745509       0.03169243367515
    1     -1     64351.0000000000      -0.59085600409016      -0.09942218745509       0.03169243367515
    1     -1     64351.0000000000       0.00000000000000       0.00000000000000       0.00000000000000
    1     -1     64351.0000000000       0.00000000000000       0.00000000000000       0.00000000000000
    1     -1     64351.0000000000      -0.58883544962194      -0.11035285193890       0.03309170012985
    1     -1     64352.0000000000      -0.58883544962194      -0.11035285193890       0.03309170012985
    1     -1     64353.0000000000      -0.58883544962194      -0.11035285193890       0.03309170012985
    1     -1     64353.0000000000       0.00000000000000       0.00000000000000       0.00000000000000
    1     -1     64353.0000000000       0.00000000000000       0.00000000000000       0.00000000000000
    1     -1     64353.0000000000      -0.58666172651758      -0.12097795431790       0.03453045740318
    1     -1     64354.0000000000      -0.58666172651758      -0.12097795431790       0.03453045740318
    1     -1     64355.0000000000      -0.58666172651758      -0.12097795431790       0.03453045740318
    1     -1     64355.0000000000       0.00000000000000       0.00000000000000       0.00000000000000
    1     -1     64355.0000000000       0.00000000000000       0.00000000000000       0.00000000000000
    1     -1     64355.0000000000      -0.58435247231272      -0.13128370456994       0.03601078028034
    1     -1     64356.0000000000      -0.58435247231272      -0.13128370456994       0.03601078028034
    1     -1     64357.0000000000      -0.58435247231272      -0.13128370456994       0.03601078028034
    1     -1     64357.0000000000       0.00000000000000       0.00000000000000       0.00000000000000
    1     -1     64357.0000000000       0.00000000000000       0.00000000000000       0.00000000000000
    1     -1     64357.0000000000      -0.58192537581416      -0.14125859977485       0.03753484052448
    1     -1     64358.0000000000      -0.58192537581416      -0.14125859977485       0.03753484052448
    1     -1     64359.0000000000      -0.58192537581416      -0.14125859977485       0.03753484052448
    1     -1     64359.0000000000       0.00000000000000       0.00000000000000       0.00000000000000
    1     -1     64359.0000000000       0.00000000000000       0.00000000000000       0.00000000000000
    1     -1     64359.0000000000      -0.57939794293283      -0.15089343280895       0.03910492220093
    1     -1     64360.0000000000      -0.57939794293283      -0.15089343280895       0.03910492220093
    1     -1     64361.0000000000      -0.57939794293283      -0.15089343280895       0.03910492220093
    1     -1     64361.0000000000       0.00000000000000       0.00000000000000       0.00000000000000
    1     -1     64361.0000000000       0.00000000000000       0.00000000000000       0.00000000000000
    1     -1     64361.0000000000      -0.57678727484419      -0.16018127312239       0.04072344040843
    1     -1     64362.0000000000      -0.57678727484419      -0.16018127312239       0.04072344040843
    1     -1     64363.0000000000      -0.57678727484419      -0.16018127312239       0.04072344040843
    1     -1     64363.0000000000       0.00000000000000       0.00000000000000       0.00000000000000
    1     -1     64363.0000000000       0.00000000000000       0.00000000000000       0.00000000000000
    1     -1     64363.0000000000      -0.57410986177490      -0.16911742229763       0.04239296366387
    1     -1     64364.0000000000      -0.57410986177490      -0.16911742229763       0.04239296366387
    1     -1     64365.0000000000      -0.57410986177490      -0.16911742229763       0.04239296366387
    1     -1     64365.0000000000       0.00000000000000       0.00000000000000       0.00000000000000
    1     -1     64365.0000000000       0.00000000000000       0.00000000000000       0.00000000000000
    1     -1     64365.0000000000      -0.57138139497890      -0.17769934737309       0.04411624071869
    1     -1     64366.0000000000      -0.57138139497890      -0.17769934737309       0.04411624071869
    1     -1     64367.0000000000      -0.57138139497890      -0.17769934737309       0.04411624071869
    1     -1     64367.0000000000       0.00000000000000       0.00000000000000       0.00000000000000
    1     -1     64367.0000000000       0.00000000000000       0.00000000000000       0.00000000000000
    1     -1     64367.0000000000      -0.56861659841414      -0.18592659619148       0.04589623205214
    1     -1     64368.0000000000      -0.56861659841414      -0.18592659619148       0.04589623205214
    1     -1     64369.0000000000      -0.56861659841414      -0.18592659619148       0.04589623205214
    1     -1     64369.0000000000       0.00000000000000       0.00000000000000       0.00000000000000
    1     -1     64369.0000000000       0.00000000000000       0.00000000000000       0.00000000000000
    1     -1     64369.0000000000      -0.56582908107140      -0.19380069801456       0.04773614713152
    1     -1     64370.0000000000      -0.56582908107140      -0.19380069801456       0.04773614713152
    1     -1     64371.0000000000      -0.56582908107140      -0.19380069801456       0.04773614713152
    1     -1     64371.0000000000       0.00000000000000       0.00000000000000       0.00000000000000
    1     -1     64371.0000000000       0.00000000000000       0.00000000000000       0.00000000000000
    1     -1     64371.0000000000      -0.56303120983198      -0.20132505376780       0.04963948791564
    1     -1     64372.0000000000      -0.56303120983198      -0.20132505376780       0.04963948791564
    1     -1     64373.0000000000      -0.56303120983198      -0.20132505376780       0.04963948791564
    1     -1     64373.0000000000       0.00000000000000       0.00000000000000       0.00000000000000
    1     -1     64373.0000000000       0.00000000000000       0.00000000000000       0.00000000000000
    1     -1     64373.0000000000      -0.56023400209455      -0.20850481960553       0.05161009957738
    1     -1     64374.0000000000      -0.56023400209455      -0.20850481960553       0.05161009957738
    1     -1     64375.0000000000      -0.56023400209455      -0.20850481960553       0.05161009957738
    1     -1     64375.0000000000       0.00000000000000       0.00000000000000       0.00000000000000
    1     -1     64375.0000000000       0.00000000000000       0.00000000000000       0.00000000000000
    1     -1     64375.0000000000      -0.55744703692928      -0.21534678662638       0.05365223004179
    1     -1     64376.0000000000      -0.55744703692928      -0.21534678662638       0.05365223004179
    1     -1     64377.0000000000      -0.55744703692928      -0.21534678662638       0.05365223004179
    1     -1     64377.0000000000       0.00000000000000       0.00000000000000       0.00000000000000
    1     -1     64377.0000000000       0.00000000000000       0.00000000000000       0.00000000000000
    1     -1     64377.0000000000      -0.55467838228133      -0.22185926124985       0.05577059895179
    1     -1     64378.0000000000      -0.55467838228133      -0.22185926124985       0.05577059895179
    1     -1     64379.0000000000      -0.55467838228133      -0.22185926124985       0.05577059895179
    1     -1     64379.0000000000       0.00000000000000       0.00000000000000       0.00000000000000
    1     -1     64379.0000000000       0.00000000000000       0.00000000000000       0.00000000000000
    1     -1     64379.0000000000      -0.55193453589135      -0.22805194798999       0.05797047859359
    1     -1     64380.0000000000      -0.55193453589135      -0.22805194798999       0.05797047859359
    1     -1     64381.0000000000      -0.55193453589135      -0.22805194798999       0.05797047859359
    1     -1     64381.0000000000       0.00000000000000       0.00000000000000       0.00000000000000
    1     -1     64381.0000000000       0.00000000000000       0.00000000000000       0.00000000000000
    1     -1     64381.0000000000      -0.54922037637998      -0.23393583820986       0.06025778829402
    1     -1     64382.0000000000      -0.54922037637998      -0.23393583820986       0.06025778829402
    1     -1     64383.0000000000      -0.54922037637998      -0.23393583820986       0.06025778829402
    1     -1     64383.0000000000       0.00000000000000       0.00000000000000       0.00000000000000
    1     -1     64383.0000000000       0.00000000000000       0.00000000000000       0.00000000000000
    1     -1     64383.0000000000      -0.54653912077546      -0.23952310686775       0.06263920512275
    1     -1     64384.0000000000      -0.54653912077546      -0.23952310686775       0.06263920512275
    1     -1     64385.0000000000      -0.54653912077546      -0.23952310686775       0.06263920512275
    1     -1     64385.0000000000       0.00000000000000       0.00000000000000       0.00000000000000
    1     -1     64385.0000000000       0.00000000000000       0.00000000000000       0.00000000000000
    1     -1     64385.0000000000      -0.54389228412574      -0.24482701932997       0.06512229383621
    1     -1     64386.0000000000      -0.54389228412574      -0.24482701932997       0.06512229383621
    1     -1     64387.0000000000      -0.54389228412574      -0.24482701932997       0.06512229383621
    1     -1     64387.0000000000       0.00000000000000       0.00000000000000       0.00000000000000
    1     -1     64387.0000000000       0.00000000000000       0.00000000000000       0.00000000000000
    1     -1     64387.0000000000      -0.54127963728747      -0.24986184794799       0.06771565903070
    1     -1     64388.0000000000      -0.54127963728747      -0.24986184794799       0.06771565903070
    1     -1     64389.0000000000      -0.54127963728747      -0.24986184794799       0.06771565903070
    1     -1     64389.0000000000       0.00000000000000       0.00000000000000       0.00000000000000
    1     -1     64389.0000000000       0.00000000000000       0.00000000000000       0.00000000000000
    1     -1     64389.0000000000      -0.53869904540810      -0.25464299975546       0.07042925835152
    1     -1     64390.0000000000      -0.53869904540810      -0.25464299975546       0.07042925835152
    1     -1     64391.0000000000      -0.53869904540810      -0.25464299975546       0.07042925835152
    1     -1     64391.0000000000       0.00000000000000       0.00000000000000       0.00000000000000
    1     -1     64391.0000000000       0.00000000000000       0.00000000000000       0.00000000000000
    1     -1     64391.0000000000      -0.50771497771301      -0.24544137426995       0.06938828782634
    1     -1     64392.0000000000      -0.50771497771301      -0.24544137426995       0.06938828782634
    1     -1     64393.0000000000      -0.50771497771301      -0.24544137426995       0.06938828782634
    1     -1     64393.0000000000       0.00000000000000       0.00000000000000       0.00000000000000
    1     -1     64507.0000000000       0.00000000000000       0.00000000000000       0.00000000000000
    1     -1     64507.0000000000       0.28325288976773       0.13010766729683       0.01253480409783
    1     -1     64508.0000000000       0.28325288976773       0.13010766729683       0.01253480409783
    1     -1     64509.0000000000       0.28325288976773       0.13010766729683       0.01253480409783
    1     -1     64509.0000000000       0.00000000000000       0.00000000000000       0.00000000000000
    1     -1     64509.0000000000       0.00000000000000       0.00000000000000       0.00000000000000
    1     -1     64509.0000000000       0.54408011446755       0.25197338402613       0.02205089711100
    1     -1     64510.0000000000       0.54408011446755       0.25197338402613       0.02205089711100
    1     -1     64511.0000000000       0.54408011446755       0.25197338402613       0.02205089711100
    1     -1     64511.0000000000       0.00000000000000       0.00000000000000       0.00000000000000
    1     -1     64511.0000000000       0.00000000000000       0.00000000000000       0.00000000000000
    1     -1     64511.0000000000       0.54336813587571       0.25366534734705       0.02012361175986
    1     -1     64512.0000000000       0.54336813587571       0.25366534734705       0.02012361175986
    1     -1     64513.0000000000       0.54336813587571       0.25366534734705       0.02012361175986
    1     -1     64513.0000000000       0.00000000000000       0.00000000000000       0.00000000000000
    1     -1     64513.0000000000       0.00000000000000       0.00000000000000       0.00000000000000
    1     -1     64513.0000000000       0.54265514636766       0.25532320841759       0.01831531173762
    1     -1     64514.0000000000       0.54265514636766       0.25532320841759       0.01831531173762
    1     -1     64515.0000000000       0.54265514636766       0.25532320841759       0.01831531173762
    1     -1     64515.0000000000       0.00000000000000       0.00000000000000       0.00000000000000
    1     -1     64515.0000000000       0.00000000000000       0.00000000000000       0.00000000000000
    1     -1     64515.0000000000       0.54194052759926       0.25695209050976       0.01661586615545
    1     -1     64516.0000000000       0.54194052759926       0.25695209050976       0.01661586615545
    1     -1     64517.0000000000       0.54194052759926       0.25695209050976       0.01661586615545
    1     -1     64517.0000000000       0.00000000000000       0.00000000000000       0.00000000000000
    1     -1     64517.0000000000       0.00000000000000       0.00000000000000       0.00000000000000
    1     -1     64517.0000000000       0.54122368184720       0.25855644848080       0.01501627239901
    1     -1     64518.0000000000       0.54122368184720       0.25855644848080       0.01501627239901
    1     -1     64519.0000000000       0.54122368184720       0.25855644848080       0.01501627239901
    1     -1     64519.0000000000       0.00000000000000       0.00000000000000       0.00000000000000
    1     -1     64519.0000000000       0.00000000000000       0.00000000000000       0.00000000000000
    1     -1     64519.0000000000       0.54050403741792       0.26014016446761       0.01350850271836
    1     -1     64520.0000000000       0.54050403741792       0.26014016446761       0.01350850271836
    1     -1     64521.0000000000       0.54050403741792       0.26014016446761       0.01350850271836
    1     -1     64521.0000000000       0.00000000000000       0.00000000000000       0.00000000000000
    1     -1     64521.0000000000       0.00000000000000       0.00000000000000       0.00000000000000
    1     -1     64521.0000000000       0.53978105195771       0.26170662762439       0.01208537483474
    1     -1     64522.0000000000       0.53978105195771       0.26170662762439       0.01208537483474
    1     -1     64523.0000000000       0.53978105195771       0.26170662762439       0.01208537483474
    1     -1     64523.0000000000       0.00000000000000       0.00000000000000       0.00000000000000
    1     -1     64523.0000000000       0.00000000000000       0.00000000000000       0.00000000000000
    1     -1     64523.0000000000       0.53905421412376       0.26325880119560       0.01074044265726
    1     -1     64524.0000000000       0.53905421412376       0.26325880119560       0.01074044265726
    1     -1     64525.0000000000       0.53905421412376       0.26325880119560       0.01074044265726
    1     -1     64525.0000000000       0.00000000000000       0.00000000000000       0.00000000000000
    1     -1     64525.0000000000       0.00000000000000       0.00000000000000       0.00000000000000
    1     -1     64525.0000000000       0.53832304401563       0.26479927938256       0.00946790368675
    1     -1     64526.0000000000       0.53832304401563       0.26479927938256       0.00946790368675
    1     -1     64527.0000000000       0.53832304401563       0.26479927938256       0.00946790368675
    1     -1     64527.0000000000       0.00000000000000       0.00000000000000       0.00000000000000
    1     -1     64527.0000000000       0.00000000000000       0.00000000000000       0.00000000000000
    1     -1     64527.0000000000       0.53758709298922       0.26633033529229       0.00826251986368
    1     -1     64528.0000000000       0.53758709298922       0.26633033529229       0.00826251986368
    1     -1     64529.0000000000       0.53758709298922       0.26633033529229       0.00826251986368
    1     -1     64529.0000000000       0.00000000000000       0.00000000000000       0.00000000000000
    1     -1     64529.0000000000       0.00000000000000       0.00000000000000       0.00000000000000
    1     -1     64529.0000000000       0.53684594279754       0.26785396205642       0.00711955002065
    1     -1     64530.0000000000       0.53684594279754       0.26785396205642       0.00711955002065
    1     -1     64531.0000000000       0.53684594279754       0.26785396205642       0.00711955002065
    1     -1     64531.0000000000       0.00000000000000       0.00000000000000       0.00000000000000
    1     -1     64531.0000000000       0.00000000000000       0.00000000000000       0.00000000000000
    1     -1     64531.0000000000       0.53609920446816       0.26937190786025       0.00603469173516
    1     -1     64532.0000000000       0.53609920446816       0.26937190786025       0.00603469173516
    1     -1     64533.0000000000       0.53609920446816       0.26937190786025       0.00603469173516
    1     -1     64533.0000000000       0.00000000000000       0.00000000000000       0.00000000000000
    1     -1     64533.0000000000       0.00000000000000       0.00000000000000       0.00000000000000
    1     -1     64533.0000000000       0.53534651691060       0.27088570612535       0.00500403124069
    1     -1     64534.0000000000       0.53534651691060       0.27088570612535       0.00500403124069
    1     -1     64535.0000000000       0.53534651691060       0.27088570612535       0.00500403124069
    1     -1     64535.0000000000       0.00000000000000       0.00000000000000       0.00000000000000
    1     -1     64535.0000000000       0.00000000000000       0.00000000000000       0.00000000000000
    1     -1     64535.0000000000       0.53458754535863       0.27239670161420       0.00402400014194
    1     -1     64536.0000000000       0.53458754535863       0.27239670161420       0.00402400014194
    1     -1     64537.0000000000       0.53458754535863       0.27239670161420       0.00402400014194
    1     -1     64537.0000000000       0.00000000000000       0.00000000000000       0.00000000000000
    1     -1     64537.0000000000       0.00000000000000       0.00000000000000       0.00000000000000
    1     -1     64537.0000000000       0.53382197986637       0.27390607281131       0.00309133767774
    1     -1     64538.0000000000       0.53382197986637       0.27390607281131       0.00309133767774
    1     -1     64539.0000000000       0.53382197986637       0.27390607281131       0.00309133767774
    1     -1     64539.0000000000       0.00000000000000       0.00000000000000       0.00000000000000
    1     -1     64539.0000000000       0.00000000000000       0.00000000000000       0.00000000000000
    1     -1     64539.0000000000       0.53304953369319       0.27541485153317       0.00220305797381
    1     -1     64540.0000000000       0.53304953369319       0.27541485153317       0.00220305797381
    1     -1     64541.0000000000       0.53304953369319       0.27541485153317       0.00220305797381
    1     -1     64541.0000000000       0.00000000000000       0.00000000000000       0.00000000000000
    1     -1     64541.0000000000       0.00000000000000       0.00000000000000       0.00000000000000
    1     -1     64541.0000000000       0.53226994175996       0.27692393991839       0.00135642136638
    1     -1     64542.0000000000       0.53226994175996       0.27692393991839       0.00135642136638
    1     -1     64543.0000000000       0.53226994175996       0.27692393991839       0.00135642136638
    1     -1     64543.0000000000       0.00000000000000       0.00000000000000       0.00000000000000
    1     -1     64543.0000000000       0.00000000000000       0.00000000000000       0.00000000000000
    1     -1     64543.0000000000       0.53148295915912       0.27843412524706       0.00054890925344
    1     -1     64544.0000000000       0.53148295915912       0.27843412524706       0.00054890925344
    1     -1     64545.0000000000       0.53148295915912       0.27843412524706       0.00054890925344
    1     -1     64545.0000000000       0.00000000000000       0.00000000000000       0.00000000000000
    1     -1     64545.0000000000       0.00000000000000       0.00000000000000       0.00000000000000
    1     -1     64545.0000000000       0.53068835968116       0.27994609299753      -0.00022179796089
    1     -1     64546.0000000000       0.53068835968116       0.27994609299753      -0.00022179796089
    1     -1     64547.0000000000       0.53068835968116       0.27994609299753      -0.00022179796089
    1     -1     64547.0000000000       0.00000000000000       0.00000000000000       0.00000000000000
    1     -1     64547.0000000000       0.00000000000000       0.00000000000000       0.00000000000000
    1     -1     64547.0000000000       0.52988593443186       0.28146043827362      -0.00095784032622
    1     -1     64548.0000000000       0.52988593443186       0.28146043827362      -0.00095784032622
    1     -1     64549.0000000000       0.52988593443186       0.28146043827362      -0.00095784032622
    1     -1     64549.0000000000       0.00000000000000       0.00000000000000       0.00000000000000
    1     -1     64549.0000000000       0.00000000000000       0.00000000000000       0.00000000000000
    1     -1     64549.0000000000       0.52907549056551       0.28297767578389      -0.00166119559903
    1     -1     64550.0000000000       0.52907549056551       0.28297767578389      -0.00166119559903
    1     -1     64551.0000000000       0.52907549056551       0.28297767578389      -0.00166119559903
    1     -1     64551.0000000000       0.00000000000000       0.00000000000000       0.00000000000000
    1     -1     64551.0000000000       0.00000000000000       0.00000000000000       0.00000000000000
    1     -1     64551.0000000000       0.52825685005534       0.28449824871108      -0.00233369448239
    1     -1     64552.0000000000       0.52825685005534       0.28449824871108      -0.00233369448239
    1     -1     64553.0000000000       0.52825685005534       0.28449824871108      -0.00233369448239
    1     -1     64553.0000000000       0.00000000000000       0.00000000000000       0.00000000000000
    1     -1     64553.0000000000       0.00000000000000       0.00000000000000       0.00000000000000
    1     -1     64553.0000000000       0.52742984852440       0.28602253658274      -0.00297703414500
    1     -1     64554.0000000000       0.52742984852440       0.28602253658274      -0.00297703414500
    1     -1     64555.0000000000       0.52742984852440       0.28602253658274      -0.00297703414500
    1     -1     64555.0000000000       0.00000000000000       0.00000000000000       0.00000000000000
    1     -1     64555.0000000000       0.00000000000000       0.00000000000000       0.00000000000000
    1     -1     64555.0000000000       0.52659433418781       0.28755086217775      -0.00359279029832
    1     -1     64556.0000000000       0.52659433418781       0.28755086217775      -0.00359279029832
    1     -1     64557.0000000000       0.52659433418781       0.28755086217775      -0.00359279029832
    1     -1     64557.0000000000       0.00000000000000       0.00000000000000       0.00000000000000
    1     -1     64557.0000000000       0.00000000000000       0.00000000000000       0.00000000000000
    1     -1     64557.0000000000       0.52575016689476       0.28908349760253      -0.00418242800536
    1     -1     64558.0000000000       0.52575016689476       0.28908349760253      -0.00418242800536
    1     -1     64559.0000000000       0.52575016689476       0.28908349760253      -0.00418242800536
    1     -1     64559.0000000000       0.00000000000000       0.00000000000000       0.00000000000000
    1     -1     64559.0000000000       0.00000000000000       0.00000000000000       0.00000000000000
    1     -1     64559.0000000000       0.52489721714143       0.29062066986571      -0.00474731123765
    1     -1     64560.0000000000       0.52489721714143       0.29062066986571      -0.00474731123765
    1     -1     64561.0000000000       0.52489721714143       0.29062066986571      -0.00474731123765
    1     -1     64561.0000000000       0.00000000000000       0.00000000000000       0.00000000000000
    1     -1     64561.0000000000       0.00000000000000       0.00000000000000       0.00000000000000
    1     -1     64561.0000000000       0.52403536525366       0.29216256566096      -0.00528871155091
    1     -1     64562.0000000000       0.52403536525366       0.29216256566096      -0.00528871155091
    1     -1     64563.0000000000       0.52403536525366       0.29216256566096      -0.00528871155091
    1     -1     64563.0000000000       0.00000000000000       0.00000000000000       0.00000000000000
    1     -1     64563.0000000000       0.00000000000000       0.00000000000000       0.00000000000000
    1     -1     64563.0000000000       0.52316450061728       0.29370933565119      -0.00580781587261
    1     -1     64564.0000000000       0.52316450061728       0.29370933565119      -0.00580781587261
    1     -1     64565.0000000000       0.52316450061728       0.29370933565119      -0.00580781587261
    1     -1     64565.0000000000       0.00000000000000       0.00000000000000       0.00000000000000
    1     -1     64565.0000000000       0.00000000000000       0.00000000000000       0.00000000000000
    1     -1     64565.0000000000       0.52228452085323       0.29526109849379      -0.00630573337144
    1     -1     64566.0000000000       0.52228452085323       0.29526109849379      -0.00630573337144
    1     -1     64567.0000000000       0.52228452085323       0.29526109849379      -0.00630573337144
    1     -1     64567.0000000000       0.00000000000000       0.00000000000000       0.00000000000000
    1     -1     64567.0000000000       0.00000000000000       0.00000000000000       0.00000000000000
    1     -1     64567.0000000000       0.52139533126370       0.29681794406415      -0.00678350189435
    1     -1     64568.0000000000       0.52139533126370       0.29681794406415      -0.00678350189435
    1     -1     64569.0000000000       0.52139533126370       0.29681794406415      -0.00678350189435
    1     -1     64569.0000000000       0.00000000000000       0.00000000000000       0.00000000000000
    1     -1     64569.0000000000       0.00000000000000       0.00000000000000       0.00000000000000
    1     -1     64569.0000000000       0.52049684408594       0.29837993675526      -0.00724209351667
    1     -1     64570.0000000000       0.52049684408594       0.29837993675526      -0.00724209351667
    1     -1     64571.0000000000       0.52049684408594       0.29837993675526      -0.00724209351667
    1     -1     64571.0000000000       0.00000000000000       0.00000000000000       0.00000000000000
    1     -1     64571.0000000000       0.00000000000000       0.00000000000000       0.00000000000000
    1     -1     64571.0000000000       0.51958897799351       0.29994711809581      -0.00768241978027
    1     -1     64572.0000000000       0.51958897799351       0.29994711809581      -0.00768241978027
    1     -1     64573.0000000000       0.51958897799351       0.29994711809581      -0.00768241978027
    1     -1     64573.0000000000       0.00000000000000       0.00000000000000       0.00000000000000
    1     -1     64573.0000000000       0.00000000000000       0.00000000000000       0.00000000000000
    1     -1     64573.0000000000       0.51867165751887       0.30151950930244      -0.00810533630687
    1     -1     64574.0000000000       0.51867165751887       0.30151950930244      -0.00810533630687
    1     -1     64575.0000000000       0.51867165751887       0.30151950930244      -0.00810533630687
    1     -1     64575.0000000000       0.00000000000000       0.00000000000000       0.00000000000000
    1     -1     64575.0000000000       0.00000000000000       0.00000000000000       0.00000000000000
    1     -1     64575.0000000000       0.51774481257541       0.30309711347305      -0.00851164705359
    1     -1     64576.0000000000       0.51774481257541       0.30309711347305      -0.00851164705359
    1     -1     64577.0000000000       0.51774481257541       0.30309711347305      -0.00851164705359
    1     -1     64577.0000000000       0.00000000000000       0.00000000000000       0.00000000000000
    1     -1     64577.0000000000       0.00000000000000       0.00000000000000       0.00000000000000
    1     -1     64577.0000000000       0.51680837799419       0.30467991759450      -0.00890210815578
    1     -1     64578.0000000000       0.51680837799419       0.30467991759450      -0.00890210815578
    1     -1     64579.0000000000       0.51680837799419       0.30467991759450      -0.00890210815578
    1     -1     64579.0000000000       0.00000000000000       0.00000000000000       0.00000000000000
    1     -1     64579.0000000000       0.00000000000000       0.00000000000000       0.00000000000000
    1     -1     64579.0000000000       0.51586229310466       0.30626789433224      -0.00927743143879
    1     -1     64580.0000000000       0.51586229310466       0.30626789433224      -0.00927743143879
    1     -1     64581.0000000000       0.51586229310466       0.30626789433224      -0.00927743143879
    1     -1     64581.0000000000       0.00000000000000       0.00000000000000       0.00000000000000
    1     -1     64581.0000000000       0.00000000000000       0.00000000000000       0.00000000000000
    1     -1     64581.0000000000       0.51490650135317       0.30786100362959      -0.00963828762870
    1     -1     64582.0000000000       0.51490650135317       0.30786100362959      -0.00963828762870
    1     -1     64583.0000000000       0.51490650135317       0.30786100362959      -0.00963828762870
    1     -1     64583.0000000000       0.00000000000000       0.00000000000000       0.00000000000000
    1     -1     64583.0000000000       0.00000000000000       0.00000000000000       0.00000000000000
    1     -1     64583.0000000000       0.51394094993689       0.30945919417071      -0.00998530926795
    1     -1     64584.0000000000       0.51394094993689       0.30945919417071      -0.00998530926795
    1     -1     64585.0000000000       0.51394094993689       0.30945919417071      -0.00998530926795
    1     -1     64585.0000000000       0.00000000000000       0.00000000000000       0.00000000000000
    1     -1     64585.0000000000       0.00000000000000       0.00000000000000       0.00000000000000
    1     -1     64585.0000000000       0.51296558946893       0.31106240469149      -0.01031909338787
    1     -1     64586.0000000000       0.51296558946893       0.31106240469149      -0.01031909338787
    1     -1     64587.0000000000       0.51296558946893       0.31106240469149      -0.01031909338787
    1     -1     64587.0000000000       0.00000000000000       0.00000000000000       0.00000000000000
    1     -1     64587.0000000000       0.00000000000000       0.00000000000000       0.00000000000000
    1     -1     64587.0000000000       0.51198037367806       0.31267056514487      -0.01064020396722
    1     -1     64588.0000000000       0.51198037367806       0.31267056514487      -0.01064020396722
    1     -1     64589.0000000000       0.51198037367806       0.31267056514487      -0.01064020396722
    1     -1     64589.0000000000       0.00000000000000       0.00000000000000       0.00000000000000
    1     -1     64589.0000000000       0.00000000000000       0.00000000000000       0.00000000000000
    1     -1     64589.0000000000       0.51098525913085       0.31428359775142      -0.01094917418788
    1     -1     64590.0000000000       0.51098525913085       0.31428359775142      -0.01094917418788
    1     -1     64591.0000000000       0.51098525913085       0.31428359775142      -0.01094917418788
    1     -1     64591.0000000000       0.00000000000000       0.00000000000000       0.00000000000000
    1     -1     64591.0000000000       0.00000000000000       0.00000000000000       0.00000000000000
    1     -1     64591.0000000000       0.50998020496415       0.31590141796354      -0.01124650849583
    1     -1     64592.0000000000       0.50998020496415       0.31590141796354      -0.01124650849583
    1     -1     64593.0000000000       0.50998020496415       0.31590141796354      -0.01124650849583
    1     -1     64593.0000000000       0.00000000000000       0.00000000000000       0.00000000000000
    1     -1     64593.0000000000       0.00000000000000       0.00000000000000       0.00000000000000
    1     -1     64593.0000000000       0.50896517264565       0.31752393532145      -0.01153268449926
    1     -1     64594.0000000000       0.50896517264565       0.31752393532145      -0.01153268449926
    1     -1     64595.0000000000       0.50896517264565       0.31752393532145      -0.01153268449926
    1     -1     64595.0000000000       0.00000000000000       0.00000000000000       0.00000000000000
    1     -1     64595.0000000000       0.00000000000000       0.00000000000000       0.00000000000000
    1     -1     64595.0000000000       0.50794012575440       0.31915105422117      -0.01180815472974
    1     -1     64596.0000000000       0.50794012575440       0.31915105422117      -0.01180815472974
    1     -1     64597.0000000000       0.50794012575440       0.31915105422117      -0.01180815472974
    1     -1     64597.0000000000       0.00000000000000       0.00000000000000       0.00000000000000
    1     -1     64597.0000000000       0.00000000000000       0.00000000000000       0.00000000000000
    1     -1     64597.0000000000       0.50690502977481       0.32078267461176      -0.01207334824820
    1     -1     64598.0000000000       0.50690502977481       0.32078267461176      -0.01207334824820
    1     -1     64599.0000000000       0.50690502977481       0.32078267461176      -0.01207334824820
    1     -1     64599.0000000000       0.00000000000000       0.00000000000000       0.00000000000000
    1     -1     64599.0000000000       0.00000000000000       0.00000000000000       0.00000000000000
    1     -1     64599.0000000000       0.50585985190470       0.32241869262522      -0.01232867214265
    1     -1     64600.0000000000       0.50585985190470       0.32241869262522      -0.01232867214265
    1     -1     64601.0000000000       0.50585985190470       0.32241869262522      -0.01232867214265
    1     -1     64601.0000000000       0.00000000000000       0.00000000000000       0.00000000000000
    1     -1     64601.0000000000       0.00000000000000       0.00000000000000       0.00000000000000
    1     -1     64601.0000000000       0.50480456088267       0.32405900113611      -0.01257451290213
    1     -1     64602.0000000000       0.50480456088267       0.32405900113611      -0.01257451290213
    1     -1     64603.0000000000       0.50480456088267       0.32405900113611      -0.01257451290213
    1     -1     64603.0000000000       0.00000000000000       0.00000000000000       0.00000000000000
    1     -1     64603.0000000000       0.00000000000000       0.00000000000000       0.00000000000000
    1     -1     64603.0000000000       0.50373912682346       0.32570349027288      -0.01281123769194
    1     -1     64604.0000000000       0.50373912682346       0.32570349027288      -0.01281123769194
    1     -1     64605.0000000000       0.50373912682346       0.32570349027288      -0.01281123769194
    1     -1     64605.0000000000       0.00000000000000       0.00000000000000       0.00000000000000
    1     -1     64605.0000000000       0.00000000000000       0.00000000000000       0.00000000000000
    1     -1     64605.0000000000       0.50266352107016       0.32735204787071      -0.01303919553505
    1     -1     64606.0000000000       0.50266352107016       0.32735204787071      -0.01303919553505
    1     -1     64607.0000000000       0.50266352107016       0.32735204787071      -0.01303919553505
    1     -1     64607.0000000000       0.00000000000000       0.00000000000000       0.00000000000000
    1     -1     64607.0000000000       0.00000000000000       0.00000000000000       0.00000000000000
    1     -1     64607.0000000000       0.50157771606820       0.32900455986179      -0.01325871841328
    1     -1     64608.0000000000       0.50157771606820       0.32900455986179      -0.01325871841328
    1     -1     64609.0000000000       0.50157771606820       0.32900455986179      -0.01325871841328
    1     -1     64609.0000000000       0.00000000000000       0.00000000000000       0.00000000000000
    1     -1     64609.0000000000       0.00000000000000       0.00000000000000       0.00000000000000
    1     -1     64609.0000000000       0.50048168520419       0.33066091069441      -0.01347012226785
    1     -1     64610.0000000000       0.50048168520419       0.33066091069441      -0.01347012226785
    1     -1     64611.0000000000       0.50048168520419       0.33066091069441      -0.01347012226785
    1     -1     64611.0000000000       0.00000000000000       0.00000000000000       0.00000000000000
    1     -1     64611.0000000000       0.00000000000000       0.00000000000000       0.00000000000000
    1     -1     64611.0000000000       0.49937540271642       0.33232098361759      -0.01367370795528
    1     -1     64612.0000000000       0.49937540271642       0.33232098361759      -0.01367370795528
    1     -1     64613.0000000000       0.49937540271642       0.33232098361759      -0.01367370795528
    1     -1     64613.0000000000       0.00000000000000       0.00000000000000       0.00000000000000
    1     -1     64613.0000000000       0.00000000000000       0.00000000000000       0.00000000000000
    1     -1     64613.0000000000       0.49825884358461       0.33398466097751      -0.01386976212715
    1     -1     64614.0000000000       0.49825884358461       0.33398466097751      -0.01386976212715
    1     -1     64615.0000000000       0.49825884358461       0.33398466097751      -0.01386976212715
    1     -1     64615.0000000000       0.00000000000000       0.00000000000000       0.00000000000000
    1     -1     64615.0000000000       0.00000000000000       0.00000000000000       0.00000000000000
    1     -1     64615.0000000000       0.49713198341729       0.33565182449888      -0.01405855804006
    1     -1     64616.0000000000       0.49713198341729       0.33565182449888      -0.01405855804006
    1     -1     64617.0000000000       0.49713198341729       0.33565182449888      -0.01405855804006
    1     -1     64617.0000000000       0.00000000000000       0.00000000000000       0.00000000000000
    1     -1     64617.0000000000       0.00000000000000       0.00000000000000       0.00000000000000
    1     -1     64617.0000000000       0.49599479835034       0.33732235553179      -0.01424035631182
    1     -1     64618.0000000000       0.49599479835034       0.33732235553179      -0.01424035631182
    1     -1     64619.0000000000       0.49599479835034       0.33732235553179      -0.01424035631182
    1     -1     64619.0000000000       0.00000000000000       0.00000000000000       0.00000000000000
    1     -1     64619.0000000000       0.00000000000000       0.00000000000000       0.00000000000000
    1     -1     64619.0000000000       0.49484726499820       0.33899613520455      -0.01441540565423
    1     -1     64620.0000000000       0.49484726499820       0.33899613520455      -0.01441540565423
    1     -1     64621.0000000000       0.49484726499820       0.33899613520455      -0.01441540565423
    1     -1     64621.0000000000       0.00000000000000       0.00000000000000       0.00000000000000
    1     -1     64621.0000000000       0.00000000000000       0.00000000000000       0.00000000000000
    1     -1     64621.0000000000       0.49368936031368       0.34067304469996      -0.01458394349731
    1     -1     64622.0000000000       0.49368936031368       0.34067304469996      -0.01458394349731
    1     -1     64623.0000000000       0.49368936031368       0.34067304469996      -0.01458394349731
    1     -1     64623.0000000000       0.00000000000000       0.00000000000000       0.00000000000000
    1     -1     64623.0000000000       0.00000000000000       0.00000000000000       0.00000000000000
    1     -1     64623.0000000000       0.49252106156790       0.34235296533929      -0.01474619664269
    1     -1     64624.0000000000       0.49252106156790       0.34235296533929      -0.01474619664269
    1     -1     64625.0000000000       0.49252106156790       0.34235296533929      -0.01474619664269
    1     -1     64625.0000000000       0.00000000000000       0.00000000000000       0.00000000000000
    1     -1     64625.0000000000       0.00000000000000       0.00000000000000       0.00000000000000
    1     -1     64625.0000000000       0.49134234627088       0.34403577874500      -0.01490238183473
    1     -1     64626.0000000000       0.49134234627088       0.34403577874500      -0.01490238183473
    1     -1     64627.0000000000       0.49134234627088       0.34403577874500      -0.01490238183473
    1     -1     64627.0000000000       0.00000000000000       0.00000000000000       0.00000000000000
    1     -1     64627.0000000000       0.00000000000000       0.00000000000000       0.00000000000000
    1     -1     64627.0000000000       0.49015319208696       0.34572136700003      -0.01505270628825
    1     -1     64628.0000000000       0.49015319208696       0.34572136700003      -0.01505270628825
    1     -1     64629.0000000000       0.49015319208696       0.34572136700003      -0.01505270628825
    1     -1     64629.0000000000       0.00000000000000       0.00000000000000       0.00000000000000
    1     -1     64629.0000000000       0.00000000000000       0.00000000000000       0.00000000000000
    1     -1     64629.0000000000       0.48895357676945       0.34740961276933      -0.01519736818750
    1     -1     64630.0000000000       0.48895357676945       0.34740961276933      -0.01519736818750
    1     -1     64631.0000000000       0.48895357676945       0.34740961276933      -0.01519736818750
    1     -1     64631.0000000000       0.00000000000000       0.00000000000000       0.00000000000000
    1     -1     64631.0000000000       0.00000000000000       0.00000000000000       0.00000000000000
    1     -1     64631.0000000000       0.48774347813957       0.34910039934951      -0.01533655718623
    1     -1     64632.0000000000       0.48774347813957       0.34910039934951      -0.01533655718623
    1     -1     64633.0000000000       0.48774347813957       0.34910039934951      -0.01533655718623
    1     -1     64633.0000000000       0.00000000000000       0.00000000000000       0.00000000000000
    1     -1     64633.0000000000       0.00000000000000       0.00000000000000       0.00000000000000
    1     -1     64633.0000000000       0.48652287403536       0.35079361075583      -0.01547045484979
    1     -1     64634.0000000000       0.48652287403536       0.35079361075583      -0.01547045484979
    1     -1     64635.0000000000       0.48652287403536       0.35079361075583      -0.01547045484979
    1     -1     64635.0000000000       0.00000000000000       0.00000000000000       0.00000000000000
    1     -1     64635.0000000000       0.00000000000000       0.00000000000000       0.00000000000000
    1     -1     64635.0000000000       0.48529174223781       0.35248913183457      -0.01559923505503
    1     -1     64636.0000000000       0.48529174223781       0.35248913183457      -0.01559923505503
    1     -1     64637.0000000000       0.48529174223781       0.35248913183457      -0.01559923505503
    1     -1     64637.0000000000       0.00000000000000       0.00000000000000       0.00000000000000
    1     -1     64637.0000000000       0.00000000000000       0.00000000000000       0.00000000000000
    1     -1     64637.0000000000       0.48405006043452       0.35418684831554      -0.01572306438453
    1     -1     64638.0000000000       0.48405006043452       0.35418684831554      -0.01572306438453
    1     -1     64639.0000000000       0.48405006043452       0.35418684831554      -0.01572306438453
    1     -1     64639.0000000000       0.00000000000000       0.00000000000000       0.00000000000000
    1     -1     64639.0000000000       0.00000000000000       0.00000000000000       0.00000000000000
    1     -1     64639.0000000000       0.48279780618789       0.35588664685333      -0.01584210250108
    1     -1     64640.0000000000       0.48279780618789       0.35588664685333      -0.01584210250108
    1     -1     64641.0000000000       0.48279780618789       0.35588664685333      -0.01584210250108
    1     -1     64641.0000000000       0.00000000000000       0.00000000000000       0.00000000000000
    1     -1     64641.0000000000       0.00000000000000       0.00000000000000       0.00000000000000
    1     -1     64641.0000000000       0.48153495691496       0.35758841504812      -0.01595650250785
    1     -1     64642.0000000000       0.48153495691496       0.35758841504812      -0.01595650250785
    1     -1     64643.0000000000       0.48153495691496       0.35758841504812      -0.01595650250785
    1     -1     64643.0000000000       0.00000000000000       0.00000000000000       0.00000000000000
    1     -1     64643.0000000000       0.00000000000000       0.00000000000000       0.00000000000000
    1     -1     64643.0000000000       0.48026148980339       0.35929204155104      -0.01606641123322
    1     -1     64644.0000000000       0.48026148980339       0.35929204155104      -0.01606641123322
    1     -1     64645.0000000000       0.48026148980339       0.35929204155104      -0.01606641123322
    1     -1     64645.0000000000       0.00000000000000       0.00000000000000       0.00000000000000
    1     -1     64645.0000000000       0.00000000000000       0.00000000000000       0.00000000000000
    1     -1     64645.0000000000       0.47897738183831       0.36099741601175      -0.01617196958198
    1     -1     64646.0000000000       0.47897738183831       0.36099741601175      -0.01617196958198
    1     -1     64647.0000000000       0.47897738183831       0.36099741601175      -0.01617196958198
    1     -1     64647.0000000000       0.00000000000000       0.00000000000000       0.00000000000000
    1     -1     64647.0000000000       0.00000000000000       0.00000000000000       0.00000000000000
    1     -1     64647.0000000000       0.47768260974323       0.36270442914203      -0.01627331280506
    1     -1     64648.0000000000       0.47768260974323       0.36270442914203      -0.01627331280506
    1     -1     64649.0000000000       0.47768260974323       0.36270442914203      -0.01627331280506
    1     -1     64649.0000000000       0.00000000000000       0.00000000000000       0.00000000000000
    1     -1     64649.0000000000       0.00000000000000       0.00000000000000       0.00000000000000
    1     -1     64649.0000000000       0.47637714993405       0.36441297275769      -0.01637057074786
    1     -1     64650.0000000000       0.47637714993405       0.36441297275769      -0.01637057074786
    1     -1     64651.0000000000       0.47637714993405       0.36441297275769      -0.01637057074786
    1     -1     64651.0000000000       0.00000000000000       0.00000000000000       0.00000000000000
    1     -1     64651.0000000000       0.00000000000000       0.00000000000000       0.00000000000000
    1     -1     64651.0000000000       0.47506097856086       0.36612293969891      -0.01646386816707
    1     -1     64652.0000000000       0.47506097856086       0.36612293969891      -0.01646386816707
    1     -1     64653.0000000000       0.47506097856086       0.36612293969891      -0.01646386816707
    1     -1     64653.0000000000       0.00000000000000       0.00000000000000       0.00000000000000
    1     -1     64653.0000000000       0.00000000000000       0.00000000000000       0.00000000000000
    1     -1     64653.0000000000       0.47373407143181       0.36783422390877      -0.01655332492496
    1     -1     64654.0000000000       0.47373407143181       0.36783422390877      -0.01655332492496
    1     -1     64655.0000000000       0.47373407143181       0.36783422390877      -0.01655332492496
    1     -1     64655.0000000000       0.00000000000000       0.00000000000000       0.00000000000000
    1     -1     64655.0000000000       0.00000000000000       0.00000000000000       0.00000000000000
    1     -1     64655.0000000000       0.47239640394279       0.36954672049866      -0.01663905618132
    1     -1     64656.0000000000       0.47239640394279       0.36954672049866      -0.01663905618132
    1     -1     64657.0000000000       0.47239640394279       0.36954672049866      -0.01663905618132
    1     -1     64657.0000000000       0.00000000000000       0.00000000000000       0.00000000000000
    1     -1     64657.0000000000       0.00000000000000       0.00000000000000       0.00000000000000
    1     -1     64657.0000000000       0.47104795119404       0.37126032556534      -0.01672117271655
    1     -1     64658.0000000000       0.47104795119404       0.37126032556534      -0.01672117271655
    1     -1     64659.0000000000       0.47104795119404       0.37126032556534      -0.01672117271655
    1     -1     64659.0000000000       0.00000000000000       0.00000000000000       0.00000000000000
    1     -1     64659.0000000000       0.00000000000000       0.00000000000000       0.00000000000000
    1     -1     64659.0000000000       0.46968868788577       0.37297493630041      -0.01679978106550
    1     -1     64660.0000000000       0.46968868788577       0.37297493630041      -0.01679978106550
    1     -1     64661.0000000000       0.46968868788577       0.37297493630041      -0.01679978106550
    1     -1     64661.0000000000       0.00000000000000       0.00000000000000       0.00000000000000
    1     -1     64661.0000000000       0.00000000000000       0.00000000000000       0.00000000000000
    1     -1     64661.0000000000       0.46831858828437       0.37469045100274      -0.01687498369462
    1     -1     64662.0000000000       0.46831858828437       0.37469045100274      -0.01687498369462
    1     -1     64663.0000000000       0.46831858828437       0.37469045100274      -0.01687498369462
    1     -1     64663.0000000000       0.00000000000000       0.00000000000000       0.00000000000000
    1     -1     64663.0000000000       0.00000000000000       0.00000000000000       0.00000000000000
    1     -1     64663.0000000000       0.46693762625944       0.37640676899801      -0.01694687923119
    1     -1     64664.0000000000       0.46693762625944       0.37640676899801      -0.01694687923119
    1     -1     64665.0000000000       0.46693762625944       0.37640676899801      -0.01694687923119
    1     -1     64665.0000000000       0.00000000000000       0.00000000000000       0.00000000000000
    1     -1     64665.0000000000       0.00000000000000       0.00000000000000       0.00000000000000
    1     -1     64665.0000000000       0.46554577524794       0.37812379065307      -0.01701556261043
    1     -1     64666.0000000000       0.46554577524794       0.37812379065307      -0.01701556261043
    1     -1     64667.0000000000       0.46554577524794       0.37812379065307      -0.01701556261043
    1     -1     64667.0000000000       0.00000000000000       0.00000000000000       0.00000000000000
    1     -1     64667.0000000000       0.00000000000000       0.00000000000000       0.00000000000000
    1     -1     64667.0000000000       0.46414300825040       0.37984141734730      -0.01708112525180
    1     -1     64668.0000000000       0.46414300825040       0.37984141734730      -0.01708112525180
    1     -1     64669.0000000000       0.46414300825040       0.37984141734730      -0.01708112525180
    1     -1     64669.0000000000       0.00000000000000       0.00000000000000       0.00000000000000
    1     -1     64669.0000000000       0.00000000000000       0.00000000000000       0.00000000000000
    1     -1     64669.0000000000       0.46272929781398       0.38155955146052      -0.01714365520597
    1     -1     64670.0000000000       0.46272929781398       0.38155955146052      -0.01714365520597
    1     -1     64671.0000000000       0.46272929781398       0.38155955146052      -0.01714365520597
    1     -1     64671.0000000000       0.00000000000000       0.00000000000000       0.00000000000000
    1     -1     64671.0000000000       0.00000000000000       0.00000000000000       0.00000000000000
    1     -1     64671.0000000000       0.46130461599274       0.38327809638833      -0.01720323727465
    1     -1     64672.0000000000       0.46130461599274       0.38327809638833      -0.01720323727465
    1     -1     64673.0000000000       0.46130461599274       0.38327809638833      -0.01720323727465
    1     -1     64673.0000000000       0.00000000000000       0.00000000000000       0.00000000000000
    1     -1     64673.0000000000       0.00000000000000       0.00000000000000       0.00000000000000
    1     -1     64673.0000000000       0.45986893441407       0.38499695642399      -0.01725995321916
    1     -1     64674.0000000000       0.45986893441407       0.38499695642399      -0.01725995321916
    1     -1     64675.0000000000       0.45986893441407       0.38499695642399      -0.01725995321916
    1     -1     64675.0000000000       0.00000000000000       0.00000000000000       0.00000000000000
    1     -1     64675.0000000000       0.00000000000000       0.00000000000000       0.00000000000000
    1     -1     64675.0000000000       0.45842222422593       0.38671603679065      -0.01731388184923
    1     -1     64676.0000000000       0.45842222422593       0.38671603679065      -0.01731388184923
    1     -1     64677.0000000000       0.45842222422593       0.38671603679065      -0.01731388184923
    1     -1     64677.0000000000       0.00000000000000       0.00000000000000       0.00000000000000
    1     -1     64677.0000000000       0.00000000000000       0.00000000000000       0.00000000000000
    1     -1     64677.0000000000       0.45696445605090       0.38843524366210      -0.01736509911484
    1     -1     64678.0000000000       0.45696445605090       0.38843524366210      -0.01736509911484
    1     -1     64679.0000000000       0.45696445605090       0.38843524366210      -0.01736509911484
    1     -1     64679.0000000000       0.00000000000000       0.00000000000000       0.00000000000000
    1     -1     64679.0000000000       0.00000000000000       0.00000000000000       0.00000000000000
    1     -1     64679.0000000000       0.45549560005561       0.39015448404220      -0.01741367829449
    1     -1     64680.0000000000       0.45549560005561       0.39015448404220      -0.01741367829449
    1     -1     64681.0000000000       0.45549560005561       0.39015448404220      -0.01741367829449
    1     -1     64681.0000000000       0.00000000000000       0.00000000000000       0.00000000000000
    1     -1     64681.0000000000       0.00000000000000       0.00000000000000       0.00000000000000
    1     -1     64681.0000000000       0.45401562591257       0.39187366577726      -0.01745969007485
    1     -1     64682.0000000000       0.45401562591257       0.39187366577726      -0.01745969007485
    1     -1     64683.0000000000       0.45401562591257       0.39187366577726      -0.01745969007485
    1     -1     64683.0000000000       0.00000000000000       0.00000000000000       0.00000000000000
    1     -1     64683.0000000000       0.00000000000000       0.00000000000000       0.00000000000000
    1     -1     64683.0000000000       0.45252450278340       0.39359269754099      -0.01750320265117
    1     -1     64684.0000000000       0.45252450278340       0.39359269754099      -0.01750320265117
    1     -1     64685.0000000000       0.45252450278340       0.39359269754099      -0.01750320265117
    1     -1     64685.0000000000       0.00000000000000       0.00000000000000       0.00000000000000
    1     -1     64685.0000000000       0.00000000000000       0.00000000000000       0.00000000000000
    1     -1     64685.0000000000       0.45102219931364       0.39531148880544      -0.01754428182388
    1     -1     64686.0000000000       0.45102219931364       0.39531148880544      -0.01754428182388
    1     -1     64687.0000000000       0.45102219931364       0.39531148880544      -0.01754428182388
    1     -1     64687.0000000000       0.00000000000000       0.00000000000000       0.00000000000000
    1     -1     64687.0000000000       0.00000000000000       0.00000000000000       0.00000000000000
    1     -1     64687.0000000000       0.44950868368765       0.39702994974118      -0.01758299115384
    1     -1     64688.0000000000       0.44950868368765       0.39702994974118      -0.01758299115384
    1     -1     64689.0000000000       0.44950868368765       0.39702994974118      -0.01758299115384
    1     -1     64689.0000000000       0.00000000000000       0.00000000000000       0.00000000000000
    1     -1     64689.0000000000       0.00000000000000       0.00000000000000       0.00000000000000
    1     -1     64689.0000000000       0.44798392356434       0.39874799125982      -0.01761939199171
    1     -1     64690.0000000000       0.44798392356434       0.39874799125982      -0.01761939199171
    1     -1     64691.0000000000       0.44798392356434       0.39874799125982      -0.01761939199171
    1     -1     64691.0000000000       0.00000000000000       0.00000000000000       0.00000000000000
    1     -1     64691.0000000000       0.00000000000000       0.00000000000000       0.00000000000000
    1     -1     64691.0000000000       0.44644788606364       0.40046552499444      -0.01765354356031
    1     -1     64692.0000000000       0.44644788606364       0.40046552499444      -0.01765354356031
    1     -1     64693.0000000000       0.44644788606364       0.40046552499444      -0.01765354356031
    1     -1     64693.0000000000       0.00000000000000       0.00000000000000       0.00000000000000
    1     -1     64693.0000000000       0.00000000000000       0.00000000000000       0.00000000000000
    1     -1     64693.0000000000       0.44490053781652       0.40218246320728      -0.01768550307724
    1     -1     64694.0000000000       0.44490053781652       0.40218246320728      -0.01768550307724
    1     -1     64695.0000000000       0.44490053781652       0.40218246320728      -0.01768550307724
    1     -1     64695.0000000000       0.00000000000000       0.00000000000000       0.00000000000000
    1     -1     64695.0000000000       0.00000000000000       0.00000000000000       0.00000000000000
    1     -1     64695.0000000000       0.44334184499922       0.40389871871724      -0.01771532588641
    1     -1     64696.0000000000       0.44334184499922       0.40389871871724      -0.01771532588641
    1     -1     64697.0000000000       0.44334184499922       0.40389871871724      -0.01771532588641
    1     -1     64697.0000000000       0.00000000000000       0.00000000000000       0.00000000000000
    1     -1     64697.0000000000       0.00000000000000       0.00000000000000       0.00000000000000
    1     -1     64697.0000000000       0.44177177323103       0.40561420498543      -0.01774306541579
    1     -1     64698.0000000000       0.44177177323103       0.40561420498543      -0.01774306541579
    1     -1     64699.0000000000       0.44177177323103       0.40561420498543      -0.01774306541579
    1     -1     64699.0000000000       0.00000000000000       0.00000000000000       0.00000000000000
    1     -1     64699.0000000000       0.00000000000000       0.00000000000000       0.00000000000000
    1     -1     64699.0000000000       0.44019028758319       0.40732883607004      -0.01776877326240
    1     -1     64700.0000000000       0.44019028758319       0.40732883607004      -0.01776877326240
    1     -1     64701.0000000000       0.44019028758319       0.40732883607004      -0.01776877326240
    1     -1     64701.0000000000       0.00000000000000       0.00000000000000       0.00000000000000
    1     -1     64701.0000000000       0.00000000000000       0.00000000000000       0.00000000000000
    1     -1     64701.0000000000       0.43859735270176       0.40904252645486      -0.01779249938706
    1     -1     64702.0000000000       0.43859735270176       0.40904252645486      -0.01779249938706
    1     -1     64703.0000000000       0.43859735270176       0.40904252645486      -0.01779249938706
    1     -1     64703.0000000000       0.00000000000000       0.00000000000000       0.00000000000000
    1     -1     64703.0000000000       0.00000000000000       0.00000000000000       0.00000000000000
    1     -1     64703.0000000000       0.43699293270711       0.41075519113172      -0.01781429208216
    1     -1     64704.0000000000       0.43699293270711       0.41075519113172      -0.01781429208216
    1     -1     64705.0000000000       0.43699293270711       0.41075519113172      -0.01781429208216
    1     -1     64705.0000000000       0.00000000000000       0.00000000000000       0.00000000000000
    1     -1     64705.0000000000       0.00000000000000       0.00000000000000       0.00000000000000
    1     -1     64705.0000000000       0.43537699119191       0.41246674557109      -0.01783419801050
    1     -1     64706.0000000000       0.43537699119191       0.41246674557109      -0.01783419801050
    1     -1     64707.0000000000       0.43537699119191       0.41246674557109      -0.01783419801050
    1     -1     64707.0000000000       0.00000000000000       0.00000000000000       0.00000000000000
    1     -1     64707.0000000000       0.00000000000000       0.00000000000000       0.00000000000000
    1     -1     64707.0000000000       0.43374949130723       0.41417710559457      -0.01785226237836
    1     -1     64708.0000000000       0.43374949130723       0.41417710559457      -0.01785226237836
    1     -1     64709.0000000000       0.43374949130723       0.41417710559457      -0.01785226237836
    1     -1     64709.0000000000       0.00000000000000       0.00000000000000       0.00000000000000
    1     -1     64709.0000000000       0.00000000000000       0.00000000000000       0.00000000000000
    1     -1     64709.0000000000       0.43211039564496       0.41588618747531      -0.01786852883735
    1     -1     64710.0000000000       0.43211039564496       0.41588618747531      -0.01786852883735
    1     -1     64711.0000000000       0.43211039564496       0.41588618747531      -0.01786852883735
    1     -1     64711.0000000000       0.00000000000000       0.00000000000000       0.00000000000000
    1     -1     64711.0000000000       0.00000000000000       0.00000000000000       0.00000000000000
    1     -1     64711.0000000000       0.43045966638445       0.41759390774588      -0.01788303972237
    1     -1     64712.0000000000       0.43045966638445       0.41759390774588      -0.01788303972237
    1     -1     64713.0000000000       0.43045966638445       0.41759390774588      -0.01788303972237
    1     -1     64713.0000000000       0.00000000000000       0.00000000000000       0.00000000000000
    1     -1     64713.0000000000       0.00000000000000       0.00000000000000       0.00000000000000
    1     -1     64713.0000000000       0.42879726513195       0.41930018334506      -0.01789583588889
    1     -1     64714.0000000000       0.42879726513195       0.41930018334506      -0.01789583588889
    1     -1     64715.0000000000       0.42879726513195       0.41930018334506      -0.01789583588889
    1     -1     64715.0000000000       0.00000000000000       0.00000000000000       0.00000000000000
    1     -1     64715.0000000000       0.00000000000000       0.00000000000000       0.00000000000000
    1     -1     64715.0000000000       0.42712315309869       0.42100493139448      -0.01790695698777
    1     -1     64716.0000000000       0.42712315309869       0.42100493139448      -0.01790695698777
    1     -1     64717.0000000000       0.42712315309869       0.42100493139448      -0.01790695698777
    1     -1     64717.0000000000       0.00000000000000       0.00000000000000       0.00000000000000
    1     -1     64717.0000000000       0.00000000000000       0.00000000000000       0.00000000000000
    1     -1     64717.0000000000       0.42543729101382       0.42270806926580      -0.01791644139903
    1     -1     64718.0000000000       0.42543729101382       0.42270806926580      -0.01791644139903
    1     -1     64719.0000000000       0.42543729101382       0.42270806926580      -0.01791644139903
    1     -1     64719.0000000000       0.00000000000000       0.00000000000000       0.00000000000000
    1     -1     64719.0000000000       0.00000000000000       0.00000000000000       0.00000000000000
    1     -1     64719.0000000000       0.42373963906219       0.42440951461835      -0.01792432617587
    1     -1     64720.0000000000       0.42373963906219       0.42440951461835      -0.01792432617587
    1     -1     64721.0000000000       0.42373963906219       0.42440951461835      -0.01792432617587
    1     -1     64721.0000000000       0.00000000000000       0.00000000000000       0.00000000000000
    1     -1     64721.0000000000       0.00000000000000       0.00000000000000       0.00000000000000
    1     -1     64721.0000000000       0.42203015707243       0.42610918517121      -0.01793064734319
    1     -1     64722.0000000000       0.42203015707243       0.42610918517121      -0.01793064734319
    1     -1     64723.0000000000       0.42203015707243       0.42610918517121      -0.01793064734319
    1     -1     64723.0000000000       0.00000000000000       0.00000000000000       0.00000000000000
    1     -1     64723.0000000000       0.00000000000000       0.00000000000000       0.00000000000000
    1     -1     64723.0000000000       0.42030880438535       0.42780699881720      -0.01793543975405
    1     -1     64724.0000000000       0.42030880438535       0.42780699881720      -0.01793543975405
    1     -1     64725.0000000000       0.42030880438535       0.42780699881720      -0.01793543975405
    1     -1     64725.0000000000       0.00000000000000       0.00000000000000       0.00000000000000
    1     -1     64725.0000000000       0.00000000000000       0.00000000000000       0.00000000000000
    1     -1     64725.0000000000       0.41857553984583       0.42950287360467      -0.01793873708209
    1     -1     64726.0000000000       0.41857553984583       0.42950287360467      -0.01793873708209
    1     -1     64727.0000000000       0.41857553984583       0.42950287360467      -0.01793873708209
    1     -1     64727.0000000000       0.00000000000000       0.00000000000000       0.00000000000000
    1     -1     64727.0000000000       0.00000000000000       0.00000000000000       0.00000000000000
    1     -1     64727.0000000000       0.41683032193142       0.43119672757627      -0.01794057206634
    1     -1     64728.0000000000       0.41683032193142       0.43119672757627      -0.01794057206634
    1     -1     64729.0000000000       0.41683032193142       0.43119672757627      -0.01794057206634
    1     -1     64729.0000000000       0.00000000000000       0.00000000000000       0.00000000000000
    1     -1     64729.0000000000       0.00000000000000       0.00000000000000       0.00000000000000
    1     -1     64729.0000000000       0.41507310866387       0.43288847883766      -0.01794097638716
    1     -1     64730.0000000000       0.41507310866387       0.43288847883766      -0.01794097638716
    1     -1     64731.0000000000       0.41507310866387       0.43288847883766      -0.01794097638716
    1     -1     64731.0000000000       0.00000000000000       0.00000000000000       0.00000000000000
    1     -1     64731.0000000000       0.00000000000000       0.00000000000000       0.00000000000000
    1     -1     64731.0000000000       0.41330385761801       0.43457804552298      -0.01793998069932
    1     -1     64732.0000000000       0.41330385761801       0.43457804552298      -0.01793998069932
    1     -1     64733.0000000000       0.41330385761801       0.43457804552298      -0.01793998069932
    1     -1     64733.0000000000       0.00000000000000       0.00000000000000       0.00000000000000
    1     -1     64733.0000000000       0.00000000000000       0.00000000000000       0.00000000000000
    1     -1     64733.0000000000       0.41152252602406       0.43626534566595      -0.01793761482863
    1     -1     64734.0000000000       0.41152252602406       0.43626534566595      -0.01793761482863
    1     -1     64735.0000000000       0.41152252602406       0.43626534566595      -0.01793761482863
    1     -1     64735.0000000000       0.00000000000000       0.00000000000000       0.00000000000000
    1     -1     64735.0000000000       0.00000000000000       0.00000000000000       0.00000000000000
    1     -1     64735.0000000000       0.40972907065463       0.43795029729310      -0.01793390758790
    1     -1     64736.0000000000       0.40972907065463       0.43795029729310      -0.01793390758790
    1     -1     64737.0000000000       0.40972907065463       0.43795029729310      -0.01793390758790
    1     -1     64737.0000000000       0.00000000000000       0.00000000000000       0.00000000000000
    1     -1     64737.0000000000       0.00000000000000       0.00000000000000       0.00000000000000
    1     -1     64737.0000000000       0.40792344794084       0.43963281828223      -0.01792888700626
    1     -1     64738.0000000000       0.40792344794084       0.43963281828223      -0.01792888700626
    1     -1     64739.0000000000       0.40792344794084       0.43963281828223      -0.01792888700626
    1     -1     64739.0000000000       0.00000000000000       0.00000000000000       0.00000000000000
    1     -1     64739.0000000000       0.00000000000000       0.00000000000000       0.00000000000000
    1     -1     64739.0000000000       0.40610561388447       0.44131282643008      -0.01792258016604
    1     -1     64740.0000000000       0.40610561388447       0.44131282643008      -0.01792258016604
    1     -1     64741.0000000000       0.40610561388447       0.44131282643008      -0.01792258016604
    1     -1     64741.0000000000       0.00000000000000       0.00000000000000       0.00000000000000
    1     -1     64741.0000000000       0.00000000000000       0.00000000000000       0.00000000000000
    1     -1     64741.0000000000       0.40427552411954       0.44299023936866      -0.01791501331191
    1     -1     64742.0000000000       0.40427552411954       0.44299023936866      -0.01791501331191
    1     -1     64743.0000000000       0.40427552411954       0.44299023936866      -0.01791501331191
    1     -1     64743.0000000000       0.00000000000000       0.00000000000000       0.00000000000000
    1     -1     64743.0000000000       0.00000000000000       0.00000000000000       0.00000000000000
    1     -1     64743.0000000000       0.40243313401065       0.44466497444517      -0.01790621210767
    1     -1     64744.0000000000       0.40243313401065       0.44466497444517      -0.01790621210767
    1     -1     64745.0000000000       0.40243313401065       0.44466497444517      -0.01790621210767
    1     -1     64745.0000000000       0.00000000000000       0.00000000000000       0.00000000000000
    1     -1     64745.0000000000       0.00000000000000       0.00000000000000       0.00000000000000
    1     -1     64745.0000000000       0.40057839845092       0.44633694890601      -0.01789620115472
    1     -1     64746.0000000000       0.40057839845092       0.44633694890601      -0.01789620115472
    1     -1     64747.0000000000       0.40057839845092       0.44633694890601      -0.01789620115472
    1     -1     64747.0000000000       0.00000000000000       0.00000000000000       0.00000000000000
    1     -1     64747.0000000000       0.00000000000000       0.00000000000000       0.00000000000000
    1     -1     64747.0000000000       0.39871127210548       0.44800607963287      -0.01788500455721
    1     -1     64748.0000000000       0.39871127210548       0.44800607963287      -0.01788500455721
    1     -1     64749.0000000000       0.39871127210548       0.44800607963287      -0.01788500455721
    1     -1     64749.0000000000       0.00000000000000       0.00000000000000       0.00000000000000
    1     -1     64749.0000000000       0.00000000000000       0.00000000000000       0.00000000000000
    1     -1     64749.0000000000       0.39683170927435       0.44967228326155      -0.01787264559988
    1     -1     64750.0000000000       0.39683170927435       0.44967228326155      -0.01787264559988
    1     -1     64751.0000000000       0.39683170927435       0.44967228326155      -0.01787264559988
    1     -1     64751.0000000000       0.00000000000000       0.00000000000000       0.00000000000000
    1     -1     64751.0000000000       0.00000000000000       0.00000000000000       0.00000000000000
    1     -1     64751.0000000000       0.39493966395599       0.45133547610056      -0.01785914688362
    1     -1     64752.0000000000       0.39493966395599       0.45133547610056      -0.01785914688362
    1     -1     64753.0000000000       0.39493966395599       0.45133547610056      -0.01785914688362
    1     -1     64753.0000000000       0.00000000000000       0.00000000000000       0.00000000000000
    1     -1     64753.0000000000       0.00000000000000       0.00000000000000       0.00000000000000
    1     -1     64753.0000000000       0.39303508986251       0.45299557410015      -0.01784453032298
    1     -1     64754.0000000000       0.39303508986251       0.45299557410015      -0.01784453032298
    1     -1     64755.0000000000       0.39303508986251       0.45299557410015      -0.01784453032298
    1     -1     64755.0000000000       0.00000000000000       0.00000000000000       0.00000000000000
    1     -1     64755.0000000000       0.00000000000000       0.00000000000000       0.00000000000000
    1     -1     64755.0000000000       0.39111794043187       0.45465249282097      -0.01782881723522
    1     -1     64756.0000000000       0.39111794043187       0.45465249282097      -0.01782881723522
    1     -1     64757.0000000000       0.39111794043187       0.45465249282097      -0.01782881723522
    1     -1     64757.0000000000       0.00000000000000       0.00000000000000       0.00000000000000
    1     -1     64757.0000000000       0.00000000000000       0.00000000000000       0.00000000000000
    1     -1     64757.0000000000       0.38918816884997       0.45630614739943      -0.01781202831511
    1     -1     64758.0000000000       0.38918816884997       0.45630614739943      -0.01781202831511
    1     -1     64759.0000000000       0.38918816884997       0.45630614739943      -0.01781202831511
    1     -1     64759.0000000000       0.00000000000000       0.00000000000000       0.00000000000000
    1     -1     64759.0000000000       0.00000000000000       0.00000000000000       0.00000000000000
    1     -1     64759.0000000000       0.38724572802986       0.45795645255189      -0.01779418356399
    1     -1     64760.0000000000       0.38724572802986       0.45795645255189      -0.01779418356399
    1     -1     64761.0000000000       0.38724572802986       0.45795645255189      -0.01779418356399
    1     -1     64761.0000000000       0.00000000000000       0.00000000000000       0.00000000000000
    1     -1     64761.0000000000       0.00000000000000       0.00000000000000       0.00000000000000
    1     -1     64761.0000000000       0.38529057069264       0.45960332248033      -0.01777530253960
    1     -1     64762.0000000000       0.38529057069264       0.45960332248033      -0.01777530253960
    1     -1     64763.0000000000       0.38529057069264       0.45960332248033      -0.01777530253960
    1     -1     64763.0000000000       0.00000000000000       0.00000000000000       0.00000000000000
    1     -1     64763.0000000000       0.00000000000000       0.00000000000000       0.00000000000000
    1     -1     64763.0000000000       0.38332264933451       0.46124667089397      -0.01775540414647
    1     -1     64764.0000000000       0.38332264933451       0.46124667089397      -0.01775540414647
    1     -1     64765.0000000000       0.38332264933451       0.46124667089397      -0.01775540414647
    1     -1     64765.0000000000       0.00000000000000       0.00000000000000       0.00000000000000
    1     -1     64765.0000000000       0.00000000000000       0.00000000000000       0.00000000000000
    1     -1     64765.0000000000       0.38134191622835       0.46288641099077      -0.01773450668538
    1     -1     64766.0000000000       0.38134191622835       0.46288641099077      -0.01773450668538
    1     -1     64767.0000000000       0.38134191622835       0.46288641099077      -0.01773450668538
    1     -1     64767.0000000000       0.00000000000000       0.00000000000000       0.00000000000000
    1     -1     64767.0000000000       0.00000000000000       0.00000000000000       0.00000000000000
    1     -1     64767.0000000000       0.37934832350292       0.46452245537140      -0.01771262801644
    1     -1     64768.0000000000       0.37934832350292       0.46452245537140      -0.01771262801644
    1     -1     64769.0000000000       0.37934832350292       0.46452245537140      -0.01771262801644
    1     -1     64769.0000000000       0.00000000000000       0.00000000000000       0.00000000000000
    1     -1     64769.0000000000       0.00000000000000       0.00000000000000       0.00000000000000
    1     -1     64769.0000000000       0.37734182314601       0.46615471602398      -0.01768978556807
    1     -1     64770.0000000000       0.37734182314601       0.46615471602398      -0.01768978556807
    1     -1     64771.0000000000       0.37734182314601       0.46615471602398      -0.01768978556807
    1     -1     64771.0000000000       0.00000000000000       0.00000000000000       0.00000000000000
    1     -1     64771.0000000000       0.00000000000000       0.00000000000000       0.00000000000000
    1     -1     64771.0000000000       0.37532236694885       0.46778310436881      -0.01766599600916
    1     -1     64772.0000000000       0.37532236694885       0.46778310436881      -0.01766599600916
    1     -1     64773.0000000000       0.37532236694885       0.46778310436881      -0.01766599600916
    1     -1     64773.0000000000       0.00000000000000       0.00000000000000       0.00000000000000
    1     -1     64773.0000000000       0.00000000000000       0.00000000000000       0.00000000000000
    1     -1     64773.0000000000       0.37328990664390       0.46940753111282      -0.01764127581438
    1     -1     64774.0000000000       0.37328990664390       0.46940753111282      -0.01764127581438
    1     -1     64775.0000000000       0.37328990664390       0.46940753111282      -0.01764127581438
    1     -1     64775.0000000000       0.00000000000000       0.00000000000000       0.00000000000000
    1     -1     64775.0000000000       0.00000000000000       0.00000000000000       0.00000000000000
    1     -1     64775.0000000000       0.37124439383898       0.47102790630784      -0.01761564084513
    1     -1     64776.0000000000       0.37124439383898       0.47102790630784      -0.01761564084513
    1     -1     64777.0000000000       0.37124439383898       0.47102790630784      -0.01761564084513
    1     -1     64777.0000000000       0.00000000000000       0.00000000000000       0.00000000000000
    1     -1     64777.0000000000       0.00000000000000       0.00000000000000       0.00000000000000
    1     -1     64777.0000000000       0.36918578005346       0.47264413930531      -0.01758910647697
    1     -1     64778.0000000000       0.36918578005346       0.47264413930531      -0.01758910647697
    1     -1     64779.0000000000       0.36918578005346       0.47264413930531      -0.01758910647697
    1     -1     64779.0000000000       0.00000000000000       0.00000000000000       0.00000000000000
    1     -1     64779.0000000000       0.00000000000000       0.00000000000000       0.00000000000000
    1     -1     64779.0000000000       0.36711401677509       0.47425613869717      -0.01756168771241
    1     -1     64780.0000000000       0.36711401677509       0.47425613869717      -0.01756168771241
    1     -1     64781.0000000000       0.36711401677509       0.47425613869717      -0.01756168771241
    1     -1     64781.0000000000       0.00000000000000       0.00000000000000       0.00000000000000
    1     -1     64781.0000000000       0.00000000000000       0.00000000000000       0.00000000000000
    1     -1     64781.0000000000       0.36502905544725       0.47586381231655      -0.01753339918122
    1     -1     64782.0000000000       0.36502905544725       0.47586381231655      -0.01753339918122
    1     -1     64783.0000000000       0.36502905544725       0.47586381231655      -0.01753339918122
    1     -1     64783.0000000000       0.00000000000000       0.00000000000000       0.00000000000000
    1     -1     64783.0000000000       0.00000000000000       0.00000000000000       0.00000000000000
    1     -1     64783.0000000000       0.36293084751658       0.47746706719607      -0.01750425502777
    1     -1     64784.0000000000       0.36293084751658       0.47746706719607      -0.01750425502777
    1     -1     64785.0000000000       0.36293084751658       0.47746706719607      -0.01750425502777
    1     -1     64785.0000000000       0.00000000000000       0.00000000000000       0.00000000000000
    1     -1     64785.0000000000       0.00000000000000       0.00000000000000       0.00000000000000
    1     -1     64785.0000000000       0.36081934441174       0.47906580957550      -0.01747426891312
    1     -1     64786.0000000000       0.36081934441174       0.47906580957550      -0.01747426891312
    1     -1     64787.0000000000       0.36081934441174       0.47906580957550      -0.01747426891312
    1     -1     64787.0000000000       0.00000000000000       0.00000000000000       0.00000000000000
    1     -1     64787.0000000000       0.00000000000000       0.00000000000000       0.00000000000000
    1     -1     64787.0000000000       0.35869449766109       0.48065994479213      -0.01744345436211
    1     -1     64788.0000000000       0.35869449766109       0.48065994479213      -0.01744345436211
    1     -1     64789.0000000000       0.35869449766109       0.48065994479213      -0.01744345436211
    1     -1     64789.0000000000       0.00000000000000       0.00000000000000       0.00000000000000
    1     -1     64789.0000000000       0.00000000000000       0.00000000000000       0.00000000000000
    1     -1     64789.0000000000       0.35655625879107       0.48224937736926      -0.01741182425455
    1     -1     64790.0000000000       0.35655625879107       0.48224937736926      -0.01741182425455
    1     -1     64791.0000000000       0.35655625879107       0.48224937736926      -0.01741182425455
    1     -1     64791.0000000000       0.00000000000000       0.00000000000000       0.00000000000000
    1     -1     64791.0000000000       0.00000000000000       0.00000000000000       0.00000000000000
    1     -1     64791.0000000000       0.35440457946276       0.48383401089244      -0.01737939123073
    1     -1     64792.0000000000       0.35440457946276       0.48383401089244      -0.01737939123073
    1     -1     64793.0000000000       0.35440457946276       0.48383401089244      -0.01737939123073
    1     -1     64793.0000000000       0.00000000000000       0.00000000000000       0.00000000000000
    1     -1     64793.0000000000       0.00000000000000       0.00000000000000       0.00000000000000
    1     -1     64793.0000000000       0.35223941145725       0.48541374801812      -0.01734616762416
    1     -1     64794.0000000000       0.35223941145725       0.48541374801812      -0.01734616762416
    1     -1     64795.0000000000       0.35223941145725       0.48541374801812      -0.01734616762416
    1     -1     64795.0000000000       0.00000000000000       0.00000000000000       0.00000000000000
    1     -1     64795.0000000000       0.00000000000000       0.00000000000000       0.00000000000000
    1     -1     64795.0000000000       0.35006070670596       0.48698849044969      -0.01731216537750
    1     -1     64796.0000000000       0.35006070670596       0.48698849044969      -0.01731216537750
    1     -1     64797.0000000000       0.35006070670596       0.48698849044969      -0.01731216537750
    1     -1     64797.0000000000       0.00000000000000       0.00000000000000       0.00000000000000
    1     -1     64797.0000000000       0.00000000000000       0.00000000000000       0.00000000000000
    1     -1     64797.0000000000       0.34786841731752       0.48855813891170      -0.01727739610405
    1     -1     64798.0000000000       0.34786841731752       0.48855813891170      -0.01727739610405
    1     -1     64799.0000000000       0.34786841731752       0.48855813891170      -0.01727739610405
    1     -1     64799.0000000000       0.00000000000000       0.00000000000000       0.00000000000000
    1     -1     64799.0000000000       0.00000000000000       0.00000000000000       0.00000000000000
    1     -1     64799.0000000000       0.34566249564572       0.49012259309949      -0.01724187105301
    1     -1     64800.0000000000       0.34566249564572       0.49012259309949      -0.01724187105301
    1     -1     64801.0000000000       0.34566249564572       0.49012259309949      -0.01724187105301
    1     -1     64801.0000000000       0.00000000000000       0.00000000000000       0.00000000000000
    1     -1     64801.0000000000       0.00000000000000       0.00000000000000       0.00000000000000
    1     -1     64801.0000000000       0.34344289433332       0.49168175164135      -0.01720560126374
    1     -1     64802.0000000000       0.34344289433332       0.49168175164135      -0.01720560126374
    1     -1     64803.0000000000       0.34344289433332       0.49168175164135      -0.01720560126374
    1     -1     64803.0000000000       0.00000000000000       0.00000000000000       0.00000000000000
    1     -1     64803.0000000000       0.00000000000000       0.00000000000000       0.00000000000000
    1     -1     64803.0000000000       0.34120956635289       0.49323551207317      -0.01716859747294
    1     -1     64804.0000000000       0.34120956635289       0.49323551207317      -0.01716859747294
    1     -1     64805.0000000000       0.34120956635289       0.49323551207317      -0.01716859747294
    1     -1     64805.0000000000       0.00000000000000       0.00000000000000       0.00000000000000
    1     -1     64805.0000000000       0.00000000000000       0.00000000000000       0.00000000000000
    1     -1     64805.0000000000       0.33896246503632       0.49478377080824      -0.01713087041807
    1     -1     64806.0000000000       0.33896246503632       0.49478377080824      -0.01713087041807
    1     -1     64807.0000000000       0.33896246503632       0.49478377080824      -0.01713087041807
    1     -1     64807.0000000000       0.00000000000000       0.00000000000000       0.00000000000000
    1     -1     64807.0000000000       0.00000000000000       0.00000000000000       0.00000000000000
    1     -1     64807.0000000000       0.33726953016197       0.49594029896122      -0.01710213935668
    1     -1     64808.0000000000       0.33726953016197       0.49594029896122      -0.01710213935668
    1     -1     64808.0000000000       0.00000000000000       0.00000000000000       0.00000000000000
    1  57530     64808.0000000000      145215176.369033158     -376380024.952837169         359155.019990534       15.5686613743514        6.6805157767681       -0.2187072111682        2537.5442166361
    1  57530     64808.0000000000      145215176.369033158     -376380024.952837169         359155.019990534       15.5686613743514        6.6805157767681       -0.2187072111682        2497.5442166361
    1     -1     64808.0000000000       0.00000000000000       0.00000000000000       0.00000000000000
    1     -1     64808.0000000000       0.32102529288617       0.50481486202524      -0.04587718044719
    1     -1     64809.0000000000       0.32102529288617       0.50481486202524      -0.04587718044719
    1     -1     64810.0000000000       0.32102529288617       0.50481486202524      -0.04587718044719
    1     -1     64810.0000000000       0.00000000000000       0.00000000000000       0.00000000000000
    1     -1     64810.0000000000       0.00000000000000       0.00000000000000       0.00000000000000
    1     -1     64810.0000000000       0.31961428411258       0.50490847725698      -0.05398275896283
    1     -1     64811.0000000000       0.31961428411258       0.50490847725698      -0.05398275896283
    1     -1     64812.0000000000       0.31961428411258       0.50490847725698      -0.05398275896283
    1     -1     64812.0000000000       0.00000000000000       0.00000000000000       0.00000000000000
    1     -1     64812.0000000000       0.00000000000000       0.00000000000000       0.00000000000000
    1     -1     64812.0000000000       0.31802153668782       0.50493294961888      -0.06249014219778
    1     -1     64813.0000000000       0.31802153668782       0.50493294961888      -0.06249014219778
    1     -1     64814.0000000000       0.31802153668782       0.50493294961888      -0.06249014219778
    1     -1     64814.0000000000       0.00000000000000       0.00000000000000       0.00000000000000
    1     -1     64814.0000000000       0.00000000000000       0.00000000000000       0.00000000000000
    1     -1     64814.0000000000       0.31622972604316       0.50487359532039      -0.07142417234334
    1     -1     64815.0000000000       0.31622972604316       0.50487359532039      -0.07142417234334
    1     -1     64816.0000000000       0.31622972604316       0.50487359532039      -0.07142417234334
    1     -1     64816.0000000000       0.00000000000000       0.00000000000000       0.00000000000000
    1     -1     64816.0000000000       0.00000000000000       0.00000000000000       0.00000000000000
    1     -1     64816.0000000000       0.31421960088488       0.50471341900314      -0.08081092981710
    1     -1     64817.0000000000       0.31421960088488       0.50471341900314      -0.08081092981710
    1     -1     64818.0000000000       0.31421960088488       0.50471341900314      -0.08081092981710
    1     -1     64818.0000000000       0.00000000000000       0.00000000000000       0.00000000000000
    1     -1     64818.0000000000       0.00000000000000       0.00000000000000       0.00000000000000
    1     -1     64818.0000000000       0.31196968847264       0.50443280157303      -0.09067778918491
    1     -1     64819.0000000000       0.31196968847264       0.50443280157303      -0.09067778918491
    1     -1     64820.0000000000       0.31196968847264       0.50443280157303      -0.09067778918491
    1     -1     64820.0000000000       0.00000000000000       0.00000000000000       0.00000000000000
    1     -1     64820.0000000000       0.00000000000000       0.00000000000000       0.00000000000000
    1     -1     64820.0000000000       0.30945604103949       0.50400910665914      -0.10105334407542
    1     -1     64821.0000000000       0.30945604103949       0.50400910665914      -0.10105334407542
    1     -1     64822.0000000000       0.30945604103949       0.50400910665914      -0.10105334407542
    1     -1     64822.0000000000       0.00000000000000       0.00000000000000       0.00000000000000
    1     -1     64822.0000000000       0.00000000000000       0.00000000000000       0.00000000000000
    1     -1     64822.0000000000       0.30665197548980       0.50341623430719      -0.11196722843836
    1     -1     64823.0000000000       0.30665197548980       0.50341623430719      -0.11196722843836
    1     -1     64824.0000000000       0.30665197548980       0.50341623430719      -0.11196722843836
    1     -1     64824.0000000000       0.00000000000000       0.00000000000000       0.00000000000000
    1     -1     64824.0000000000       0.00000000000000       0.00000000000000       0.00000000000000
    1     -1     64824.0000000000       0.30352779587858       0.50262412322222      -0.12344985688199
    1     -1     64825.0000000000       0.30352779587858       0.50262412322222      -0.12344985688199
    1     -1     64826.0000000000       0.30352779587858       0.50262412322222      -0.12344985688199
    1     -1     64826.0000000000       0.00000000000000       0.00000000000000       0.00000000000000
    1     -1     64826.0000000000       0.00000000000000       0.00000000000000       0.00000000000000
    1     -1     64826.0000000000       0.30005050768277       0.50159819975875      -0.13553205568459
    1     -1     64827.0000000000       0.30005050768277       0.50159819975875      -0.13553205568459
    1     -1     64828.0000000000       0.30005050768277       0.50159819975875      -0.13553205568459
    1     -1     64828.0000000000       0.00000000000000       0.00000000000000       0.00000000000000
    1     -1     64828.0000000000       0.00000000000000       0.00000000000000       0.00000000000000
    1     -1     64828.0000000000       0.29618353330470       0.50029877666146      -0.14824455453806
    1     -1     64829.0000000000       0.29618353330470       0.50029877666146      -0.14824455453806
    1     -1     64830.0000000000       0.29618353330470       0.50029877666146      -0.14824455453806
    1     -1     64830.0000000000       0.00000000000000       0.00000000000000       0.00000000000000
    1     -1     64830.0000000000       0.00000000000000       0.00000000000000       0.00000000000000
    1     -1     64830.0000000000       0.29188643346975       0.49868040197789      -0.16161734411713
    1     -1     64831.0000000000       0.29188643346975       0.49868040197789      -0.16161734411713
    1     -1     64832.0000000000       0.29188643346975       0.49868040197789      -0.16161734411713
    1     -1     64832.0000000000       0.00000000000000       0.00000000000000       0.00000000000000
    1     -1     64832.0000000000       0.00000000000000       0.00000000000000       0.00000000000000
    1     -1     64832.0000000000       0.28711479108581       0.49669119847322      -0.17567853989315
    1     -1     64833.0000000000       0.28711479108581       0.49669119847322      -0.17567853989315
    1     -1     64834.0000000000       0.28711479108581       0.49669119847322      -0.17567853989315
    1     -1     64834.0000000000       0.00000000000000       0.00000000000000       0.00000000000000
    1     -1     64834.0000000000       0.00000000000000       0.00000000000000       0.00000000000000
    1     -1     64834.0000000000       0.15022451516557       0.26347254680655      -0.10152134818503
    1     -1     64835.0000000000       0.15022451516557       0.26347254680655      -0.10152134818503
    1     -1     64836.0000000000       0.15022451516557       0.26347254680655      -0.10152134818503
    1     -1     64836.0000000000       0.00000000000000       0.00000000000000       0.00000000000000
    1     -1     64908.0000000000       0.00000000000000       0.00000000000000       0.00000000000000
    1     -1     64908.0000000000      -0.11171772618091      -0.05889085521205      -0.24021378710311
    1     -1     64909.0000000000      -0.11171772618091      -0.05889085521205      -0.24021378710311
    1     -1     64910.0000000000      -0.11171772618091      -0.05889085521205      -0.24021378710311
    1     -1     64910.0000000000       0.00000000000000       0.00000000000000       0.00000000000000
    1     -1     64910.0000000000       0.00000000000000       0.00000000000000       0.00000000000000
    1     -1     64910.0000000000      -0.25403999577139      -0.14268196567361      -0.52450503953726
    1     -1     64911.0000000000      -0.25403999577139      -0.14268196567361      -0.52450503953726
    1     -1     64912.0000000000      -0.25403999577139      -0.14268196567361      -0.52450503953726
    1     -1     64912.0000000000       0.00000000000000       0.00000000000000       0.00000000000000
    1     -1     64912.0000000000       0.00000000000000       0.00000000000000       0.00000000000000
    1     -1     64912.0000000000      -0.26054394915366      -0.15437075821662      -0.51796382001742
    1     -1     64913.0000000000      -0.26054394915366      -0.15437075821662      -0.51796382001742
    1     -1     64914.0000000000      -0.26054394915366      -0.15437075821662      -0.51796382001742
    1     -1     64914.0000000000       0.00000000000000       0.00000000000000       0.00000000000000
    1     -1     64914.0000000000       0.00000000000000       0.00000000000000       0.00000000000000
    1     -1     64914.0000000000      -0.26655066600161      -0.16531913924472      -0.51148834193311
    1     -1     64915.0000000000      -0.26655066600161      -0.16531913924472      -0.51148834193311
    1     -1     64916.0000000000      -0.26655066600161      -0.16531913924472      -0.51148834193311
    1     -1     64916.0000000000       0.00000000000000       0.00000000000000       0.00000000000000
    1     -1     64916.0000000000       0.00000000000000       0.00000000000000       0.00000000000000
    1     -1     64916.0000000000      -0.27210362456509      -0.17557820507504      -0.50510584106816
    1     -1     64917.0000000000      -0.27210362456509      -0.17557820507504      -0.50510584106816
    1     -1     64918.0000000000      -0.27210362456509      -0.17557820507504      -0.50510584106816
    1     -1     64918.0000000000       0.00000000000000       0.00000000000000       0.00000000000000
    1     -1     64918.0000000000       0.00000000000000       0.00000000000000       0.00000000000000
    1     -1     64918.0000000000      -0.27724284125313      -0.18519657249235      -0.49883728388221
    1     -1     64919.0000000000      -0.27724284125313      -0.18519657249235      -0.49883728388221
    1     -1     64920.0000000000      -0.27724284125313      -0.18519657249235      -0.49883728388221
    1     -1     64920.0000000000       0.00000000000000       0.00000000000000       0.00000000000000
    1     -1     64920.0000000000       0.00000000000000       0.00000000000000       0.00000000000000
    1     -1     64920.0000000000      -0.28200499453875      -0.19422010927263      -0.49269841839540
    1     -1     64921.0000000000      -0.28200499453875      -0.19422010927263      -0.49269841839540
    1     -1     64922.0000000000      -0.28200499453875      -0.19422010927263      -0.49269841839540
    1     -1     64922.0000000000       0.00000000000000       0.00000000000000       0.00000000000000
    1     -1     64922.0000000000       0.00000000000000       0.00000000000000       0.00000000000000
    1     -1     64922.0000000000      -0.28642358358983      -0.20269180154823      -0.48670069203638
    1     -1     64923.0000000000      -0.28642358358983      -0.20269180154823      -0.48670069203638
    1     -1     64924.0000000000      -0.28642358358983      -0.20269180154823      -0.48670069203638
    1     -1     64924.0000000000       0.00000000000000       0.00000000000000       0.00000000000000
    1     -1     64924.0000000000       0.00000000000000       0.00000000000000       0.00000000000000
    1     -1     64924.0000000000      -0.29052912250415      -0.21065172517308      -0.48085203435004
    1     -1     64925.0000000000      -0.29052912250415      -0.21065172517308      -0.48085203435004
    1     -1     64926.0000000000      -0.29052912250415      -0.21065172517308      -0.48085203435004
    1     -1     64926.0000000000       0.00000000000000       0.00000000000000       0.00000000000000
    1     -1     64926.0000000000       0.00000000000000       0.00000000000000       0.00000000000000
    1     -1     64926.0000000000      -0.29434935320075      -0.21813709117531      -0.47515751809676
    1     -1     64927.0000000000      -0.29434935320075      -0.21813709117531      -0.47515751809676
    1     -1     64928.0000000000      -0.29434935320075      -0.21813709117531      -0.47515751809676
    1     -1     64928.0000000000       0.00000000000000       0.00000000000000       0.00000000000000
    1     -1     64928.0000000000       0.00000000000000       0.00000000000000       0.00000000000000
    1     -1     64928.0000000000      -0.29790946445521      -0.22518234175142      -0.46961991358050
    1     -1     64929.0000000000      -0.29790946445521      -0.22518234175142      -0.46961991358050
    1     -1     64930.0000000000      -0.29790946445521      -0.22518234175142      -0.46961991358050
    1     -1     64930.0000000000       0.00000000000000       0.00000000000000       0.00000000000000
    1     -1     64930.0000000000       0.00000000000000       0.00000000000000       0.00000000000000
    1     -1     64930.0000000000      -0.30123230857428      -0.23181927926290      -0.46424015047498
    1     -1     64931.0000000000      -0.30123230857428      -0.23181927926290      -0.46424015047498
    1     -1     64932.0000000000      -0.30123230857428      -0.23181927926290      -0.46424015047498
    1     -1     64932.0000000000       0.00000000000000       0.00000000000000       0.00000000000000
    1     -1     64932.0000000000       0.00000000000000       0.00000000000000       0.00000000000000
    1     -1     64932.0000000000      -0.30433861014055      -0.23807721496824      -0.45901770049823
    1     -1     64933.0000000000      -0.30433861014055      -0.23807721496824      -0.45901770049823
    1     -1     64934.0000000000      -0.30433861014055      -0.23807721496824      -0.45901770049823
    1     -1     64934.0000000000       0.00000000000000       0.00000000000000       0.00000000000000
    1     -1     64934.0000000000       0.00000000000000       0.00000000000000       0.00000000000000
    1     -1     64934.0000000000      -0.30724716336178      -0.24398312790607      -0.45395089292049
    1     -1     64935.0000000000      -0.30724716336178      -0.24398312790607      -0.45395089292049
    1     -1     64936.0000000000      -0.30724716336178      -0.24398312790607      -0.45395089292049
    1     -1     64936.0000000000       0.00000000000000       0.00000000000000       0.00000000000000
    1     -1     64936.0000000000       0.00000000000000       0.00000000000000       0.00000000000000
    1     -1     64936.0000000000      -0.30997501609865      -0.24956182690282      -0.44903717354755
    1     -1     64937.0000000000      -0.30997501609865      -0.24956182690282      -0.44903717354755
    1     -1     64938.0000000000      -0.30997501609865      -0.24956182690282      -0.44903717354755
    1     -1     64938.0000000000       0.00000000000000       0.00000000000000       0.00000000000000
    1     -1     64938.0000000000       0.00000000000000       0.00000000000000       0.00000000000000
    1     -1     64938.0000000000      -0.31253763967896      -0.25483611093538      -0.44427331635744
    1     -1     64939.0000000000      -0.31253763967896      -0.25483611093538      -0.44427331635744
    1     -1     64940.0000000000      -0.31253763967896      -0.25483611093538      -0.44427331635744
    1     -1     64940.0000000000       0.00000000000000       0.00000000000000       0.00000000000000
    1     -1     64940.0000000000       0.00000000000000       0.00000000000000       0.00000000000000
    1     -1     64940.0000000000      -0.31494908438634      -0.25982692441399      -0.43965559574941
    1     -1     64941.0000000000      -0.31494908438634      -0.25982692441399      -0.43965559574941
    1     -1     64942.0000000000      -0.31494908438634      -0.25982692441399      -0.43965559574941
    1     -1     64942.0000000000       0.00000000000000       0.00000000000000       0.00000000000000
    1     -1     64942.0000000000       0.00000000000000       0.00000000000000       0.00000000000000
    1     -1     64942.0000000000      -0.31722212094862      -0.26455350535158      -0.43517992608466
    1     -1     64943.0000000000      -0.31722212094862      -0.26455350535158      -0.43517992608466
    1     -1     64944.0000000000      -0.31722212094862      -0.26455350535158      -0.43517992608466
    1     -1     64944.0000000000       0.00000000000000       0.00000000000000       0.00000000000000
    1     -1     64944.0000000000       0.00000000000000       0.00000000000000       0.00000000000000
    1     -1     64944.0000000000      -0.31936836870111      -0.26903352506222      -0.43084197421536
    1     -1     64945.0000000000      -0.31936836870111      -0.26903352506222      -0.43084197421536
    1     -1     64946.0000000000      -0.31936836870111      -0.26903352506222      -0.43084197421536
    1     -1     64946.0000000000       0.00000000000000       0.00000000000000       0.00000000000000
    1     -1     64946.0000000000       0.00000000000000       0.00000000000000       0.00000000000000
    1     -1     64946.0000000000      -0.32139841126128      -0.27328321872960      -0.42663724975618
    1     -1     64947.0000000000      -0.32139841126128      -0.27328321872960      -0.42663724975618
    1     -1     64948.0000000000      -0.32139841126128      -0.27328321872960      -0.42663724975618
    1     -1     64948.0000000000       0.00000000000000       0.00000000000000       0.00000000000000
    1     -1     64948.0000000000       0.00000000000000       0.00000000000000       0.00000000000000
    1     -1     64948.0000000000      -0.32332190064701      -0.27731750663168      -0.42256117705912
    1     -1     64949.0000000000      -0.32332190064701      -0.27731750663168      -0.42256117705912
    1     -1     64950.0000000000      -0.32332190064701      -0.27731750663168      -0.42256117705912
    1     -1     64950.0000000000       0.00000000000000       0.00000000000000       0.00000000000000
    1     -1     64950.0000000000       0.00000000000000       0.00000000000000       0.00000000000000
    1     -1     64950.0000000000      -0.32514765080897      -0.28115010606697      -0.41860915220757
    1     -1     64951.0000000000      -0.32514765080897      -0.28115010606697      -0.41860915220757
    1     -1     64952.0000000000      -0.32514765080897      -0.28115010606697      -0.41860915220757
    1     -1     64952.0000000000       0.00000000000000       0.00000000000000       0.00000000000000
    1     -1     64952.0000000000       0.00000000000000       0.00000000000000       0.00000000000000
    1     -1     64952.0000000000      -0.32688372153308      -0.28479363427184      -0.41477658776132
    1     -1     64953.0000000000      -0.32688372153308      -0.28479363427184      -0.41477658776132
    1     -1     64954.0000000000      -0.32688372153308      -0.28479363427184      -0.41477658776132
    1     -1     64954.0000000000       0.00000000000000       0.00000000000000       0.00000000000000
    1     -1     64954.0000000000       0.00000000000000       0.00000000000000       0.00000000000000
    1     -1     64954.0000000000      -0.32853749362443      -0.28825970276125      -0.41105894750872
    1     -1     64955.0000000000      -0.32853749362443      -0.28825970276125      -0.41105894750872
    1     -1     64956.0000000000      -0.32853749362443      -0.28825970276125      -0.41105894750872
    1     -1     64956.0000000000       0.00000000000000       0.00000000000000       0.00000000000000
    1     -1     64956.0000000000       0.00000000000000       0.00000000000000       0.00000000000000
    1     -1     64956.0000000000      -0.33011573624301      -0.29155900353434      -0.40745177312512
    1     -1     64957.0000000000      -0.33011573624301      -0.29155900353434      -0.40745177312512
    1     -1     64958.0000000000      -0.33011573624301      -0.29155900353434      -0.40745177312512
    1     -1     64958.0000000000       0.00000000000000       0.00000000000000       0.00000000000000
    1  53410     64958.0000000000      312491375.669758081     -226027027.150294811       -5249331.388104743        8.7138985056474       15.3354068727422       -1.0727257135642        2397.1449294942
    1  53410     64958.0000000000      312491375.669758081     -226027027.150294811       -5249331.388104743        8.7138985056474       15.3354068727422       -1.0727257135642        2357.1449294942
    1     -1     64958.0000000000       0.00000000000000       0.00000000000000       0.00000000000000
    1     -1     64958.0000000000       0.55718468901310      -0.00715128029266      -0.22247265180140
    1     -1     64959.0000000000       0.55718468901310      -0.00715128029266      -0.22247265180140
    1     -1     64960.0000000000       0.55718468901310      -0.00715128029266      -0.22247265180140
    1     -1     64960.0000000000       0.00000000000000       0.00000000000000       0.00000000000000
    1     -1     64960.0000000000       0.00000000000000       0.00000000000000       0.00000000000000
    1     -1     64960.0000000000       0.55755959262506      -0.00817233280949      -0.22149607881005
    1     -1     64961.0000000000       0.55755959262506      -0.00817233280949      -0.22149607881005
    1     -1     64962.0000000000       0.55755959262506      -0.00817233280949      -0.22149607881005
    1     -1     64962.0000000000       0.00000000000000       0.00000000000000       0.00000000000000
    1     -1     64962.0000000000       0.00000000000000       0.00000000000000       0.00000000000000
    1     -1     64962.0000000000       0.55795234400365      -0.00928068919572      -0.22046099407578
    1     -1     64963.0000000000       0.55795234400365      -0.00928068919572      -0.22046099407578
    1     -1     64964.0000000000       0.55795234400365      -0.00928068919572      -0.22046099407578
    1     -1     64964.0000000000       0.00000000000000       0.00000000000000       0.00000000000000
    1     -1     64964.0000000000       0.00000000000000       0.00000000000000       0.00000000000000
    1     -1     64964.0000000000       0.55836307296681      -0.01047925344578      -0.21936468100922
    1     -1     64965.0000000000       0.55836307296681      -0.01047925344578      -0.21936468100922
    1     -1     64966.0000000000       0.55836307296681      -0.01047925344578      -0.21936468100922
    1     -1     64966.0000000000       0.00000000000000       0.00000000000000       0.00000000000000
    1     -1     64966.0000000000       0.00000000000000       0.00000000000000       0.00000000000000
    1     -1     64966.0000000000       0.55879185519410      -0.01177105859484      -0.21820427133375
    1     -1     64967.0000000000       0.55879185519410      -0.01177105859484      -0.21820427133375
    1     -1     64968.0000000000       0.55879185519410      -0.01177105859484      -0.21820427133375
    1     -1     64968.0000000000       0.00000000000000       0.00000000000000       0.00000000000000
    1     -1     64968.0000000000       0.00000000000000       0.00000000000000       0.00000000000000
    1     -1     64968.0000000000       0.55923870469581      -0.01315927307720      -0.21697673603922
    1     -1     64969.0000000000       0.55923870469581      -0.01315927307720      -0.21697673603922
    1     -1     64970.0000000000       0.55923870469581      -0.01315927307720      -0.21697673603922
    1     -1     64970.0000000000       0.00000000000000       0.00000000000000       0.00000000000000
    1     -1     64970.0000000000       0.00000000000000       0.00000000000000       0.00000000000000
    1     -1     64970.0000000000       0.55970356555430      -0.01464720744576      -0.21567887541400
    1     -1     64971.0000000000       0.55970356555430      -0.01464720744576      -0.21567887541400
    1     -1     64972.0000000000       0.55970356555430      -0.01464720744576      -0.21567887541400
    1     -1     64972.0000000000       0.00000000000000       0.00000000000000       0.00000000000000
    1     -1     64972.0000000000       0.00000000000000       0.00000000000000       0.00000000000000
    1     -1     64972.0000000000       0.56018630275098      -0.01623832127904      -0.21430730835000
    1     -1     64973.0000000000       0.56018630275098      -0.01623832127904      -0.21430730835000
    1     -1     64974.0000000000       0.56018630275098      -0.01623832127904      -0.21430730835000
    1     -1     64974.0000000000       0.00000000000000       0.00000000000000       0.00000000000000
    1     -1     64974.0000000000       0.00000000000000       0.00000000000000       0.00000000000000
    1     -1     64974.0000000000       0.56068669195504      -0.01793623036097      -0.21285846091934
    1     -1     64975.0000000000       0.56068669195504      -0.01793623036097      -0.21285846091934
    1     -1     64976.0000000000       0.56068669195504      -0.01793623036097      -0.21285846091934
    1     -1     64976.0000000000       0.00000000000000       0.00000000000000       0.00000000000000
    1     -1     64976.0000000000       0.00000000000000       0.00000000000000       0.00000000000000
    1     -1     64976.0000000000       0.56120440814024      -0.01974471405114      -0.21132855422541
    1     -1     64977.0000000000       0.56120440814024      -0.01974471405114      -0.21132855422541
    1     -1     64978.0000000000       0.56120440814024      -0.01974471405114      -0.21132855422541
    1     -1     64978.0000000000       0.00000000000000       0.00000000000000       0.00000000000000
    1     -1     64978.0000000000       0.00000000000000       0.00000000000000       0.00000000000000
    1     -1     64978.0000000000       0.56173901290178      -0.02166772286505      -0.20971359147652
    1     -1     64979.0000000000       0.56173901290178      -0.02166772286505      -0.20971359147652
    1     -1     64980.0000000000       0.56173901290178      -0.02166772286505      -0.20971359147652
    1     -1     64980.0000000000       0.00000000000000       0.00000000000000       0.00000000000000
    1     -1     64980.0000000000       0.00000000000000       0.00000000000000       0.00000000000000
    1     -1     64980.0000000000       0.56228994032040      -0.02370938621356      -0.20800934426091
    1     -1     64981.0000000000       0.56228994032040      -0.02370938621356      -0.20800934426091
    1     -1     64982.0000000000       0.56228994032040      -0.02370938621356      -0.20800934426091
    1     -1     64982.0000000000       0.00000000000000       0.00000000000000       0.00000000000000
    1     -1     64982.0000000000       0.00000000000000       0.00000000000000       0.00000000000000
    1     -1     64982.0000000000       0.56285648121169      -0.02587402026981      -0.20621133798381
    1     -1     64983.0000000000       0.56285648121169      -0.02587402026981      -0.20621133798381
    1     -1     64984.0000000000       0.56285648121169      -0.02587402026981      -0.20621133798381
    1     -1     64984.0000000000       0.00000000000000       0.00000000000000       0.00000000000000
    1     -1     64984.0000000000       0.00000000000000       0.00000000000000       0.00000000000000
    1     -1     64984.0000000000       0.56343776557380      -0.02816613590825      -0.20431483644904
    1     -1     64985.0000000000       0.56343776557380      -0.02816613590825      -0.20431483644904
    1     -1     64986.0000000000       0.56343776557380      -0.02816613590825      -0.20431483644904
    1     -1     64986.0000000000       0.00000000000000       0.00000000000000       0.00000000000000
    1     -1     64986.0000000000       0.00000000000000       0.00000000000000       0.00000000000000
    1     -1     64986.0000000000       0.56403274302943      -0.03059044661364      -0.20231482557309
    1     -1     64987.0000000000       0.56403274302943      -0.03059044661364      -0.20231482557309
    1     -1     64988.0000000000       0.56403274302943      -0.03059044661364      -0.20231482557309
    1     -1     64988.0000000000       0.00000000000000       0.00000000000000       0.00000000000000
    1     -1     64988.0000000000       0.00000000000000       0.00000000000000       0.00000000000000
    1     -1     64988.0000000000       0.56464016104074      -0.03315187629148      -0.20020599620952
    1     -1     64989.0000000000       0.56464016104074      -0.03315187629148      -0.20020599620952
    1     -1     64990.0000000000       0.56464016104074      -0.03315187629148      -0.20020599620952
    1     -1     64990.0000000000       0.00000000000000       0.00000000000000       0.00000000000000
    1     -1     64990.0000000000       0.00000000000000       0.00000000000000       0.00000000000000
    1     -1     64990.0000000000       0.56525854064139      -0.03585556680736      -0.19798272611742
    1     -1     64991.0000000000       0.56525854064139      -0.03585556680736      -0.19798272611742
    1     -1     64992.0000000000       0.56525854064139      -0.03585556680736      -0.19798272611742
    1     -1     64992.0000000000       0.00000000000000       0.00000000000000       0.00000000000000
    1     -1     64992.0000000000       0.00000000000000       0.00000000000000       0.00000000000000
    1     -1     64992.0000000000       0.56588614942505      -0.03870688516930      -0.19563906105218
    1     -1     64993.0000000000       0.56588614942505      -0.03870688516930      -0.19563906105218
    1     -1     64994.0000000000       0.56588614942505      -0.03870688516930      -0.19563906105218
    1     -1     64994.0000000000       0.00000000000000       0.00000000000000       0.00000000000000
    1     -1     64994.0000000000       0.00000000000000       0.00000000000000       0.00000000000000
    1     -1     64994.0000000000       0.56652097147590      -0.04171143006252      -0.19316869508318
    1     -1     64995.0000000000       0.56652097147590      -0.04171143006252      -0.19316869508318
    1     -1     64996.0000000000       0.56652097147590      -0.04171143006252      -0.19316869508318
    1     -1     64996.0000000000       0.00000000000000       0.00000000000000       0.00000000000000
    1     -1     64996.0000000000       0.00000000000000       0.00000000000000       0.00000000000000
    1     -1     64996.0000000000       0.56716067392390      -0.04487503753529      -0.19056495018862
    1     -1     64997.0000000000       0.56716067392390      -0.04487503753529      -0.19056495018862
    1     -1     64998.0000000000       0.56716067392390      -0.04487503753529      -0.19056495018862
    1     -1     64998.0000000000       0.00000000000000       0.00000000000000       0.00000000000000
    1     -1     64998.0000000000       0.00000000000000       0.00000000000000       0.00000000000000
    1     -1     64998.0000000000       0.56780256979466      -0.04820378572378      -0.18782075512699
    1     -1     64999.0000000000       0.56780256979466      -0.04820378572378      -0.18782075512699
    1     -1     65000.0000000000       0.56780256979466      -0.04820378572378      -0.18782075512699
    1     -1     65000.0000000000       0.00000000000000       0.00000000000000       0.00000000000000
    1     -1     65000.0000000000       0.00000000000000       0.00000000000000       0.00000000000000
    1     -1     65000.0000000000       0.56844357674337      -0.05170399806617      -0.18492862386113
    1     -1     65001.0000000000       0.56844357674337      -0.05170399806617      -0.18492862386113
    1     -1     65002.0000000000       0.56844357674337      -0.05170399806617      -0.18492862386113
    1     -1     65002.0000000000       0.00000000000000       0.00000000000000       0.00000000000000
    1     -1     65002.0000000000       0.00000000000000       0.00000000000000       0.00000000000000
    1     -1     65002.0000000000       0.56908017128870      -0.05538224477873      -0.18188063362902
    1     -1     65003.0000000000       0.56908017128870      -0.05538224477873      -0.18188063362902
    1     -1     65004.0000000000       0.56908017128870      -0.05538224477873      -0.18188063362902
    1     -1     65004.0000000000       0.00000000000000       0.00000000000000       0.00000000000000
    1     -1     65004.0000000000       0.00000000000000       0.00000000000000       0.00000000000000
    1     -1     65004.0000000000       0.56970833813378      -0.05924534239161      -0.17866840276263
    1     -1     65005.0000000000       0.56970833813378      -0.05924534239161      -0.17866840276263
    1     -1     65006.0000000000       0.56970833813378      -0.05924534239161      -0.17866840276263
    1     -1     65006.0000000000       0.00000000000000       0.00000000000000       0.00000000000000
    1     -1     65006.0000000000       0.00000000000000       0.00000000000000       0.00000000000000
    1     -1     65006.0000000000       0.57032351407099      -0.06330035036391      -0.17528306883872
    1     -1     65007.0000000000       0.57032351407099      -0.06330035036391      -0.17528306883872
    1     -1     65008.0000000000       0.57032351407099      -0.06330035036391      -0.17528306883872
    1     -1     65008.0000000000       0.00000000000000       0.00000000000000       0.00000000000000
    1     -1     65008.0000000000       0.00000000000000       0.00000000000000       0.00000000000000
    1     -1     65008.0000000000       0.57092052603377      -0.06755456385105      -0.17171526762700
    1     -1     65009.0000000000       0.57092052603377      -0.06755456385105      -0.17171526762700
    1     -1     65010.0000000000       0.57092052603377      -0.06755456385105      -0.17171526762700
    1     -1     65010.0000000000       0.00000000000000       0.00000000000000       0.00000000000000
    1     -1     65010.0000000000       0.00000000000000       0.00000000000000       0.00000000000000
    1     -1     65010.0000000000       0.57149352311268      -0.07201550080596      -0.16795511294369
    1     -1     65011.0000000000       0.57149352311268      -0.07201550080596      -0.16795511294369
    1     -1     65012.0000000000       0.57149352311268      -0.07201550080596      -0.16795511294369
    1     -1     65012.0000000000       0.00000000000000       0.00000000000000       0.00000000000000
    1     -1     65012.0000000000       0.00000000000000       0.00000000000000       0.00000000000000
    1     -1     65012.0000000000       0.57203590346877      -0.07669089254688      -0.16399216878569
    1     -1     65013.0000000000       0.57203590346877      -0.07669089254688      -0.16399216878569
    1     -1     65014.0000000000       0.57203590346877      -0.07669089254688      -0.16399216878569
    1     -1     65014.0000000000       0.00000000000000       0.00000000000000       0.00000000000000
    1     -1     65014.0000000000       0.00000000000000       0.00000000000000       0.00000000000000
    1     -1     65014.0000000000       0.57254024219423      -0.08158846831715      -0.15981549419825
    1     -1     65015.0000000000       0.57254024219423      -0.08158846831715      -0.15981549419825
    1     -1     65016.0000000000       0.57254024219423      -0.08158846831715      -0.15981549419825
    1     -1     65016.0000000000       0.00000000000000       0.00000000000000       0.00000000000000
    1     -1     65016.0000000000       0.00000000000000       0.00000000000000       0.00000000000000
    1     -1     65016.0000000000       0.35407899188900      -0.05358564458591      -0.09603648896882
    1     -1     65017.0000000000       0.35407899188900      -0.05358564458591      -0.09603648896882
    1     -1     65018.0000000000       0.35407899188900      -0.05358564458591      -0.09603648896882
    1     -1     65018.0000000000       0.00000000000000       0.00000000000000       0.00000000000000
    1     -1     65172.0000000000       0.00000000000000       0.00000000000000       0.00000000000000
    1     -1     65172.0000000000      -0.10367919567323      -0.18945020237922       0.22360654555950
    1     -1     65173.0000000000      -0.10367919567323      -0.18945020237922       0.22360654555950
    1     -1     65174.0000000000      -0.10367919567323      -0.18945020237922       0.22360654555950
    1     -1     65174.0000000000       0.00000000000000       0.00000000000000       0.00000000000000
    1     -1     65174.0000000000       0.00000000000000       0.00000000000000       0.00000000000000
    1     -1     65174.0000000000      -0.20671781290056      -0.36256581242700       0.43106122160171
    1     -1     65175.0000000000      -0.20671781290056      -0.36256581242700       0.43106122160171
    1     -1     65176.0000000000      -0.20671781290056      -0.36256581242700       0.43106122160171
    1     -1     65176.0000000000       0.00000000000000       0.00000000000000       0.00000000000000
    1     -1     65176.0000000000       0.00000000000000       0.00000000000000       0.00000000000000
    1     -1     65176.0000000000      -0.21314449376342      -0.35952773357462       0.43047558914418
    1     -1     65177.0000000000      -0.21314449376342      -0.35952773357462       0.43047558914418
    1     -1     65178.0000000000      -0.21314449376342      -0.35952773357462       0.43047558914418
    1     -1     65178.0000000000       0.00000000000000       0.00000000000000       0.00000000000000
    1     -1     65178.0000000000       0.00000000000000       0.00000000000000       0.00000000000000
    1     -1     65178.0000000000      -0.21939669498047      -0.35653689335098       0.42982151317876
    1     -1     65179.0000000000      -0.21939669498047      -0.35653689335098       0.42982151317876
    1     -1     65180.0000000000      -0.21939669498047      -0.35653689335098       0.42982151317876
    1     -1     65180.0000000000       0.00000000000000       0.00000000000000       0.00000000000000
    1     -1     65180.0000000000       0.00000000000000       0.00000000000000       0.00000000000000
    1     -1     65180.0000000000      -0.22548230286540      -0.35359407077052       0.42910250930337
    1     -1     65181.0000000000      -0.22548230286540      -0.35359407077052       0.42910250930337
    1     -1     65182.0000000000      -0.22548230286540      -0.35359407077052       0.42910250930337
    1     -1     65182.0000000000       0.00000000000000       0.00000000000000       0.00000000000000
    1     -1     65182.0000000000       0.00000000000000       0.00000000000000       0.00000000000000
    1     -1     65182.0000000000      -0.23140911220309      -0.35069972878897       0.42832175090313
    1     -1     65183.0000000000      -0.23140911220309      -0.35069972878897       0.42832175090313
    1     -1     65184.0000000000      -0.23140911220309      -0.35069972878897       0.42832175090313
    1     -1     65184.0000000000       0.00000000000000       0.00000000000000       0.00000000000000
    1     -1     65184.0000000000       0.00000000000000       0.00000000000000       0.00000000000000
    1     -1     65184.0000000000      -0.23718435959869      -0.34785427272196       0.42748214441172
    1     -1     65185.0000000000      -0.23718435959869      -0.34785427272196       0.42748214441172
    1     -1     65186.0000000000      -0.23718435959869      -0.34785427272196       0.42748214441172
    1     -1     65186.0000000000       0.00000000000000       0.00000000000000       0.00000000000000
    1     -1     65186.0000000000       0.00000000000000       0.00000000000000       0.00000000000000
    1     -1     65186.0000000000      -0.24281487508319      -0.34505800606228       0.42658634316004
    1     -1     65187.0000000000      -0.24281487508319      -0.34505800606228       0.42658634316004
    1     -1     65188.0000000000      -0.24281487508319      -0.34505800606228       0.42658634316004
    1     -1     65188.0000000000       0.00000000000000       0.00000000000000       0.00000000000000
    1     -1     65188.0000000000       0.00000000000000       0.00000000000000       0.00000000000000
    1     -1     65188.0000000000      -0.24830708673286      -0.34231115388923       0.42563677458752
    1     -1     65189.0000000000      -0.24830708673286      -0.34231115388923       0.42563677458752
    1     -1     65190.0000000000      -0.24830708673286      -0.34231115388923       0.42563677458752
    1     -1     65190.0000000000       0.00000000000000       0.00000000000000       0.00000000000000
    1     -1     65190.0000000000       0.00000000000000       0.00000000000000       0.00000000000000
    1     -1     65190.0000000000      -0.25366703834965      -0.33961387822950       0.42463566342082
    1     -1     65191.0000000000      -0.25366703834965      -0.33961387822950       0.42463566342082
    1     -1     65192.0000000000      -0.25366703834965      -0.33961387822950       0.42463566342082
    1     -1     65192.0000000000       0.00000000000000       0.00000000000000       0.00000000000000
    1     -1     65192.0000000000       0.00000000000000       0.00000000000000       0.00000000000000
    1     -1     65192.0000000000      -0.25890040964015      -0.33696629035803       0.42358505206217
    1     -1     65193.0000000000      -0.25890040964015      -0.33696629035803       0.42358505206217
    1     -1     65194.0000000000      -0.25890040964015      -0.33696629035803       0.42358505206217
    1     -1     65194.0000000000       0.00000000000000       0.00000000000000       0.00000000000000
    1     -1     65194.0000000000       0.00000000000000       0.00000000000000       0.00000000000000
    1     -1     65194.0000000000      -0.26401253574113      -0.33436846144977       0.42248681901244
    1     -1     65195.0000000000      -0.26401253574113      -0.33436846144977       0.42248681901244
    1     -1     65196.0000000000      -0.26401253574113      -0.33436846144977       0.42248681901244
    1     -1     65196.0000000000       0.00000000000000       0.00000000000000       0.00000000000000
    1     -1     65196.0000000000       0.00000000000000       0.00000000000000       0.00000000000000
    1     -1     65196.0000000000      -0.26900842582784      -0.33182043179115       0.42134269562859
    1     -1     65197.0000000000      -0.26900842582784      -0.33182043179115       0.42134269562859
    1     -1     65198.0000000000      -0.26900842582784      -0.33182043179115       0.42134269562859
    1     -1     65198.0000000000       0.00000000000000       0.00000000000000       0.00000000000000
    1     -1     65198.0000000000       0.00000000000000       0.00000000000000       0.00000000000000
    1     -1     65198.0000000000      -0.27389278102219      -0.32932221860465       0.42015428132680
    1     -1     65199.0000000000      -0.27389278102219      -0.32932221860465       0.42015428132680
    1     -1     65200.0000000000      -0.27389278102219      -0.32932221860465       0.42015428132680
    1     -1     65200.0000000000       0.00000000000000       0.00000000000000       0.00000000000000
    1     -1     65200.0000000000       0.00000000000000       0.00000000000000       0.00000000000000
    1     -1     65200.0000000000      -0.27867001144234      -0.32687382274274       0.41892305738438
    1     -1     65201.0000000000      -0.27867001144234      -0.32687382274274       0.41892305738438
    1     -1     65202.0000000000      -0.27867001144234      -0.32687382274274       0.41892305738438
    1     -1     65202.0000000000       0.00000000000000       0.00000000000000       0.00000000000000
    1     -1     65202.0000000000       0.00000000000000       0.00000000000000       0.00000000000000
    1     -1     65202.0000000000      -0.28334425248220      -0.32447523435248       0.41765039944577
    1     -1     65203.0000000000      -0.28334425248220      -0.32447523435248       0.41765039944577
    1     -1     65204.0000000000      -0.28334425248220      -0.32447523435248       0.41765039944577
    1     -1     65204.0000000000       0.00000000000000       0.00000000000000       0.00000000000000
    1     -1     65204.0000000000       0.00000000000000       0.00000000000000       0.00000000000000
    1     -1     65204.0000000000      -0.28791938033399      -0.32212643763485       0.41633758884440
    1     -1     65205.0000000000      -0.28791938033399      -0.32212643763485       0.41633758884440
    1     -1     65206.0000000000      -0.28791938033399      -0.32212643763485       0.41633758884440
    1     -1     65206.0000000000       0.00000000000000       0.00000000000000       0.00000000000000
    1     -1     65206.0000000000       0.00000000000000       0.00000000000000       0.00000000000000
    1     -1     65206.0000000000      -0.29239902677545      -0.31982741480449       0.41498582284248
    1     -1     65207.0000000000      -0.29239902677545      -0.31982741480449       0.41498582284248
    1     -1     65208.0000000000      -0.29239902677545      -0.31982741480449       0.41498582284248
    1     -1     65208.0000000000       0.00000000000000       0.00000000000000       0.00000000000000
    1     -1     65208.0000000000       0.00000000000000       0.00000000000000       0.00000000000000
    1     -1     65208.0000000000      -0.29678659300076      -0.31757814950959       0.41359622392989
    1     -1     65209.0000000000      -0.29678659300076      -0.31757814950959       0.41359622392989
    1     -1     65210.0000000000      -0.29678659300076      -0.31757814950959       0.41359622392989
    1     -1     65210.0000000000       0.00000000000000       0.00000000000000       0.00000000000000
    1     -1     65210.0000000000       0.00000000000000       0.00000000000000       0.00000000000000
    1     -1     65210.0000000000      -0.30108526320531      -0.31537862934997       0.41216984813293
    1     -1     65211.0000000000      -0.30108526320531      -0.31537862934997       0.41216984813293
    1     -1     65212.0000000000      -0.30108526320531      -0.31537862934997       0.41216984813293
    1     -1     65212.0000000000       0.00000000000000       0.00000000000000       0.00000000000000
    1     -1     65212.0000000000       0.00000000000000       0.00000000000000       0.00000000000000
    1     -1     65212.0000000000      -0.30529801707675      -0.31322884813994       0.41070769257701
    1     -1     65213.0000000000      -0.30529801707675      -0.31322884813994       0.41070769257701
    1     -1     65214.0000000000      -0.30529801707675      -0.31322884813994       0.41070769257701
    1     -1     65214.0000000000       0.00000000000000       0.00000000000000       0.00000000000000
    1     -1     65214.0000000000       0.00000000000000       0.00000000000000       0.00000000000000
    1     -1     65214.0000000000      -0.30942764211158      -0.31112880737843       0.40921070220187
    1     -1     65215.0000000000      -0.30942764211158      -0.31112880737843       0.40921070220187
    1     -1     65216.0000000000      -0.30942764211158      -0.31112880737843       0.40921070220187
    1     -1     65216.0000000000       0.00000000000000       0.00000000000000       0.00000000000000
    1     -1     65216.0000000000       0.00000000000000       0.00000000000000       0.00000000000000
    1     -1     65216.0000000000      -0.31347674523836      -0.30907851732936       0.40767977580480
    1     -1     65217.0000000000      -0.31347674523836      -0.30907851732936       0.40767977580480
    1     -1     65218.0000000000      -0.31347674523836      -0.30907851732936       0.40767977580480
    1     -1     65218.0000000000       0.00000000000000       0.00000000000000       0.00000000000000
    1     -1     65218.0000000000       0.00000000000000       0.00000000000000       0.00000000000000
    1     -1     65218.0000000000      -0.31744776389139      -0.30707799765873       0.40611577146703
    1     -1     65219.0000000000      -0.31744776389139      -0.30707799765873       0.40611577146703
    1     -1     65220.0000000000      -0.31744776389139      -0.30707799765873       0.40611577146703
    1     -1     65220.0000000000       0.00000000000000       0.00000000000000       0.00000000000000
    1     -1     65220.0000000000       0.00000000000000       0.00000000000000       0.00000000000000
    1     -1     65220.0000000000      -0.32134297626029      -0.30512727788687       0.40451951149175
    1     -1     65221.0000000000      -0.32134297626029      -0.30512727788687       0.40451951149175
    1     -1     65222.0000000000      -0.32134297626029      -0.30512727788687       0.40451951149175
    1     -1     65222.0000000000       0.00000000000000       0.00000000000000       0.00000000000000
    1     -1     65222.0000000000       0.00000000000000       0.00000000000000       0.00000000000000
    1     -1     65222.0000000000      -0.32516451069210      -0.30322639775608       0.40289178692328
    1     -1     65223.0000000000      -0.32516451069210      -0.30322639775608       0.40289178692328
    1     -1     65224.0000000000      -0.32516451069210      -0.30322639775608       0.40289178692328
    1     -1     65224.0000000000       0.00000000000000       0.00000000000000       0.00000000000000
    1     -1     65224.0000000000       0.00000000000000       0.00000000000000       0.00000000000000
    1     -1     65224.0000000000      -0.32891435423216      -0.30137540766600       0.40123336166649
    1     -1     65225.0000000000      -0.32891435423216      -0.30137540766600       0.40123336166649
    1     -1     65226.0000000000      -0.32891435423216      -0.30137540766600       0.40123336166649
    1     -1     65226.0000000000       0.00000000000000       0.00000000000000       0.00000000000000
    1     -1     65226.0000000000       0.00000000000000       0.00000000000000       0.00000000000000
    1     -1     65226.0000000000      -0.33259436069398      -0.29957436896296       0.39954497616039
    1     -1     65227.0000000000      -0.33259436069398      -0.29957436896296       0.39954497616039
    1     -1     65228.0000000000      -0.33259436069398      -0.29957436896296       0.39954497616039
    1     -1     65228.0000000000       0.00000000000000       0.00000000000000       0.00000000000000
    1     -1     65228.0000000000       0.00000000000000       0.00000000000000       0.00000000000000
    1     -1     65228.0000000000      -0.33620625849543      -0.29782335395376       0.39782735057841
    1     -1     65229.0000000000      -0.33620625849543      -0.29782335395376       0.39782735057841
    1     -1     65230.0000000000      -0.33620625849543      -0.29782335395376       0.39782735057841
    1     -1     65230.0000000000       0.00000000000000       0.00000000000000       0.00000000000000
    1     -1     65230.0000000000       0.00000000000000       0.00000000000000       0.00000000000000
    1     -1     65230.0000000000      -0.33975165830784      -0.29612244560504       0.39608118759411
    1     -1     65231.0000000000      -0.33975165830784      -0.29612244560504       0.39608118759411
    1     -1     65232.0000000000      -0.33975165830784      -0.29612244560504       0.39608118759411
    1     -1     65232.0000000000       0.00000000000000       0.00000000000000       0.00000000000000
    1     -1     65232.0000000000       0.00000000000000       0.00000000000000       0.00000000000000
    1     -1     65232.0000000000      -0.34323206041779      -0.29447173698316       0.39430717480091
    1     -1     65233.0000000000      -0.34323206041779      -0.29447173698316       0.39430717480091
    1     -1     65234.0000000000      -0.34323206041779      -0.29447173698316       0.39430717480091
    1     -1     65234.0000000000       0.00000000000000       0.00000000000000       0.00000000000000
    1     -1     65234.0000000000       0.00000000000000       0.00000000000000       0.00000000000000
    1     -1     65234.0000000000      -0.34664886168835      -0.29287133056467       0.39250598683772
    1     -1     65235.0000000000      -0.34664886168835      -0.29287133056467       0.39250598683772
    1     -1     65236.0000000000      -0.34664886168835      -0.29287133056467       0.39250598683772
    1     -1     65236.0000000000       0.00000000000000       0.00000000000000       0.00000000000000
    1     -1     65236.0000000000       0.00000000000000       0.00000000000000       0.00000000000000
    1     -1     65236.0000000000      -0.35000336204483      -0.29132133749710       0.39067828728535
    1     -1     65237.0000000000      -0.35000336204483      -0.29132133749710       0.39067828728535
    1     -1     65238.0000000000      -0.35000336204483      -0.29132133749710       0.39067828728535
    1     -1     65238.0000000000       0.00000000000000       0.00000000000000       0.00000000000000
    1     -1     65238.0000000000       0.00000000000000       0.00000000000000       0.00000000000000
    1     -1     65238.0000000000      -0.35329677053668      -0.28982187683074       0.38882473033316
    1     -1     65239.0000000000      -0.35329677053668      -0.28982187683074       0.38882473033316
    1     -1     65240.0000000000      -0.35329677053668      -0.28982187683074       0.38882473033316
    1     -1     65240.0000000000       0.00000000000000       0.00000000000000       0.00000000000000
    1     -1     65240.0000000000       0.00000000000000       0.00000000000000       0.00000000000000
    1     -1     65240.0000000000      -0.35653021096796      -0.28837307475866       0.38694596224974
    1     -1     65241.0000000000      -0.35653021096796      -0.28837307475866       0.38694596224974
    1     -1     65242.0000000000      -0.35653021096796      -0.28837307475866       0.38694596224974
    1     -1     65242.0000000000       0.00000000000000       0.00000000000000       0.00000000000000
    1     -1     65242.0000000000       0.00000000000000       0.00000000000000       0.00000000000000
    1     -1     65242.0000000000      -0.35891498468337      -0.28731910213520       0.38552271865347
    1     -1     65243.0000000000      -0.35891498468337      -0.28731910213520       0.38552271865347
    1     -1     65243.0000000000       0.00000000000000       0.00000000000000       0.00000000000000
    1  16118     65243.0000000000      284353227.872283578      206466890.730814546      -25931462.710956749      -13.2076183860244       14.3771692979321        0.8911626182260        2186.3050764177
    1  16118     65243.0000000000      284353227.872283578      206466890.730814546      -25931462.710956749      -13.2076183860244       14.3771692979321        0.8911626182260        2146.3050764177
    1     -1     65243.0000000000       0.00000000000000       0.00000000000000       0.00000000000000
    1     -1     65243.0000000000       0.40185234523990       0.36924092176542       0.24935082433996
    1     -1     65244.0000000000       0.40185234523990       0.36924092176542       0.24935082433996
    1     -1     65245.0000000000       0.40185234523990       0.36924092176542       0.24935082433996
    1     -1     65245.0000000000       0.00000000000000       0.00000000000000       0.00000000000000
    1     -1     65245.0000000000       0.00000000000000       0.00000000000000       0.00000000000000
    1     -1     65245.0000000000       0.40515430885424       0.36546174969044       0.24957502841841
    1     -1     65246.0000000000       0.40515430885424       0.36546174969044       0.24957502841841
    1     -1     65247.0000000000       0.40515430885424       0.36546174969044       0.24957502841841
    1     -1     65247.0000000000       0.00000000000000       0.00000000000000       0.00000000000000
    1     -1     65247.0000000000       0.00000000000000       0.00000000000000       0.00000000000000
    1     -1     65247.0000000000       0.40861145206311       0.36148726944520       0.24972712017706
    1     -1     65248.0000000000       0.40861145206311       0.36148726944520       0.24972712017706
    1     -1     65249.0000000000       0.40861145206311       0.36148726944520       0.24972712017706
    1     -1     65249.0000000000       0.00000000000000       0.00000000000000       0.00000000000000
    1     -1     65249.0000000000       0.00000000000000       0.00000000000000       0.00000000000000
    1     -1     65249.0000000000       0.41222852117449       0.35730496203737       0.24980154065530
    1     -1     65250.0000000000       0.41222852117449       0.35730496203737       0.24980154065530
    1     -1     65251.0000000000       0.41222852117449       0.35730496203737       0.24980154065530
    1     -1     65251.0000000000       0.00000000000000       0.00000000000000       0.00000000000000
    1     -1     65251.0000000000       0.00000000000000       0.00000000000000       0.00000000000000
    1     -1     65251.0000000000       0.41601043585195       0.35290106695080       0.24979222062998
    1     -1     65252.0000000000       0.41601043585195       0.35290106695080       0.24979222062998
    1     -1     65253.0000000000       0.41601043585195       0.35290106695080       0.24979222062998
    1     -1     65253.0000000000       0.00000000000000       0.00000000000000       0.00000000000000
    1     -1     65253.0000000000       0.00000000000000       0.00000000000000       0.00000000000000
    1     -1     65253.0000000000       0.41996211040871       0.34826070456157       0.24969242431306
    1     -1     65254.0000000000       0.41996211040871       0.34826070456157       0.24969242431306
    1     -1     65255.0000000000       0.41996211040871       0.34826070456157       0.24969242431306
    1     -1     65255.0000000000       0.00000000000000       0.00000000000000       0.00000000000000
    1     -1     65255.0000000000       0.00000000000000       0.00000000000000       0.00000000000000
    1     -1     65255.0000000000       0.42408834558906       0.34336777194868       0.24949478472011
    1     -1     65256.0000000000       0.42408834558906       0.34336777194868       0.24949478472011
    1     -1     65257.0000000000       0.42408834558906       0.34336777194868       0.24949478472011
    1     -1     65257.0000000000       0.00000000000000       0.00000000000000       0.00000000000000
    1     -1     65257.0000000000       0.00000000000000       0.00000000000000       0.00000000000000
    1     -1     65257.0000000000       0.42839386725994       0.33820470788834       0.24919123045613
    1     -1     65258.0000000000       0.42839386725994       0.33820470788834       0.24919123045613
    1     -1     65259.0000000000       0.42839386725994       0.33820470788834       0.24919123045613
    1     -1     65259.0000000000       0.00000000000000       0.00000000000000       0.00000000000000
    1     -1     65259.0000000000       0.00000000000000       0.00000000000000       0.00000000000000
    1     -1     65259.0000000000       0.43288325541873       0.33275236604305       0.24877288708948
    1     -1     65260.0000000000       0.43288325541873       0.33275236604305       0.24877288708948
    1     -1     65261.0000000000       0.43288325541873       0.33275236604305       0.24877288708948
    1     -1     65261.0000000000       0.00000000000000       0.00000000000000       0.00000000000000
    1     -1     65261.0000000000       0.00000000000000       0.00000000000000       0.00000000000000
    1     -1     65261.0000000000       0.43756084747756       0.32698987832228       0.24822998108507
    1     -1     65262.0000000000       0.43756084747756       0.32698987832228       0.24822998108507
    1     -1     65263.0000000000       0.43756084747756       0.32698987832228       0.24822998108507
    1     -1     65263.0000000000       0.00000000000000       0.00000000000000       0.00000000000000
    1     -1     65263.0000000000       0.00000000000000       0.00000000000000       0.00000000000000
    1     -1     65263.0000000000       0.44243062499257       0.32089449928633       0.24755173535335
    1     -1     65264.0000000000       0.44243062499257       0.32089449928633       0.24755173535335
    1     -1     65265.0000000000       0.44243062499257       0.32089449928633       0.24755173535335
    1     -1     65265.0000000000       0.00000000000000       0.00000000000000       0.00000000000000
    1     -1     65265.0000000000       0.00000000000000       0.00000000000000       0.00000000000000
    1     -1     65265.0000000000       0.44749607351244       0.31444144073755       0.24672625279415
    1     -1     65266.0000000000       0.44749607351244       0.31444144073755       0.24672625279415
    1     -1     65267.0000000000       0.44749607351244       0.31444144073755       0.24672625279415
    1     -1     65267.0000000000       0.00000000000000       0.00000000000000       0.00000000000000
    1     -1     65267.0000000000       0.00000000000000       0.00000000000000       0.00000000000000
    1     -1     65267.0000000000       0.45276001059194       0.30760369622564       0.24574038772068
    1     -1     65268.0000000000       0.45276001059194       0.30760369622564       0.24574038772068
    1     -1     65269.0000000000       0.45276001059194       0.30760369622564       0.24574038772068
    1     -1     65269.0000000000       0.00000000000000       0.00000000000000       0.00000000000000
    1     -1     65269.0000000000       0.00000000000000       0.00000000000000       0.00000000000000
    1     -1     65269.0000000000       0.45822438164145       0.30035184759482       0.24457960461920
    1     -1     65270.0000000000       0.45822438164145       0.30035184759482       0.24457960461920
    1     -1     65271.0000000000       0.45822438164145       0.30035184759482       0.24457960461920
    1     -1     65271.0000000000       0.00000000000000       0.00000000000000       0.00000000000000
    1     -1     65271.0000000000       0.00000000000000       0.00000000000000       0.00000000000000
    1     -1     65271.0000000000       0.46389001814007       0.29265385122238       0.24322782265751
    1     -1     65272.0000000000       0.46389001814007       0.29265385122238       0.24322782265751
    1     -1     65273.0000000000       0.46389001814007       0.29265385122238       0.24322782265751
    1     -1     65273.0000000000       0.00000000000000       0.00000000000000       0.00000000000000
    1     -1     65273.0000000000       0.00000000000000       0.00000000000000       0.00000000000000
    1     -1     65273.0000000000       0.46975623099834       0.28447500527409       0.24166723835171
    1     -1     65274.0000000000       0.46975623099834       0.28447500527409       0.24166723835171
    1     -1     65275.0000000000       0.46975623099834       0.28447500527409       0.24166723835171
    1     -1     65275.0000000000       0.00000000000000       0.00000000000000       0.00000000000000
    1     -1     65275.0000000000       0.00000000000000       0.00000000000000       0.00000000000000
    1     -1     65275.0000000000       0.43795275334995       0.25382993636174       0.22078763591044
    1     -1     65276.0000000000       0.43795275334995       0.25382993636174       0.22078763591044
    1     -1     65277.0000000000       0.43795275334995       0.25382993636174       0.22078763591044
    1     -1     65277.0000000000       0.00000000000000       0.00000000000000       0.00000000000000
    1     -1     65379.0000000000       0.00000000000000       0.00000000000000       0.00000000000000
    1     -1     65379.0000000000       0.03285250453020      -0.18876435575235      -0.07981380281533
    1     -1     65380.0000000000       0.03285250453020      -0.18876435575235      -0.07981380281533
    1     -1     65381.0000000000       0.03285250453020      -0.18876435575235      -0.07981380281533
    1     -1     65381.0000000000       0.00000000000000       0.00000000000000       0.00000000000000
    1     -1     65381.0000000000       0.00000000000000       0.00000000000000       0.00000000000000
    1     -1     65381.0000000000       0.08431594867489      -0.54648435088576      -0.23290700787230
    1     -1     65382.0000000000       0.08431594867489      -0.54648435088576      -0.23290700787230
    1     -1     65383.0000000000       0.08431594867489      -0.54648435088576      -0.23290700787230
    1     -1     65383.0000000000       0.00000000000000       0.00000000000000       0.00000000000000
    1     -1     65383.0000000000       0.00000000000000       0.00000000000000       0.00000000000000
    1     -1     65383.0000000000       0.07416023733554      -0.54712474142208      -0.23485053928437
    1     -1     65384.0000000000       0.07416023733554      -0.54712474142208      -0.23485053928437
    1     -1     65385.0000000000       0.07416023733554      -0.54712474142208      -0.23485053928437
    1     -1     65385.0000000000       0.00000000000000       0.00000000000000       0.00000000000000
    1     -1     65385.0000000000       0.00000000000000       0.00000000000000       0.00000000000000
    1     -1     65385.0000000000       0.06447421527478      -0.54761124044232      -0.23656923761538
    1     -1     65386.0000000000       0.06447421527478      -0.54761124044232      -0.23656923761538
    1     -1     65387.0000000000       0.06447421527478      -0.54761124044232      -0.23656923761538
    1     -1     65387.0000000000       0.00000000000000       0.00000000000000       0.00000000000000
    1     -1     65387.0000000000       0.00000000000000       0.00000000000000       0.00000000000000
    1     -1     65387.0000000000       0.05523375460167      -0.54796611680195      -0.23808058818307
    1     -1     65388.0000000000       0.05523375460167      -0.54796611680195      -0.23808058818307
    1     -1     65389.0000000000       0.05523375460167      -0.54796611680195      -0.23808058818307
    1     -1     65389.0000000000       0.00000000000000       0.00000000000000       0.00000000000000
    1     -1     65389.0000000000       0.00000000000000       0.00000000000000       0.00000000000000
    1     -1     65389.0000000000       0.04641592551763      -0.54820888021840      -0.23940046948165
    1     -1     65390.0000000000       0.04641592551763      -0.54820888021840      -0.23940046948165
    1     -1     65391.0000000000       0.04641592551763      -0.54820888021840      -0.23940046948165
    1     -1     65391.0000000000       0.00000000000000       0.00000000000000       0.00000000000000
    1     -1     65391.0000000000       0.00000000000000       0.00000000000000       0.00000000000000
    1     -1     65391.0000000000       0.03799899540380      -0.54835663037216      -0.24054330494776
    1     -1     65392.0000000000       0.03799899540380      -0.54835663037216      -0.24054330494776
    1     -1     65393.0000000000       0.03799899540380      -0.54835663037216      -0.24054330494776
    1     -1     65393.0000000000       0.00000000000000       0.00000000000000       0.00000000000000
    1     -1     65393.0000000000       0.00000000000000       0.00000000000000       0.00000000000000
    1     -1     65393.0000000000       0.02996244492269      -0.54842435810513      -0.24152220314338
    1     -1     65394.0000000000       0.02996244492269      -0.54842435810513      -0.24152220314338
    1     -1     65395.0000000000       0.02996244492269      -0.54842435810513      -0.24152220314338
    1     -1     65395.0000000000       0.00000000000000       0.00000000000000       0.00000000000000
    1     -1     65395.0000000000       0.00000000000000       0.00000000000000       0.00000000000000
    1     -1     65395.0000000000       0.02228695851470      -0.54842520957697      -0.24234908760013
    1     -1     65396.0000000000       0.02228695851470      -0.54842520957697      -0.24234908760013
    1     -1     65397.0000000000       0.02228695851470      -0.54842520957697      -0.24234908760013
    1     -1     65397.0000000000       0.00000000000000       0.00000000000000       0.00000000000000
    1     -1     65397.0000000000       0.00000000000000       0.00000000000000       0.00000000000000
    1     -1     65397.0000000000       0.01495439685207      -0.54837071757764      -0.24303481519770
    1     -1     65398.0000000000       0.01495439685207      -0.54837071757764      -0.24303481519770
    1     -1     65399.0000000000       0.01495439685207      -0.54837071757764      -0.24303481519770
    1     -1     65399.0000000000       0.00000000000000       0.00000000000000       0.00000000000000
    1     -1     65399.0000000000       0.00000000000000       0.00000000000000       0.00000000000000
    1     -1     65399.0000000000       0.00794775712386      -0.54827100365499      -0.24358928340108
    1     -1     65400.0000000000       0.00794775712386      -0.54827100365499      -0.24358928340108
    1     -1     65401.0000000000       0.00794775712386      -0.54827100365499      -0.24358928340108
    1     -1     65401.0000000000       0.00000000000000       0.00000000000000       0.00000000000000
    1     -1     65401.0000000000       0.00000000000000       0.00000000000000       0.00000000000000
    1     -1     65401.0000000000       0.00125112528520      -0.54813495446171      -0.24402152704787
    1     -1     65402.0000000000       0.00125112528520      -0.54813495446171      -0.24402152704787
    1     -1     65403.0000000000       0.00125112528520      -0.54813495446171      -0.24402152704787
    1     -1     65403.0000000000       0.00000000000000       0.00000000000000       0.00000000000000
    1     -1     65403.0000000000       0.00000000000000       0.00000000000000       0.00000000000000
    1     -1     65403.0000000000      -0.00515037667825      -0.54797037544944      -0.24433980545518
    1     -1     65404.0000000000      -0.00515037667825      -0.54797037544944      -0.24433980545518
    1     -1     65405.0000000000      -0.00515037667825      -0.54797037544944      -0.24433980545518
    1     -1     65405.0000000000       0.00000000000000       0.00000000000000       0.00000000000000
    1     -1     65405.0000000000       0.00000000000000       0.00000000000000       0.00000000000000
    1     -1     65405.0000000000      -0.01127064617006      -0.54778412474692      -0.24455168061201
    1     -1     65406.0000000000      -0.01127064617006      -0.54778412474692      -0.24455168061201
    1     -1     65407.0000000000      -0.01127064617006      -0.54778412474692      -0.24455168061201
    1     -1     65407.0000000000       0.00000000000000       0.00000000000000       0.00000000000000
    1     -1     65407.0000000000       0.00000000000000       0.00000000000000       0.00000000000000
    1     -1     65407.0000000000      -0.01712265639395      -0.54758222973277      -0.24466408726844
    1     -1     65408.0000000000      -0.01712265639395      -0.54758222973277      -0.24466408726844
    1     -1     65409.0000000000      -0.01712265639395      -0.54758222973277      -0.24466408726844
    1     -1     65409.0000000000       0.00000000000000       0.00000000000000       0.00000000000000
    1     -1     65409.0000000000       0.00000000000000       0.00000000000000       0.00000000000000
    1     -1     65409.0000000000      -0.02271851250156      -0.54736998854164      -0.24468339566395
    1     -1     65410.0000000000      -0.02271851250156      -0.54736998854164      -0.24468339566395
    1     -1     65411.0000000000      -0.02271851250156      -0.54736998854164      -0.24468339566395
    1     -1     65411.0000000000       0.00000000000000       0.00000000000000       0.00000000000000
    1     -1     65411.0000000000       0.00000000000000       0.00000000000000       0.00000000000000
    1     -1     65411.0000000000      -0.02806950657232      -0.54715205846007      -0.24461546762970
    1     -1     65412.0000000000      -0.02806950657232      -0.54715205846007      -0.24461546762970
    1     -1     65413.0000000000      -0.02806950657232      -0.54715205846007      -0.24461546762970
    1     -1     65413.0000000000       0.00000000000000       0.00000000000000       0.00000000000000
    1     -1     65413.0000000000       0.00000000000000       0.00000000000000       0.00000000000000
    1     -1     65413.0000000000      -0.03318617080571      -0.54693253293978      -0.24446570671432
    1     -1     65414.0000000000      -0.03318617080571      -0.54693253293978      -0.24446570671432
    1     -1     65415.0000000000      -0.03318617080571      -0.54693253293978      -0.24446570671432
    1     -1     65415.0000000000       0.00000000000000       0.00000000000000       0.00000000000000
    1     -1     65415.0000000000       0.00000000000000       0.00000000000000       0.00000000000000
    1     -1     65415.0000000000      -0.03807832849511      -0.54671500871419      -0.24423910298244
    1     -1     65416.0000000000      -0.03807832849511      -0.54671500871419      -0.24423910298244
    1     -1     65417.0000000000      -0.03807832849511      -0.54671500871419      -0.24423910298244
    1     -1     65417.0000000000       0.00000000000000       0.00000000000000       0.00000000000000
    1     -1     65417.0000000000       0.00000000000000       0.00000000000000       0.00000000000000
    1     -1     65417.0000000000      -0.04275514252069      -0.54650264432733      -0.24394027304090
    1     -1     65418.0000000000      -0.04275514252069      -0.54650264432733      -0.24394027304090
    1     -1     65419.0000000000      -0.04275514252069      -0.54650264432733      -0.24394027304090
    1     -1     65419.0000000000       0.00000000000000       0.00000000000000       0.00000000000000
    1     -1     65419.0000000000       0.00000000000000       0.00000000000000       0.00000000000000
    1     -1     65419.0000000000      -0.04722516121983      -0.54629821121639      -0.24357349578626
    1     -1     65420.0000000000      -0.04722516121983      -0.54629821121639      -0.24357349578626
    1     -1     65421.0000000000      -0.04722516121983      -0.54629821121639      -0.24357349578626
    1     -1     65421.0000000000       0.00000000000000       0.00000000000000       0.00000000000000
    1     -1     65421.0000000000       0.00000000000000       0.00000000000000       0.00000000000000
    1     -1     65421.0000000000      -0.05149636157436      -0.54610413832153      -0.24314274435545
    1     -1     65422.0000000000      -0.05149636157436      -0.54610413832153      -0.24314274435545
    1     -1     65423.0000000000      -0.05149636157436      -0.54610413832153      -0.24314274435545
    1     -1     65423.0000000000       0.00000000000000       0.00000000000000       0.00000000000000
    1     -1     65423.0000000000       0.00000000000000       0.00000000000000       0.00000000000000
    1     -1     65423.0000000000      -0.05557618970811      -0.54592255107033      -0.24265171470729
    1     -1     65424.0000000000      -0.05557618970811      -0.54592255107033      -0.24265171470729
    1     -1     65425.0000000000      -0.05557618970811      -0.54592255107033      -0.24265171470729
    1     -1     65425.0000000000       0.00000000000000       0.00000000000000       0.00000000000000
    1     -1     65425.0000000000       0.00000000000000       0.00000000000000       0.00000000000000
    1     -1     65425.0000000000      -0.05947159877920      -0.54575530549328      -0.24210385115603
    1     -1     65426.0000000000      -0.05947159877920      -0.54575530549328      -0.24210385115603
    1     -1     65427.0000000000      -0.05947159877920      -0.54575530549328      -0.24210385115603
    1     -1     65427.0000000000       0.00000000000000       0.00000000000000       0.00000000000000
    1     -1     65427.0000000000       0.00000000000000       0.00000000000000       0.00000000000000
    1     -1     65427.0000000000      -0.06318908431303      -0.54560401808488      -0.24150236924989
    1     -1     65428.0000000000      -0.06318908431303      -0.54560401808488      -0.24150236924989
    1     -1     65429.0000000000      -0.06318908431303      -0.54560401808488      -0.24150236924989
    1     -1     65429.0000000000       0.00000000000000       0.00000000000000       0.00000000000000
    1     -1     65429.0000000000       0.00000000000000       0.00000000000000       0.00000000000000
    1     -1     65429.0000000000      -0.06673471710810      -0.54547009197849      -0.24085027624954
    1     -1     65430.0000000000      -0.06673471710810      -0.54547009197849      -0.24085027624954
    1     -1     65431.0000000000      -0.06673471710810      -0.54547009197849      -0.24085027624954
    1     -1     65431.0000000000       0.00000000000000       0.00000000000000       0.00000000000000
    1     -1     65431.0000000000       0.00000000000000       0.00000000000000       0.00000000000000
    1     -1     65431.0000000000      -0.07011417383074      -0.54535473990705      -0.24015038948324
    1     -1     65432.0000000000      -0.07011417383074      -0.54535473990705      -0.24015038948324
    1     -1     65433.0000000000      -0.07011417383074      -0.54535473990705      -0.24015038948324
    1     -1     65433.0000000000       0.00000000000000       0.00000000000000       0.00000000000000
    1     -1     65433.0000000000       0.00000000000000       0.00000000000000       0.00000000000000
    1     -1     65433.0000000000      -0.07333276541238      -0.54525900436767      -0.23940535280764
    1     -1     65434.0000000000      -0.07333276541238      -0.54525900436767      -0.23940535280764
    1     -1     65435.0000000000      -0.07333276541238      -0.54525900436767      -0.23940535280764
    1     -1     65435.0000000000       0.00000000000000       0.00000000000000       0.00000000000000
    1     -1     65435.0000000000       0.00000000000000       0.00000000000000       0.00000000000000
    1     -1     65435.0000000000      -0.07639546340366      -0.54518377534234      -0.23861765138987
    1     -1     65436.0000000000      -0.07639546340366      -0.54518377534234      -0.23861765138987
    1     -1     65437.0000000000      -0.07639546340366      -0.54518377534234      -0.23861765138987
    1     -1     65437.0000000000       0.00000000000000       0.00000000000000       0.00000000000000
    1     -1     65437.0000000000       0.00000000000000       0.00000000000000       0.00000000000000
    1     -1     65437.0000000000      -0.07930692439225      -0.54512980589418      -0.23778962498229
    1     -1     65438.0000000000      -0.07930692439225      -0.54512980589418      -0.23778962498229
    1     -1     65439.0000000000      -0.07930692439225      -0.54512980589418      -0.23778962498229
    1     -1     65439.0000000000       0.00000000000000       0.00000000000000       0.00000000000000
    1     -1     65439.0000000000       0.00000000000000       0.00000000000000       0.00000000000000
    1     -1     65439.0000000000      -0.08207151263133      -0.54509772589501      -0.23692347988009
    1     -1     65440.0000000000      -0.08207151263133      -0.54509772589501      -0.23692347988009
    1     -1     65441.0000000000      -0.08207151263133      -0.54509772589501      -0.23692347988009
    1     -1     65441.0000000000       0.00000000000000       0.00000000000000       0.00000000000000
    1     -1     65441.0000000000       0.00000000000000       0.00000000000000       0.00000000000000
    1     -1     65441.0000000000      -0.08469332098599      -0.54508805414840      -0.23602129964279
    1     -1     65442.0000000000      -0.08469332098599      -0.54508805414840      -0.23602129964279
    1     -1     65443.0000000000      -0.08469332098599      -0.54508805414840      -0.23602129964279
    1     -1     65443.0000000000       0.00000000000000       0.00000000000000       0.00000000000000
    1     -1     65443.0000000000       0.00000000000000       0.00000000000000       0.00000000000000
    1     -1     65443.0000000000      -0.08717619033717      -0.54510120906475      -0.23508505480878
    1     -1     65444.0000000000      -0.08717619033717      -0.54510120906475      -0.23508505480878
    1     -1     65445.0000000000      -0.08717619033717      -0.54510120906475      -0.23508505480878
    1     -1     65445.0000000000       0.00000000000000       0.00000000000000       0.00000000000000
    1     -1     65445.0000000000       0.00000000000000       0.00000000000000       0.00000000000000
    1     -1     65445.0000000000      -0.08952372753497      -0.54513751811416      -0.23411661161177
    1     -1     65446.0000000000      -0.08952372753497      -0.54513751811416      -0.23411661161177
    1     -1     65447.0000000000      -0.08952372753497      -0.54513751811416      -0.23411661161177
    1     -1     65447.0000000000       0.00000000000000       0.00000000000000       0.00000000000000
    1     -1     65447.0000000000       0.00000000000000       0.00000000000000       0.00000000000000
    1     -1     65447.0000000000      -0.09173932202919      -0.54519722617457      -0.23311773987662
    1     -1     65448.0000000000      -0.09173932202919      -0.54519722617457      -0.23311773987662
    1     -1     65449.0000000000      -0.09173932202919      -0.54519722617457      -0.23311773987662
    1     -1     65449.0000000000       0.00000000000000       0.00000000000000       0.00000000000000
    1     -1     65449.0000000000       0.00000000000000       0.00000000000000       0.00000000000000
    1     -1     65449.0000000000      -0.09382616126784      -0.54528050294005      -0.23209012011541
    1     -1     65450.0000000000      -0.09382616126784      -0.54528050294005      -0.23209012011541
    1     -1     65451.0000000000      -0.09382616126784      -0.54528050294005      -0.23209012011541
    1     -1     65451.0000000000       0.00000000000000       0.00000000000000       0.00000000000000
    1     -1     65451.0000000000       0.00000000000000       0.00000000000000       0.00000000000000
    1     -1     65451.0000000000      -0.09578724493635      -0.54538744945519      -0.23103535003170
    1     -1     65452.0000000000      -0.09578724493635      -0.54538744945519      -0.23103535003170
    1     -1     65453.0000000000      -0.09578724493635      -0.54538744945519      -0.23103535003170
    1     -1     65453.0000000000       0.00000000000000       0.00000000000000       0.00000000000000
    1  23760     65453.0000000000      -45164943.254962839      319452517.013743341        2754622.422261110      -20.5135066709866       -5.3605623030418        1.2137932235408        2005.5165499315
    1  23760     65453.0000000000      -45164943.254962839      319452517.013743341        2754622.422261110      -20.5135066709866       -5.3605623030418        1.2137932235408        1965.5165499315
    1     -1     65453.0000000000       0.00000000000000       0.00000000000000       0.00000000000000
    1     -1     65453.0000000000      -0.57294289797935      -0.00740808966086      -0.17799313229055
    1     -1     65454.0000000000      -0.57294289797935      -0.00740808966086      -0.17799313229055
    1     -1     65455.0000000000      -0.57294289797935      -0.00740808966086      -0.17799313229055
    1     -1     65455.0000000000       0.00000000000000       0.00000000000000       0.00000000000000
    1     -1     65455.0000000000       0.00000000000000       0.00000000000000       0.00000000000000
    1     -1     65455.0000000000      -0.57107066219316      -0.00691791717030      -0.18393053168054
    1     -1     65456.0000000000      -0.57107066219316      -0.00691791717030      -0.18393053168054
    1     -1     65457.0000000000      -0.57107066219316      -0.00691791717030      -0.18393053168054
    1     -1     65457.0000000000       0.00000000000000       0.00000000000000       0.00000000000000
    1     -1     65457.0000000000       0.00000000000000       0.00000000000000       0.00000000000000
    1     -1     65457.0000000000      -0.56909297708496      -0.00638708641175      -0.18997996694321
    1     -1     65458.0000000000      -0.56909297708496      -0.00638708641175      -0.18997996694321
    1     -1     65459.0000000000      -0.56909297708496      -0.00638708641175      -0.18997996694321
    1     -1     65459.0000000000       0.00000000000000       0.00000000000000       0.00000000000000
    1     -1     65459.0000000000       0.00000000000000       0.00000000000000       0.00000000000000
    1     -1     65459.0000000000      -0.56700434355514      -0.00581221525391      -0.19614354902327
    1     -1     65460.0000000000      -0.56700434355514      -0.00581221525391      -0.19614354902327
    1     -1     65461.0000000000      -0.56700434355514      -0.00581221525391      -0.19614354902327
    1     -1     65461.0000000000       0.00000000000000       0.00000000000000       0.00000000000000
    1     -1     65461.0000000000       0.00000000000000       0.00000000000000       0.00000000000000
    1     -1     65461.0000000000      -0.56479897095448      -0.00518983623655      -0.20242328741673
    1     -1     65462.0000000000      -0.56479897095448      -0.00518983623655      -0.20242328741673
    1     -1     65463.0000000000      -0.56479897095448      -0.00518983623655      -0.20242328741673
    1     -1     65463.0000000000       0.00000000000000       0.00000000000000       0.00000000000000
    1     -1     65463.0000000000       0.00000000000000       0.00000000000000       0.00000000000000
    1     -1     65463.0000000000      -0.56247076162299      -0.00451638678479      -0.20882108095129
    1     -1     65464.0000000000      -0.56247076162299      -0.00451638678479      -0.20882108095129
    1     -1     65465.0000000000      -0.56247076162299      -0.00451638678479      -0.20882108095129
    1     -1     65465.0000000000       0.00000000000000       0.00000000000000       0.00000000000000
    1     -1     65465.0000000000       0.00000000000000       0.00000000000000       0.00000000000000
    1     -1     65465.0000000000      -0.56001321291515      -0.00378812866367      -0.21533892059188
    1     -1     65466.0000000000      -0.56001321291515      -0.00378812866367      -0.21533892059188
    1     -1     65467.0000000000      -0.56001321291515      -0.00378812866367      -0.21533892059188
    1     -1     65467.0000000000       0.00000000000000       0.00000000000000       0.00000000000000
    1     -1     65467.0000000000       0.00000000000000       0.00000000000000       0.00000000000000
    1     -1     65467.0000000000      -0.55741982253853      -0.00300184734741      -0.22197776833190
    1     -1     65468.0000000000      -0.55741982253853      -0.00300184734741      -0.22197776833190
    1     -1     65469.0000000000      -0.55741982253853      -0.00300184734741      -0.22197776833190
    1     -1     65469.0000000000       0.00000000000000       0.00000000000000       0.00000000000000
    1     -1     65469.0000000000       0.00000000000000       0.00000000000000       0.00000000000000
    1     -1     65469.0000000000      -0.55468339628762      -0.00215308398616      -0.22873935689378
    1     -1     65470.0000000000      -0.55468339628762      -0.00215308398616      -0.22873935689378
    1     -1     65471.0000000000      -0.55468339628762      -0.00215308398616      -0.22873935689378
    1     -1     65471.0000000000       0.00000000000000       0.00000000000000       0.00000000000000
    1     -1     65471.0000000000       0.00000000000000       0.00000000000000       0.00000000000000
    1     -1     65471.0000000000      -0.55179654230657      -0.00123801507707      -0.23562479177112
    1     -1     65472.0000000000      -0.55179654230657      -0.00123801507707      -0.23562479177112
    1     -1     65473.0000000000      -0.55179654230657      -0.00123801507707      -0.23562479177112
    1     -1     65473.0000000000       0.00000000000000       0.00000000000000       0.00000000000000
    1     -1     65473.0000000000       0.00000000000000       0.00000000000000       0.00000000000000
    1     -1     65473.0000000000      -0.54875169294287      -0.00025312950599      -0.24263452907157
    1     -1     65474.0000000000      -0.54875169294287      -0.00025312950599      -0.24263452907157
    1     -1     65475.0000000000      -0.54875169294287      -0.00025312950599      -0.24263452907157
    1     -1     65475.0000000000       0.00000000000000       0.00000000000000       0.00000000000000
    1     -1     65475.0000000000       0.00000000000000       0.00000000000000       0.00000000000000
    1     -1     65475.0000000000      -0.54554054028063       0.00080571129522      -0.24976963190032
    1     -1     65476.0000000000      -0.54554054028063       0.00080571129522      -0.24976963190032
    1     -1     65477.0000000000      -0.54554054028063       0.00080571129522      -0.24976963190032
    1     -1     65477.0000000000       0.00000000000000       0.00000000000000       0.00000000000000
    1     -1     65477.0000000000       0.00000000000000       0.00000000000000       0.00000000000000
    1     -1     65477.0000000000      -0.54215473554747       0.00194248956476      -0.25703009305867
    1     -1     65478.0000000000      -0.54215473554747       0.00194248956476      -0.25703009305867
    1     -1     65479.0000000000      -0.54215473554747       0.00194248956476      -0.25703009305867
    1     -1     65479.0000000000       0.00000000000000       0.00000000000000       0.00000000000000
    1     -1     65479.0000000000       0.00000000000000       0.00000000000000       0.00000000000000
    1     -1     65479.0000000000      -0.53858553311967       0.00316122936976      -0.26441563762961
    1     -1     65480.0000000000      -0.53858553311967       0.00316122936976      -0.26441563762961
    1     -1     65481.0000000000      -0.53858553311967       0.00316122936976      -0.26441563762961
    1     -1     65481.0000000000       0.00000000000000       0.00000000000000       0.00000000000000
    1     -1     65481.0000000000       0.00000000000000       0.00000000000000       0.00000000000000
    1     -1     65481.0000000000      -0.53482383327334       0.00446598273310      -0.27192558107143
    1     -1     65482.0000000000      -0.53482383327334       0.00446598273310      -0.27192558107143
    1     -1     65483.0000000000      -0.53482383327334       0.00446598273310      -0.27192558107143
    1     -1     65483.0000000000       0.00000000000000       0.00000000000000       0.00000000000000
    1     -1     65483.0000000000       0.00000000000000       0.00000000000000       0.00000000000000
    1     -1     65483.0000000000      -0.53086020778071       0.00586080711101      -0.27955874161798
    1     -1     65484.0000000000      -0.53086020778071       0.00586080711101      -0.27955874161798
    1     -1     65485.0000000000      -0.53086020778071       0.00586080711101      -0.27955874161798
    1     -1     65485.0000000000       0.00000000000000       0.00000000000000       0.00000000000000
    1     -1     65485.0000000000       0.00000000000000       0.00000000000000       0.00000000000000
    1     -1     65485.0000000000      -0.52668491447712       0.00734974595373      -0.28731338530713
    1     -1     65486.0000000000      -0.52668491447712       0.00734974595373      -0.28731338530713
    1     -1     65487.0000000000      -0.52668491447712       0.00734974595373      -0.28731338530713
    1     -1     65487.0000000000       0.00000000000000       0.00000000000000       0.00000000000000
    1     -1     65487.0000000000       0.00000000000000       0.00000000000000       0.00000000000000
    1     -1     65487.0000000000      -0.52228791883004       0.00893680986131      -0.29518716529295
    1     -1     65488.0000000000      -0.52228791883004       0.00893680986131      -0.29518716529295
    1     -1     65489.0000000000      -0.52228791883004       0.00893680986131      -0.29518716529295
    1     -1     65489.0000000000       0.00000000000000       0.00000000000000       0.00000000000000
    1     -1     65489.0000000000       0.00000000000000       0.00000000000000       0.00000000000000
    1     -1     65489.0000000000      -0.51765892077344       0.01062593943460      -0.30317706119495
    1     -1     65490.0000000000      -0.51765892077344       0.01062593943460      -0.30317706119495
    1     -1     65491.0000000000      -0.51765892077344       0.01062593943460      -0.30317706119495
    1     -1     65491.0000000000       0.00000000000000       0.00000000000000       0.00000000000000
    1     -1     65491.0000000000       0.00000000000000       0.00000000000000       0.00000000000000
    1     -1     65491.0000000000      -0.51278716057933       0.01242117126358      -0.31127968409362
    1     -1     65492.0000000000      -0.51278716057933       0.01242117126358      -0.31127968409362
    1     -1     65493.0000000000      -0.51278716057933       0.01242117126358      -0.31127968409362
    1     -1     65493.0000000000       0.00000000000000       0.00000000000000       0.00000000000000
    1     -1     65493.0000000000       0.00000000000000       0.00000000000000       0.00000000000000
    1     -1     65493.0000000000      -0.50766250637189       0.01432550140278      -0.31948952864495
    1     -1     65494.0000000000      -0.50766250637189       0.01432550140278      -0.31948952864495
    1     -1     65495.0000000000      -0.50766250637189       0.01432550140278      -0.31948952864495
    1     -1     65495.0000000000       0.00000000000000       0.00000000000000       0.00000000000000
    1     -1     65495.0000000000       0.00000000000000       0.00000000000000       0.00000000000000
    1     -1     65495.0000000000      -0.30795375842802       0.01002044123847      -0.20098143592901
    1     -1     65496.0000000000      -0.30795375842802       0.01002044123847      -0.20098143592901
    1     -1     65497.0000000000      -0.30795375842802       0.01002044123847      -0.20098143592901
    1     -1     65497.0000000000       0.00000000000000       0.00000000000000       0.00000000000000
    1     -1     65625.0000000000       0.00000000000000       0.00000000000000       0.00000000000000
    1     -1     65625.0000000000       0.06682544061031       0.06042168463867      -0.13043464932260
    1     -1     65626.0000000000       0.06682544061031       0.06042168463867      -0.13043464932260
    1     -1     65627.0000000000       0.06682544061031       0.06042168463867      -0.13043464932260
    1     -1     65627.0000000000       0.00000000000000       0.00000000000000       0.00000000000000
    1     -1     65627.0000000000       0.00000000000000       0.00000000000000       0.00000000000000
    1     -1     65627.0000000000       0.26145378985818       0.22930456827616      -0.48893898394020
    1     -1     65628.0000000000       0.26145378985818       0.22930456827616      -0.48893898394020
    1     -1     65629.0000000000       0.26145378985818       0.22930456827616      -0.48893898394020
    1     -1     65629.0000000000       0.00000000000000       0.00000000000000       0.00000000000000
    1     -1     65629.0000000000       0.00000000000000       0.00000000000000       0.00000000000000
    1     -1     65629.0000000000       0.26977997222020       0.22981363362133      -0.48415334313689
    1     -1     65630.0000000000       0.26977997222020       0.22981363362133      -0.48415334313689
    1     -1     65631.0000000000       0.26977997222020       0.22981363362133      -0.48415334313689
    1     -1     65631.0000000000       0.00000000000000       0.00000000000000       0.00000000000000
    1     -1     65631.0000000000       0.00000000000000       0.00000000000000       0.00000000000000
    1     -1     65631.0000000000       0.27791493027889       0.23022174969863      -0.47933415982358
    1     -1     65632.0000000000       0.27791493027889       0.23022174969863      -0.47933415982358
    1     -1     65633.0000000000       0.27791493027889       0.23022174969863      -0.47933415982358
    1     -1     65633.0000000000       0.00000000000000       0.00000000000000       0.00000000000000
    1     -1     65633.0000000000       0.00000000000000       0.00000000000000       0.00000000000000
    1     -1     65633.0000000000       0.28586448572779       0.23053136191756      -0.47448581248760
    1     -1     65634.0000000000       0.28586448572779       0.23053136191756      -0.47448581248760
    1     -1     65635.0000000000       0.28586448572779       0.23053136191756      -0.47448581248760
    1     -1     65635.0000000000       0.00000000000000       0.00000000000000       0.00000000000000
    1     -1     65635.0000000000       0.00000000000000       0.00000000000000       0.00000000000000
    1     -1     65635.0000000000       0.29363436057894       0.23074487279865      -0.46961224988764
    1     -1     65636.0000000000       0.29363436057894       0.23074487279865      -0.46961224988764
    1     -1     65637.0000000000       0.29363436057894       0.23074487279865      -0.46961224988764
    1     -1     65637.0000000000       0.00000000000000       0.00000000000000       0.00000000000000
    1     -1     65637.0000000000       0.00000000000000       0.00000000000000       0.00000000000000
    1     -1     65637.0000000000       0.30123013175961       0.23086467923862      -0.46471701806598
    1     -1     65638.0000000000       0.30123013175961       0.23086467923862      -0.46471701806598
    1     -1     65639.0000000000       0.30123013175961       0.23086467923862      -0.46471701806598
    1     -1     65639.0000000000       0.00000000000000       0.00000000000000       0.00000000000000
    1     -1     65639.0000000000       0.00000000000000       0.00000000000000       0.00000000000000
    1     -1     65639.0000000000       0.30865718961892       0.23089315739440      -0.45980331495651
    1     -1     65640.0000000000       0.30865718961892       0.23089315739440      -0.45980331495651
    1     -1     65641.0000000000       0.30865718961892       0.23089315739440      -0.45980331495651
    1     -1     65641.0000000000       0.00000000000000       0.00000000000000       0.00000000000000
    1     -1     65641.0000000000       0.00000000000000       0.00000000000000       0.00000000000000
    1     -1     65641.0000000000       0.31592072748342       0.23083266422242      -0.45487402031148
    1     -1     65642.0000000000       0.31592072748342       0.23083266422242      -0.45487402031148
    1     -1     65643.0000000000       0.31592072748342       0.23083266422242      -0.45487402031148
    1     -1     65643.0000000000       0.00000000000000       0.00000000000000       0.00000000000000
    1     -1     65643.0000000000       0.00000000000000       0.00000000000000       0.00000000000000
    1     -1     65643.0000000000       0.32302573246794       0.23068554040346      -0.44993172470089
    1     -1     65644.0000000000       0.32302573246794       0.23068554040346      -0.44993172470089
    1     -1     65645.0000000000       0.32302573246794       0.23068554040346      -0.44993172470089
    1     -1     65645.0000000000       0.00000000000000       0.00000000000000       0.00000000000000
    1     -1     65645.0000000000       0.00000000000000       0.00000000000000       0.00000000000000
    1     -1     65645.0000000000       0.32997697766149       0.23045411319361      -0.44497875815093
    1     -1     65646.0000000000       0.32997697766149       0.23045411319361      -0.44497875815093
    1     -1     65647.0000000000       0.32997697766149       0.23045411319361      -0.44497875815093
    1     -1     65647.0000000000       0.00000000000000       0.00000000000000       0.00000000000000
    1     -1     65647.0000000000       0.00000000000000       0.00000000000000       0.00000000000000
    1     -1     65647.0000000000       0.33677901662940       0.23014069934562      -0.44001721755273
    1     -1     65648.0000000000       0.33677901662940       0.23014069934562      -0.44001721755273
    1     -1     65649.0000000000       0.33677901662940       0.23014069934562      -0.44001721755273
    1     -1     65649.0000000000       0.00000000000000       0.00000000000000       0.00000000000000
    1     -1     65649.0000000000       0.00000000000000       0.00000000000000       0.00000000000000
    1     -1     65649.0000000000       0.34343618027135       0.22974760816169      -0.43504899253372
    1     -1     65650.0000000000       0.34343618027135       0.22974760816169      -0.43504899253372
    1     -1     65651.0000000000       0.34343618027135       0.22974760816169      -0.43504899253372
    1     -1     65651.0000000000       0.00000000000000       0.00000000000000       0.00000000000000
    1     -1     65651.0000000000       0.00000000000000       0.00000000000000       0.00000000000000
    1     -1     65651.0000000000       0.34995257584178       0.22927714464043      -0.43007578970134
    1     -1     65652.0000000000       0.34995257584178       0.22927714464043      -0.43007578970134
    1     -1     65653.0000000000       0.34995257584178       0.22927714464043      -0.43007578970134
    1     -1     65653.0000000000       0.00000000000000       0.00000000000000       0.00000000000000
    1     -1     65653.0000000000       0.00000000000000       0.00000000000000       0.00000000000000
    1     -1     65653.0000000000       0.35633208785037       0.22873161263400      -0.42509915529208
    1     -1     65654.0000000000       0.35633208785037       0.22873161263400      -0.42509915529208
    1     -1     65655.0000000000       0.35633208785037       0.22873161263400      -0.42509915529208
    1     -1     65655.0000000000       0.00000000000000       0.00000000000000       0.00000000000000
    1     -1     65655.0000000000       0.00000000000000       0.00000000000000       0.00000000000000
    1     -1     65655.0000000000       0.36257838065160       0.22811331795913      -0.42012049620762
    1     -1     65656.0000000000       0.36257838065160       0.22811331795913      -0.42012049620762
    1     -1     65657.0000000000       0.36257838065160       0.22811331795913      -0.42012049620762
    1     -1     65657.0000000000       0.00000000000000       0.00000000000000       0.00000000000000
    1     -1     65657.0000000000       0.00000000000000       0.00000000000000       0.00000000000000
    1     -1     65657.0000000000       0.36869490249003       0.22742457139178      -0.41514109948924
    1     -1     65658.0000000000       0.36869490249003       0.22742457139178      -0.41514109948924
    1     -1     65659.0000000000       0.36869490249003       0.22742457139178      -0.41514109948924
    1     -1     65659.0000000000       0.00000000000000       0.00000000000000       0.00000000000000
    1     -1     65659.0000000000       0.00000000000000       0.00000000000000       0.00000000000000
    1     -1     65659.0000000000       0.37468489080996       0.22666769149413      -0.41016215026676
    1     -1     65660.0000000000       0.37468489080996       0.22666769149413      -0.41016215026676
    1     -1     65661.0000000000       0.37468489080996       0.22666769149413      -0.41016215026676
    1     -1     65661.0000000000       0.00000000000000       0.00000000000000       0.00000000000000
    1     -1     65661.0000000000       0.00000000000000       0.00000000000000       0.00000000000000
    1     -1     65661.0000000000       0.38055137867896       0.22584500723872      -0.40518474819628
    1     -1     65662.0000000000       0.38055137867896       0.22584500723872      -0.40518474819628
    1     -1     65663.0000000000       0.38055137867896       0.22584500723872      -0.40518474819628
    1     -1     65663.0000000000       0.00000000000000       0.00000000000000       0.00000000000000
    1     -1     65663.0000000000       0.00000000000000       0.00000000000000       0.00000000000000
    1     -1     65663.0000000000       0.38629720212130       0.22495886037218      -0.40020992248232
    1     -1     65664.0000000000       0.38629720212130       0.22495886037218      -0.40020992248232
    1     -1     65665.0000000000       0.38629720212130       0.22495886037218      -0.40020992248232
    1     -1     65665.0000000000       0.00000000000000       0.00000000000000       0.00000000000000
    1     -1     65665.0000000000       0.00000000000000       0.00000000000000       0.00000000000000
    1     -1     65665.0000000000       0.39192500825037       0.22401160750491      -0.39523864549283
    1     -1     65666.0000000000       0.39192500825037       0.22401160750491      -0.39523864549283
    1     -1     65667.0000000000       0.39192500825037       0.22401160750491      -0.39523864549283
    1     -1     65667.0000000000       0.00000000000000       0.00000000000000       0.00000000000000
    1     -1     65667.0000000000       0.00000000000000       0.00000000000000       0.00000000000000
    1     -1     65667.0000000000       0.39743726404205       0.22300562188790      -0.39027184504799
    1     -1     65668.0000000000       0.39743726404205       0.22300562188790      -0.39027184504799
    1     -1     65669.0000000000       0.39743726404205       0.22300562188790      -0.39027184504799
    1     -1     65669.0000000000       0.00000000000000       0.00000000000000       0.00000000000000
    1     -1     65669.0000000000       0.00000000000000       0.00000000000000       0.00000000000000
    1     -1     65669.0000000000       0.40283626564143       0.22194329486474      -0.38531041541677
    1     -1     65670.0000000000       0.40283626564143       0.22194329486474      -0.38531041541677
    1     -1     65671.0000000000       0.40283626564143       0.22194329486474      -0.38531041541677
    1     -1     65671.0000000000       0.00000000000000       0.00000000000000       0.00000000000000
    1     -1     65671.0000000000       0.00000000000000       0.00000000000000       0.00000000000000
    1     -1     65671.0000000000       0.40812414806643       0.22082703697153      -0.38035522710675
    1     -1     65672.0000000000       0.40812414806643       0.22082703697153      -0.38035522710675
    1     -1     65673.0000000000       0.40812414806643       0.22082703697153      -0.38035522710675
    1     -1     65673.0000000000       0.00000000000000       0.00000000000000       0.00000000000000
    1     -1     65673.0000000000       0.00000000000000       0.00000000000000       0.00000000000000
    1     -1     65673.0000000000       0.41330289522848       0.21965927868552      -0.37540713547176
    1     -1     65674.0000000000       0.41330289522848       0.21965927868552      -0.37540713547176
    1     -1     65675.0000000000       0.41330289522848       0.21965927868552      -0.37540713547176
    1     -1     65675.0000000000       0.00000000000000       0.00000000000000       0.00000000000000
    1     -1     65675.0000000000       0.00000000000000       0.00000000000000       0.00000000000000
    1     -1     65675.0000000000       0.41837435015934       0.21844247080792      -0.37046698821363
    1     -1     65676.0000000000       0.41837435015934       0.21844247080792      -0.37046698821363
    1     -1     65677.0000000000       0.41837435015934       0.21844247080792      -0.37046698821363
    1     -1     65677.0000000000       0.00000000000000       0.00000000000000       0.00000000000000
    1     -1     65677.0000000000       0.00000000000000       0.00000000000000       0.00000000000000
    1     -1     65677.0000000000       0.42334022535617       0.21717908447917      -0.36553563183386
    1     -1     65678.0000000000       0.42334022535617       0.21717908447917      -0.36553563183386
    1     -1     65679.0000000000       0.42334022535617       0.21717908447917      -0.36553563183386
    1     -1     65679.0000000000       0.00000000000000       0.00000000000000       0.00000000000000
    1     -1     65679.0000000000       0.00000000000000       0.00000000000000       0.00000000000000
    1     -1     65679.0000000000       0.42820211317504       0.21587161083258      -0.36061391707612
    1     -1     65680.0000000000       0.42820211317504       0.21587161083258      -0.36061391707612
    1     -1     65681.0000000000       0.42820211317504       0.21587161083258      -0.36061391707612
    1     -1     65681.0000000000       0.00000000000000       0.00000000000000       0.00000000000000
    1     -1     65681.0000000000       0.00000000000000       0.00000000000000       0.00000000000000
    1     -1     65681.0000000000       0.43296149617733       0.21452256028367      -0.35570270344379
    1     -1     65682.0000000000       0.43296149617733       0.21452256028367      -0.35570270344379
    1     -1     65683.0000000000       0.43296149617733       0.21452256028367      -0.35570270344379
    1     -1     65683.0000000000       0.00000000000000       0.00000000000000       0.00000000000000
    1     -1     65683.0000000000       0.00000000000000       0.00000000000000       0.00000000000000
    1     -1     65683.0000000000       0.43761975737819       0.21313446147195      -0.35080286282372
    1     -1     65684.0000000000       0.43761975737819       0.21313446147195      -0.35080286282372
    1     -1     65685.0000000000       0.43761975737819       0.21313446147195      -0.35080286282372
    1     -1     65685.0000000000       0.00000000000000       0.00000000000000       0.00000000000000
    1     -1     65685.0000000000       0.00000000000000       0.00000000000000       0.00000000000000
    1     -1     65685.0000000000       0.44217819031465       0.21170985986053      -0.34591528229886
    1     -1     65686.0000000000       0.44217819031465       0.21170985986053      -0.34591528229886
    1     -1     65687.0000000000       0.44217819031465       0.21170985986053      -0.34591528229886
    1     -1     65687.0000000000       0.00000000000000       0.00000000000000       0.00000000000000
    1     -1     65687.0000000000       0.00000000000000       0.00000000000000       0.00000000000000
    1     -1     65687.0000000000       0.44663800888213       0.21025131601491      -0.34104086619613
    1     -1     65688.0000000000       0.44663800888213       0.21025131601491      -0.34104086619613
    1     -1     65689.0000000000       0.44663800888213       0.21025131601491      -0.34104086619613
    1     -1     65689.0000000000       0.00000000000000       0.00000000000000       0.00000000000000
    1     -1     65689.0000000000       0.00000000000000       0.00000000000000       0.00000000000000
    1     -1     65689.0000000000       0.45100035687742       0.20876140357361      -0.33618053744144
    1     -1     65690.0000000000       0.45100035687742       0.20876140357361      -0.33618053744144
    1     -1     65691.0000000000       0.45100035687742       0.20876140357361      -0.33618053744144
    1     -1     65691.0000000000       0.00000000000000       0.00000000000000       0.00000000000000
    1     -1     65691.0000000000       0.00000000000000       0.00000000000000       0.00000000000000
    1     -1     65691.0000000000       0.45526631718897       0.20724270693337      -0.33133523829517
    1     -1     65692.0000000000       0.45526631718897       0.20724270693337      -0.33133523829517
    1     -1     65693.0000000000       0.45526631718897       0.20724270693337      -0.33133523829517
    1     -1     65693.0000000000       0.00000000000000       0.00000000000000       0.00000000000000
    1  25792     65693.0000000000     -329609751.467608213       -8018980.216168790        8127658.209599966       -1.3682797015804      -20.8010078097205       -1.2929250363672        1820.4700505965
    1  25792     65693.0000000000     -329609751.467608213       -8018980.216168790        8127658.209599966       -1.3682797015804      -20.8010078097205       -1.2929250363672        1780.4700505965
    1     -1     65693.0000000000       0.00000000000000       0.00000000000000       0.00000000000000
    1     -1     65693.0000000000       0.03054192113917      -0.03312444872294       0.59830590940582
    1     -1     65694.0000000000       0.03054192113917      -0.03312444872294       0.59830590940582
    1     -1     65695.0000000000       0.03054192113917      -0.03312444872294       0.59830590940582
    1     -1     65695.0000000000       0.00000000000000       0.00000000000000       0.00000000000000
    1     -1     65695.0000000000       0.00000000000000       0.00000000000000       0.00000000000000
    1     -1     65695.0000000000       0.03234036861194      -0.03085474393243       0.59833275408832
    1     -1     65696.0000000000       0.03234036861194      -0.03085474393243       0.59833275408832
    1     -1     65697.0000000000       0.03234036861194      -0.03085474393243       0.59833275408832
    1     -1     65697.0000000000       0.00000000000000       0.00000000000000       0.00000000000000
    1     -1     65697.0000000000       0.00000000000000       0.00000000000000       0.00000000000000
    1     -1     65697.0000000000       0.03419682760393      -0.02851696737436       0.59834551793558
    1     -1     65698.0000000000       0.03419682760393      -0.02851696737436       0.59834551793558
    1     -1     65699.0000000000       0.03419682760393      -0.02851696737436       0.59834551793558
    1     -1     65699.0000000000       0.00000000000000       0.00000000000000       0.00000000000000
    1     -1     65699.0000000000       0.00000000000000       0.00000000000000       0.00000000000000
    1     -1     65699.0000000000       0.03611469970956      -0.02610759696939       0.59834281237880
    1     -1     65700.0000000000       0.03611469970956      -0.02610759696939       0.59834281237880
    1     -1     65701.0000000000       0.03611469970956      -0.02610759696939       0.59834281237880
    1     -1     65701.0000000000       0.00000000000000       0.00000000000000       0.00000000000000
    1     -1     65701.0000000000       0.00000000000000       0.00000000000000       0.00000000000000
    1     -1     65701.0000000000       0.03809762679293      -0.02362284287702       0.59832309950992
    1     -1     65702.0000000000       0.03809762679293      -0.02362284287702       0.59832309950992
    1     -1     65703.0000000000       0.03809762679293      -0.02362284287702       0.59832309950992
    1     -1     65703.0000000000       0.00000000000000       0.00000000000000       0.00000000000000
    1     -1     65703.0000000000       0.00000000000000       0.00000000000000       0.00000000000000
    1     -1     65703.0000000000       0.04014948343041      -0.02105865571997       0.59828467411387
    1     -1     65704.0000000000       0.04014948343041      -0.02105865571997       0.59828467411387
    1     -1     65705.0000000000       0.04014948343041      -0.02105865571997       0.59828467411387
    1     -1     65705.0000000000       0.00000000000000       0.00000000000000       0.00000000000000
    1     -1     65705.0000000000       0.00000000000000       0.00000000000000       0.00000000000000
    1     -1     65705.0000000000       0.04227439460250      -0.01841071251086       0.59822564347062
    1     -1     65706.0000000000       0.04227439460250      -0.01841071251086       0.59822564347062
    1     -1     65707.0000000000       0.04227439460250      -0.01841071251086       0.59822564347062
    1     -1     65707.0000000000       0.00000000000000       0.00000000000000       0.00000000000000
    1     -1     65707.0000000000       0.00000000000000       0.00000000000000       0.00000000000000
    1     -1     65707.0000000000       0.04447675776992      -0.01567439058803       0.59814390474030
    1     -1     65708.0000000000       0.04447675776992      -0.01567439058803       0.59814390474030
    1     -1     65709.0000000000       0.04447675776992      -0.01567439058803       0.59814390474030
    1     -1     65709.0000000000       0.00000000000000       0.00000000000000       0.00000000000000
    1     -1     65709.0000000000       0.00000000000000       0.00000000000000       0.00000000000000
    1     -1     65709.0000000000       0.04676126410022      -0.01284474317483       0.59803711927649
    1     -1     65710.0000000000       0.04676126410022      -0.01284474317483       0.59803711927649
    1     -1     65711.0000000000       0.04676126410022      -0.01284474317483       0.59803711927649
    1     -1     65711.0000000000       0.00000000000000       0.00000000000000       0.00000000000000
    1     -1     65711.0000000000       0.00000000000000       0.00000000000000       0.00000000000000
    1     -1     65711.0000000000       0.04913292120118      -0.00991647329926       0.59790268346240
    1     -1     65712.0000000000       0.04913292120118      -0.00991647329926       0.59790268346240
    1     -1     65713.0000000000       0.04913292120118      -0.00991647329926       0.59790268346240
    1     -1     65713.0000000000       0.00000000000000       0.00000000000000       0.00000000000000
    1     -1     65713.0000000000       0.00000000000000       0.00000000000000       0.00000000000000
    1     -1     65713.0000000000       0.05159707758757      -0.00688390584695       0.59773769556948
    1     -1     65714.0000000000       0.05159707758757      -0.00688390584695       0.59773769556948
    1     -1     65715.0000000000       0.05159707758757      -0.00688390584695       0.59773769556948
    1     -1     65715.0000000000       0.00000000000000       0.00000000000000       0.00000000000000
    1     -1     65715.0000000000       0.00000000000000       0.00000000000000       0.00000000000000
    1     -1     65715.0000000000       0.05415944913008      -0.00374095705043       0.59753891805494
    1     -1     65716.0000000000       0.05415944913008      -0.00374095705043       0.59753891805494
    1     -1     65717.0000000000       0.05415944913008      -0.00374095705043       0.59753891805494
    1     -1     65717.0000000000       0.00000000000000       0.00000000000000       0.00000000000000
    1     -1     65717.0000000000       0.00000000000000       0.00000000000000       0.00000000000000
    1     -1     65717.0000000000       0.05682614750334      -0.00048110175996       0.59730273461707
    1     -1     65718.0000000000       0.05682614750334      -0.00048110175996       0.59730273461707
    1     -1     65719.0000000000       0.05682614750334      -0.00048110175996       0.59730273461707
    1     -1     65719.0000000000       0.00000000000000       0.00000000000000       0.00000000000000
    1     -1     65719.0000000000       0.00000000000000       0.00000000000000       0.00000000000000
    1     -1     65719.0000000000       0.05960371082541       0.00290266215308       0.59702510122127
    1     -1     65720.0000000000       0.05960371082541       0.00290266215308       0.59702510122127
    1     -1     65721.0000000000       0.05960371082541       0.00290266215308       0.59702510122127
    1     -1     65721.0000000000       0.00000000000000       0.00000000000000       0.00000000000000
    1     -1     65721.0000000000       0.00000000000000       0.00000000000000       0.00000000000000
    1     -1     65721.0000000000       0.06249913651470       0.00641785215682       0.59670149018467
    1     -1     65722.0000000000       0.06249913651470       0.00641785215682       0.59670149018467
    1     -1     65723.0000000000       0.06249913651470       0.00641785215682       0.59670149018467
    1     -1     65723.0000000000       0.00000000000000       0.00000000000000       0.00000000000000
    1     -1     65723.0000000000       0.00000000000000       0.00000000000000       0.00000000000000
    1     -1     65723.0000000000       0.06551991644218       0.01007254229330       0.59632682626322
    1     -1     65724.0000000000       0.06551991644218       0.01007254229330       0.59632682626322
    1     -1     65725.0000000000       0.06551991644218       0.01007254229330       0.59632682626322
    1     -1     65725.0000000000       0.00000000000000       0.00000000000000       0.00000000000000
    1     -1     65725.0000000000       0.00000000000000       0.00000000000000       0.00000000000000
    1     -1     65725.0000000000       0.06867407441717       0.01387540754427       0.59589541351518
    1     -1     65726.0000000000       0.06867407441717       0.01387540754427       0.59589541351518
    1     -1     65727.0000000000       0.06867407441717       0.01387540754427       0.59589541351518
    1     -1     65727.0000000000       0.00000000000000       0.00000000000000       0.00000000000000
    1     -1     65727.0000000000       0.00000000000000       0.00000000000000       0.00000000000000
    1     -1     65727.0000000000       0.07197020592268       0.01783577118959       0.59540085153241
    1     -1     65728.0000000000       0.07197020592268       0.01783577118959       0.59540085153241
    1     -1     65729.0000000000       0.07197020592268       0.01783577118959       0.59540085153241
    1     -1     65729.0000000000       0.00000000000000       0.00000000000000       0.00000000000000
    1     -1     65729.0000000000       0.00000000000000       0.00000000000000       0.00000000000000
    1     -1     65729.0000000000       0.07541752005421       0.02196365529617       0.59483593939414
    1     -1     65730.0000000000       0.07541752005421       0.02196365529617       0.59483593939414
    1     -1     65731.0000000000       0.07541752005421       0.02196365529617       0.59483593939414
    1     -1     65731.0000000000       0.00000000000000       0.00000000000000       0.00000000000000
    1     -1     65731.0000000000       0.00000000000000       0.00000000000000       0.00000000000000
    1     -1     65731.0000000000       0.07902588340298       0.02626983416964       0.59419256545759
    1     -1     65732.0000000000       0.07902588340298       0.02626983416964       0.59419256545759
    1     -1     65733.0000000000       0.07902588340298       0.02626983416964       0.59419256545759
    1     -1     65733.0000000000       0.00000000000000       0.00000000000000       0.00000000000000
    1     -1     65733.0000000000       0.00000000000000       0.00000000000000       0.00000000000000
    1     -1     65733.0000000000       0.08280586554088       0.03076589051064       0.59346158080630
    1     -1     65734.0000000000       0.08280586554088       0.03076589051064       0.59346158080630
    1     -1     65735.0000000000       0.08280586554088       0.03076589051064       0.59346158080630
    1     -1     65735.0000000000       0.00000000000000       0.00000000000000       0.00000000000000
    1     -1     65735.0000000000       0.00000000000000       0.00000000000000       0.00000000000000
    1     -1     65735.0000000000       0.08676878552243       0.03546427387555       0.59263265385687
    1     -1     65736.0000000000       0.08676878552243       0.03546427387555       0.59263265385687
    1     -1     65737.0000000000       0.08676878552243       0.03546427387555       0.59263265385687
    1     -1     65737.0000000000       0.00000000000000       0.00000000000000       0.00000000000000
    1     -1     65737.0000000000       0.00000000000000       0.00000000000000       0.00000000000000
    1     -1     65737.0000000000       0.09092675866345       0.04037836078074       0.59169410324898
    1     -1     65738.0000000000       0.09092675866345       0.04037836078074       0.59169410324898
    1     -1     65739.0000000000       0.09092675866345       0.04037836078074       0.59169410324898
    1     -1     65739.0000000000       0.00000000000000       0.00000000000000       0.00000000000000
    1     -1     65739.0000000000       0.00000000000000       0.00000000000000       0.00000000000000
    1     -1     65739.0000000000       0.09529274227316       0.04552251532829       0.59063270578952
    1     -1     65740.0000000000       0.09529274227316       0.04552251532829       0.59063270578952
    1     -1     65741.0000000000       0.09529274227316       0.04552251532829       0.59063270578952
    1     -1     65741.0000000000       0.00000000000000       0.00000000000000       0.00000000000000
    1     -1     65741.0000000000       0.00000000000000       0.00000000000000       0.00000000000000
    1     -1     65741.0000000000       0.09988057896529       0.05091214933819       0.58943347569961
    1     -1     65742.0000000000       0.09988057896529       0.05091214933819       0.58943347569961
    1     -1     65743.0000000000       0.09988057896529       0.05091214933819       0.58943347569961
    1     -1     65743.0000000000       0.00000000000000       0.00000000000000       0.00000000000000
    1     -1     65743.0000000000       0.00000000000000       0.00000000000000       0.00000000000000
    1     -1     65743.0000000000       0.10470503170122       0.05656378170148       0.58807941148800
    1     -1     65744.0000000000       0.10470503170122       0.05656378170148       0.58807941148800
    1     -1     65745.0000000000       0.10470503170122       0.05656378170148       0.58807941148800
    1     -1     65745.0000000000       0.00000000000000       0.00000000000000       0.00000000000000
    1     -1     65745.0000000000       0.00000000000000       0.00000000000000       0.00000000000000
    1     -1     65745.0000000000       0.09657003161668       0.05497399644200       0.51596267114149
    1     -1     65746.0000000000       0.09657003161668       0.05497399644200       0.51596267114149
    1     -1     65747.0000000000       0.09657003161668       0.05497399644200       0.51596267114149
    1     -1     65747.0000000000       0.00000000000000       0.00000000000000       0.00000000000000
    1     -1     65859.0000000000       0.00000000000000       0.00000000000000       0.00000000000000
    1     -1     65859.0000000000       0.04043676236193       0.04527082406876      -0.04902209040245
    1     -1     65860.0000000000       0.04043676236193       0.04527082406876      -0.04902209040245
    1     -1     65861.0000000000       0.04043676236193       0.04527082406876      -0.04902209040245
    1     -1     65861.0000000000       0.00000000000000       0.00000000000000       0.00000000000000
    1     -1     65861.0000000000       0.00000000000000       0.00000000000000       0.00000000000000
    1     -1     65861.0000000000       0.30730339260549       0.34462309035309      -0.38314429366577
    1     -1     65862.0000000000       0.30730339260549       0.34462309035309      -0.38314429366577
    1     -1     65863.0000000000       0.30730339260549       0.34462309035309      -0.38314429366577
    1     -1     65863.0000000000       0.00000000000000       0.00000000000000       0.00000000000000
    1     -1     65863.0000000000       0.00000000000000       0.00000000000000       0.00000000000000
    1     -1     65863.0000000000       0.30382303236400       0.34128288076467      -0.38886702043515
    1     -1     65864.0000000000       0.30382303236400       0.34128288076467      -0.38886702043515
    1     -1     65865.0000000000       0.30382303236400       0.34128288076467      -0.38886702043515
    1     -1     65865.0000000000       0.00000000000000       0.00000000000000       0.00000000000000
    1     -1     65865.0000000000       0.00000000000000       0.00000000000000       0.00000000000000
    1     -1     65865.0000000000       0.30050861616877       0.33810531275079      -0.39418189757778
    1     -1     65866.0000000000       0.30050861616877       0.33810531275079      -0.39418189757778
    1     -1     65867.0000000000       0.30050861616877       0.33810531275079      -0.39418189757778
    1     -1     65867.0000000000       0.00000000000000       0.00000000000000       0.00000000000000
    1     -1     65867.0000000000       0.00000000000000       0.00000000000000       0.00000000000000
    1     -1     65867.0000000000       0.29735374712704       0.33508625279414      -0.39912147466391
    1     -1     65868.0000000000       0.29735374712704       0.33508625279414      -0.39912147466391
    1     -1     65869.0000000000       0.29735374712704       0.33508625279414      -0.39912147466391
    1     -1     65869.0000000000       0.00000000000000       0.00000000000000       0.00000000000000
    1     -1     65869.0000000000       0.00000000000000       0.00000000000000       0.00000000000000
    1     -1     65869.0000000000       0.29435188792982       0.33222120809604      -0.40371528859254
    1     -1     65870.0000000000       0.29435188792982       0.33222120809604      -0.40371528859254
    1     -1     65871.0000000000       0.29435188792982       0.33222120809604      -0.40371528859254
    1     -1     65871.0000000000       0.00000000000000       0.00000000000000       0.00000000000000
    1     -1     65871.0000000000       0.00000000000000       0.00000000000000       0.00000000000000
    1     -1     65871.0000000000       0.29149647884536       0.32950546299073      -0.40799013708670
    1     -1     65872.0000000000       0.29149647884536       0.32950546299073      -0.40799013708670
    1     -1     65873.0000000000       0.29149647884536       0.32950546299073      -0.40799013708670
    1     -1     65873.0000000000       0.00000000000000       0.00000000000000       0.00000000000000
    1     -1     65873.0000000000       0.00000000000000       0.00000000000000       0.00000000000000
    1     -1     65873.0000000000       0.28878102290099       0.32693418636315      -0.41197033616430
    1     -1     65874.0000000000       0.28878102290099       0.32693418636315      -0.41197033616430
    1     -1     65875.0000000000       0.28878102290099       0.32693418636315      -0.41197033616430
    1     -1     65875.0000000000       0.00000000000000       0.00000000000000       0.00000000000000
    1     -1     65875.0000000000       0.00000000000000       0.00000000000000       0.00000000000000
    1     -1     65875.0000000000       0.28619914143113       0.32450250905749      -0.41567796710853
    1     -1     65876.0000000000       0.28619914143113       0.32450250905749      -0.41567796710853
    1     -1     65877.0000000000       0.28619914143113       0.32450250905749      -0.41567796710853
    1     -1     65877.0000000000       0.00000000000000       0.00000000000000       0.00000000000000
    1     -1     65877.0000000000       0.00000000000000       0.00000000000000       0.00000000000000
    1     -1     65877.0000000000       0.28374461489440       0.32220558358621      -0.41913309903215
    1     -1     65878.0000000000       0.28374461489440       0.32220558358621      -0.41913309903215
    1     -1     65879.0000000000       0.28374461489440       0.32220558358621      -0.41913309903215
    1     -1     65879.0000000000       0.00000000000000       0.00000000000000       0.00000000000000
    1     -1     65879.0000000000       0.00000000000000       0.00000000000000       0.00000000000000
    1     -1     65879.0000000000       0.28141141199551       0.32003862984871      -0.42235398883313
    1     -1     65880.0000000000       0.28141141199551       0.32003862984871      -0.42235398883313
    1     -1     65881.0000000000       0.28141141199551       0.32003862984871      -0.42235398883313
    1     -1     65881.0000000000       0.00000000000000       0.00000000000000       0.00000000000000
    1     -1     65881.0000000000       0.00000000000000       0.00000000000000       0.00000000000000
    1     -1     65881.0000000000       0.27919370939305       0.31799696931371      -0.42535726092621
    1     -1     65882.0000000000       0.27919370939305       0.31799696931371      -0.42535726092621
    1     -1     65883.0000000000       0.27919370939305       0.31799696931371      -0.42535726092621
    1     -1     65883.0000000000       0.00000000000000       0.00000000000000       0.00000000000000
    1     -1     65883.0000000000       0.00000000000000       0.00000000000000       0.00000000000000
    1     -1     65883.0000000000       0.27708590395000       0.31607604993517      -0.42815806867277
    1     -1     65884.0000000000       0.27708590395000       0.31607604993517      -0.42815806867277
    1     -1     65885.0000000000       0.27708590395000       0.31607604993517      -0.42815806867277
    1     -1     65885.0000000000       0.00000000000000       0.00000000000000       0.00000000000000
    1     -1     65885.0000000000       0.00000000000000       0.00000000000000       0.00000000000000
    1     -1     65885.0000000000       0.27508261924599       0.31427146373360      -0.43077023916644
    1     -1     65886.0000000000       0.27508261924599       0.31427146373360      -0.43077023916644
    1     -1     65887.0000000000       0.27508261924599       0.31427146373360      -0.43077023916644
    1     -1     65887.0000000000       0.00000000000000       0.00000000000000       0.00000000000000
    1     -1     65887.0000000000       0.00000000000000       0.00000000000000       0.00000000000000
    1     -1     65887.0000000000       0.27317870760146       0.31257895843156      -0.43320640316024
    1     -1     65888.0000000000       0.27317870760146       0.31257895843156      -0.43320640316024
    1     -1     65889.0000000000       0.27317870760146       0.31257895843156      -0.43320640316024
    1     -1     65889.0000000000       0.00000000000000       0.00000000000000       0.00000000000000
    1     -1     65889.0000000000       0.00000000000000       0.00000000000000       0.00000000000000
    1     -1     65889.0000000000       0.27136924876647       0.31099444456291      -0.43547811145329
    1     -1     65890.0000000000       0.27136924876647       0.31099444456291      -0.43547811145329
    1     -1     65891.0000000000       0.27136924876647       0.31099444456291      -0.43547811145329
    1     -1     65891.0000000000       0.00000000000000       0.00000000000000       0.00000000000000
    1     -1     65891.0000000000       0.00000000000000       0.00000000000000       0.00000000000000
    1     -1     65891.0000000000       0.26964954613000       0.30951399902528      -0.43759593914851
    1     -1     65892.0000000000       0.26964954613000       0.30951399902528      -0.43759593914851
    1     -1     65893.0000000000       0.26964954613000       0.30951399902528      -0.43759593914851
    1     -1     65893.0000000000       0.00000000000000       0.00000000000000       0.00000000000000
    1     -1     65893.0000000000       0.00000000000000       0.00000000000000       0.00000000000000
    1     -1     65893.0000000000       0.26801512097969       0.30813386578871      -0.43956957920260
    1     -1     65894.0000000000       0.26801512097969       0.30813386578871      -0.43956957920260
    1     -1     65895.0000000000       0.26801512097969       0.30813386578871      -0.43956957920260
    1     -1     65895.0000000000       0.00000000000000       0.00000000000000       0.00000000000000
    1     -1     65895.0000000000       0.00000000000000       0.00000000000000       0.00000000000000
    1     -1     65895.0000000000       0.26646170530724       0.30685045430485      -0.44140792650072
    1     -1     65896.0000000000       0.26646170530724       0.30685045430485      -0.44140792650072
    1     -1     65897.0000000000       0.26646170530724       0.30685045430485      -0.44140792650072
    1     -1     65897.0000000000       0.00000000000000       0.00000000000000       0.00000000000000
    1     -1     65897.0000000000       0.00000000000000       0.00000000000000       0.00000000000000
    1     -1     65897.0000000000       0.26498523370138       0.30566033646977      -0.44311915317374
    1     -1     65898.0000000000       0.26498523370138       0.30566033646977      -0.44311915317374
    1     -1     65899.0000000000       0.26498523370138       0.30566033646977      -0.44311915317374
    1     -1     65899.0000000000       0.00000000000000       0.00000000000000       0.00000000000000
    1     -1     65899.0000000000       0.00000000000000       0.00000000000000       0.00000000000000
    1     -1     65899.0000000000       0.26358183299950       0.30456024089225      -0.44471077821465
    1     -1     65900.0000000000       0.26358183299950       0.30456024089225      -0.44471077821465
    1     -1     65901.0000000000       0.26358183299950       0.30456024089225      -0.44471077821465
    1     -1     65901.0000000000       0.00000000000000       0.00000000000000       0.00000000000000
    1     -1     65901.0000000000       0.00000000000000       0.00000000000000       0.00000000000000
    1     -1     65901.0000000000       0.26224779486025       0.30354703350294      -0.44618974867482
    1     -1     65902.0000000000       0.26224779486025       0.30354703350294      -0.44618974867482
    1     -1     65903.0000000000       0.26224779486025       0.30354703350294      -0.44618974867482
    1     -1     65903.0000000000       0.00000000000000       0.00000000000000       0.00000000000000
    1   9595     65903.0000000000     -181588137.488441378     -318015903.428455949        4726328.219744380       15.7505445640374      -10.3361390718151       -0.9739544173359        1653.5754137254
    1   9595     65903.0000000000     -181588137.488441378     -318015903.428455949        4726328.219744380       15.7505445640374      -10.3361390718151       -0.9739544173359        1613.5754137254
    1     -1     65903.0000000000       0.00000000000000       0.00000000000000       0.00000000000000
    1     -1     65903.0000000000      -0.37115848123551      -0.31968335267641       0.34647357057720
    1     -1     65904.0000000000      -0.37115848123551      -0.31968335267641       0.34647357057720
    1     -1     65905.0000000000      -0.37115848123551      -0.31968335267641       0.34647357057720
    1     -1     65905.0000000000       0.00000000000000       0.00000000000000       0.00000000000000
    1     -1     65905.0000000000       0.00000000000000       0.00000000000000       0.00000000000000
    1     -1     65905.0000000000      -0.37101188556286      -0.31984454697174       0.34648181167780
    1     -1     65906.0000000000      -0.37101188556286      -0.31984454697174       0.34648181167780
    1     -1     65907.0000000000      -0.37101188556286      -0.31984454697174       0.34648181167780
    1     -1     65907.0000000000       0.00000000000000       0.00000000000000       0.00000000000000
    1     -1     65907.0000000000       0.00000000000000       0.00000000000000       0.00000000000000
    1     -1     65907.0000000000      -0.37086222461102      -0.32006225064274       0.34644099836778
    1     -1     65908.0000000000      -0.37086222461102      -0.32006225064274       0.34644099836778
    1     -1     65909.0000000000      -0.37086222461102      -0.32006225064274       0.34644099836778
    1     -1     65909.0000000000       0.00000000000000       0.00000000000000       0.00000000000000
    1     -1     65909.0000000000       0.00000000000000       0.00000000000000       0.00000000000000
    1     -1     65909.0000000000      -0.37070868371016      -0.32033825606794       0.34635021697875
    1     -1     65910.0000000000      -0.37070868371016      -0.32033825606794       0.34635021697875
    1     -1     65911.0000000000      -0.37070868371016      -0.32033825606794       0.34635021697875
    1     -1     65911.0000000000       0.00000000000000       0.00000000000000       0.00000000000000
    1     -1     65911.0000000000       0.00000000000000       0.00000000000000       0.00000000000000
    1     -1     65911.0000000000      -0.37055041328213      -0.32067438887009       0.34620850194534
    1     -1     65912.0000000000      -0.37055041328213      -0.32067438887009       0.34620850194534
    1     -1     65913.0000000000      -0.37055041328213      -0.32067438887009       0.34620850194534
    1     -1     65913.0000000000       0.00000000000000       0.00000000000000       0.00000000000000
    1     -1     65913.0000000000       0.00000000000000       0.00000000000000       0.00000000000000
    1     -1     65913.0000000000      -0.37038652610873      -0.32107251074686       0.34601483118475
    1     -1     65914.0000000000      -0.37038652610873      -0.32107251074686       0.34601483118475
    1     -1     65915.0000000000      -0.37038652610873      -0.32107251074686       0.34601483118475
    1     -1     65915.0000000000       0.00000000000000       0.00000000000000       0.00000000000000
    1     -1     65915.0000000000       0.00000000000000       0.00000000000000       0.00000000000000
    1     -1     65915.0000000000      -0.37021609445351      -0.32153452242970       0.34576812110647
    1     -1     65916.0000000000      -0.37021609445351      -0.32153452242970       0.34576812110647
    1     -1     65917.0000000000      -0.37021609445351      -0.32153452242970       0.34576812110647
    1     -1     65917.0000000000       0.00000000000000       0.00000000000000       0.00000000000000
    1     -1     65917.0000000000       0.00000000000000       0.00000000000000       0.00000000000000
    1     -1     65917.0000000000      -0.37003814694806      -0.32206236666371       0.34546722140055
    1     -1     65918.0000000000      -0.37003814694806      -0.32206236666371       0.34546722140055
    1     -1     65919.0000000000      -0.37003814694806      -0.32206236666371       0.34546722140055
    1     -1     65919.0000000000       0.00000000000000       0.00000000000000       0.00000000000000
    1     -1     65919.0000000000       0.00000000000000       0.00000000000000       0.00000000000000
    1     -1     65919.0000000000      -0.36985166530261      -0.32265803096886       0.34511090971481
    1     -1     65920.0000000000      -0.36985166530261      -0.32265803096886       0.34511090971481
    1     -1     65921.0000000000      -0.36985166530261      -0.32265803096886       0.34511090971481
    1     -1     65921.0000000000       0.00000000000000       0.00000000000000       0.00000000000000
    1     -1     65921.0000000000       0.00000000000000       0.00000000000000       0.00000000000000
    1     -1     65921.0000000000      -0.36965558089566      -0.32332355014038       0.34469788615151
    1     -1     65922.0000000000      -0.36965558089566      -0.32332355014038       0.34469788615151
    1     -1     65923.0000000000      -0.36965558089566      -0.32332355014038       0.34469788615151
    1     -1     65923.0000000000       0.00000000000000       0.00000000000000       0.00000000000000
    1     -1     65923.0000000000       0.00000000000000       0.00000000000000       0.00000000000000
    1     -1     65923.0000000000      -0.36944877100350      -0.32406100893896       0.34422676736341
    1     -1     65924.0000000000      -0.36944877100350      -0.32406100893896       0.34422676736341
    1     -1     65925.0000000000      -0.36944877100350      -0.32406100893896       0.34422676736341
    1     -1     65925.0000000000       0.00000000000000       0.00000000000000       0.00000000000000
    1     -1     65925.0000000000       0.00000000000000       0.00000000000000       0.00000000000000
    1     -1     65925.0000000000      -0.36923005467695      -0.32487254513765       0.34369608001699
    1     -1     65926.0000000000      -0.36923005467695      -0.32487254513765       0.34369608001699
    1     -1     65927.0000000000      -0.36923005467695      -0.32487254513765       0.34369608001699
    1     -1     65927.0000000000       0.00000000000000       0.00000000000000       0.00000000000000
    1     -1     65927.0000000000       0.00000000000000       0.00000000000000       0.00000000000000
    1     -1     65927.0000000000      -0.36899818803412      -0.32576035298929       0.34310425373030
    1     -1     65928.0000000000      -0.36899818803412      -0.32576035298929       0.34310425373030
    1     -1     65929.0000000000      -0.36899818803412      -0.32576035298929       0.34310425373030
    1     -1     65929.0000000000       0.00000000000000       0.00000000000000       0.00000000000000
    1     -1     65929.0000000000       0.00000000000000       0.00000000000000       0.00000000000000
    1     -1     65929.0000000000      -0.36875185918775      -0.32672668675317       0.34244961350375
    1     -1     65930.0000000000      -0.36875185918775      -0.32672668675317       0.34244961350375
    1     -1     65931.0000000000      -0.36875185918775      -0.32672668675317       0.34244961350375
    1     -1     65931.0000000000       0.00000000000000       0.00000000000000       0.00000000000000
    1     -1     65931.0000000000       0.00000000000000       0.00000000000000       0.00000000000000
    1     -1     65931.0000000000      -0.36848968268095      -0.32777386425568       0.34173037170932
    1     -1     65932.0000000000      -0.36848968268095      -0.32777386425568       0.34173037170932
    1     -1     65933.0000000000      -0.36848968268095      -0.32777386425568       0.34173037170932
    1     -1     65933.0000000000       0.00000000000000       0.00000000000000       0.00000000000000
    1     -1     65933.0000000000       0.00000000000000       0.00000000000000       0.00000000000000
    1     -1     65933.0000000000      -0.36821019347985      -0.32890427039205       0.34094461957245
    1     -1     65934.0000000000      -0.36821019347985      -0.32890427039205       0.34094461957245
    1     -1     65935.0000000000      -0.36821019347985      -0.32890427039205       0.34094461957245
    1     -1     65935.0000000000       0.00000000000000       0.00000000000000       0.00000000000000
    1     -1     65935.0000000000       0.00000000000000       0.00000000000000       0.00000000000000
    1     -1     65935.0000000000      -0.36791184042600      -0.33012036062363       0.34009031808636
    1     -1     65936.0000000000      -0.36791184042600      -0.33012036062363       0.34009031808636
    1     -1     65937.0000000000      -0.36791184042600      -0.33012036062363       0.34009031808636
    1     -1     65937.0000000000       0.00000000000000       0.00000000000000       0.00000000000000
    1     -1     65937.0000000000       0.00000000000000       0.00000000000000       0.00000000000000
    1     -1     65937.0000000000      -0.36759297916063      -0.33142466434379       0.33916528834245
    1     -1     65938.0000000000      -0.36759297916063      -0.33142466434379       0.33916528834245
    1     -1     65939.0000000000      -0.36759297916063      -0.33142466434379       0.33916528834245
    1     -1     65939.0000000000       0.00000000000000       0.00000000000000       0.00000000000000
    1     -1     65939.0000000000       0.00000000000000       0.00000000000000       0.00000000000000
    1     -1     65939.0000000000      -0.36725186438453      -0.33281978825485       0.33816720114772
    1     -1     65940.0000000000      -0.36725186438453      -0.33281978825485       0.33816720114772
    1     -1     65941.0000000000      -0.36725186438453      -0.33281978825485       0.33816720114772
    1     -1     65941.0000000000       0.00000000000000       0.00000000000000       0.00000000000000
    1     -1     65941.0000000000       0.00000000000000       0.00000000000000       0.00000000000000
    1     -1     65941.0000000000      -0.36688664145690      -0.33430841955301       0.33709356596714
    1     -1     65942.0000000000      -0.36688664145690      -0.33430841955301       0.33709356596714
    1     -1     65943.0000000000      -0.36688664145690      -0.33430841955301       0.33709356596714
    1     -1     65943.0000000000       0.00000000000000       0.00000000000000       0.00000000000000
    1     -1     65943.0000000000       0.00000000000000       0.00000000000000       0.00000000000000
    1     -1     65943.0000000000      -0.36649533724458      -0.33589332897200       0.33594171906759
    1     -1     65944.0000000000      -0.36649533724458      -0.33589332897200       0.33594171906759
    1     -1     65945.0000000000      -0.36649533724458      -0.33589332897200       0.33594171906759
    1     -1     65945.0000000000       0.00000000000000       0.00000000000000       0.00000000000000
    1     -1     65945.0000000000       0.00000000000000       0.00000000000000       0.00000000000000
    1     -1     65945.0000000000      -0.36607585003051      -0.33757737381084       0.33470881075259
    1     -1     65946.0000000000      -0.36607585003051      -0.33757737381084       0.33470881075259
    1     -1     65947.0000000000      -0.36607585003051      -0.33757737381084       0.33470881075259
    1     -1     65947.0000000000       0.00000000000000       0.00000000000000       0.00000000000000
    1     -1     65947.0000000000       0.00000000000000       0.00000000000000       0.00000000000000
    1     -1     65947.0000000000      -0.36562593838882      -0.33936350100364       0.33339179150641
    1     -1     65948.0000000000      -0.36562593838882      -0.33936350100364       0.33339179150641
    1     -1     65949.0000000000      -0.36562593838882      -0.33936350100364       0.33339179150641
    1     -1     65949.0000000000       0.00000000000000       0.00000000000000       0.00000000000000
    1     -1     65949.0000000000       0.00000000000000       0.00000000000000       0.00000000000000
    1     -1     65949.0000000000      -0.36514320851657      -0.34125475043356       0.33198739714145
    1     -1     65950.0000000000      -0.36514320851657      -0.34125475043356       0.33198739714145
    1     -1     65951.0000000000      -0.36514320851657      -0.34125475043356       0.33198739714145
    1     -1     65951.0000000000       0.00000000000000       0.00000000000000       0.00000000000000
    1     -1     65951.0000000000       0.00000000000000       0.00000000000000       0.00000000000000
    1     -1     65951.0000000000      -0.36462510157768      -0.34325425613533       0.33049213337755
    1     -1     65952.0000000000      -0.36462510157768      -0.34325425613533       0.33049213337755
    1     -1     65953.0000000000      -0.36462510157768      -0.34325425613533       0.33049213337755
    1     -1     65953.0000000000       0.00000000000000       0.00000000000000       0.00000000000000
    1     -1     65953.0000000000       0.00000000000000       0.00000000000000       0.00000000000000
    1     -1     65953.0000000000      -0.31045158874977      -0.29450241135882       0.28046405255584
    1     -1     65954.0000000000      -0.31045158874977      -0.29450241135882       0.28046405255584
    1     -1     65955.0000000000      -0.31045158874977      -0.29450241135882       0.28046405255584
    1     -1     65955.0000000000       0.00000000000000       0.00000000000000       0.00000000000000
    1     -1     66165.0000000000       0.00000000000000       0.00000000000000       0.00000000000000
    1     -1     66165.0000000000       0.12215620851077      -0.08595371486252      -0.15229383588223
    1     -1     66166.0000000000       0.12215620851077      -0.08595371486252      -0.15229383588223
    1     -1     66167.0000000000       0.12215620851077      -0.08595371486252      -0.15229383588223
    1     -1     66167.0000000000       0.00000000000000       0.00000000000000       0.00000000000000
    1     -1     66167.0000000000       0.00000000000000       0.00000000000000       0.00000000000000
    1     -1     66167.0000000000       0.34542778252141      -0.23917328060862      -0.42834073841423
    1     -1     66168.0000000000       0.34542778252141      -0.23917328060862      -0.42834073841423
    1     -1     66169.0000000000       0.34542778252141      -0.23917328060862      -0.42834073841423
    1     -1     66169.0000000000       0.00000000000000       0.00000000000000       0.00000000000000
    1     -1     66169.0000000000       0.00000000000000       0.00000000000000       0.00000000000000
    1     -1     66169.0000000000       0.34720910646251      -0.23669707357368      -0.42827599866344
    1     -1     66170.0000000000       0.34720910646251      -0.23669707357368      -0.42827599866344
    1     -1     66171.0000000000       0.34720910646251      -0.23669707357368      -0.42827599866344
    1     -1     66171.0000000000       0.00000000000000       0.00000000000000       0.00000000000000
    1     -1     66171.0000000000       0.00000000000000       0.00000000000000       0.00000000000000
    1     -1     66171.0000000000       0.34893984294332      -0.23433206150902      -0.42816990813884
    1     -1     66172.0000000000       0.34893984294332      -0.23433206150902      -0.42816990813884
    1     -1     66173.0000000000       0.34893984294332      -0.23433206150902      -0.42816990813884
    1     -1     66173.0000000000       0.00000000000000       0.00000000000000       0.00000000000000
    1     -1     66173.0000000000       0.00000000000000       0.00000000000000       0.00000000000000
    1     -1     66173.0000000000       0.35062325776695      -0.23207425421241      -0.42802438122687
    1     -1     66174.0000000000       0.35062325776695      -0.23207425421241      -0.42802438122687
    1     -1     66175.0000000000       0.35062325776695      -0.23207425421241      -0.42802438122687
    1     -1     66175.0000000000       0.00000000000000       0.00000000000000       0.00000000000000
    1     -1     66175.0000000000       0.00000000000000       0.00000000000000       0.00000000000000
    1     -1     66175.0000000000       0.35226202806019      -0.22992040397267      -0.42784117462438
    1     -1     66176.0000000000       0.35226202806019      -0.22992040397267      -0.42784117462438
    1     -1     66177.0000000000       0.35226202806019      -0.22992040397267      -0.42784117462438
    1     -1     66177.0000000000       0.00000000000000       0.00000000000000       0.00000000000000
    1     -1     66177.0000000000       0.00000000000000       0.00000000000000       0.00000000000000
    1     -1     66177.0000000000       0.35385884361464      -0.22786703722114      -0.42762194918382
    1     -1     66178.0000000000       0.35385884361464      -0.22786703722114      -0.42762194918382
    1     -1     66179.0000000000       0.35385884361464      -0.22786703722114      -0.42762194918382
    1     -1     66179.0000000000       0.00000000000000       0.00000000000000       0.00000000000000
    1     -1     66179.0000000000       0.00000000000000       0.00000000000000       0.00000000000000
    1     -1     66179.0000000000       0.35541620973684      -0.22591091367231      -0.42736819748320
    1     -1     66180.0000000000       0.35541620973684      -0.22591091367231      -0.42736819748320
    1     -1     66181.0000000000       0.35541620973684      -0.22591091367231      -0.42736819748320
    1     -1     66181.0000000000       0.00000000000000       0.00000000000000       0.00000000000000
    1     -1     66181.0000000000       0.00000000000000       0.00000000000000       0.00000000000000
    1     -1     66181.0000000000       0.35693648076532      -0.22404893003904      -0.42708128608876
    1     -1     66182.0000000000       0.35693648076532      -0.22404893003904      -0.42708128608876
    1     -1     66183.0000000000       0.35693648076532      -0.22404893003904      -0.42708128608876
    1     -1     66183.0000000000       0.00000000000000       0.00000000000000       0.00000000000000
    1     -1     66183.0000000000       0.00000000000000       0.00000000000000       0.00000000000000
    1     -1     66183.0000000000       0.35842186731677      -0.22227811515565      -0.42676246769369
    1     -1     66184.0000000000       0.35842186731677      -0.22227811515565      -0.42676246769369
    1     -1     66185.0000000000       0.35842186731677      -0.22227811515565      -0.42676246769369
    1     -1     66185.0000000000       0.00000000000000       0.00000000000000       0.00000000000000
    1     -1     66185.0000000000       0.00000000000000       0.00000000000000       0.00000000000000
    1     -1     66185.0000000000       0.35987445418796      -0.22059560560402      -0.42641289297008
    1     -1     66186.0000000000       0.35987445418796      -0.22059560560402      -0.42641289297008
    1     -1     66187.0000000000       0.35987445418796      -0.22059560560402      -0.42641289297008
    1     -1     66187.0000000000       0.00000000000000       0.00000000000000       0.00000000000000
    1     -1     66187.0000000000       0.00000000000000       0.00000000000000       0.00000000000000
    1     -1     66187.0000000000       0.36129621067973      -0.21899863892786      -0.42603361789443
    1     -1     66188.0000000000       0.36129621067973      -0.21899863892786      -0.42603361789443
    1     -1     66189.0000000000       0.36129621067973      -0.21899863892786      -0.42603361789443
    1     -1     66189.0000000000       0.00000000000000       0.00000000000000       0.00000000000000
    1     -1     66189.0000000000       0.00000000000000       0.00000000000000       0.00000000000000
    1     -1     66189.0000000000       0.36268899561245      -0.21748455602541      -0.42562560969949
    1     -1     66190.0000000000       0.36268899561245      -0.21748455602541      -0.42562560969949
    1     -1     66191.0000000000       0.36268899561245      -0.21748455602541      -0.42562560969949
    1     -1     66191.0000000000       0.00000000000000       0.00000000000000       0.00000000000000
    1     -1     66191.0000000000       0.00000000000000       0.00000000000000       0.00000000000000
    1     -1     66191.0000000000       0.36405456329545      -0.21605079863212      -0.42518975367967
    1     -1     66192.0000000000       0.36405456329545      -0.21605079863212      -0.42518975367967
    1     -1     66193.0000000000       0.36405456329545      -0.21605079863212      -0.42518975367967
    1     -1     66193.0000000000       0.00000000000000       0.00000000000000       0.00000000000000
    1     -1     66193.0000000000       0.00000000000000       0.00000000000000       0.00000000000000
    1     -1     66193.0000000000       0.36539457004047      -0.21469490392618      -0.42472686010314
    1     -1     66194.0000000000       0.36539457004047      -0.21469490392618      -0.42472686010314
    1     -1     66195.0000000000       0.36539457004047      -0.21469490392618      -0.42472686010314
    1     -1     66195.0000000000       0.00000000000000       0.00000000000000       0.00000000000000
    1     -1     66195.0000000000       0.00000000000000       0.00000000000000       0.00000000000000
    1     -1     66195.0000000000       0.36671058042555      -0.21341449863846      -0.42423767071636
    1     -1     66196.0000000000       0.36671058042555      -0.21341449863846      -0.42423767071636
    1     -1     66197.0000000000       0.36671058042555      -0.21341449863846      -0.42423767071636
    1     -1     66197.0000000000       0.00000000000000       0.00000000000000       0.00000000000000
    1     -1     66197.0000000000       0.00000000000000       0.00000000000000       0.00000000000000
    1     -1     66197.0000000000       0.36800407276231      -0.21220729404520      -0.42372286469386
    1     -1     66198.0000000000       0.36800407276231      -0.21220729404520      -0.42372286469386
    1     -1     66199.0000000000       0.36800407276231      -0.21220729404520      -0.42372286469386
    1     -1     66199.0000000000       0.00000000000000       0.00000000000000       0.00000000000000
    1     -1     66199.0000000000       0.00000000000000       0.00000000000000       0.00000000000000
    1     -1     66199.0000000000       0.36927644253700      -0.21107108523100      -0.42318306351581
    1     -1     66200.0000000000       0.36927644253700      -0.21107108523100      -0.42318306351581
    1     -1     66201.0000000000       0.36927644253700      -0.21107108523100      -0.42318306351581
    1     -1     66201.0000000000       0.00000000000000       0.00000000000000       0.00000000000000
    1     -1     66201.0000000000       0.00000000000000       0.00000000000000       0.00000000000000
    1     -1     66201.0000000000       0.37052900394619      -0.21000376103919      -0.42261883164861
    1     -1     66202.0000000000       0.37052900394619      -0.21000376103919      -0.42261883164861
    1     -1     66203.0000000000       0.37052900394619      -0.21000376103919      -0.42261883164861
    1     -1     66203.0000000000       0.00000000000000       0.00000000000000       0.00000000000000
    1   4928     66203.0000000000      240038247.473575771     -313543595.250735939       -1014851.377232782       13.9592667797391       10.1448122722370       -1.0099172102863        1496.7283827879
    1   4928     66203.0000000000      240038247.473575771     -313543595.250735939       -1014851.377232782       13.9592667797391       10.1448122722370       -1.0099172102863        1456.7283827879
    1     -1     66203.0000000000       0.00000000000000       0.00000000000000       0.00000000000000
    1     -1     66203.0000000000      -0.25945580945020       0.52635751285582       0.12502180162986
    1     -1     66204.0000000000      -0.25945580945020       0.52635751285582       0.12502180162986
    1     -1     66205.0000000000      -0.25945580945020       0.52635751285582       0.12502180162986
    1     -1     66205.0000000000       0.00000000000000       0.00000000000000       0.00000000000000
    1     -1     66205.0000000000       0.00000000000000       0.00000000000000       0.00000000000000
    1     -1     66205.0000000000      -0.25926957614050       0.52690412680155       0.12309072803189
    1     -1     66206.0000000000      -0.25926957614050       0.52690412680155       0.12309072803189
    1     -1     66207.0000000000      -0.25926957614050       0.52690412680155       0.12309072803189
    1     -1     66207.0000000000       0.00000000000000       0.00000000000000       0.00000000000000
    1     -1     66207.0000000000       0.00000000000000       0.00000000000000       0.00000000000000
    1     -1     66207.0000000000      -0.25909856984898       0.52745151912068       0.12109015385032
    1     -1     66208.0000000000      -0.25909856984898       0.52745151912068       0.12109015385032
    1     -1     66209.0000000000      -0.25909856984898       0.52745151912068       0.12109015385032
    1     -1     66209.0000000000       0.00000000000000       0.00000000000000       0.00000000000000
    1     -1     66209.0000000000       0.00000000000000       0.00000000000000       0.00000000000000
    1     -1     66209.0000000000      -0.25894366249119       0.52799878854989       0.11901873056582
    1     -1     66210.0000000000      -0.25894366249119       0.52799878854989       0.11901873056582
    1     -1     66211.0000000000      -0.25894366249119       0.52799878854989       0.11901873056582
    1     -1     66211.0000000000       0.00000000000000       0.00000000000000       0.00000000000000
    1     -1     66211.0000000000       0.00000000000000       0.00000000000000       0.00000000000000
    1     -1     66211.0000000000      -0.25880573307011       0.52854499085297       0.11687508055302
    1     -1     66212.0000000000      -0.25880573307011       0.52854499085297       0.11687508055302
    1     -1     66213.0000000000      -0.25880573307011       0.52854499085297       0.11687508055302
    1     -1     66213.0000000000       0.00000000000000       0.00000000000000       0.00000000000000
    1     -1     66213.0000000000       0.00000000000000       0.00000000000000       0.00000000000000
    1     -1     66213.0000000000      -0.25868566740723       0.52908913634800       0.11465779762670
    1     -1     66214.0000000000      -0.25868566740723       0.52908913634800       0.11465779762670
    1     -1     66215.0000000000      -0.25868566740723       0.52908913634800       0.11465779762670
    1     -1     66215.0000000000       0.00000000000000       0.00000000000000       0.00000000000000
    1     -1     66215.0000000000       0.00000000000000       0.00000000000000       0.00000000000000
    1     -1     66215.0000000000      -0.25858435748115       0.52963018722633       0.11236544898083
    1     -1     66216.0000000000      -0.25858435748115       0.52963018722633       0.11236544898083
    1     -1     66217.0000000000      -0.25858435748115       0.52963018722633       0.11236544898083
    1     -1     66217.0000000000       0.00000000000000       0.00000000000000       0.00000000000000
    1     -1     66217.0000000000       0.00000000000000       0.00000000000000       0.00000000000000
    1     -1     66217.0000000000      -0.25850270063334       0.53016705490291       0.10999657695055
    1     -1     66218.0000000000      -0.25850270063334       0.53016705490291       0.10999657695055
    1     -1     66219.0000000000      -0.25850270063334       0.53016705490291       0.10999657695055
    1     -1     66219.0000000000       0.00000000000000       0.00000000000000       0.00000000000000
    1     -1     66219.0000000000       0.00000000000000       0.00000000000000       0.00000000000000
    1     -1     66219.0000000000      -0.25844159881180       0.53069859740679       0.10754970011147
    1     -1     66220.0000000000      -0.25844159881180       0.53069859740679       0.10754970011147
    1     -1     66221.0000000000      -0.25844159881180       0.53069859740679       0.10754970011147
    1     -1     66221.0000000000       0.00000000000000       0.00000000000000       0.00000000000000
    1     -1     66221.0000000000       0.00000000000000       0.00000000000000       0.00000000000000
    1     -1     66221.0000000000      -0.25840195774894       0.53122361725701       0.10502331160221
    1     -1     66222.0000000000      -0.25840195774894       0.53122361725701       0.10502331160221
    1     -1     66223.0000000000      -0.25840195774894       0.53122361725701       0.10502331160221
    1     -1     66223.0000000000       0.00000000000000       0.00000000000000       0.00000000000000
    1     -1     66223.0000000000       0.00000000000000       0.00000000000000       0.00000000000000
    1     -1     66223.0000000000      -0.25838468735154       0.53174086147481       0.10241586234700
    1     -1     66224.0000000000      -0.25838468735154       0.53174086147481       0.10241586234700
    1     -1     66225.0000000000      -0.25838468735154       0.53174086147481       0.10241586234700
    1     -1     66225.0000000000       0.00000000000000       0.00000000000000       0.00000000000000
    1     -1     66225.0000000000       0.00000000000000       0.00000000000000       0.00000000000000
    1     -1     66225.0000000000      -0.25839070575153       0.53224901925406       0.09972574373913
    1     -1     66226.0000000000      -0.25839070575153       0.53224901925406       0.09972574373913
    1     -1     66227.0000000000      -0.25839070575153       0.53224901925406       0.09972574373913
    1     -1     66227.0000000000       0.00000000000000       0.00000000000000       0.00000000000000
    1     -1     66227.0000000000       0.00000000000000       0.00000000000000       0.00000000000000
    1     -1     66227.0000000000      -0.25842093401218       0.53274670923558       0.09695134832960
    1     -1     66228.0000000000      -0.25842093401218       0.53274670923558       0.09695134832960
    1     -1     66229.0000000000      -0.25842093401218       0.53274670923558       0.09695134832960
    1     -1     66229.0000000000       0.00000000000000       0.00000000000000       0.00000000000000
    1     -1     66229.0000000000       0.00000000000000       0.00000000000000       0.00000000000000
    1     -1     66229.0000000000      -0.25847627194282       0.53323246418377       0.09409120715050
    1     -1     66230.0000000000      -0.25847627194282       0.53323246418377       0.09409120715050
    1     -1     66231.0000000000      -0.25847627194282       0.53323246418377       0.09409120715050
    1     -1     66231.0000000000       0.00000000000000       0.00000000000000       0.00000000000000
    1     -1     66231.0000000000       0.00000000000000       0.00000000000000       0.00000000000000
    1     -1     66231.0000000000      -0.25016281347670       0.51637649938842       0.08818424895643
    1     -1     66232.0000000000      -0.25016281347670       0.51637649938842       0.08818424895643
    1     -1     66233.0000000000      -0.25016281347670       0.51637649938842       0.08818424895643
    1     -1     66233.0000000000       0.00000000000000       0.00000000000000       0.00000000000000
    1     -1     66551.0000000000       0.00000000000000       0.00000000000000       0.00000000000000
    1     -1     66551.0000000000      -0.10259877721982      -0.09513263693348      -0.14266268513823
    1     -1     66552.0000000000      -0.10259877721982      -0.09513263693348      -0.14266268513823
    1     -1     66553.0000000000      -0.10259877721982      -0.09513263693348      -0.14266268513823
    1     -1     66553.0000000000       0.00000000000000       0.00000000000000       0.00000000000000
    1     -1     66553.0000000000       0.00000000000000       0.00000000000000       0.00000000000000
    1     -1     66553.0000000000      -0.30882981440629      -0.28869094929082      -0.42577186474842
    1     -1     66554.0000000000      -0.30882981440629      -0.28869094929082      -0.42577186474842
    1     -1     66555.0000000000      -0.30882981440629      -0.28869094929082      -0.42577186474842
    1     -1     66555.0000000000       0.00000000000000       0.00000000000000       0.00000000000000
    1     -1     66555.0000000000       0.00000000000000       0.00000000000000       0.00000000000000
    1     -1     66555.0000000000      -0.30961784000384      -0.29168910925108      -0.42314803080680
    1     -1     66556.0000000000      -0.30961784000384      -0.29168910925108      -0.42314803080680
    1     -1     66557.0000000000      -0.30961784000384      -0.29168910925108      -0.42314803080680
    1     -1     66557.0000000000       0.00000000000000       0.00000000000000       0.00000000000000
    1     -1     66557.0000000000       0.00000000000000       0.00000000000000       0.00000000000000
    1     -1     66557.0000000000      -0.31043173786617      -0.29464612682186      -0.42049470312272
    1     -1     66558.0000000000      -0.31043173786617      -0.29464612682186      -0.42049470312272
    1     -1     66559.0000000000      -0.31043173786617      -0.29464612682186      -0.42049470312272
    1     -1     66559.0000000000       0.00000000000000       0.00000000000000       0.00000000000000
    1     -1     66559.0000000000       0.00000000000000       0.00000000000000       0.00000000000000
    1     -1     66559.0000000000      -0.31127067240826      -0.29756320765722      -0.41781180599315
    1     -1     66560.0000000000      -0.31127067240826      -0.29756320765722      -0.41781180599315
    1     -1     66561.0000000000      -0.31127067240826      -0.29756320765722      -0.41781180599315
    1     -1     66561.0000000000       0.00000000000000       0.00000000000000       0.00000000000000
    1     -1     66561.0000000000       0.00000000000000       0.00000000000000       0.00000000000000
    1     -1     66561.0000000000      -0.31213380671520      -0.30044144649018      -0.41509929320148
    1     -1     66562.0000000000      -0.31213380671520      -0.30044144649018      -0.41509929320148
    1     -1     66563.0000000000      -0.31213380671520      -0.30044144649018      -0.41509929320148
    1     -1     66563.0000000000       0.00000000000000       0.00000000000000       0.00000000000000
    1     -1     66563.0000000000       0.00000000000000       0.00000000000000       0.00000000000000
    1     -1     66563.0000000000      -0.31302022670621      -0.30328168598448      -0.41235731580658
    1     -1     66564.0000000000      -0.31302022670621      -0.30328168598448      -0.41235731580658
    1     -1     66565.0000000000      -0.31302022670621      -0.30328168598448      -0.41235731580658
    1     -1     66565.0000000000       0.00000000000000       0.00000000000000       0.00000000000000
    1     -1     66565.0000000000       0.00000000000000       0.00000000000000       0.00000000000000
    1     -1     66565.0000000000      -0.31392900538120      -0.30608487249445      -0.40958592467323
    1     -1     66566.0000000000      -0.31392900538120      -0.30608487249445      -0.40958592467323
    1     -1     66567.0000000000      -0.31392900538120      -0.30608487249445      -0.40958592467323
    1     -1     66567.0000000000       0.00000000000000       0.00000000000000       0.00000000000000
    1     -1     66567.0000000000       0.00000000000000       0.00000000000000       0.00000000000000
    1     -1     66567.0000000000      -0.31485920750790      -0.30885205567951      -0.40678506170955
    1     -1     66568.0000000000      -0.31485920750790      -0.30885205567951      -0.40678506170955
    1     -1     66569.0000000000      -0.31485920750790      -0.30885205567951      -0.40678506170955
    1     -1     66569.0000000000       0.00000000000000       0.00000000000000       0.00000000000000
    1     -1     66569.0000000000       0.00000000000000       0.00000000000000       0.00000000000000
    1     -1     66569.0000000000      -0.31580987280176      -0.31158424671267      -0.40395467656834
    1     -1     66570.0000000000      -0.31580987280176      -0.31158424671267      -0.40395467656834
    1     -1     66571.0000000000      -0.31580987280176      -0.31158424671267      -0.40395467656834
    1     -1     66571.0000000000       0.00000000000000       0.00000000000000       0.00000000000000
    1     -1     66571.0000000000       0.00000000000000       0.00000000000000       0.00000000000000
    1     -1     66571.0000000000      -0.31677999461775      -0.31428227040936      -0.40109486259028
    1     -1     66572.0000000000      -0.31677999461775      -0.31428227040936      -0.40109486259028
    1     -1     66573.0000000000      -0.31677999461775      -0.31428227040936      -0.40109486259028
    1     -1     66573.0000000000       0.00000000000000       0.00000000000000       0.00000000000000
    1     -1     66573.0000000000       0.00000000000000       0.00000000000000       0.00000000000000
    1     -1     66573.0000000000      -0.31776855227220      -0.31694708275663      -0.39820559162183
    1     -1     66574.0000000000      -0.31776855227220      -0.31694708275663      -0.39820559162183
    1     -1     66575.0000000000      -0.31776855227220      -0.31694708275663      -0.39820559162183
    1     -1     66575.0000000000       0.00000000000000       0.00000000000000       0.00000000000000
    1     -1     66575.0000000000       0.00000000000000       0.00000000000000       0.00000000000000
    1     -1     66575.0000000000      -0.31877447307587      -0.31957943888635      -0.39528700565069
    1     -1     66576.0000000000      -0.31877447307587      -0.31957943888635      -0.39528700565069
    1     -1     66577.0000000000      -0.31877447307587      -0.31957943888635      -0.39528700565069
    1     -1     66577.0000000000       0.00000000000000       0.00000000000000       0.00000000000000
    1     -1     66577.0000000000       0.00000000000000       0.00000000000000       0.00000000000000
    1     -1     66577.0000000000      -0.31953801762851      -0.32153155807249      -0.39308130422792
    1     -1     66578.0000000000      -0.31953801762851      -0.32153155807249      -0.39308130422792
    1     -1     66578.0000000000       0.00000000000000       0.00000000000000       0.00000000000000
    1  10664     66578.0000000000      271264932.205920756      218238783.948742718      -16996048.870909195      -14.2254368686271       13.9210131018192       -0.4848134154218        1383.2485707354
    1  10664     66578.0000000000      271264932.205920756      218238783.948742718      -16996048.870909195      -14.2254368686271       13.9210131018192       -0.4848134154218        1343.2485707354
    1  10664     67058.0000000000     -340263789.404709041      -63585395.840160474        9917599.207282783        1.4209836372196      -19.9564900028781        1.0556408395101        1343.2485707354
    1  10664     67058.0000000000     -340263789.404709041      -63585395.840160474        9917599.207282783        1.4209836372196      -19.9564900028781        1.0556408395101        1356.3902545136
    1     -1     67058.0000000000       0.00000000000000       0.00000000000000       0.00000000000000
    1     -1     67058.0000000000       0.43389864310069       0.27261438684612      -0.31211113866682
    1     -1     67059.0000000000       0.43389864310069       0.27261438684612      -0.31211113866682
    1     -1     67060.0000000000       0.43389864310069       0.27261438684612      -0.31211113866682
    1     -1     67060.0000000000       0.00000000000000       0.00000000000000       0.00000000000000
    1     -1     67060.0000000000       0.00000000000000       0.00000000000000       0.00000000000000
    1     -1     67060.0000000000       0.43333498437219       0.26865989496681      -0.31629519666852
    1     -1     67061.0000000000       0.43333498437219       0.26865989496681      -0.31629519666852
    1     -1     67062.0000000000       0.43333498437219       0.26865989496681      -0.31629519666852
    1     -1     67062.0000000000       0.00000000000000       0.00000000000000       0.00000000000000
    1     -1     67062.0000000000       0.00000000000000       0.00000000000000       0.00000000000000
    1     -1     67062.0000000000       0.43277476316331       0.26458318677243      -0.32047112338913
    1     -1     67063.0000000000       0.43277476316331       0.26458318677243      -0.32047112338913
    1     -1     67064.0000000000       0.43277476316331       0.26458318677243      -0.32047112338913
    1     -1     67064.0000000000       0.00000000000000       0.00000000000000       0.00000000000000
    1     -1     67064.0000000000       0.00000000000000       0.00000000000000       0.00000000000000
    1     -1     67064.0000000000       0.43221669758289       0.26038496144074      -0.32463579202862
    1     -1     67065.0000000000       0.43221669758289       0.26038496144074      -0.32463579202862
    1     -1     67066.0000000000       0.43221669758289       0.26038496144074      -0.32463579202862
    1     -1     67066.0000000000       0.00000000000000       0.00000000000000       0.00000000000000
    1     -1     67066.0000000000       0.00000000000000       0.00000000000000       0.00000000000000
    1     -1     67066.0000000000       0.43165953256043       0.25606555644071      -0.32878637142440
    1     -1     67067.0000000000       0.43165953256043       0.25606555644071      -0.32878637142440
    1     -1     67068.0000000000       0.43165953256043       0.25606555644071      -0.32878637142440
    1     -1     67068.0000000000       0.00000000000000       0.00000000000000       0.00000000000000
    1     -1     67068.0000000000       0.00000000000000       0.00000000000000       0.00000000000000
    1     -1     67068.0000000000       0.43110197389247       0.25162588851341      -0.33291965940126
    1     -1     67069.0000000000       0.43110197389247       0.25162588851341      -0.33291965940126
    1     -1     67070.0000000000       0.43110197389247       0.25162588851341      -0.33291965940126
    1     -1     67070.0000000000       0.00000000000000       0.00000000000000       0.00000000000000
    1     -1     67070.0000000000       0.00000000000000       0.00000000000000       0.00000000000000
    1     -1     67070.0000000000       0.43054273137353       0.24706682505613      -0.33703254990891
    1     -1     67071.0000000000       0.43054273137353       0.24706682505613      -0.33703254990891
    1     -1     67072.0000000000       0.43054273137353       0.24706682505613      -0.33703254990891
    1     -1     67072.0000000000       0.00000000000000       0.00000000000000       0.00000000000000
    1     -1     67072.0000000000       0.00000000000000       0.00000000000000       0.00000000000000
    1     -1     67072.0000000000       0.42998050729437       0.24238946995614      -0.34112183671125
    1     -1     67073.0000000000       0.42998050729437       0.24238946995614      -0.34112183671125
    1     -1     67074.0000000000       0.42998050729437       0.24238946995614      -0.34112183671125
    1     -1     67074.0000000000       0.00000000000000       0.00000000000000       0.00000000000000
    1     -1     67074.0000000000       0.00000000000000       0.00000000000000       0.00000000000000
    1     -1     67074.0000000000       0.42941400457176       0.23759511164864      -0.34518426221123
    1     -1     67075.0000000000       0.42941400457176       0.23759511164864      -0.34518426221123
    1     -1     67076.0000000000       0.42941400457176       0.23759511164864      -0.34518426221123
    1     -1     67076.0000000000       0.00000000000000       0.00000000000000       0.00000000000000
    1     -1     67076.0000000000       0.00000000000000       0.00000000000000       0.00000000000000
    1     -1     67076.0000000000       0.42884193057023       0.23268524998012      -0.34921651207595
    1     -1     67077.0000000000       0.42884193057023       0.23268524998012      -0.34921651207595
    1     -1     67078.0000000000       0.42884193057023       0.23268524998012      -0.34921651207595
    1     -1     67078.0000000000       0.00000000000000       0.00000000000000       0.00000000000000
    1     -1     67078.0000000000       0.00000000000000       0.00000000000000       0.00000000000000
    1     -1     67078.0000000000       0.42826300566017       0.22766145394584      -0.35321531627349
    1     -1     67079.0000000000       0.42826300566017       0.22766145394584      -0.35321531627349
    1     -1     67080.0000000000       0.42826300566017       0.22766145394584      -0.35321531627349
    1     -1     67080.0000000000       0.00000000000000       0.00000000000000       0.00000000000000
    1     -1     67080.0000000000       0.00000000000000       0.00000000000000       0.00000000000000
    1     -1     67080.0000000000       0.02221008296440       0.01155624036040      -0.01854891221464
    1     -1     67081.0000000000       0.02221008296440       0.01155624036040      -0.01854891221464
    1     -1     67082.0000000000       0.02221008296440       0.01155624036040      -0.01854891221464
    1     -1     67082.0000000000       0.00000000000000       0.00000000000000       0.00000000000000
    1     -1     67370.0000000000       0.00000000000000       0.00000000000000       0.00000000000000
    1     -1     67370.0000000000       0.02747524734703      -0.23342116915501      -0.09225569540967
    1     -1     67371.0000000000       0.02747524734703      -0.23342116915501      -0.09225569540967
    1     -1     67372.0000000000       0.02747524734703      -0.23342116915501      -0.09225569540967
    1     -1     67372.0000000000       0.00000000000000       0.00000000000000       0.00000000000000
    1     -1     67372.0000000000       0.00000000000000       0.00000000000000       0.00000000000000
    1     -1     67372.0000000000       0.06116496903416      -0.55692833628364      -0.21468505790434
    1     -1     67373.0000000000       0.06116496903416      -0.55692833628364      -0.21468505790434
    1     -1     67374.0000000000       0.06116496903416      -0.55692833628364      -0.21468505790434
    1     -1     67374.0000000000       0.00000000000000       0.00000000000000       0.00000000000000
    1     -1     67374.0000000000       0.00000000000000       0.00000000000000       0.00000000000000
    1     -1     67374.0000000000       0.05708878706660      -0.55908768787970      -0.21014715542353
    1     -1     67375.0000000000       0.05708878706660      -0.55908768787970      -0.21014715542353
    1     -1     67376.0000000000       0.05708878706660      -0.55908768787970      -0.21014715542353
    1     -1     67376.0000000000       0.00000000000000       0.00000000000000       0.00000000000000
    1     -1     67376.0000000000       0.00000000000000       0.00000000000000       0.00000000000000
    1     -1     67376.0000000000       0.05306381007102      -0.56116429563180      -0.20561824979513
    1     -1     67377.0000000000       0.05306381007102      -0.56116429563180      -0.20561824979513
    1     -1     67378.0000000000       0.05306381007102      -0.56116429563180      -0.20561824979513
    1     -1     67378.0000000000       0.00000000000000       0.00000000000000       0.00000000000000
    1     -1     67378.0000000000       0.00000000000000       0.00000000000000       0.00000000000000
    1     -1     67378.0000000000       0.04909262595319      -0.56315917689128      -0.20110110601426
    1     -1     67379.0000000000       0.04909262595319      -0.56315917689128      -0.20110110601426
    1     -1     67380.0000000000       0.04909262595319      -0.56315917689128      -0.20110110601426
    1     -1     67380.0000000000       0.00000000000000       0.00000000000000       0.00000000000000
    1     -1     67380.0000000000       0.00000000000000       0.00000000000000       0.00000000000000
    1     -1     67380.0000000000       0.04517770654899      -0.56507347485239      -0.19659842860314
    1     -1     67381.0000000000       0.04517770654899      -0.56507347485239      -0.19659842860314
    1     -1     67382.0000000000       0.04517770654899      -0.56507347485239      -0.19659842860314
    1     -1     67382.0000000000       0.00000000000000       0.00000000000000       0.00000000000000
    1     -1     67382.0000000000       0.00000000000000       0.00000000000000       0.00000000000000
    1     -1     67382.0000000000       0.04132140602923      -0.56690844964659      -0.19211285850529
    1     -1     67383.0000000000       0.04132140602923      -0.56690844964659      -0.19211285850529
    1     -1     67384.0000000000       0.04132140602923      -0.56690844964659      -0.19211285850529
    1     -1     67384.0000000000       0.00000000000000       0.00000000000000       0.00000000000000
    1     -1     67384.0000000000       0.00000000000000       0.00000000000000       0.00000000000000
    1     -1     67384.0000000000       0.03752596037201      -0.56866546927644      -0.18764697074763
    1     -1     67385.0000000000       0.03752596037201      -0.56866546927644      -0.18764697074763
    1     -1     67386.0000000000       0.03752596037201      -0.56866546927644      -0.18764697074763
    1     -1     67386.0000000000       0.00000000000000       0.00000000000000       0.00000000000000
    1     -1     67386.0000000000       0.00000000000000       0.00000000000000       0.00000000000000
    1     -1     67386.0000000000       0.03379348363553      -0.57034600227568      -0.18320326807109
    1     -1     67387.0000000000       0.03379348363553      -0.57034600227568      -0.18320326807109
    1     -1     67388.0000000000       0.03379348363553      -0.57034600227568      -0.18320326807109
    1     -1     67388.0000000000       0.00000000000000       0.00000000000000       0.00000000000000
    1     -1     67388.0000000000       0.00000000000000       0.00000000000000       0.00000000000000
    1     -1     67388.0000000000       0.03012596352819      -0.57195161065765      -0.17878417342599
    1     -1     67389.0000000000       0.03012596352819      -0.57195161065765      -0.17878417342599
    1     -1     67390.0000000000       0.03012596352819      -0.57195161065765      -0.17878417342599
    1     -1     67390.0000000000       0.00000000000000       0.00000000000000       0.00000000000000
    1     -1     67390.0000000000       0.00000000000000       0.00000000000000       0.00000000000000
    1     -1     67390.0000000000       0.02652525899567      -0.57348394195940      -0.17439202455939
    1     -1     67391.0000000000       0.02652525899567      -0.57348394195940      -0.17439202455939
    1     -1     67392.0000000000       0.02652525899567      -0.57348394195940      -0.17439202455939
    1     -1     67392.0000000000       0.00000000000000       0.00000000000000       0.00000000000000
    1     -1     67392.0000000000       0.00000000000000       0.00000000000000       0.00000000000000
    1     -1     67392.0000000000       0.02299309886738      -0.57494472094613      -0.17002906969295
    1     -1     67393.0000000000       0.02299309886738      -0.57494472094613      -0.17002906969295
    1     -1     67394.0000000000       0.02299309886738      -0.57494472094613      -0.17002906969295
    1     -1     67394.0000000000       0.00000000000000       0.00000000000000       0.00000000000000
    1     -1     67394.0000000000       0.00000000000000       0.00000000000000       0.00000000000000
    1     -1     67394.0000000000       0.01953108102239      -0.57633574130094      -0.16569746362932
    1     -1     67395.0000000000       0.01953108102239      -0.57633574130094      -0.16569746362932
    1     -1     67396.0000000000       0.01953108102239      -0.57633574130094      -0.16569746362932
    1     -1     67396.0000000000       0.00000000000000       0.00000000000000       0.00000000000000
    1     -1     67396.0000000000       0.00000000000000       0.00000000000000       0.00000000000000
    1     -1     67396.0000000000       0.01614067213931      -0.57765885731323      -0.16139926440498
    1     -1     67397.0000000000       0.01614067213931      -0.57765885731323      -0.16139926440498
    1     -1     67398.0000000000       0.01614067213931      -0.57765885731323      -0.16139926440498
    1     -1     67398.0000000000       0.00000000000000       0.00000000000000       0.00000000000000
    1     -1     67398.0000000000       0.00000000000000       0.00000000000000       0.00000000000000
    1     -1     67398.0000000000       0.01282320807340      -0.57891597559691      -0.15713643057353
    1     -1     67399.0000000000       0.01282320807340      -0.57891597559691      -0.15713643057353
    1     -1     67400.0000000000       0.01282320807340      -0.57891597559691      -0.15713643057353
    1     -1     67400.0000000000       0.00000000000000       0.00000000000000       0.00000000000000
    1     -1     67400.0000000000       0.00000000000000       0.00000000000000       0.00000000000000
    1     -1     67400.0000000000       0.00957989473739      -0.58010904693131      -0.15291081899351
    1     -1     67401.0000000000       0.00957989473739      -0.58010904693131      -0.15291081899351
    1     -1     67402.0000000000       0.00957989473739      -0.58010904693131      -0.15291081899351
    1     -1     67402.0000000000       0.00000000000000       0.00000000000000       0.00000000000000
    1     -1     67402.0000000000       0.00000000000000       0.00000000000000       0.00000000000000
    1     -1     67402.0000000000       0.00719670067316      -0.58096262266392      -0.14976861435856
    1     -1     67403.0000000000       0.00719670067316      -0.58096262266392      -0.14976861435856
    1     -1     67403.0000000000       0.00000000000000       0.00000000000000       0.00000000000000
    1   4928     67403.0000000000       46079846.501082323     -380380900.430629253       10533943.419732520       17.8297549040503        0.6485140331137       -0.8774887474078        1285.0984610581
    1   4928     67403.0000000000       46079846.501082323     -380380900.430629253       10533943.419732520       17.8297549040503        0.6485140331137       -0.8774887474078        1317.9526705037
    1     -1     67403.0000000000       0.00000000000000       0.00000000000000       0.00000000000000
    1     -1     67403.0000000000       0.10467472964579       0.58912222574277       0.04447699843141
    1     -1     67404.0000000000       0.10467472964579       0.58912222574277       0.04447699843141
    1     -1     67405.0000000000       0.10467472964579       0.58912222574277       0.04447699843141
    1     -1     67405.0000000000       0.00000000000000       0.00000000000000       0.00000000000000
    1     -1     67405.0000000000       0.00000000000000       0.00000000000000       0.00000000000000
    1     -1     67405.0000000000       0.10149208727914       0.58970121994844       0.04417948269330
    1     -1     67406.0000000000       0.10149208727914       0.58970121994844       0.04417948269330
    1     -1     67407.0000000000       0.10149208727914       0.58970121994844       0.04417948269330
    1     -1     67407.0000000000       0.00000000000000       0.00000000000000       0.00000000000000
    1     -1     67407.0000000000       0.00000000000000       0.00000000000000       0.00000000000000
    1     -1     67407.0000000000       0.09818814165719       0.59028407544796       0.04386112618773
    1     -1     67408.0000000000       0.09818814165719       0.59028407544796       0.04386112618773
    1     -1     67409.0000000000       0.09818814165719       0.59028407544796       0.04386112618773
    1     -1     67409.0000000000       0.00000000000000       0.00000000000000       0.00000000000000
    1     -1     67409.0000000000       0.00000000000000       0.00000000000000       0.00000000000000
    1     -1     67409.0000000000       0.09475929411462       0.59086932608916       0.04352143087994
    1     -1     67410.0000000000       0.09475929411462       0.59086932608916       0.04352143087994
    1     -1     67411.0000000000       0.09475929411462       0.59086932608916       0.04352143087994
    1     -1     67411.0000000000       0.00000000000000       0.00000000000000       0.00000000000000
    1     -1     67411.0000000000       0.00000000000000       0.00000000000000       0.00000000000000
    1     -1     67411.0000000000       0.09120188043316       0.59145535831857       0.04315988185462
    1     -1     67412.0000000000       0.09120188043316       0.59145535831857       0.04315988185462
    1     -1     67413.0000000000       0.09120188043316       0.59145535831857       0.04315988185462
    1     -1     67413.0000000000       0.00000000000000       0.00000000000000       0.00000000000000
    1     -1     67413.0000000000       0.00000000000000       0.00000000000000       0.00000000000000
    1     -1     67413.0000000000       0.08751217434192       0.59204040145191       0.04277594733744
    1     -1     67414.0000000000       0.08751217434192       0.59204040145191       0.04277594733744
    1     -1     67415.0000000000       0.08751217434192       0.59204040145191       0.04277594733744
    1     -1     67415.0000000000       0.00000000000000       0.00000000000000       0.00000000000000
    1     -1     67415.0000000000       0.00000000000000       0.00000000000000       0.00000000000000
    1     -1     67415.0000000000       0.08368639117767       0.59262251761097       0.04236907872606
    1     -1     67416.0000000000       0.08368639117767       0.59262251761097       0.04236907872606
    1     -1     67417.0000000000       0.08368639117767       0.59262251761097       0.04236907872606
    1     -1     67417.0000000000       0.00000000000000       0.00000000000000       0.00000000000000
    1     -1     67417.0000000000       0.00000000000000       0.00000000000000       0.00000000000000
    1     -1     67417.0000000000       0.07972069151839       0.59319959134864       0.04193871061003
    1     -1     67418.0000000000       0.07972069151839       0.59319959134864       0.04193871061003
    1     -1     67419.0000000000       0.07972069151839       0.59319959134864       0.04193871061003
    1     -1     67419.0000000000       0.00000000000000       0.00000000000000       0.00000000000000
    1     -1     67419.0000000000       0.00000000000000       0.00000000000000       0.00000000000000
    1     -1     67419.0000000000       0.07561118654204       0.59376931870660       0.04148426102040
    1     -1     67420.0000000000       0.07561118654204       0.59376931870660       0.04148426102040
    1     -1     67421.0000000000       0.07561118654204       0.59376931870660       0.04148426102040
    1     -1     67421.0000000000       0.00000000000000       0.00000000000000       0.00000000000000
    1     -1     67421.0000000000       0.00000000000000       0.00000000000000       0.00000000000000
    1     -1     67421.0000000000       0.07135394945848       0.59432919521709       0.04100513247483
    1     -1     67422.0000000000       0.07135394945848       0.59432919521709       0.04100513247483
    1     -1     67423.0000000000       0.07135394945848       0.59432919521709       0.04100513247483
    1     -1     67423.0000000000       0.00000000000000       0.00000000000000       0.00000000000000
    1     -1     67423.0000000000       0.00000000000000       0.00000000000000       0.00000000000000
    1     -1     67423.0000000000       0.06694502495815       0.59487650414525       0.04050071270085
    1     -1     67424.0000000000       0.06694502495815       0.59487650414525       0.04050071270085
    1     -1     67425.0000000000       0.06694502495815       0.59487650414525       0.04050071270085
    1     -1     67425.0000000000       0.00000000000000       0.00000000000000       0.00000000000000
    1     -1     67425.0000000000       0.00000000000000       0.00000000000000       0.00000000000000
    1     -1     67425.0000000000       0.06238043062474       0.59540830555701       0.03997037438900
    1     -1     67426.0000000000       0.06238043062474       0.59540830555701       0.03997037438900
    1     -1     67427.0000000000       0.06238043062474       0.59540830555701       0.03997037438900
    1     -1     67427.0000000000       0.00000000000000       0.00000000000000       0.00000000000000
    1     -1     67427.0000000000       0.00000000000000       0.00000000000000       0.00000000000000
    1     -1     67427.0000000000       0.05765612622512       0.59592142832424       0.03941347044749
    1     -1     67428.0000000000       0.05765612622512       0.59592142832424       0.03941347044749
    1     -1     67429.0000000000       0.05765612622512       0.59592142832424       0.03941347044749
    1     -1     67429.0000000000       0.00000000000000       0.00000000000000       0.00000000000000
    1     -1     67429.0000000000       0.00000000000000       0.00000000000000       0.00000000000000
    1     -1     67429.0000000000       0.05276832540217       0.59641242666319       0.03882937594110
    1     -1     67430.0000000000       0.05276832540217       0.59641242666319       0.03882937594110
    1     -1     67431.0000000000       0.05276832540217       0.59641242666319       0.03882937594110
    1     -1     67431.0000000000       0.00000000000000       0.00000000000000       0.00000000000000
    1     -1     67431.0000000000       0.00000000000000       0.00000000000000       0.00000000000000
    1     -1     67431.0000000000       0.01060110704828       0.13261614189036       0.00849127530675
    1     -1     67432.0000000000       0.01060110704828       0.13261614189036       0.00849127530675
    1     -1     67433.0000000000       0.01060110704828       0.13261614189036       0.00849127530675
    1     -1     67433.0000000000       0.00000000000000       0.00000000000000       0.00000000000000
    1     -1     67603.0000000000       0.00000000000000       0.00000000000000       0.00000000000000
    1     -1     67603.0000000000      -0.07993524455081       0.02615788804642      -0.00881893481803
    1     -1     67604.0000000000      -0.07993524455081       0.02615788804642      -0.00881893481803
    1     -1     67605.0000000000      -0.07993524455081       0.02615788804642      -0.00881893481803
    1     -1     67605.0000000000       0.00000000000000       0.00000000000000       0.00000000000000
    1     -1     67605.0000000000       0.00000000000000       0.00000000000000       0.00000000000000
    1     -1     67605.0000000000      -0.56866618893164       0.18075040937177      -0.06283354484587
    1     -1     67606.0000000000      -0.56866618893164       0.18075040937177      -0.06283354484587
    1     -1     67607.0000000000      -0.56866618893164       0.18075040937177      -0.06283354484587
    1     -1     67607.0000000000       0.00000000000000       0.00000000000000       0.00000000000000
    1     -1     67607.0000000000       0.00000000000000       0.00000000000000       0.00000000000000
    1     -1     67607.0000000000      -0.57010969139233       0.17605886159084      -0.06307310295112
    1     -1     67608.0000000000      -0.57010969139233       0.17605886159084      -0.06307310295112
    1     -1     67609.0000000000      -0.57010969139233       0.17605886159084      -0.06307310295112
    1     -1     67609.0000000000       0.00000000000000       0.00000000000000       0.00000000000000
    1     -1     67609.0000000000       0.00000000000000       0.00000000000000       0.00000000000000
    1     -1     67609.0000000000      -0.57147061397176       0.17151038365148      -0.06328921666810
    1     -1     67610.0000000000      -0.57147061397176       0.17151038365148      -0.06328921666810
    1     -1     67611.0000000000      -0.57147061397176       0.17151038365148      -0.06328921666810
    1     -1     67611.0000000000       0.00000000000000       0.00000000000000       0.00000000000000
    1     -1     67611.0000000000       0.00000000000000       0.00000000000000       0.00000000000000
    1     -1     67611.0000000000      -0.57275350324705       0.16710291101617      -0.06348260335044
    1     -1     67612.0000000000      -0.57275350324705       0.16710291101617      -0.06348260335044
    1     -1     67613.0000000000      -0.57275350324705       0.16710291101617      -0.06348260335044
    1     -1     67613.0000000000       0.00000000000000       0.00000000000000       0.00000000000000
    1     -1     67613.0000000000       0.00000000000000       0.00000000000000       0.00000000000000
    1     -1     67613.0000000000      -0.57396279582070       0.16283390273592      -0.06365397405881
    1     -1     67614.0000000000      -0.57396279582070       0.16283390273592      -0.06365397405881
    1     -1     67615.0000000000      -0.57396279582070       0.16283390273592      -0.06365397405881
    1     -1     67615.0000000000       0.00000000000000       0.00000000000000       0.00000000000000
    1     -1     67615.0000000000       0.00000000000000       0.00000000000000       0.00000000000000
    1     -1     67615.0000000000      -0.57510269119675       0.15870079452840      -0.06380400986072
    1     -1     67616.0000000000      -0.57510269119675       0.15870079452840      -0.06380400986072
    1     -1     67617.0000000000      -0.57510269119675       0.15870079452840      -0.06380400986072
    1     -1     67617.0000000000       0.00000000000000       0.00000000000000       0.00000000000000
    1     -1     67617.0000000000       0.00000000000000       0.00000000000000       0.00000000000000
    1     -1     67617.0000000000      -0.57617720117771       0.15470086131301      -0.06393336868988
    1     -1     67618.0000000000      -0.57617720117771       0.15470086131301      -0.06393336868988
    1     -1     67619.0000000000      -0.57617720117771       0.15470086131301      -0.06393336868988
    1     -1     67619.0000000000       0.00000000000000       0.00000000000000       0.00000000000000
    1     -1     67619.0000000000       0.00000000000000       0.00000000000000       0.00000000000000
    1     -1     67619.0000000000      -0.57719007738756       0.15083152936254      -0.06404267011530
    1     -1     67620.0000000000      -0.57719007738756       0.15083152936254      -0.06404267011530
    1     -1     67621.0000000000      -0.57719007738756       0.15083152936254      -0.06404267011530
    1     -1     67621.0000000000       0.00000000000000       0.00000000000000       0.00000000000000
    1     -1     67621.0000000000       0.00000000000000       0.00000000000000       0.00000000000000
    1     -1     67621.0000000000      -0.57814491027543       0.14709004921329      -0.06413251456984
    1     -1     67622.0000000000      -0.57814491027543       0.14709004921329      -0.06413251456984
    1     -1     67623.0000000000      -0.57814491027543       0.14709004921329      -0.06413251456984
    1     -1     67623.0000000000       0.00000000000000       0.00000000000000       0.00000000000000
    1     -1     67623.0000000000       0.00000000000000       0.00000000000000       0.00000000000000
    1     -1     67623.0000000000      -0.57904509919320       0.14347364227461      -0.06420347617376
    1     -1     67624.0000000000      -0.57904509919320       0.14347364227461      -0.06420347617376
    1     -1     67625.0000000000      -0.57904509919320       0.14347364227461      -0.06420347617376
    1     -1     67625.0000000000       0.00000000000000       0.00000000000000       0.00000000000000
    1     -1     67625.0000000000       0.00000000000000       0.00000000000000       0.00000000000000
    1     -1     67625.0000000000      -0.57989384387072       0.13997957991437      -0.06425609953800
    1     -1     67626.0000000000      -0.57989384387072       0.13997957991437      -0.06425609953800
    1     -1     67627.0000000000      -0.57989384387072       0.13997957991437      -0.06425609953800
    1     -1     67627.0000000000       0.00000000000000       0.00000000000000       0.00000000000000
    1     -1     67627.0000000000       0.00000000000000       0.00000000000000       0.00000000000000
    1     -1     67627.0000000000      -0.58069417182825       0.13660511570763      -0.06429090485601
    1     -1     67628.0000000000      -0.58069417182825       0.13660511570763      -0.06429090485601
    1     -1     67629.0000000000      -0.58069417182825       0.13660511570763      -0.06429090485601
    1     -1     67629.0000000000       0.00000000000000       0.00000000000000       0.00000000000000
    1     -1     67629.0000000000       0.00000000000000       0.00000000000000       0.00000000000000
    1     -1     67629.0000000000      -0.58144895089407       0.13334747007025      -0.06430838988853
    1     -1     67630.0000000000      -0.58144895089407       0.13334747007025      -0.06430838988853
    1     -1     67631.0000000000      -0.58144895089407       0.13334747007025      -0.06430838988853
    1     -1     67631.0000000000       0.00000000000000       0.00000000000000       0.00000000000000
    1     -1     67631.0000000000       0.00000000000000       0.00000000000000       0.00000000000000
    1     -1     67631.0000000000      -0.58216089091467       0.13020385981028      -0.06430902938112
    1     -1     67632.0000000000      -0.58216089091467       0.13020385981028      -0.06430902938112
    1     -1     67633.0000000000      -0.58216089091467       0.13020385981028      -0.06430902938112
    1     -1     67633.0000000000       0.00000000000000       0.00000000000000       0.00000000000000
    1     -1     67633.0000000000       0.00000000000000       0.00000000000000       0.00000000000000
    1     -1     67633.0000000000      -0.58283254576486       0.12717152879691      -0.06429327445941
    1     -1     67634.0000000000      -0.58283254576486       0.12717152879691      -0.06429327445941
    1     -1     67635.0000000000      -0.58283254576486       0.12717152879691      -0.06429327445941
    1     -1     67635.0000000000       0.00000000000000       0.00000000000000       0.00000000000000
    1     -1     67635.0000000000       0.00000000000000       0.00000000000000       0.00000000000000
    1     -1     67635.0000000000      -0.58346632243124       0.12424774673465      -0.06426155382440
    1     -1     67636.0000000000      -0.58346632243124       0.12424774673465      -0.06426155382440
    1     -1     67637.0000000000      -0.58346632243124       0.12424774673465      -0.06426155382440
    1     -1     67637.0000000000       0.00000000000000       0.00000000000000       0.00000000000000
    1     -1     67637.0000000000       0.00000000000000       0.00000000000000       0.00000000000000
    1     -1     67637.0000000000      -0.58406449044863       0.12142980334183      -0.06421427518357
    1     -1     67638.0000000000      -0.58406449044863       0.12142980334183      -0.06421427518357
    1     -1     67639.0000000000      -0.58406449044863       0.12142980334183      -0.06421427518357
    1     -1     67639.0000000000       0.00000000000000       0.00000000000000       0.00000000000000
    1     -1     67639.0000000000       0.00000000000000       0.00000000000000       0.00000000000000
    1     -1     67639.0000000000      -0.58462918965729       0.11871500772588      -0.06415182632871
    1     -1     67640.0000000000      -0.58462918965729       0.11871500772588      -0.06415182632871
    1     -1     67641.0000000000      -0.58462918965729       0.11871500772588      -0.06415182632871
    1     -1     67641.0000000000       0.00000000000000       0.00000000000000       0.00000000000000
    1     -1     67641.0000000000       0.00000000000000       0.00000000000000       0.00000000000000
    1     -1     67641.0000000000      -0.58516243715201       0.11610068963205      -0.06407457602885
    1     -1     67642.0000000000      -0.58516243715201       0.11610068963205      -0.06407457602885
    1     -1     67643.0000000000      -0.58516243715201       0.11610068963205      -0.06407457602885
    1     -1     67643.0000000000       0.00000000000000       0.00000000000000       0.00000000000000
    1  53410     67643.0000000000      336229360.718344271     -175186383.439182699       -8559663.639086468        6.2815018344005       16.8376889014365       -1.0208594964074        1229.7704370437
    1  53410     67643.0000000000      336229360.718344271     -175186383.439182699       -8559663.639086468        6.2815018344005       16.8376889014365       -1.0208594964074        1303.2817306782
    1     -1     67643.0000000000       0.00000000000000       0.00000000000000       0.00000000000000
    1     -1     67643.0000000000       0.54966585182823      -0.23951749706112       0.02233426102484
    1     -1     67644.0000000000       0.54966585182823      -0.23951749706112       0.02233426102484
    1     -1     67645.0000000000       0.54966585182823      -0.23951749706112       0.02233426102484
    1     -1     67645.0000000000       0.00000000000000       0.00000000000000       0.00000000000000
    1     -1     67645.0000000000       0.00000000000000       0.00000000000000       0.00000000000000
    1     -1     67645.0000000000       0.54912960328081      -0.24055361032797       0.02430305821990
    1     -1     67646.0000000000       0.54912960328081      -0.24055361032797       0.02430305821990
    1     -1     67647.0000000000       0.54912960328081      -0.24055361032797       0.02430305821990
    1     -1     67647.0000000000       0.00000000000000       0.00000000000000       0.00000000000000
    1     -1     67647.0000000000       0.00000000000000       0.00000000000000       0.00000000000000
    1     -1     67647.0000000000       0.54856877862487      -0.24161934526141       0.02631323608873
    1     -1     67648.0000000000       0.54856877862487      -0.24161934526141       0.02631323608873
    1     -1     67649.0000000000       0.54856877862487      -0.24161934526141       0.02631323608873
    1     -1     67649.0000000000       0.00000000000000       0.00000000000000       0.00000000000000
    1     -1     67649.0000000000       0.00000000000000       0.00000000000000       0.00000000000000
    1     -1     67649.0000000000       0.54798293301961      -0.24271406328948       0.02836525834067
    1     -1     67650.0000000000       0.54798293301961      -0.24271406328948       0.02836525834067
    1     -1     67651.0000000000       0.54798293301961      -0.24271406328948       0.02836525834067
    1     -1     67651.0000000000       0.00000000000000       0.00000000000000       0.00000000000000
    1     -1     67651.0000000000       0.00000000000000       0.00000000000000       0.00000000000000
    1     -1     67651.0000000000       0.54737161885397      -0.24383708509742       0.03045958115887
    1     -1     67652.0000000000       0.54737161885397      -0.24383708509742       0.03045958115887
    1     -1     67653.0000000000       0.54737161885397      -0.24383708509742       0.03045958115887
    1     -1     67653.0000000000       0.00000000000000       0.00000000000000       0.00000000000000
    1     -1     67653.0000000000       0.00000000000000       0.00000000000000       0.00000000000000
    1     -1     67653.0000000000       0.54673438614701      -0.24498769051253       0.03259665292302
    1     -1     67654.0000000000       0.54673438614701      -0.24498769051253       0.03259665292302
    1     -1     67655.0000000000       0.54673438614701      -0.24498769051253       0.03259665292302
    1     -1     67655.0000000000       0.00000000000000       0.00000000000000       0.00000000000000
    1     -1     67655.0000000000       0.00000000000000       0.00000000000000       0.00000000000000
    1     -1     67655.0000000000       0.54607078293485      -0.24616511848801       0.03477691396180
    1     -1     67656.0000000000       0.54607078293485      -0.24616511848801       0.03477691396180
    1     -1     67657.0000000000       0.54607078293485      -0.24616511848801       0.03477691396180
    1     -1     67657.0000000000       0.00000000000000       0.00000000000000       0.00000000000000
    1     -1     67657.0000000000       0.00000000000000       0.00000000000000       0.00000000000000
    1     -1     67657.0000000000       0.54538035563759      -0.24736856719042       0.03700079635327
    1     -1     67658.0000000000       0.54538035563759      -0.24736856719042       0.03700079635327
    1     -1     67659.0000000000       0.54538035563759      -0.24736856719042       0.03700079635327
    1     -1     67659.0000000000       0.00000000000000       0.00000000000000       0.00000000000000
    1     -1     67659.0000000000       0.00000000000000       0.00000000000000       0.00000000000000
    1     -1     67659.0000000000       0.54466264941326      -0.24859719417462       0.03926872372047
    1     -1     67660.0000000000       0.54466264941326      -0.24859719417462       0.03926872372047
    1     -1     67661.0000000000       0.54466264941326      -0.24859719417462       0.03926872372047
    1     -1     67661.0000000000       0.00000000000000       0.00000000000000       0.00000000000000
    1     -1     67661.0000000000       0.00000000000000       0.00000000000000       0.00000000000000
    1     -1     67661.0000000000       0.54391720848281      -0.24985011665719       0.04158111112821
    1     -1     67662.0000000000       0.54391720848281      -0.24985011665719       0.04158111112821
    1     -1     67663.0000000000       0.54391720848281      -0.24985011665719       0.04158111112821
    1     -1     67663.0000000000       0.00000000000000       0.00000000000000       0.00000000000000
    1     -1     67663.0000000000       0.00000000000000       0.00000000000000       0.00000000000000
    1     -1     67663.0000000000       0.54314357643768      -0.25112641186890       0.04393836497118
    1     -1     67664.0000000000       0.54314357643768      -0.25112641186890       0.04393836497118
    1     -1     67665.0000000000       0.54314357643768      -0.25112641186890       0.04393836497118
    1     -1     67665.0000000000       0.00000000000000       0.00000000000000       0.00000000000000
    1     -1     67665.0000000000       0.00000000000000       0.00000000000000       0.00000000000000
    1     -1     67665.0000000000       0.54234129651281      -0.25242511749963       0.04634088294479
    1     -1     67666.0000000000       0.54234129651281      -0.25242511749963       0.04634088294479
    1     -1     67667.0000000000       0.54234129651281      -0.25242511749963       0.04634088294479
    1     -1     67667.0000000000       0.00000000000000       0.00000000000000       0.00000000000000
    1     -1     67667.0000000000       0.00000000000000       0.00000000000000       0.00000000000000
    1     -1     67667.0000000000       0.54150991182481      -0.25374523222953       0.04878905406202
    1     -1     67668.0000000000       0.54150991182481      -0.25374523222953       0.04878905406202
    1     -1     67669.0000000000       0.54150991182481      -0.25374523222953       0.04878905406202
    1     -1     67669.0000000000       0.00000000000000       0.00000000000000       0.00000000000000
    1     -1     67669.0000000000       0.00000000000000       0.00000000000000       0.00000000000000
    1     -1     67669.0000000000       0.54064896557145      -0.25508571634522       0.05128325870265
    1     -1     67670.0000000000       0.54064896557145      -0.25508571634522       0.05128325870265
    1     -1     67671.0000000000       0.54064896557145      -0.25508571634522       0.05128325870265
    1     -1     67671.0000000000       0.00000000000000       0.00000000000000       0.00000000000000
    1     -1     67671.0000000000       0.00000000000000       0.00000000000000       0.00000000000000
    1     -1     67671.0000000000       0.53975800118130      -0.25644549244394       0.05382386873824
    1     -1     67672.0000000000       0.53975800118130      -0.25644549244394       0.05382386873824
    1     -1     67673.0000000000       0.53975800118130      -0.25644549244394       0.05382386873824
    1     -1     67673.0000000000       0.00000000000000       0.00000000000000       0.00000000000000
    1     -1     67673.0000000000       0.00000000000000       0.00000000000000       0.00000000000000
    1     -1     67673.0000000000       0.53883656241197      -0.25782344622026       0.05641124770073
    1     -1     67674.0000000000       0.53883656241197      -0.25782344622026       0.05641124770073
    1     -1     67675.0000000000       0.53883656241197      -0.25782344622026       0.05641124770073
    1     -1     67675.0000000000       0.00000000000000       0.00000000000000       0.00000000000000
    1     -1     67675.0000000000       0.00000000000000       0.00000000000000       0.00000000000000
    1     -1     67675.0000000000       0.53788419338855      -0.25921842733393       0.05904575101798
    1     -1     67676.0000000000       0.53788419338855      -0.25921842733393       0.05904575101798
    1     -1     67677.0000000000       0.53788419338855      -0.25921842733393       0.05904575101798
    1     -1     67677.0000000000       0.00000000000000       0.00000000000000       0.00000000000000
    1     -1     67677.0000000000       0.00000000000000       0.00000000000000       0.00000000000000
    1     -1     67677.0000000000       0.53690043857980      -0.26062925035446       0.06172772628642
    1     -1     67678.0000000000       0.53690043857980      -0.26062925035446       0.06172772628642
    1     -1     67679.0000000000       0.53690043857980      -0.26062925035446       0.06172772628642
    1     -1     67679.0000000000       0.00000000000000       0.00000000000000       0.00000000000000
    1     -1     67679.0000000000       0.00000000000000       0.00000000000000       0.00000000000000
    1     -1     67679.0000000000       0.53588484270018      -0.26205469577979       0.06445751363463
    1     -1     67680.0000000000       0.53588484270018      -0.26205469577979       0.06445751363463
    1     -1     67681.0000000000       0.53588484270018      -0.26205469577979       0.06445751363463
    1     -1     67681.0000000000       0.00000000000000       0.00000000000000       0.00000000000000
    1     -1     67681.0000000000       0.00000000000000       0.00000000000000       0.00000000000000
    1     -1     67681.0000000000       0.53483695053955      -0.26349351112217       0.06723544611337
    1     -1     67682.0000000000       0.53483695053955      -0.26349351112217       0.06723544611337
    1     -1     67683.0000000000       0.53483695053955      -0.26349351112217       0.06723544611337
    1     -1     67683.0000000000       0.00000000000000       0.00000000000000       0.00000000000000
    1     -1     67683.0000000000       0.00000000000000       0.00000000000000       0.00000000000000
    1     -1     67683.0000000000       0.53375630670894      -0.26494441205699       0.07006185016258
    1     -1     67684.0000000000       0.53375630670894      -0.26494441205699       0.07006185016258
    1     -1     67685.0000000000       0.53375630670894      -0.26494441205699       0.07006185016258
    1     -1     67685.0000000000       0.00000000000000       0.00000000000000       0.00000000000000
    1     -1     67685.0000000000       0.00000000000000       0.00000000000000       0.00000000000000
    1     -1     67685.0000000000       0.53264245529997      -0.26640608362837       0.07293704612756
    1     -1     67686.0000000000       0.53264245529997      -0.26640608362837       0.07293704612756
    1     -1     67687.0000000000       0.53264245529997      -0.26640608362837       0.07293704612756
    1     -1     67687.0000000000       0.00000000000000       0.00000000000000       0.00000000000000
    1     -1     67687.0000000000       0.00000000000000       0.00000000000000       0.00000000000000
    1     -1     67687.0000000000       0.53149493945114      -0.26787718150368       0.07586134883766
    1     -1     67688.0000000000       0.53149493945114      -0.26787718150368       0.07586134883766
    1     -1     67689.0000000000       0.53149493945114      -0.26787718150368       0.07586134883766
    1     -1     67689.0000000000       0.00000000000000       0.00000000000000       0.00000000000000
    1     -1     67689.0000000000       0.00000000000000       0.00000000000000       0.00000000000000
    1     -1     67689.0000000000       0.53031330081692      -0.26935633327121       0.07883506823335
    1     -1     67690.0000000000       0.53031330081692      -0.26935633327121       0.07883506823335
    1     -1     67691.0000000000       0.53031330081692      -0.26935633327121       0.07883506823335
    1     -1     67691.0000000000       0.00000000000000       0.00000000000000       0.00000000000000
    1     -1     67691.0000000000       0.00000000000000       0.00000000000000       0.00000000000000
    1     -1     67691.0000000000       0.52909707893391      -0.27084213977110       0.08185851005126
    1     -1     67692.0000000000       0.52909707893391      -0.27084213977110       0.08185851005126
    1     -1     67693.0000000000       0.52909707893391      -0.27084213977110       0.08185851005126
    1     -1     67693.0000000000       0.00000000000000       0.00000000000000       0.00000000000000
    1     -1     67693.0000000000       0.00000000000000       0.00000000000000       0.00000000000000
    1     -1     67693.0000000000       0.52784581048051      -0.27233317645337       0.08493197655178
    1     -1     67694.0000000000       0.52784581048051      -0.27233317645337       0.08493197655178
    1     -1     67695.0000000000       0.52784581048051      -0.27233317645337       0.08493197655178
    1     -1     67695.0000000000       0.00000000000000       0.00000000000000       0.00000000000000
    1     -1     67695.0000000000       0.00000000000000       0.00000000000000       0.00000000000000
    1     -1     67695.0000000000       0.52655902842468      -0.27382799475195       0.08805576729878
    1     -1     67696.0000000000       0.52655902842468      -0.27382799475195       0.08805576729878
    1     -1     67697.0000000000       0.52655902842468      -0.27382799475195       0.08805576729878
    1     -1     67697.0000000000       0.00000000000000       0.00000000000000       0.00000000000000
    1     -1     67697.0000000000       0.00000000000000       0.00000000000000       0.00000000000000
    1     -1     67697.0000000000       0.52523626105667      -0.27532512346748       0.09123017997808
    1     -1     67698.0000000000       0.52523626105667      -0.27532512346748       0.09123017997808
    1     -1     67699.0000000000       0.52523626105667      -0.27532512346748       0.09123017997808
    1     -1     67699.0000000000       0.00000000000000       0.00000000000000       0.00000000000000
    1     -1     67699.0000000000       0.00000000000000       0.00000000000000       0.00000000000000
    1     -1     67699.0000000000       0.52387703090306      -0.27682307014716       0.09445551125526
    1     -1     67700.0000000000       0.52387703090306      -0.27682307014716       0.09445551125526
    1     -1     67701.0000000000       0.52387703090306      -0.27682307014716       0.09445551125526
    1     -1     67701.0000000000       0.00000000000000       0.00000000000000       0.00000000000000
    1     -1     67701.0000000000       0.00000000000000       0.00000000000000       0.00000000000000
    1     -1     67701.0000000000       0.52248085351907      -0.27832032245326       0.09773205766534
    1     -1     67702.0000000000       0.52248085351907      -0.27832032245326       0.09773205766534
    1     -1     67703.0000000000       0.52248085351907      -0.27832032245326       0.09773205766534
    1     -1     67703.0000000000       0.00000000000000       0.00000000000000       0.00000000000000
    1     -1     67703.0000000000       0.00000000000000       0.00000000000000       0.00000000000000
    1     -1     67703.0000000000       0.52104723615596      -0.27981534950976       0.10106011652957
    1     -1     67704.0000000000       0.52104723615596      -0.27981534950976       0.10106011652957
    1     -1     67705.0000000000       0.52104723615596      -0.27981534950976       0.10106011652957
    1     -1     67705.0000000000       0.00000000000000       0.00000000000000       0.00000000000000
    1     -1     67705.0000000000       0.00000000000000       0.00000000000000       0.00000000000000
    1     -1     67705.0000000000       0.51957567630226      -0.28130660321579       0.10443998689317
    1     -1     67706.0000000000       0.51957567630226      -0.28130660321579       0.10443998689317
    1     -1     67707.0000000000       0.51957567630226      -0.28130660321579       0.10443998689317
    1     -1     67707.0000000000       0.00000000000000       0.00000000000000       0.00000000000000
    1     -1     67707.0000000000       0.00000000000000       0.00000000000000       0.00000000000000
    1     -1     67707.0000000000       0.51806566009625      -0.28279251951645       0.10787197047693
    1     -1     67708.0000000000       0.51806566009625      -0.28279251951645       0.10787197047693
    1     -1     67709.0000000000       0.51806566009625      -0.28279251951645       0.10787197047693
    1     -1     67709.0000000000       0.00000000000000       0.00000000000000       0.00000000000000
    1     -1     67709.0000000000       0.00000000000000       0.00000000000000       0.00000000000000
    1     -1     67709.0000000000       0.51651666060874      -0.28427151961975       0.11135637263610
    1     -1     67710.0000000000       0.51651666060874      -0.28427151961975       0.11135637263610
    1     -1     67711.0000000000       0.51651666060874      -0.28427151961975       0.11135637263610
    1     -1     67711.0000000000       0.00000000000000       0.00000000000000       0.00000000000000
    1     -1     67711.0000000000       0.00000000000000       0.00000000000000       0.00000000000000
    1     -1     67711.0000000000       0.51492813599529      -0.28574201114935       0.11489350331823
    1     -1     67712.0000000000       0.51492813599529      -0.28574201114935       0.11489350331823
    1     -1     67713.0000000000       0.51492813599529      -0.28574201114935       0.11489350331823
    1     -1     67713.0000000000       0.00000000000000       0.00000000000000       0.00000000000000
    1     -1     67713.0000000000       0.00000000000000       0.00000000000000       0.00000000000000
    1     -1     67713.0000000000       0.51329952751888      -0.28720238922178       0.11848367800753
    1     -1     67714.0000000000       0.51329952751888      -0.28720238922178       0.11848367800753
    1     -1     67715.0000000000       0.51329952751888      -0.28720238922178       0.11848367800753
    1     -1     67715.0000000000       0.00000000000000       0.00000000000000       0.00000000000000
    1     -1     67715.0000000000       0.00000000000000       0.00000000000000       0.00000000000000
    1     -1     67715.0000000000       0.51163025743945      -0.28865103743987       0.12212721865878
    1     -1     67716.0000000000       0.51163025743945      -0.28865103743987       0.12212721865878
    1     -1     67717.0000000000       0.51163025743945      -0.28865103743987       0.12212721865878
    1     -1     67717.0000000000       0.00000000000000       0.00000000000000       0.00000000000000
    1     -1     67717.0000000000       0.00000000000000       0.00000000000000       0.00000000000000
    1     -1     67717.0000000000       0.50991972677828      -0.29008632878854       0.12582445458795
    1     -1     67718.0000000000       0.50991972677828      -0.29008632878854       0.12582445458795
    1     -1     67719.0000000000       0.50991972677828      -0.29008632878854       0.12582445458795
    1     -1     67719.0000000000       0.00000000000000       0.00000000000000       0.00000000000000
    1     -1     67719.0000000000       0.00000000000000       0.00000000000000       0.00000000000000
    1     -1     67719.0000000000       0.50816731294824      -0.29150662642796       0.12957572334184
    1     -1     67720.0000000000       0.50816731294824      -0.29150662642796       0.12957572334184
    1     -1     67721.0000000000       0.50816731294824      -0.29150662642796       0.12957572334184
    1     -1     67721.0000000000       0.00000000000000       0.00000000000000       0.00000000000000
    1     -1     67721.0000000000       0.00000000000000       0.00000000000000       0.00000000000000
    1     -1     67721.0000000000       0.50637236726366      -0.29291028436963       0.13338137149656
    1     -1     67722.0000000000       0.50637236726366      -0.29291028436963       0.13338137149656
    1     -1     67723.0000000000       0.50637236726366      -0.29291028436963       0.13338137149656
    1     -1     67723.0000000000       0.00000000000000       0.00000000000000       0.00000000000000
    1     -1     67723.0000000000       0.00000000000000       0.00000000000000       0.00000000000000
    1     -1     67723.0000000000       0.50453421232247      -0.29429564803077       0.13724175540370
    1     -1     67724.0000000000       0.50453421232247      -0.29429564803077       0.13724175540370
    1     -1     67725.0000000000       0.50453421232247      -0.29429564803077       0.13724175540370
    1     -1     67725.0000000000       0.00000000000000       0.00000000000000       0.00000000000000
    1     -1     67725.0000000000       0.00000000000000       0.00000000000000       0.00000000000000
    1     -1     67725.0000000000       0.50265213927059      -0.29566105465723       0.14115724184639
    1     -1     67726.0000000000       0.50265213927059      -0.29566105465723       0.14115724184639
    1     -1     67727.0000000000       0.50265213927059      -0.29566105465723       0.14115724184639
    1     -1     67727.0000000000       0.00000000000000       0.00000000000000       0.00000000000000
    1     -1     67727.0000000000       0.00000000000000       0.00000000000000       0.00000000000000
    1     -1     67727.0000000000       0.50072540495304      -0.29700483361011       0.14512820858415
    1     -1     67728.0000000000       0.50072540495304      -0.29700483361011       0.14512820858415
    1     -1     67729.0000000000       0.50072540495304      -0.29700483361011       0.14512820858415
    1     -1     67729.0000000000       0.00000000000000       0.00000000000000       0.00000000000000
    1     -1     67729.0000000000       0.00000000000000       0.00000000000000       0.00000000000000
    1     -1     67729.0000000000       0.49875322896411      -0.29832530651532       0.14915504473673
    1     -1     67730.0000000000       0.49875322896411      -0.29832530651532       0.14915504473673
    1     -1     67731.0000000000       0.49875322896411      -0.29832530651532       0.14915504473673
    1     -1     67731.0000000000       0.00000000000000       0.00000000000000       0.00000000000000
    1     -1     67731.0000000000       0.00000000000000       0.00000000000000       0.00000000000000
    1     -1     67731.0000000000       0.49673479062806      -0.29962078727816       0.15323815089760
    1     -1     67732.0000000000       0.49673479062806      -0.29962078727816       0.15323815089760
    1     -1     67733.0000000000       0.49673479062806      -0.29962078727816       0.15323815089760
    1     -1     67733.0000000000       0.00000000000000       0.00000000000000       0.00000000000000
    1     -1     67733.0000000000       0.00000000000000       0.00000000000000       0.00000000000000
    1     -1     67733.0000000000       0.49466922597135      -0.30088958191654       0.15737793889549
    1     -1     67734.0000000000       0.49466922597135      -0.30088958191654       0.15737793889549
    1     -1     67735.0000000000       0.49466922597135      -0.30088958191654       0.15737793889549
    1     -1     67735.0000000000       0.00000000000000       0.00000000000000       0.00000000000000
    1     -1     67735.0000000000       0.00000000000000       0.00000000000000       0.00000000000000
    1     -1     67735.0000000000       0.49255562414020      -0.30212998754392       0.16157483416229
    1     -1     67736.0000000000       0.49255562414020      -0.30212998754392       0.16157483416229
    1     -1     67737.0000000000       0.49255562414020      -0.30212998754392       0.16157483416229
    1     -1     67737.0000000000       0.00000000000000       0.00000000000000       0.00000000000000
    1     -1     67737.0000000000       0.00000000000000       0.00000000000000       0.00000000000000
    1     -1     67737.0000000000       0.48628879822102      -0.30080155836351       0.16444141432661
    1     -1     67738.0000000000       0.48628879822102      -0.30080155836351       0.16444141432661
    1     -1     67739.0000000000       0.48628879822102      -0.30080155836351       0.16444141432661
    1     -1     67739.0000000000       0.00000000000000       0.00000000000000       0.00000000000000
    1     -1     68053.0000000000       0.00000000000000       0.00000000000000       0.00000000000000
    1     -1     68053.0000000000      -0.05979366768622       0.02120809775196       0.03349223601653
    1     -1     68054.0000000000      -0.05979366768622       0.02120809775196       0.03349223601653
    1     -1     68055.0000000000      -0.05979366768622       0.02120809775196       0.03349223601653
    1     -1     68055.0000000000       0.00000000000000       0.00000000000000       0.00000000000000
    1     -1     68055.0000000000       0.00000000000000       0.00000000000000       0.00000000000000
    1     -1     68055.0000000000      -0.50169382256023       0.17789046654239       0.27687233447608
    1     -1     68056.0000000000      -0.50169382256023       0.17789046654239       0.27687233447608
    1     -1     68057.0000000000      -0.50169382256023       0.17789046654239       0.27687233447608
    1     -1     68057.0000000000       0.00000000000000       0.00000000000000       0.00000000000000
    1     -1     68057.0000000000       0.00000000000000       0.00000000000000       0.00000000000000
    1     -1     68057.0000000000      -0.50326754885318       0.17839351380769       0.27367412698803
    1     -1     68058.0000000000      -0.50326754885318       0.17839351380769       0.27367412698803
    1     -1     68059.0000000000      -0.50326754885318       0.17839351380769       0.27367412698803
    1     -1     68059.0000000000       0.00000000000000       0.00000000000000       0.00000000000000
    1     -1     68059.0000000000       0.00000000000000       0.00000000000000       0.00000000000000
    1     -1     68059.0000000000      -0.50480110923183       0.17888337142249       0.27051169813307
    1     -1     68060.0000000000      -0.50480110923183       0.17888337142249       0.27051169813307
    1     -1     68061.0000000000      -0.50480110923183       0.17888337142249       0.27051169813307
    1     -1     68061.0000000000       0.00000000000000       0.00000000000000       0.00000000000000
    1     -1     68061.0000000000       0.00000000000000       0.00000000000000       0.00000000000000
    1     -1     68061.0000000000      -0.50629483157463       0.17936200355928       0.26738514259401
    1     -1     68062.0000000000      -0.50629483157463       0.17936200355928       0.26738514259401
    1     -1     68063.0000000000      -0.50629483157463       0.17936200355928       0.26738514259401
    1     -1     68063.0000000000       0.00000000000000       0.00000000000000       0.00000000000000
    1     -1     68063.0000000000       0.00000000000000       0.00000000000000       0.00000000000000
    1     -1     68063.0000000000      -0.50774986353526       0.17983094126531       0.26429322337805
    1     -1     68064.0000000000      -0.50774986353526       0.17983094126531       0.26429322337805
    1     -1     68065.0000000000      -0.50774986353526       0.17983094126531       0.26429322337805
    1     -1     68065.0000000000       0.00000000000000       0.00000000000000       0.00000000000000
    1     -1     68065.0000000000       0.00000000000000       0.00000000000000       0.00000000000000
    1     -1     68065.0000000000      -0.50916693530575       0.18029226312040       0.26123501130262
    1     -1     68066.0000000000      -0.50916693530575       0.18029226312040       0.26123501130262
    1     -1     68067.0000000000      -0.50916693530575       0.18029226312040       0.26123501130262
    1     -1     68067.0000000000       0.00000000000000       0.00000000000000       0.00000000000000
    1     -1     68067.0000000000       0.00000000000000       0.00000000000000       0.00000000000000
    1     -1     68067.0000000000      -0.51054678030904       0.18074789009291       0.25820957500262
    1     -1     68068.0000000000      -0.51054678030904       0.18074789009291       0.25820957500262
    1     -1     68069.0000000000      -0.51054678030904       0.18074789009291       0.25820957500262
    1     -1     68069.0000000000       0.00000000000000       0.00000000000000       0.00000000000000
    1     -1     68069.0000000000       0.00000000000000       0.00000000000000       0.00000000000000
    1     -1     68069.0000000000      -0.51189004991400       0.18119966258965       0.25521610128758
    1     -1     68070.0000000000      -0.51189004991400       0.18119966258965       0.25521610128758
    1     -1     68071.0000000000      -0.51189004991400       0.18119966258965       0.25521610128758
    1     -1     68071.0000000000       0.00000000000000       0.00000000000000       0.00000000000000
    1     -1     68071.0000000000       0.00000000000000       0.00000000000000       0.00000000000000
    1     -1     68071.0000000000      -0.51319729996114       0.18164966907089       0.25225369832577
    1     -1     68072.0000000000      -0.51319729996114       0.18164966907089       0.25225369832577
    1     -1     68073.0000000000      -0.51319729996114       0.18164966907089       0.25225369832577
    1     -1     68073.0000000000       0.00000000000000       0.00000000000000       0.00000000000000
    1     -1     68073.0000000000       0.00000000000000       0.00000000000000       0.00000000000000
    1     -1     68073.0000000000      -0.51446910199967       0.18209953080503       0.24932168627748
    1     -1     68074.0000000000      -0.51446910199967       0.18209953080503       0.24932168627748
    1     -1     68075.0000000000      -0.51446910199967       0.18209953080503       0.24932168627748
    1     -1     68075.0000000000       0.00000000000000       0.00000000000000       0.00000000000000
    1     -1     68075.0000000000       0.00000000000000       0.00000000000000       0.00000000000000
    1     -1     68075.0000000000      -0.51570610842749       0.18255142637306       0.24641872035162
    1     -1     68076.0000000000      -0.51570610842749       0.18255142637306       0.24641872035162
    1     -1     68077.0000000000      -0.51570610842749       0.18255142637306       0.24641872035162
    1     -1     68077.0000000000       0.00000000000000       0.00000000000000       0.00000000000000
    1     -1     68077.0000000000       0.00000000000000       0.00000000000000       0.00000000000000
    1     -1     68077.0000000000      -0.51661137049057       0.18289231993408       0.24426029245250
    1     -1     68078.0000000000      -0.51661137049057       0.18289231993408       0.24426029245250
    1     -1     68078.0000000000       0.00000000000000       0.00000000000000       0.00000000000000
    1  23760     68078.0000000000       77574721.533961296      329522817.904145181       -4513397.318413340      -20.1861966334044        1.8483912132008        1.1961936477487        1145.7231060654
    1  23760     68078.0000000000       77574721.533961296      329522817.904145181       -4513397.318413340      -20.1861966334044        1.8483912132008        1.1961936477487        1217.5916892276
    1     -1     68078.0000000000       0.00000000000000       0.00000000000000       0.00000000000000
    1     -1     68078.0000000000      -0.59401502566337       0.07422788409304       0.04045206779906
    1     -1     68079.0000000000      -0.59401502566337       0.07422788409304       0.04045206779906
    1     -1     68080.0000000000      -0.59401502566337       0.07422788409304       0.04045206779906
    1     -1     68080.0000000000       0.00000000000000       0.00000000000000       0.00000000000000
    1     -1     68080.0000000000       0.00000000000000       0.00000000000000       0.00000000000000
    1     -1     68080.0000000000      -0.59285201148292       0.08020245301934       0.04576088166037
    1     -1     68081.0000000000      -0.59285201148292       0.08020245301934       0.04576088166037
    1     -1     68082.0000000000      -0.59285201148292       0.08020245301934       0.04576088166037
    1     -1     68082.0000000000       0.00000000000000       0.00000000000000       0.00000000000000
    1     -1     68082.0000000000       0.00000000000000       0.00000000000000       0.00000000000000
    1     -1     68082.0000000000      -0.59154671523432       0.08631374939269       0.05120956591560
    1     -1     68083.0000000000      -0.59154671523432       0.08631374939269       0.05120956591560
    1     -1     68084.0000000000      -0.59154671523432       0.08631374939269       0.05120956591560
    1     -1     68084.0000000000       0.00000000000000       0.00000000000000       0.00000000000000
    1     -1     68084.0000000000       0.00000000000000       0.00000000000000       0.00000000000000
    1     -1     68084.0000000000      -0.59008866908500       0.09256858584811       0.05680157402373
    1     -1     68085.0000000000      -0.59008866908500       0.09256858584811       0.05680157402373
    1     -1     68086.0000000000      -0.59008866908500       0.09256858584811       0.05680157402373
    1     -1     68086.0000000000       0.00000000000000       0.00000000000000       0.00000000000000
    1     -1     68086.0000000000       0.00000000000000       0.00000000000000       0.00000000000000
    1     -1     68086.0000000000      -0.58846652616163       0.09897396381650       0.06254039777386
    1     -1     68087.0000000000      -0.58846652616163       0.09897396381650       0.06254039777386
    1     -1     68088.0000000000      -0.58846652616163       0.09897396381650       0.06254039777386
    1     -1     68088.0000000000       0.00000000000000       0.00000000000000       0.00000000000000
    1     -1     68088.0000000000       0.00000000000000       0.00000000000000       0.00000000000000
    1     -1     68088.0000000000      -0.58666810534169       0.10553665381796       0.06842914697480
    1     -1     68089.0000000000      -0.58666810534169       0.10553665381796       0.06842914697480
    1     -1     68090.0000000000      -0.58666810534169       0.10553665381796       0.06842914697480
    1     -1     68090.0000000000       0.00000000000000       0.00000000000000       0.00000000000000
    1     -1     68090.0000000000       0.00000000000000       0.00000000000000       0.00000000000000
    1     -1     68090.0000000000      -0.58468022758680       0.11226359683463       0.07447090421637
    1     -1     68091.0000000000      -0.58468022758680       0.11226359683463       0.07447090421637
    1     -1     68092.0000000000      -0.58468022758680       0.11226359683463       0.07447090421637
    1     -1     68092.0000000000       0.00000000000000       0.00000000000000       0.00000000000000
    1     -1     68092.0000000000       0.00000000000000       0.00000000000000       0.00000000000000
    1     -1     68092.0000000000      -0.08053406295737       0.01647491154634       0.01115293678064
    1     -1     68093.0000000000      -0.08053406295737       0.01647491154634       0.01115293678064
    1     -1     68094.0000000000      -0.08053406295737       0.01647491154634       0.01115293678064
    1     -1     68094.0000000000       0.00000000000000       0.00000000000000       0.00000000000000
    1     -1     68204.0000000000       0.00000000000000       0.00000000000000       0.00000000000000
    1     -1     68204.0000000000       0.02127807186006       0.17359143439275       0.11900775432428
    1     -1     68205.0000000000       0.02127807186006       0.17359143439275       0.11900775432428
    1     -1     68206.0000000000       0.02127807186006       0.17359143439275       0.11900775432428
    1     -1     68206.0000000000       0.00000000000000       0.00000000000000       0.00000000000000
    1     -1     68206.0000000000       0.00000000000000       0.00000000000000       0.00000000000000
    1     -1     68206.0000000000       0.06997852484113       0.49256487565757       0.33538462786702
    1     -1     68207.0000000000       0.06997852484113       0.49256487565757       0.33538462786702
    1     -1     68208.0000000000       0.06997852484113       0.49256487565757       0.33538462786702
    1     -1     68208.0000000000       0.00000000000000       0.00000000000000       0.00000000000000
    1     -1     68208.0000000000       0.00000000000000       0.00000000000000       0.00000000000000
    1     -1     68208.0000000000       0.07917050501711       0.49268264702640       0.33316038139970
    1     -1     68209.0000000000       0.07917050501711       0.49268264702640       0.33316038139970
    1     -1     68210.0000000000       0.07917050501711       0.49268264702640       0.33316038139970
    1     -1     68210.0000000000       0.00000000000000       0.00000000000000       0.00000000000000
    1     -1     68210.0000000000       0.00000000000000       0.00000000000000       0.00000000000000
    1     -1     68210.0000000000       0.08794187128694       0.49272885797463       0.33088441950864
    1     -1     68211.0000000000       0.08794187128694       0.49272885797463       0.33088441950864
    1     -1     68212.0000000000       0.08794187128694       0.49272885797463       0.33088441950864
    1     -1     68212.0000000000       0.00000000000000       0.00000000000000       0.00000000000000
    1     -1     68212.0000000000       0.00000000000000       0.00000000000000       0.00000000000000
    1     -1     68212.0000000000       0.09630641778795       0.49271526051450       0.32856771787409
    1     -1     68213.0000000000       0.09630641778795       0.49271526051450       0.32856771787409
    1     -1     68214.0000000000       0.09630641778795       0.49271526051450       0.32856771787409
    1     -1     68214.0000000000       0.00000000000000       0.00000000000000       0.00000000000000
    1     -1     68214.0000000000       0.00000000000000       0.00000000000000       0.00000000000000
    1     -1     68214.0000000000       0.10427820443686       0.49265244029285       0.32622021462952
    1     -1     68215.0000000000       0.10427820443686       0.49265244029285       0.32622021462952
    1     -1     68216.0000000000       0.10427820443686       0.49265244029285       0.32622021462952
    1     -1     68216.0000000000       0.00000000000000       0.00000000000000       0.00000000000000
    1     -1     68216.0000000000       0.00000000000000       0.00000000000000       0.00000000000000
    1     -1     68216.0000000000       0.11187163839739       0.49254989648902       0.32385079167873
    1     -1     68217.0000000000       0.11187163839739       0.49254989648902       0.32385079167873
    1     -1     68218.0000000000       0.11187163839739       0.49254989648902       0.32385079167873
    1     -1     68218.0000000000       0.00000000000000       0.00000000000000       0.00000000000000
    1     -1     68218.0000000000       0.00000000000000       0.00000000000000       0.00000000000000
    1     -1     68218.0000000000       0.11910115141795       0.49241610942263       0.32146740144530
    1     -1     68219.0000000000       0.11910115141795       0.49241610942263       0.32146740144530
    1     -1     68220.0000000000       0.11910115141795       0.49241610942263       0.32146740144530
    1     -1     68220.0000000000       0.00000000000000       0.00000000000000       0.00000000000000
    1     -1     68220.0000000000       0.00000000000000       0.00000000000000       0.00000000000000
    1     -1     68220.0000000000       0.12598114192532       0.49225861277026       0.31907712126176
    1     -1     68221.0000000000       0.12598114192532       0.49225861277026       0.31907712126176
    1     -1     68222.0000000000       0.12598114192532       0.49225861277026       0.31907712126176
    1     -1     68222.0000000000       0.00000000000000       0.00000000000000       0.00000000000000
    1     -1     68222.0000000000       0.00000000000000       0.00000000000000       0.00000000000000
    1     -1     68222.0000000000       0.13252588338651       0.49208406511570       0.31668622068513
    1     -1     68223.0000000000       0.13252588338651       0.49208406511570       0.31668622068513
    1     -1     68224.0000000000       0.13252588338651       0.49208406511570       0.31668622068513
    1     -1     68224.0000000000       0.00000000000000       0.00000000000000       0.00000000000000
    1     -1     68224.0000000000       0.00000000000000       0.00000000000000       0.00000000000000
    1     -1     68224.0000000000       0.13874943990727       0.49189832033756       0.31430023012163
    1     -1     68225.0000000000       0.13874943990727       0.49189832033756       0.31430023012163
    1     -1     68226.0000000000       0.13874943990727       0.49189832033756       0.31430023012163
    1     -1     68226.0000000000       0.00000000000000       0.00000000000000       0.00000000000000
    1     -1     68226.0000000000       0.00000000000000       0.00000000000000       0.00000000000000
    1     -1     68226.0000000000       0.14466560014362       0.49170649582942       0.31192400576782
    1     -1     68227.0000000000       0.14466560014362       0.49170649582942       0.31192400576782
    1     -1     68228.0000000000       0.14466560014362       0.49170649582942       0.31192400576782
    1     -1     68228.0000000000       0.00000000000000       0.00000000000000       0.00000000000000
    1  16118     68228.0000000000     -185991198.914750099      254000256.269349128       11875728.638966283      -17.4401619165836      -12.8249337462309        1.5925620604382        1168.7185032064
    1  16118     68228.0000000000     -185991198.914750099      254000256.269349128       11875728.638966283      -17.4401619165836      -12.8249337462309        1.5925620604382        1250.4433492023
    1     -1     68228.0000000000       0.00000000000000       0.00000000000000       0.00000000000000
    1     -1     68228.0000000000      -0.18649336445855       0.52028183960981      -0.23351023888721
    1     -1     68229.0000000000      -0.18649336445855       0.52028183960981      -0.23351023888721
    1     -1     68230.0000000000      -0.18649336445855       0.52028183960981      -0.23351023888721
    1     -1     68230.0000000000       0.00000000000000       0.00000000000000       0.00000000000000
    1     -1     68230.0000000000       0.00000000000000       0.00000000000000       0.00000000000000
    1     -1     68230.0000000000      -0.18364554016364       0.51973785011756      -0.23695333298602
    1     -1     68231.0000000000      -0.18364554016364       0.51973785011756      -0.23695333298602
    1     -1     68232.0000000000      -0.18364554016364       0.51973785011756      -0.23695333298602
    1     -1     68232.0000000000       0.00000000000000       0.00000000000000       0.00000000000000
    1     -1     68232.0000000000       0.00000000000000       0.00000000000000       0.00000000000000
    1     -1     68232.0000000000      -0.18077213611797       0.51915841921394      -0.24040792383494
    1     -1     68233.0000000000      -0.18077213611797       0.51915841921394      -0.24040792383494
    1     -1     68234.0000000000      -0.18077213611797       0.51915841921394      -0.24040792383494
    1     -1     68234.0000000000       0.00000000000000       0.00000000000000       0.00000000000000
    1     -1     68234.0000000000       0.00000000000000       0.00000000000000       0.00000000000000
    1     -1     68234.0000000000      -0.17787493048739       0.51854211233194      -0.24387411941909
    1     -1     68235.0000000000      -0.17787493048739       0.51854211233194      -0.24387411941909
    1     -1     68236.0000000000      -0.17787493048739       0.51854211233194      -0.24387411941909
    1     -1     68236.0000000000       0.00000000000000       0.00000000000000       0.00000000000000
    1     -1     68236.0000000000       0.00000000000000       0.00000000000000       0.00000000000000
    1     -1     68236.0000000000      -0.17495563102568       0.51788748210254      -0.24735214236772
    1     -1     68237.0000000000      -0.17495563102568       0.51788748210254      -0.24735214236772
    1     -1     68238.0000000000      -0.17495563102568       0.51788748210254      -0.24735214236772
    1     -1     68238.0000000000       0.00000000000000       0.00000000000000       0.00000000000000
    1     -1     68238.0000000000       0.00000000000000       0.00000000000000       0.00000000000000
    1     -1     68238.0000000000      -0.17201586478647       0.51719306354995      -0.25084233406182
    1     -1     68239.0000000000      -0.17201586478647       0.51719306354995      -0.25084233406182
    1     -1     68240.0000000000      -0.17201586478647       0.51719306354995      -0.25084233406182
    1     -1     68240.0000000000       0.00000000000000       0.00000000000000       0.00000000000000
    1     -1     68240.0000000000       0.00000000000000       0.00000000000000       0.00000000000000
    1     -1     68240.0000000000      -0.16905716808742       0.51645736866350      -0.25434515830155
    1     -1     68241.0000000000      -0.16905716808742       0.51645736866350      -0.25434515830155
    1     -1     68242.0000000000      -0.16905716808742       0.51645736866350      -0.25434515830155
    1     -1     68242.0000000000       0.00000000000000       0.00000000000000       0.00000000000000
    1     -1     68242.0000000000       0.00000000000000       0.00000000000000       0.00000000000000
    1     -1     68242.0000000000      -0.16608097664117       0.51567888036187      -0.25786120457843
    1     -1     68243.0000000000      -0.16608097664117       0.51567888036187      -0.25786120457843
    1     -1     68244.0000000000      -0.16608097664117       0.51567888036187      -0.25786120457843
    1     -1     68244.0000000000       0.00000000000000       0.00000000000000       0.00000000000000
    1     -1     68244.0000000000       0.00000000000000       0.00000000000000       0.00000000000000
    1     -1     68244.0000000000      -0.16308861589360       0.51485604579157      -0.26139119104854
    1     -1     68245.0000000000      -0.16308861589360       0.51485604579157      -0.26139119104854
    1     -1     68246.0000000000      -0.16308861589360       0.51485604579157      -0.26139119104854
    1     -1     68246.0000000000       0.00000000000000       0.00000000000000       0.00000000000000
    1     -1     68246.0000000000       0.00000000000000       0.00000000000000       0.00000000000000
    1     -1     68246.0000000000      -0.16008129156821       0.51398726897352      -0.26493596717507
    1     -1     68247.0000000000      -0.16008129156821       0.51398726897352      -0.26493596717507
    1     -1     68248.0000000000      -0.16008129156821       0.51398726897352      -0.26493596717507
    1     -1     68248.0000000000       0.00000000000000       0.00000000000000       0.00000000000000
    1     -1     68248.0000000000       0.00000000000000       0.00000000000000       0.00000000000000
    1     -1     68248.0000000000      -0.15706008043028       0.51307090277798      -0.26849651606272
    1     -1     68249.0000000000      -0.15706008043028       0.51307090277798      -0.26849651606272
    1     -1     68250.0000000000      -0.15706008043028       0.51307090277798      -0.26849651606272
    1     -1     68250.0000000000       0.00000000000000       0.00000000000000       0.00000000000000
    1     -1     68250.0000000000       0.00000000000000       0.00000000000000       0.00000000000000
    1     -1     68250.0000000000      -0.15402592128098       0.51210524020301      -0.27207395650845
    1     -1     68251.0000000000      -0.15402592128098       0.51210524020301      -0.27207395650845
    1     -1     68252.0000000000      -0.15402592128098       0.51210524020301      -0.27207395650845
    1     -1     68252.0000000000       0.00000000000000       0.00000000000000       0.00000000000000
    1     -1     68252.0000000000       0.00000000000000       0.00000000000000       0.00000000000000
    1     -1     68252.0000000000      -0.15097960618442       0.51108850494684      -0.27566954475894
    1     -1     68253.0000000000      -0.15097960618442       0.51108850494684      -0.27566954475894
    1     -1     68254.0000000000      -0.15097960618442       0.51108850494684      -0.27566954475894
    1     -1     68254.0000000000       0.00000000000000       0.00000000000000       0.00000000000000
    1     -1     68254.0000000000       0.00000000000000       0.00000000000000       0.00000000000000
    1     -1     68254.0000000000      -0.14792177190884       0.51001884123548      -0.27928467602103
    1     -1     68255.0000000000      -0.14792177190884       0.51001884123548      -0.27928467602103
    1     -1     68256.0000000000      -0.14792177190884       0.51001884123548      -0.27928467602103
    1     -1     68256.0000000000       0.00000000000000       0.00000000000000       0.00000000000000
    1     -1     68256.0000000000       0.00000000000000       0.00000000000000       0.00000000000000
    1     -1     68256.0000000000      -0.14485289159351       0.50889430288681      -0.28292088570189
    1     -1     68257.0000000000      -0.14485289159351       0.50889430288681      -0.28292088570189
    1     -1     68258.0000000000      -0.14485289159351       0.50889430288681      -0.28292088570189
    1     -1     68258.0000000000       0.00000000000000       0.00000000000000       0.00000000000000
    1     -1     68258.0000000000       0.00000000000000       0.00000000000000       0.00000000000000
    1     -1     68258.0000000000      -0.14177326659290       0.50771284156231      -0.28657985042969
    1     -1     68259.0000000000      -0.14177326659290       0.50771284156231      -0.28657985042969
    1     -1     68260.0000000000      -0.14177326659290       0.50771284156231      -0.28657985042969
    1     -1     68260.0000000000       0.00000000000000       0.00000000000000       0.00000000000000
    1     -1     68260.0000000000       0.00000000000000       0.00000000000000       0.00000000000000
    1     -1     68260.0000000000      -0.13868301848629       0.50647229416935      -0.29026338884255
    1     -1     68261.0000000000      -0.13868301848629       0.50647229416935      -0.29026338884255
    1     -1     68262.0000000000      -0.13868301848629       0.50647229416935      -0.29026338884255
    1     -1     68262.0000000000       0.00000000000000       0.00000000000000       0.00000000000000
    1     -1     68262.0000000000       0.00000000000000       0.00000000000000       0.00000000000000
    1     -1     68262.0000000000      -0.13558208119676       0.50517036932778      -0.29397346222337
    1     -1     68263.0000000000      -0.13558208119676       0.50517036932778      -0.29397346222337
    1     -1     68264.0000000000      -0.13558208119676       0.50517036932778      -0.29397346222337
    1     -1     68264.0000000000       0.00000000000000       0.00000000000000       0.00000000000000
    1     -1     68264.0000000000       0.00000000000000       0.00000000000000       0.00000000000000
    1     -1     68264.0000000000      -0.13247019311002       0.50380463280484      -0.29771217506474
    1     -1     68265.0000000000      -0.13247019311002       0.50380463280484      -0.29771217506474
    1     -1     68266.0000000000      -0.13247019311002       0.50380463280484      -0.29771217506474
    1     -1     68266.0000000000       0.00000000000000       0.00000000000000       0.00000000000000
    1     -1     68266.0000000000       0.00000000000000       0.00000000000000       0.00000000000000
    1     -1     68266.0000000000      -0.12934688925519       0.50237249234321      -0.30148177466786
    1     -1     68267.0000000000      -0.12934688925519       0.50237249234321      -0.30148177466786
    1     -1     68268.0000000000      -0.12934688925519       0.50237249234321      -0.30148177466786
    1     -1     68268.0000000000       0.00000000000000       0.00000000000000       0.00000000000000
    1     -1     68268.0000000000       0.00000000000000       0.00000000000000       0.00000000000000
    1     -1     68268.0000000000      -0.12621150038215       0.50087119160745      -0.30528463090864
    1     -1     68269.0000000000      -0.12621150038215       0.50087119160745      -0.30528463090864
    1     -1     68270.0000000000      -0.12621150038215       0.50087119160745      -0.30528463090864
    1     -1     68270.0000000000       0.00000000000000       0.00000000000000       0.00000000000000
    1     -1     68270.0000000000       0.00000000000000       0.00000000000000       0.00000000000000
    1     -1     68270.0000000000      -0.10410065892587       0.42236204037988      -0.26149106323854
    1     -1     68271.0000000000      -0.10410065892587       0.42236204037988      -0.26149106323854
    1     -1     68272.0000000000      -0.10410065892587       0.42236204037988      -0.26149106323854
    1     -1     68272.0000000000       0.00000000000000       0.00000000000000       0.00000000000000
    1     -1     68492.0000000000       0.00000000000000       0.00000000000000       0.00000000000000
    1     -1     68492.0000000000       0.09234094159182      -0.16128021006980      -0.01054108802854
    1     -1     68493.0000000000       0.09234094159182      -0.16128021006980      -0.01054108802854
    1     -1     68494.0000000000       0.09234094159182      -0.16128021006980      -0.01054108802854
    1     -1     68494.0000000000       0.00000000000000       0.00000000000000       0.00000000000000
    1     -1     68494.0000000000       0.00000000000000       0.00000000000000       0.00000000000000
    1     -1     68494.0000000000       0.29751006881756      -0.52016397598290      -0.03028524924499
    1     -1     68495.0000000000       0.29751006881756      -0.52016397598290      -0.03028524924499
    1     -1     68496.0000000000       0.29751006881756      -0.52016397598290      -0.03028524924499
    1     -1     68496.0000000000       0.00000000000000       0.00000000000000       0.00000000000000
    1     -1     68496.0000000000       0.00000000000000       0.00000000000000       0.00000000000000
    1     -1     68496.0000000000       0.29737918076844      -0.52043527802188      -0.02669725670890
    1     -1     68497.0000000000       0.29737918076844      -0.52043527802188      -0.02669725670890
    1     -1     68498.0000000000       0.29737918076844      -0.52043527802188      -0.02669725670890
    1     -1     68498.0000000000       0.00000000000000       0.00000000000000       0.00000000000000
    1     -1     68498.0000000000       0.00000000000000       0.00000000000000       0.00000000000000
    1     -1     68498.0000000000       0.29725129142343      -0.52067556750910      -0.02320824047995
    1     -1     68499.0000000000       0.29725129142343      -0.52067556750910      -0.02320824047995
    1     -1     68500.0000000000       0.29725129142343      -0.52067556750910      -0.02320824047995
    1     -1     68500.0000000000       0.00000000000000       0.00000000000000       0.00000000000000
    1     -1     68500.0000000000       0.00000000000000       0.00000000000000       0.00000000000000
    1     -1     68500.0000000000       0.29712541542995      -0.52088761356048      -0.01981365248636
    1     -1     68501.0000000000       0.29712541542995      -0.52088761356048      -0.01981365248636
    1     -1     68502.0000000000       0.29712541542995      -0.52088761356048      -0.01981365248636
    1     -1     68502.0000000000       0.00000000000000       0.00000000000000       0.00000000000000
    1     -1     68502.0000000000       0.00000000000000       0.00000000000000       0.00000000000000
    1     -1     68502.0000000000       0.29700059648743      -0.52107397078295      -0.01650944997877
    1     -1     68503.0000000000       0.29700059648743      -0.52107397078295      -0.01650944997877
    1     -1     68504.0000000000       0.29700059648743      -0.52107397078295      -0.01650944997877
    1     -1     68504.0000000000       0.00000000000000       0.00000000000000       0.00000000000000
    1     -1     68504.0000000000       0.00000000000000       0.00000000000000       0.00000000000000
    1     -1     68504.0000000000       0.29687587100687      -0.52123703356022      -0.01329177712916
    1     -1     68505.0000000000       0.29687587100687      -0.52123703356022      -0.01329177712916
    1     -1     68506.0000000000       0.29687587100687      -0.52123703356022      -0.01329177712916
    1     -1     68506.0000000000       0.00000000000000       0.00000000000000       0.00000000000000
    1     -1     68506.0000000000       0.00000000000000       0.00000000000000       0.00000000000000
    1     -1     68506.0000000000       0.29675026236801      -0.52137905349705      -0.01015695028248
    1     -1     68507.0000000000       0.29675026236801      -0.52137905349705      -0.01015695028248
    1     -1     68508.0000000000       0.29675026236801      -0.52137905349705      -0.01015695028248
    1     -1     68508.0000000000       0.00000000000000       0.00000000000000       0.00000000000000
    1     -1     68508.0000000000       0.00000000000000       0.00000000000000       0.00000000000000
    1     -1     68508.0000000000       0.29662279176861      -0.52150214542321      -0.00710147888686
    1     -1     68509.0000000000       0.29662279176861      -0.52150214542321      -0.00710147888686
    1     -1     68510.0000000000       0.29662279176861      -0.52150214542321      -0.00710147888686
    1     -1     68510.0000000000       0.00000000000000       0.00000000000000       0.00000000000000
    1     -1     68510.0000000000       0.00000000000000       0.00000000000000       0.00000000000000
    1     -1     68510.0000000000       0.29649240897160      -0.52160834148368      -0.00412174682128
    1     -1     68511.0000000000       0.29649240897160      -0.52160834148368      -0.00412174682128
    1     -1     68512.0000000000       0.29649240897160      -0.52160834148368      -0.00412174682128
    1     -1     68512.0000000000       0.00000000000000       0.00000000000000       0.00000000000000
    1     -1     68512.0000000000       0.00000000000000       0.00000000000000       0.00000000000000
    1     -1     68512.0000000000       0.29639229847563      -0.52167792491120      -0.00193580595043
    1     -1     68513.0000000000       0.29639229847563      -0.52167792491120      -0.00193580595043
    1     -1     68513.0000000000       0.00000000000000       0.00000000000000       0.00000000000000
    1   9595     68513.0000000000     -306122206.199600279     -177849633.919371814       13296281.534023119        8.7037088439464      -17.4371292319048       -0.7126019744885        1166.7728374088
    1   9595     68513.0000000000     -306122206.199600279     -177849633.919371814       13296281.534023119        8.7037088439464      -17.4371292319048       -0.7126019744885        1238.2307429529
    1     -1     68513.0000000000       0.00000000000000       0.00000000000000       0.00000000000000
    1     -1     68513.0000000000      -0.39736847511491      -0.21525660297117      -0.39466807464268
    1     -1     68514.0000000000      -0.39736847511491      -0.21525660297117      -0.39466807464268
    1     -1     68515.0000000000      -0.39736847511491      -0.21525660297117      -0.39466807464268
    1     -1     68515.0000000000       0.00000000000000       0.00000000000000       0.00000000000000
    1     -1     68515.0000000000       0.00000000000000       0.00000000000000       0.00000000000000
    1     -1     68515.0000000000      -0.39779970118661      -0.21506572442368      -0.39433758531740
    1     -1     68516.0000000000      -0.39779970118661      -0.21506572442368      -0.39433758531740
    1     -1     68517.0000000000      -0.39779970118661      -0.21506572442368      -0.39433758531740
    1     -1     68517.0000000000       0.00000000000000       0.00000000000000       0.00000000000000
    1     -1     68517.0000000000       0.00000000000000       0.00000000000000       0.00000000000000
    1     -1     68517.0000000000      -0.39828534883344      -0.21489972709797      -0.39393766953396
    1     -1     68518.0000000000      -0.39828534883344      -0.21489972709797      -0.39393766953396
    1     -1     68519.0000000000      -0.39828534883344      -0.21489972709797      -0.39393766953396
    1     -1     68519.0000000000       0.00000000000000       0.00000000000000       0.00000000000000
    1     -1     68519.0000000000       0.00000000000000       0.00000000000000       0.00000000000000
    1     -1     68519.0000000000      -0.39882602076629      -0.21476005822016      -0.39346654474428
    1     -1     68520.0000000000      -0.39882602076629      -0.21476005822016      -0.39346654474428
    1     -1     68521.0000000000      -0.39882602076629      -0.21476005822016      -0.39346654474428
    1     -1     68521.0000000000       0.00000000000000       0.00000000000000       0.00000000000000
    1     -1     68521.0000000000       0.00000000000000       0.00000000000000       0.00000000000000
    1     -1     68521.0000000000      -0.39942231801164      -0.21464818359034      -0.39292234402688
    1     -1     68522.0000000000      -0.39942231801164      -0.21464818359034      -0.39292234402688
    1     -1     68523.0000000000      -0.39942231801164      -0.21464818359034      -0.39292234402688
    1     -1     68523.0000000000       0.00000000000000       0.00000000000000       0.00000000000000
    1     -1     68523.0000000000       0.00000000000000       0.00000000000000       0.00000000000000
    1     -1     68523.0000000000      -0.40007483940263      -0.21456558816315      -0.39230311053210
    1     -1     68524.0000000000      -0.40007483940263      -0.21456558816315      -0.39230311053210
    1     -1     68525.0000000000      -0.40007483940263      -0.21456558816315      -0.39230311053210
    1     -1     68525.0000000000       0.00000000000000       0.00000000000000       0.00000000000000
    1     -1     68525.0000000000       0.00000000000000       0.00000000000000       0.00000000000000
    1     -1     68525.0000000000      -0.40078418103224      -0.21451377664919      -0.39160679149118
    1     -1     68526.0000000000      -0.40078418103224      -0.21451377664919      -0.39160679149118
    1     -1     68527.0000000000      -0.40078418103224      -0.21451377664919      -0.39160679149118
    1     -1     68527.0000000000       0.00000000000000       0.00000000000000       0.00000000000000
    1     -1     68527.0000000000       0.00000000000000       0.00000000000000       0.00000000000000
    1     -1     68527.0000000000      -0.40155093562833      -0.21449427420036      -0.39083123175006
    1     -1     68528.0000000000      -0.40155093562833      -0.21449427420036      -0.39083123175006
    1     -1     68529.0000000000      -0.40155093562833      -0.21449427420036      -0.39083123175006
    1     -1     68529.0000000000       0.00000000000000       0.00000000000000       0.00000000000000
    1     -1     68529.0000000000       0.00000000000000       0.00000000000000       0.00000000000000
    1     -1     68529.0000000000      -0.40237569165803      -0.21450862707001      -0.38997416703579
    1     -1     68530.0000000000      -0.40237569165803      -0.21450862707001      -0.38997416703579
    1     -1     68531.0000000000      -0.40237569165803      -0.21450862707001      -0.38997416703579
    1     -1     68531.0000000000       0.00000000000000       0.00000000000000       0.00000000000000
    1     -1     68531.0000000000       0.00000000000000       0.00000000000000       0.00000000000000
    1     -1     68531.0000000000      -0.40325903180162      -0.21455840312272      -0.38903321734763
    1     -1     68532.0000000000      -0.40325903180162      -0.21455840312272      -0.38903321734763
    1     -1     68533.0000000000      -0.40325903180162      -0.21455840312272      -0.38903321734763
    1     -1     68533.0000000000       0.00000000000000       0.00000000000000       0.00000000000000
    1     -1     68533.0000000000       0.00000000000000       0.00000000000000       0.00000000000000
    1     -1     68533.0000000000      -0.40420152814190      -0.21464519075510      -0.38800588399334
    1     -1     68534.0000000000      -0.40420152814190      -0.21464519075510      -0.38800588399334
    1     -1     68535.0000000000      -0.40420152814190      -0.21464519075510      -0.38800588399334
    1     -1     68535.0000000000       0.00000000000000       0.00000000000000       0.00000000000000
    1     -1     68535.0000000000       0.00000000000000       0.00000000000000       0.00000000000000
    1     -1     68535.0000000000      -0.40520372601754      -0.21477059038667      -0.38688956202832
    1     -1     68536.0000000000      -0.40520372601754      -0.21477059038667      -0.38688956202832
    1     -1     68537.0000000000      -0.40520372601754      -0.21477059038667      -0.38688956202832
    1     -1     68537.0000000000       0.00000000000000       0.00000000000000       0.00000000000000
    1     -1     68537.0000000000       0.00000000000000       0.00000000000000       0.00000000000000
    1     -1     68537.0000000000      -0.40626613748280      -0.21493622277030      -0.38568153307624
    1     -1     68538.0000000000      -0.40626613748280      -0.21493622277030      -0.38568153307624
    1     -1     68539.0000000000      -0.40626613748280      -0.21493622277030      -0.38568153307624
    1     -1     68539.0000000000       0.00000000000000       0.00000000000000       0.00000000000000
    1     -1     68539.0000000000       0.00000000000000       0.00000000000000       0.00000000000000
    1     -1     68539.0000000000      -0.40738941971824      -0.21514379917190      -0.38437872685610
    1     -1     68540.0000000000      -0.40738941971824      -0.21514379917190      -0.38437872685610
    1     -1     68541.0000000000      -0.40738941971824      -0.21514379917190      -0.38437872685610
    1     -1     68541.0000000000       0.00000000000000       0.00000000000000       0.00000000000000
    1     -1     68541.0000000000       0.00000000000000       0.00000000000000       0.00000000000000
    1     -1     68541.0000000000      -0.40857410769534      -0.21539499936970      -0.38297805687466
    1     -1     68542.0000000000      -0.40857410769534      -0.21539499936970      -0.38297805687466
    1     -1     68543.0000000000      -0.40857410769534      -0.21539499936970      -0.38297805687466
    1     -1     68543.0000000000       0.00000000000000       0.00000000000000       0.00000000000000
    1     -1     68543.0000000000       0.00000000000000       0.00000000000000       0.00000000000000
    1     -1     68543.0000000000      -0.05831112533983      -0.03068956710566      -0.05427825966688
    1     -1     68544.0000000000      -0.05831112533983      -0.03068956710566      -0.05427825966688
    1     -1     68545.0000000000      -0.05831112533983      -0.03068956710566      -0.05427825966688
    1     -1     68545.0000000000       0.00000000000000       0.00000000000000       0.00000000000000
    1     -1     68805.0000000000       0.00000000000000       0.00000000000000       0.00000000000000
    1     -1     68805.0000000000       0.00583092359128      -0.05134433630116       0.14650101033796
    1     -1     68806.0000000000       0.00583092359128      -0.05134433630116       0.14650101033796
    1     -1     68807.0000000000       0.00583092359128      -0.05134433630116       0.14650101033796
    1     -1     68807.0000000000       0.00000000000000       0.00000000000000       0.00000000000000
    1     -1     68807.0000000000       0.00000000000000       0.00000000000000       0.00000000000000
    1     -1     68807.0000000000       0.02551692334135      -0.19771083302415       0.56591458048727
    1     -1     68808.0000000000       0.02551692334135      -0.19771083302415       0.56591458048727
    1     -1     68809.0000000000       0.02551692334135      -0.19771083302415       0.56591458048727
    1     -1     68809.0000000000       0.00000000000000       0.00000000000000       0.00000000000000
    1     -1     68809.0000000000       0.00000000000000       0.00000000000000       0.00000000000000
    1     -1     68809.0000000000       0.02845584897681      -0.19714776995731       0.56597086562814
    1     -1     68810.0000000000       0.02845584897681      -0.19714776995731       0.56597086562814
    1     -1     68811.0000000000       0.02845584897681      -0.19714776995731       0.56597086562814
    1     -1     68811.0000000000       0.00000000000000       0.00000000000000       0.00000000000000
    1     -1     68811.0000000000       0.00000000000000       0.00000000000000       0.00000000000000
    1     -1     68811.0000000000       0.03133976615346      -0.19661847075267       0.56600264601531
    1     -1     68812.0000000000       0.03133976615346      -0.19661847075267       0.56600264601531
    1     -1     68813.0000000000       0.03133976615346      -0.19661847075267       0.56600264601531
    1     -1     68813.0000000000       0.00000000000000       0.00000000000000       0.00000000000000
    1     -1     68813.0000000000       0.00000000000000       0.00000000000000       0.00000000000000
    1     -1     68813.0000000000       0.03417080151838      -0.19612201517729       0.56601105180587
    1     -1     68814.0000000000       0.03417080151838      -0.19612201517729       0.56601105180587
    1     -1     68815.0000000000       0.03417080151838      -0.19612201517729       0.56601105180587
    1     -1     68815.0000000000       0.00000000000000       0.00000000000000       0.00000000000000
    1     -1     68815.0000000000       0.00000000000000       0.00000000000000       0.00000000000000
    1     -1     68815.0000000000       0.03695060672711      -0.19565778707520       0.56599706916143
    1     -1     68816.0000000000       0.03695060672711      -0.19565778707520       0.56599706916143
    1     -1     68817.0000000000       0.03695060672711      -0.19565778707520       0.56599706916143
    1     -1     68817.0000000000       0.00000000000000       0.00000000000000       0.00000000000000
    1     -1     68817.0000000000       0.00000000000000       0.00000000000000       0.00000000000000
    1     -1     68817.0000000000       0.03968138691481      -0.19522539630296       0.56596151057370
    1     -1     68818.0000000000       0.03968138691481      -0.19522539630296       0.56596151057370
    1     -1     68819.0000000000       0.03968138691481      -0.19522539630296       0.56596151057370
    1     -1     68819.0000000000       0.00000000000000       0.00000000000000       0.00000000000000
    1     -1     68819.0000000000       0.00000000000000       0.00000000000000       0.00000000000000
    1     -1     68819.0000000000       0.04236501253904      -0.19482346847526       0.56590548780148
    1     -1     68820.0000000000       0.04236501253904      -0.19482346847526       0.56590548780148
    1     -1     68821.0000000000       0.04236501253904      -0.19482346847526       0.56590548780148
    1     -1     68821.0000000000       0.00000000000000       0.00000000000000       0.00000000000000
    1     -1     68821.0000000000       0.00000000000000       0.00000000000000       0.00000000000000
    1     -1     68821.0000000000       0.04500274202661      -0.19445191214008       0.56582966196122
    1     -1     68822.0000000000       0.04500274202661      -0.19445191214008       0.56582966196122
    1     -1     68823.0000000000       0.04500274202661      -0.19445191214008       0.56582966196122
    1     -1     68823.0000000000       0.00000000000000       0.00000000000000       0.00000000000000
    1     -1     68823.0000000000       0.00000000000000       0.00000000000000       0.00000000000000
    1     -1     68823.0000000000       0.04759643132182      -0.19411010775975       0.56573478333131
    1     -1     68824.0000000000       0.04759643132182      -0.19411010775975       0.56573478333131
    1     -1     68825.0000000000       0.04759643132182      -0.19411010775975       0.56573478333131
    1     -1     68825.0000000000       0.00000000000000       0.00000000000000       0.00000000000000
    1     -1     68825.0000000000       0.00000000000000       0.00000000000000       0.00000000000000
    1     -1     68825.0000000000       0.05014762621827      -0.19379762429560       0.56562151274687
    1     -1     68826.0000000000       0.05014762621827      -0.19379762429560       0.56562151274687
    1     -1     68827.0000000000       0.05014762621827      -0.19379762429560       0.56562151274687
    1     -1     68827.0000000000       0.00000000000000       0.00000000000000       0.00000000000000
    1     -1     68827.0000000000       0.00000000000000       0.00000000000000       0.00000000000000
    1     -1     68827.0000000000       0.05203347977950      -0.19358125664355       0.56552525437715
    1     -1     68828.0000000000       0.05203347977950      -0.19358125664355       0.56552525437715
    1     -1     68828.0000000000       0.00000000000000       0.00000000000000       0.00000000000000
    1  25792     68828.0000000000      101948433.193912104     -384498702.086832821      -27234528.998118252       16.8846459463947        3.4636957521897       -0.2213253238950        1169.7711752249
    1  25792     68828.0000000000      101948433.193912104     -384498702.086832821      -27234528.998118252       16.8846459463947        3.4636957521897       -0.2213253238950        1255.6027974015
    1     -1     68828.0000000000       0.00000000000000       0.00000000000000       0.00000000000000
    1     -1     68828.0000000000      -0.32423928963177       0.30685047006867       0.40088860217986
    1     -1     68829.0000000000      -0.32423928963177       0.30685047006867       0.40088860217986
    1     -1     68830.0000000000      -0.32423928963177       0.30685047006867       0.40088860217986
    1     -1     68830.0000000000       0.00000000000000       0.00000000000000       0.00000000000000
    1     -1     68830.0000000000       0.00000000000000       0.00000000000000       0.00000000000000
    1     -1     68830.0000000000      -0.32490221068502       0.30787350154401       0.39956533861061
    1     -1     68831.0000000000      -0.32490221068502       0.30787350154401       0.39956533861061
    1     -1     68832.0000000000      -0.32490221068502       0.30787350154401       0.39956533861061
    1     -1     68832.0000000000       0.00000000000000       0.00000000000000       0.00000000000000
    1     -1     68832.0000000000       0.00000000000000       0.00000000000000       0.00000000000000
    1     -1     68832.0000000000      -0.32557298907387       0.30897050507579       0.39817013330826
    1     -1     68833.0000000000      -0.32557298907387       0.30897050507579       0.39817013330826
    1     -1     68834.0000000000      -0.32557298907387       0.30897050507579       0.39817013330826
    1     -1     68834.0000000000       0.00000000000000       0.00000000000000       0.00000000000000
    1     -1     68834.0000000000       0.00000000000000       0.00000000000000       0.00000000000000
    1     -1     68834.0000000000      -0.32625197517098       0.31014347691919       0.39669972485686
    1     -1     68835.0000000000      -0.32625197517098       0.31014347691919       0.39669972485686
    1     -1     68836.0000000000      -0.32625197517098       0.31014347691919       0.39669972485686
    1     -1     68836.0000000000       0.00000000000000       0.00000000000000       0.00000000000000
    1     -1     68836.0000000000       0.00000000000000       0.00000000000000       0.00000000000000
    1     -1     68836.0000000000      -0.32693949705734       0.31139448165052       0.39515065651154
    1     -1     68837.0000000000      -0.32693949705734       0.31139448165052       0.39515065651154
    1     -1     68838.0000000000      -0.32693949705734       0.31139448165052       0.39515065651154
    1     -1     68838.0000000000       0.00000000000000       0.00000000000000       0.00000000000000
    1     -1     68838.0000000000       0.00000000000000       0.00000000000000       0.00000000000000
    1     -1     68838.0000000000      -0.32763585604731       0.31272565142482       0.39351926516127
    1     -1     68839.0000000000      -0.32763585604731       0.31272565142482       0.39351926516127
    1     -1     68840.0000000000      -0.32763585604731       0.31272565142482       0.39351926516127
    1     -1     68840.0000000000       0.00000000000000       0.00000000000000       0.00000000000000
    1     -1     68840.0000000000       0.00000000000000       0.00000000000000       0.00000000000000
    1     -1     68840.0000000000      -0.32834132211723       0.31413918493539       0.39180166916239
    1     -1     68841.0000000000      -0.32834132211723       0.31413918493539       0.39180166916239
    1     -1     68842.0000000000      -0.32834132211723       0.31413918493539       0.39180166916239
    1     -1     68842.0000000000       0.00000000000000       0.00000000000000       0.00000000000000
    1     -1     68842.0000000000       0.00000000000000       0.00000000000000       0.00000000000000
    1     -1     68842.0000000000      -0.32905613007034       0.31563735113076       0.38999375009645
    1     -1     68843.0000000000      -0.32905613007034       0.31563735113076       0.38999375009645
    1     -1     68844.0000000000      -0.32905613007034       0.31563735113076       0.38999375009645
    1     -1     68844.0000000000       0.00000000000000       0.00000000000000       0.00000000000000
    1     -1     68844.0000000000       0.00000000000000       0.00000000000000       0.00000000000000
    1     -1     68844.0000000000      -0.32978047382071       0.31722248203197       0.38809114298070
    1     -1     68845.0000000000      -0.32978047382071       0.31722248203197       0.38809114298070
    1     -1     68846.0000000000      -0.32978047382071       0.31722248203197       0.38809114298070
    1     -1     68846.0000000000       0.00000000000000       0.00000000000000       0.00000000000000
    1     -1     68846.0000000000       0.00000000000000       0.00000000000000       0.00000000000000
    1     -1     68846.0000000000      -0.33051450818995       0.31889698402583       0.38608920308030
    1     -1     68847.0000000000      -0.33051450818995       0.31889698402583       0.38608920308030
    1     -1     68848.0000000000      -0.33051450818995       0.31889698402583       0.38608920308030
    1     -1     68848.0000000000       0.00000000000000       0.00000000000000       0.00000000000000
    1     -1     68848.0000000000       0.00000000000000       0.00000000000000       0.00000000000000
    1     -1     68848.0000000000      -0.33125836145292       0.32066345530325       0.38398287159782
    1     -1     68849.0000000000      -0.33125836145292       0.32066345530325       0.38398287159782
    1     -1     68850.0000000000      -0.33125836145292       0.32066345530325       0.38398287159782
    1     -1     68850.0000000000       0.00000000000000       0.00000000000000       0.00000000000000
    1     -1     68850.0000000000       0.00000000000000       0.00000000000000       0.00000000000000
    1     -1     68850.0000000000      -0.33201209114958       0.32252450892090       0.38176682904073
    1     -1     68851.0000000000      -0.33201209114958       0.32252450892090       0.38176682904073
    1     -1     68852.0000000000      -0.33201209114958       0.32252450892090       0.38176682904073
    1     -1     68852.0000000000       0.00000000000000       0.00000000000000       0.00000000000000
    1     -1     68852.0000000000       0.00000000000000       0.00000000000000       0.00000000000000
    1     -1     68852.0000000000      -0.33277559807768       0.32448251631911       0.37943576163465
    1     -1     68853.0000000000      -0.33277559807768       0.32448251631911       0.37943576163465
    1     -1     68854.0000000000      -0.33277559807768       0.32448251631911       0.37943576163465
    1     -1     68854.0000000000       0.00000000000000       0.00000000000000       0.00000000000000
    1     -1     68854.0000000000       0.00000000000000       0.00000000000000       0.00000000000000
    1     -1     68854.0000000000      -0.30604851130203       0.29961777865473       0.34590227887889
    1     -1     68855.0000000000      -0.30604851130203       0.29961777865473       0.34590227887889
    1     -1     68856.0000000000      -0.30604851130203       0.29961777865473       0.34590227887889
    1     -1     68856.0000000000       0.00000000000000       0.00000000000000       0.00000000000000
    1     -1     69074.0000000000       0.00000000000000       0.00000000000000       0.00000000000000
    1     -1     69074.0000000000       0.00278569420313       0.00647274416016      -0.02315477766245
    1     -1     69075.0000000000       0.00278569420313       0.00647274416016      -0.02315477766245
    1     -1     69076.0000000000       0.00278569420313       0.00647274416016      -0.02315477766245
    1     -1     69076.0000000000       0.00000000000000       0.00000000000000       0.00000000000000
    1     -1     69076.0000000000       0.00000000000000       0.00000000000000       0.00000000000000
    1     -1     69076.0000000000       0.07097839597453       0.15740929122015      -0.57461672584642
    1     -1     69077.0000000000       0.07097839597453       0.15740929122015      -0.57461672584642
    1     -1     69078.0000000000       0.07097839597453       0.15740929122015      -0.57461672584642
    1     -1     69078.0000000000       0.00000000000000       0.00000000000000       0.00000000000000
    1     -1     69078.0000000000       0.00000000000000       0.00000000000000       0.00000000000000
    1     -1     69078.0000000000       0.07285514808431       0.15442414693190      -0.57519154159460
    1     -1     69079.0000000000       0.07285514808431       0.15442414693190      -0.57519154159460
    1     -1     69080.0000000000       0.07285514808431       0.15442414693190      -0.57519154159460
    1     -1     69080.0000000000       0.00000000000000       0.00000000000000       0.00000000000000
    1     -1     69080.0000000000       0.00000000000000       0.00000000000000       0.00000000000000
    1     -1     69080.0000000000       0.07469055469634       0.15150080365423      -0.57573329486080
    1     -1     69081.0000000000       0.07469055469634       0.15150080365423      -0.57573329486080
    1     -1     69082.0000000000       0.07469055469634       0.15150080365423      -0.57573329486080
    1     -1     69082.0000000000       0.00000000000000       0.00000000000000       0.00000000000000
    1     -1     69082.0000000000       0.00000000000000       0.00000000000000       0.00000000000000
    1     -1     69082.0000000000       0.07648719663242       0.14863665999894      -0.57624374299048
    1     -1     69083.0000000000       0.07648719663242       0.14863665999894      -0.57624374299048
    1     -1     69084.0000000000       0.07648719663242       0.14863665999894      -0.57624374299048
    1     -1     69084.0000000000       0.00000000000000       0.00000000000000       0.00000000000000
    1     -1     69084.0000000000       0.00000000000000       0.00000000000000       0.00000000000000
    1     -1     69084.0000000000       0.07824731011785       0.14582963469435      -0.57672443626418
    1     -1     69085.0000000000       0.07824731011785       0.14582963469435      -0.57672443626418
    1     -1     69086.0000000000       0.07824731011785       0.14582963469435      -0.57672443626418
    1     -1     69086.0000000000       0.00000000000000       0.00000000000000       0.00000000000000
    1     -1     69086.0000000000       0.00000000000000       0.00000000000000       0.00000000000000
    1     -1     69086.0000000000       0.07997317476934       0.14307749827034      -0.57717685338726
    1     -1     69087.0000000000       0.07997317476934       0.14307749827034      -0.57717685338726
    1     -1     69088.0000000000       0.07997317476934       0.14307749827034      -0.57717685338726
    1     -1     69088.0000000000       0.00000000000000       0.00000000000000       0.00000000000000
    1     -1     69088.0000000000       0.00000000000000       0.00000000000000       0.00000000000000
    1     -1     69088.0000000000       0.08166696315445       0.14037814828449      -0.57760235620481
    1     -1     69089.0000000000       0.08166696315445       0.14037814828449      -0.57760235620481
    1     -1     69090.0000000000       0.08166696315445       0.14037814828449      -0.57760235620481
    1     -1     69090.0000000000       0.00000000000000       0.00000000000000       0.00000000000000
    1     -1     69090.0000000000       0.00000000000000       0.00000000000000       0.00000000000000
    1     -1     69090.0000000000       0.08333076475039       0.13772957440837      -0.57800220350740
    1     -1     69091.0000000000       0.08333076475039       0.13772957440837      -0.57800220350740
    1     -1     69092.0000000000       0.08333076475039       0.13772957440837      -0.57800220350740
    1     -1     69092.0000000000       0.00000000000000       0.00000000000000       0.00000000000000
    1     -1     69092.0000000000       0.00000000000000       0.00000000000000       0.00000000000000
    1     -1     69092.0000000000       0.08496659158939       0.13512985268210      -0.57837755878647
    1     -1     69093.0000000000       0.08496659158939       0.13512985268210      -0.57837755878647
    1     -1     69094.0000000000       0.08496659158939       0.13512985268210      -0.57837755878647
    1     -1     69094.0000000000       0.00000000000000       0.00000000000000       0.00000000000000
    1     -1     69094.0000000000       0.00000000000000       0.00000000000000       0.00000000000000
    1     -1     69094.0000000000       0.08657638066073       0.13257714447466      -0.57872949670345
    1     -1     69095.0000000000       0.08657638066073       0.13257714447466      -0.57872949670345
    1     -1     69096.0000000000       0.08657638066073       0.13257714447466      -0.57872949670345
    1     -1     69096.0000000000       0.00000000000000       0.00000000000000       0.00000000000000
    1     -1     69096.0000000000       0.00000000000000       0.00000000000000       0.00000000000000
    1     -1     69096.0000000000       0.08816199842586       0.13006969232059      -0.57905900947415
    1     -1     69097.0000000000       0.08816199842586       0.13006969232059      -0.57905900947415
    1     -1     69098.0000000000       0.08816199842586       0.13006969232059      -0.57905900947415
    1     -1     69098.0000000000       0.00000000000000       0.00000000000000       0.00000000000000
    1     -1     69098.0000000000       0.00000000000000       0.00000000000000       0.00000000000000
    1     -1     69098.0000000000       0.08972524482560       0.12760581658001      -0.57936701260594
    1     -1     69099.0000000000       0.08972524482560       0.12760581658001      -0.57936701260594
    1     -1     69100.0000000000       0.08972524482560       0.12760581658001      -0.57936701260594
    1     -1     69100.0000000000       0.00000000000000       0.00000000000000       0.00000000000000
    1     -1     69100.0000000000       0.00000000000000       0.00000000000000       0.00000000000000
    1     -1     69100.0000000000       0.09126785606224       0.12518391354674      -0.57965435003882
    1     -1     69101.0000000000       0.09126785606224       0.12518391354674      -0.57965435003882
    1     -1     69102.0000000000       0.09126785606224       0.12518391354674      -0.57965435003882
    1     -1     69102.0000000000       0.00000000000000       0.00000000000000       0.00000000000000
    1     -1     69102.0000000000       0.00000000000000       0.00000000000000       0.00000000000000
    1     -1     69102.0000000000       0.09279150422841       0.12280245681176      -0.57992179871430
    1     -1     69103.0000000000       0.09279150422841       0.12280245681176      -0.57992179871430
    1     -1     69104.0000000000       0.09279150422841       0.12280245681176      -0.57992179871430
    1     -1     69104.0000000000       0.00000000000000       0.00000000000000       0.00000000000000
    1     -1     69104.0000000000       0.00000000000000       0.00000000000000       0.00000000000000
    1     -1     69104.0000000000       0.09429778967465       0.12046000353649      -0.58017007307381
    1     -1     69105.0000000000       0.09429778967465       0.12046000353649      -0.58017007307381
    1     -1     69106.0000000000       0.09429778967465       0.12046000353649      -0.58017007307381
    1     -1     69106.0000000000       0.00000000000000       0.00000000000000       0.00000000000000
    1     -1     69106.0000000000       0.00000000000000       0.00000000000000       0.00000000000000
    1     -1     69106.0000000000       0.09578838004424       0.11815503333364      -0.58039983944383
    1     -1     69107.0000000000       0.09578838004424       0.11815503333364      -0.58039983944383
    1     -1     69108.0000000000       0.09578838004424       0.11815503333364      -0.58039983944383
    1     -1     69108.0000000000       0.00000000000000       0.00000000000000       0.00000000000000
    1     -1     69108.0000000000       0.00000000000000       0.00000000000000       0.00000000000000
    1     -1     69108.0000000000       0.09726476967235       0.11588627247542      -0.58061169098834
    1     -1     69109.0000000000       0.09726476967235       0.11588627247542      -0.58061169098834
    1     -1     69110.0000000000       0.09726476967235       0.11588627247542      -0.58061169098834
    1     -1     69110.0000000000       0.00000000000000       0.00000000000000       0.00000000000000
    1     -1     69110.0000000000       0.00000000000000       0.00000000000000       0.00000000000000
    1     -1     69110.0000000000       0.09872847890101       0.11365239711395      -0.58080618054920
    1     -1     69111.0000000000       0.09872847890101       0.11365239711395      -0.58080618054920
    1     -1     69112.0000000000       0.09872847890101       0.11365239711395      -0.58080618054920
    1     -1     69112.0000000000       0.00000000000000       0.00000000000000       0.00000000000000
    1     -1     69112.0000000000       0.00000000000000       0.00000000000000       0.00000000000000
    1     -1     69112.0000000000       0.09981799446240       0.11199960715307      -0.58094100841571
    1     -1     69113.0000000000       0.09981799446240       0.11199960715307      -0.58094100841571
    1     -1     69113.0000000000       0.00000000000000       0.00000000000000       0.00000000000000
    1  57530     69113.0000000000      358979248.872998357      -80538566.073585615       -3760053.007932161        1.6945830595723       18.6455516986655       -0.1217978236840        1169.8132014262
    1  57530     69113.0000000000      358979248.872998357      -80538566.073585615       -3760053.007932161        1.6945830595723       18.6455516986655       -0.1217978236840        1287.6776778122
    1     -1     69113.0000000000       0.00000000000000       0.00000000000000       0.00000000000000
    1     -1     69113.0000000000      -0.06854669665279      -0.58704728106396       0.10332879295437
    1     -1     69114.0000000000      -0.06854669665279      -0.58704728106396       0.10332879295437
    1     -1     69115.0000000000      -0.06854669665279      -0.58704728106396       0.10332879295437
    1     -1     69115.0000000000       0.00000000000000       0.00000000000000       0.00000000000000
    1     -1     69115.0000000000       0.00000000000000       0.00000000000000       0.00000000000000
    1     -1     69115.0000000000      -0.06539084545214      -0.58822902783731       0.09854261728119
    1     -1     69116.0000000000      -0.06539084545214      -0.58822902783731       0.09854261728119
    1     -1     69117.0000000000      -0.06539084545214      -0.58822902783731       0.09854261728119
    1     -1     69117.0000000000       0.00000000000000       0.00000000000000       0.00000000000000
    1     -1     69117.0000000000       0.00000000000000       0.00000000000000       0.00000000000000
    1     -1     69117.0000000000      -0.06221047991418      -0.58935796610792       0.09373923006931
    1     -1     69118.0000000000      -0.06221047991418      -0.58935796610792       0.09373923006931
    1     -1     69119.0000000000      -0.06221047991418      -0.58935796610792       0.09373923006931
    1     -1     69119.0000000000       0.00000000000000       0.00000000000000       0.00000000000000
    1     -1     69119.0000000000       0.00000000000000       0.00000000000000       0.00000000000000
    1     -1     69119.0000000000      -0.05900629485488      -0.59043342724675       0.08891920173482
    1     -1     69120.0000000000      -0.05900629485488      -0.59043342724675       0.08891920173482
    1     -1     69121.0000000000      -0.05900629485488      -0.59043342724675       0.08891920173482
    1     -1     69121.0000000000       0.00000000000000       0.00000000000000       0.00000000000000
    1     -1     69121.0000000000       0.00000000000000       0.00000000000000       0.00000000000000
    1     -1     69121.0000000000      -0.05577899633971      -0.59145476001675       0.08408311186479
    1     -1     69122.0000000000      -0.05577899633971      -0.59145476001675       0.08408311186479
    1     -1     69123.0000000000      -0.05577899633971      -0.59145476001675       0.08408311186479
    1     -1     69123.0000000000       0.00000000000000       0.00000000000000       0.00000000000000
    1     -1     69123.0000000000       0.00000000000000       0.00000000000000       0.00000000000000
    1     -1     69123.0000000000      -0.05252930134979      -0.59242133085128       0.07923155010540
    1     -1     69124.0000000000      -0.05252930134979      -0.59242133085128       0.07923155010540
    1     -1     69125.0000000000      -0.05252930134979      -0.59242133085128       0.07923155010540
    1     -1     69125.0000000000       0.00000000000000       0.00000000000000       0.00000000000000
    1     -1     69125.0000000000       0.00000000000000       0.00000000000000       0.00000000000000
    1     -1     69125.0000000000      -0.04925793707536      -0.59333252435852       0.07436511583686
    1     -1     69126.0000000000      -0.04925793707536      -0.59333252435852       0.07436511583686
    1     -1     69127.0000000000      -0.04925793707536      -0.59333252435852       0.07436511583686
    1     -1     69127.0000000000       0.00000000000000       0.00000000000000       0.00000000000000
    1     -1     69127.0000000000       0.00000000000000       0.00000000000000       0.00000000000000
    1     -1     69127.0000000000      -0.04596564067693      -0.59418774375771       0.06948441785952
    1     -1     69128.0000000000      -0.04596564067693      -0.59418774375771       0.06948441785952
    1     -1     69129.0000000000      -0.04596564067693      -0.59418774375771       0.06948441785952
    1     -1     69129.0000000000       0.00000000000000       0.00000000000000       0.00000000000000
    1     -1     69129.0000000000       0.00000000000000       0.00000000000000       0.00000000000000
    1     -1     69129.0000000000      -0.04265315883867      -0.59498641131871       0.06459007406067
    1     -1     69130.0000000000      -0.04265315883867      -0.59498641131871       0.06459007406067
    1     -1     69131.0000000000      -0.04265315883867      -0.59498641131871       0.06459007406067
    1     -1     69131.0000000000       0.00000000000000       0.00000000000000       0.00000000000000
    1     -1     69131.0000000000       0.00000000000000       0.00000000000000       0.00000000000000
    1     -1     69131.0000000000      -0.03932124733240      -0.59572796877934       0.05968271108346
    1     -1     69132.0000000000      -0.03932124733240      -0.59572796877934       0.05968271108346
    1     -1     69133.0000000000      -0.03932124733240      -0.59572796877934       0.05968271108346
    1     -1     69133.0000000000       0.00000000000000       0.00000000000000       0.00000000000000
    1     -1     69133.0000000000       0.00000000000000       0.00000000000000       0.00000000000000
    1     -1     69133.0000000000      -0.03597067034034      -0.59641187775929       0.05476296397113
    1     -1     69134.0000000000      -0.03597067034034      -0.59641187775929       0.05476296397113
    1     -1     69135.0000000000      -0.03597067034034      -0.59641187775929       0.05476296397113
    1     -1     69135.0000000000       0.00000000000000       0.00000000000000       0.00000000000000
    1     -1     69135.0000000000       0.00000000000000       0.00000000000000       0.00000000000000
    1     -1     69135.0000000000      -0.03260220050468      -0.59703762010160       0.04983147585279
    1     -1     69136.0000000000      -0.03260220050468      -0.59703762010160       0.04983147585279
    1     -1     69137.0000000000      -0.03260220050468      -0.59703762010160       0.04983147585279
    1     -1     69137.0000000000       0.00000000000000       0.00000000000000       0.00000000000000
    1     -1     69137.0000000000       0.00000000000000       0.00000000000000       0.00000000000000
    1     -1     69137.0000000000      -0.02921661796286      -0.59760469826809       0.04488889754402
    1     -1     69138.0000000000      -0.02921661796286      -0.59760469826809       0.04488889754402
    1     -1     69139.0000000000      -0.02921661796286      -0.59760469826809       0.04488889754402
    1     -1     69139.0000000000       0.00000000000000       0.00000000000000       0.00000000000000
    1     -1     69139.0000000000       0.00000000000000       0.00000000000000       0.00000000000000
    1     -1     69139.0000000000      -0.02581471003009      -0.59811263566365       0.03993588718868
    1     -1     69140.0000000000      -0.02581471003009      -0.59811263566365       0.03993588718868
    1     -1     69141.0000000000      -0.02581471003009      -0.59811263566365       0.03993588718868
    1     -1     69141.0000000000       0.00000000000000       0.00000000000000       0.00000000000000
    1     -1     69141.0000000000       0.00000000000000       0.00000000000000       0.00000000000000
    1     -1     69141.0000000000      -0.02239727102164      -0.59856097694026       0.03497310988601
    1     -1     69142.0000000000      -0.02239727102164      -0.59856097694026       0.03497310988601
    1     -1     69143.0000000000      -0.02239727102164      -0.59856097694026       0.03497310988601
    1     -1     69143.0000000000       0.00000000000000       0.00000000000000       0.00000000000000
    1     -1     69143.0000000000       0.00000000000000       0.00000000000000       0.00000000000000
    1     -1     69143.0000000000      -0.01896510109310      -0.59894928832307       0.03000123727141
    1     -1     69144.0000000000      -0.01896510109310      -0.59894928832307       0.03000123727141
    1     -1     69145.0000000000      -0.01896510109310      -0.59894928832307       0.03000123727141
    1     -1     69145.0000000000       0.00000000000000       0.00000000000000       0.00000000000000
    1     -1     69145.0000000000       0.00000000000000       0.00000000000000       0.00000000000000
    1     -1     69145.0000000000      -0.01551900638183      -0.59927715785382       0.02502094713576
    1     -1     69146.0000000000      -0.01551900638183      -0.59927715785382       0.02502094713576
    1     -1     69147.0000000000      -0.01551900638183      -0.59927715785382       0.02502094713576
    1     -1     69147.0000000000       0.00000000000000       0.00000000000000       0.00000000000000
    1     -1     69147.0000000000       0.00000000000000       0.00000000000000       0.00000000000000
    1     -1     69147.0000000000      -0.01205979805891      -0.59954419565783       0.02003292299650
    1     -1     69148.0000000000      -0.01205979805891      -0.59954419565783       0.02003292299650
    1     -1     69149.0000000000      -0.01205979805891      -0.59954419565783       0.02003292299650
    1     -1     69149.0000000000       0.00000000000000       0.00000000000000       0.00000000000000
    1     -1     69149.0000000000       0.00000000000000       0.00000000000000       0.00000000000000
    1     -1     69149.0000000000      -0.00858829197634      -0.59975003416236       0.01503785367598
    1     -1     69150.0000000000      -0.00858829197634      -0.59975003416236       0.01503785367598
    1     -1     69151.0000000000      -0.00858829197634      -0.59975003416236       0.01503785367598
    1     -1     69151.0000000000       0.00000000000000       0.00000000000000       0.00000000000000
    1     -1     69151.0000000000       0.00000000000000       0.00000000000000       0.00000000000000
    1     -1     69151.0000000000      -0.00510530811272      -0.59989432829828       0.01003643286377
    1     -1     69152.0000000000      -0.00510530811272      -0.59989432829828       0.01003643286377
    1     -1     69153.0000000000      -0.00510530811272      -0.59989432829828       0.01003643286377
    1     -1     69153.0000000000       0.00000000000000       0.00000000000000       0.00000000000000
    1     -1     69153.0000000000       0.00000000000000       0.00000000000000       0.00000000000000
    1     -1     69153.0000000000      -0.00161166997809      -0.59997675567579       0.00502935867005
    1     -1     69154.0000000000      -0.00161166997809      -0.59997675567579       0.00502935867005
    1     -1     69155.0000000000      -0.00161166997809      -0.59997675567579       0.00502935867005
    1     -1     69155.0000000000       0.00000000000000       0.00000000000000       0.00000000000000
    1     -1     69155.0000000000       0.00000000000000       0.00000000000000       0.00000000000000
    1     -1     69155.0000000000       0.00189179582355      -0.59999701673269       0.00001733316908
    1     -1     69156.0000000000       0.00189179582355      -0.59999701673269       0.00001733316908
    1     -1     69157.0000000000       0.00189179582355      -0.59999701673269       0.00001733316908
    1     -1     69157.0000000000       0.00000000000000       0.00000000000000       0.00000000000000
    1     -1     69157.0000000000       0.00000000000000       0.00000000000000       0.00000000000000
    1     -1     69157.0000000000       0.00540426023048      -0.59995483485808      -0.00499893806525
    1     -1     69158.0000000000       0.00540426023048      -0.59995483485808      -0.00499893806525
    1     -1     69159.0000000000       0.00540426023048      -0.59995483485808      -0.00499893806525
    1     -1     69159.0000000000       0.00000000000000       0.00000000000000       0.00000000000000
    1     -1     69159.0000000000       0.00000000000000       0.00000000000000       0.00000000000000
    1     -1     69159.0000000000       0.00892489221045      -0.59984995648824      -0.01001874643329
    1     -1     69160.0000000000       0.00892489221045      -0.59984995648824      -0.01001874643329
    1     -1     69161.0000000000       0.00892489221045      -0.59984995648824      -0.01001874643329
    1     -1     69161.0000000000       0.00000000000000       0.00000000000000       0.00000000000000
    1     -1     69161.0000000000       0.00000000000000       0.00000000000000       0.00000000000000
    1     -1     69161.0000000000       0.01245285940445      -0.59968215117402      -0.01504138078603
    1     -1     69162.0000000000       0.01245285940445      -0.59968215117402      -0.01504138078603
    1     -1     69163.0000000000       0.01245285940445      -0.59968215117402      -0.01504138078603
    1     -1     69163.0000000000       0.00000000000000       0.00000000000000       0.00000000000000
    1     -1     69163.0000000000       0.00000000000000       0.00000000000000       0.00000000000000
    1     -1     69163.0000000000       0.01598732847745      -0.59945121162475      -0.02006612792171
    1     -1     69164.0000000000       0.01598732847745      -0.59945121162475      -0.02006612792171
    1     -1     69165.0000000000       0.01598732847745      -0.59945121162475      -0.02006612792171
    1     -1     69165.0000000000       0.00000000000000       0.00000000000000       0.00000000000000
    1     -1     69165.0000000000       0.00000000000000       0.00000000000000       0.00000000000000
    1     -1     69165.0000000000       0.01952746598658      -0.59915695371477      -0.02509227306114
    1     -1     69166.0000000000       0.01952746598658      -0.59915695371477      -0.02509227306114
    1     -1     69167.0000000000       0.01952746598658      -0.59915695371477      -0.02509227306114
    1     -1     69167.0000000000       0.00000000000000       0.00000000000000       0.00000000000000
    1     -1     69167.0000000000       0.00000000000000       0.00000000000000       0.00000000000000
    1     -1     69167.0000000000       0.02307243862105      -0.59879921647352      -0.03011910036459
    1     -1     69168.0000000000       0.02307243862105      -0.59879921647352      -0.03011910036459
    1     -1     69169.0000000000       0.02307243862105      -0.59879921647352      -0.03011910036459
    1     -1     69169.0000000000       0.00000000000000       0.00000000000000       0.00000000000000
    1     -1     69169.0000000000       0.00000000000000       0.00000000000000       0.00000000000000
    1     -1     69169.0000000000       0.02662141397839      -0.59837786203507      -0.03514589341765
    1     -1     69170.0000000000       0.02662141397839      -0.59837786203507      -0.03514589341765
    1     -1     69171.0000000000       0.02662141397839      -0.59837786203507      -0.03514589341765
    1     -1     69171.0000000000       0.00000000000000       0.00000000000000       0.00000000000000
    1     -1     69171.0000000000       0.00000000000000       0.00000000000000       0.00000000000000
    1     -1     69171.0000000000       0.03017356099863      -0.59789277556684      -0.04017193574670
    1     -1     69172.0000000000       0.03017356099863      -0.59789277556684      -0.04017193574670
    1     -1     69173.0000000000       0.03017356099863      -0.59789277556684      -0.04017193574670
    1     -1     69173.0000000000       0.00000000000000       0.00000000000000       0.00000000000000
    1     -1     69173.0000000000       0.00000000000000       0.00000000000000       0.00000000000000
    1     -1     69173.0000000000       0.03372805058533      -0.59734386516325      -0.04519651132042
    1     -1     69174.0000000000       0.03372805058533      -0.59734386516325      -0.04519651132042
    1     -1     69175.0000000000       0.03372805058533      -0.59734386516325      -0.04519651132042
    1     -1     69175.0000000000       0.00000000000000       0.00000000000000       0.00000000000000
    1     -1     69175.0000000000       0.00000000000000       0.00000000000000       0.00000000000000
    1     -1     69175.0000000000       0.03728405615059      -0.59673106171182      -0.05021890505822
    1     -1     69176.0000000000       0.03728405615059      -0.59673106171182      -0.05021890505822
    1     -1     69177.0000000000       0.03728405615059      -0.59673106171182      -0.05021890505822
    1     -1     69177.0000000000       0.00000000000000       0.00000000000000       0.00000000000000
    1     -1     69177.0000000000       0.00000000000000       0.00000000000000       0.00000000000000
    1     -1     69177.0000000000       0.04084075414729      -0.59605431873010      -0.05523840334295
    1     -1     69178.0000000000       0.04084075414729      -0.59605431873010      -0.05523840334295
    1     -1     69179.0000000000       0.04084075414729      -0.59605431873010      -0.05523840334295
    1     -1     69179.0000000000       0.00000000000000       0.00000000000000       0.00000000000000
    1     -1     69179.0000000000       0.00000000000000       0.00000000000000       0.00000000000000
    1     -1     69179.0000000000       0.04439732463962      -0.59531361217124      -0.06025429452304
    1     -1     69180.0000000000       0.04439732463962      -0.59531361217124      -0.06025429452304
    1     -1     69181.0000000000       0.04439732463962      -0.59531361217124      -0.06025429452304
    1     -1     69181.0000000000       0.00000000000000       0.00000000000000       0.00000000000000
    1     -1     69181.0000000000       0.00000000000000       0.00000000000000       0.00000000000000
    1     -1     69181.0000000000       0.04795295177517      -0.59450894020529      -0.06526586942675
    1     -1     69182.0000000000       0.04795295177517      -0.59450894020529      -0.06526586942675
    1     -1     69183.0000000000       0.04795295177517      -0.59450894020529      -0.06526586942675
    1     -1     69183.0000000000       0.00000000000000       0.00000000000000       0.00000000000000
    1     -1     69183.0000000000       0.00000000000000       0.00000000000000       0.00000000000000
    1     -1     69183.0000000000       0.05150682421887      -0.59364032297647      -0.07027242186858
    1     -1     69184.0000000000       0.05150682421887      -0.59364032297647      -0.07027242186858
    1     -1     69185.0000000000       0.05150682421887      -0.59364032297647      -0.07027242186858
    1     -1     69185.0000000000       0.00000000000000       0.00000000000000       0.00000000000000
    1     -1     69185.0000000000       0.00000000000000       0.00000000000000       0.00000000000000
    1     -1     69185.0000000000       0.05505813565547      -0.59270780233612      -0.07527324908642
    1     -1     69186.0000000000       0.05505813565547      -0.59270780233612      -0.07527324908642
    1     -1     69187.0000000000       0.05505813565547      -0.59270780233612      -0.07527324908642
    1     -1     69187.0000000000       0.00000000000000       0.00000000000000       0.00000000000000
    1     -1     69187.0000000000       0.00000000000000       0.00000000000000       0.00000000000000
    1     -1     69187.0000000000       0.05860608611227      -0.59171144152014      -0.08026765179545
    1     -1     69188.0000000000       0.05860608611227      -0.59171144152014      -0.08026765179545
    1     -1     69189.0000000000       0.05860608611227      -0.59171144152014      -0.08026765179545
    1     -1     69189.0000000000       0.00000000000000       0.00000000000000       0.00000000000000
    1     -1     69189.0000000000       0.00000000000000       0.00000000000000       0.00000000000000
    1     -1     69189.0000000000       0.06214988769722      -0.59065132451059      -0.08525493295470
    1     -1     69190.0000000000       0.06214988769722      -0.59065132451059      -0.08525493295470
    1     -1     69191.0000000000       0.06214988769722      -0.59065132451059      -0.08525493295470
    1     -1     69191.0000000000       0.00000000000000       0.00000000000000       0.00000000000000
    1     -1     69191.0000000000       0.00000000000000       0.00000000000000       0.00000000000000
    1     -1     69191.0000000000       0.06568874238677      -0.58952755610165      -0.09023441063895
    1     -1     69192.0000000000       0.06568874238677      -0.58952755610165      -0.09023441063895
    1     -1     69193.0000000000       0.06568874238677      -0.58952755610165      -0.09023441063895
    1     -1     69193.0000000000       0.00000000000000       0.00000000000000       0.00000000000000
    1     -1     69193.0000000000       0.00000000000000       0.00000000000000       0.00000000000000
    1     -1     69193.0000000000       0.06922192905031      -0.58834025831456      -0.09520536958790
    1     -1     69194.0000000000       0.06922192905031      -0.58834025831456      -0.09520536958790
    1     -1     69195.0000000000       0.06922192905031      -0.58834025831456      -0.09520536958790
    1     -1     69195.0000000000       0.00000000000000       0.00000000000000       0.00000000000000
    1     -1     69195.0000000000       0.00000000000000       0.00000000000000       0.00000000000000
    1     -1     69195.0000000000       0.01869373660594      -0.15086143938935      -0.02573926032745
    1     -1     69196.0000000000       0.01869373660594      -0.15086143938935      -0.02573926032745
    1     -1     69197.0000000000       0.01869373660594      -0.15086143938935      -0.02573926032745
    1     -1     69197.0000000000       0.00000000000000       0.00000000000000       0.00000000000000
    1     -1     69197.0000000000       0.00000000000000       0.00000000000000       0.00000000000000
    1     -1     69197.0000000000       0.00000000029823      -0.00000000228659      -0.00000000040968
    1     -1     69198.0000000000       0.00000000029823      -0.00000000228659      -0.00000000040968
    1     -1     69199.0000000000       0.00000000029823      -0.00000000228659      -0.00000000040968
    1     -1     69199.0000000000       0.00000000000000       0.00000000000000       0.00000000000000
    1     -1     69199.0000000000       0.00000000000000       0.00000000000000       0.00000000000000
    1     -1     69199.0000000000       0.00000000016060      -0.00000000117469      -0.00000000022083
    1     -1     69200.0000000000       0.00000000016060      -0.00000000117469      -0.00000000022083
    1     -1     69201.0000000000       0.00000000016060      -0.00000000117469      -0.00000000022083
    1     -1     69201.0000000000       0.00000000000000       0.00000000000000       0.00000000000000
    1     -1     69229.0000000000       0.00000000000000       0.00000000000000       0.00000000000000
    1     -1     69229.0000000000       0.00000000026010      -0.00000000110421      -0.00000000036200
    1     -1     69230.0000000000       0.00000000026010      -0.00000000110421      -0.00000000036200
    1     -1     69231.0000000000       0.00000000026010      -0.00000000110421      -0.00000000036200
    1     -1     69231.0000000000       0.00000000000000       0.00000000000000       0.00000000000000
    1     -1     69231.0000000000       0.00000000000000       0.00000000000000       0.00000000000000
    1     -1     69231.0000000000       0.00000000036817      -0.00000000151833      -0.00000000051275
    1     -1     69232.0000000000       0.00000000036817      -0.00000000151833      -0.00000000051275
    1     -1     69233.0000000000       0.00000000036817      -0.00000000151833      -0.00000000051275
    1     -1     69233.0000000000       0.00000000000000       0.00000000000000       0.00000000000000
    1     -1     69233.0000000000       0.00000000000000       0.00000000000000       0.00000000000000
    1     -1     69233.0000000000       0.00000000060595      -0.00000000242904      -0.00000000084449
    1     -1     69234.0000000000       0.00000000060595      -0.00000000242904      -0.00000000084449
    1     -1     69235.0000000000       0.00000000060595      -0.00000000242904      -0.00000000084449
    1     -1     69235.0000000000       0.00000000000000       0.00000000000000       0.00000000000000
    1     -1     69235.0000000000       0.00000000000000       0.00000000000000       0.00000000000000
    1     -1     69235.0000000000       0.00000000147998      -0.00000000577051      -0.00000000206415
    1     -1     69236.0000000000       0.00000000147998      -0.00000000577051      -0.00000000206415
    1     -1     69237.0000000000       0.00000000147998      -0.00000000577051      -0.00000000206415
    1     -1     69237.0000000000       0.00000000000000       0.00000000000000       0.00000000000000
    1     -1     69237.0000000000       0.00000000000000       0.00000000000000       0.00000000000000
    1     -1     69237.0000000000       0.00000120470623      -0.00000457378259      -0.00000168287673
    1     -1     69238.0000000000       0.00000120470623      -0.00000457378259      -0.00000168287673
    1     -1     69239.0000000000       0.00000120470623      -0.00000457378259      -0.00000168287673
    1     -1     69239.0000000000       0.00000000000000       0.00000000000000       0.00000000000000
    1     -1     69239.0000000000       0.00000000000000       0.00000000000000       0.00000000000000
    1     -1     69239.0000000000       0.14717657320222      -0.54406939107904      -0.20573660584833
    1     -1     69240.0000000000       0.14717657320222      -0.54406939107904      -0.20573660584833
    1     -1     69241.0000000000       0.14717657320222      -0.54406939107904      -0.20573660584833
    1     -1     69241.0000000000       0.00000000000000       0.00000000000000       0.00000000000000
    1     -1     69241.0000000000       0.00000000000000       0.00000000000000       0.00000000000000
    1     -1     69241.0000000000       0.15034935471279      -0.54144305014322      -0.21031997806923
    1     -1     69242.0000000000       0.15034935471279      -0.54144305014322      -0.21031997806923
    1     -1     69243.0000000000       0.15034935471279      -0.54144305014322      -0.21031997806923
    1     -1     69243.0000000000       0.00000000000000       0.00000000000000       0.00000000000000
    1     -1     69243.0000000000       0.00000000000000       0.00000000000000       0.00000000000000
    1     -1     69243.0000000000       0.15349830653535      -0.53876207699104      -0.21488064851979
    1     -1     69244.0000000000       0.15349830653535      -0.53876207699104      -0.21488064851979
    1     -1     69245.0000000000       0.15349830653535      -0.53876207699104      -0.21488064851979
    1     -1     69245.0000000000       0.00000000000000       0.00000000000000       0.00000000000000
    1     -1     69245.0000000000       0.00000000000000       0.00000000000000       0.00000000000000
    1     -1     69245.0000000000       0.15662274558056      -0.53602701444324      -0.21941821766314
    1     -1     69246.0000000000       0.15662274558056      -0.53602701444324      -0.21941821766314
    1     -1     69247.0000000000       0.15662274558056      -0.53602701444324      -0.21941821766314
    1     -1     69247.0000000000       0.00000000000000       0.00000000000000       0.00000000000000
    1     -1     69247.0000000000       0.00000000000000       0.00000000000000       0.00000000000000
    1     -1     69247.0000000000       0.15972202909553      -0.53323840967474      -0.22393229081714
    1     -1     69248.0000000000       0.15972202909553      -0.53323840967474      -0.22393229081714
    1     -1     69249.0000000000       0.15972202909553      -0.53323840967474      -0.22393229081714
    1     -1     69249.0000000000       0.00000000000000       0.00000000000000       0.00000000000000
    1     -1     69249.0000000000       0.00000000000000       0.00000000000000       0.00000000000000
    1     -1     69249.0000000000       0.16279557117382      -0.53039677423341      -0.22842255364870
    1     -1     69250.0000000000       0.16279557117382      -0.53039677423341      -0.22842255364870
    1     -1     69251.0000000000       0.16279557117382      -0.53039677423341      -0.22842255364870
    1     -1     69251.0000000000       0.00000000000000       0.00000000000000       0.00000000000000
    1     -1     69251.0000000000       0.00000000000000       0.00000000000000       0.00000000000000
    1     -1     69251.0000000000       0.16584262148900      -0.52750265414094      -0.23288875882807
    1     -1     69252.0000000000       0.16584262148900      -0.52750265414094      -0.23288875882807
    1     -1     69253.0000000000       0.16584262148900      -0.52750265414094      -0.23288875882807
    1     -1     69253.0000000000       0.00000000000000       0.00000000000000       0.00000000000000
    1     -1     69253.0000000000       0.00000000000000       0.00000000000000       0.00000000000000
    1     -1     69253.0000000000       0.16886285365448      -0.52455669073388      -0.23733017949454
    1     -1     69254.0000000000       0.16886285365448      -0.52455669073388      -0.23733017949454
    1     -1     69255.0000000000       0.16886285365448      -0.52455669073388      -0.23733017949454
    1     -1     69255.0000000000       0.00000000000000       0.00000000000000       0.00000000000000
    1     -1     69255.0000000000       0.00000000000000       0.00000000000000       0.00000000000000
    1     -1     69255.0000000000       0.17185552854876      -0.52155940306230      -0.24174669701505
    1     -1     69256.0000000000       0.17185552854876      -0.52155940306230      -0.24174669701505
    1     -1     69257.0000000000       0.17185552854876      -0.52155940306230      -0.24174669701505
    1     -1     69257.0000000000       0.00000000000000       0.00000000000000       0.00000000000000
    1     -1     69257.0000000000       0.00000000000000       0.00000000000000       0.00000000000000
    1     -1     69257.0000000000       0.17482010156288      -0.51851136063832      -0.24613796884560
    1     -1     69258.0000000000       0.17482010156288      -0.51851136063832      -0.24613796884560
    1     -1     69259.0000000000       0.17482010156288      -0.51851136063832      -0.24613796884560
    1     -1     69259.0000000000       0.00000000000000       0.00000000000000       0.00000000000000
    1     -1     69259.0000000000       0.00000000000000       0.00000000000000       0.00000000000000
    1     -1     69259.0000000000       0.17775607586388      -0.51541314130498      -0.25050362986652
    1     -1     69260.0000000000       0.17775607586388      -0.51541314130498      -0.25050362986652
    1     -1     69261.0000000000       0.17775607586388      -0.51541314130498      -0.25050362986652
    1     -1     69261.0000000000       0.00000000000000       0.00000000000000       0.00000000000000
    1     -1     69261.0000000000       0.00000000000000       0.00000000000000       0.00000000000000
    1     -1     69261.0000000000       0.13815844799708      -0.39174534402593      -0.19488652619161
    1     -1     69262.0000000000       0.13815844799708      -0.39174534402593      -0.19488652619161
    1     -1     69263.0000000000       0.13815844799708      -0.39174534402593      -0.19488652619161
    1     -1     69263.0000000000       0.00000000000000       0.00000000000000       0.00000000000000
    1     -1     69263.0000000000       0.00000000000000       0.00000000000000       0.00000000000000
    1     -1     69263.0000000000       0.00000000078242      -0.00000000216918      -0.00000000110389
    1     -1     69264.0000000000       0.00000000078242      -0.00000000216918      -0.00000000110389
    1     -1     69265.0000000000       0.00000000078242      -0.00000000216918      -0.00000000110389
    1     -1     69265.0000000000       0.00000000000000       0.00000000000000       0.00000000000000
    1     -1     69265.0000000000       0.00000000000000       0.00000000000000       0.00000000000000
    1     -1     69265.0000000000       0.00000000032400      -0.00000000087894      -0.00000000045753
    1     -1     69266.0000000000       0.00000000032400      -0.00000000087894      -0.00000000045753
    1     -1     69267.0000000000       0.00000000032400      -0.00000000087894      -0.00000000045753
    1     -1     69267.0000000000       0.00000000000000       0.00000000000000       0.00000000000000
    1     -3     69518.0000000000     -148861924.645560563        5050902.644611064          -4306.620475454       -2.7651266244427      -35.3660829617634        1.0233044209253        1147.5357765439
    1     -3     69518.0000000000     -148861924.645560563        5050902.644611064          -4306.620475454       -2.7651266244427      -35.3660829617634        1.0233044209253         599.2811564207