    1      0     64343.0000000000      -62598671.647145219      133190036.146134615         -11857.928355634      -27.4437476989771      -12.7734909873904        0.0002565812559        3000.0000000000
    1      0     64343.0000000000      -62598671.647145219      133190036.146134615         -11857.928355634      -33.4084883278552      -13.3638686850673        0.2710395280910        3000.0000000000
    1     -1     64343.0000000000       0.00000000000000       0.00000000000000       0.00000000000000
    1     -1     64343.0000000000      -0.59582816422409      -0.06496800308448       0.02771202938371
    1     -1     64344.0000000000      -0.59582816422409      -0.06496800308448       0.02771202938371
    1     -1     64345.0000000000      -0.59582816422409      -0.06496800308448       0.02771202938371
    1     -1     64345.0000000000       0.00000000000000       0.00000000000000       0.00000000000000
    1     -1     64345.0000000000       0.00000000000000       0.00000000000000       0.00000000000000
    1     -1     64345.0000000000      -0.59436877182847      -0.07671051171600       0.02900447805748
    1     -1     64346.0000000000      -0.59436877182847      -0.07671051171600       0.02900447805748
    1     -1     64347.0000000000      -0.59436877182847      -0.07671051171600       0.02900447805748
    1     -1     64347.0000000000       0.00000000000000       0.00000000000000       0.00000000000000
    1     -1     64347.0000000000       0.00000000000000       0.00000000000000       0.00000000000000
    1     -1     64347.0000000000      -0.59270604656510      -0.08820199898966       0.03033066137431
    1     -1     64348.0000000000      -0.59270604656510      -0.08820199898966       0.03033066137431
    1     -1     64349.0000000000      -0.59270604656510      -0.08820199898966       0.03033066137431
    1     -1     64349.0000000000       0.00000000000000       0.00000000000000       0.00000000000000
    1     -1     64349.0000000000       0.00000000000000       0.00000000000000       0.00000000000000
    1     -1     64349.0000000000      -0.59085600410561      -0.09942218941479       0.03169242723936
    1     -1     64350.0000000000      -0.59085600410561      -0.09942218941479       0.03169242723936
    1     -1     64351.0000000000      -0.59085600410561      -0.09942218941479       0.03169242723936
    1     -1     64351.0000000000       0.00000000000000       0.00000000000000       0.00000000000000
    1     -1     64351.0000000000       0.00000000000000       0.00000000000000       0.00000000000000
    1     -1     64351.0000000000      -0.58883544849375      -0.11035286018324       0.03309169271194
    1     -1     64352.0000000000      -0.58883544849375      -0.11035286018324       0.03309169271194
    1     -1     64353.0000000000      -0.58883544849375      -0.11035286018324       0.03309169271194
    1     -1     64353.0000000000       0.00000000000000       0.00000000000000       0.00000000000000
    1     -1     64353.0000000000       0.00000000000000       0.00000000000000       0.00000000000000
    1     -1     64353.0000000000      -0.58666172453594      -0.12097796624260       0.03453044929221
    1     -1     64354.0000000000      -0.58666172453594      -0.12097796624260       0.03453044929221
    1     -1     64355.0000000000      -0.58666172453594      -0.12097796624260       0.03453044929221
    1     -1     64355.0000000000       0.00000000000000       0.00000000000000       0.00000000000000
    1     -1     64355.0000000000       0.00000000000000       0.00000000000000       0.00000000000000
    1     -1     64355.0000000000      -0.58435246979596      -0.13128371812009       0.03601077172069
    1     -1     64356.0000000000      -0.58435246979596      -0.13128371812009       0.03601077172069
    1     -1     64357.0000000000      -0.58435246979596      -0.13128371812009       0.03601077172069
    1     -1     64357.0000000000       0.00000000000000       0.00000000000000       0.00000000000000
    1     -1     64357.0000000000       0.00000000000000       0.00000000000000       0.00000000000000
    1     -1     64357.0000000000      -0.58192537291687      -0.14125861408677       0.03753483158146
    1     -1     64358.0000000000      -0.58192537291687      -0.14125861408677       0.03753483158146
    1     -1     64359.0000000000      -0.58192537291687      -0.14125861408677       0.03753483158146
    1     -1     64359.0000000000       0.00000000000000       0.00000000000000       0.00000000000000
    1     -1     64359.0000000000       0.00000000000000       0.00000000000000       0.00000000000000
    1     -1     64359.0000000000      -0.57939793972328      -0.15089344754737       0.03910491288426
    1     -1     64360.0000000000      -0.57939793972328      -0.15089344754737       0.03910491288426
    1     -1     64361.0000000000      -0.57939793972328      -0.15089344754737       0.03910491288426
    1     -1     64361.0000000000       0.00000000000000       0.00000000000000       0.00000000000000
    1     -1     64361.0000000000       0.00000000000000       0.00000000000000       0.00000000000000
    1     -1     64361.0000000000      -0.57678727132634      -0.16018128826512       0.04072343067139
    1     -1     64362.0000000000      -0.57678727132634      -0.16018128826512       0.04072343067139
    1     -1     64363.0000000000      -0.57678727132634      -0.16018128826512       0.04072343067139
    1     -1     64363.0000000000       0.00000000000000       0.00000000000000       0.00000000000000
    1     -1     64363.0000000000       0.00000000000000       0.00000000000000       0.00000000000000
    1     -1     64363.0000000000      -0.57410985794683      -0.16911743784642       0.04239295347740
    1     -1     64364.0000000000      -0.57410985794683      -0.16911743784642       0.04239295347740
    1     -1     64365.0000000000      -0.57410985794683      -0.16911743784642       0.04239295347740
    1     -1     64365.0000000000       0.00000000000000       0.00000000000000       0.00000000000000
    1     -1     64365.0000000000       0.00000000000000       0.00000000000000       0.00000000000000
    1     -1     64365.0000000000      -0.57138139081502      -0.17769936341904       0.04411623001532
    1     -1     64366.0000000000      -0.57138139081502      -0.17769936341904       0.04411623001532
    1     -1     64367.0000000000      -0.57138139081502      -0.17769936341904       0.04411623001532
    1     -1     64367.0000000000       0.00000000000000       0.00000000000000       0.00000000000000
    1     -1     64367.0000000000       0.00000000000000       0.00000000000000       0.00000000000000
    1     -1     64367.0000000000      -0.56861659388717      -0.18592661281793       0.04589622078342
    1     -1     64368.0000000000      -0.56861659388717      -0.18592661281793       0.04589622078342
    1     -1     64369.0000000000      -0.56861659388717      -0.18592661281793       0.04589622078342
    1     -1     64369.0000000000       0.00000000000000       0.00000000000000       0.00000000000000
    1     -1     64369.0000000000       0.00000000000000       0.00000000000000       0.00000000000000
    1     -1     64369.0000000000      -0.56582907618295      -0.19380071521053       0.04773613526287
    1     -1     64370.0000000000      -0.56582907618295      -0.19380071521053       0.04773613526287
    1     -1     64371.0000000000      -0.56582907618295      -0.19380071521053       0.04773613526287
    1     -1     64371.0000000000       0.00000000000000       0.00000000000000       0.00000000000000
    1     -1     64371.0000000000       0.00000000000000       0.00000000000000       0.00000000000000
    1     -1     64371.0000000000      -0.56303120456753      -0.20132507158469       0.04963947536640
    1     -1     64372.0000000000      -0.56303120456753      -0.20132507158469       0.04963947536640
    1     -1     64373.0000000000      -0.56303120456753      -0.20132507158469       0.04963947536640
    1     -1     64373.0000000000       0.00000000000000       0.00000000000000       0.00000000000000
    1     -1     64373.0000000000       0.00000000000000       0.00000000000000       0.00000000000000
    1     -1     64373.0000000000      -0.56023399646554      -0.20850483801549       0.05161008630472
    1     -1     64374.0000000000      -0.56023399646554      -0.20850483801549       0.05161008630472
    1     -1     64375.0000000000      -0.56023399646554      -0.20850483801549       0.05161008630472
    1     -1     64375.0000000000       0.00000000000000       0.00000000000000       0.00000000000000
    1     -1     64375.0000000000       0.00000000000000       0.00000000000000       0.00000000000000
    1     -1     64375.0000000000      -0.55744703097840      -0.21534680553921       0.05365221596012
    1     -1     64376.0000000000      -0.55744703097840      -0.21534680553921       0.05365221596012
    1     -1     64377.0000000000      -0.55744703097840      -0.21534680553921       0.05365221596012
    1     -1     64377.0000000000       0.00000000000000       0.00000000000000       0.00000000000000
    1     -1     64377.0000000000       0.00000000000000       0.00000000000000       0.00000000000000
    1     -1     64377.0000000000      -0.55467837604687      -0.22185928060820       0.05577058394902
    1     -1     64378.0000000000      -0.55467837604687      -0.22185928060820       0.05577058394902
    1     -1     64379.0000000000      -0.55467837604687      -0.22185928060820       0.05577058394902
    1     -1     64379.0000000000       0.00000000000000       0.00000000000000       0.00000000000000
    1     -1     64379.0000000000       0.00000000000000       0.00000000000000       0.00000000000000
    1     -1     64379.0000000000      -0.55193452944137      -0.22805196769058       0.05797046250286
    1     -1     64380.0000000000      -0.55193452944137      -0.22805196769058       0.05797046250286
    1     -1     64381.0000000000      -0.55193452944137      -0.22805196769058       0.05797046250286
    1     -1     64381.0000000000       0.00000000000000       0.00000000000000       0.00000000000000
    1     -1     64381.0000000000       0.00000000000000       0.00000000000000       0.00000000000000
    1     -1     64381.0000000000      -0.54922036975853      -0.23393585827004       0.06025777076667
    1     -1     64382.0000000000      -0.54922036975853      -0.23393585827004       0.06025777076667
    1     -1     64383.0000000000      -0.54922036975853      -0.23393585827004       0.06025777076667
    1     -1     64383.0000000000       0.00000000000000       0.00000000000000       0.00000000000000
    1     -1     64383.0000000000       0.00000000000000       0.00000000000000       0.00000000000000
    1     -1     64383.0000000000      -0.54653911401070      -0.23952312747622       0.06263918534281
    1     -1     64384.0000000000      -0.54653911401070      -0.23952312747622       0.06263918534281
    1     -1     64385.0000000000      -0.54653911401070      -0.23952312747622       0.06263918534281
    1     -1     64385.0000000000       0.00000000000000       0.00000000000000       0.00000000000000
    1     -1     64385.0000000000       0.00000000000000       0.00000000000000       0.00000000000000
    1     -1     64385.0000000000      -0.54389227765632      -0.24482704012425       0.06512226969190
    1     -1     64386.0000000000      -0.54389227765632      -0.24482704012425       0.06512226969190
    1     -1     64387.0000000000      -0.54389227765632      -0.24482704012425       0.06512226969190
    1     -1     64387.0000000000       0.00000000000000       0.00000000000000       0.00000000000000
    1     -1     64387.0000000000       0.00000000000000       0.00000000000000       0.00000000000000
    1     -1     64387.0000000000      -0.54127963512191      -0.24986186227387       0.06771562348029
    1     -1     64388.0000000000      -0.54127963512191      -0.24986186227387       0.06771562348029
    1     -1     64389.0000000000      -0.54127963512191      -0.24986186227387       0.06771562348029
    1     -1     64389.0000000000       0.00000000000000       0.00000000000000       0.00000000000000
    1     -1     64389.0000000000       0.00000000000000       0.00000000000000       0.00000000000000
    1     -1     64389.0000000000      -0.53869898544591      -0.25464310864284       0.07042932329826
    1     -1     64390.0000000000      -0.53869898544591      -0.25464310864284       0.07042932329826
    1     -1     64391.0000000000      -0.53869898544591      -0.25464310864284       0.07042932329826
    1     -1     64391.0000000000       0.00000000000000       0.00000000000000       0.00000000000000
    1     -1     64391.0000000000       0.00000000000000       0.00000000000000       0.00000000000000
    1     -1     64391.0000000000      -0.50771496131178      -0.24544140156949       0.06938827091358
    1     -1     64392.0000000000      -0.50771496131178      -0.24544140156949       0.06938827091358
    1     -1     64393.0000000000      -0.50771496131178      -0.24544140156949       0.06938827091358
    1     -1     64393.0000000000       0.00000000000000       0.00000000000000       0.00000000000000
    1     -1     64507.0000000000       0.00000000000000       0.00000000000000       0.00000000000000
    1     -1     64507.0000000000       0.28325290231927       0.13010765212795       0.01253480164796
    1     -1     64508.0000000000       0.28325290231927       0.13010765212795       0.01253480164796
    1     -1     64509.0000000000       0.28325290231927       0.13010765212795       0.01253480164796
    1     -1     64509.0000000000       0.00000000000000       0.00000000000000       0.00000000000000
    1     -1     64509.0000000000       0.00000000000000       0.00000000000000       0.00000000000000
    1     -1     64509.0000000000       0.54408012256822       0.25197336779465       0.02205088271183
    1     -1     64510.0000000000       0.54408012256822       0.25197336779465       0.02205088271183
    1     -1     64511.0000000000       0.54408012256822       0.25197336779465       0.02205088271183
    1     -1     64511.0000000000       0.00000000000000       0.00000000000000       0.00000000000000
    1     -1     64511.0000000000       0.00000000000000       0.00000000000000       0.00000000000000
    1     -1     64511.0000000000       0.54336814374812       0.25366533150053       0.02012359894370
    1     -1     64512.0000000000       0.54336814374812       0.25366533150053       0.02012359894370
    1     -1     64513.0000000000       0.54336814374812       0.25366533150053       0.02012359894370
    1     -1     64513.0000000000       0.00000000000000       0.00000000000000       0.00000000000000
    1     -1     64513.0000000000       0.00000000000000       0.00000000000000       0.00000000000000
    1     -1     64513.0000000000       0.54265515418943       0.25532319265955       0.01831529966400
    1     -1     64514.0000000000       0.54265515418943       0.25532319265955       0.01831529966400
    1     -1     64515.0000000000       0.54265515418943       0.25532319265955       0.01831529966400
    1     -1     64515.0000000000       0.00000000000000       0.00000000000000       0.00000000000000
    1     -1     64515.0000000000       0.00000000000000       0.00000000000000       0.00000000000000
    1     -1     64515.0000000000       0.54194053541636       0.25695207476743       0.01661585463777
    1     -1     64516.0000000000       0.54194053541636       0.25695207476743       0.01661585463777
    1     -1     64517.0000000000       0.54194053541636       0.25695207476743       0.01661585463777
    1     -1     64517.0000000000       0.00000000000000       0.00000000000000       0.00000000000000
    1     -1     64517.0000000000       0.00000000000000       0.00000000000000       0.00000000000000
    1     -1     64517.0000000000       0.54122368964372       0.25855643279940       0.01501626140187
    1     -1     64518.0000000000       0.54122368964372       0.25855643279940       0.01501626140187
    1     -1     64519.0000000000       0.54122368964372       0.25855643279940       0.01501626140187
    1     -1     64519.0000000000       0.00000000000000       0.00000000000000       0.00000000000000
    1     -1     64519.0000000000       0.00000000000000       0.00000000000000       0.00000000000000
    1     -1     64519.0000000000       0.54050404518774       0.26014014886989       0.01350849220471
    1     -1     64520.0000000000       0.54050404518774       0.26014014886989       0.01350849220471
    1     -1     64521.0000000000       0.54050404518774       0.26014014886989       0.01350849220471
    1     -1     64521.0000000000       0.00000000000000       0.00000000000000       0.00000000000000
    1     -1     64521.0000000000       0.00000000000000       0.00000000000000       0.00000000000000
    1     -1     64521.0000000000       0.53978105967960       0.26170661216187       0.01208536478254
    1     -1     64522.0000000000       0.53978105967960       0.26170661216187       0.01208536478254
    1     -1     64523.0000000000       0.53978105967960       0.26170661216187       0.01208536478254
    1     -1     64523.0000000000       0.00000000000000       0.00000000000000       0.00000000000000
    1     -1     64523.0000000000       0.00000000000000       0.00000000000000       0.00000000000000
    1     -1     64523.0000000000       0.53905422176171       0.26325878594675       0.01074043307890
    1     -1     64524.0000000000       0.53905422176171       0.26325878594675       0.01074043307890
    1     -1     64525.0000000000       0.53905422176171       0.26325878594675       0.01074043307890
    1     -1     64525.0000000000       0.00000000000000       0.00000000000000       0.00000000000000
    1     -1     64525.0000000000       0.00000000000000       0.00000000000000       0.00000000000000
    1     -1     64525.0000000000       0.53832305154908       0.26479926439364       0.00946789456398
    1     -1     64526.0000000000       0.53832305154908       0.26479926439364       0.00946789456398
    1     -1     64527.0000000000       0.53832305154908       0.26479926439364       0.00946789456398
    1     -1     64527.0000000000       0.00000000000000       0.00000000000000       0.00000000000000
    1     -1     64527.0000000000       0.00000000000000       0.00000000000000       0.00000000000000
    1     -1     64527.0000000000       0.53758710039872       0.26633032060549       0.00826251118481
    1     -1     64528.0000000000       0.53758710039872       0.26633032060549       0.00826251118481
    1     -1     64529.0000000000       0.53758710039872       0.26633032060549       0.00826251118481
    1     -1     64529.0000000000       0.00000000000000       0.00000000000000       0.00000000000000
    1     -1     64529.0000000000       0.00000000000000       0.00000000000000       0.00000000000000
    1     -1     64529.0000000000       0.53684595007722       0.26785394768574       0.00711954175862
    1     -1     64530.0000000000       0.53684595007722       0.26785394768574       0.00711954175862
    1     -1     64531.0000000000       0.53684595007722       0.26785394768574       0.00711954175862
    1     -1     64531.0000000000       0.00000000000000       0.00000000000000       0.00000000000000
    1     -1     64531.0000000000       0.00000000000000       0.00000000000000       0.00000000000000
    1     -1     64531.0000000000       0.53609921160198       0.26937189383875       0.00603468387449
    1     -1     64532.0000000000       0.53609921160198       0.26937189383875       0.00603468387449
    1     -1     64533.0000000000       0.53609921160198       0.26937189383875       0.00603468387449
    1     -1     64533.0000000000       0.00000000000000       0.00000000000000       0.00000000000000
    1     -1     64533.0000000000       0.00000000000000       0.00000000000000       0.00000000000000
    1     -1     64533.0000000000       0.53534652386866       0.27088569251192       0.00500402378939
    1     -1     64534.0000000000       0.53534652386866       0.27088569251192       0.00500402378939
    1     -1     64535.0000000000       0.53534652386866       0.27088569251192       0.00500402378939
    1     -1     64535.0000000000       0.00000000000000       0.00000000000000       0.00000000000000
    1     -1     64535.0000000000       0.00000000000000       0.00000000000000       0.00000000000000
    1     -1     64535.0000000000       0.53458755212818       0.27239668843301       0.00402399308261
    1     -1     64536.0000000000       0.53458755212818       0.27239668843301       0.00402399308261
    1     -1     64537.0000000000       0.53458755212818       0.27239668843301       0.00402399308261
    1     -1     64537.0000000000       0.00000000000000       0.00000000000000       0.00000000000000
    1     -1     64537.0000000000       0.00000000000000       0.00000000000000       0.00000000000000
    1     -1     64537.0000000000       0.53382198643763       0.27390606007981       0.00309133099739
    1     -1     64538.0000000000       0.53382198643763       0.27390606007981       0.00309133099739
    1     -1     64539.0000000000       0.53382198643763       0.27390606007981       0.00309133099739
    1     -1     64539.0000000000       0.00000000000000       0.00000000000000       0.00000000000000
    1     -1     64539.0000000000       0.00000000000000       0.00000000000000       0.00000000000000
    1     -1     64539.0000000000       0.53304954005651       0.27541483926785       0.00220305165761
    1     -1     64540.0000000000       0.53304954005651       0.27541483926785       0.00220305165761
    1     -1     64541.0000000000       0.53304954005651       0.27541483926785       0.00220305165761
    1     -1     64541.0000000000       0.00000000000000       0.00000000000000       0.00000000000000
    1     -1     64541.0000000000       0.00000000000000       0.00000000000000       0.00000000000000
    1     -1     64541.0000000000       0.53226994791144       0.27692392812401       0.00135641539306
    1     -1     64542.0000000000       0.53226994791144       0.27692392812401       0.00135641539306
    1     -1     64543.0000000000       0.53226994791144       0.27692392812401       0.00135641539306
    1     -1     64543.0000000000       0.00000000000000       0.00000000000000       0.00000000000000
    1     -1     64543.0000000000       0.00000000000000       0.00000000000000       0.00000000000000
    1     -1     64543.0000000000       0.53148296509069       0.27843411393583       0.00054890361333
    1     -1     64544.0000000000       0.53148296509069       0.27843411393583       0.00054890361333
    1     -1     64545.0000000000       0.53148296509069       0.27843411393583       0.00054890361333
    1     -1     64545.0000000000       0.00000000000000       0.00000000000000       0.00000000000000
    1     -1     64545.0000000000       0.00000000000000       0.00000000000000       0.00000000000000
    1     -1     64545.0000000000       0.53068836537136       0.27994608220654      -0.00022180326686
    1     -1     64546.0000000000       0.53068836537136       0.27994608220654      -0.00022180326686
    1     -1     64547.0000000000       0.53068836537136       0.27994608220654      -0.00022180326686
    1     -1     64547.0000000000       0.00000000000000       0.00000000000000       0.00000000000000
    1     -1     64547.0000000000       0.00000000000000       0.00000000000000       0.00000000000000
    1     -1     64547.0000000000       0.52988593988136       0.28146042799725      -0.00095784531761
    1     -1     64548.0000000000       0.52988593988136       0.28146042799725      -0.00095784531761
    1     -1     64549.0000000000       0.52988593988136       0.28146042799725      -0.00095784531761
    1     -1     64549.0000000000       0.00000000000000       0.00000000000000       0.00000000000000
    1     -1     64549.0000000000       0.00000000000000       0.00000000000000       0.00000000000000
    1     -1     64549.0000000000       0.52907549576967       0.28297766602627      -0.00166120028989
    1     -1     64550.0000000000       0.52907549576967       0.28297766602627      -0.00166120028989
    1     -1     64551.0000000000       0.52907549576967       0.28297766602627      -0.00166120028989
    1     -1     64551.0000000000       0.00000000000000       0.00000000000000       0.00000000000000
    1     -1     64551.0000000000       0.00000000000000       0.00000000000000       0.00000000000000
    1     -1     64551.0000000000       0.52825685499943       0.28449823949486      -0.00233369887329
    1     -1     64552.0000000000       0.52825685499943       0.28449823949486      -0.00233369887329
    1     -1     64553.0000000000       0.52825685499943       0.28449823949486      -0.00233369887329
    1     -1     64553.0000000000       0.00000000000000       0.00000000000000       0.00000000000000
    1     -1     64553.0000000000       0.00000000000000       0.00000000000000       0.00000000000000
    1     -1     64553.0000000000       0.52742985320215       0.28602252791424      -0.00297703824398
    1     -1     64554.0000000000       0.52742985320215       0.28602252791424      -0.00297703824398
    1     -1     64555.0000000000       0.52742985320215       0.28602252791424      -0.00297703824398
    1     -1     64555.0000000000       0.00000000000000       0.00000000000000       0.00000000000000
    1     -1     64555.0000000000       0.00000000000000       0.00000000000000       0.00000000000000
    1     -1     64555.0000000000       0.52659433860357       0.28755085404331      -0.00359279412522
    1     -1     64556.0000000000       0.52659433860357       0.28755085404331      -0.00359279412522
    1     -1     64557.0000000000       0.52659433860357       0.28755085404331      -0.00359279412522
    1     -1     64557.0000000000       0.00000000000000       0.00000000000000       0.00000000000000
    1     -1     64557.0000000000       0.00000000000000       0.00000000000000       0.00000000000000
    1     -1     64557.0000000000       0.52575017103246       0.28908349002601      -0.00418243155567
    1     -1     64558.0000000000       0.52575017103246       0.28908349002601      -0.00418243155567
    1     -1     64559.0000000000       0.52575017103246       0.28908349002601      -0.00418243155567
    1     -1     64559.0000000000       0.00000000000000       0.00000000000000       0.00000000000000
    1     -1     64559.0000000000       0.00000000000000       0.00000000000000       0.00000000000000
    1     -1     64559.0000000000       0.52489722099817       0.29062066284633      -0.00474731452109
    1     -1     64560.0000000000       0.52489722099817       0.29062066284633      -0.00474731452109
    1     -1     64561.0000000000       0.52489722099817       0.29062066284633      -0.00474731452109
    1     -1     64561.0000000000       0.00000000000000       0.00000000000000       0.00000000000000
    1     -1     64561.0000000000       0.00000000000000       0.00000000000000       0.00000000000000
    1     -1     64561.0000000000       0.52403536883484       0.29216255918265      -0.00528871458689
    1     -1     64562.0000000000       0.52403536883484       0.29216255918265      -0.00528871458689
    1     -1     64563.0000000000       0.52403536883484       0.29216255918265      -0.00528871458689
    1     -1     64563.0000000000       0.00000000000000       0.00000000000000       0.00000000000000
    1     -1     64563.0000000000       0.00000000000000       0.00000000000000       0.00000000000000
    1     -1     64563.0000000000       0.52316450390485       0.29370932974033      -0.00580781865026
    1     -1     64564.0000000000       0.52316450390485       0.29370932974033      -0.00580781865026
    1     -1     64565.0000000000       0.52316450390485       0.29370932974033      -0.00580781865026
    1     -1     64565.0000000000       0.00000000000000       0.00000000000000       0.00000000000000
    1     -1     64565.0000000000       0.00000000000000       0.00000000000000       0.00000000000000
    1     -1     64565.0000000000       0.52228452386457       0.29526109311264      -0.00630573591934
    1     -1     64566.0000000000       0.52228452386457       0.29526109311264      -0.00630573591934
    1     -1     64567.0000000000       0.52228452386457       0.29526109311264      -0.00630573591934
    1     -1     64567.0000000000       0.00000000000000       0.00000000000000       0.00000000000000
    1     -1     64567.0000000000       0.00000000000000       0.00000000000000       0.00000000000000
    1     -1     64567.0000000000       0.52139533398419       0.29681793923249      -0.00678350420480
    1     -1     64568.0000000000       0.52139533398419       0.29681793923249      -0.00678350420480
    1     -1     64569.0000000000       0.52139533398419       0.29681793923249      -0.00678350420480
    1     -1     64569.0000000000       0.00000000000000       0.00000000000000       0.00000000000000
    1     -1     64569.0000000000       0.00000000000000       0.00000000000000       0.00000000000000
    1     -1     64569.0000000000       0.52049684652206       0.29837993245498      -0.00724209560503
    1     -1     64570.0000000000       0.52049684652206       0.29837993245498      -0.00724209560503
    1     -1     64571.0000000000       0.52049684652206       0.29837993245498      -0.00724209560503
    1     -1     64571.0000000000       0.00000000000000       0.00000000000000       0.00000000000000
    1     -1     64571.0000000000       0.00000000000000       0.00000000000000       0.00000000000000
    1     -1     64571.0000000000       0.51958898014134       0.29994711432732      -0.00768242164914
    1     -1     64572.0000000000       0.51958898014134       0.29994711432732      -0.00768242164914
    1     -1     64573.0000000000       0.51958898014134       0.29994711432732      -0.00768242164914
    1     -1     64573.0000000000       0.00000000000000       0.00000000000000       0.00000000000000
    1     -1     64573.0000000000       0.00000000000000       0.00000000000000       0.00000000000000
    1     -1     64573.0000000000       0.51867165938004       0.30151950605635      -0.00810533796325
    1     -1     64574.0000000000       0.51867165938004       0.30151950605635      -0.00810533796325
    1     -1     64575.0000000000       0.51867165938004       0.30151950605635      -0.00810533796325
    1     -1     64575.0000000000       0.00000000000000       0.00000000000000       0.00000000000000
    1     -1     64575.0000000000       0.00000000000000       0.00000000000000       0.00000000000000
    1     -1     64575.0000000000       0.51774481414766       0.30309711074669      -0.00851164850131
    1     -1     64576.0000000000       0.51774481414766       0.30309711074669      -0.00851164850131
    1     -1     64577.0000000000       0.51774481414766       0.30309711074669      -0.00851164850131
    1     -1     64577.0000000000       0.00000000000000       0.00000000000000       0.00000000000000
    1     -1     64577.0000000000       0.00000000000000       0.00000000000000       0.00000000000000
    1     -1     64577.0000000000       0.51680837928327       0.30467991537149      -0.00890210940294
    1     -1     64578.0000000000       0.51680837928327       0.30467991537149      -0.00890210940294
    1     -1     64579.0000000000       0.51680837928327       0.30467991537149      -0.00890210940294
    1     -1     64579.0000000000       0.00000000000000       0.00000000000000       0.00000000000000
    1     -1     64579.0000000000       0.00000000000000       0.00000000000000       0.00000000000000
    1     -1     64579.0000000000       0.51586229411340       0.30626789260118      -0.00927743249441
    1     -1     64580.0000000000       0.51586229411340       0.30626789260118      -0.00927743249441
    1     -1     64581.0000000000       0.51586229411340       0.30626789260118      -0.00927743249441
    1     -1     64581.0000000000       0.00000000000000       0.00000000000000       0.00000000000000
    1     -1     64581.0000000000       0.00000000000000       0.00000000000000       0.00000000000000
    1     -1     64581.0000000000       0.51490650208528       0.30786100237788      -0.00963828849884
    1     -1     64582.0000000000       0.51490650208528       0.30786100237788      -0.00963828849884
    1     -1     64583.0000000000       0.51490650208528       0.30786100237788      -0.00963828849884
    1     -1     64583.0000000000       0.00000000000000       0.00000000000000       0.00000000000000
    1     -1     64583.0000000000       0.00000000000000       0.00000000000000       0.00000000000000
    1     -1     64583.0000000000       0.51394095039298       0.30945919339110      -0.00998530995491
    1     -1     64584.0000000000       0.51394095039298       0.30945919339110      -0.00998530995491
    1     -1     64585.0000000000       0.51394095039298       0.30945919339110      -0.00998530995491
    1     -1     64585.0000000000       0.00000000000000       0.00000000000000       0.00000000000000
    1     -1     64585.0000000000       0.00000000000000       0.00000000000000       0.00000000000000
    1     -1     64585.0000000000       0.51296558965240       0.31106240437204      -0.01031909389691
    1     -1     64586.0000000000       0.51296558965240       0.31106240437204      -0.01031909389691
    1     -1     64587.0000000000       0.51296558965240       0.31106240437204      -0.01031909389691
    1     -1     64587.0000000000       0.00000000000000       0.00000000000000       0.00000000000000
    1     -1     64587.0000000000       0.00000000000000       0.00000000000000       0.00000000000000
    1     -1     64587.0000000000       0.51198037359613       0.31267056526746      -0.01064020430681
    1     -1     64588.0000000000       0.51198037359613       0.31267056526746      -0.01064020430681
    1     -1     64589.0000000000       0.51198037359613       0.31267056526746      -0.01064020430681
    1     -1     64589.0000000000       0.00000000000000       0.00000000000000       0.00000000000000
    1     -1     64589.0000000000       0.00000000000000       0.00000000000000       0.00000000000000
    1     -1     64589.0000000000       0.51098525878813       0.31428359830253      -0.01094917436353
    1     -1     64590.0000000000       0.51098525878813       0.31428359830253      -0.01094917436353
    1     -1     64591.0000000000       0.51098525878813       0.31428359830253      -0.01094917436353
    1     -1     64591.0000000000       0.00000000000000       0.00000000000000       0.00000000000000
    1     -1     64591.0000000000       0.00000000000000       0.00000000000000       0.00000000000000
    1     -1     64591.0000000000       0.50998020436527       0.31590141892981      -0.01124650851122
    1     -1     64592.0000000000       0.50998020436527       0.31590141892981      -0.01124650851122
    1     -1     64593.0000000000       0.50998020436527       0.31590141892981      -0.01124650851122
    1     -1     64593.0000000000       0.00000000000000       0.00000000000000       0.00000000000000
    1     -1     64593.0000000000       0.00000000000000       0.00000000000000       0.00000000000000
    1     -1     64593.0000000000       0.50896517179704       0.31752393668673      -0.01153268436101
    1     -1     64594.0000000000       0.50896517179704       0.31752393668673      -0.01153268436101
    1     -1     64595.0000000000       0.50896517179704       0.31752393668673      -0.01153268436101
    1     -1     64595.0000000000       0.00000000000000       0.00000000000000       0.00000000000000
    1     -1     64595.0000000000       0.00000000000000       0.00000000000000       0.00000000000000
    1     -1     64595.0000000000       0.50794012466256       0.31915105596951      -0.01180815444214
    1     -1     64596.0000000000       0.50794012466256       0.31915105596951      -0.01180815444214
    1     -1     64597.0000000000       0.50794012466256       0.31915105596951      -0.01180815444214
    1     -1     64597.0000000000       0.00000000000000       0.00000000000000       0.00000000000000
    1     -1     64597.0000000000       0.00000000000000       0.00000000000000       0.00000000000000
    1     -1     64597.0000000000       0.50690502844544       0.32078267672867      -0.01207334781708
    1     -1     64598.0000000000       0.50690502844544       0.32078267672867      -0.01207334781708
    1     -1     64599.0000000000       0.50690502844544       0.32078267672867      -0.01207334781708
    1     -1     64599.0000000000       0.00000000000000       0.00000000000000       0.00000000000000
    1     -1     64599.0000000000       0.00000000000000       0.00000000000000       0.00000000000000
    1     -1     64599.0000000000       0.50585985034469       0.32241869509459      -0.01232867157269
    1     -1     64600.0000000000       0.50585985034469       0.32241869509459      -0.01232867157269
    1     -1     64601.0000000000       0.50585985034469       0.32241869509459      -0.01232867157269
    1     -1     64601.0000000000       0.00000000000000       0.00000000000000       0.00000000000000
    1     -1     64601.0000000000       0.00000000000000       0.00000000000000       0.00000000000000
    1     -1     64601.0000000000       0.50480455909907       0.32405900394184      -0.01257451219798
    1     -1     64602.0000000000       0.50480455909907       0.32405900394184      -0.01257451219798
    1     -1     64603.0000000000       0.50480455909907       0.32405900394184      -0.01257451219798
    1     -1     64603.0000000000       0.00000000000000       0.00000000000000       0.00000000000000
    1     -1     64603.0000000000       0.00000000000000       0.00000000000000       0.00000000000000
    1     -1     64603.0000000000       0.50373912482551       0.32570349339571      -0.01281123685903
    1     -1     64604.0000000000       0.50373912482551       0.32570349339571      -0.01281123685903
    1     -1     64605.0000000000       0.50373912482551       0.32570349339571      -0.01281123685903
    1     -1     64605.0000000000       0.00000000000000       0.00000000000000       0.00000000000000
    1     -1     64605.0000000000       0.00000000000000       0.00000000000000       0.00000000000000
    1     -1     64605.0000000000       0.50266351886815       0.32735205129006      -0.01303919457932
    1     -1     64606.0000000000       0.50266351886815       0.32735205129006      -0.01303919457932
    1     -1     64607.0000000000       0.50266351886815       0.32735205129006      -0.01303919457932
    1     -1     64607.0000000000       0.00000000000000       0.00000000000000       0.00000000000000
    1     -1     64607.0000000000       0.00000000000000       0.00000000000000       0.00000000000000
    1     -1     64607.0000000000       0.50157771366275       0.32900456357237      -0.01325871733607
    1     -1     64608.0000000000       0.50157771366275       0.32900456357237      -0.01325871733607
    1     -1     64609.0000000000       0.50157771366275       0.32900456357237      -0.01325871733607
    1     -1     64609.0000000000       0.00000000000000       0.00000000000000       0.00000000000000
    1     -1     64609.0000000000       0.00000000000000       0.00000000000000       0.00000000000000
    1     -1     64609.0000000000       0.50048168260507       0.33066091467702      -0.01347012107411
    1     -1     64610.0000000000       0.50048168260507       0.33066091467702      -0.01347012107411
    1     -1     64611.0000000000       0.50048168260507       0.33066091467702      -0.01347012107411
    1     -1     64611.0000000000       0.00000000000000       0.00000000000000       0.00000000000000
    1     -1     64611.0000000000       0.00000000000000       0.00000000000000       0.00000000000000
    1     -1     64611.0000000000       0.49937539993623       0.33232098784899      -0.01367370665191
    1     -1     64612.0000000000       0.49937539993623       0.33232098784899      -0.01367370665191
    1     -1     64613.0000000000       0.49937539993623       0.33232098784899      -0.01367370665191
    1     -1     64613.0000000000       0.00000000000000       0.00000000000000       0.00000000000000
    1     -1     64613.0000000000       0.00000000000000       0.00000000000000       0.00000000000000
    1     -1     64613.0000000000       0.49825884062951       0.33398466544466      -0.01386976071725
    1     -1     64614.0000000000       0.49825884062951       0.33398466544466      -0.01386976071725
    1     -1     64615.0000000000       0.49825884062951       0.33398466544466      -0.01386976071725
    1     -1     64615.0000000000       0.00000000000000       0.00000000000000       0.00000000000000
    1     -1     64615.0000000000       0.00000000000000       0.00000000000000       0.00000000000000
    1     -1     64615.0000000000       0.49713198029219       0.33565182919088      -0.01405855652565
    1     -1     64616.0000000000       0.49713198029219       0.33565182919088      -0.01405855652565
    1     -1     64617.0000000000       0.49713198029219       0.33565182919088      -0.01405855652565
    1     -1     64617.0000000000       0.00000000000000       0.00000000000000       0.00000000000000
    1     -1     64617.0000000000       0.00000000000000       0.00000000000000       0.00000000000000
    1     -1     64617.0000000000       0.49599479506960       0.33732236042379      -0.01424035470049
    1     -1     64618.0000000000       0.49599479506960       0.33732236042379      -0.01424035470049
    1     -1     64619.0000000000       0.49599479506960       0.33732236042379      -0.01424035470049
    1     -1     64619.0000000000       0.00000000000000       0.00000000000000       0.00000000000000
    1     -1     64619.0000000000       0.00000000000000       0.00000000000000       0.00000000000000
    1     -1     64619.0000000000       0.49484726156210       0.33899614029308      -0.01441540394450
    1     -1     64620.0000000000       0.49484726156210       0.33899614029308      -0.01441540394450
    1     -1     64621.0000000000       0.49484726156210       0.33899614029308      -0.01441540394450
    1     -1     64621.0000000000       0.00000000000000       0.00000000000000       0.00000000000000
    1     -1     64621.0000000000       0.00000000000000       0.00000000000000       0.00000000000000
    1     -1     64621.0000000000       0.49368935673568       0.34067304996213      -0.01458394169652
    1     -1     64622.0000000000       0.49368935673568       0.34067304996213      -0.01458394169652
    1     -1     64623.0000000000       0.49368935673568       0.34067304996213      -0.01458394169652
    1     -1     64623.0000000000       0.00000000000000       0.00000000000000       0.00000000000000
    1     -1     64623.0000000000       0.00000000000000       0.00000000000000       0.00000000000000
    1     -1     64623.0000000000       0.49252105786096       0.34235297075342      -0.01474619475745
    1     -1     64624.0000000000       0.49252105786096       0.34235297075342      -0.01474619475745
    1     -1     64625.0000000000       0.49252105786096       0.34235297075342      -0.01474619475745
    1     -1     64625.0000000000       0.00000000000000       0.00000000000000       0.00000000000000
    1     -1     64625.0000000000       0.00000000000000       0.00000000000000       0.00000000000000
    1     -1     64625.0000000000       0.49134234243652       0.34403578430648      -0.01490237986410
    1     -1     64626.0000000000       0.49134234243652       0.34403578430648      -0.01490237986410
    1     -1     64627.0000000000       0.49134234243652       0.34403578430648      -0.01490237986410
    1     -1     64627.0000000000       0.00000000000000       0.00000000000000       0.00000000000000
    1     -1     64627.0000000000       0.00000000000000       0.00000000000000       0.00000000000000
    1     -1     64627.0000000000       0.49015318812455       0.34572137270747      -0.01505270422898
    1     -1     64628.0000000000       0.49015318812455       0.34572137270747      -0.01505270422898
    1     -1     64629.0000000000       0.49015318812455       0.34572137270747      -0.01505270422898
    1     -1     64629.0000000000       0.00000000000000       0.00000000000000       0.00000000000000
    1     -1     64629.0000000000       0.00000000000000       0.00000000000000       0.00000000000000
    1     -1     64629.0000000000       0.48895357269278       0.34740961860057      -0.01519736604740
    1     -1     64630.0000000000       0.48895357269278       0.34740961860057      -0.01519736604740
    1     -1     64631.0000000000       0.48895357269278       0.34740961860057      -0.01519736604740
    1     -1     64631.0000000000       0.00000000000000       0.00000000000000       0.00000000000000
    1     -1     64631.0000000000       0.00000000000000       0.00000000000000       0.00000000000000
    1     -1     64631.0000000000       0.48774347396567       0.34910040527821      -0.01533655497444
    1     -1     64632.0000000000       0.48774347396567       0.34910040527821      -0.01533655497444
    1     -1     64633.0000000000       0.48774347396567       0.34910040527821      -0.01533655497444
    1     -1     64633.0000000000       0.00000000000000       0.00000000000000       0.00000000000000
    1     -1     64633.0000000000       0.00000000000000       0.00000000000000       0.00000000000000
    1     -1     64633.0000000000       0.48652286976847       0.35079361677436      -0.01547045256667
    1     -1     64634.0000000000       0.48652286976847       0.35079361677436      -0.01547045256667
    1     -1     64635.0000000000       0.48652286976847       0.35079361677436      -0.01547045256667
    1     -1     64635.0000000000       0.00000000000000       0.00000000000000       0.00000000000000
    1     -1     64635.0000000000       0.00000000000000       0.00000000000000       0.00000000000000
    1     -1     64635.0000000000       0.48529173788177       0.35248913793600      -0.01559923270002
    1     -1     64636.0000000000       0.48529173788177       0.35248913793600      -0.01559923270002
    1     -1     64637.0000000000       0.48529173788177       0.35248913793600      -0.01559923270002
    1     -1     64637.0000000000       0.00000000000000       0.00000000000000       0.00000000000000
    1     -1     64637.0000000000       0.00000000000000       0.00000000000000       0.00000000000000
    1     -1     64637.0000000000       0.48405005599424       0.35418685449153      -0.01572306195900
    1     -1     64638.0000000000       0.48405005599424       0.35418685449153      -0.01572306195900
    1     -1     64639.0000000000       0.48405005599424       0.35418685449153      -0.01572306195900
    1     -1     64639.0000000000       0.00000000000000       0.00000000000000       0.00000000000000
    1     -1     64639.0000000000       0.00000000000000       0.00000000000000       0.00000000000000
    1     -1     64639.0000000000       0.48279780167452       0.35588665308704      -0.01584210001096
    1     -1     64640.0000000000       0.48279780167452       0.35588665308704      -0.01584210001096
    1     -1     64641.0000000000       0.48279780167452       0.35588665308704      -0.01584210001096
    1     -1     64641.0000000000       0.00000000000000       0.00000000000000       0.00000000000000
    1     -1     64641.0000000000       0.00000000000000       0.00000000000000       0.00000000000000
    1     -1     64641.0000000000       0.48153495232863       0.35758842133833      -0.01595649994905
    1     -1     64642.0000000000       0.48153495232863       0.35758842133833      -0.01595649994905
    1     -1     64643.0000000000       0.48153495232863       0.35758842133833      -0.01595649994905
    1     -1     64643.0000000000       0.00000000000000       0.00000000000000       0.00000000000000
    1     -1     64643.0000000000       0.00000000000000       0.00000000000000       0.00000000000000
    1     -1     64643.0000000000       0.48026148515599       0.35929204788037      -0.01606640861219
    1     -1     64644.0000000000       0.48026148515599       0.35929204788037      -0.01606640861219
    1     -1     64645.0000000000       0.48026148515599       0.35929204788037      -0.01606640861219
    1     -1     64645.0000000000       0.00000000000000       0.00000000000000       0.00000000000000
    1     -1     64645.0000000000       0.00000000000000       0.00000000000000       0.00000000000000
    1     -1     64645.0000000000       0.47897737713436       0.36099742237317      -0.01617196690022
    1     -1     64646.0000000000       0.47897737713436       0.36099742237317      -0.01617196690022
    1     -1     64647.0000000000       0.47897737713436       0.36099742237317      -0.01617196690022
    1     -1     64647.0000000000       0.00000000000000       0.00000000000000       0.00000000000000
    1     -1     64647.0000000000       0.00000000000000       0.00000000000000       0.00000000000000
    1     -1     64647.0000000000       0.47768260498529       0.36270443553144      -0.01627331005922
    1     -1     64648.0000000000       0.47768260498529       0.36270443553144      -0.01627331005922
    1     -1     64649.0000000000       0.47768260498529       0.36270443553144      -0.01627331005922
    1     -1     64649.0000000000       0.00000000000000       0.00000000000000       0.00000000000000
    1     -1     64649.0000000000       0.00000000000000       0.00000000000000       0.00000000000000
    1     -1     64649.0000000000       0.47637714514158       0.36441297914828      -0.01637056795071
    1     -1     64650.0000000000       0.47637714514158       0.36441297914828      -0.01637056795071
    1     -1     64651.0000000000       0.47637714514158       0.36441297914828      -0.01637056795071
    1     -1     64651.0000000000       0.00000000000000       0.00000000000000       0.00000000000000
    1     -1     64651.0000000000       0.00000000000000       0.00000000000000       0.00000000000000
    1     -1     64651.0000000000       0.47506097372880       0.36612294609717      -0.01646386531085
    1     -1     64652.0000000000       0.47506097372880       0.36612294609717      -0.01646386531085
    1     -1     64653.0000000000       0.47506097372880       0.36612294609717      -0.01646386531085
    1     -1     64653.0000000000       0.00000000000000       0.00000000000000       0.00000000000000
    1     -1     64653.0000000000       0.00000000000000       0.00000000000000       0.00000000000000
    1     -1     64653.0000000000       0.47373406654148       0.36783423033900      -0.01655332199244
    1     -1     64654.0000000000       0.47373406654148       0.36783423033900      -0.01655332199244
    1     -1     64655.0000000000       0.47373406654148       0.36783423033900      -0.01655332199244
    1     -1     64655.0000000000       0.00000000000000       0.00000000000000       0.00000000000000
    1     -1     64655.0000000000       0.00000000000000       0.00000000000000       0.00000000000000
    1     -1     64655.0000000000       0.47239639902825       0.36954672691541      -0.01663905319572
    1     -1     64656.0000000000       0.47239639902825       0.36954672691541      -0.01663905319572
    1     -1     64657.0000000000       0.47239639902825       0.36954672691541      -0.01663905319572
    1     -1     64657.0000000000       0.00000000000000       0.00000000000000       0.00000000000000
    1     -1     64657.0000000000       0.00000000000000       0.00000000000000       0.00000000000000
    1     -1     64657.0000000000       0.47104794625625       0.37126033196725      -0.01672116967599
    1     -1     64658.0000000000       0.47104794625625       0.37126033196725      -0.01672116967599
    1     -1     64659.0000000000       0.47104794625625       0.37126033196725      -0.01672116967599
    1     -1     64659.0000000000       0.00000000000000       0.00000000000000       0.00000000000000
    1     -1     64659.0000000000       0.00000000000000       0.00000000000000       0.00000000000000
    1     -1     64659.0000000000       0.46968868292022       0.37297494269336      -0.01679977796150
    1     -1     64660.0000000000       0.46968868292022       0.37297494269336      -0.01679977796150
    1     -1     64661.0000000000       0.46968868292022       0.37297494269336      -0.01679977796150
    1     -1     64661.0000000000       0.00000000000000       0.00000000000000       0.00000000000000
    1     -1     64661.0000000000       0.00000000000000       0.00000000000000       0.00000000000000
    1     -1     64661.0000000000       0.46831858329796       0.37469045737765      -0.01687498053102
    1     -1     64662.0000000000       0.46831858329796       0.37469045737765      -0.01687498053102
    1     -1     64663.0000000000       0.46831858329796       0.37469045737765      -0.01687498053102
    1     -1     64663.0000000000       0.00000000000000       0.00000000000000       0.00000000000000
    1     -1     64663.0000000000       0.00000000000000       0.00000000000000       0.00000000000000
    1     -1     64663.0000000000       0.46693762126140       0.37640677534317      -0.01694687601010
    1     -1     64664.0000000000       0.46693762126140       0.37640677534317      -0.01694687601010
    1     -1     64665.0000000000       0.46693762126140       0.37640677534317      -0.01694687601010
    1     -1     64665.0000000000       0.00000000000000       0.00000000000000       0.00000000000000
    1     -1     64665.0000000000       0.00000000000000       0.00000000000000       0.00000000000000
    1     -1     64665.0000000000       0.46554577023959       0.37812379696692      -0.01701555933109
    1     -1     64666.0000000000       0.46554577023959       0.37812379696692      -0.01701555933109
    1     -1     64667.0000000000       0.46554577023959       0.37812379696692      -0.01701555933109
    1     -1     64667.0000000000       0.00000000000000       0.00000000000000       0.00000000000000
    1     -1     64667.0000000000       0.00000000000000       0.00000000000000       0.00000000000000
    1     -1     64667.0000000000       0.46414300323640       0.37984142362427      -0.01708112191245
    1     -1     64668.0000000000       0.46414300323640       0.37984142362427      -0.01708112191245
    1     -1     64669.0000000000       0.46414300323640       0.37984142362427      -0.01708112191245
    1     -1     64669.0000000000       0.00000000000000       0.00000000000000       0.00000000000000
    1     -1     64669.0000000000       0.00000000000000       0.00000000000000       0.00000000000000
    1     -1     64669.0000000000       0.46272929278498       0.38155955771260      -0.01714365179532
    1     -1     64670.0000000000       0.46272929278498       0.38155955771260      -0.01714365179532
    1     -1     64671.0000000000       0.46272929278498       0.38155955771260      -0.01714365179532
    1     -1     64671.0000000000       0.00000000000000       0.00000000000000       0.00000000000000
    1     -1     64671.0000000000       0.00000000000000       0.00000000000000       0.00000000000000
    1     -1     64671.0000000000       0.46130461097227       0.38327810258641      -0.01720323380882
    1     -1     64672.0000000000       0.46130461097227       0.38327810258641      -0.01720323380882
    1     -1     64673.0000000000       0.46130461097227       0.38327810258641      -0.01720323380882
    1     -1     64673.0000000000       0.00000000000000       0.00000000000000       0.00000000000000
    1     -1     64673.0000000000       0.00000000000000       0.00000000000000       0.00000000000000
    1     -1     64673.0000000000       0.45986892939942       0.38499696257196      -0.01725994969278
    1     -1     64674.0000000000       0.45986892939942       0.38499696257196      -0.01725994969278
    1     -1     64675.0000000000       0.45986892939942       0.38499696257196      -0.01725994969278
    1     -1     64675.0000000000       0.00000000000000       0.00000000000000       0.00000000000000
    1     -1     64675.0000000000       0.00000000000000       0.00000000000000       0.00000000000000
    1     -1     64675.0000000000       0.45842221921247       0.38671604289482      -0.01731387825093
    1     -1     64676.0000000000       0.45842221921247       0.38671604289482      -0.01731387825093
    1     -1     64677.0000000000       0.45842221921247       0.38671604289482      -0.01731387825093
    1     -1     64677.0000000000       0.00000000000000       0.00000000000000       0.00000000000000
    1     -1     64677.0000000000       0.00000000000000       0.00000000000000       0.00000000000000
    1     -1     64677.0000000000       0.45696445105042       0.38843524970857      -0.01736509545126
    1     -1     64678.0000000000       0.45696445105042       0.38843524970857      -0.01736509545126
    1     -1     64679.0000000000       0.45696445105042       0.38843524970857      -0.01736509545126
    1     -1     64679.0000000000       0.00000000000000       0.00000000000000       0.00000000000000
    1     -1     64679.0000000000       0.00000000000000       0.00000000000000       0.00000000000000
    1     -1     64679.0000000000       0.45549559506442       0.39015449003600      -0.01741367455943
    1     -1     64680.0000000000       0.45549559506442       0.39015449003600      -0.01741367455943
    1     -1     64681.0000000000       0.45549559506442       0.39015449003600      -0.01741367455943
    1     -1     64681.0000000000       0.00000000000000       0.00000000000000       0.00000000000000
    1     -1     64681.0000000000       0.00000000000000       0.00000000000000       0.00000000000000
    1     -1     64681.0000000000       0.45401562093309       0.39187367171616      -0.01745968626381
    1     -1     64682.0000000000       0.45401562093309       0.39187367171616      -0.01745968626381
    1     -1     64683.0000000000       0.45401562093309       0.39187367171616      -0.01745968626381
    1     -1     64683.0000000000       0.00000000000000       0.00000000000000       0.00000000000000
    1     -1     64683.0000000000       0.00000000000000       0.00000000000000       0.00000000000000
    1     -1     64683.0000000000       0.45252449781783       0.39359270342309      -0.01750319875961
    1     -1     64684.0000000000       0.45252449781783       0.39359270342309      -0.01750319875961
    1     -1     64685.0000000000       0.45252449781783       0.39359270342309      -0.01750319875961
    1     -1     64685.0000000000       0.00000000000000       0.00000000000000       0.00000000000000
    1     -1     64685.0000000000       0.00000000000000       0.00000000000000       0.00000000000000
    1     -1     64685.0000000000       0.45102219438184       0.39531149460798      -0.01754427786482
    1     -1     64686.0000000000       0.45102219438184       0.39531149460798      -0.01754427786482
    1     -1     64687.0000000000       0.45102219438184       0.39531149460798      -0.01754427786482
    1     -1     64687.0000000000       0.00000000000000       0.00000000000000       0.00000000000000
    1     -1     64687.0000000000       0.00000000000000       0.00000000000000       0.00000000000000
    1     -1     64687.0000000000       0.44950867878196       0.39702995547421      -0.01758298711369
    1     -1     64688.0000000000       0.44950867878196       0.39702995547421      -0.01758298711369
    1     -1     64689.0000000000       0.44950867878196       0.39702995547421      -0.01758298711369
    1     -1     64689.0000000000       0.00000000000000       0.00000000000000       0.00000000000000
    1     -1     64689.0000000000       0.00000000000000       0.00000000000000       0.00000000000000
    1     -1     64689.0000000000       0.44798391867265       0.39874799693837      -0.01761938785363
    1     -1     64690.0000000000       0.44798391867265       0.39874799693837      -0.01761938785363
    1     -1     64691.0000000000       0.44798391867265       0.39874799693837      -0.01761938785363
    1     -1     64691.0000000000       0.00000000000000       0.00000000000000       0.00000000000000
    1     -1     64691.0000000000       0.00000000000000       0.00000000000000       0.00000000000000
    1     -1     64691.0000000000       0.44644788121162       0.40046553058971      -0.01765353933804
    1     -1     64692.0000000000       0.44644788121162       0.40046553058971      -0.01765353933804
    1     -1     64693.0000000000       0.44644788121162       0.40046553058971      -0.01765353933804
    1     -1     64693.0000000000       0.00000000000000       0.00000000000000       0.00000000000000
    1     -1     64693.0000000000       0.00000000000000       0.00000000000000       0.00000000000000
    1     -1     64693.0000000000       0.44490053302626       0.40218246869489      -0.01768549878953
    1     -1     64694.0000000000       0.44490053302626       0.40218246869489      -0.01768549878953
    1     -1     64695.0000000000       0.44490053302626       0.40218246869489      -0.01768549878953
    1     -1     64695.0000000000       0.00000000000000       0.00000000000000       0.00000000000000
    1     -1     64695.0000000000       0.00000000000000       0.00000000000000       0.00000000000000
    1     -1     64695.0000000000       0.44334184025003       0.40389872412247      -0.01771532150314
    1     -1     64696.0000000000       0.44334184025003       0.40389872412247      -0.01771532150314
    1     -1     64697.0000000000       0.44334184025003       0.40389872412247      -0.01771532150314
    1     -1     64697.0000000000       0.00000000000000       0.00000000000000       0.00000000000000
    1     -1     64697.0000000000       0.00000000000000       0.00000000000000       0.00000000000000
    1     -1     64697.0000000000       0.44177176851833       0.40561421031490      -0.01774306091992
    1     -1     64698.0000000000       0.44177176851833       0.40561421031490      -0.01774306091992
    1     -1     64699.0000000000       0.44177176851833       0.40561421031490      -0.01774306091992
    1     -1     64699.0000000000       0.00000000000000       0.00000000000000       0.00000000000000
    1     -1     64699.0000000000       0.00000000000000       0.00000000000000       0.00000000000000
    1     -1     64699.0000000000       0.44019028293815       0.40732884128974      -0.01776876867968
    1     -1     64700.0000000000       0.44019028293815       0.40732884128974      -0.01776876867968
    1     -1     64701.0000000000       0.44019028293815       0.40732884128974      -0.01776876867968
    1     -1     64701.0000000000       0.00000000000000       0.00000000000000       0.00000000000000
    1     -1     64701.0000000000       0.00000000000000       0.00000000000000       0.00000000000000
    1     -1     64701.0000000000       0.43859734812756       0.40904253156280      -0.01779249471459
    1     -1     64702.0000000000       0.43859734812756       0.40904253156280      -0.01779249471459
    1     -1     64703.0000000000       0.43859734812756       0.40904253156280      -0.01779249471459
    1     -1     64703.0000000000       0.00000000000000       0.00000000000000       0.00000000000000
    1     -1     64703.0000000000       0.00000000000000       0.00000000000000       0.00000000000000
    1     -1     64703.0000000000       0.43699292820786       0.41075519612534      -0.01781428730977
    1     -1     64704.0000000000       0.43699292820786       0.41075519612534      -0.01781428730977
    1     -1     64705.0000000000       0.43699292820786       0.41075519612534      -0.01781428730977
    1     -1     64705.0000000000       0.00000000000000       0.00000000000000       0.00000000000000
    1     -1     64705.0000000000       0.00000000000000       0.00000000000000       0.00000000000000
    1     -1     64705.0000000000       0.43537698678516       0.41246675043268      -0.01783419315188
    1     -1     64706.0000000000       0.43537698678516       0.41246675043268      -0.01783419315188
    1     -1     64707.0000000000       0.43537698678516       0.41246675043268      -0.01783419315188
    1     -1     64707.0000000000       0.00000000000000       0.00000000000000       0.00000000000000
    1     -1     64707.0000000000       0.00000000000000       0.00000000000000       0.00000000000000
    1     -1     64707.0000000000       0.43374948697897       0.41417711034166      -0.01785225740653
    1     -1     64708.0000000000       0.43374948697897       0.41417711034166      -0.01785225740653
    1     -1     64709.0000000000       0.43374948697897       0.41417711034166      -0.01785225740653
    1     -1     64709.0000000000       0.00000000000000       0.00000000000000       0.00000000000000
    1     -1     64709.0000000000       0.00000000000000       0.00000000000000       0.00000000000000
    1     -1     64709.0000000000       0.43211039142871       0.41588619207333      -0.01786852377985
    1     -1     64710.0000000000       0.43211039142871       0.41588619207333      -0.01786852377985
    1     -1     64711.0000000000       0.43211039142871       0.41588619207333      -0.01786852377985
    1     -1     64711.0000000000       0.00000000000000       0.00000000000000       0.00000000000000
    1     -1     64711.0000000000       0.00000000000000       0.00000000000000       0.00000000000000
    1     -1     64711.0000000000       0.43045966226492       0.41759391221392      -0.01788303454795
    1     -1     64712.0000000000       0.43045966226492       0.41759391221392      -0.01788303454795
    1     -1     64713.0000000000       0.43045966226492       0.41759391221392      -0.01788303454795
    1     -1     64713.0000000000       0.00000000000000       0.00000000000000       0.00000000000000
    1     -1     64713.0000000000       0.00000000000000       0.00000000000000       0.00000000000000
    1     -1     64713.0000000000       0.42879726114478       0.41930018764684      -0.01789583063323
    1     -1     64714.0000000000       0.42879726114478       0.41930018764684      -0.01789583063323
    1     -1     64715.0000000000       0.42879726114478       0.41930018764684      -0.01789583063323
    1     -1     64715.0000000000       0.00000000000000       0.00000000000000       0.00000000000000
    1     -1     64715.0000000000       0.00000000000000       0.00000000000000       0.00000000000000
    1     -1     64715.0000000000       0.42712314925317       0.42100493552282      -0.01790695165219
    1     -1     64716.0000000000       0.42712314925317       0.42100493552282      -0.01790695165219
    1     -1     64717.0000000000       0.42712314925317       0.42100493552282      -0.01790695165219
    1     -1     64717.0000000000       0.00000000000000       0.00000000000000       0.00000000000000
    1     -1     64717.0000000000       0.00000000000000       0.00000000000000       0.00000000000000
    1     -1     64717.0000000000       0.42543728728986       0.42270807324484      -0.01791643594805
    1     -1     64718.0000000000       0.42543728728986       0.42270807324484      -0.01791643594805
    1     -1     64719.0000000000       0.42543728728986       0.42270807324484      -0.01791643594805
    1     -1     64719.0000000000       0.00000000000000       0.00000000000000       0.00000000000000
    1     -1     64719.0000000000       0.00000000000000       0.00000000000000       0.00000000000000
    1     -1     64719.0000000000       0.42373963551060       0.42440951839700      -0.01792432066696
    1     -1     64720.0000000000       0.42373963551060       0.42440951839700      -0.01792432066696
    1     -1     64721.0000000000       0.42373963551060       0.42440951839700      -0.01792432066696
    1     -1     64721.0000000000       0.00000000000000       0.00000000000000       0.00000000000000
    1     -1     64721.0000000000       0.00000000000000       0.00000000000000       0.00000000000000
    1     -1     64721.0000000000       0.42203015367796       0.42610918876839      -0.01793064175378
    1     -1     64722.0000000000       0.42203015367796       0.42610918876839      -0.01793064175378
    1     -1     64723.0000000000       0.42203015367796       0.42610918876839      -0.01793064175378
    1     -1     64723.0000000000       0.00000000000000       0.00000000000000       0.00000000000000
    1     -1     64723.0000000000       0.00000000000000       0.00000000000000       0.00000000000000
    1     -1     64723.0000000000       0.42030880114336       0.42780700224109      -0.01793543406001
    1     -1     64724.0000000000       0.42030880114336       0.42780700224109      -0.01793543406001
    1     -1     64725.0000000000       0.42030880114336       0.42780700224109      -0.01793543406001
    1     -1     64725.0000000000       0.00000000000000       0.00000000000000       0.00000000000000
    1     -1     64725.0000000000       0.00000000000000       0.00000000000000       0.00000000000000
    1     -1     64725.0000000000       0.41857553678139       0.42950287683181      -0.01793873132005
    1     -1     64726.0000000000       0.41857553678139       0.42950287683181      -0.01793873132005
    1     -1     64727.0000000000       0.41857553678139       0.42950287683181      -0.01793873132005
    1     -1     64727.0000000000       0.00000000000000       0.00000000000000       0.00000000000000
    1     -1     64727.0000000000       0.00000000000000       0.00000000000000       0.00000000000000
    1     -1     64727.0000000000       0.41683031904808       0.43119673060618      -0.01794056623455
    1     -1     64728.0000000000       0.41683031904808       0.43119673060618      -0.01794056623455
    1     -1     64729.0000000000       0.41683031904808       0.43119673060618      -0.01794056623455
    1     -1     64729.0000000000       0.00000000000000       0.00000000000000       0.00000000000000
    1     -1     64729.0000000000       0.00000000000000       0.00000000000000       0.00000000000000
    1     -1     64729.0000000000       0.41507310595784       0.43288848167723      -0.01794097047798
    1     -1     64730.0000000000       0.41507310595784       0.43288848167723      -0.01794097047798
    1     -1     64731.0000000000       0.41507310595784       0.43288848167723      -0.01794097047798
    1     -1     64731.0000000000       0.00000000000000       0.00000000000000       0.00000000000000
    1     -1     64731.0000000000       0.00000000000000       0.00000000000000       0.00000000000000
    1     -1     64731.0000000000       0.41330385511610       0.43457804814763      -0.01793997475933
    1     -1     64732.0000000000       0.41330385511610       0.43457804814763      -0.01793997475933
    1     -1     64733.0000000000       0.41330385511610       0.43457804814763      -0.01793997475933
    1     -1     64733.0000000000       0.00000000000000       0.00000000000000       0.00000000000000
    1     -1     64733.0000000000       0.00000000000000       0.00000000000000       0.00000000000000
    1     -1     64733.0000000000       0.41152252372058       0.43626534808482      -0.01793760884502
    1     -1     64734.0000000000       0.41152252372058       0.43626534808482      -0.01793760884502
    1     -1     64735.0000000000       0.41152252372058       0.43626534808482      -0.01793760884502
    1     -1     64735.0000000000       0.00000000000000       0.00000000000000       0.00000000000000
    1     -1     64735.0000000000       0.00000000000000       0.00000000000000       0.00000000000000
    1     -1     64735.0000000000       0.40972906856216       0.43795029949646      -0.01793390158741
    1     -1     64736.0000000000       0.40972906856216       0.43795029949646      -0.01793390158741
    1     -1     64737.0000000000       0.40972906856216       0.43795029949646      -0.01793390158741
    1     -1     64737.0000000000       0.00000000000000       0.00000000000000       0.00000000000000
    1     -1     64737.0000000000       0.00000000000000       0.00000000000000       0.00000000000000
    1     -1     64737.0000000000       0.40792344603248       0.43963282030009      -0.01792888094609
    1     -1     64738.0000000000       0.40792344603248       0.43963282030009      -0.01792888094609
    1     -1     64739.0000000000       0.40792344603248       0.43963282030009      -0.01792888094609
    1     -1     64739.0000000000       0.00000000000000       0.00000000000000       0.00000000000000
    1     -1     64739.0000000000       0.00000000000000       0.00000000000000       0.00000000000000
    1     -1     64739.0000000000       0.40610561216694       0.44131282825856      -0.01792257406028
    1     -1     64740.0000000000       0.40610561216694       0.44131282825856      -0.01792257406028
    1     -1     64741.0000000000       0.40610561216694       0.44131282825856      -0.01792257406028
    1     -1     64741.0000000000       0.00000000000000       0.00000000000000       0.00000000000000
    1     -1     64741.0000000000       0.00000000000000       0.00000000000000       0.00000000000000
    1     -1     64741.0000000000       0.40427552262957       0.44299024097366      -0.01791500724767
    1     -1     64742.0000000000       0.40427552262957       0.44299024097366      -0.01791500724767
    1     -1     64743.0000000000       0.40427552262957       0.44299024097366      -0.01791500724767
    1     -1     64743.0000000000       0.00000000000000       0.00000000000000       0.00000000000000
    1     -1     64743.0000000000       0.00000000000000       0.00000000000000       0.00000000000000
    1     -1     64743.0000000000       0.40243313269820       0.44466497587924      -0.01790620599192
    1     -1     64744.0000000000       0.40243313269820       0.44466497587924      -0.01790620599192
    1     -1     64745.0000000000       0.40243313269820       0.44466497587924      -0.01790620599192
    1     -1     64745.0000000000       0.00000000000000       0.00000000000000       0.00000000000000
    1     -1     64745.0000000000       0.00000000000000       0.00000000000000       0.00000000000000
    1     -1     64745.0000000000       0.40057839734749       0.44633695014025      -0.01789619507091
    1     -1     64746.0000000000       0.40057839734749       0.44633695014025      -0.01789619507091
    1     -1     64747.0000000000       0.40057839734749       0.44633695014025      -0.01789619507091
    1     -1     64747.0000000000       0.00000000000000       0.00000000000000       0.00000000000000
    1     -1     64747.0000000000       0.00000000000000       0.00000000000000       0.00000000000000
    1     -1     64747.0000000000       0.39871127119804       0.44800608068272      -0.01788499848888
    1     -1     64748.0000000000       0.39871127119804       0.44800608068272      -0.01788499848888
    1     -1     64749.0000000000       0.39871127119804       0.44800608068272      -0.01788499848888
    1     -1     64749.0000000000       0.00000000000000       0.00000000000000       0.00000000000000
    1     -1     64749.0000000000       0.00000000000000       0.00000000000000       0.00000000000000
    1     -1     64749.0000000000       0.39683170855283       0.44967228413923      -0.01787263953784
    1     -1     64750.0000000000       0.39683170855283       0.44967228413923      -0.01787263953784
    1     -1     64751.0000000000       0.39683170855283       0.44967228413923      -0.01787263953784
    1     -1     64751.0000000000       0.00000000000000       0.00000000000000       0.00000000000000
    1     -1     64751.0000000000       0.00000000000000       0.00000000000000       0.00000000000000
    1     -1     64751.0000000000       0.39493966342263       0.45133547680654      -0.01785914083706
    1     -1     64752.0000000000       0.39493966342263       0.45133547680654      -0.01785914083706
    1     -1     64753.0000000000       0.39493966342263       0.45133547680654      -0.01785914083706
    1     -1     64753.0000000000       0.00000000000000       0.00000000000000       0.00000000000000
    1     -1     64753.0000000000       0.00000000000000       0.00000000000000       0.00000000000000
    1     -1     64753.0000000000       0.39303508951082       0.45299557464197      -0.01784452431439
    1     -1     64754.0000000000       0.39303508951082       0.45299557464197      -0.01784452431439
    1     -1     64755.0000000000       0.39303508951082       0.45299557464197      -0.01784452431439
    1     -1     64755.0000000000       0.00000000000000       0.00000000000000       0.00000000000000
    1     -1     64755.0000000000       0.00000000000000       0.00000000000000       0.00000000000000
    1     -1     64755.0000000000       0.39111794025825       0.45465249320432      -0.01782881126825
    1     -1     64756.0000000000       0.39111794025825       0.45465249320432      -0.01782881126825
    1     -1     64757.0000000000       0.39111794025825       0.45465249320432      -0.01782881126825
    1     -1     64757.0000000000       0.00000000000000       0.00000000000000       0.00000000000000
    1     -1     64757.0000000000       0.00000000000000       0.00000000000000       0.00000000000000
    1     -1     64757.0000000000       0.38918816883968       0.45630614764043      -0.01781202236604
    1     -1     64758.0000000000       0.38918816883968       0.45630614764043      -0.01781202236604
    1     -1     64759.0000000000       0.38918816883968       0.45630614764043      -0.01781202236604
    1     -1     64759.0000000000       0.00000000000000       0.00000000000000       0.00000000000000
    1     -1     64759.0000000000       0.00000000000000       0.00000000000000       0.00000000000000
    1     -1     64759.0000000000       0.38724572819607       0.45795645263943      -0.01779417769406
    1     -1     64760.0000000000       0.38724572819607       0.45795645263943      -0.01779417769406
    1     -1     64761.0000000000       0.38724572819607       0.45795645263943      -0.01779417769406
    1     -1     64761.0000000000       0.00000000000000       0.00000000000000       0.00000000000000
    1     -1     64761.0000000000       0.00000000000000       0.00000000000000       0.00000000000000
    1     -1     64761.0000000000       0.38529057101255       0.45960332243809      -0.01777529669791
    1     -1     64762.0000000000       0.38529057101255       0.45960332243809      -0.01777529669791
    1     -1     64763.0000000000       0.38529057101255       0.45960332243809      -0.01777529669791
    1     -1     64763.0000000000       0.00000000000000       0.00000000000000       0.00000000000000
    1     -1     64763.0000000000       0.00000000000000       0.00000000000000       0.00000000000000
    1     -1     64763.0000000000       0.38332264979362       0.46124667073664      -0.01775539832163
    1     -1     64764.0000000000       0.38332264979362       0.46124667073664      -0.01775539832163
    1     -1     64765.0000000000       0.38332264979362       0.46124667073664      -0.01775539832163
    1     -1     64765.0000000000       0.00000000000000       0.00000000000000       0.00000000000000
    1     -1     64765.0000000000       0.00000000000000       0.00000000000000       0.00000000000000
    1     -1     64765.0000000000       0.38134191683517       0.46288641071145      -0.01773450092748
    1     -1     64766.0000000000       0.38134191683517       0.46288641071145      -0.01773450092748
    1     -1     64767.0000000000       0.38134191683517       0.46288641071145      -0.01773450092748
    1     -1     64767.0000000000       0.00000000000000       0.00000000000000       0.00000000000000
    1     -1     64767.0000000000       0.00000000000000       0.00000000000000       0.00000000000000
    1     -1     64767.0000000000       0.37934832425312       0.46452245497492      -0.01771262234750
    1     -1     64768.0000000000       0.37934832425312       0.46452245497492      -0.01771262234750
    1     -1     64769.0000000000       0.37934832425312       0.46452245497492      -0.01771262234750
    1     -1     64769.0000000000       0.00000000000000       0.00000000000000       0.00000000000000
    1     -1     64769.0000000000       0.00000000000000       0.00000000000000       0.00000000000000
    1     -1     64769.0000000000       0.37734182401605       0.46615471553419      -0.01768977991594
    1     -1     64770.0000000000       0.37734182401605       0.46615471553419      -0.01768977991594
    1     -1     64771.0000000000       0.37734182401605       0.46615471553419      -0.01768977991594
    1     -1     64771.0000000000       0.00000000000000       0.00000000000000       0.00000000000000
    1     -1     64771.0000000000       0.00000000000000       0.00000000000000       0.00000000000000
    1     -1     64771.0000000000       0.37532236794387       0.46778310378039      -0.01766599045051
    1     -1     64772.0000000000       0.37532236794387       0.46778310378039      -0.01766599045051
    1     -1     64773.0000000000       0.37532236794387       0.46778310378039      -0.01766599045051
    1     -1     64773.0000000000       0.00000000000000       0.00000000000000       0.00000000000000
    1     -1     64773.0000000000       0.00000000000000       0.00000000000000       0.00000000000000
    1     -1     64773.0000000000       0.37328990774819       0.46940753044155      -0.01764127030889
    1     -1     64774.0000000000       0.37328990774819       0.46940753044155      -0.01764127030889
    1     -1     64775.0000000000       0.37328990774819       0.46940753044155      -0.01764127030889
    1     -1     64775.0000000000       0.00000000000000       0.00000000000000       0.00000000000000
    1     -1     64775.0000000000       0.00000000000000       0.00000000000000       0.00000000000000
    1     -1     64775.0000000000       0.37124439503238       0.47102790557223      -0.01761563536389
    1     -1     64776.0000000000       0.37124439503238       0.47102790557223      -0.01761563536389
    1     -1     64777.0000000000       0.37124439503238       0.47102790557223      -0.01761563536389
    1     -1     64777.0000000000       0.00000000000000       0.00000000000000       0.00000000000000
    1     -1     64777.0000000000       0.00000000000000       0.00000000000000       0.00000000000000
    1     -1     64777.0000000000       0.36918578133268       0.47264413850804      -0.01758910105067
    1     -1     64778.0000000000       0.36918578133268       0.47264413850804      -0.01758910105067
    1     -1     64779.0000000000       0.36918578133268       0.47264413850804      -0.01758910105067
    1     -1     64779.0000000000       0.00000000000000       0.00000000000000       0.00000000000000
    1     -1     64779.0000000000       0.00000000000000       0.00000000000000       0.00000000000000
    1     -1     64779.0000000000       0.36711401811885       0.47425613785555      -0.01756168235010
    1     -1     64780.0000000000       0.36711401811885       0.47425613785555      -0.01756168235010
    1     -1     64781.0000000000       0.36711401811885       0.47425613785555      -0.01756168235010
    1     -1     64781.0000000000       0.00000000000000       0.00000000000000       0.00000000000000
    1     -1     64781.0000000000       0.00000000000000       0.00000000000000       0.00000000000000
    1     -1     64781.0000000000       0.36502905684367       0.47586381144209      -0.01753339384224
    1     -1     64782.0000000000       0.36502905684367       0.47586381144209      -0.01753339384224
    1     -1     64783.0000000000       0.36502905684367       0.47586381144209      -0.01753339384224
    1     -1     64783.0000000000       0.00000000000000       0.00000000000000       0.00000000000000
    1     -1     64783.0000000000       0.00000000000000       0.00000000000000       0.00000000000000
    1     -1     64783.0000000000       0.36293084893808       0.47746706631199      -0.01750424966988
    1     -1     64784.0000000000       0.36293084893808       0.47746706631199      -0.01750424966988
    1     -1     64785.0000000000       0.36293084893808       0.47746706631199      -0.01750424966988
    1     -1     64785.0000000000       0.00000000000000       0.00000000000000       0.00000000000000
    1     -1     64785.0000000000       0.00000000000000       0.00000000000000       0.00000000000000
    1     -1     64785.0000000000       0.36081934585468       0.47906580868254      -0.01747426359947
    1     -1     64786.0000000000       0.36081934585468       0.47906580868254      -0.01747426359947
    1     -1     64787.0000000000       0.36081934585468       0.47906580868254      -0.01747426359947
    1     -1     64787.0000000000       0.00000000000000       0.00000000000000       0.00000000000000
    1     -1     64787.0000000000       0.00000000000000       0.00000000000000       0.00000000000000
    1     -1     64787.0000000000       0.35869449908654       0.48065994392316      -0.01744344899504
    1     -1     64788.0000000000       0.35869449908654       0.48065994392316      -0.01744344899504
    1     -1     64789.0000000000       0.35869449908654       0.48065994392316      -0.01744344899504
    1     -1     64789.0000000000       0.00000000000000       0.00000000000000       0.00000000000000
    1     -1     64789.0000000000       0.00000000000000       0.00000000000000       0.00000000000000
    1     -1     64789.0000000000       0.35655626019202       0.48224937652859      -0.01741181885000
    1     -1     64790.0000000000       0.35655626019202       0.48224937652859      -0.01741181885000
    1     -1     64791.0000000000       0.35655626019202       0.48224937652859      -0.01741181885000
    1     -1     64791.0000000000       0.00000000000000       0.00000000000000       0.00000000000000
    1     -1     64791.0000000000       0.00000000000000       0.00000000000000       0.00000000000000
    1     -1     64791.0000000000       0.35440458083446       0.48383401008233      -0.01737938581195
    1     -1     64792.0000000000       0.35440458083446       0.48383401008233      -0.01737938581195
    1     -1     64793.0000000000       0.35440458083446       0.48383401008233      -0.01737938581195
    1     -1     64793.0000000000       0.00000000000000       0.00000000000000       0.00000000000000
    1     -1     64793.0000000000       0.00000000000000       0.00000000000000       0.00000000000000
    1     -1     64793.0000000000       0.35223941279253       0.48541374724533      -0.01734616213520
    1     -1     64794.0000000000       0.35223941279253       0.48541374724533      -0.01734616213520
    1     -1     64795.0000000000       0.35223941279253       0.48541374724533      -0.01734616213520
    1     -1     64795.0000000000       0.00000000000000       0.00000000000000       0.00000000000000
    1     -1     64795.0000000000       0.00000000000000       0.00000000000000       0.00000000000000
    1     -1     64795.0000000000       0.35006070801712       0.48698848970662      -0.01731215976765
    1     -1     64796.0000000000       0.35006070801712       0.48698848970662      -0.01731215976765
    1     -1     64797.0000000000       0.35006070801712       0.48698848970662      -0.01731215976765
    1     -1     64797.0000000000       0.00000000000000       0.00000000000000       0.00000000000000
    1     -1     64797.0000000000       0.00000000000000       0.00000000000000       0.00000000000000
    1     -1     64797.0000000000       0.34786841867760       0.48855813814775      -0.01727739032241
    1     -1     64798.0000000000       0.34786841867760       0.48855813814775      -0.01727739032241
    1     -1     64799.0000000000       0.34786841867760       0.48855813814775      -0.01727739032241
    1     -1     64799.0000000000       0.00000000000000       0.00000000000000       0.00000000000000
    1     -1     64799.0000000000       0.00000000000000       0.00000000000000       0.00000000000000
    1     -1     64799.0000000000       0.34566249721103       0.49012259220529      -0.01724186509063
    1     -1     64800.0000000000       0.34566249721103       0.49012259220529      -0.01724186509063
    1     -1     64801.0000000000       0.34566249721103       0.49012259220529      -0.01724186509063
    1     -1     64801.0000000000       0.00000000000000       0.00000000000000       0.00000000000000
    1     -1     64801.0000000000       0.00000000000000       0.00000000000000       0.00000000000000
    1     -1     64801.0000000000       0.34344289642387       0.49168175039739      -0.01720559508247
    1     -1     64802.0000000000       0.34344289642387       0.49168175039739      -0.01720559508247
    1     -1     64803.0000000000       0.34344289642387       0.49168175039739      -0.01720559508247
    1     -1     64803.0000000000       0.00000000000000       0.00000000000000       0.00000000000000
    1     -1     64803.0000000000       0.00000000000000       0.00000000000000       0.00000000000000
    1     -1     64803.0000000000       0.34120956962062       0.49323551003228      -0.01716859116253
    1     -1     64804.0000000000       0.34120956962062       0.49323551003228      -0.01716859116253
    1     -1     64805.0000000000       0.34120956962062       0.49323551003228      -0.01716859116253
    1     -1     64805.0000000000       0.00000000000000       0.00000000000000       0.00000000000000
    1     -1     64805.0000000000       0.00000000000000       0.00000000000000       0.00000000000000
    1     -1     64805.0000000000       0.33896247055506       0.49478376723518      -0.01713086441993
    1     -1     64806.0000000000       0.33896247055506       0.49478376723518      -0.01713086441993
    1     -1     64807.0000000000       0.33896247055506       0.49478376723518      -0.01713086441993
    1     -1     64807.0000000000       0.00000000000000       0.00000000000000       0.00000000000000
    1     -1     64807.0000000000       0.00000000000000       0.00000000000000       0.00000000000000
    1     -1     64807.0000000000       0.33726953192940       0.49594029790041      -0.01710213526361
    1     -1     64808.0000000000       0.33726953192940       0.49594029790041      -0.01710213526361
    1     -1     64808.0000000000       0.00000000000000       0.00000000000000       0.00000000000000
    1  57530     64808.0000000000      145215176.369033158     -376380024.952837169         359155.019990534       15.5686613743514        6.6805157767681       -0.2187072111682        2537.5442166360
    1  57530     64808.0000000000      145215176.369033158     -376380024.952837169         359155.019990534       15.5686613743514        6.6805157767681       -0.2187072111682        2497.5442166360
    1     -1     64808.0000000000       0.00000000000000       0.00000000000000       0.00000000000000
    1     -1     64808.0000000000       0.32102529288545       0.50481486202579      -0.04587718044621
    1     -1     64809.0000000000       0.32102529288545       0.50481486202579      -0.04587718044621
    1     -1     64810.0000000000       0.32102529288545       0.50481486202579      -0.04587718044621
    1     -1     64810.0000000000       0.00000000000000       0.00000000000000       0.00000000000000
    1     -1     64810.0000000000       0.00000000000000       0.00000000000000       0.00000000000000
    1     -1     64810.0000000000       0.31961428411114       0.50490847725709      -0.05398275897040
    1     -1     64811.0000000000       0.31961428411114       0.50490847725709      -0.05398275897040
    1     -1     64812.0000000000       0.31961428411114       0.50490847725709      -0.05398275897040
    1     -1     64812.0000000000       0.00000000000000       0.00000000000000       0.00000000000000
    1     -1     64812.0000000000       0.00000000000000       0.00000000000000       0.00000000000000
    1     -1     64812.0000000000       0.31802153668721       0.50493294961929      -0.06249014219757
    1     -1     64813.0000000000       0.31802153668721       0.50493294961929      -0.06249014219757
    1     -1     64814.0000000000       0.31802153668721       0.50493294961929      -0.06249014219757
    1     -1     64814.0000000000       0.00000000000000       0.00000000000000       0.00000000000000
    1     -1     64814.0000000000       0.00000000000000       0.00000000000000       0.00000000000000
    1     -1     64814.0000000000       0.31622972604199       0.50487359532104      -0.07142417234389
    1     -1     64815.0000000000       0.31622972604199       0.50487359532104      -0.07142417234389
    1     -1     64816.0000000000       0.31622972604199       0.50487359532104      -0.07142417234389
    1     -1     64816.0000000000       0.00000000000000       0.00000000000000       0.00000000000000
    1     -1     64816.0000000000       0.00000000000000       0.00000000000000       0.00000000000000
    1     -1     64816.0000000000       0.31421960088116       0.50471341900495      -0.08081092982027
    1     -1     64817.0000000000       0.31421960088116       0.50471341900495      -0.08081092982027
    1     -1     64818.0000000000       0.31421960088116       0.50471341900495      -0.08081092982027
    1     -1     64818.0000000000       0.00000000000000       0.00000000000000       0.00000000000000
    1     -1     64818.0000000000       0.00000000000000       0.00000000000000       0.00000000000000
    1     -1     64818.0000000000       0.31196968847541       0.50443280157187      -0.09067778918186
    1     -1     64819.0000000000       0.31196968847541       0.50443280157187      -0.09067778918186
    1     -1     64820.0000000000       0.31196968847541       0.50443280157187      -0.09067778918186
    1     -1     64820.0000000000       0.00000000000000       0.00000000000000       0.00000000000000
    1     -1     64820.0000000000       0.00000000000000       0.00000000000000       0.00000000000000
    1     -1     64820.0000000000       0.30945604104135       0.50400910665844      -0.10105334407322
    1     -1     64821.0000000000       0.30945604104135       0.50400910665844      -0.10105334407322
    1     -1     64822.0000000000       0.30945604104135       0.50400910665844      -0.10105334407322
    1     -1     64822.0000000000       0.00000000000000       0.00000000000000       0.00000000000000
    1     -1     64822.0000000000       0.00000000000000       0.00000000000000       0.00000000000000
    1     -1     64822.0000000000       0.30665197549321       0.50341623430597      -0.11196722843455
    1     -1     64823.0000000000       0.30665197549321       0.50341623430597      -0.11196722843455
    1     -1     64824.0000000000       0.30665197549321       0.50341623430597      -0.11196722843455
    1     -1     64824.0000000000       0.00000000000000       0.00000000000000       0.00000000000000
    1     -1     64824.0000000000       0.00000000000000       0.00000000000000       0.00000000000000
    1     -1     64824.0000000000       0.30352779587578       0.50262412322324      -0.12344985688471
    1     -1     64825.0000000000       0.30352779587578       0.50262412322324      -0.12344985688471
    1     -1     64826.0000000000       0.30352779587578       0.50262412322324      -0.12344985688471
    1     -1     64826.0000000000       0.00000000000000       0.00000000000000       0.00000000000000
    1     -1     64826.0000000000       0.00000000000000       0.00000000000000       0.00000000000000
    1     -1     64826.0000000000       0.30005050768598       0.50159819975790      -0.13553205568063
    1     -1     64827.0000000000       0.30005050768598       0.50159819975790      -0.13553205568063
    1     -1     64828.0000000000       0.30005050768598       0.50159819975790      -0.13553205568063
    1     -1     64828.0000000000       0.00000000000000       0.00000000000000       0.00000000000000
    1     -1     64828.0000000000       0.00000000000000       0.00000000000000       0.00000000000000
    1     -1     64828.0000000000       0.29618353330853       0.50029877666060      -0.14824455453332
    1     -1     64829.0000000000       0.29618353330853       0.50029877666060      -0.14824455453332
    1     -1     64830.0000000000       0.29618353330853       0.50029877666060      -0.14824455453332
    1     -1     64830.0000000000       0.00000000000000       0.00000000000000       0.00000000000000
    1     -1     64830.0000000000       0.00000000000000       0.00000000000000       0.00000000000000
    1     -1     64830.0000000000       0.29188643346721       0.49868040197902      -0.16161734411824
    1     -1     64831.0000000000       0.29188643346721       0.49868040197902      -0.16161734411824
    1     -1     64832.0000000000       0.29188643346721       0.49868040197902      -0.16161734411824
    1     -1     64832.0000000000       0.00000000000000       0.00000000000000       0.00000000000000
    1     -1     64832.0000000000       0.00000000000000       0.00000000000000       0.00000000000000
    1     -1     64832.0000000000       0.28711479108797       0.49669119847337      -0.17567853988920
    1     -1     64833.0000000000       0.28711479108797       0.49669119847337      -0.17567853988920
    1     -1     64834.0000000000       0.28711479108797       0.49669119847337      -0.17567853988920
    1     -1     64834.0000000000       0.00000000000000       0.00000000000000       0.00000000000000
    1     -1     64834.0000000000       0.00000000000000       0.00000000000000       0.00000000000000
    1     -1     64834.0000000000       0.15022451516053       0.26347254680336      -0.10152134819120
    1     -1     64835.0000000000       0.15022451516053       0.26347254680336      -0.10152134819120
    1     -1     64836.0000000000       0.15022451516053       0.26347254680336      -0.10152134819120
    1     -1     64836.0000000000       0.00000000000000       0.00000000000000       0.00000000000000
    1     -1     64908.0000000000       0.00000000000000       0.00000000000000       0.00000000000000
    1     -1     64908.0000000000      -0.11171772617951      -0.05889085520798      -0.24021378710606
    1     -1     64909.0000000000      -0.11171772617951      -0.05889085520798      -0.24021378710606
    1     -1     64910.0000000000      -0.11171772617951      -0.05889085520798      -0.24021378710606
    1     -1     64910.0000000000       0.00000000000000       0.00000000000000       0.00000000000000
    1     -1     64910.0000000000       0.00000000000000       0.00000000000000       0.00000000000000
    1     -1     64910.0000000000      -0.25403999577035      -0.14268196566730      -0.52450503953949
    1     -1     64911.0000000000      -0.25403999577035      -0.14268196566730      -0.52450503953949
    1     -1     64912.0000000000      -0.25403999577035      -0.14268196566730      -0.52450503953949
    1     -1     64912.0000000000       0.00000000000000       0.00000000000000       0.00000000000000
    1     -1     64912.0000000000       0.00000000000000       0.00000000000000       0.00000000000000
    1     -1     64912.0000000000      -0.26054394915385      -0.15437075821872      -0.51796382001670
    1     -1     64913.0000000000      -0.26054394915385      -0.15437075821872      -0.51796382001670
    1     -1     64914.0000000000      -0.26054394915385      -0.15437075821872      -0.51796382001670
    1     -1     64914.0000000000       0.00000000000000       0.00000000000000       0.00000000000000
    1     -1     64914.0000000000       0.00000000000000       0.00000000000000       0.00000000000000
    1     -1     64914.0000000000      -0.26655066600194      -0.16531913924465      -0.51148834193296
    1     -1     64915.0000000000      -0.26655066600194      -0.16531913924465      -0.51148834193296
    1     -1     64916.0000000000      -0.26655066600194      -0.16531913924465      -0.51148834193296
    1     -1     64916.0000000000       0.00000000000000       0.00000000000000       0.00000000000000
    1     -1     64916.0000000000       0.00000000000000       0.00000000000000       0.00000000000000
    1     -1     64916.0000000000      -0.27210362456553      -0.17557820508075      -0.50510584106593
    1     -1     64917.0000000000      -0.27210362456553      -0.17557820508075      -0.50510584106593
    1     -1     64918.0000000000      -0.27210362456553      -0.17557820508075      -0.50510584106593
    1     -1     64918.0000000000       0.00000000000000       0.00000000000000       0.00000000000000
    1     -1     64918.0000000000       0.00000000000000       0.00000000000000       0.00000000000000
    1     -1     64918.0000000000      -0.27724284125310      -0.18519657248593      -0.49883728388461
    1     -1     64919.0000000000      -0.27724284125310      -0.18519657248593      -0.49883728388461
    1     -1     64920.0000000000      -0.27724284125310      -0.18519657248593      -0.49883728388461
    1     -1     64920.0000000000       0.00000000000000       0.00000000000000       0.00000000000000
    1     -1     64920.0000000000       0.00000000000000       0.00000000000000       0.00000000000000
    1     -1     64920.0000000000      -0.28200499453893      -0.19422010927743      -0.49269841839340
    1     -1     64921.0000000000      -0.28200499453893      -0.19422010927743      -0.49269841839340
    1     -1     64922.0000000000      -0.28200499453893      -0.19422010927743      -0.49269841839340
    1     -1     64922.0000000000       0.00000000000000       0.00000000000000       0.00000000000000
    1     -1     64922.0000000000       0.00000000000000       0.00000000000000       0.00000000000000
    1     -1     64922.0000000000      -0.28642358359008      -0.20269180154954      -0.48670069203569
    1     -1     64923.0000000000      -0.28642358359008      -0.20269180154954      -0.48670069203569
    1     -1     64924.0000000000      -0.28642358359008      -0.20269180154954      -0.48670069203569
    1     -1     64924.0000000000       0.00000000000000       0.00000000000000       0.00000000000000
    1     -1     64924.0000000000       0.00000000000000       0.00000000000000       0.00000000000000
    1     -1     64924.0000000000      -0.29052912250433      -0.21065172517247      -0.48085203435020
    1     -1     64925.0000000000      -0.29052912250433      -0.21065172517247      -0.48085203435020
    1     -1     64926.0000000000      -0.29052912250433      -0.21065172517247      -0.48085203435020
    1     -1     64926.0000000000       0.00000000000000       0.00000000000000       0.00000000000000
    1     -1     64926.0000000000       0.00000000000000       0.00000000000000       0.00000000000000
    1     -1     64926.0000000000      -0.29434935320128      -0.21813709117152      -0.47515751809818
    1     -1     64927.0000000000      -0.29434935320128      -0.21813709117152      -0.47515751809818
    1     -1     64928.0000000000      -0.29434935320128      -0.21813709117152      -0.47515751809818
    1     -1     64928.0000000000       0.00000000000000       0.00000000000000       0.00000000000000
    1     -1     64928.0000000000       0.00000000000000       0.00000000000000       0.00000000000000
    1     -1     64928.0000000000      -0.29790946445541      -0.22518234175192      -0.46961991358013
    1     -1     64929.0000000000      -0.29790946445541      -0.22518234175192      -0.46961991358013
    1     -1     64930.0000000000      -0.29790946445541      -0.22518234175192      -0.46961991358013
    1     -1     64930.0000000000       0.00000000000000       0.00000000000000       0.00000000000000
    1     -1     64930.0000000000       0.00000000000000       0.00000000000000       0.00000000000000
    1     -1     64930.0000000000      -0.30123230857443      -0.23181927926421      -0.46424015047424
    1     -1     64931.0000000000      -0.30123230857443      -0.23181927926421      -0.46424015047424
    1     -1     64932.0000000000      -0.30123230857443      -0.23181927926421      -0.46424015047424
    1     -1     64932.0000000000       0.00000000000000       0.00000000000000       0.00000000000000
    1     -1     64932.0000000000       0.00000000000000       0.00000000000000       0.00000000000000
    1     -1     64932.0000000000      -0.30433861014014      -0.23807721497046      -0.45901770049736
    1     -1     64933.0000000000      -0.30433861014014      -0.23807721497046      -0.45901770049736
    1     -1     64934.0000000000      -0.30433861014014      -0.23807721497046      -0.45901770049736
    1     -1     64934.0000000000       0.00000000000000       0.00000000000000       0.00000000000000
    1     -1     64934.0000000000       0.00000000000000       0.00000000000000       0.00000000000000
    1     -1     64934.0000000000      -0.30724716336219      -0.24398312790445      -0.45395089292108
    1     -1     64935.0000000000      -0.30724716336219      -0.24398312790445      -0.45395089292108
    1     -1     64936.0000000000      -0.30724716336219      -0.24398312790445      -0.45395089292108
    1     -1     64936.0000000000       0.00000000000000       0.00000000000000       0.00000000000000
    1     -1     64936.0000000000       0.00000000000000       0.00000000000000       0.00000000000000
    1     -1     64936.0000000000      -0.30997501609849      -0.24956182690366      -0.44903717354719
    1     -1     64937.0000000000      -0.30997501609849      -0.24956182690366      -0.44903717354719
    1     -1     64938.0000000000      -0.30997501609849      -0.24956182690366      -0.44903717354719
    1     -1     64938.0000000000       0.00000000000000       0.00000000000000       0.00000000000000
    1     -1     64938.0000000000       0.00000000000000       0.00000000000000       0.00000000000000
    1     -1     64938.0000000000      -0.31253763967922      -0.25483611093577      -0.44427331635703
    1     -1     64939.0000000000      -0.31253763967922      -0.25483611093577      -0.44427331635703
    1     -1     64940.0000000000      -0.31253763967922      -0.25483611093577      -0.44427331635703
    1     -1     64940.0000000000       0.00000000000000       0.00000000000000       0.00000000000000
    1     -1     64940.0000000000       0.00000000000000       0.00000000000000       0.00000000000000
    1     -1     64940.0000000000      -0.31494908438653      -0.25982692441378      -0.43965559574940
    1     -1     64941.0000000000      -0.31494908438653      -0.25982692441378      -0.43965559574940
    1     -1     64942.0000000000      -0.31494908438653      -0.25982692441378      -0.43965559574940
    1     -1     64942.0000000000       0.00000000000000       0.00000000000000       0.00000000000000
    1     -1     64942.0000000000       0.00000000000000       0.00000000000000       0.00000000000000
    1     -1     64942.0000000000      -0.31722212094872      -0.26455350535167      -0.43517992608454
    1     -1     64943.0000000000      -0.31722212094872      -0.26455350535167      -0.43517992608454
    1     -1     64944.0000000000      -0.31722212094872      -0.26455350535167      -0.43517992608454
    1     -1     64944.0000000000       0.00000000000000       0.00000000000000       0.00000000000000
    1     -1     64944.0000000000       0.00000000000000       0.00000000000000       0.00000000000000
    1     -1     64944.0000000000      -0.31936836870149      -0.26903352506082      -0.43084197421595
    1     -1     64945.0000000000      -0.31936836870149      -0.26903352506082      -0.43084197421595
    1     -1     64946.0000000000      -0.31936836870149      -0.26903352506082      -0.43084197421595
    1     -1     64946.0000000000       0.00000000000000       0.00000000000000       0.00000000000000
    1     -1     64946.0000000000       0.00000000000000       0.00000000000000       0.00000000000000
    1     -1     64946.0000000000      -0.32139841126179      -0.27328321872825      -0.42663724975665
    1     -1     64947.0000000000      -0.32139841126179      -0.27328321872825      -0.42663724975665
    1     -1     64948.0000000000      -0.32139841126179      -0.27328321872825      -0.42663724975665
    1     -1     64948.0000000000       0.00000000000000       0.00000000000000       0.00000000000000
    1     -1     64948.0000000000       0.00000000000000       0.00000000000000       0.00000000000000
    1     -1     64948.0000000000      -0.32332190064727      -0.27731750663200      -0.42256117705871
    1     -1     64949.0000000000      -0.32332190064727      -0.27731750663200      -0.42256117705871
    1     -1     64950.0000000000      -0.32332190064727      -0.27731750663200      -0.42256117705871
    1     -1     64950.0000000000       0.00000000000000       0.00000000000000       0.00000000000000
    1     -1     64950.0000000000       0.00000000000000       0.00000000000000       0.00000000000000
    1     -1     64950.0000000000      -0.32514765080831      -0.28115010606729      -0.41860915220787
    1     -1     64951.0000000000      -0.32514765080831      -0.28115010606729      -0.41860915220787
    1     -1     64952.0000000000      -0.32514765080831      -0.28115010606729      -0.41860915220787
    1     -1     64952.0000000000       0.00000000000000       0.00000000000000       0.00000000000000
    1     -1     64952.0000000000       0.00000000000000       0.00000000000000       0.00000000000000
    1     -1     64952.0000000000      -0.32688372153184      -0.28479363427407      -0.41477658776076
    1     -1     64953.0000000000      -0.32688372153184      -0.28479363427407      -0.41477658776076
    1     -1     64954.0000000000      -0.32688372153184      -0.28479363427407      -0.41477658776076
    1     -1     64954.0000000000       0.00000000000000       0.00000000000000       0.00000000000000
    1     -1     64954.0000000000       0.00000000000000       0.00000000000000       0.00000000000000
    1     -1     64954.0000000000      -0.32853749362375      -0.28825970276323      -0.41105894750787
    1     -1     64955.0000000000      -0.32853749362375      -0.28825970276323      -0.41105894750787
    1     -1     64956.0000000000      -0.32853749362375      -0.28825970276323      -0.41105894750787
    1     -1     64956.0000000000       0.00000000000000       0.00000000000000       0.00000000000000
    1     -1     64956.0000000000       0.00000000000000       0.00000000000000       0.00000000000000
    1     -1     64956.0000000000      -0.33011573624329      -0.29155900353379      -0.40745177312529
    1     -1     64957.0000000000      -0.33011573624329      -0.29155900353379      -0.40745177312529
    1     -1     64958.0000000000      -0.33011573624329      -0.29155900353379      -0.40745177312529
    1     -1     64958.0000000000       0.00000000000000       0.00000000000000       0.00000000000000
    1  53410     64958.0000000000      312491375.669758081     -226027027.150294811       -5249331.388104743        8.7138985056474       15.3354068727422       -1.0727257135642        2397.1449294941
    1  53410     64958.0000000000      312491375.669758081     -226027027.150294811       -5249331.388104743        8.7138985056474       15.3354068727422       -1.0727257135642        2357.1449294941
    1     -1     64958.0000000000       0.00000000000000       0.00000000000000       0.00000000000000
    1     -1     64958.0000000000       0.55718468900967      -0.00715128026516      -0.22247265181088
    1     -1     64959.0000000000       0.55718468900967      -0.00715128026516      -0.22247265181088
    1     -1     64960.0000000000       0.55718468900967      -0.00715128026516      -0.22247265181088
    1     -1     64960.0000000000       0.00000000000000       0.00000000000000       0.00000000000000
    1     -1     64960.0000000000       0.00000000000000       0.00000000000000       0.00000000000000
    1     -1     64960.0000000000       0.55755959262177      -0.00817233278313      -0.22149607881931
    1     -1     64961.0000000000       0.55755959262177      -0.00817233278313      -0.22149607881931
    1     -1     64962.0000000000       0.55755959262177      -0.00817233278313      -0.22149607881931
    1     -1     64962.0000000000       0.00000000000000       0.00000000000000       0.00000000000000
    1     -1     64962.0000000000       0.00000000000000       0.00000000000000       0.00000000000000
    1     -1     64962.0000000000       0.55795234400064      -0.00928068917419      -0.22046099408432
    1     -1     64963.0000000000       0.55795234400064      -0.00928068917419      -0.22046099408432
    1     -1     64964.0000000000       0.55795234400064      -0.00928068917419      -0.22046099408432
    1     -1     64964.0000000000       0.00000000000000       0.00000000000000       0.00000000000000
    1     -1     64964.0000000000       0.00000000000000       0.00000000000000       0.00000000000000
    1     -1     64964.0000000000       0.55836307296404      -0.01047925342725      -0.21936468101717
    1     -1     64965.0000000000       0.55836307296404      -0.01047925342725      -0.21936468101717
    1     -1     64966.0000000000       0.55836307296404      -0.01047925342725      -0.21936468101717
    1     -1     64966.0000000000       0.00000000000000       0.00000000000000       0.00000000000000
    1     -1     64966.0000000000       0.00000000000000       0.00000000000000       0.00000000000000
    1     -1     64966.0000000000       0.55879185519144      -0.01177105857296      -0.21820427134173
    1     -1     64967.0000000000       0.55879185519144      -0.01177105857296      -0.21820427134173
    1     -1     64968.0000000000       0.55879185519144      -0.01177105857296      -0.21820427134173
    1     -1     64968.0000000000       0.00000000000000       0.00000000000000       0.00000000000000
    1     -1     64968.0000000000       0.00000000000000       0.00000000000000       0.00000000000000
    1     -1     64968.0000000000       0.55923870469346      -0.01315927305870      -0.21697673604641
    1     -1     64969.0000000000       0.55923870469346      -0.01315927305870      -0.21697673604641
    1     -1     64970.0000000000       0.55923870469346      -0.01315927305870      -0.21697673604641
    1     -1     64970.0000000000       0.00000000000000       0.00000000000000       0.00000000000000
    1     -1     64970.0000000000       0.00000000000000       0.00000000000000       0.00000000000000
    1     -1     64970.0000000000       0.55970356555227      -0.01464720742703      -0.21567887542054
    1     -1     64971.0000000000       0.55970356555227      -0.01464720742703      -0.21567887542054
    1     -1     64972.0000000000       0.55970356555227      -0.01464720742703      -0.21567887542054
    1     -1     64972.0000000000       0.00000000000000       0.00000000000000       0.00000000000000
    1     -1     64972.0000000000       0.00000000000000       0.00000000000000       0.00000000000000
    1     -1     64972.0000000000       0.56018630274939      -0.01623832126250      -0.21430730835541
    1     -1     64973.0000000000       0.56018630274939      -0.01623832126250      -0.21430730835541
    1     -1     64974.0000000000       0.56018630274939      -0.01623832126250      -0.21430730835541
    1     -1     64974.0000000000       0.00000000000000       0.00000000000000       0.00000000000000
    1     -1     64974.0000000000       0.00000000000000       0.00000000000000       0.00000000000000
    1     -1     64974.0000000000       0.56068669195341      -0.01793623034563      -0.21285846092494
    1     -1     64975.0000000000       0.56068669195341      -0.01793623034563      -0.21285846092494
    1     -1     64976.0000000000       0.56068669195341      -0.01793623034563      -0.21285846092494
    1     -1     64976.0000000000       0.00000000000000       0.00000000000000       0.00000000000000
    1     -1     64976.0000000000       0.00000000000000       0.00000000000000       0.00000000000000
    1     -1     64976.0000000000       0.56120440813842      -0.01974471403632      -0.21132855423163
    1     -1     64977.0000000000       0.56120440813842      -0.01974471403632      -0.21132855423163
    1     -1     64978.0000000000       0.56120440813842      -0.01974471403632      -0.21132855423163
    1     -1     64978.0000000000       0.00000000000000       0.00000000000000       0.00000000000000
    1     -1     64978.0000000000       0.00000000000000       0.00000000000000       0.00000000000000
    1     -1     64978.0000000000       0.56173901290077      -0.02166772285382      -0.20971359148037
    1     -1     64979.0000000000       0.56173901290077      -0.02166772285382      -0.20971359148037
    1     -1     64980.0000000000       0.56173901290077      -0.02166772285382      -0.20971359148037
    1     -1     64980.0000000000       0.00000000000000       0.00000000000000       0.00000000000000
    1     -1     64980.0000000000       0.00000000000000       0.00000000000000       0.00000000000000
    1     -1     64980.0000000000       0.56228994031946      -0.02370938620273      -0.20800934426469
    1     -1     64981.0000000000       0.56228994031946      -0.02370938620273      -0.20800934426469
    1     -1     64982.0000000000       0.56228994031946      -0.02370938620273      -0.20800934426469
    1     -1     64982.0000000000       0.00000000000000       0.00000000000000       0.00000000000000
    1     -1     64982.0000000000       0.00000000000000       0.00000000000000       0.00000000000000
    1     -1     64982.0000000000       0.56285648121202      -0.02587402026542      -0.20621133798345
    1     -1     64983.0000000000       0.56285648121202      -0.02587402026542      -0.20621133798345
    1     -1     64984.0000000000       0.56285648121202      -0.02587402026542      -0.20621133798345
    1     -1     64984.0000000000       0.00000000000000       0.00000000000000       0.00000000000000
    1     -1     64984.0000000000       0.00000000000000       0.00000000000000       0.00000000000000
    1     -1     64984.0000000000       0.56343776557418      -0.02816613590506      -0.20431483644845
    1     -1     64985.0000000000       0.56343776557418      -0.02816613590506      -0.20431483644845
    1     -1     64986.0000000000       0.56343776557418      -0.02816613590506      -0.20431483644845
    1     -1     64986.0000000000       0.00000000000000       0.00000000000000       0.00000000000000
    1     -1     64986.0000000000       0.00000000000000       0.00000000000000       0.00000000000000
    1     -1     64986.0000000000       0.56403274303063      -0.03059044661575      -0.20231482556945
    1     -1     64987.0000000000       0.56403274303063      -0.03059044661575      -0.20231482556945
    1     -1     64988.0000000000       0.56403274303063      -0.03059044661575      -0.20231482556945
    1     -1     64988.0000000000       0.00000000000000       0.00000000000000       0.00000000000000
    1     -1     64988.0000000000       0.00000000000000       0.00000000000000       0.00000000000000
    1     -1     64988.0000000000       0.56464016103990      -0.03315187628247      -0.20020599621337
    1     -1     64989.0000000000       0.56464016103990      -0.03315187628247      -0.20020599621337
    1     -1     64990.0000000000       0.56464016103990      -0.03315187628247      -0.20020599621337
    1     -1     64990.0000000000       0.00000000000000       0.00000000000000       0.00000000000000
    1     -1     64990.0000000000       0.00000000000000       0.00000000000000       0.00000000000000
    1     -1     64990.0000000000       0.56525854064043      -0.03585556679757      -0.19798272612195
    1     -1     64991.0000000000       0.56525854064043      -0.03585556679757      -0.19798272612195
    1     -1     64992.0000000000       0.56525854064043      -0.03585556679757      -0.19798272612195
    1     -1     64992.0000000000       0.00000000000000       0.00000000000000       0.00000000000000
    1     -1     64992.0000000000       0.00000000000000       0.00000000000000       0.00000000000000
    1     -1     64992.0000000000       0.56588614942619      -0.03870688517398      -0.19563906104795
    1     -1     64993.0000000000       0.56588614942619      -0.03870688517398      -0.19563906104795
    1     -1     64994.0000000000       0.56588614942619      -0.03870688517398      -0.19563906104795
    1     -1     64994.0000000000       0.00000000000000       0.00000000000000       0.00000000000000
    1     -1     64994.0000000000       0.00000000000000       0.00000000000000       0.00000000000000
    1     -1     64994.0000000000       0.56652097147659      -0.04171143006545      -0.19316869508052
    1     -1     64995.0000000000       0.56652097147659      -0.04171143006545      -0.19316869508052
    1     -1     64996.0000000000       0.56652097147659      -0.04171143006545      -0.19316869508052
    1     -1     64996.0000000000       0.00000000000000       0.00000000000000       0.00000000000000
    1     -1     64996.0000000000       0.00000000000000       0.00000000000000       0.00000000000000
    1     -1     64996.0000000000       0.56716067392484      -0.04487503754145      -0.19056495018439
    1     -1     64997.0000000000       0.56716067392484      -0.04487503754145      -0.19056495018439
    1     -1     64998.0000000000       0.56716067392484      -0.04487503754145      -0.19056495018439
    1     -1     64998.0000000000       0.00000000000000       0.00000000000000       0.00000000000000
    1     -1     64998.0000000000       0.00000000000000       0.00000000000000       0.00000000000000
    1     -1     64998.0000000000       0.56780256979598      -0.04820378573429      -0.18782075512033
    1     -1     64999.0000000000       0.56780256979598      -0.04820378573429      -0.18782075512033
    1     -1     65000.0000000000       0.56780256979598      -0.04820378573429      -0.18782075512033
    1     -1     65000.0000000000       0.00000000000000       0.00000000000000       0.00000000000000
    1     -1     65000.0000000000       0.00000000000000       0.00000000000000       0.00000000000000
    1     -1     65000.0000000000       0.56844357674490      -0.05170399808117      -0.18492862385226
    1     -1     65001.0000000000       0.56844357674490      -0.05170399808117      -0.18492862385226
    1     -1     65002.0000000000       0.56844357674490      -0.05170399808117      -0.18492862385226
    1     -1     65002.0000000000       0.00000000000000       0.00000000000000       0.00000000000000
    1     -1     65002.0000000000       0.00000000000000       0.00000000000000       0.00000000000000
    1     -1     65002.0000000000       0.56908017129133      -0.05538224480883      -0.18188063361163
    1     -1     65003.0000000000       0.56908017129133      -0.05538224480883      -0.18188063361163
    1     -1     65004.0000000000       0.56908017129133      -0.05538224480883      -0.18188063361163
    1     -1     65004.0000000000       0.00000000000000       0.00000000000000       0.00000000000000
    1     -1     65004.0000000000       0.00000000000000       0.00000000000000       0.00000000000000
    1     -1     65004.0000000000       0.56970833813572      -0.05924534241699      -0.17866840274801
    1     -1     65005.0000000000       0.56970833813572      -0.05924534241699      -0.17866840274801
    1     -1     65006.0000000000       0.56970833813572      -0.05924534241699      -0.17866840274801
    1     -1     65006.0000000000       0.00000000000000       0.00000000000000       0.00000000000000
    1     -1     65006.0000000000       0.00000000000000       0.00000000000000       0.00000000000000
    1     -1     65006.0000000000       0.57032351407148      -0.06330035037577      -0.17528306883286
    1     -1     65007.0000000000       0.57032351407148      -0.06330035037577      -0.17528306883286
    1     -1     65008.0000000000       0.57032351407148      -0.06330035037577      -0.17528306883286
    1     -1     65008.0000000000       0.00000000000000       0.00000000000000       0.00000000000000
    1     -1     65008.0000000000       0.00000000000000       0.00000000000000       0.00000000000000
    1     -1     65008.0000000000       0.57092052603432      -0.06755456386881      -0.17171526761818
    1     -1     65009.0000000000       0.57092052603432      -0.06755456386881      -0.17171526761818
    1     -1     65010.0000000000       0.57092052603432      -0.06755456386881      -0.17171526761818
    1     -1     65010.0000000000       0.00000000000000       0.00000000000000       0.00000000000000
    1     -1     65010.0000000000       0.00000000000000       0.00000000000000       0.00000000000000
    1     -1     65010.0000000000       0.57149352311290      -0.07201550083541      -0.16795511293029
    1     -1     65011.0000000000       0.57149352311290      -0.07201550083541      -0.16795511293029
    1     -1     65012.0000000000       0.57149352311290      -0.07201550083541      -0.16795511293029
    1     -1     65012.0000000000       0.00000000000000       0.00000000000000       0.00000000000000
    1     -1     65012.0000000000       0.00000000000000       0.00000000000000       0.00000000000000
    1     -1     65012.0000000000       0.57203590346848      -0.07669089254584      -0.16399216878718
    1     -1     65013.0000000000       0.57203590346848      -0.07669089254584      -0.16399216878718
    1     -1     65014.0000000000       0.57203590346848      -0.07669089254584      -0.16399216878718
    1     -1     65014.0000000000       0.00000000000000       0.00000000000000       0.00000000000000
    1     -1     65014.0000000000       0.00000000000000       0.00000000000000       0.00000000000000
    1     -1     65014.0000000000       0.57254024218710      -0.08158846847404      -0.15981549414370
    1     -1     65015.0000000000       0.57254024218710      -0.08158846847404      -0.15981549414370
    1     -1     65016.0000000000       0.57254024218710      -0.08158846847404      -0.15981549414370
    1     -1     65016.0000000000       0.00000000000000       0.00000000000000       0.00000000000000
    1     -1     65016.0000000000       0.00000000000000       0.00000000000000       0.00000000000000
    1     -1     65016.0000000000       0.35407899194357      -0.05358564457275      -0.09603648899619
    1     -1     65017.0000000000       0.35407899194357      -0.05358564457275      -0.09603648899619
    1     -1     65018.0000000000       0.35407899194357      -0.05358564457275      -0.09603648899619
    1     -1     65018.0000000000       0.00000000000000       0.00000000000000       0.00000000000000
    1     -1     65172.0000000000       0.00000000000000       0.00000000000000       0.00000000000000
    1     -1     65172.0000000000      -0.10367919564905      -0.18945020235454       0.22360654550697
    1     -1     65173.0000000000      -0.10367919564905      -0.18945020235454       0.22360654550697
    1     -1     65174.0000000000      -0.10367919564905      -0.18945020235454       0.22360654550697
    1     -1     65174.0000000000       0.00000000000000       0.00000000000000       0.00000000000000
    1     -1     65174.0000000000       0.00000000000000       0.00000000000000       0.00000000000000
    1     -1     65174.0000000000      -0.20671781290624      -0.36256581242644       0.43106122159945
    1     -1     65175.0000000000      -0.20671781290624      -0.36256581242644       0.43106122159945
    1     -1     65176.0000000000      -0.20671781290624      -0.36256581242644       0.43106122159945
    1     -1     65176.0000000000       0.00000000000000       0.00000000000000       0.00000000000000
    1     -1     65176.0000000000       0.00000000000000       0.00000000000000       0.00000000000000
    1     -1     65176.0000000000      -0.21314449374808      -0.35952773358297       0.43047558914481
    1     -1     65177.0000000000      -0.21314449374808      -0.35952773358297       0.43047558914481
    1     -1     65178.0000000000      -0.21314449374808      -0.35952773358297       0.43047558914481
    1     -1     65178.0000000000       0.00000000000000       0.00000000000000       0.00000000000000
    1     -1     65178.0000000000       0.00000000000000       0.00000000000000       0.00000000000000
    1     -1     65178.0000000000      -0.21939669497863      -0.35653689335156       0.42982151317922
    1     -1     65179.0000000000      -0.21939669497863      -0.35653689335156       0.42982151317922
    1     -1     65180.0000000000      -0.21939669497863      -0.35653689335156       0.42982151317922
    1     -1     65180.0000000000       0.00000000000000       0.00000000000000       0.00000000000000
    1     -1     65180.0000000000       0.00000000000000       0.00000000000000       0.00000000000000
    1     -1     65180.0000000000      -0.22548230288605      -0.35359407076027       0.42910250930096
    1     -1     65181.0000000000      -0.22548230288605      -0.35359407076027       0.42910250930096
    1     -1     65182.0000000000      -0.22548230288605      -0.35359407076027       0.42910250930096
    1     -1     65182.0000000000       0.00000000000000       0.00000000000000       0.00000000000000
    1     -1     65182.0000000000       0.00000000000000       0.00000000000000       0.00000000000000
    1     -1     65182.0000000000      -0.23140911219738      -0.35069972879159       0.42832175090407
    1     -1     65183.0000000000      -0.23140911219738      -0.35069972879159       0.42832175090407
    1     -1     65184.0000000000      -0.23140911219738      -0.35069972879159       0.42832175090407
    1     -1     65184.0000000000       0.00000000000000       0.00000000000000       0.00000000000000
    1     -1     65184.0000000000       0.00000000000000       0.00000000000000       0.00000000000000
    1     -1     65184.0000000000      -0.23718435960900      -0.34785427271677       0.42748214441021
    1     -1     65185.0000000000      -0.23718435960900      -0.34785427271677       0.42748214441021
    1     -1     65186.0000000000      -0.23718435960900      -0.34785427271677       0.42748214441021
    1     -1     65186.0000000000       0.00000000000000       0.00000000000000       0.00000000000000
    1     -1     65186.0000000000       0.00000000000000       0.00000000000000       0.00000000000000
    1     -1     65186.0000000000      -0.24281487509507      -0.34505800605611       0.42658634315828
    1     -1     65187.0000000000      -0.24281487509507      -0.34505800605611       0.42658634315828
    1     -1     65188.0000000000      -0.24281487509507      -0.34505800605611       0.42658634315828
    1     -1     65188.0000000000       0.00000000000000       0.00000000000000       0.00000000000000
    1     -1     65188.0000000000       0.00000000000000       0.00000000000000       0.00000000000000
    1     -1     65188.0000000000      -0.24830708674644      -0.34231115388203       0.42563677458538
    1     -1     65189.0000000000      -0.24830708674644      -0.34231115388203       0.42563677458538
    1     -1     65190.0000000000      -0.24830708674644      -0.34231115388203       0.42563677458538
    1     -1     65190.0000000000       0.00000000000000       0.00000000000000       0.00000000000000
    1     -1     65190.0000000000       0.00000000000000       0.00000000000000       0.00000000000000
    1     -1     65190.0000000000      -0.25366703835247      -0.33961387822782       0.42463566342048
    1     -1     65191.0000000000      -0.25366703835247      -0.33961387822782       0.42463566342048
    1     -1     65192.0000000000      -0.25366703835247      -0.33961387822782       0.42463566342048
    1     -1     65192.0000000000       0.00000000000000       0.00000000000000       0.00000000000000
    1     -1     65192.0000000000       0.00000000000000       0.00000000000000       0.00000000000000
    1     -1     65192.0000000000      -0.25890040963248      -0.33696629036207       0.42358505206364
    1     -1     65193.0000000000      -0.25890040963248      -0.33696629036207       0.42358505206364
    1     -1     65194.0000000000      -0.25890040963248      -0.33696629036207       0.42358505206364
    1     -1     65194.0000000000       0.00000000000000       0.00000000000000       0.00000000000000
    1     -1     65194.0000000000       0.00000000000000       0.00000000000000       0.00000000000000
    1     -1     65194.0000000000      -0.26401253575447      -0.33436846144198       0.42248681901027
    1     -1     65195.0000000000      -0.26401253575447      -0.33436846144198       0.42248681901027
    1     -1     65196.0000000000      -0.26401253575447      -0.33436846144198       0.42248681901027
    1     -1     65196.0000000000       0.00000000000000       0.00000000000000       0.00000000000000
    1     -1     65196.0000000000       0.00000000000000       0.00000000000000       0.00000000000000
    1     -1     65196.0000000000      -0.26900842583890      -0.33182043178445       0.42134269562679
    1     -1     65197.0000000000      -0.26900842583890      -0.33182043178445       0.42134269562679
    1     -1     65198.0000000000      -0.26900842583890      -0.33182043178445       0.42134269562679
    1     -1     65198.0000000000       0.00000000000000       0.00000000000000       0.00000000000000
    1     -1     65198.0000000000       0.00000000000000       0.00000000000000       0.00000000000000
    1     -1     65198.0000000000      -0.27389278103444      -0.32932221859706       0.42015428132476
    1     -1     65199.0000000000      -0.27389278103444      -0.32932221859706       0.42015428132476
    1     -1     65200.0000000000      -0.27389278103444      -0.32932221859706       0.42015428132476
    1     -1     65200.0000000000       0.00000000000000       0.00000000000000       0.00000000000000
    1     -1     65200.0000000000       0.00000000000000       0.00000000000000       0.00000000000000
    1     -1     65200.0000000000      -0.27867001144655      -0.32687382273981       0.41892305738386
    1     -1     65201.0000000000      -0.27867001144655      -0.32687382273981       0.41892305738386
    1     -1     65202.0000000000      -0.27867001144655      -0.32687382273981       0.41892305738386
    1     -1     65202.0000000000       0.00000000000000       0.00000000000000       0.00000000000000
    1     -1     65202.0000000000       0.00000000000000       0.00000000000000       0.00000000000000
    1     -1     65202.0000000000      -0.28334425248569      -0.32447523434986       0.41765039944543
    1     -1     65203.0000000000      -0.28334425248569      -0.32447523434986       0.41765039944543
    1     -1     65204.0000000000      -0.28334425248569      -0.32447523434986       0.41765039944543
    1     -1     65204.0000000000       0.00000000000000       0.00000000000000       0.00000000000000
    1     -1     65204.0000000000       0.00000000000000       0.00000000000000       0.00000000000000
    1     -1     65204.0000000000      -0.28791938035492      -0.32212643762086       0.41633758884076
    1     -1     65205.0000000000      -0.28791938035492      -0.32212643762086       0.41633758884076
    1     -1     65206.0000000000      -0.28791938035492      -0.32212643762086       0.41633758884076
    1     -1     65206.0000000000       0.00000000000000       0.00000000000000       0.00000000000000
    1     -1     65206.0000000000       0.00000000000000       0.00000000000000       0.00000000000000
    1     -1     65206.0000000000      -0.29239902677943      -0.31982741480118       0.41498582284222
    1     -1     65207.0000000000      -0.29239902677943      -0.31982741480118       0.41498582284222
    1     -1     65208.0000000000      -0.29239902677943      -0.31982741480118       0.41498582284222
    1     -1     65208.0000000000       0.00000000000000       0.00000000000000       0.00000000000000
    1     -1     65208.0000000000       0.00000000000000       0.00000000000000       0.00000000000000
    1     -1     65208.0000000000      -0.29678659301821      -0.31757814949694       0.41359622392709
    1     -1     65209.0000000000      -0.29678659301821      -0.31757814949694       0.41359622392709
    1     -1     65210.0000000000      -0.29678659301821      -0.31757814949694       0.41359622392709
    1     -1     65210.0000000000       0.00000000000000       0.00000000000000       0.00000000000000
    1     -1     65210.0000000000       0.00000000000000       0.00000000000000       0.00000000000000
    1     -1     65210.0000000000      -0.30108526321563      -0.31537862934185       0.41216984813160
    1     -1     65211.0000000000      -0.30108526321563      -0.31537862934185       0.41216984813160
    1     -1     65212.0000000000      -0.30108526321563      -0.31537862934185       0.41216984813160
    1     -1     65212.0000000000       0.00000000000000       0.00000000000000       0.00000000000000
    1     -1     65212.0000000000       0.00000000000000       0.00000000000000       0.00000000000000
    1     -1     65212.0000000000      -0.30529801709517      -0.31322884812534       0.41070769257445
    1     -1     65213.0000000000      -0.30529801709517      -0.31322884812534       0.41070769257445
    1     -1     65214.0000000000      -0.30529801709517      -0.31322884812534       0.41070769257445
    1     -1     65214.0000000000       0.00000000000000       0.00000000000000       0.00000000000000
    1     -1     65214.0000000000       0.00000000000000       0.00000000000000       0.00000000000000
    1     -1     65214.0000000000      -0.30942764211576      -0.31112880737404       0.40921070220204
    1     -1     65215.0000000000      -0.30942764211576      -0.31112880737404       0.40921070220204
    1     -1     65216.0000000000      -0.30942764211576      -0.31112880737404       0.40921070220204
    1     -1     65216.0000000000       0.00000000000000       0.00000000000000       0.00000000000000
    1     -1     65216.0000000000       0.00000000000000       0.00000000000000       0.00000000000000
    1     -1     65216.0000000000      -0.31347674524485      -0.30907851732265       0.40767977580489
    1     -1     65217.0000000000      -0.31347674524485      -0.30907851732265       0.40767977580489
    1     -1     65218.0000000000      -0.31347674524485      -0.30907851732265       0.40767977580489
    1     -1     65218.0000000000       0.00000000000000       0.00000000000000       0.00000000000000
    1     -1     65218.0000000000       0.00000000000000       0.00000000000000       0.00000000000000
    1     -1     65218.0000000000      -0.31744776389073      -0.30707799765759       0.40611577146841
    1     -1     65219.0000000000      -0.31744776389073      -0.30707799765759       0.40611577146841
    1     -1     65220.0000000000      -0.31744776389073      -0.30707799765759       0.40611577146841
    1     -1     65220.0000000000       0.00000000000000       0.00000000000000       0.00000000000000
    1     -1     65220.0000000000       0.00000000000000       0.00000000000000       0.00000000000000
    1     -1     65220.0000000000      -0.32134297625950      -0.30512727788495       0.40451951149383
    1     -1     65221.0000000000      -0.32134297625950      -0.30512727788495       0.40451951149383
    1     -1     65222.0000000000      -0.32134297625950      -0.30512727788495       0.40451951149383
    1     -1     65222.0000000000       0.00000000000000       0.00000000000000       0.00000000000000
    1     -1     65222.0000000000       0.00000000000000       0.00000000000000       0.00000000000000
    1     -1     65222.0000000000      -0.32516451069026      -0.30322639775486       0.40289178692569
    1     -1     65223.0000000000      -0.32516451069026      -0.30322639775486       0.40289178692569
    1     -1     65224.0000000000      -0.32516451069026      -0.30322639775486       0.40289178692569
    1     -1     65224.0000000000       0.00000000000000       0.00000000000000       0.00000000000000
    1     -1     65224.0000000000       0.00000000000000       0.00000000000000       0.00000000000000
    1     -1     65224.0000000000      -0.32891435422774      -0.30137540766725       0.40123336166918
    1     -1     65225.0000000000      -0.32891435422774      -0.30137540766725       0.40123336166918
    1     -1     65226.0000000000      -0.32891435422774      -0.30137540766725       0.40123336166918
    1     -1     65226.0000000000       0.00000000000000       0.00000000000000       0.00000000000000
    1     -1     65226.0000000000       0.00000000000000       0.00000000000000       0.00000000000000
    1     -1     65226.0000000000      -0.33259436068650      -0.29957436896658       0.39954497616390
    1     -1     65227.0000000000      -0.33259436068650      -0.29957436896658       0.39954497616390
    1     -1     65228.0000000000      -0.33259436068650      -0.29957436896658       0.39954497616390
    1     -1     65228.0000000000       0.00000000000000       0.00000000000000       0.00000000000000
    1     -1     65228.0000000000       0.00000000000000       0.00000000000000       0.00000000000000
    1     -1     65228.0000000000      -0.33620625848604      -0.29782335395910       0.39782735058235
    1     -1     65229.0000000000      -0.33620625848604      -0.29782335395910       0.39782735058235
    1     -1     65230.0000000000      -0.33620625848604      -0.29782335395910       0.39782735058235
    1     -1     65230.0000000000       0.00000000000000       0.00000000000000       0.00000000000000
    1     -1     65230.0000000000       0.00000000000000       0.00000000000000       0.00000000000000
    1     -1     65230.0000000000      -0.33975165829650      -0.29612244561189       0.39608118759871
    1     -1     65231.0000000000      -0.33975165829650      -0.29612244561189       0.39608118759871
    1     -1     65232.0000000000      -0.33975165829650      -0.29612244561189       0.39608118759871
    1     -1     65232.0000000000       0.00000000000000       0.00000000000000       0.00000000000000
    1     -1     65232.0000000000       0.00000000000000       0.00000000000000       0.00000000000000
    1     -1     65232.0000000000      -0.34323206040557      -0.29447173699088       0.39430717480578
    1     -1     65233.0000000000      -0.34323206040557      -0.29447173699088       0.39430717480578
    1     -1     65234.0000000000      -0.34323206040557      -0.29447173699088       0.39430717480578
    1     -1     65234.0000000000       0.00000000000000       0.00000000000000       0.00000000000000
    1     -1     65234.0000000000       0.00000000000000       0.00000000000000       0.00000000000000
    1     -1     65234.0000000000      -0.34664886167466      -0.29287133057421       0.39250598684269
    1     -1     65235.0000000000      -0.34664886167466      -0.29287133057421       0.39250598684269
    1     -1     65236.0000000000      -0.34664886167466      -0.29287133057421       0.39250598684269
    1     -1     65236.0000000000       0.00000000000000       0.00000000000000       0.00000000000000
    1     -1     65236.0000000000       0.00000000000000       0.00000000000000       0.00000000000000
    1     -1     65236.0000000000      -0.35000336203278      -0.29132133750596       0.39067828728954
    1     -1     65237.0000000000      -0.35000336203278      -0.29132133750596       0.39067828728954
    1     -1     65238.0000000000      -0.35000336203278      -0.29132133750596       0.39067828728954
    1     -1     65238.0000000000       0.00000000000000       0.00000000000000       0.00000000000000
    1     -1     65238.0000000000       0.00000000000000       0.00000000000000       0.00000000000000
    1     -1     65238.0000000000      -0.35329677052257      -0.28982187684149       0.38882473033798
    1     -1     65239.0000000000      -0.35329677052257      -0.28982187684149       0.38882473033798
    1     -1     65240.0000000000      -0.35329677052257      -0.28982187684149       0.38882473033798
    1     -1     65240.0000000000       0.00000000000000       0.00000000000000       0.00000000000000
    1     -1     65240.0000000000       0.00000000000000       0.00000000000000       0.00000000000000
    1     -1     65240.0000000000      -0.35653021095464      -0.28837307476924       0.38694596225413
    1     -1     65241.0000000000      -0.35653021095464      -0.28837307476924       0.38694596225413
    1     -1     65242.0000000000      -0.35653021095464      -0.28837307476924       0.38694596225413
    1     -1     65242.0000000000       0.00000000000000       0.00000000000000       0.00000000000000
    1     -1     65242.0000000000       0.00000000000000       0.00000000000000       0.00000000000000
    1     -1     65242.0000000000      -0.35891498466820      -0.28731910214764       0.38552271865832
    1     -1     65243.0000000000      -0.35891498466820      -0.28731910214764       0.38552271865832
    1     -1     65243.0000000000       0.00000000000000       0.00000000000000       0.00000000000000
    1  16118     65243.0000000000      284353227.872283578      206466890.730814546      -25931462.710956749      -13.2076183860244       14.3771692979321        0.8911626182260        2186.3050764175
    1  16118     65243.0000000000      284353227.872283578      206466890.730814546      -25931462.710956749      -13.2076183860244       14.3771692979321        0.8911626182260        2146.3050764175
    1     -1     65243.0000000000       0.00000000000000       0.00000000000000       0.00000000000000
    1     -1     65243.0000000000       0.40185219881595       0.36924110687865       0.24935078619852
    1     -1     65244.0000000000       0.40185219881595       0.36924110687865       0.24935078619852
    1     -1     65245.0000000000       0.40185219881595       0.36924110687865       0.24935078619852
    1     -1     65245.0000000000       0.00000000000000       0.00000000000000       0.00000000000000
    1     -1     65245.0000000000       0.00000000000000       0.00000000000000       0.00000000000000
    1     -1     65245.0000000000       0.40515416697241       0.36546192673931       0.24957499948689
    1     -1     65246.0000000000       0.40515416697241       0.36546192673931       0.24957499948689
    1     -1     65247.0000000000       0.40515416697241       0.36546192673931       0.24957499948689
    1     -1     65247.0000000000       0.00000000000000       0.00000000000000       0.00000000000000
    1     -1     65247.0000000000       0.00000000000000       0.00000000000000       0.00000000000000
    1     -1     65247.0000000000       0.40861132382291       0.36148740350327       0.24972713595472
    1     -1     65248.0000000000       0.40861132382291       0.36148740350327       0.24972713595472
    1     -1     65249.0000000000       0.40861132382291       0.36148740350327       0.24972713595472
    1     -1     65249.0000000000       0.00000000000000       0.00000000000000       0.00000000000000
    1     -1     65249.0000000000       0.00000000000000       0.00000000000000       0.00000000000000
    1     -1     65249.0000000000       0.41222847101027       0.35730497885401       0.24980159938374
    1     -1     65250.0000000000       0.41222847101027       0.35730497885401       0.24980159938374
    1     -1     65251.0000000000       0.41222847101027       0.35730497885401       0.24980159938374
    1     -1     65251.0000000000       0.00000000000000       0.00000000000000       0.00000000000000
    1     -1     65251.0000000000       0.00000000000000       0.00000000000000       0.00000000000000
    1     -1     65251.0000000000       0.41601045918651       0.35290100037407       0.24979227582616
    1     -1     65252.0000000000       0.41601045918651       0.35290100037407       0.24979227582616
    1     -1     65253.0000000000       0.41601045918651       0.35290100037407       0.24979227582616
    1     -1     65253.0000000000       0.00000000000000       0.00000000000000       0.00000000000000
    1     -1     65253.0000000000       0.00000000000000       0.00000000000000       0.00000000000000
    1     -1     65253.0000000000       0.41996215588784       0.34826062361922       0.24969246071596
    1     -1     65254.0000000000       0.41996215588784       0.34826062361922       0.24969246071596
    1     -1     65255.0000000000       0.41996215588784       0.34826062361922       0.24969246071596
    1     -1     65255.0000000000       0.00000000000000       0.00000000000000       0.00000000000000
    1     -1     65255.0000000000       0.00000000000000       0.00000000000000       0.00000000000000
    1     -1     65255.0000000000       0.42408839141747       0.34336769886246       0.24949480740658
    1     -1     65256.0000000000       0.42408839141747       0.34336769886246       0.24949480740658
    1     -1     65257.0000000000       0.42408839141747       0.34336769886246       0.24949480740658
    1     -1     65257.0000000000       0.00000000000000       0.00000000000000       0.00000000000000
    1     -1     65257.0000000000       0.00000000000000       0.00000000000000       0.00000000000000
    1     -1     65257.0000000000       0.42839390975417       0.33820464360764       0.24919124464507
    1     -1     65258.0000000000       0.42839390975417       0.33820464360764       0.24919124464507
    1     -1     65259.0000000000       0.42839390975417       0.33820464360764       0.24919124464507
    1     -1     65259.0000000000       0.00000000000000       0.00000000000000       0.00000000000000
    1     -1     65259.0000000000       0.00000000000000       0.00000000000000       0.00000000000000
    1     -1     65259.0000000000       0.43288329775103       0.33275230417419       0.24877289618237
    1     -1     65260.0000000000       0.43288329775103       0.33275230417419       0.24877289618237
    1     -1     65261.0000000000       0.43288329775103       0.33275230417419       0.24877289618237
    1     -1     65261.0000000000       0.00000000000000       0.00000000000000       0.00000000000000
    1     -1     65261.0000000000       0.00000000000000       0.00000000000000       0.00000000000000
    1     -1     65261.0000000000       0.43756089366609       0.32698981198012       0.24822998705905
    1     -1     65262.0000000000       0.43756089366609       0.32698981198012       0.24822998705905
    1     -1     65263.0000000000       0.43756089366609       0.32698981198012       0.24822998705905
    1     -1     65263.0000000000       0.00000000000000       0.00000000000000       0.00000000000000
    1     -1     65263.0000000000       0.00000000000000       0.00000000000000       0.00000000000000
    1     -1     65263.0000000000       0.44243067787985       0.32089442342495       0.24755173916889
    1     -1     65264.0000000000       0.44243067787985       0.32089442342495       0.24755173916889
    1     -1     65265.0000000000       0.44243067787985       0.32089442342495       0.24755173916889
    1     -1     65265.0000000000       0.00000000000000       0.00000000000000       0.00000000000000
    1     -1     65265.0000000000       0.00000000000000       0.00000000000000       0.00000000000000
    1     -1     65265.0000000000       0.44749613298635       0.31444135516618       0.24672625398104
    1     -1     65266.0000000000       0.44749613298635       0.31444135516618       0.24672625398104
    1     -1     65267.0000000000       0.44749613298635       0.31444135516618       0.24672625398104
    1     -1     65267.0000000000       0.00000000000000       0.00000000000000       0.00000000000000
    1     -1     65267.0000000000       0.00000000000000       0.00000000000000       0.00000000000000
    1     -1     65267.0000000000       0.45276007519927       0.30760360269431       0.24574038576318
    1     -1     65268.0000000000       0.45276007519927       0.30760360269431       0.24574038576318
    1     -1     65269.0000000000       0.45276007519927       0.30760360269431       0.24574038576318
    1     -1     65269.0000000000       0.00000000000000       0.00000000000000       0.00000000000000
    1     -1     65269.0000000000       0.00000000000000       0.00000000000000       0.00000000000000
    1     -1     65269.0000000000       0.45822444296206       0.30035175913832       0.24457959836141
    1     -1     65270.0000000000       0.45822444296206       0.30035175913832       0.24457959836141
    1     -1     65271.0000000000       0.45822444296206       0.30035175913832       0.24457959836141
    1     -1     65271.0000000000       0.00000000000000       0.00000000000000       0.00000000000000
    1     -1     65271.0000000000       0.00000000000000       0.00000000000000       0.00000000000000
    1     -1     65271.0000000000       0.46389004384343       0.29265382066125       0.24322781040686
    1     -1     65272.0000000000       0.46389004384343       0.29265382066125       0.24322781040686
    1     -1     65273.0000000000       0.46389004384343       0.29265382066125       0.24322781040686
    1     -1     65273.0000000000       0.00000000000000       0.00000000000000       0.00000000000000
    1     -1     65273.0000000000       0.00000000000000       0.00000000000000       0.00000000000000
    1     -1     65273.0000000000       0.46975624439390       0.28447499558717       0.24166722371605
    1     -1     65274.0000000000       0.46975624439390       0.28447499558717       0.24166722371605
    1     -1     65275.0000000000       0.46975624439390       0.28447499558717       0.24166722371605
    1     -1     65275.0000000000       0.00000000000000       0.00000000000000       0.00000000000000
    1     -1     65275.0000000000       0.00000000000000       0.00000000000000       0.00000000000000
    1     -1     65275.0000000000       0.43795280611399       0.25383010268126       0.22078768061053
    1     -1     65276.0000000000       0.43795280611399       0.25383010268126       0.22078768061053
    1     -1     65277.0000000000       0.43795280611399       0.25383010268126       0.22078768061053
    1     -1     65277.0000000000       0.00000000000000       0.00000000000000       0.00000000000000
    1     -1     65379.0000000000       0.00000000000000       0.00000000000000       0.00000000000000
    1     -1     65379.0000000000       0.03285242762656      -0.18876423508551      -0.07981376603313
    1     -1     65380.0000000000       0.03285242762656      -0.18876423508551      -0.07981376603313
    1     -1     65381.0000000000       0.03285242762656      -0.18876423508551      -0.07981376603313
    1     -1     65381.0000000000       0.00000000000000       0.00000000000000       0.00000000000000
    1     -1     65381.0000000000       0.00000000000000       0.00000000000000       0.00000000000000
    1     -1     65381.0000000000       0.08431592818117      -0.54648433309431      -0.23290705703653
    1     -1     65382.0000000000       0.08431592818117      -0.54648433309431      -0.23290705703653
    1     -1     65383.0000000000       0.08431592818117      -0.54648433309431      -0.23290705703653
    1     -1     65383.0000000000       0.00000000000000       0.00000000000000       0.00000000000000
    1     -1     65383.0000000000       0.00000000000000       0.00000000000000       0.00000000000000
    1     -1     65383.0000000000       0.07416023944244      -0.54712471971069      -0.23485058919946
    1     -1     65384.0000000000       0.07416023944244      -0.54712471971069      -0.23485058919946
    1     -1     65385.0000000000       0.07416023944244      -0.54712471971069      -0.23485058919946
    1     -1     65385.0000000000       0.00000000000000       0.00000000000000       0.00000000000000
    1     -1     65385.0000000000       0.00000000000000       0.00000000000000       0.00000000000000
    1     -1     65385.0000000000       0.06447420835927      -0.54761122072833      -0.23656928513414
    1     -1     65386.0000000000       0.06447420835927      -0.54761122072833      -0.23656928513414
    1     -1     65387.0000000000       0.06447420835927      -0.54761122072833      -0.23656928513414
    1     -1     65387.0000000000       0.00000000000000       0.00000000000000       0.00000000000000
    1     -1     65387.0000000000       0.00000000000000       0.00000000000000       0.00000000000000
    1     -1     65387.0000000000       0.05523374434771      -0.54796609834072      -0.23808063305230
    1     -1     65388.0000000000       0.05523374434771      -0.54796609834072      -0.23808063305230
    1     -1     65389.0000000000       0.05523374434771      -0.54796609834072      -0.23808063305230
    1     -1     65389.0000000000       0.00000000000000       0.00000000000000       0.00000000000000
    1     -1     65389.0000000000       0.00000000000000       0.00000000000000       0.00000000000000
    1     -1     65389.0000000000       0.04641591315850      -0.54820886249535      -0.23940051246232
    1     -1     65390.0000000000       0.04641591315850      -0.54820886249535      -0.23940051246232
    1     -1     65391.0000000000       0.04641591315850      -0.54820886249535      -0.23940051246232
    1     -1     65391.0000000000       0.00000000000000       0.00000000000000       0.00000000000000
    1     -1     65391.0000000000       0.00000000000000       0.00000000000000       0.00000000000000
    1     -1     65391.0000000000       0.03799898138667      -0.54835661324101      -0.24054334621523
    1     -1     65392.0000000000       0.03799898138667      -0.54835661324101      -0.24054334621523
    1     -1     65393.0000000000       0.03799898138667      -0.54835661324101      -0.24054334621523
    1     -1     65393.0000000000       0.00000000000000       0.00000000000000       0.00000000000000
    1     -1     65393.0000000000       0.00000000000000       0.00000000000000       0.00000000000000
    1     -1     65393.0000000000       0.02996242982847      -0.54842434165908      -0.24152224235996
    1     -1     65394.0000000000       0.02996242982847      -0.54842434165908      -0.24152224235996
    1     -1     65395.0000000000       0.02996242982847      -0.54842434165908      -0.24152224235996
    1     -1     65395.0000000000       0.00000000000000       0.00000000000000       0.00000000000000
    1     -1     65395.0000000000       0.00000000000000       0.00000000000000       0.00000000000000
    1     -1     65395.0000000000       0.02228694296875      -0.54842519376309      -0.24234912481589
    1     -1     65396.0000000000       0.02228694296875      -0.54842519376309      -0.24234912481589
    1     -1     65397.0000000000       0.02228694296875      -0.54842519376309      -0.24234912481589
    1     -1     65397.0000000000       0.00000000000000       0.00000000000000       0.00000000000000
    1     -1     65397.0000000000       0.00000000000000       0.00000000000000       0.00000000000000
    1     -1     65397.0000000000       0.01495438143940      -0.54837070228708      -0.24303485064685
    1     -1     65398.0000000000       0.01495438143940      -0.54837070228708      -0.24303485064685
    1     -1     65399.0000000000       0.01495438143940      -0.54837070228708      -0.24303485064685
    1     -1     65399.0000000000       0.00000000000000       0.00000000000000       0.00000000000000
    1     -1     65399.0000000000       0.00000000000000       0.00000000000000       0.00000000000000
    1     -1     65399.0000000000       0.00794774251973      -0.54827098911019      -0.24358931661503
    1     -1     65400.0000000000       0.00794774251973      -0.54827098911019      -0.24358931661503
    1     -1     65401.0000000000       0.00794774251973      -0.54827098911019      -0.24358931661503
    1     -1     65401.0000000000       0.00000000000000       0.00000000000000       0.00000000000000
    1     -1     65401.0000000000       0.00000000000000       0.00000000000000       0.00000000000000
    1     -1     65401.0000000000       0.00125111194015      -0.54813494063775      -0.24402155816846
    1     -1     65402.0000000000       0.00125111194015      -0.54813494063775      -0.24402155816846
    1     -1     65403.0000000000       0.00125111194015      -0.54813494063775      -0.24402155816846
    1     -1     65403.0000000000       0.00000000000000       0.00000000000000       0.00000000000000
    1     -1     65403.0000000000       0.00000000000000       0.00000000000000       0.00000000000000
    1     -1     65403.0000000000      -0.00515038833143      -0.54797036245372      -0.24433983435447
    1     -1     65404.0000000000      -0.00515038833143      -0.54797036245372      -0.24433983435447
    1     -1     65405.0000000000      -0.00515038833143      -0.54797036245372      -0.24433983435447
    1     -1     65405.0000000000       0.00000000000000       0.00000000000000       0.00000000000000
    1     -1     65405.0000000000       0.00000000000000       0.00000000000000       0.00000000000000
    1     -1     65405.0000000000      -0.01127065577659      -0.54778411273181      -0.24455170708255
    1     -1     65406.0000000000      -0.01127065577659      -0.54778411273181      -0.24455170708255
    1     -1     65407.0000000000      -0.01127065577659      -0.54778411273181      -0.24455170708255
    1     -1     65407.0000000000       0.00000000000000       0.00000000000000       0.00000000000000
    1     -1     65407.0000000000       0.00000000000000       0.00000000000000       0.00000000000000
    1     -1     65407.0000000000      -0.01712266369654      -0.54758221885362      -0.24466411110598
    1     -1     65408.0000000000      -0.01712266369654      -0.54758221885362      -0.24466411110598
    1     -1     65409.0000000000      -0.01712266369654      -0.54758221885362      -0.24466411110598
    1     -1     65409.0000000000       0.00000000000000       0.00000000000000       0.00000000000000
    1     -1     65409.0000000000       0.00000000000000       0.00000000000000       0.00000000000000
    1     -1     65409.0000000000      -0.02271851736405      -0.54736997888737      -0.24468341680960
    1     -1     65410.0000000000      -0.02271851736405      -0.54736997888737      -0.24468341680960
    1     -1     65411.0000000000      -0.02271851736405      -0.54736997888737      -0.24468341680960
    1     -1     65411.0000000000       0.00000000000000       0.00000000000000       0.00000000000000
    1     -1     65411.0000000000       0.00000000000000       0.00000000000000       0.00000000000000
    1     -1     65411.0000000000      -0.02806950890830      -0.54715205016616      -0.24461548591333
    1     -1     65412.0000000000      -0.02806950890830      -0.54715205016616      -0.24461548591333
    1     -1     65413.0000000000      -0.02806950890830      -0.54715205016616      -0.24461548591333
    1     -1     65413.0000000000       0.00000000000000       0.00000000000000       0.00000000000000
    1     -1     65413.0000000000       0.00000000000000       0.00000000000000       0.00000000000000
    1     -1     65413.0000000000      -0.03318617060858      -0.54693252614181      -0.24446572194989
    1     -1     65414.0000000000      -0.03318617060858      -0.54693252614181      -0.24446572194989
    1     -1     65415.0000000000      -0.03318617060858      -0.54693252614181      -0.24446572194989
    1     -1     65415.0000000000       0.00000000000000       0.00000000000000       0.00000000000000
    1     -1     65415.0000000000       0.00000000000000       0.00000000000000       0.00000000000000
    1     -1     65415.0000000000      -0.03807832581686      -0.54671500354573      -0.24423911496928
    1     -1     65416.0000000000      -0.03807832581686      -0.54671500354573      -0.24423911496928
    1     -1     65417.0000000000      -0.03807832581686      -0.54671500354573      -0.24423911496928
    1     -1     65417.0000000000       0.00000000000000       0.00000000000000       0.00000000000000
    1     -1     65417.0000000000       0.00000000000000       0.00000000000000       0.00000000000000
    1     -1     65417.0000000000      -0.04275513748181      -0.54650264091018      -0.24394028157954
    1     -1     65418.0000000000      -0.04275513748181      -0.54650264091018      -0.24394028157954
    1     -1     65419.0000000000      -0.04275513748181      -0.54650264091018      -0.24394028157954
    1     -1     65419.0000000000       0.00000000000000       0.00000000000000       0.00000000000000
    1     -1     65419.0000000000       0.00000000000000       0.00000000000000       0.00000000000000
    1     -1     65419.0000000000      -0.04722515404518      -0.54629820969058      -0.24357350059947
    1     -1     65420.0000000000      -0.04722515404518      -0.54629820969058      -0.24357350059947
    1     -1     65421.0000000000      -0.04722515404518      -0.54629820969058      -0.24357350059947
    1     -1     65421.0000000000       0.00000000000000       0.00000000000000       0.00000000000000
    1     -1     65421.0000000000       0.00000000000000       0.00000000000000       0.00000000000000
    1     -1     65421.0000000000      -0.05149635251839      -0.54610413875570      -0.24314274529831
    1     -1     65422.0000000000      -0.05149635251839      -0.54610413875570      -0.24314274529831
    1     -1     65423.0000000000      -0.05149635251839      -0.54610413875570      -0.24314274529831
    1     -1     65423.0000000000       0.00000000000000       0.00000000000000       0.00000000000000
    1     -1     65423.0000000000       0.00000000000000       0.00000000000000       0.00000000000000
    1     -1     65423.0000000000      -0.05557617898662      -0.54592255352368      -0.24265171164333
    1     -1     65424.0000000000      -0.05557617898662      -0.54592255352368      -0.24265171164333
    1     -1     65425.0000000000      -0.05557617898662      -0.54592255352368      -0.24265171164333
    1     -1     65425.0000000000       0.00000000000000       0.00000000000000       0.00000000000000
    1     -1     65425.0000000000       0.00000000000000       0.00000000000000       0.00000000000000
    1     -1     65425.0000000000      -0.05947158681447      -0.54575531004776      -0.24210384382831
    1     -1     65426.0000000000      -0.05947158681447      -0.54575531004776      -0.24210384382831
    1     -1     65427.0000000000      -0.05947158681447      -0.54575531004776      -0.24210384382831
    1     -1     65427.0000000000       0.00000000000000       0.00000000000000       0.00000000000000
    1     -1     65427.0000000000       0.00000000000000       0.00000000000000       0.00000000000000
    1     -1     65427.0000000000      -0.06318907158144      -0.54560402467311      -0.24150235769693
    1     -1     65428.0000000000      -0.06318907158144      -0.54560402467311      -0.24150235769693
    1     -1     65429.0000000000      -0.06318907158144      -0.54560402467311      -0.24150235769693
    1     -1     65429.0000000000       0.00000000000000       0.00000000000000       0.00000000000000
    1     -1     65429.0000000000       0.00000000000000       0.00000000000000       0.00000000000000
    1     -1     65429.0000000000      -0.06673470395172      -0.54547010059241      -0.24085026038638
    1     -1     65430.0000000000      -0.06673470395172      -0.54547010059241      -0.24085026038638
    1     -1     65431.0000000000      -0.06673470395172      -0.54547010059241      -0.24085026038638
    1     -1     65431.0000000000       0.00000000000000       0.00000000000000       0.00000000000000
    1     -1     65431.0000000000       0.00000000000000       0.00000000000000       0.00000000000000
    1     -1     65431.0000000000      -0.07011416063294      -0.54535475048764      -0.24015036930912
    1     -1     65432.0000000000      -0.07011416063294      -0.54535475048764      -0.24015036930912
    1     -1     65433.0000000000      -0.07011416063294      -0.54535475048764      -0.24015036930912
    1     -1     65433.0000000000       0.00000000000000       0.00000000000000       0.00000000000000
    1     -1     65433.0000000000       0.00000000000000       0.00000000000000       0.00000000000000
    1     -1     65433.0000000000      -0.07333275256869      -0.54525901683523      -0.23940532834625
    1     -1     65434.0000000000      -0.07333275256869      -0.54525901683523      -0.23940532834625
    1     -1     65435.0000000000      -0.07333275256869      -0.54525901683523      -0.23940532834625
    1     -1     65435.0000000000       0.00000000000000       0.00000000000000       0.00000000000000
    1     -1     65435.0000000000       0.00000000000000       0.00000000000000       0.00000000000000
    1     -1     65435.0000000000      -0.07639545130764      -0.54518378954434      -0.23861762281435
    1     -1     65436.0000000000      -0.07639545130764      -0.54518378954434      -0.23861762281435
    1     -1     65437.0000000000      -0.07639545130764      -0.54518378954434      -0.23861762281435
    1     -1     65437.0000000000       0.00000000000000       0.00000000000000       0.00000000000000
    1     -1     65437.0000000000       0.00000000000000       0.00000000000000       0.00000000000000
    1     -1     65437.0000000000      -0.07930691339947      -0.54512982166854      -0.23778959248603
    1     -1     65438.0000000000      -0.07930691339947      -0.54512982166854      -0.23778959248603
    1     -1     65439.0000000000      -0.07930691339947      -0.54512982166854      -0.23778959248603
    1     -1     65439.0000000000       0.00000000000000       0.00000000000000       0.00000000000000
    1     -1     65439.0000000000       0.00000000000000       0.00000000000000       0.00000000000000
    1     -1     65439.0000000000      -0.08207150310603      -0.54509774295068      -0.23692344393916
    1     -1     65440.0000000000      -0.08207150310603      -0.54509774295068      -0.23692344393916
    1     -1     65441.0000000000      -0.08207150310603      -0.54509774295068      -0.23692344393916
    1     -1     65441.0000000000       0.00000000000000       0.00000000000000       0.00000000000000
    1     -1     65441.0000000000       0.00000000000000       0.00000000000000       0.00000000000000
    1     -1     65441.0000000000      -0.08469331310680      -0.54508807237149      -0.23602126038415
    1     -1     65442.0000000000      -0.08469331310680      -0.54508807237149      -0.23602126038415
    1     -1     65443.0000000000      -0.08469331310680      -0.54508807237149      -0.23602126038415
    1     -1     65443.0000000000       0.00000000000000       0.00000000000000       0.00000000000000
    1     -1     65443.0000000000       0.00000000000000       0.00000000000000       0.00000000000000
    1     -1     65443.0000000000      -0.08717618429422      -0.54510122821745      -0.23508501263953
    1     -1     65444.0000000000      -0.08717618429422      -0.54510122821745      -0.23508501263953
    1     -1     65445.0000000000      -0.08717618429422      -0.54510122821745      -0.23508501263953
    1     -1     65445.0000000000       0.00000000000000       0.00000000000000       0.00000000000000
    1     -1     65445.0000000000       0.00000000000000       0.00000000000000       0.00000000000000
    1     -1     65445.0000000000      -0.08952372346788      -0.54513753793500      -0.23411656701442
    1     -1     65446.0000000000      -0.08952372346788      -0.54513753793500      -0.23411656701442
    1     -1     65447.0000000000      -0.08952372346788      -0.54513753793500      -0.23411656701442
    1     -1     65447.0000000000       0.00000000000000       0.00000000000000       0.00000000000000
    1     -1     65447.0000000000       0.00000000000000       0.00000000000000       0.00000000000000
    1     -1     65447.0000000000      -0.09173932000776      -0.54519724637924      -0.23311769341904
    1     -1     65448.0000000000      -0.09173932000776      -0.54519724637924      -0.23311769341904
    1     -1     65449.0000000000      -0.09173932000776      -0.54519724637924      -0.23311769341904
    1     -1     65449.0000000000       0.00000000000000       0.00000000000000       0.00000000000000
    1     -1     65449.0000000000       0.00000000000000       0.00000000000000       0.00000000000000
    1     -1     65449.0000000000      -0.09382616126783      -0.54528052342521      -0.23209007198687
    1     -1     65450.0000000000      -0.09382616126783      -0.54528052342521      -0.23209007198687
    1     -1     65451.0000000000      -0.09382616126783      -0.54528052342521      -0.23209007198687
    1     -1     65451.0000000000       0.00000000000000       0.00000000000000       0.00000000000000
    1     -1     65451.0000000000       0.00000000000000       0.00000000000000       0.00000000000000
    1     -1     65451.0000000000      -0.09578724692637      -0.54538747005785      -0.23103530057150
    1     -1     65452.0000000000      -0.09578724692637      -0.54538747005785      -0.23103530057150
    1     -1     65453.0000000000      -0.09578724692637      -0.54538747005785      -0.23103530057150
    1     -1     65453.0000000000       0.00000000000000       0.00000000000000       0.00000000000000
    1  23760     65453.0000000000      -45164943.254962839      319452517.013743341        2754622.422261110      -20.5135066709866       -5.3605623030418        1.2137932235408        2005.5165499309
    1  23760     65453.0000000000      -45164943.254962839      319452517.013743341        2754622.422261110      -20.5135066709866       -5.3605623030418        1.2137932235408        1965.5165499309
    1     -1     65453.0000000000       0.00000000000000       0.00000000000000       0.00000000000000
    1     -1     65453.0000000000      -0.57294289797980      -0.00740808965747      -0.17799313228924
    1     -1     65454.0000000000      -0.57294289797980      -0.00740808965747      -0.17799313228924
    1     -1     65455.0000000000      -0.57294289797980      -0.00740808965747      -0.17799313228924
    1     -1     65455.0000000000       0.00000000000000       0.00000000000000       0.00000000000000
    1     -1     65455.0000000000       0.00000000000000       0.00000000000000       0.00000000000000
    1     -1     65455.0000000000      -0.57107066219290      -0.00691791716963      -0.18393053168139
    1     -1     65456.0000000000      -0.57107066219290      -0.00691791716963      -0.18393053168139
    1     -1     65457.0000000000      -0.57107066219290      -0.00691791716963      -0.18393053168139
    1     -1     65457.0000000000       0.00000000000000       0.00000000000000       0.00000000000000
    1     -1     65457.0000000000       0.00000000000000       0.00000000000000       0.00000000000000
    1     -1     65457.0000000000      -0.56909297708476      -0.00638708641088      -0.18997996694385
    1     -1     65458.0000000000      -0.56909297708476      -0.00638708641088      -0.18997996694385
    1     -1     65459.0000000000      -0.56909297708476      -0.00638708641088      -0.18997996694385
    1     -1     65459.0000000000       0.00000000000000       0.00000000000000       0.00000000000000
    1     -1     65459.0000000000       0.00000000000000       0.00000000000000       0.00000000000000
    1     -1     65459.0000000000      -0.56700434355435      -0.00581221525540      -0.19614354902551
    1     -1     65460.0000000000      -0.56700434355435      -0.00581221525540      -0.19614354902551
    1     -1     65461.0000000000      -0.56700434355435      -0.00581221525540      -0.19614354902551
    1     -1     65461.0000000000       0.00000000000000       0.00000000000000       0.00000000000000
    1     -1     65461.0000000000       0.00000000000000       0.00000000000000       0.00000000000000
    1     -1     65461.0000000000      -0.56479897095406      -0.00518983623659      -0.20242328741791
    1     -1     65462.0000000000      -0.56479897095406      -0.00518983623659      -0.20242328741791
    1     -1     65463.0000000000      -0.56479897095406      -0.00518983623659      -0.20242328741791
    1     -1     65463.0000000000       0.00000000000000       0.00000000000000       0.00000000000000
    1     -1     65463.0000000000       0.00000000000000       0.00000000000000       0.00000000000000
    1     -1     65463.0000000000      -0.56247076162303      -0.00451638678206      -0.20882108095125
    1     -1     65464.0000000000      -0.56247076162303      -0.00451638678206      -0.20882108095125
    1     -1     65465.0000000000      -0.56247076162303      -0.00451638678206      -0.20882108095125
    1     -1     65465.0000000000       0.00000000000000       0.00000000000000       0.00000000000000
    1     -1     65465.0000000000       0.00000000000000       0.00000000000000       0.00000000000000
    1     -1     65465.0000000000      -0.56001321291777      -0.00378812866542      -0.21533892058505
    1     -1     65466.0000000000      -0.56001321291777      -0.00378812866542      -0.21533892058505
    1     -1     65467.0000000000      -0.56001321291777      -0.00378812866542      -0.21533892058505
    1     -1     65467.0000000000       0.00000000000000       0.00000000000000       0.00000000000000
    1     -1     65467.0000000000       0.00000000000000       0.00000000000000       0.00000000000000
    1     -1     65467.0000000000      -0.55741982253911      -0.00300184733527      -0.22197776833062
    1     -1     65468.0000000000      -0.55741982253911      -0.00300184733527      -0.22197776833062
    1     -1     65469.0000000000      -0.55741982253911      -0.00300184733527      -0.22197776833062
    1     -1     65469.0000000000       0.00000000000000       0.00000000000000       0.00000000000000
    1     -1     65469.0000000000       0.00000000000000       0.00000000000000       0.00000000000000
    1     -1     65469.0000000000      -0.55468339628894      -0.00215308397223      -0.22873935689072
    1     -1     65470.0000000000      -0.55468339628894      -0.00215308397223      -0.22873935689072
    1     -1     65471.0000000000      -0.55468339628894      -0.00215308397223      -0.22873935689072
    1     -1     65471.0000000000       0.00000000000000       0.00000000000000       0.00000000000000
    1     -1     65471.0000000000       0.00000000000000       0.00000000000000       0.00000000000000
    1     -1     65471.0000000000      -0.55179654230756      -0.00123801507379      -0.23562479176881
    1     -1     65472.0000000000      -0.55179654230756      -0.00123801507379      -0.23562479176881
    1     -1     65473.0000000000      -0.55179654230756      -0.00123801507379      -0.23562479176881
    1     -1     65473.0000000000       0.00000000000000       0.00000000000000       0.00000000000000
    1     -1     65473.0000000000       0.00000000000000       0.00000000000000       0.00000000000000
    1     -1     65473.0000000000      -0.54875169294207      -0.00025312950253      -0.24263452907340
    1     -1     65474.0000000000      -0.54875169294207      -0.00025312950253      -0.24263452907340
    1     -1     65475.0000000000      -0.54875169294207      -0.00025312950253      -0.24263452907340
    1     -1     65475.0000000000       0.00000000000000       0.00000000000000       0.00000000000000
    1     -1     65475.0000000000       0.00000000000000       0.00000000000000       0.00000000000000
    1     -1     65475.0000000000      -0.54554054027793       0.00080571129496      -0.24976963190623
    1     -1     65476.0000000000      -0.54554054027793       0.00080571129496      -0.24976963190623
    1     -1     65477.0000000000      -0.54554054027793       0.00080571129496      -0.24976963190623
    1     -1     65477.0000000000       0.00000000000000       0.00000000000000       0.00000000000000
    1     -1     65477.0000000000       0.00000000000000       0.00000000000000       0.00000000000000
    1     -1     65477.0000000000      -0.54215473554722       0.00194248956525      -0.25703009305919
    1     -1     65478.0000000000      -0.54215473554722       0.00194248956525      -0.25703009305919
    1     -1     65479.0000000000      -0.54215473554722       0.00194248956525      -0.25703009305919
    1     -1     65479.0000000000       0.00000000000000       0.00000000000000       0.00000000000000
    1     -1     65479.0000000000       0.00000000000000       0.00000000000000       0.00000000000000
    1     -1     65479.0000000000      -0.53858553311834       0.00316122936711      -0.26441563763235
    1     -1     65480.0000000000      -0.53858553311834       0.00316122936711      -0.26441563763235
    1     -1     65481.0000000000      -0.53858553311834       0.00316122936711      -0.26441563763235
    1     -1     65481.0000000000       0.00000000000000       0.00000000000000       0.00000000000000
    1     -1     65481.0000000000       0.00000000000000       0.00000000000000       0.00000000000000
    1     -1     65481.0000000000      -0.53482383327067       0.00446598272271      -0.27192558107686
    1     -1     65482.0000000000      -0.53482383327067       0.00446598272271      -0.27192558107686
    1     -1     65483.0000000000      -0.53482383327067       0.00446598272271      -0.27192558107686
    1     -1     65483.0000000000       0.00000000000000       0.00000000000000       0.00000000000000
    1     -1     65483.0000000000       0.00000000000000       0.00000000000000       0.00000000000000
    1     -1     65483.0000000000      -0.53086020777908       0.00586080710352      -0.27955874162123
    1     -1     65484.0000000000      -0.53086020777908       0.00586080710352      -0.27955874162123
    1     -1     65485.0000000000      -0.53086020777908       0.00586080710352      -0.27955874162123
    1     -1     65485.0000000000       0.00000000000000       0.00000000000000       0.00000000000000
    1     -1     65485.0000000000       0.00000000000000       0.00000000000000       0.00000000000000
    1     -1     65485.0000000000      -0.52668491447610       0.00734974594690      -0.28731338530918
    1     -1     65486.0000000000      -0.52668491447610       0.00734974594690      -0.28731338530918
    1     -1     65487.0000000000      -0.52668491447610       0.00734974594690      -0.28731338530918
    1     -1     65487.0000000000       0.00000000000000       0.00000000000000       0.00000000000000
    1     -1     65487.0000000000       0.00000000000000       0.00000000000000       0.00000000000000
    1     -1     65487.0000000000      -0.52228791882931       0.00893680985488      -0.29518716529444
    1     -1     65488.0000000000      -0.52228791882931       0.00893680985488      -0.29518716529444
    1     -1     65489.0000000000      -0.52228791882931       0.00893680985488      -0.29518716529444
    1     -1     65489.0000000000       0.00000000000000       0.00000000000000       0.00000000000000
    1     -1     65489.0000000000       0.00000000000000       0.00000000000000       0.00000000000000
    1     -1     65489.0000000000      -0.51765892077225       0.01062593942139      -0.30317706119746
    1     -1     65490.0000000000      -0.51765892077225       0.01062593942139      -0.30317706119746
    1     -1     65491.0000000000      -0.51765892077225       0.01062593942139      -0.30317706119746
    1     -1     65491.0000000000       0.00000000000000       0.00000000000000       0.00000000000000
    1     -1     65491.0000000000       0.00000000000000       0.00000000000000       0.00000000000000
    1     -1     65491.0000000000      -0.51278716058482       0.01242117127682      -0.31127968408406
    1     -1     65492.0000000000      -0.51278716058482       0.01242117127682      -0.31127968408406
    1     -1     65493.0000000000      -0.51278716058482       0.01242117127682      -0.31127968408406
    1     -1     65493.0000000000       0.00000000000000       0.00000000000000       0.00000000000000
    1     -1     65493.0000000000       0.00000000000000       0.00000000000000       0.00000000000000
    1     -1     65493.0000000000      -0.50766250637405       0.01432550139940      -0.31948952864166
    1     -1     65494.0000000000      -0.50766250637405       0.01432550139940      -0.31948952864166
    1     -1     65495.0000000000      -0.50766250637405       0.01432550139940      -0.31948952864166
    1     -1     65495.0000000000       0.00000000000000       0.00000000000000       0.00000000000000
    1     -1     65495.0000000000       0.00000000000000       0.00000000000000       0.00000000000000
    1     -1     65495.0000000000      -0.30795375842072       0.01002044123396      -0.20098143592379
    1     -1     65496.0000000000      -0.30795375842072       0.01002044123396      -0.20098143592379
    1     -1     65497.0000000000      -0.30795375842072       0.01002044123396      -0.20098143592379
    1     -1     65497.0000000000       0.00000000000000       0.00000000000000       0.00000000000000
    1     -1     65625.0000000000       0.00000000000000       0.00000000000000       0.00000000000000
    1     -1     65625.0000000000       0.06682544060720       0.06042168463696      -0.13043464932016
    1     -1     65626.0000000000       0.06682544060720       0.06042168463696      -0.13043464932016
    1     -1     65627.0000000000       0.06682544060720       0.06042168463696      -0.13043464932016
    1     -1     65627.0000000000       0.00000000000000       0.00000000000000       0.00000000000000
    1     -1     65627.0000000000       0.00000000000000       0.00000000000000       0.00000000000000
    1     -1     65627.0000000000       0.26145378985936       0.22930456827677      -0.48893898393928
    1     -1     65628.0000000000       0.26145378985936       0.22930456827677      -0.48893898393928
    1     -1     65629.0000000000       0.26145378985936       0.22930456827677      -0.48893898393928
    1     -1     65629.0000000000       0.00000000000000       0.00000000000000       0.00000000000000
    1     -1     65629.0000000000       0.00000000000000       0.00000000000000       0.00000000000000
    1     -1     65629.0000000000       0.26977997221995       0.22981363362153      -0.48415334313693
    1     -1     65630.0000000000       0.26977997221995       0.22981363362153      -0.48415334313693
    1     -1     65631.0000000000       0.26977997221995       0.22981363362153      -0.48415334313693
    1     -1     65631.0000000000       0.00000000000000       0.00000000000000       0.00000000000000
    1     -1     65631.0000000000       0.00000000000000       0.00000000000000       0.00000000000000
    1     -1     65631.0000000000       0.27791493027812       0.23022174969897      -0.47933415982387
    1     -1     65632.0000000000       0.27791493027812       0.23022174969897      -0.47933415982387
    1     -1     65633.0000000000       0.27791493027812       0.23022174969897      -0.47933415982387
    1     -1     65633.0000000000       0.00000000000000       0.00000000000000       0.00000000000000
    1     -1     65633.0000000000       0.00000000000000       0.00000000000000       0.00000000000000
    1     -1     65633.0000000000       0.28586448572674       0.23053136191770      -0.47448581248817
    1     -1     65634.0000000000       0.28586448572674       0.23053136191770      -0.47448581248817
    1     -1     65635.0000000000       0.28586448572674       0.23053136191770      -0.47448581248817
    1     -1     65635.0000000000       0.00000000000000       0.00000000000000       0.00000000000000
    1     -1     65635.0000000000       0.00000000000000       0.00000000000000       0.00000000000000
    1     -1     65635.0000000000       0.29363436057815       0.23074487279873      -0.46961224988809
    1     -1     65636.0000000000       0.29363436057815       0.23074487279873      -0.46961224988809
    1     -1     65637.0000000000       0.29363436057815       0.23074487279873      -0.46961224988809
    1     -1     65637.0000000000       0.00000000000000       0.00000000000000       0.00000000000000
    1     -1     65637.0000000000       0.00000000000000       0.00000000000000       0.00000000000000
    1     -1     65637.0000000000       0.30123013175898       0.23086467923873      -0.46471701806633
    1     -1     65638.0000000000       0.30123013175898       0.23086467923873      -0.46471701806633
    1     -1     65639.0000000000       0.30123013175898       0.23086467923873      -0.46471701806633
    1     -1     65639.0000000000       0.00000000000000       0.00000000000000       0.00000000000000
    1     -1     65639.0000000000       0.00000000000000       0.00000000000000       0.00000000000000
    1     -1     65639.0000000000       0.30865718961864       0.23089315739468      -0.45980331495656
    1     -1     65640.0000000000       0.30865718961864       0.23089315739468      -0.45980331495656
    1     -1     65641.0000000000       0.30865718961864       0.23089315739468      -0.45980331495656
    1     -1     65641.0000000000       0.00000000000000       0.00000000000000       0.00000000000000
    1     -1     65641.0000000000       0.00000000000000       0.00000000000000       0.00000000000000
    1     -1     65641.0000000000       0.31592072748268       0.23083266422250      -0.45487402031195
    1     -1     65642.0000000000       0.31592072748268       0.23083266422250      -0.45487402031195
    1     -1     65643.0000000000       0.31592072748268       0.23083266422250      -0.45487402031195
    1     -1     65643.0000000000       0.00000000000000       0.00000000000000       0.00000000000000
    1     -1     65643.0000000000       0.00000000000000       0.00000000000000       0.00000000000000
    1     -1     65643.0000000000       0.32302573246770       0.23068554040369      -0.44993172470094
    1     -1     65644.0000000000       0.32302573246770       0.23068554040369      -0.44993172470094
    1     -1     65645.0000000000       0.32302573246770       0.23068554040369      -0.44993172470094
    1     -1     65645.0000000000       0.00000000000000       0.00000000000000       0.00000000000000
    1     -1     65645.0000000000       0.00000000000000       0.00000000000000       0.00000000000000
    1     -1     65645.0000000000       0.32997697766170       0.23045411319400      -0.44497875815057
    1     -1     65646.0000000000       0.32997697766170       0.23045411319400      -0.44497875815057
    1     -1     65647.0000000000       0.32997697766170       0.23045411319400      -0.44497875815057
    1     -1     65647.0000000000       0.00000000000000       0.00000000000000       0.00000000000000
    1     -1     65647.0000000000       0.00000000000000       0.00000000000000       0.00000000000000
    1     -1     65647.0000000000       0.33677901662847       0.23014069934563      -0.44001721755344
    1     -1     65648.0000000000       0.33677901662847       0.23014069934563      -0.44001721755344
    1     -1     65649.0000000000       0.33677901662847       0.23014069934563      -0.44001721755344
    1     -1     65649.0000000000       0.00000000000000       0.00000000000000       0.00000000000000
    1     -1     65649.0000000000       0.00000000000000       0.00000000000000       0.00000000000000
    1     -1     65649.0000000000       0.34343618027133       0.22974760816199      -0.43504899253358
    1     -1     65650.0000000000       0.34343618027133       0.22974760816199      -0.43504899253358
    1     -1     65651.0000000000       0.34343618027133       0.22974760816199      -0.43504899253358
    1     -1     65651.0000000000       0.00000000000000       0.00000000000000       0.00000000000000
    1     -1     65651.0000000000       0.00000000000000       0.00000000000000       0.00000000000000
    1     -1     65651.0000000000       0.34995257584113       0.22927714464050      -0.43007578970184
    1     -1     65652.0000000000       0.34995257584113       0.22927714464050      -0.43007578970184
    1     -1     65653.0000000000       0.34995257584113       0.22927714464050      -0.43007578970184
    1     -1     65653.0000000000       0.00000000000000       0.00000000000000       0.00000000000000
    1     -1     65653.0000000000       0.00000000000000       0.00000000000000       0.00000000000000
    1     -1     65653.0000000000       0.35633208785041       0.22873161263445      -0.42509915529181
    1     -1     65654.0000000000       0.35633208785041       0.22873161263445      -0.42509915529181
    1     -1     65655.0000000000       0.35633208785041       0.22873161263445      -0.42509915529181
    1     -1     65655.0000000000       0.00000000000000       0.00000000000000       0.00000000000000
    1     -1     65655.0000000000       0.00000000000000       0.00000000000000       0.00000000000000
    1     -1     65655.0000000000       0.36257838065259       0.22811331795989      -0.42012049620636
    1     -1     65656.0000000000       0.36257838065259       0.22811331795989      -0.42012049620636
    1     -1     65657.0000000000       0.36257838065259       0.22811331795989      -0.42012049620636
    1     -1     65657.0000000000       0.00000000000000       0.00000000000000       0.00000000000000
    1     -1     65657.0000000000       0.00000000000000       0.00000000000000       0.00000000000000
    1     -1     65657.0000000000       0.36869490248921       0.22742457139168      -0.41514109949002
    1     -1     65658.0000000000       0.36869490248921       0.22742457139168      -0.41514109949002
    1     -1     65659.0000000000       0.36869490248921       0.22742457139168      -0.41514109949002
    1     -1     65659.0000000000       0.00000000000000       0.00000000000000       0.00000000000000
    1     -1     65659.0000000000       0.00000000000000       0.00000000000000       0.00000000000000
    1     -1     65659.0000000000       0.37468489081017       0.22666769149449      -0.41016215026637
    1     -1     65660.0000000000       0.37468489081017       0.22666769149449      -0.41016215026637
    1     -1     65661.0000000000       0.37468489081017       0.22666769149449      -0.41016215026637
    1     -1     65661.0000000000       0.00000000000000       0.00000000000000       0.00000000000000
    1     -1     65661.0000000000       0.00000000000000       0.00000000000000       0.00000000000000
    1     -1     65661.0000000000       0.38055137867879       0.22584500723883      -0.40518474819638
    1     -1     65662.0000000000       0.38055137867879       0.22584500723883      -0.40518474819638
    1     -1     65663.0000000000       0.38055137867879       0.22584500723883      -0.40518474819638
    1     -1     65663.0000000000       0.00000000000000       0.00000000000000       0.00000000000000
    1     -1     65663.0000000000       0.00000000000000       0.00000000000000       0.00000000000000
    1     -1     65663.0000000000       0.38629720212123       0.22495886037236      -0.40020992248229
    1     -1     65664.0000000000       0.38629720212123       0.22495886037236      -0.40020992248229
    1     -1     65665.0000000000       0.38629720212123       0.22495886037236      -0.40020992248229
    1     -1     65665.0000000000       0.00000000000000       0.00000000000000       0.00000000000000
    1     -1     65665.0000000000       0.00000000000000       0.00000000000000       0.00000000000000
    1     -1     65665.0000000000       0.39192500824954       0.22401160750465      -0.39523864549380
    1     -1     65666.0000000000       0.39192500824954       0.22401160750465      -0.39523864549380
    1     -1     65667.0000000000       0.39192500824954       0.22401160750465      -0.39523864549380
    1     -1     65667.0000000000       0.00000000000000       0.00000000000000       0.00000000000000
    1     -1     65667.0000000000       0.00000000000000       0.00000000000000       0.00000000000000
    1     -1     65667.0000000000       0.39743726404260       0.22300562188831      -0.39027184504719
    1     -1     65668.0000000000       0.39743726404260       0.22300562188831      -0.39027184504719
    1     -1     65669.0000000000       0.39743726404260       0.22300562188831      -0.39027184504719
    1     -1     65669.0000000000       0.00000000000000       0.00000000000000       0.00000000000000
    1     -1     65669.0000000000       0.00000000000000       0.00000000000000       0.00000000000000
    1     -1     65669.0000000000       0.40283626564147       0.22194329486481      -0.38531041541669
    1     -1     65670.0000000000       0.40283626564147       0.22194329486481      -0.38531041541669
    1     -1     65671.0000000000       0.40283626564147       0.22194329486481      -0.38531041541669
    1     -1     65671.0000000000       0.00000000000000       0.00000000000000       0.00000000000000
    1     -1     65671.0000000000       0.00000000000000       0.00000000000000       0.00000000000000
    1     -1     65671.0000000000       0.40812414806643       0.22082703697158      -0.38035522710672
    1     -1     65672.0000000000       0.40812414806643       0.22082703697158      -0.38035522710672
    1     -1     65673.0000000000       0.40812414806643       0.22082703697158      -0.38035522710672
    1     -1     65673.0000000000       0.00000000000000       0.00000000000000       0.00000000000000
    1     -1     65673.0000000000       0.00000000000000       0.00000000000000       0.00000000000000
    1     -1     65673.0000000000       0.41330289522799       0.21965927868530      -0.37540713547243
    1     -1     65674.0000000000       0.41330289522799       0.21965927868530      -0.37540713547243
    1     -1     65675.0000000000       0.41330289522799       0.21965927868530      -0.37540713547243
    1     -1     65675.0000000000       0.00000000000000       0.00000000000000       0.00000000000000
    1     -1     65675.0000000000       0.00000000000000       0.00000000000000       0.00000000000000
    1     -1     65675.0000000000       0.41837435015893       0.21844247080769      -0.37046698821424
    1     -1     65676.0000000000       0.41837435015893       0.21844247080769      -0.37046698821424
    1     -1     65677.0000000000       0.41837435015893       0.21844247080769      -0.37046698821424
    1     -1     65677.0000000000       0.00000000000000       0.00000000000000       0.00000000000000
    1     -1     65677.0000000000       0.00000000000000       0.00000000000000       0.00000000000000
    1     -1     65677.0000000000       0.42334022535641       0.21717908447913      -0.36553563183360
    1     -1     65678.0000000000       0.42334022535641       0.21717908447913      -0.36553563183360
    1     -1     65679.0000000000       0.42334022535641       0.21717908447913      -0.36553563183360
    1     -1     65679.0000000000       0.00000000000000       0.00000000000000       0.00000000000000
    1     -1     65679.0000000000       0.00000000000000       0.00000000000000       0.00000000000000
    1     -1     65679.0000000000       0.42820211317527       0.21587161083246      -0.36061391707590
    1     -1     65680.0000000000       0.42820211317527       0.21587161083246      -0.36061391707590
    1     -1     65681.0000000000       0.42820211317527       0.21587161083246      -0.36061391707590
    1     -1     65681.0000000000       0.00000000000000       0.00000000000000       0.00000000000000
    1     -1     65681.0000000000       0.00000000000000       0.00000000000000       0.00000000000000
    1     -1     65681.0000000000       0.43296149617761       0.21452256028363      -0.35570270344348
    1     -1     65682.0000000000       0.43296149617761       0.21452256028363      -0.35570270344348
    1     -1     65683.0000000000       0.43296149617761       0.21452256028363      -0.35570270344348
    1     -1     65683.0000000000       0.00000000000000       0.00000000000000       0.00000000000000
    1     -1     65683.0000000000       0.00000000000000       0.00000000000000       0.00000000000000
    1     -1     65683.0000000000       0.43761975737732       0.21313446147145      -0.35080286282510
    1     -1     65684.0000000000       0.43761975737732       0.21313446147145      -0.35080286282510
    1     -1     65685.0000000000       0.43761975737732       0.21313446147145      -0.35080286282510
    1     -1     65685.0000000000       0.00000000000000       0.00000000000000       0.00000000000000
    1     -1     65685.0000000000       0.00000000000000       0.00000000000000       0.00000000000000
    1     -1     65685.0000000000       0.44217819031382       0.21170985986016      -0.34591528230014
    1     -1     65686.0000000000       0.44217819031382       0.21170985986016      -0.34591528230014
    1     -1     65687.0000000000       0.44217819031382       0.21170985986016      -0.34591528230014
    1     -1     65687.0000000000       0.00000000000000       0.00000000000000       0.00000000000000
    1     -1     65687.0000000000       0.00000000000000       0.00000000000000       0.00000000000000
    1     -1     65687.0000000000       0.44663800888347       0.21025131601480      -0.34104086619444
    1     -1     65688.0000000000       0.44663800888347       0.21025131601480      -0.34104086619444
    1     -1     65689.0000000000       0.44663800888347       0.21025131601480      -0.34104086619444
    1     -1     65689.0000000000       0.00000000000000       0.00000000000000       0.00000000000000
    1     -1     65689.0000000000       0.00000000000000       0.00000000000000       0.00000000000000
    1     -1     65689.0000000000       0.45100035687914       0.20876140357362      -0.33618053743913
    1     -1     65690.0000000000       0.45100035687914       0.20876140357362      -0.33618053743913
    1     -1     65691.0000000000       0.45100035687914       0.20876140357362      -0.33618053743913
    1     -1     65691.0000000000       0.00000000000000       0.00000000000000       0.00000000000000
    1     -1     65691.0000000000       0.00000000000000       0.00000000000000       0.00000000000000
    1     -1     65691.0000000000       0.45526631718980       0.20724270693318      -0.33133523829416
    1     -1     65692.0000000000       0.45526631718980       0.20724270693318      -0.33133523829416
    1     -1     65693.0000000000       0.45526631718980       0.20724270693318      -0.33133523829416
    1     -1     65693.0000000000       0.00000000000000       0.00000000000000       0.00000000000000
    1  25792     65693.0000000000     -329609751.467608213       -8018980.216168790        8127658.209599966       -1.3682797015804      -20.8010078097205       -1.2929250363672        1820.4700505959
    1  25792     65693.0000000000     -329609751.467608213       -8018980.216168790        8127658.209599966       -1.3682797015804      -20.8010078097205       -1.2929250363672        1780.4700505959
    1     -1     65693.0000000000       0.00000000000000       0.00000000000000       0.00000000000000
    1     -1     65693.0000000000       0.03054193033494      -0.03312443324598       0.59830590979327
    1     -1     65694.0000000000       0.03054193033494      -0.03312443324598       0.59830590979327
    1     -1     65695.0000000000       0.03054193033494      -0.03312443324598       0.59830590979327
    1     -1     65695.0000000000       0.00000000000000       0.00000000000000       0.00000000000000
    1     -1     65695.0000000000       0.00000000000000       0.00000000000000       0.00000000000000
    1     -1     65695.0000000000       0.03234037427236      -0.03085473424554       0.59833275428190
    1     -1     65696.0000000000       0.03234037427236      -0.03085473424554       0.59833275428190
    1     -1     65697.0000000000       0.03234037427236      -0.03085473424554       0.59833275428190
    1     -1     65697.0000000000       0.00000000000000       0.00000000000000       0.00000000000000
    1     -1     65697.0000000000       0.00000000000000       0.00000000000000       0.00000000000000
    1     -1     65697.0000000000       0.03419682458865      -0.02851697308908       0.59834551783555
    1     -1     65698.0000000000       0.03419682458865      -0.02851697308908       0.59834551783555
    1     -1     65699.0000000000       0.03419682458865      -0.02851697308908       0.59834551783555
    1     -1     65699.0000000000       0.00000000000000       0.00000000000000       0.00000000000000
    1     -1     65699.0000000000       0.00000000000000       0.00000000000000       0.00000000000000
    1     -1     65699.0000000000       0.03611469611044      -0.02610760769605       0.59834281212800
    1     -1     65700.0000000000       0.03611469611044      -0.02610760769605       0.59834281212800
    1     -1     65701.0000000000       0.03611469611044      -0.02610760769605       0.59834281212800
    1     -1     65701.0000000000       0.00000000000000       0.00000000000000       0.00000000000000
    1     -1     65701.0000000000       0.00000000000000       0.00000000000000       0.00000000000000
    1     -1     65701.0000000000       0.03809762524495      -0.02362285234878       0.59832309923452
    1     -1     65702.0000000000       0.03809762524495      -0.02362285234878       0.59832309923452
    1     -1     65703.0000000000       0.03809762524495      -0.02362285234878       0.59832309923452
    1     -1     65703.0000000000       0.00000000000000       0.00000000000000       0.00000000000000
    1     -1     65703.0000000000       0.00000000000000       0.00000000000000       0.00000000000000
    1     -1     65703.0000000000       0.04014948367757      -0.02105866330575       0.59828467383028
    1     -1     65704.0000000000       0.04014948367757      -0.02105866330575       0.59828467383028
    1     -1     65705.0000000000       0.04014948367757      -0.02105866330575       0.59828467383028
    1     -1     65705.0000000000       0.00000000000000       0.00000000000000       0.00000000000000
    1     -1     65705.0000000000       0.00000000000000       0.00000000000000       0.00000000000000
    1     -1     65705.0000000000       0.04227439648439      -0.01841071778524       0.59822564317531
    1     -1     65706.0000000000       0.04227439648439      -0.01841071778524       0.59822564317531
    1     -1     65707.0000000000       0.04227439648439      -0.01841071778524       0.59822564317531
    1     -1     65707.0000000000       0.00000000000000       0.00000000000000       0.00000000000000
    1     -1     65707.0000000000       0.00000000000000       0.00000000000000       0.00000000000000
    1     -1     65707.0000000000       0.04447676072597      -0.01567439451950       0.59814390441747
    1     -1     65708.0000000000       0.04447676072597      -0.01567439451950       0.59814390441747
    1     -1     65709.0000000000       0.04447676072597      -0.01567439451950       0.59814390441747
    1     -1     65709.0000000000       0.00000000000000       0.00000000000000       0.00000000000000
    1     -1     65709.0000000000       0.00000000000000       0.00000000000000       0.00000000000000
    1     -1     65709.0000000000       0.04676126770722      -0.01284474584072       0.59803711893720
    1     -1     65710.0000000000       0.04676126770722      -0.01284474584072       0.59803711893720
    1     -1     65711.0000000000       0.04676126770722      -0.01284474584072       0.59803711893720
    1     -1     65711.0000000000       0.00000000000000       0.00000000000000       0.00000000000000
    1     -1     65711.0000000000       0.00000000000000       0.00000000000000       0.00000000000000
    1     -1     65711.0000000000       0.04913292579880      -0.00991647431799       0.59790268306770
    1     -1     65712.0000000000       0.04913292579880      -0.00991647431799       0.59790268306770
    1     -1     65713.0000000000       0.04913292579880      -0.00991647431799       0.59790268306770
    1     -1     65713.0000000000       0.00000000000000       0.00000000000000       0.00000000000000
    1     -1     65713.0000000000       0.00000000000000       0.00000000000000       0.00000000000000
    1     -1     65713.0000000000       0.05159708231526      -0.00688390637869       0.59773769515526
    1     -1     65714.0000000000       0.05159708231526      -0.00688390637869       0.59773769515526
    1     -1     65715.0000000000       0.05159708231526      -0.00688390637869       0.59773769515526
    1     -1     65715.0000000000       0.00000000000000       0.00000000000000       0.00000000000000
    1     -1     65715.0000000000       0.00000000000000       0.00000000000000       0.00000000000000
    1     -1     65715.0000000000       0.05415945417667      -0.00374095688590       0.59753891759856
    1     -1     65716.0000000000       0.05415945417667      -0.00374095688590       0.59753891759856
    1     -1     65717.0000000000       0.05415945417667      -0.00374095688590       0.59753891759856
    1     -1     65717.0000000000       0.00000000000000       0.00000000000000       0.00000000000000
    1     -1     65717.0000000000       0.00000000000000       0.00000000000000       0.00000000000000
    1     -1     65717.0000000000       0.05682615216935      -0.00048110167515       0.59730273417322
    1     -1     65718.0000000000       0.05682615216935      -0.00048110167515       0.59730273417322
    1     -1     65719.0000000000       0.05682615216935      -0.00048110167515       0.59730273417322
    1     -1     65719.0000000000       0.00000000000000       0.00000000000000       0.00000000000000
    1     -1     65719.0000000000       0.00000000000000       0.00000000000000       0.00000000000000
    1     -1     65719.0000000000       0.05960371527423       0.00290266236846       0.59702510077608
    1     -1     65720.0000000000       0.05960371527423       0.00290266236846       0.59702510077608
    1     -1     65721.0000000000       0.05960371527423       0.00290266236846       0.59702510077608
    1     -1     65721.0000000000       0.00000000000000       0.00000000000000       0.00000000000000
    1     -1     65721.0000000000       0.00000000000000       0.00000000000000       0.00000000000000
    1     -1     65721.0000000000       0.06249914043683       0.00641785235337       0.59670148977175
    1     -1     65722.0000000000       0.06249914043683       0.00641785235337       0.59670148977175
    1     -1     65723.0000000000       0.06249914043683       0.00641785235337       0.59670148977175
    1     -1     65723.0000000000       0.00000000000000       0.00000000000000       0.00000000000000
    1     -1     65723.0000000000       0.00000000000000       0.00000000000000       0.00000000000000
    1     -1     65723.0000000000       0.06551991959596       0.01007254235392       0.59632682591568
    1     -1     65724.0000000000       0.06551991959596       0.01007254235392       0.59632682591568
    1     -1     65725.0000000000       0.06551991959596       0.01007254235392       0.59632682591568
    1     -1     65725.0000000000       0.00000000000000       0.00000000000000       0.00000000000000
    1     -1     65725.0000000000       0.00000000000000       0.00000000000000       0.00000000000000
    1     -1     65725.0000000000       0.06867407662899       0.01387540751017       0.59589541326107
    1     -1     65726.0000000000       0.06867407662899       0.01387540751017       0.59589541326107
    1     -1     65727.0000000000       0.06867407662899       0.01387540751017       0.59589541326107
    1     -1     65727.0000000000       0.00000000000000       0.00000000000000       0.00000000000000
    1     -1     65727.0000000000       0.00000000000000       0.00000000000000       0.00000000000000
    1     -1     65727.0000000000       0.07197020674188       0.01783577079650       0.59540085144516
    1     -1     65728.0000000000       0.07197020674188       0.01783577079650       0.59540085144516
    1     -1     65729.0000000000       0.07197020674188       0.01783577079650       0.59540085144516
    1     -1     65729.0000000000       0.00000000000000       0.00000000000000       0.00000000000000
    1     -1     65729.0000000000       0.00000000000000       0.00000000000000       0.00000000000000
    1     -1     65729.0000000000       0.07541751948500       0.02196365504175       0.59483593947570
    1     -1     65730.0000000000       0.07541751948500       0.02196365504175       0.59483593947570
    1     -1     65731.0000000000       0.07541751948500       0.02196365504175       0.59483593947570
    1     -1     65731.0000000000       0.00000000000000       0.00000000000000       0.00000000000000
    1     -1     65731.0000000000       0.00000000000000       0.00000000000000       0.00000000000000
    1     -1     65731.0000000000       0.07902588139635       0.02626983460002       0.59419256570544
    1     -1     65732.0000000000       0.07902588139635       0.02626983460002       0.59419256570544
    1     -1     65733.0000000000       0.07902588139635       0.02626983460002       0.59419256570544
    1     -1     65733.0000000000       0.00000000000000       0.00000000000000       0.00000000000000
    1     -1     65733.0000000000       0.00000000000000       0.00000000000000       0.00000000000000
    1     -1     65733.0000000000       0.08280586187312       0.03076589163605       0.59346158125972
    1     -1     65734.0000000000       0.08280586187312       0.03076589163605       0.59346158125972
    1     -1     65735.0000000000       0.08280586187312       0.03076589163605       0.59346158125972
    1     -1     65735.0000000000       0.00000000000000       0.00000000000000       0.00000000000000
    1     -1     65735.0000000000       0.00000000000000       0.00000000000000       0.00000000000000
    1     -1     65735.0000000000       0.08676878031112       0.03546427609277       0.59263265448719
    1     -1     65736.0000000000       0.08676878031112       0.03546427609277       0.59263265448719
    1     -1     65737.0000000000       0.08676878031112       0.03546427609277       0.59263265448719
    1     -1     65737.0000000000       0.00000000000000       0.00000000000000       0.00000000000000
    1     -1     65737.0000000000       0.00000000000000       0.00000000000000       0.00000000000000
    1     -1     65737.0000000000       0.09092675166458       0.04037836464610       0.59169410406073
    1     -1     65738.0000000000       0.09092675166458       0.04037836464610       0.59169410406073
    1     -1     65739.0000000000       0.09092675166458       0.04037836464610       0.59169410406073
    1     -1     65739.0000000000       0.00000000000000       0.00000000000000       0.00000000000000
    1     -1     65739.0000000000       0.00000000000000       0.00000000000000       0.00000000000000
    1     -1     65739.0000000000       0.09529273332251       0.04552252053756       0.59063270683212
    1     -1     65740.0000000000       0.09529273332251       0.04552252053756       0.59063270683212
    1     -1     65741.0000000000       0.09529273332251       0.04552252053756       0.59063270683212
    1     -1     65741.0000000000       0.00000000000000       0.00000000000000       0.00000000000000
    1     -1     65741.0000000000       0.00000000000000       0.00000000000000       0.00000000000000
    1     -1     65741.0000000000       0.09988056642834       0.05091215363353       0.58943347745301
    1     -1     65742.0000000000       0.09988056642834       0.05091215363353       0.58943347745301
    1     -1     65743.0000000000       0.09988056642834       0.05091215363353       0.58943347745301
    1     -1     65743.0000000000       0.00000000000000       0.00000000000000       0.00000000000000
    1     -1     65743.0000000000       0.00000000000000       0.00000000000000       0.00000000000000
    1     -1     65743.0000000000       0.10470501524394       0.05656377645747       0.58807941492254
    1     -1     65744.0000000000       0.10470501524394       0.05656377645747       0.58807941492254
    1     -1     65745.0000000000       0.10470501524394       0.05656377645747       0.58807941492254
    1     -1     65745.0000000000       0.00000000000000       0.00000000000000       0.00000000000000
    1     -1     65745.0000000000       0.00000000000000       0.00000000000000       0.00000000000000
    1     -1     65745.0000000000       0.09657002275853       0.05497399583046       0.51596265735329
    1     -1     65746.0000000000       0.09657002275853       0.05497399583046       0.51596265735329
    1     -1     65747.0000000000       0.09657002275853       0.05497399583046       0.51596265735329
    1     -1     65747.0000000000       0.00000000000000       0.00000000000000       0.00000000000000
    1     -1     65859.0000000000       0.00000000000000       0.00000000000000       0.00000000000000
    1     -1     65859.0000000000       0.04043677416869       0.04527083750395      -0.04902209649569
    1     -1     65860.0000000000       0.04043677416869       0.04527083750395      -0.04902209649569
    1     -1     65861.0000000000       0.04043677416869       0.04527083750395      -0.04902209649569
    1     -1     65861.0000000000       0.00000000000000       0.00000000000000       0.00000000000000
    1     -1     65861.0000000000       0.00000000000000       0.00000000000000       0.00000000000000
    1     -1     65861.0000000000       0.30730340661048       0.34462310643958      -0.38314426796382
    1     -1     65862.0000000000       0.30730340661048       0.34462310643958      -0.38314426796382
    1     -1     65863.0000000000       0.30730340661048       0.34462310643958      -0.38314426796382
    1     -1     65863.0000000000       0.00000000000000       0.00000000000000       0.00000000000000
    1     -1     65863.0000000000       0.00000000000000       0.00000000000000       0.00000000000000
    1     -1     65863.0000000000       0.30382302531771       0.34128288676176      -0.38886702067720
    1     -1     65864.0000000000       0.30382302531771       0.34128288676176      -0.38886702067720
    1     -1     65865.0000000000       0.30382302531771       0.34128288676176      -0.38886702067720
    1     -1     65865.0000000000       0.00000000000000       0.00000000000000       0.00000000000000
    1     -1     65865.0000000000       0.00000000000000       0.00000000000000       0.00000000000000
    1     -1     65865.0000000000       0.30050861197933       0.33810531839286      -0.39418189593222
    1     -1     65866.0000000000       0.30050861197933       0.33810531839286      -0.39418189593222
    1     -1     65867.0000000000       0.30050861197933       0.33810531839286      -0.39418189593222
    1     -1     65867.0000000000       0.00000000000000       0.00000000000000       0.00000000000000
    1     -1     65867.0000000000       0.00000000000000       0.00000000000000       0.00000000000000
    1     -1     65867.0000000000       0.29735374668284       0.33508625734997      -0.39912147116995
    1     -1     65868.0000000000       0.29735374668284       0.33508625734997      -0.39912147116995
    1     -1     65869.0000000000       0.29735374668284       0.33508625734997      -0.39912147116995
    1     -1     65869.0000000000       0.00000000000000       0.00000000000000       0.00000000000000
    1     -1     65869.0000000000       0.00000000000000       0.00000000000000       0.00000000000000
    1     -1     65869.0000000000       0.29435188875177       0.33222121060311      -0.40371528593016
    1     -1     65870.0000000000       0.29435188875177       0.33222121060311      -0.40371528593016
    1     -1     65871.0000000000       0.29435188875177       0.33222121060311      -0.40371528593016
    1     -1     65871.0000000000       0.00000000000000       0.00000000000000       0.00000000000000
    1     -1     65871.0000000000       0.00000000000000       0.00000000000000       0.00000000000000
    1     -1     65871.0000000000       0.29149648083462       0.32950546422976      -0.40799013466475
    1     -1     65872.0000000000       0.29149648083462       0.32950546422976      -0.40799013466475
    1     -1     65873.0000000000       0.29149648083462       0.32950546422976      -0.40799013466475
    1     -1     65873.0000000000       0.00000000000000       0.00000000000000       0.00000000000000
    1     -1     65873.0000000000       0.00000000000000       0.00000000000000       0.00000000000000
    1     -1     65873.0000000000       0.28878102623187       0.32693418734587      -0.41197033304955
    1     -1     65874.0000000000       0.28878102623187       0.32693418734587      -0.41197033304955
    1     -1     65875.0000000000       0.28878102623187       0.32693418734587      -0.41197033304955
    1     -1     65875.0000000000       0.00000000000000       0.00000000000000       0.00000000000000
    1     -1     65875.0000000000       0.00000000000000       0.00000000000000       0.00000000000000
    1     -1     65875.0000000000       0.28619914602816       0.32450251046124      -0.41567796284757
    1     -1     65876.0000000000       0.28619914602816       0.32450251046124      -0.41567796284757
    1     -1     65877.0000000000       0.28619914602816       0.32450251046124      -0.41567796284757
    1     -1     65877.0000000000       0.00000000000000       0.00000000000000       0.00000000000000
    1     -1     65877.0000000000       0.00000000000000       0.00000000000000       0.00000000000000
    1     -1     65877.0000000000       0.28374462054425       0.32220558562491      -0.41913309364008
    1     -1     65878.0000000000       0.28374462054425       0.32220558562491      -0.41913309364008
    1     -1     65879.0000000000       0.28374462054425       0.32220558562491      -0.41913309364008
    1     -1     65879.0000000000       0.00000000000000       0.00000000000000       0.00000000000000
    1     -1     65879.0000000000       0.00000000000000       0.00000000000000       0.00000000000000
    1     -1     65879.0000000000       0.28141141813109       0.32003863210134      -0.42235398303810
    1     -1     65880.0000000000       0.28141141813109       0.32003863210134      -0.42235398303810
    1     -1     65881.0000000000       0.28141141813109       0.32003863210134      -0.42235398303810
    1     -1     65881.0000000000       0.00000000000000       0.00000000000000       0.00000000000000
    1     -1     65881.0000000000       0.00000000000000       0.00000000000000       0.00000000000000
    1     -1     65881.0000000000       0.27919371579694       0.31799697177088      -0.42535725488587
    1     -1     65882.0000000000       0.27919371579694       0.31799697177088      -0.42535725488587
    1     -1     65883.0000000000       0.27919371579694       0.31799697177088      -0.42535725488587
    1     -1     65883.0000000000       0.00000000000000       0.00000000000000       0.00000000000000
    1     -1     65883.0000000000       0.00000000000000       0.00000000000000       0.00000000000000
    1     -1     65883.0000000000       0.27708590978389       0.31607605196311      -0.42815806340024
    1     -1     65884.0000000000       0.27708590978389       0.31607605196311      -0.42815806340024
    1     -1     65885.0000000000       0.27708590978389       0.31607605196311      -0.42815806340024
    1     -1     65885.0000000000       0.00000000000000       0.00000000000000       0.00000000000000
    1     -1     65885.0000000000       0.00000000000000       0.00000000000000       0.00000000000000
    1     -1     65885.0000000000       0.27508262417613       0.31427146486878      -0.43077023518996
    1     -1     65886.0000000000       0.27508262417613       0.31427146486878      -0.43077023518996
    1     -1     65887.0000000000       0.27508262417613       0.31427146486878      -0.43077023518996
    1     -1     65887.0000000000       0.00000000000000       0.00000000000000       0.00000000000000
    1     -1     65887.0000000000       0.00000000000000       0.00000000000000       0.00000000000000
    1     -1     65887.0000000000       0.27317871100045       0.31257895826979      -0.43320640113357
    1     -1     65888.0000000000       0.27317871100045       0.31257895826979      -0.43320640113357
    1     -1     65889.0000000000       0.27317871100045       0.31257895826979      -0.43320640113357
    1     -1     65889.0000000000       0.00000000000000       0.00000000000000       0.00000000000000
    1     -1     65889.0000000000       0.00000000000000       0.00000000000000       0.00000000000000
    1     -1     65889.0000000000       0.27136924981261       0.31099444235629      -0.43547811237724
    1     -1     65890.0000000000       0.27136924981261       0.31099444235629      -0.43547811237724
    1     -1     65891.0000000000       0.27136924981261       0.31099444235629      -0.43547811237724
    1     -1     65891.0000000000       0.00000000000000       0.00000000000000       0.00000000000000
    1     -1     65891.0000000000       0.00000000000000       0.00000000000000       0.00000000000000
    1     -1     65891.0000000000       0.26964954407898       0.30951399430770      -0.43759594374913
    1     -1     65892.0000000000       0.26964954407898       0.30951399430770      -0.43759594374913
    1     -1     65893.0000000000       0.26964954407898       0.30951399430770      -0.43759594374913
    1     -1     65893.0000000000       0.00000000000000       0.00000000000000       0.00000000000000
    1     -1     65893.0000000000       0.00000000000000       0.00000000000000       0.00000000000000
    1     -1     65893.0000000000       0.26801511481617       0.30813385779671      -0.43956958856294
    1     -1     65894.0000000000       0.26801511481617       0.30813385779671      -0.43956958856294
    1     -1     65895.0000000000       0.26801511481617       0.30813385779671      -0.43956958856294
    1     -1     65895.0000000000       0.00000000000000       0.00000000000000       0.00000000000000
    1     -1     65895.0000000000       0.00000000000000       0.00000000000000       0.00000000000000
    1     -1     65895.0000000000       0.26646169488653       0.30685044284090      -0.44140794076064
    1     -1     65896.0000000000       0.26646169488653       0.30685044284090      -0.44140794076064
    1     -1     65897.0000000000       0.26646169488653       0.30685044284090      -0.44140794076064
    1     -1     65897.0000000000       0.00000000000000       0.00000000000000       0.00000000000000
    1     -1     65897.0000000000       0.00000000000000       0.00000000000000       0.00000000000000
    1     -1     65897.0000000000       0.26498521738089       0.30566031561731      -0.44311917524173
    1     -1     65898.0000000000       0.26498521738089       0.30566031561731      -0.44311917524173
    1     -1     65899.0000000000       0.26498521738089       0.30566031561731      -0.44311917524173
    1     -1     65899.0000000000       0.00000000000000       0.00000000000000       0.00000000000000
    1     -1     65899.0000000000       0.00000000000000       0.00000000000000       0.00000000000000
    1     -1     65899.0000000000       0.26358181745410       0.30456022663631      -0.44471079719165
    1     -1     65900.0000000000       0.26358181745410       0.30456022663631      -0.44471079719165
    1     -1     65901.0000000000       0.26358181745410       0.30456022663631      -0.44471079719165
    1     -1     65901.0000000000       0.00000000000000       0.00000000000000       0.00000000000000
    1     -1     65901.0000000000       0.00000000000000       0.00000000000000       0.00000000000000
    1     -1     65901.0000000000       0.26224780633978       0.30354704356652      -0.44618973508139
    1     -1     65902.0000000000       0.26224780633978       0.30354704356652      -0.44618973508139
    1     -1     65903.0000000000       0.26224780633978       0.30354704356652      -0.44618973508139
    1     -1     65903.0000000000       0.00000000000000       0.00000000000000       0.00000000000000
    1   9595     65903.0000000000     -181588137.488441378     -318015903.428455949        4726328.219744380       15.7505445640374      -10.3361390718151       -0.9739544173359        1653.5754137202
    1   9595     65903.0000000000     -181588137.488441378     -318015903.428455949        4726328.219744380       15.7505445640374      -10.3361390718151       -0.9739544173359        1613.5754137202
    1     -1     65903.0000000000       0.00000000000000       0.00000000000000       0.00000000000000
    1     -1     65903.0000000000      -0.37115848123434      -0.31968335267921       0.34647357057587
    1     -1     65904.0000000000      -0.37115848123434      -0.31968335267921       0.34647357057587
    1     -1     65905.0000000000      -0.37115848123434      -0.31968335267921       0.34647357057587
    1     -1     65905.0000000000       0.00000000000000       0.00000000000000       0.00000000000000
    1     -1     65905.0000000000       0.00000000000000       0.00000000000000       0.00000000000000
    1     -1     65905.0000000000      -0.37101188556112      -0.31984454697774       0.34648181167413
    1     -1     65906.0000000000      -0.37101188556112      -0.31984454697774       0.34648181167413
    1     -1     65907.0000000000      -0.37101188556112      -0.31984454697774       0.34648181167413
    1     -1     65907.0000000000       0.00000000000000       0.00000000000000       0.00000000000000
    1     -1     65907.0000000000       0.00000000000000       0.00000000000000       0.00000000000000
    1     -1     65907.0000000000      -0.37086222460846      -0.32006225064704       0.34644099836656
    1     -1     65908.0000000000      -0.37086222460846      -0.32006225064704       0.34644099836656
    1     -1     65909.0000000000      -0.37086222460846      -0.32006225064704       0.34644099836656
    1     -1     65909.0000000000       0.00000000000000       0.00000000000000       0.00000000000000
    1     -1     65909.0000000000       0.00000000000000       0.00000000000000       0.00000000000000
    1     -1     65909.0000000000      -0.37070868371019      -0.32033825607059       0.34635021697627
    1     -1     65910.0000000000      -0.37070868371019      -0.32033825607059       0.34635021697627
    1     -1     65911.0000000000      -0.37070868371019      -0.32033825607059       0.34635021697627
    1     -1     65911.0000000000       0.00000000000000       0.00000000000000       0.00000000000000
    1     -1     65911.0000000000       0.00000000000000       0.00000000000000       0.00000000000000
    1     -1     65911.0000000000      -0.37055041328128      -0.32067438887210       0.34620850194439
    1     -1     65912.0000000000      -0.37055041328128      -0.32067438887210       0.34620850194439
    1     -1     65913.0000000000      -0.37055041328128      -0.32067438887210       0.34620850194439
    1     -1     65913.0000000000       0.00000000000000       0.00000000000000       0.00000000000000
    1     -1     65913.0000000000       0.00000000000000       0.00000000000000       0.00000000000000
    1     -1     65913.0000000000      -0.37038652610651      -0.32107251075003       0.34601483118419
    1     -1     65914.0000000000      -0.37038652610651      -0.32107251075003       0.34601483118419
    1     -1     65915.0000000000      -0.37038652610651      -0.32107251075003       0.34601483118419
    1     -1     65915.0000000000       0.00000000000000       0.00000000000000       0.00000000000000
    1     -1     65915.0000000000       0.00000000000000       0.00000000000000       0.00000000000000
    1     -1     65915.0000000000      -0.37021609445191      -0.32153452243199       0.34576812110605
    1     -1     65916.0000000000      -0.37021609445191      -0.32153452243199       0.34576812110605
    1     -1     65917.0000000000      -0.37021609445191      -0.32153452243199       0.34576812110605
    1     -1     65917.0000000000       0.00000000000000       0.00000000000000       0.00000000000000
    1     -1     65917.0000000000       0.00000000000000       0.00000000000000       0.00000000000000
    1     -1     65917.0000000000      -0.37003814694522      -0.32206236666843       0.34546722139919
    1     -1     65918.0000000000      -0.37003814694522      -0.32206236666843       0.34546722139919
    1     -1     65919.0000000000      -0.37003814694522      -0.32206236666843       0.34546722139919
    1     -1     65919.0000000000       0.00000000000000       0.00000000000000       0.00000000000000
    1     -1     65919.0000000000       0.00000000000000       0.00000000000000       0.00000000000000
    1     -1     65919.0000000000      -0.36985166530309      -0.32265803097085       0.34511090971244
    1     -1     65920.0000000000      -0.36985166530309      -0.32265803097085       0.34511090971244
    1     -1     65921.0000000000      -0.36985166530309      -0.32265803097085       0.34511090971244
    1     -1     65921.0000000000       0.00000000000000       0.00000000000000       0.00000000000000
    1     -1     65921.0000000000       0.00000000000000       0.00000000000000       0.00000000000000
    1     -1     65921.0000000000      -0.36965558089332      -0.32332355014227       0.34469788615225
    1     -1     65922.0000000000      -0.36965558089332      -0.32332355014227       0.34469788615225
    1     -1     65923.0000000000      -0.36965558089332      -0.32332355014227       0.34469788615225
    1     -1     65923.0000000000       0.00000000000000       0.00000000000000       0.00000000000000
    1     -1     65923.0000000000       0.00000000000000       0.00000000000000       0.00000000000000
    1     -1     65923.0000000000      -0.36944877100361      -0.32406100893948       0.34422676736281
    1     -1     65924.0000000000      -0.36944877100361      -0.32406100893948       0.34422676736281
    1     -1     65925.0000000000      -0.36944877100361      -0.32406100893948       0.34422676736281
    1     -1     65925.0000000000       0.00000000000000       0.00000000000000       0.00000000000000
    1     -1     65925.0000000000       0.00000000000000       0.00000000000000       0.00000000000000
    1     -1     65925.0000000000      -0.36923005467445      -0.32487254514023       0.34369608001723
    1     -1     65926.0000000000      -0.36923005467445      -0.32487254514023       0.34369608001723
    1     -1     65927.0000000000      -0.36923005467445      -0.32487254514023       0.34369608001723
    1     -1     65927.0000000000       0.00000000000000       0.00000000000000       0.00000000000000
    1     -1     65927.0000000000       0.00000000000000       0.00000000000000       0.00000000000000
    1     -1     65927.0000000000      -0.36899818803378      -0.32576035298838       0.34310425373153
    1     -1     65928.0000000000      -0.36899818803378      -0.32576035298838       0.34310425373153
    1     -1     65929.0000000000      -0.36899818803378      -0.32576035298838       0.34310425373153
    1     -1     65929.0000000000       0.00000000000000       0.00000000000000       0.00000000000000
    1     -1     65929.0000000000       0.00000000000000       0.00000000000000       0.00000000000000
    1     -1     65929.0000000000      -0.36875185918604      -0.32672668675554       0.34244961350334
    1     -1     65930.0000000000      -0.36875185918604      -0.32672668675554       0.34244961350334
    1     -1     65931.0000000000      -0.36875185918604      -0.32672668675554       0.34244961350334
    1     -1     65931.0000000000       0.00000000000000       0.00000000000000       0.00000000000000
    1     -1     65931.0000000000       0.00000000000000       0.00000000000000       0.00000000000000
    1     -1     65931.0000000000      -0.36848968268208      -0.32777386425313       0.34173037171055
    1     -1     65932.0000000000      -0.36848968268208      -0.32777386425313       0.34173037171055
    1     -1     65933.0000000000      -0.36848968268208      -0.32777386425313       0.34173037171055
    1     -1     65933.0000000000       0.00000000000000       0.00000000000000       0.00000000000000
    1     -1     65933.0000000000       0.00000000000000       0.00000000000000       0.00000000000000
    1     -1     65933.0000000000      -0.36821019347867      -0.32890427039405       0.34094461957180
    1     -1     65934.0000000000      -0.36821019347867      -0.32890427039405       0.34094461957180
    1     -1     65935.0000000000      -0.36821019347867      -0.32890427039405       0.34094461957180
    1     -1     65935.0000000000       0.00000000000000       0.00000000000000       0.00000000000000
    1     -1     65935.0000000000       0.00000000000000       0.00000000000000       0.00000000000000
    1     -1     65935.0000000000      -0.36791184042599      -0.33012036062206       0.34009031808789
    1     -1     65936.0000000000      -0.36791184042599      -0.33012036062206       0.34009031808789
    1     -1     65937.0000000000      -0.36791184042599      -0.33012036062206       0.34009031808789
    1     -1     65937.0000000000       0.00000000000000       0.00000000000000       0.00000000000000
    1     -1     65937.0000000000       0.00000000000000       0.00000000000000       0.00000000000000
    1     -1     65937.0000000000      -0.36759297915997      -0.33142466434430       0.33916528834266
    1     -1     65938.0000000000      -0.36759297915997      -0.33142466434430       0.33916528834266
    1     -1     65939.0000000000      -0.36759297915997      -0.33142466434430       0.33916528834266
    1     -1     65939.0000000000       0.00000000000000       0.00000000000000       0.00000000000000
    1     -1     65939.0000000000       0.00000000000000       0.00000000000000       0.00000000000000
    1     -1     65939.0000000000      -0.36725186438502      -0.33281978825315       0.33816720114886
    1     -1     65940.0000000000      -0.36725186438502      -0.33281978825315       0.33816720114886
    1     -1     65941.0000000000      -0.36725186438502      -0.33281978825315       0.33816720114886
    1     -1     65941.0000000000       0.00000000000000       0.00000000000000       0.00000000000000
    1     -1     65941.0000000000       0.00000000000000       0.00000000000000       0.00000000000000
    1     -1     65941.0000000000      -0.36688664146004      -0.33430841954773       0.33709356596897
    1     -1     65942.0000000000      -0.36688664146004      -0.33430841954773       0.33709356596897
    1     -1     65943.0000000000      -0.36688664146004      -0.33430841954773       0.33709356596897
    1     -1     65943.0000000000       0.00000000000000       0.00000000000000       0.00000000000000
    1     -1     65943.0000000000       0.00000000000000       0.00000000000000       0.00000000000000
    1     -1     65943.0000000000      -0.36649533724381      -0.33589332897093       0.33594171906950
    1     -1     65944.0000000000      -0.36649533724381      -0.33589332897093       0.33594171906950
    1     -1     65945.0000000000      -0.36649533724381      -0.33589332897093       0.33594171906950
    1     -1     65945.0000000000       0.00000000000000       0.00000000000000       0.00000000000000
    1     -1     65945.0000000000       0.00000000000000       0.00000000000000       0.00000000000000
    1     -1     65945.0000000000      -0.36607585003388      -0.33757737380547       0.33470881075432
    1     -1     65946.0000000000      -0.36607585003388      -0.33757737380547       0.33470881075432
    1     -1     65947.0000000000      -0.36607585003388      -0.33757737380547       0.33470881075432
    1     -1     65947.0000000000       0.00000000000000       0.00000000000000       0.00000000000000
    1     -1     65947.0000000000       0.00000000000000       0.00000000000000       0.00000000000000
    1     -1     65947.0000000000      -0.36562593839187      -0.33936350099749       0.33339179150932
    1     -1     65948.0000000000      -0.36562593839187      -0.33936350099749       0.33339179150932
    1     -1     65949.0000000000      -0.36562593839187      -0.33936350099749       0.33339179150932
    1     -1     65949.0000000000       0.00000000000000       0.00000000000000       0.00000000000000
    1     -1     65949.0000000000       0.00000000000000       0.00000000000000       0.00000000000000
    1     -1     65949.0000000000      -0.36514320851684      -0.34125475043339       0.33198739714132
    1     -1     65950.0000000000      -0.36514320851684      -0.34125475043339       0.33198739714132
    1     -1     65951.0000000000      -0.36514320851684      -0.34125475043339       0.33198739714132
    1     -1     65951.0000000000       0.00000000000000       0.00000000000000       0.00000000000000
    1     -1     65951.0000000000       0.00000000000000       0.00000000000000       0.00000000000000
    1     -1     65951.0000000000      -0.36462510157731      -0.34325425613577       0.33049213337751
    1     -1     65952.0000000000      -0.36462510157731      -0.34325425613577       0.33049213337751
    1     -1     65953.0000000000      -0.36462510157731      -0.34325425613577       0.33049213337751
    1     -1     65953.0000000000       0.00000000000000       0.00000000000000       0.00000000000000
    1     -1     65953.0000000000       0.00000000000000       0.00000000000000       0.00000000000000
    1     -1     65953.0000000000      -0.31045158871420      -0.29450241132243       0.28046405252337
    1     -1     65954.0000000000      -0.31045158871420      -0.29450241132243       0.28046405252337
    1     -1     65955.0000000000      -0.31045158871420      -0.29450241132243       0.28046405252337
    1     -1     65955.0000000000       0.00000000000000       0.00000000000000       0.00000000000000
    1     -1     66165.0000000000       0.00000000000000       0.00000000000000       0.00000000000000
    1     -1     66165.0000000000       0.12215620847217      -0.08595371484397      -0.15229383582771
    1     -1     66166.0000000000       0.12215620847217      -0.08595371484397      -0.15229383582771
    1     -1     66167.0000000000       0.12215620847217      -0.08595371484397      -0.15229383582771
    1     -1     66167.0000000000       0.00000000000000       0.00000000000000       0.00000000000000
    1     -1     66167.0000000000       0.00000000000000       0.00000000000000       0.00000000000000
    1     -1     66167.0000000000       0.34542778252238      -0.23917328060081      -0.42834073841782
    1     -1     66168.0000000000       0.34542778252238      -0.23917328060081      -0.42834073841782
    1     -1     66169.0000000000       0.34542778252238      -0.23917328060081      -0.42834073841782
    1     -1     66169.0000000000       0.00000000000000       0.00000000000000       0.00000000000000
    1     -1     66169.0000000000       0.00000000000000       0.00000000000000       0.00000000000000
    1     -1     66169.0000000000       0.34720910649263      -0.23669707345819      -0.42827599870285
    1     -1     66170.0000000000       0.34720910649263      -0.23669707345819      -0.42827599870285
    1     -1     66171.0000000000       0.34720910649263      -0.23669707345819      -0.42827599870285
    1     -1     66171.0000000000       0.00000000000000       0.00000000000000       0.00000000000000
    1     -1     66171.0000000000       0.00000000000000       0.00000000000000       0.00000000000000
    1     -1     66171.0000000000       0.34893984293768      -0.23433206151768      -0.42816990813870
    1     -1     66172.0000000000       0.34893984293768      -0.23433206151768      -0.42816990813870
    1     -1     66173.0000000000       0.34893984293768      -0.23433206151768      -0.42816990813870
    1     -1     66173.0000000000       0.00000000000000       0.00000000000000       0.00000000000000
    1     -1     66173.0000000000       0.00000000000000       0.00000000000000       0.00000000000000
    1     -1     66173.0000000000       0.35062325776284      -0.23207425421858      -0.42802438122690
    1     -1     66174.0000000000       0.35062325776284      -0.23207425421858      -0.42802438122690
    1     -1     66175.0000000000       0.35062325776284      -0.23207425421858      -0.42802438122690
    1     -1     66175.0000000000       0.00000000000000       0.00000000000000       0.00000000000000
    1     -1     66175.0000000000       0.00000000000000       0.00000000000000       0.00000000000000
    1     -1     66175.0000000000       0.35226202805925      -0.22992040397882      -0.42784117462184
    1     -1     66176.0000000000       0.35226202805925      -0.22992040397882      -0.42784117462184
    1     -1     66177.0000000000       0.35226202805925      -0.22992040397882      -0.42784117462184
    1     -1     66177.0000000000       0.00000000000000       0.00000000000000       0.00000000000000
    1     -1     66177.0000000000       0.00000000000000       0.00000000000000       0.00000000000000
    1     -1     66177.0000000000       0.35385884360947      -0.22786703722920      -0.42762194918380
    1     -1     66178.0000000000       0.35385884360947      -0.22786703722920      -0.42762194918380
    1     -1     66179.0000000000       0.35385884360947      -0.22786703722920      -0.42762194918380
    1     -1     66179.0000000000       0.00000000000000       0.00000000000000       0.00000000000000
    1     -1     66179.0000000000       0.00000000000000       0.00000000000000       0.00000000000000
    1     -1     66179.0000000000       0.35541620972917      -0.22591091368809      -0.42736819748124
    1     -1     66180.0000000000       0.35541620972917      -0.22591091368809      -0.42736819748124
    1     -1     66181.0000000000       0.35541620972917      -0.22591091368809      -0.42736819748124
    1     -1     66181.0000000000       0.00000000000000       0.00000000000000       0.00000000000000
    1     -1     66181.0000000000       0.00000000000000       0.00000000000000       0.00000000000000
    1     -1     66181.0000000000       0.35693648076328      -0.22404893004658      -0.42708128608651
    1     -1     66182.0000000000       0.35693648076328      -0.22404893004658      -0.42708128608651
    1     -1     66183.0000000000       0.35693648076328      -0.22404893004658      -0.42708128608651
    1     -1     66183.0000000000       0.00000000000000       0.00000000000000       0.00000000000000
    1     -1     66183.0000000000       0.00000000000000       0.00000000000000       0.00000000000000
    1     -1     66183.0000000000       0.35842186731622      -0.22227811515996      -0.42676246769191
    1     -1     66184.0000000000       0.35842186731622      -0.22227811515996      -0.42676246769191
    1     -1     66185.0000000000       0.35842186731622      -0.22227811515996      -0.42676246769191
    1     -1     66185.0000000000       0.00000000000000       0.00000000000000       0.00000000000000
    1     -1     66185.0000000000       0.00000000000000       0.00000000000000       0.00000000000000
    1     -1     66185.0000000000       0.35987445418836      -0.22059560560555      -0.42641289296895
    1     -1     66186.0000000000       0.35987445418836      -0.22059560560555      -0.42641289296895
    1     -1     66187.0000000000       0.35987445418836      -0.22059560560555      -0.42641289296895
    1     -1     66187.0000000000       0.00000000000000       0.00000000000000       0.00000000000000
    1     -1     66187.0000000000       0.00000000000000       0.00000000000000       0.00000000000000
    1     -1     66187.0000000000       0.36129621067946      -0.21899863892888      -0.42603361789413
    1     -1     66188.0000000000       0.36129621067946      -0.21899863892888      -0.42603361789413
    1     -1     66189.0000000000       0.36129621067946      -0.21899863892888      -0.42603361789413
    1     -1     66189.0000000000       0.00000000000000       0.00000000000000       0.00000000000000
    1     -1     66189.0000000000       0.00000000000000       0.00000000000000       0.00000000000000
    1     -1     66189.0000000000       0.36268899561404      -0.21748455602731      -0.42562560969716
    1     -1     66190.0000000000       0.36268899561404      -0.21748455602731      -0.42562560969716
    1     -1     66191.0000000000       0.36268899561404      -0.21748455602731      -0.42562560969716
    1     -1     66191.0000000000       0.00000000000000       0.00000000000000       0.00000000000000
    1     -1     66191.0000000000       0.00000000000000       0.00000000000000       0.00000000000000
    1     -1     66191.0000000000       0.36405456329710      -0.21605079863333      -0.42518975367765
    1     -1     66192.0000000000       0.36405456329710      -0.21605079863333      -0.42518975367765
    1     -1     66193.0000000000       0.36405456329710      -0.21605079863333      -0.42518975367765
    1     -1     66193.0000000000       0.00000000000000       0.00000000000000       0.00000000000000
    1     -1     66193.0000000000       0.00000000000000       0.00000000000000       0.00000000000000
    1     -1     66193.0000000000       0.36539457003899      -0.21469490392734      -0.42472686010382
    1     -1     66194.0000000000       0.36539457003899      -0.21469490392734      -0.42472686010382
    1     -1     66195.0000000000       0.36539457003899      -0.21469490392734      -0.42472686010382
    1     -1     66195.0000000000       0.00000000000000       0.00000000000000       0.00000000000000
    1     -1     66195.0000000000       0.00000000000000       0.00000000000000       0.00000000000000
    1     -1     66195.0000000000       0.36671058042595      -0.21341449864391      -0.42423767071328
    1     -1     66196.0000000000       0.36671058042595      -0.21341449864391      -0.42423767071328
    1     -1     66197.0000000000       0.36671058042595      -0.21341449864391      -0.42423767071328
    1     -1     66197.0000000000       0.00000000000000       0.00000000000000       0.00000000000000
    1     -1     66197.0000000000       0.00000000000000       0.00000000000000       0.00000000000000
    1     -1     66197.0000000000       0.36800407276353      -0.21220729405116      -0.42372286468981
    1     -1     66198.0000000000       0.36800407276353      -0.21220729405116      -0.42372286468981
    1     -1     66199.0000000000       0.36800407276353      -0.21220729405116      -0.42372286468981
    1     -1     66199.0000000000       0.00000000000000       0.00000000000000       0.00000000000000
    1     -1     66199.0000000000       0.00000000000000       0.00000000000000       0.00000000000000
    1     -1     66199.0000000000       0.36927644253839      -0.21107108523345      -0.42318306351337
    1     -1     66200.0000000000       0.36927644253839      -0.21107108523345      -0.42318306351337
    1     -1     66201.0000000000       0.36927644253839      -0.21107108523345      -0.42318306351337
    1     -1     66201.0000000000       0.00000000000000       0.00000000000000       0.00000000000000
    1     -1     66201.0000000000       0.00000000000000       0.00000000000000       0.00000000000000
    1     -1     66201.0000000000       0.37052900394861      -0.21000376103852      -0.42261883164682
    1     -1     66202.0000000000       0.37052900394861      -0.21000376103852      -0.42261883164682
    1     -1     66203.0000000000       0.37052900394861      -0.21000376103852      -0.42261883164682
    1     -1     66203.0000000000       0.00000000000000       0.00000000000000       0.00000000000000
    1   4928     66203.0000000000      240038247.473575771     -313543595.250735939       -1014851.377232782       13.9592667797391       10.1448122722370       -1.0099172102863        1496.7283827833
    1   4928     66203.0000000000      240038247.473575771     -313543595.250735939       -1014851.377232782       13.9592667797391       10.1448122722370       -1.0099172102863        1456.7283827833
    1     -1     66203.0000000000       0.00000000000000       0.00000000000000       0.00000000000000
    1     -1     66203.0000000000      -0.25945581065635       0.52635751168148       0.12502180407087
    1     -1     66204.0000000000      -0.25945581065635       0.52635751168148       0.12502180407087
    1     -1     66205.0000000000      -0.25945581065635       0.52635751168148       0.12502180407087
    1     -1     66205.0000000000       0.00000000000000       0.00000000000000       0.00000000000000
    1     -1     66205.0000000000       0.00000000000000       0.00000000000000       0.00000000000000
    1     -1     66205.0000000000      -0.25926957645702       0.52690412549347       0.12309073296457
    1     -1     66206.0000000000      -0.25926957645702       0.52690412549347       0.12309073296457
    1     -1     66207.0000000000      -0.25926957645702       0.52690412549347       0.12309073296457
    1     -1     66207.0000000000       0.00000000000000       0.00000000000000       0.00000000000000
    1     -1     66207.0000000000       0.00000000000000       0.00000000000000       0.00000000000000
    1     -1     66207.0000000000      -0.25909856956502       0.52745151797037       0.12109015946851
    1     -1     66208.0000000000      -0.25909856956502       0.52745151797037       0.12109015946851
    1     -1     66209.0000000000      -0.25909856956502       0.52745151797037       0.12109015946851
    1     -1     66209.0000000000       0.00000000000000       0.00000000000000       0.00000000000000
    1     -1     66209.0000000000       0.00000000000000       0.00000000000000       0.00000000000000
    1     -1     66209.0000000000      -0.25894366200358       0.52799878767508       0.11901873550756
    1     -1     66210.0000000000      -0.25894366200358       0.52799878767508       0.11901873550756
    1     -1     66211.0000000000      -0.25894366200358       0.52799878767508       0.11901873550756
    1     -1     66211.0000000000       0.00000000000000       0.00000000000000       0.00000000000000
    1     -1     66211.0000000000       0.00000000000000       0.00000000000000       0.00000000000000
    1     -1     66211.0000000000      -0.25880573271099       0.52854499008500       0.11687508482127
    1     -1     66212.0000000000      -0.25880573271099       0.52854499008500       0.11687508482127
    1     -1     66213.0000000000      -0.25880573271099       0.52854499008500       0.11687508482127
    1     -1     66213.0000000000       0.00000000000000       0.00000000000000       0.00000000000000
    1     -1     66213.0000000000       0.00000000000000       0.00000000000000       0.00000000000000
    1     -1     66213.0000000000      -0.25868566719955       0.52908913525934       0.11465780311890
    1     -1     66214.0000000000      -0.25868566719955       0.52908913525934       0.11465780311890
    1     -1     66215.0000000000      -0.25868566719955       0.52908913525934       0.11465780311890
    1     -1     66215.0000000000       0.00000000000000       0.00000000000000       0.00000000000000
    1     -1     66215.0000000000       0.00000000000000       0.00000000000000       0.00000000000000
    1     -1     66215.0000000000      -0.25858435706028       0.52963018539691       0.11236545857228
    1     -1     66216.0000000000      -0.25858435706028       0.52963018539691       0.11236545857228
    1     -1     66217.0000000000      -0.25858435706028       0.52963018539691       0.11236545857228
    1     -1     66217.0000000000       0.00000000000000       0.00000000000000       0.00000000000000
    1     -1     66217.0000000000       0.00000000000000       0.00000000000000       0.00000000000000
    1     -1     66217.0000000000      -0.25850269945893       0.53016705236793       0.10999659192878
    1     -1     66218.0000000000      -0.25850269945893       0.53016705236793       0.10999659192878
    1     -1     66219.0000000000      -0.25850269945893       0.53016705236793       0.10999659192878
    1     -1     66219.0000000000       0.00000000000000       0.00000000000000       0.00000000000000
    1     -1     66219.0000000000       0.00000000000000       0.00000000000000       0.00000000000000
    1     -1     66219.0000000000      -0.25844159663709       0.53069859518071       0.10754971632177
    1     -1     66220.0000000000      -0.25844159663709       0.53069859518071       0.10754971632177
    1     -1     66221.0000000000      -0.25844159663709       0.53069859518071       0.10754971632177
    1     -1     66221.0000000000       0.00000000000000       0.00000000000000       0.00000000000000
    1     -1     66221.0000000000       0.00000000000000       0.00000000000000       0.00000000000000
    1     -1     66221.0000000000      -0.25840195545934       0.53122361738942       0.10502331656584
    1     -1     66222.0000000000      -0.25840195545934       0.53122361738942       0.10502331656584
    1     -1     66223.0000000000      -0.25840195545934       0.53122361738942       0.10502331656584
    1     -1     66223.0000000000       0.00000000000000       0.00000000000000       0.00000000000000
    1     -1     66223.0000000000       0.00000000000000       0.00000000000000       0.00000000000000
    1     -1     66223.0000000000      -0.25838468707505       0.53174086455534       0.10241584705050
    1     -1     66224.0000000000      -0.25838468707505       0.53174086455534       0.10241584705050
    1     -1     66225.0000000000      -0.25838468707505       0.53174086455534       0.10241584705050
    1     -1     66225.0000000000       0.00000000000000       0.00000000000000       0.00000000000000
    1     -1     66225.0000000000       0.00000000000000       0.00000000000000       0.00000000000000
    1     -1     66225.0000000000      -0.25839070670355       0.53224902166584       0.09972572840043
    1     -1     66226.0000000000      -0.25839070670355       0.53224902166584       0.09972572840043
    1     -1     66227.0000000000      -0.25839070670355       0.53224902166584       0.09972572840043
    1     -1     66227.0000000000       0.00000000000000       0.00000000000000       0.00000000000000
    1     -1     66227.0000000000       0.00000000000000       0.00000000000000       0.00000000000000
    1     -1     66227.0000000000      -0.25842093163057       0.53274670792160       0.09695136189805
    1     -1     66228.0000000000      -0.25842093163057       0.53274670792160       0.09695136189805
    1     -1     66229.0000000000      -0.25842093163057       0.53274670792160       0.09695136189805
    1     -1     66229.0000000000       0.00000000000000       0.00000000000000       0.00000000000000
    1     -1     66229.0000000000       0.00000000000000       0.00000000000000       0.00000000000000
    1     -1     66229.0000000000      -0.25847627658817       0.53323246982627       0.09409116241227
    1     -1     66230.0000000000      -0.25847627658817       0.53323246982627       0.09409116241227
    1     -1     66231.0000000000      -0.25847627658817       0.53323246982627       0.09409116241227
    1     -1     66231.0000000000       0.00000000000000       0.00000000000000       0.00000000000000
    1     -1     66231.0000000000       0.00000000000000       0.00000000000000       0.00000000000000
    1     -1     66231.0000000000      -0.25016281787785       0.51637649594288       0.08818424376519
    1     -1     66232.0000000000      -0.25016281787785       0.51637649594288       0.08818424376519
    1     -1     66233.0000000000      -0.25016281787785       0.51637649594288       0.08818424376519
    1     -1     66233.0000000000       0.00000000000000       0.00000000000000       0.00000000000000
    1     -1     66551.0000000000       0.00000000000000       0.00000000000000       0.00000000000000
    1     -1     66551.0000000000      -0.10259873067614      -0.09513258364854      -0.14266275689052
    1     -1     66552.0000000000      -0.10259873067614      -0.09513258364854      -0.14266275689052
    1     -1     66553.0000000000      -0.10259873067614      -0.09513258364854      -0.14266275689052
    1     -1     66553.0000000000       0.00000000000000       0.00000000000000       0.00000000000000
    1     -1     66553.0000000000       0.00000000000000       0.00000000000000       0.00000000000000
    1     -1     66553.0000000000      -0.30882982956331      -0.28869087742582      -0.42577190248184
    1     -1     66554.0000000000      -0.30882982956331      -0.28869087742582      -0.42577190248184
    1     -1     66555.0000000000      -0.30882982956331      -0.28869087742582      -0.42577190248184
    1     -1     66555.0000000000       0.00000000000000       0.00000000000000       0.00000000000000
    1     -1     66555.0000000000       0.00000000000000       0.00000000000000       0.00000000000000
    1     -1     66555.0000000000      -0.30961784834664      -0.29168906649861      -0.42314805417296
    1     -1     66556.0000000000      -0.30961784834664      -0.29168906649861      -0.42314805417296
    1     -1     66557.0000000000      -0.30961784834664      -0.29168906649861      -0.42314805417296
    1     -1     66557.0000000000       0.00000000000000       0.00000000000000       0.00000000000000
    1     -1     66557.0000000000       0.00000000000000       0.00000000000000       0.00000000000000
    1     -1     66557.0000000000      -0.31043175158267      -0.29464621071822      -0.42049463420918
    1     -1     66558.0000000000      -0.31043175158267      -0.29464621071822      -0.42049463420918
    1     -1     66559.0000000000      -0.31043175158267      -0.29464621071822      -0.42049463420918
    1     -1     66559.0000000000       0.00000000000000       0.00000000000000       0.00000000000000
    1     -1     66559.0000000000       0.00000000000000       0.00000000000000       0.00000000000000
    1     -1     66559.0000000000      -0.31127067594315      -0.29756324343395      -0.41781177787966
    1     -1     66560.0000000000      -0.31127067594315      -0.29756324343395      -0.41781177787966
    1     -1     66561.0000000000      -0.31127067594315      -0.29756324343395      -0.41781177787966
    1     -1     66561.0000000000       0.00000000000000       0.00000000000000       0.00000000000000
    1     -1     66561.0000000000       0.00000000000000       0.00000000000000       0.00000000000000
    1     -1     66561.0000000000      -0.31213380712641      -0.30044141225313      -0.41509931767244
    1     -1     66562.0000000000      -0.31213380712641      -0.30044141225313      -0.41509931767244
    1     -1     66563.0000000000      -0.31213380712641      -0.30044141225313      -0.41509931767244
    1     -1     66563.0000000000       0.00000000000000       0.00000000000000       0.00000000000000
    1     -1     66563.0000000000       0.00000000000000       0.00000000000000       0.00000000000000
    1     -1     66563.0000000000      -0.31302022260678      -0.30328163034611      -0.41235735983951
    1     -1     66564.0000000000      -0.31302022260678      -0.30328163034611      -0.41235735983951
    1     -1     66565.0000000000      -0.31302022260678      -0.30328163034611      -0.41235735983951
    1     -1     66565.0000000000       0.00000000000000       0.00000000000000       0.00000000000000
    1     -1     66565.0000000000       0.00000000000000       0.00000000000000       0.00000000000000
    1     -1     66565.0000000000      -0.31392900642444      -0.30608487758599      -0.40958592006872
    1     -1     66566.0000000000      -0.31392900642444      -0.30608487758599      -0.40958592006872
    1     -1     66567.0000000000      -0.31392900642444      -0.30608487758599      -0.40958592006872
    1     -1     66567.0000000000       0.00000000000000       0.00000000000000       0.00000000000000
    1     -1     66567.0000000000       0.00000000000000       0.00000000000000       0.00000000000000
    1     -1     66567.0000000000      -0.31485921491427      -0.30885212102273      -0.40678500636495
    1     -1     66568.0000000000      -0.31485921491427      -0.30885212102273      -0.40678500636495
    1     -1     66569.0000000000      -0.31485921491427      -0.30885212102273      -0.40678500636495
    1     -1     66569.0000000000       0.00000000000000       0.00000000000000       0.00000000000000
    1     -1     66569.0000000000       0.00000000000000       0.00000000000000       0.00000000000000
    1     -1     66569.0000000000      -0.31580987759366      -0.31158430190486      -0.40395463025041
    1     -1     66570.0000000000      -0.31580987759366      -0.31158430190486      -0.40395463025041
    1     -1     66571.0000000000      -0.31580987759366      -0.31158430190486      -0.40395463025041
    1     -1     66571.0000000000       0.00000000000000       0.00000000000000       0.00000000000000
    1     -1     66571.0000000000       0.00000000000000       0.00000000000000       0.00000000000000
    1     -1     66571.0000000000      -0.31677999524510      -0.31428232511533      -0.40109481922934
    1     -1     66572.0000000000      -0.31677999524510      -0.31428232511533      -0.40109481922934
    1     -1     66573.0000000000      -0.31677999524510      -0.31428232511533      -0.40109481922934
    1     -1     66573.0000000000       0.00000000000000       0.00000000000000       0.00000000000000
    1     -1     66573.0000000000       0.00000000000000       0.00000000000000       0.00000000000000
    1     -1     66573.0000000000      -0.31776854181633      -0.31694706602649      -0.39820561328179
    1     -1     66574.0000000000      -0.31776854181633      -0.31694706602649      -0.39820561328179
    1     -1     66575.0000000000      -0.31776854181633      -0.31694706602649      -0.39820561328179
    1     -1     66575.0000000000       0.00000000000000       0.00000000000000       0.00000000000000
    1     -1     66575.0000000000       0.00000000000000       0.00000000000000       0.00000000000000
    1     -1     66575.0000000000      -0.31877446507820      -0.31957937907142      -0.39528706045915
    1     -1     66576.0000000000      -0.31877446507820      -0.31957937907142      -0.39528706045915
    1     -1     66577.0000000000      -0.31877446507820      -0.31957937907142      -0.39528706045915
    1     -1     66577.0000000000       0.00000000000000       0.00000000000000       0.00000000000000
    1     -1     66577.0000000000       0.00000000000000       0.00000000000000       0.00000000000000
    1     -1     66577.0000000000      -0.31953803722346      -0.32153162008821      -0.39308123757161
    1     -1     66578.0000000000      -0.31953803722346      -0.32153162008821      -0.39308123757161
    1     -1     66578.0000000000       0.00000000000000       0.00000000000000       0.00000000000000
    1  10664     66578.0000000000      271264932.205920756      218238783.948742718      -16996048.870909195      -14.2254368686271       13.9210131018192       -0.4848134154218        1383.2485707308
    1  10664     66578.0000000000      271264932.205920756      218238783.948742718      -16996048.870909195      -14.2254368686271       13.9210131018192       -0.4848134154218        1343.2485707308
    1  10664     67058.0000000000     -340263789.404709041      -63585395.840160474        9917599.207282783        1.4209836372196      -19.9564900028781        1.0556408395101        1343.2485707308
    1  10664     67058.0000000000     -340263789.404709041      -63585395.840160474        9917599.207282783        1.4209836372196      -19.9564900028781        1.0556408395101        1356.3902545090
    1     -1     67058.0000000000       0.00000000000000       0.00000000000000       0.00000000000000
    1     -1     67058.0000000000       0.43389864309927       0.27261438685254      -0.31211113866318
    1     -1     67059.0000000000       0.43389864309927       0.27261438685254      -0.31211113866318
    1     -1     67060.0000000000       0.43389864309927       0.27261438685254      -0.31211113866318
    1     -1     67060.0000000000       0.00000000000000       0.00000000000000       0.00000000000000
    1     -1     67060.0000000000       0.00000000000000       0.00000000000000       0.00000000000000
    1     -1     67060.0000000000       0.43333498437088       0.26865989490689      -0.31629519672121
    1     -1     67061.0000000000       0.43333498437088       0.26865989490689      -0.31629519672121
    1     -1     67062.0000000000       0.43333498437088       0.26865989490689      -0.31629519672121
    1     -1     67062.0000000000       0.00000000000000       0.00000000000000       0.00000000000000
    1     -1     67062.0000000000       0.00000000000000       0.00000000000000       0.00000000000000
    1     -1     67062.0000000000       0.43277476316072       0.26458318679363      -0.32047112337512
    1     -1     67063.0000000000       0.43277476316072       0.26458318679363      -0.32047112337512
    1     -1     67064.0000000000       0.43277476316072       0.26458318679363      -0.32047112337512
    1     -1     67064.0000000000       0.00000000000000       0.00000000000000       0.00000000000000
    1     -1     67064.0000000000       0.00000000000000       0.00000000000000       0.00000000000000
    1     -1     67064.0000000000       0.43221669758408       0.26038496144565      -0.32463579202310
    1     -1     67065.0000000000       0.43221669758408       0.26038496144565      -0.32463579202310
    1     -1     67066.0000000000       0.43221669758408       0.26038496144565      -0.32463579202310
    1     -1     67066.0000000000       0.00000000000000       0.00000000000000       0.00000000000000
    1     -1     67066.0000000000       0.00000000000000       0.00000000000000       0.00000000000000
    1     -1     67066.0000000000       0.43165953255979       0.25606555645312      -0.32878637141557
    1     -1     67067.0000000000       0.43165953255979       0.25606555645312      -0.32878637141557
    1     -1     67068.0000000000       0.43165953255979       0.25606555645312      -0.32878637141557
    1     -1     67068.0000000000       0.00000000000000       0.00000000000000       0.00000000000000
    1     -1     67068.0000000000       0.00000000000000       0.00000000000000       0.00000000000000
    1     -1     67068.0000000000       0.43110197389270       0.25162588852066      -0.33291965939548
    1     -1     67069.0000000000       0.43110197389270       0.25162588852066      -0.33291965939548
    1     -1     67070.0000000000       0.43110197389270       0.25162588852066      -0.33291965939548
    1     -1     67070.0000000000       0.00000000000000       0.00000000000000       0.00000000000000
    1     -1     67070.0000000000       0.00000000000000       0.00000000000000       0.00000000000000
    1     -1     67070.0000000000       0.43054273137470       0.24706682507612      -0.33703254989276
    1     -1     67071.0000000000       0.43054273137470       0.24706682507612      -0.33703254989276
    1     -1     67072.0000000000       0.43054273137470       0.24706682507612      -0.33703254989276
    1     -1     67072.0000000000       0.00000000000000       0.00000000000000       0.00000000000000
    1     -1     67072.0000000000       0.00000000000000       0.00000000000000       0.00000000000000
    1     -1     67072.0000000000       0.42998050729552       0.24238946996113      -0.34112183670626
    1     -1     67073.0000000000       0.42998050729552       0.24238946996113      -0.34112183670626
    1     -1     67074.0000000000       0.42998050729552       0.24238946996113      -0.34112183670626
    1     -1     67074.0000000000       0.00000000000000       0.00000000000000       0.00000000000000
    1     -1     67074.0000000000       0.00000000000000       0.00000000000000       0.00000000000000
    1     -1     67074.0000000000       0.42941400457263       0.23759511166401      -0.34518426219957
    1     -1     67075.0000000000       0.42941400457263       0.23759511166401      -0.34518426219957
    1     -1     67076.0000000000       0.42941400457263       0.23759511166401      -0.34518426219957
    1     -1     67076.0000000000       0.00000000000000       0.00000000000000       0.00000000000000
    1     -1     67076.0000000000       0.00000000000000       0.00000000000000       0.00000000000000
    1     -1     67076.0000000000       0.42884193057239       0.23268524998556      -0.34921651206967
    1     -1     67077.0000000000       0.42884193057239       0.23268524998556      -0.34921651206967
    1     -1     67078.0000000000       0.42884193057239       0.23268524998556      -0.34921651206967
    1     -1     67078.0000000000       0.00000000000000       0.00000000000000       0.00000000000000
    1     -1     67078.0000000000       0.00000000000000       0.00000000000000       0.00000000000000
    1     -1     67078.0000000000       0.42826300566183       0.22766145394996      -0.35321531626883
    1     -1     67079.0000000000       0.42826300566183       0.22766145394996      -0.35321531626883
    1     -1     67080.0000000000       0.42826300566183       0.22766145394996      -0.35321531626883
    1     -1     67080.0000000000       0.00000000000000       0.00000000000000       0.00000000000000
    1     -1     67080.0000000000       0.00000000000000       0.00000000000000       0.00000000000000
    1     -1     67080.0000000000       0.02221008296891       0.01155624036342      -0.01854891221782
    1     -1     67081.0000000000       0.02221008296891       0.01155624036342      -0.01854891221782
    1     -1     67082.0000000000       0.02221008296891       0.01155624036342      -0.01854891221782
    1     -1     67082.0000000000       0.00000000000000       0.00000000000000       0.00000000000000
    1     -1     67370.0000000000       0.00000000000000       0.00000000000000       0.00000000000000
    1     -1     67370.0000000000       0.02747524733523      -0.23342116909706      -0.09225569538014
    1     -1     67371.0000000000       0.02747524733523      -0.23342116909706      -0.09225569538014
    1     -1     67372.0000000000       0.02747524733523      -0.23342116909706      -0.09225569538014
    1     -1     67372.0000000000       0.00000000000000       0.00000000000000       0.00000000000000
    1     -1     67372.0000000000       0.00000000000000       0.00000000000000       0.00000000000000
    1     -1     67372.0000000000       0.06116496903802      -0.55692833628157      -0.21468505790861
    1     -1     67373.0000000000       0.06116496903802      -0.55692833628157      -0.21468505790861
    1     -1     67374.0000000000       0.06116496903802      -0.55692833628157      -0.21468505790861
    1     -1     67374.0000000000       0.00000000000000       0.00000000000000       0.00000000000000
    1     -1     67374.0000000000       0.00000000000000       0.00000000000000       0.00000000000000
    1     -1     67374.0000000000       0.05708878707189      -0.55908768787679      -0.21014715542983
    1     -1     67375.0000000000       0.05708878707189      -0.55908768787679      -0.21014715542983
    1     -1     67376.0000000000       0.05708878707189      -0.55908768787679      -0.21014715542983
    1     -1     67376.0000000000       0.00000000000000       0.00000000000000       0.00000000000000
    1     -1     67376.0000000000       0.00000000000000       0.00000000000000       0.00000000000000
    1     -1     67376.0000000000       0.05306381007223      -0.56116429563179      -0.20561824979485
    1     -1     67377.0000000000       0.05306381007223      -0.56116429563179      -0.20561824979485
    1     -1     67378.0000000000       0.05306381007223      -0.56116429563179      -0.20561824979485
    1     -1     67378.0000000000       0.00000000000000       0.00000000000000       0.00000000000000
    1     -1     67378.0000000000       0.00000000000000       0.00000000000000       0.00000000000000
    1     -1     67378.0000000000       0.04909262595387      -0.56315917689109      -0.20110110601462
    1     -1     67379.0000000000       0.04909262595387      -0.56315917689109      -0.20110110601462
    1     -1     67380.0000000000       0.04909262595387      -0.56315917689109      -0.20110110601462
    1     -1     67380.0000000000       0.00000000000000       0.00000000000000       0.00000000000000
    1     -1     67380.0000000000       0.00000000000000       0.00000000000000       0.00000000000000
    1     -1     67380.0000000000       0.04517770654718      -0.56507347485355      -0.19659842860022
    1     -1     67381.0000000000       0.04517770654718      -0.56507347485355      -0.19659842860022
    1     -1     67382.0000000000       0.04517770654718      -0.56507347485355      -0.19659842860022
    1     -1     67382.0000000000       0.00000000000000       0.00000000000000       0.00000000000000
    1     -1     67382.0000000000       0.00000000000000       0.00000000000000       0.00000000000000
    1     -1     67382.0000000000       0.04132140602914      -0.56690844964649      -0.19211285850557
    1     -1     67383.0000000000       0.04132140602914      -0.56690844964649      -0.19211285850557
    1     -1     67384.0000000000       0.04132140602914      -0.56690844964649      -0.19211285850557
    1     -1     67384.0000000000       0.00000000000000       0.00000000000000       0.00000000000000
    1     -1     67384.0000000000       0.00000000000000       0.00000000000000       0.00000000000000
    1     -1     67384.0000000000       0.03752596037293      -0.56866546927640      -0.18764697074759
    1     -1     67385.0000000000       0.03752596037293      -0.56866546927640      -0.18764697074759
    1     -1     67386.0000000000       0.03752596037293      -0.56866546927640      -0.18764697074759
    1     -1     67386.0000000000       0.00000000000000       0.00000000000000       0.00000000000000
    1     -1     67386.0000000000       0.00000000000000       0.00000000000000       0.00000000000000
    1     -1     67386.0000000000       0.03379348363272      -0.57034600227668      -0.18320326806848
    1     -1     67387.0000000000       0.03379348363272      -0.57034600227668      -0.18320326806848
    1     -1     67388.0000000000       0.03379348363272      -0.57034600227668      -0.18320326806848
    1     -1     67388.0000000000       0.00000000000000       0.00000000000000       0.00000000000000
    1     -1     67388.0000000000       0.00000000000000       0.00000000000000       0.00000000000000
    1     -1     67388.0000000000       0.03012596352714      -0.57195161065817      -0.17878417342451
    1     -1     67389.0000000000       0.03012596352714      -0.57195161065817      -0.17878417342451
    1     -1     67390.0000000000       0.03012596352714      -0.57195161065817      -0.17878417342451
    1     -1     67390.0000000000       0.00000000000000       0.00000000000000       0.00000000000000
    1     -1     67390.0000000000       0.00000000000000       0.00000000000000       0.00000000000000
    1     -1     67390.0000000000       0.02652525899332      -0.57348394196047      -0.17439202455623
    1     -1     67391.0000000000       0.02652525899332      -0.57348394196047      -0.17439202455623
    1     -1     67392.0000000000       0.02652525899332      -0.57348394196047      -0.17439202455623
    1     -1     67392.0000000000       0.00000000000000       0.00000000000000       0.00000000000000
    1     -1     67392.0000000000       0.00000000000000       0.00000000000000       0.00000000000000
    1     -1     67392.0000000000       0.02299309886881      -0.57494472094563      -0.17002906969444
    1     -1     67393.0000000000       0.02299309886881      -0.57494472094563      -0.17002906969444
    1     -1     67394.0000000000       0.02299309886881      -0.57494472094563      -0.17002906969444
    1     -1     67394.0000000000       0.00000000000000       0.00000000000000       0.00000000000000
    1     -1     67394.0000000000       0.00000000000000       0.00000000000000       0.00000000000000
    1     -1     67394.0000000000       0.01953108102124      -0.57633574130123      -0.16569746362844
    1     -1     67395.0000000000       0.01953108102124      -0.57633574130123      -0.16569746362844
    1     -1     67396.0000000000       0.01953108102124      -0.57633574130123      -0.16569746362844
    1     -1     67396.0000000000       0.00000000000000       0.00000000000000       0.00000000000000
    1     -1     67396.0000000000       0.00000000000000       0.00000000000000       0.00000000000000
    1     -1     67396.0000000000       0.01614067213555      -0.57765885731420      -0.16139926440186
    1     -1     67397.0000000000       0.01614067213555      -0.57765885731420      -0.16139926440186
    1     -1     67398.0000000000       0.01614067213555      -0.57765885731420      -0.16139926440186
    1     -1     67398.0000000000       0.00000000000000       0.00000000000000       0.00000000000000
    1     -1     67398.0000000000       0.00000000000000       0.00000000000000       0.00000000000000
    1     -1     67398.0000000000       0.01282320806908      -0.57891597559833      -0.15713643056862
    1     -1     67399.0000000000       0.01282320806908      -0.57891597559833      -0.15713643056862
    1     -1     67400.0000000000       0.01282320806908      -0.57891597559833      -0.15713643056862
    1     -1     67400.0000000000       0.00000000000000       0.00000000000000       0.00000000000000
    1     -1     67400.0000000000       0.00000000000000       0.00000000000000       0.00000000000000
    1     -1     67400.0000000000       0.00957989473309      -0.58010904693250      -0.15291081898926
    1     -1     67401.0000000000       0.00957989473309      -0.58010904693250      -0.15291081898926
    1     -1     67402.0000000000       0.00957989473309      -0.58010904693250      -0.15291081898926
    1     -1     67402.0000000000       0.00000000000000       0.00000000000000       0.00000000000000
    1     -1     67402.0000000000       0.00000000000000       0.00000000000000       0.00000000000000
    1     -1     67402.0000000000       0.00719670067395      -0.58096262266361      -0.14976861435970
    1     -1     67403.0000000000       0.00719670067395      -0.58096262266361      -0.14976861435970
    1     -1     67403.0000000000       0.00000000000000       0.00000000000000       0.00000000000000
    1   4928     67403.0000000000       46079846.501082323     -380380900.430629253       10533943.419732520       17.8297549040503        0.6485140331137       -0.8774887474078        1285.0984610537
    1   4928     67403.0000000000       46079846.501082323     -380380900.430629253       10533943.419732520       17.8297549040503        0.6485140331137       -0.8774887474078        1317.9526704993
    1     -1     67403.0000000000       0.00000000000000       0.00000000000000       0.00000000000000
    1     -1     67403.0000000000       0.10467472963315       0.58912222574515       0.04447699842960
    1     -1     67404.0000000000       0.10467472963315       0.58912222574515       0.04447699842960
    1     -1     67405.0000000000       0.10467472963315       0.58912222574515       0.04447699842960
    1     -1     67405.0000000000       0.00000000000000       0.00000000000000       0.00000000000000
    1     -1     67405.0000000000       0.00000000000000       0.00000000000000       0.00000000000000
    1     -1     67405.0000000000       0.10149208726789       0.58970121995050       0.04417948269166
    1     -1     67406.0000000000       0.10149208726789       0.58970121995050       0.04417948269166
    1     -1     67407.0000000000       0.10149208726789       0.58970121995050       0.04417948269166
    1     -1     67407.0000000000       0.00000000000000       0.00000000000000       0.00000000000000
    1     -1     67407.0000000000       0.00000000000000       0.00000000000000       0.00000000000000
    1     -1     67407.0000000000       0.09818814164702       0.59028407544976       0.04386112618632
    1     -1     67408.0000000000       0.09818814164702       0.59028407544976       0.04386112618632
    1     -1     67409.0000000000       0.09818814164702       0.59028407544976       0.04386112618632
    1     -1     67409.0000000000       0.00000000000000       0.00000000000000       0.00000000000000
    1     -1     67409.0000000000       0.00000000000000       0.00000000000000       0.00000000000000
    1     -1     67409.0000000000       0.09475929410370       0.59086932609103       0.04352143087843
    1     -1     67410.0000000000       0.09475929410370       0.59086932609103       0.04352143087843
    1     -1     67411.0000000000       0.09475929410370       0.59086932609103       0.04352143087843
    1     -1     67411.0000000000       0.00000000000000       0.00000000000000       0.00000000000000
    1     -1     67411.0000000000       0.00000000000000       0.00000000000000       0.00000000000000
    1     -1     67411.0000000000       0.09120188042333       0.59145535832020       0.04315988185304
    1     -1     67412.0000000000       0.09120188042333       0.59145535832020       0.04315988185304
    1     -1     67413.0000000000       0.09120188042333       0.59145535832020       0.04315988185304
    1     -1     67413.0000000000       0.00000000000000       0.00000000000000       0.00000000000000
    1     -1     67413.0000000000       0.00000000000000       0.00000000000000       0.00000000000000
    1     -1     67413.0000000000       0.08751217433237       0.59204040145343       0.04277594733594
    1     -1     67414.0000000000       0.08751217433237       0.59204040145343       0.04277594733594
    1     -1     67415.0000000000       0.08751217433237       0.59204040145343       0.04277594733594
    1     -1     67415.0000000000       0.00000000000000       0.00000000000000       0.00000000000000
    1     -1     67415.0000000000       0.00000000000000       0.00000000000000       0.00000000000000
    1     -1     67415.0000000000       0.08368639116941       0.59262251761222       0.04236907872486
    1     -1     67416.0000000000       0.08368639116941       0.59262251761222       0.04236907872486
    1     -1     67417.0000000000       0.08368639116941       0.59262251761222       0.04236907872486
    1     -1     67417.0000000000       0.00000000000000       0.00000000000000       0.00000000000000
    1     -1     67417.0000000000       0.00000000000000       0.00000000000000       0.00000000000000
    1     -1     67417.0000000000       0.07972069151571       0.59319959134904       0.04193871060956
    1     -1     67418.0000000000       0.07972069151571       0.59319959134904       0.04193871060956
    1     -1     67419.0000000000       0.07972069151571       0.59319959134904       0.04193871060956
    1     -1     67419.0000000000       0.00000000000000       0.00000000000000       0.00000000000000
    1     -1     67419.0000000000       0.00000000000000       0.00000000000000       0.00000000000000
    1     -1     67419.0000000000       0.07561118654082       0.59376931870677       0.04148426102019
    1     -1     67420.0000000000       0.07561118654082       0.59376931870677       0.04148426102019
    1     -1     67421.0000000000       0.07561118654082       0.59376931870677       0.04148426102019
    1     -1     67421.0000000000       0.00000000000000       0.00000000000000       0.00000000000000
    1     -1     67421.0000000000       0.00000000000000       0.00000000000000       0.00000000000000
    1     -1     67421.0000000000       0.07135394945933       0.59432919521698       0.04100513247493
    1     -1     67422.0000000000       0.07135394945933       0.59432919521698       0.04100513247493
    1     -1     67423.0000000000       0.07135394945933       0.59432919521698       0.04100513247493
    1     -1     67423.0000000000       0.00000000000000       0.00000000000000       0.00000000000000
    1     -1     67423.0000000000       0.00000000000000       0.00000000000000       0.00000000000000
    1     -1     67423.0000000000       0.06694502496159       0.59487650414482       0.04050071270146
    1     -1     67424.0000000000       0.06694502496159       0.59487650414482       0.04050071270146
    1     -1     67425.0000000000       0.06694502496159       0.59487650414482       0.04050071270146
    1     -1     67425.0000000000       0.00000000000000       0.00000000000000       0.00000000000000
    1     -1     67425.0000000000       0.00000000000000       0.00000000000000       0.00000000000000
    1     -1     67425.0000000000       0.06238043063471       0.59540830555586       0.03997037439063
    1     -1     67426.0000000000       0.06238043063471       0.59540830555586       0.03997037439063
    1     -1     67427.0000000000       0.06238043063471       0.59540830555586       0.03997037439063
    1     -1     67427.0000000000       0.00000000000000       0.00000000000000       0.00000000000000
    1     -1     67427.0000000000       0.00000000000000       0.00000000000000       0.00000000000000
    1     -1     67427.0000000000       0.05765612621776       0.59592142832499       0.03941347044684
    1     -1     67428.0000000000       0.05765612621776       0.59592142832499       0.03941347044684
    1     -1     67429.0000000000       0.05765612621776       0.59592142832499       0.03941347044684
    1     -1     67429.0000000000       0.00000000000000       0.00000000000000       0.00000000000000
    1     -1     67429.0000000000       0.00000000000000       0.00000000000000       0.00000000000000
    1     -1     67429.0000000000       0.05276832546172       0.59641242665736       0.03882937594976
    1     -1     67430.0000000000       0.05276832546172       0.59641242665736       0.03882937594976
    1     -1     67431.0000000000       0.05276832546172       0.59641242665736       0.03882937594976
    1     -1     67431.0000000000       0.00000000000000       0.00000000000000       0.00000000000000
    1     -1     67431.0000000000       0.00000000000000       0.00000000000000       0.00000000000000
    1     -1     67431.0000000000       0.01060110704462       0.13261614185314       0.00849127530421
    1     -1     67432.0000000000       0.01060110704462       0.13261614185314       0.00849127530421
    1     -1     67433.0000000000       0.01060110704462       0.13261614185314       0.00849127530421
    1     -1     67433.0000000000       0.00000000000000       0.00000000000000       0.00000000000000
    1     -1     67603.0000000000       0.00000000000000       0.00000000000000       0.00000000000000
    1     -1     67603.0000000000      -0.07993524450434       0.02615788804693      -0.00881893481233
    1     -1     67604.0000000000      -0.07993524450434       0.02615788804693      -0.00881893481233
    1     -1     67605.0000000000      -0.07993524450434       0.02615788804693      -0.00881893481233
    1     -1     67605.0000000000       0.00000000000000       0.00000000000000       0.00000000000000
    1     -1     67605.0000000000       0.00000000000000       0.00000000000000       0.00000000000000
    1     -1     67605.0000000000      -0.56866618892306       0.18075040939978      -0.06283354484299
    1     -1     67606.0000000000      -0.56866618892306       0.18075040939978      -0.06283354484299
    1     -1     67607.0000000000      -0.56866618892306       0.18075040939978      -0.06283354484299
    1     -1     67607.0000000000       0.00000000000000       0.00000000000000       0.00000000000000
    1     -1     67607.0000000000       0.00000000000000       0.00000000000000       0.00000000000000
    1     -1     67607.0000000000      -0.57010969137387       0.17605886165222      -0.06307310294663
    1     -1     67608.0000000000      -0.57010969137387       0.17605886165222      -0.06307310294663
    1     -1     67609.0000000000      -0.57010969137387       0.17605886165222      -0.06307310294663
    1     -1     67609.0000000000       0.00000000000000       0.00000000000000       0.00000000000000
    1     -1     67609.0000000000       0.00000000000000       0.00000000000000       0.00000000000000
    1     -1     67609.0000000000      -0.57147061397234       0.17151038364950      -0.06328921666825
    1     -1     67610.0000000000      -0.57147061397234       0.17151038364950      -0.06328921666825
    1     -1     67611.0000000000      -0.57147061397234       0.17151038364950      -0.06328921666825
    1     -1     67611.0000000000       0.00000000000000       0.00000000000000       0.00000000000000
    1     -1     67611.0000000000       0.00000000000000       0.00000000000000       0.00000000000000
    1     -1     67611.0000000000      -0.57275350326038       0.16710291096964      -0.06348260335267
    1     -1     67612.0000000000      -0.57275350326038       0.16710291096964      -0.06348260335267
    1     -1     67613.0000000000      -0.57275350326038       0.16710291096964      -0.06348260335267
    1     -1     67613.0000000000       0.00000000000000       0.00000000000000       0.00000000000000
    1     -1     67613.0000000000       0.00000000000000       0.00000000000000       0.00000000000000
    1     -1     67613.0000000000      -0.57396279583068       0.16283390269998      -0.06365397406073
    1     -1     67614.0000000000      -0.57396279583068       0.16283390269998      -0.06365397406073
    1     -1     67615.0000000000      -0.57396279583068       0.16283390269998      -0.06365397406073
    1     -1     67615.0000000000       0.00000000000000       0.00000000000000       0.00000000000000
    1     -1     67615.0000000000       0.00000000000000       0.00000000000000       0.00000000000000
    1     -1     67615.0000000000      -0.57510269120345       0.15870079450363      -0.06380400986201
    1     -1     67616.0000000000      -0.57510269120345       0.15870079450363      -0.06380400986201
    1     -1     67617.0000000000      -0.57510269120345       0.15870079450363      -0.06380400986201
    1     -1     67617.0000000000       0.00000000000000       0.00000000000000       0.00000000000000
    1     -1     67617.0000000000       0.00000000000000       0.00000000000000       0.00000000000000
    1     -1     67617.0000000000      -0.57617720118433       0.15470086128790      -0.06393336869097
    1     -1     67618.0000000000      -0.57617720118433       0.15470086128790      -0.06393336869097
    1     -1     67619.0000000000      -0.57617720118433       0.15470086128790      -0.06393336869097
    1     -1     67619.0000000000       0.00000000000000       0.00000000000000       0.00000000000000
    1     -1     67619.0000000000       0.00000000000000       0.00000000000000       0.00000000000000
    1     -1     67619.0000000000      -0.57719007739070       0.15083152935040      -0.06404267011559
    1     -1     67620.0000000000      -0.57719007739070       0.15083152935040      -0.06404267011559
    1     -1     67621.0000000000      -0.57719007739070       0.15083152935040      -0.06404267011559
    1     -1     67621.0000000000       0.00000000000000       0.00000000000000       0.00000000000000
    1     -1     67621.0000000000       0.00000000000000       0.00000000000000       0.00000000000000
    1     -1     67621.0000000000      -0.57814491027561       0.14709004921260      -0.06413251456976
    1     -1     67622.0000000000      -0.57814491027561       0.14709004921260      -0.06413251456976
    1     -1     67623.0000000000      -0.57814491027561       0.14709004921260      -0.06413251456976
    1     -1     67623.0000000000       0.00000000000000       0.00000000000000       0.00000000000000
    1     -1     67623.0000000000       0.00000000000000       0.00000000000000       0.00000000000000
    1     -1     67623.0000000000      -0.57904509919472       0.14347364226838      -0.06420347617401
    1     -1     67624.0000000000      -0.57904509919472       0.14347364226838      -0.06420347617401
    1     -1     67625.0000000000      -0.57904509919472       0.14347364226838      -0.06420347617401
    1     -1     67625.0000000000       0.00000000000000       0.00000000000000       0.00000000000000
    1     -1     67625.0000000000       0.00000000000000       0.00000000000000       0.00000000000000
    1     -1     67625.0000000000      -0.57989384387423       0.13997957989955      -0.06425609953864
    1     -1     67626.0000000000      -0.57989384387423       0.13997957989955      -0.06425609953864
    1     -1     67627.0000000000      -0.57989384387423       0.13997957989955      -0.06425609953864
    1     -1     67627.0000000000       0.00000000000000       0.00000000000000       0.00000000000000
    1     -1     67627.0000000000       0.00000000000000       0.00000000000000       0.00000000000000
    1     -1     67627.0000000000      -0.58069417183068       0.13660511569697      -0.06429090485672
    1     -1     67628.0000000000      -0.58069417183068       0.13660511569697      -0.06429090485672
    1     -1     67629.0000000000      -0.58069417183068       0.13660511569697      -0.06429090485672
    1     -1     67629.0000000000       0.00000000000000       0.00000000000000       0.00000000000000
    1     -1     67629.0000000000       0.00000000000000       0.00000000000000       0.00000000000000
    1     -1     67629.0000000000      -0.58144895089210       0.13334747007890      -0.06430838988837
    1     -1     67630.0000000000      -0.58144895089210       0.13334747007890      -0.06430838988837
    1     -1     67631.0000000000      -0.58144895089210       0.13334747007890      -0.06430838988837
    1     -1     67631.0000000000       0.00000000000000       0.00000000000000       0.00000000000000
    1     -1     67631.0000000000       0.00000000000000       0.00000000000000       0.00000000000000
    1     -1     67631.0000000000      -0.58216089091261       0.13020385981956      -0.06430902938099
    1     -1     67632.0000000000      -0.58216089091261       0.13020385981956      -0.06430902938099
    1     -1     67633.0000000000      -0.58216089091261       0.13020385981956      -0.06430902938099
    1     -1     67633.0000000000       0.00000000000000       0.00000000000000       0.00000000000000
    1     -1     67633.0000000000       0.00000000000000       0.00000000000000       0.00000000000000
    1     -1     67633.0000000000      -0.58283254576304       0.12717152880540      -0.06429327445909
    1     -1     67634.0000000000      -0.58283254576304       0.12717152880540      -0.06429327445909
    1     -1     67635.0000000000      -0.58283254576304       0.12717152880540      -0.06429327445909
    1     -1     67635.0000000000       0.00000000000000       0.00000000000000       0.00000000000000
    1     -1     67635.0000000000       0.00000000000000       0.00000000000000       0.00000000000000
    1     -1     67635.0000000000      -0.58346632243052       0.12424774673779      -0.06426155382488
    1     -1     67636.0000000000      -0.58346632243052       0.12424774673779      -0.06426155382488
    1     -1     67637.0000000000      -0.58346632243052       0.12424774673779      -0.06426155382488
    1     -1     67637.0000000000       0.00000000000000       0.00000000000000       0.00000000000000
    1     -1     67637.0000000000       0.00000000000000       0.00000000000000       0.00000000000000
    1     -1     67637.0000000000      -0.58406449044777       0.12142980334570      -0.06421427518407
    1     -1     67638.0000000000      -0.58406449044777       0.12142980334570      -0.06421427518407
    1     -1     67639.0000000000      -0.58406449044777       0.12142980334570      -0.06421427518407
    1     -1     67639.0000000000       0.00000000000000       0.00000000000000       0.00000000000000
    1     -1     67639.0000000000       0.00000000000000       0.00000000000000       0.00000000000000
    1     -1     67639.0000000000      -0.58462918965607       0.11871500773180      -0.06415182632881
    1     -1     67640.0000000000      -0.58462918965607       0.11871500773180      -0.06415182632881
    1     -1     67641.0000000000      -0.58462918965607       0.11871500773180      -0.06415182632881
    1     -1     67641.0000000000       0.00000000000000       0.00000000000000       0.00000000000000
    1     -1     67641.0000000000       0.00000000000000       0.00000000000000       0.00000000000000
    1     -1     67641.0000000000      -0.58516243714848       0.11610068964998      -0.06407457602861
    1     -1     67642.0000000000      -0.58516243714848       0.11610068964998      -0.06407457602861
    1     -1     67643.0000000000      -0.58516243714848       0.11610068964998      -0.06407457602861
    1     -1     67643.0000000000       0.00000000000000       0.00000000000000       0.00000000000000
    1  53410     67643.0000000000      336229360.718344271     -175186383.439182699       -8559663.639086468        6.2815018344005       16.8376889014365       -1.0208594964074        1229.7704370397
    1  53410     67643.0000000000      336229360.718344271     -175186383.439182699       -8559663.639086468        6.2815018344005       16.8376889014365       -1.0208594964074        1303.2817306742
    1     -1     67643.0000000000       0.00000000000000       0.00000000000000       0.00000000000000
    1     -1     67643.0000000000       0.54966585182804      -0.23951749706147       0.02233426102565
    1     -1     67644.0000000000       0.54966585182804      -0.23951749706147       0.02233426102565
    1     -1     67645.0000000000       0.54966585182804      -0.23951749706147       0.02233426102565
    1     -1     67645.0000000000       0.00000000000000       0.00000000000000       0.00000000000000
    1     -1     67645.0000000000       0.00000000000000       0.00000000000000       0.00000000000000
    1     -1     67645.0000000000       0.54912960328066      -0.24055361032826       0.02430305822041
    1     -1     67646.0000000000       0.54912960328066      -0.24055361032826       0.02430305822041
    1     -1     67647.0000000000       0.54912960328066      -0.24055361032826       0.02430305822041
    1     -1     67647.0000000000       0.00000000000000       0.00000000000000       0.00000000000000
    1     -1     67647.0000000000       0.00000000000000       0.00000000000000       0.00000000000000
    1     -1     67647.0000000000       0.54856877862445      -0.24161934526210       0.02631323609125
    1     -1     67648.0000000000       0.54856877862445      -0.24161934526210       0.02631323609125
    1     -1     67649.0000000000       0.54856877862445      -0.24161934526210       0.02631323609125
    1     -1     67649.0000000000       0.00000000000000       0.00000000000000       0.00000000000000
    1     -1     67649.0000000000       0.00000000000000       0.00000000000000       0.00000000000000
    1     -1     67649.0000000000       0.54798293301874      -0.24271406329079       0.02836525834634
    1     -1     67650.0000000000       0.54798293301874      -0.24271406329079       0.02836525834634
    1     -1     67651.0000000000       0.54798293301874      -0.24271406329079       0.02836525834634
    1     -1     67651.0000000000       0.00000000000000       0.00000000000000       0.00000000000000
    1     -1     67651.0000000000       0.00000000000000       0.00000000000000       0.00000000000000
    1     -1     67651.0000000000       0.54737161885360      -0.24383708509800       0.03045958116092
    1     -1     67652.0000000000       0.54737161885360      -0.24383708509800       0.03045958116092
    1     -1     67653.0000000000       0.54737161885360      -0.24383708509800       0.03045958116092
    1     -1     67653.0000000000       0.00000000000000       0.00000000000000       0.00000000000000
    1     -1     67653.0000000000       0.00000000000000       0.00000000000000       0.00000000000000
    1     -1     67653.0000000000       0.54673438614687      -0.24498769051280       0.03259665292340
    1     -1     67654.0000000000       0.54673438614687      -0.24498769051280       0.03259665292340
    1     -1     67655.0000000000       0.54673438614687      -0.24498769051280       0.03259665292340
    1     -1     67655.0000000000       0.00000000000000       0.00000000000000       0.00000000000000
    1     -1     67655.0000000000       0.00000000000000       0.00000000000000       0.00000000000000
    1     -1     67655.0000000000       0.54607078293467      -0.24616511848832       0.03477691396242
    1     -1     67656.0000000000       0.54607078293467      -0.24616511848832       0.03477691396242
    1     -1     67657.0000000000       0.54607078293467      -0.24616511848832       0.03477691396242
    1     -1     67657.0000000000       0.00000000000000       0.00000000000000       0.00000000000000
    1     -1     67657.0000000000       0.00000000000000       0.00000000000000       0.00000000000000
    1     -1     67657.0000000000       0.54538035563760      -0.24736856719051       0.03700079635245
    1     -1     67658.0000000000       0.54538035563760      -0.24736856719051       0.03700079635245
    1     -1     67659.0000000000       0.54538035563760      -0.24736856719051       0.03700079635245
    1     -1     67659.0000000000       0.00000000000000       0.00000000000000       0.00000000000000
    1     -1     67659.0000000000       0.00000000000000       0.00000000000000       0.00000000000000
    1     -1     67659.0000000000       0.54466264941286      -0.24859719417515       0.03926872372272
    1     -1     67660.0000000000       0.54466264941286      -0.24859719417515       0.03926872372272
    1     -1     67661.0000000000       0.54466264941286      -0.24859719417515       0.03926872372272
    1     -1     67661.0000000000       0.00000000000000       0.00000000000000       0.00000000000000
    1     -1     67661.0000000000       0.00000000000000       0.00000000000000       0.00000000000000
    1     -1     67661.0000000000       0.54391720848225      -0.24985011665785       0.04158111113159
    1     -1     67662.0000000000       0.54391720848225      -0.24985011665785       0.04158111113159
    1     -1     67663.0000000000       0.54391720848225      -0.24985011665785       0.04158111113159
    1     -1     67663.0000000000       0.00000000000000       0.00000000000000       0.00000000000000
    1     -1     67663.0000000000       0.00000000000000       0.00000000000000       0.00000000000000
    1     -1     67663.0000000000       0.54314357643724      -0.25112641186942       0.04393836497358
    1     -1     67664.0000000000       0.54314357643724      -0.25112641186942       0.04393836497358
    1     -1     67665.0000000000       0.54314357643724      -0.25112641186942       0.04393836497358
    1     -1     67665.0000000000       0.00000000000000       0.00000000000000       0.00000000000000
    1     -1     67665.0000000000       0.00000000000000       0.00000000000000       0.00000000000000
    1     -1     67665.0000000000       0.54234129651252      -0.25242511750002       0.04634088294605
    1     -1     67666.0000000000       0.54234129651252      -0.25242511750002       0.04634088294605
    1     -1     67667.0000000000       0.54234129651252      -0.25242511750002       0.04634088294605
    1     -1     67667.0000000000       0.00000000000000       0.00000000000000       0.00000000000000
    1     -1     67667.0000000000       0.00000000000000       0.00000000000000       0.00000000000000
    1     -1     67667.0000000000       0.54150991182454      -0.25374523222990       0.04878905406305
    1     -1     67668.0000000000       0.54150991182454      -0.25374523222990       0.04878905406305
    1     -1     67669.0000000000       0.54150991182454      -0.25374523222990       0.04878905406305
    1     -1     67669.0000000000       0.00000000000000       0.00000000000000       0.00000000000000
    1     -1     67669.0000000000       0.00000000000000       0.00000000000000       0.00000000000000
    1     -1     67669.0000000000       0.54064896557123      -0.25508571634555       0.05128325870331
    1     -1     67670.0000000000       0.54064896557123      -0.25508571634555       0.05128325870331
    1     -1     67671.0000000000       0.54064896557123      -0.25508571634555       0.05128325870331
    1     -1     67671.0000000000       0.00000000000000       0.00000000000000       0.00000000000000
    1     -1     67671.0000000000       0.00000000000000       0.00000000000000       0.00000000000000
    1     -1     67671.0000000000       0.53975800118089      -0.25644549244437       0.05382386874036
    1     -1     67672.0000000000       0.53975800118089      -0.25644549244437       0.05382386874036
    1     -1     67673.0000000000       0.53975800118089      -0.25644549244437       0.05382386874036
    1     -1     67673.0000000000       0.00000000000000       0.00000000000000       0.00000000000000
    1     -1     67673.0000000000       0.00000000000000       0.00000000000000       0.00000000000000
    1     -1     67673.0000000000       0.53883656241149      -0.25782344622067       0.05641124770347
    1     -1     67674.0000000000       0.53883656241149      -0.25782344622067       0.05641124770347
    1     -1     67675.0000000000       0.53883656241149      -0.25782344622067       0.05641124770347
    1     -1     67675.0000000000       0.00000000000000       0.00000000000000       0.00000000000000
    1     -1     67675.0000000000       0.00000000000000       0.00000000000000       0.00000000000000
    1     -1     67675.0000000000       0.53788419338839      -0.25921842733424       0.05904575101803
    1     -1     67676.0000000000       0.53788419338839      -0.25921842733424       0.05904575101803
    1     -1     67677.0000000000       0.53788419338839      -0.25921842733424       0.05904575101803
    1     -1     67677.0000000000       0.00000000000000       0.00000000000000       0.00000000000000
    1     -1     67677.0000000000       0.00000000000000       0.00000000000000       0.00000000000000
    1     -1     67677.0000000000       0.53690043857948      -0.26062925035476       0.06172772628792
    1     -1     67678.0000000000       0.53690043857948      -0.26062925035476       0.06172772628792
    1     -1     67679.0000000000       0.53690043857948      -0.26062925035476       0.06172772628792
    1     -1     67679.0000000000       0.00000000000000       0.00000000000000       0.00000000000000
    1     -1     67679.0000000000       0.00000000000000       0.00000000000000       0.00000000000000
    1     -1     67679.0000000000       0.53588484269985      -0.26205469578011       0.06445751363614
    1     -1     67680.0000000000       0.53588484269985      -0.26205469578011       0.06445751363614
    1     -1     67681.0000000000       0.53588484269985      -0.26205469578011       0.06445751363614
    1     -1     67681.0000000000       0.00000000000000       0.00000000000000       0.00000000000000
    1     -1     67681.0000000000       0.00000000000000       0.00000000000000       0.00000000000000
    1     -1     67681.0000000000       0.53483695053923      -0.26349351112247       0.06723544611475
    1     -1     67682.0000000000       0.53483695053923      -0.26349351112247       0.06723544611475
    1     -1     67683.0000000000       0.53483695053923      -0.26349351112247       0.06723544611475
    1     -1     67683.0000000000       0.00000000000000       0.00000000000000       0.00000000000000
    1     -1     67683.0000000000       0.00000000000000       0.00000000000000       0.00000000000000
    1     -1     67683.0000000000       0.53375630670868      -0.26494441205729       0.07006185016347
    1     -1     67684.0000000000       0.53375630670868      -0.26494441205729       0.07006185016347
    1     -1     67685.0000000000       0.53375630670868      -0.26494441205729       0.07006185016347
    1     -1     67685.0000000000       0.00000000000000       0.00000000000000       0.00000000000000
    1     -1     67685.0000000000       0.00000000000000       0.00000000000000       0.00000000000000
    1     -1     67685.0000000000       0.53264245529967      -0.26640608362862       0.07293704612885
    1     -1     67686.0000000000       0.53264245529967      -0.26640608362862       0.07293704612885
    1     -1     67687.0000000000       0.53264245529967      -0.26640608362862       0.07293704612885
    1     -1     67687.0000000000       0.00000000000000       0.00000000000000       0.00000000000000
    1     -1     67687.0000000000       0.00000000000000       0.00000000000000       0.00000000000000
    1     -1     67687.0000000000       0.53149493945096      -0.26787718150402       0.07586134883770
    1     -1     67688.0000000000       0.53149493945096      -0.26787718150402       0.07586134883770
    1     -1     67689.0000000000       0.53149493945096      -0.26787718150402       0.07586134883770
    1     -1     67689.0000000000       0.00000000000000       0.00000000000000       0.00000000000000
    1     -1     67689.0000000000       0.00000000000000       0.00000000000000       0.00000000000000
    1     -1     67689.0000000000       0.53031330081668      -0.26935633327148       0.07883506823400
    1     -1     67690.0000000000       0.53031330081668      -0.26935633327148       0.07883506823400
    1     -1     67691.0000000000       0.53031330081668      -0.26935633327148       0.07883506823400
    1     -1     67691.0000000000       0.00000000000000       0.00000000000000       0.00000000000000
    1     -1     67691.0000000000       0.00000000000000       0.00000000000000       0.00000000000000
    1     -1     67691.0000000000       0.52909707893367      -0.27084213977133       0.08185851005207
    1     -1     67692.0000000000       0.52909707893367      -0.27084213977133       0.08185851005207
    1     -1     67693.0000000000       0.52909707893367      -0.27084213977133       0.08185851005207
    1     -1     67693.0000000000       0.00000000000000       0.00000000000000       0.00000000000000
    1     -1     67693.0000000000       0.00000000000000       0.00000000000000       0.00000000000000
    1     -1     67693.0000000000       0.52784581048028      -0.27233317645356       0.08493197655258
    1     -1     67694.0000000000       0.52784581048028      -0.27233317645356       0.08493197655258
    1     -1     67695.0000000000       0.52784581048028      -0.27233317645356       0.08493197655258
    1     -1     67695.0000000000       0.00000000000000       0.00000000000000       0.00000000000000
    1     -1     67695.0000000000       0.00000000000000       0.00000000000000       0.00000000000000
    1     -1     67695.0000000000       0.52655902842447      -0.27382799475219       0.08805576729934
    1     -1     67696.0000000000       0.52655902842447      -0.27382799475219       0.08805576729934
    1     -1     67697.0000000000       0.52655902842447      -0.27382799475219       0.08805576729934
    1     -1     67697.0000000000       0.00000000000000       0.00000000000000       0.00000000000000
    1     -1     67697.0000000000       0.00000000000000       0.00000000000000       0.00000000000000
    1     -1     67697.0000000000       0.52523626105646      -0.27532512346777       0.09123017997839
    1     -1     67698.0000000000       0.52523626105646      -0.27532512346777       0.09123017997839
    1     -1     67699.0000000000       0.52523626105646      -0.27532512346777       0.09123017997839
    1     -1     67699.0000000000       0.00000000000000       0.00000000000000       0.00000000000000
    1     -1     67699.0000000000       0.00000000000000       0.00000000000000       0.00000000000000
    1     -1     67699.0000000000       0.52387703090287      -0.27682307014743       0.09445551125552
    1     -1     67700.0000000000       0.52387703090287      -0.27682307014743       0.09445551125552
    1     -1     67701.0000000000       0.52387703090287      -0.27682307014743       0.09445551125552
    1     -1     67701.0000000000       0.00000000000000       0.00000000000000       0.00000000000000
    1     -1     67701.0000000000       0.00000000000000       0.00000000000000       0.00000000000000
    1     -1     67701.0000000000       0.52248085351896      -0.27832032245340       0.09773205766553
    1     -1     67702.0000000000       0.52248085351896      -0.27832032245340       0.09773205766553
    1     -1     67703.0000000000       0.52248085351896      -0.27832032245340       0.09773205766553
    1     -1     67703.0000000000       0.00000000000000       0.00000000000000       0.00000000000000
    1     -1     67703.0000000000       0.00000000000000       0.00000000000000       0.00000000000000
    1     -1     67703.0000000000       0.52104723615584      -0.27981534950994       0.10106011652968
    1     -1     67704.0000000000       0.52104723615584      -0.27981534950994       0.10106011652968
    1     -1     67705.0000000000       0.52104723615584      -0.27981534950994       0.10106011652968
    1     -1     67705.0000000000       0.00000000000000       0.00000000000000       0.00000000000000
    1     -1     67705.0000000000       0.00000000000000       0.00000000000000       0.00000000000000
    1     -1     67705.0000000000       0.51957567630213      -0.28130660321602       0.10443998689318
    1     -1     67706.0000000000       0.51957567630213      -0.28130660321602       0.10443998689318
    1     -1     67707.0000000000       0.51957567630213      -0.28130660321602       0.10443998689318
    1     -1     67707.0000000000       0.00000000000000       0.00000000000000       0.00000000000000
    1     -1     67707.0000000000       0.00000000000000       0.00000000000000       0.00000000000000
    1     -1     67707.0000000000       0.51806566009621      -0.28279251951663       0.10787197047666
    1     -1     67708.0000000000       0.51806566009621      -0.28279251951663       0.10787197047666
    1     -1     67709.0000000000       0.51806566009621      -0.28279251951663       0.10787197047666
    1     -1     67709.0000000000       0.00000000000000       0.00000000000000       0.00000000000000
    1     -1     67709.0000000000       0.00000000000000       0.00000000000000       0.00000000000000
    1     -1     67709.0000000000       0.51651666060853      -0.28427151962006       0.11135637263630
    1     -1     67710.0000000000       0.51651666060853      -0.28427151962006       0.11135637263630
    1     -1     67711.0000000000       0.51651666060853      -0.28427151962006       0.11135637263630
    1     -1     67711.0000000000       0.00000000000000       0.00000000000000       0.00000000000000
    1     -1     67711.0000000000       0.00000000000000       0.00000000000000       0.00000000000000
    1     -1     67711.0000000000       0.51492813599524      -0.28574201114957       0.11489350331791
    1     -1     67712.0000000000       0.51492813599524      -0.28574201114957       0.11489350331791
    1     -1     67713.0000000000       0.51492813599524      -0.28574201114957       0.11489350331791
    1     -1     67713.0000000000       0.00000000000000       0.00000000000000       0.00000000000000
    1     -1     67713.0000000000       0.00000000000000       0.00000000000000       0.00000000000000
    1     -1     67713.0000000000       0.51329952751885      -0.28720238922200       0.11848367800714
    1     -1     67714.0000000000       0.51329952751885      -0.28720238922200       0.11848367800714
    1     -1     67715.0000000000       0.51329952751885      -0.28720238922200       0.11848367800714
    1     -1     67715.0000000000       0.00000000000000       0.00000000000000       0.00000000000000
    1     -1     67715.0000000000       0.00000000000000       0.00000000000000       0.00000000000000
    1     -1     67715.0000000000       0.51163025743959      -0.28865103744003       0.12212721865779
    1     -1     67716.0000000000       0.51163025743959      -0.28865103744003       0.12212721865779
    1     -1     67717.0000000000       0.51163025743959      -0.28865103744003       0.12212721865779
    1     -1     67717.0000000000       0.00000000000000       0.00000000000000       0.00000000000000
    1     -1     67717.0000000000       0.00000000000000       0.00000000000000       0.00000000000000
    1     -1     67717.0000000000       0.50991972677829      -0.29008632878876       0.12582445458739
    1     -1     67718.0000000000       0.50991972677829      -0.29008632878876       0.12582445458739
    1     -1     67719.0000000000       0.50991972677829      -0.29008632878876       0.12582445458739
    1     -1     67719.0000000000       0.00000000000000       0.00000000000000       0.00000000000000
    1     -1     67719.0000000000       0.00000000000000       0.00000000000000       0.00000000000000
    1     -1     67719.0000000000       0.50816731294808      -0.29150662642825       0.12957572334179
    1     -1     67720.0000000000       0.50816731294808      -0.29150662642825       0.12957572334179
    1     -1     67721.0000000000       0.50816731294808      -0.29150662642825       0.12957572334179
    1     -1     67721.0000000000       0.00000000000000       0.00000000000000       0.00000000000000
    1     -1     67721.0000000000       0.00000000000000       0.00000000000000       0.00000000000000
    1     -1     67721.0000000000       0.50637236726347      -0.29291028436993       0.13338137149660
    1     -1     67722.0000000000       0.50637236726347      -0.29291028436993       0.13338137149660
    1     -1     67723.0000000000       0.50637236726347      -0.29291028436993       0.13338137149660
    1     -1     67723.0000000000       0.00000000000000       0.00000000000000       0.00000000000000
    1     -1     67723.0000000000       0.00000000000000       0.00000000000000       0.00000000000000
    1     -1     67723.0000000000       0.50453421232232      -0.29429564803106       0.13724175540365
    1     -1     67724.0000000000       0.50453421232232      -0.29429564803106       0.13724175540365
    1     -1     67725.0000000000       0.50453421232232      -0.29429564803106       0.13724175540365
    1     -1     67725.0000000000       0.00000000000000       0.00000000000000       0.00000000000000
    1     -1     67725.0000000000       0.00000000000000       0.00000000000000       0.00000000000000
    1     -1     67725.0000000000       0.50265213927102      -0.29566105465741       0.14115724184444
    1     -1     67726.0000000000       0.50265213927102      -0.29566105465741       0.14115724184444
    1     -1     67727.0000000000       0.50265213927102      -0.29566105465741       0.14115724184444
    1     -1     67727.0000000000       0.00000000000000       0.00000000000000       0.00000000000000
    1     -1     67727.0000000000       0.00000000000000       0.00000000000000       0.00000000000000
    1     -1     67727.0000000000       0.50072540495333      -0.29700483361037       0.14512820858261
    1     -1     67728.0000000000       0.50072540495333      -0.29700483361037       0.14512820858261
    1     -1     67729.0000000000       0.50072540495333      -0.29700483361037       0.14512820858261
    1     -1     67729.0000000000       0.00000000000000       0.00000000000000       0.00000000000000
    1     -1     67729.0000000000       0.00000000000000       0.00000000000000       0.00000000000000
    1     -1     67729.0000000000       0.49875322896443      -0.29832530651559       0.14915504473512
    1     -1     67730.0000000000       0.49875322896443      -0.29832530651559       0.14915504473512
    1     -1     67731.0000000000       0.49875322896443      -0.29832530651559       0.14915504473512
    1     -1     67731.0000000000       0.00000000000000       0.00000000000000       0.00000000000000
    1     -1     67731.0000000000       0.00000000000000       0.00000000000000       0.00000000000000
    1     -1     67731.0000000000       0.49673479062915      -0.29962078727847       0.15323815089344
    1     -1     67732.0000000000       0.49673479062915      -0.29962078727847       0.15323815089344
    1     -1     67733.0000000000       0.49673479062915      -0.29962078727847       0.15323815089344
    1     -1     67733.0000000000       0.00000000000000       0.00000000000000       0.00000000000000
    1     -1     67733.0000000000       0.00000000000000       0.00000000000000       0.00000000000000
    1     -1     67733.0000000000       0.49466922597271      -0.30088958191695       0.15737793889043
    1     -1     67734.0000000000       0.49466922597271      -0.30088958191695       0.15737793889043
    1     -1     67735.0000000000       0.49466922597271      -0.30088958191695       0.15737793889043
    1     -1     67735.0000000000       0.00000000000000       0.00000000000000       0.00000000000000
    1     -1     67735.0000000000       0.00000000000000       0.00000000000000       0.00000000000000
    1     -1     67735.0000000000       0.49255562413993      -0.30212998754414       0.16157483416270
    1     -1     67736.0000000000       0.49255562413993      -0.30212998754414       0.16157483416270
    1     -1     67737.0000000000       0.49255562413993      -0.30212998754414       0.16157483416270
    1     -1     67737.0000000000       0.00000000000000       0.00000000000000       0.00000000000000
    1     -1     67737.0000000000       0.00000000000000       0.00000000000000       0.00000000000000
    1     -1     67737.0000000000       0.48628879812794      -0.30080155830581       0.16444141428975
    1     -1     67738.0000000000       0.48628879812794      -0.30080155830581       0.16444141428975
    1     -1     67739.0000000000       0.48628879812794      -0.30080155830581       0.16444141428975
    1     -1     67739.0000000000       0.00000000000000       0.00000000000000       0.00000000000000
    1     -1     68053.0000000000       0.00000000000000       0.00000000000000       0.00000000000000
    1     -1     68053.0000000000      -0.05979366766718       0.02120809774603       0.03349223600371
    1     -1     68054.0000000000      -0.05979366766718       0.02120809774603       0.03349223600371
    1     -1     68055.0000000000      -0.05979366766718       0.02120809774603       0.03349223600371
    1     -1     68055.0000000000       0.00000000000000       0.00000000000000       0.00000000000000
    1     -1     68055.0000000000       0.00000000000000       0.00000000000000       0.00000000000000
    1     -1     68055.0000000000      -0.50169382251405       0.17789046648345       0.27687233459763
    1     -1     68056.0000000000      -0.50169382251405       0.17789046648345       0.27687233459763
    1     -1     68057.0000000000      -0.50169382251405       0.17789046648345       0.27687233459763
    1     -1     68057.0000000000       0.00000000000000       0.00000000000000       0.00000000000000
    1     -1     68057.0000000000       0.00000000000000       0.00000000000000       0.00000000000000
    1     -1     68057.0000000000      -0.50326754885793       0.17839351381512       0.27367412697444
    1     -1     68058.0000000000      -0.50326754885793       0.17839351381512       0.27367412697444
    1     -1     68059.0000000000      -0.50326754885793       0.17839351381512       0.27367412697444
    1     -1     68059.0000000000       0.00000000000000       0.00000000000000       0.00000000000000
    1     -1     68059.0000000000       0.00000000000000       0.00000000000000       0.00000000000000
    1     -1     68059.0000000000      -0.50480110923529       0.17888337142512       0.27051169812488
    1     -1     68060.0000000000      -0.50480110923529       0.17888337142512       0.27051169812488
    1     -1     68061.0000000000      -0.50480110923529       0.17888337142512       0.27051169812488
    1     -1     68061.0000000000       0.00000000000000       0.00000000000000       0.00000000000000
    1     -1     68061.0000000000       0.00000000000000       0.00000000000000       0.00000000000000
    1     -1     68061.0000000000      -0.50629483157797       0.17936200356277       0.26738514258533
    1     -1     68062.0000000000      -0.50629483157797       0.17936200356277       0.26738514258533
    1     -1     68063.0000000000      -0.50629483157797       0.17936200356277       0.26738514258533
    1     -1     68063.0000000000       0.00000000000000       0.00000000000000       0.00000000000000
    1     -1     68063.0000000000       0.00000000000000       0.00000000000000       0.00000000000000
    1     -1     68063.0000000000      -0.50774986353855       0.17983094126917       0.26429322336910
    1     -1     68064.0000000000      -0.50774986353855       0.17983094126917       0.26429322336910
    1     -1     68065.0000000000      -0.50774986353855       0.17983094126917       0.26429322336910
    1     -1     68065.0000000000       0.00000000000000       0.00000000000000       0.00000000000000
    1     -1     68065.0000000000       0.00000000000000       0.00000000000000       0.00000000000000
    1     -1     68065.0000000000      -0.50916693530801       0.18029226312229       0.26123501129690
    1     -1     68066.0000000000      -0.50916693530801       0.18029226312229       0.26123501129690
    1     -1     68067.0000000000      -0.50916693530801       0.18029226312229       0.26123501129690
    1     -1     68067.0000000000       0.00000000000000       0.00000000000000       0.00000000000000
    1     -1     68067.0000000000       0.00000000000000       0.00000000000000       0.00000000000000
    1     -1     68067.0000000000      -0.51054678031210       0.18074789009639       0.25820957499414
    1     -1     68068.0000000000      -0.51054678031210       0.18074789009639       0.25820957499414
    1     -1     68069.0000000000      -0.51054678031210       0.18074789009639       0.25820957499414
    1     -1     68069.0000000000       0.00000000000000       0.00000000000000       0.00000000000000
    1     -1     68069.0000000000       0.00000000000000       0.00000000000000       0.00000000000000
    1     -1     68069.0000000000      -0.51189004991831       0.18119966259385       0.25521610127596
    1     -1     68070.0000000000      -0.51189004991831       0.18119966259385       0.25521610127596
    1     -1     68071.0000000000      -0.51189004991831       0.18119966259385       0.25521610127596
    1     -1     68071.0000000000       0.00000000000000       0.00000000000000       0.00000000000000
    1     -1     68071.0000000000       0.00000000000000       0.00000000000000       0.00000000000000
    1     -1     68071.0000000000      -0.51319729996401       0.18164966907429       0.25225369831749
    1     -1     68072.0000000000      -0.51319729996401       0.18164966907429       0.25225369831749
    1     -1     68073.0000000000      -0.51319729996401       0.18164966907429       0.25225369831749
    1     -1     68073.0000000000       0.00000000000000       0.00000000000000       0.00000000000000
    1     -1     68073.0000000000       0.00000000000000       0.00000000000000       0.00000000000000
    1     -1     68073.0000000000      -0.51446910200301       0.18209953081220       0.24932168626533
    1     -1     68074.0000000000      -0.51446910200301       0.18209953081220       0.24932168626533
    1     -1     68075.0000000000      -0.51446910200301       0.18209953081220       0.24932168626533
    1     -1     68075.0000000000       0.00000000000000       0.00000000000000       0.00000000000000
    1     -1     68075.0000000000       0.00000000000000       0.00000000000000       0.00000000000000
    1     -1     68075.0000000000      -0.51570610843147       0.18255142637711       0.24641872034030
    1     -1     68076.0000000000      -0.51570610843147       0.18255142637711       0.24641872034030
    1     -1     68077.0000000000      -0.51570610843147       0.18255142637711       0.24641872034030
    1     -1     68077.0000000000       0.00000000000000       0.00000000000000       0.00000000000000
    1     -1     68077.0000000000       0.00000000000000       0.00000000000000       0.00000000000000
    1     -1     68077.0000000000      -0.51661137049472       0.18289231994170       0.24426029243803
    1     -1     68078.0000000000      -0.51661137049472       0.18289231994170       0.24426029243803
    1     -1     68078.0000000000       0.00000000000000       0.00000000000000       0.00000000000000
    1  23760     68078.0000000000       77574721.533961296      329522817.904145181       -4513397.318413340      -20.1861966334044        1.8483912132008        1.1961936477487        1145.7231060620
    1  23760     68078.0000000000       77574721.533961296      329522817.904145181       -4513397.318413340      -20.1861966334044        1.8483912132008        1.1961936477487        1217.5916892242
    1     -1     68078.0000000000       0.00000000000000       0.00000000000000       0.00000000000000
    1     -1     68078.0000000000      -0.59401502566361       0.07422788409515       0.04045206779167
    1     -1     68079.0000000000      -0.59401502566361       0.07422788409515       0.04045206779167
    1     -1     68080.0000000000      -0.59401502566361       0.07422788409515       0.04045206779167
    1     -1     68080.0000000000       0.00000000000000       0.00000000000000       0.00000000000000
    1     -1     68080.0000000000       0.00000000000000       0.00000000000000       0.00000000000000
    1     -1     68080.0000000000      -0.59285201148576       0.08020245300848       0.04576088164257
    1     -1     68081.0000000000      -0.59285201148576       0.08020245300848       0.04576088164257
    1     -1     68082.0000000000      -0.59285201148576       0.08020245300848       0.04576088164257
    1     -1     68082.0000000000       0.00000000000000       0.00000000000000       0.00000000000000
    1     -1     68082.0000000000       0.00000000000000       0.00000000000000       0.00000000000000
    1     -1     68082.0000000000      -0.59154671524118       0.08631374936445       0.05120956588388
    1     -1     68083.0000000000      -0.59154671524118       0.08631374936445       0.05120956588388
    1     -1     68084.0000000000      -0.59154671524118       0.08631374936445       0.05120956588388
    1     -1     68084.0000000000       0.00000000000000       0.00000000000000       0.00000000000000
    1     -1     68084.0000000000       0.00000000000000       0.00000000000000       0.00000000000000
    1     -1     68084.0000000000      -0.59008866908795       0.09256858583663       0.05680157401182
    1     -1     68085.0000000000      -0.59008866908795       0.09256858583663       0.05680157401182
    1     -1     68086.0000000000      -0.59008866908795       0.09256858583663       0.05680157401182
    1     -1     68086.0000000000       0.00000000000000       0.00000000000000       0.00000000000000
    1     -1     68086.0000000000       0.00000000000000       0.00000000000000       0.00000000000000
    1     -1     68086.0000000000      -0.58846652616636       0.09897396379925       0.06254039775666
    1     -1     68087.0000000000      -0.58846652616636       0.09897396379925       0.06254039775666
    1     -1     68088.0000000000      -0.58846652616636       0.09897396379925       0.06254039775666
    1     -1     68088.0000000000       0.00000000000000       0.00000000000000       0.00000000000000
    1     -1     68088.0000000000       0.00000000000000       0.00000000000000       0.00000000000000
    1     -1     68088.0000000000      -0.58666810534337       0.10553665381357       0.06842914696721
    1     -1     68089.0000000000      -0.58666810534337       0.10553665381357       0.06842914696721
    1     -1     68090.0000000000      -0.58666810534337       0.10553665381357       0.06842914696721
    1     -1     68090.0000000000       0.00000000000000       0.00000000000000       0.00000000000000
    1     -1     68090.0000000000       0.00000000000000       0.00000000000000       0.00000000000000
    1     -1     68090.0000000000      -0.58468022755984       0.11226359690933       0.07447090431537
    1     -1     68091.0000000000      -0.58468022755984       0.11226359690933       0.07447090431537
    1     -1     68092.0000000000      -0.58468022755984       0.11226359690933       0.07447090431537
    1     -1     68092.0000000000       0.00000000000000       0.00000000000000       0.00000000000000
    1     -1     68092.0000000000       0.00000000000000       0.00000000000000       0.00000000000000
    1     -1     68092.0000000000      -0.08053406294986       0.01647491154646       0.01115293678007
    1     -1     68093.0000000000      -0.08053406294986       0.01647491154646       0.01115293678007
    1     -1     68094.0000000000      -0.08053406294986       0.01647491154646       0.01115293678007
    1     -1     68094.0000000000       0.00000000000000       0.00000000000000       0.00000000000000
    1     -1     68204.0000000000       0.00000000000000       0.00000000000000       0.00000000000000
    1     -1     68204.0000000000       0.02127807185762       0.17359143437155       0.11900775430920
    1     -1     68205.0000000000       0.02127807185762       0.17359143437155       0.11900775430920
    1     -1     68206.0000000000       0.02127807185762       0.17359143437155       0.11900775430920
    1     -1     68206.0000000000       0.00000000000000       0.00000000000000       0.00000000000000
    1     -1     68206.0000000000       0.00000000000000       0.00000000000000       0.00000000000000
    1     -1     68206.0000000000       0.06997852483189       0.49256487565841       0.33538462786772
    1     -1     68207.0000000000       0.06997852483189       0.49256487565841       0.33538462786772
    1     -1     68208.0000000000       0.06997852483189       0.49256487565841       0.33538462786772
    1     -1     68208.0000000000       0.00000000000000       0.00000000000000       0.00000000000000
    1     -1     68208.0000000000       0.00000000000000       0.00000000000000       0.00000000000000
    1     -1     68208.0000000000       0.07917050501702       0.49268264702697       0.33316038139887
    1     -1     68209.0000000000       0.07917050501702       0.49268264702697       0.33316038139887
    1     -1     68210.0000000000       0.07917050501702       0.49268264702697       0.33316038139887
    1     -1     68210.0000000000       0.00000000000000       0.00000000000000       0.00000000000000
    1     -1     68210.0000000000       0.00000000000000       0.00000000000000       0.00000000000000
    1     -1     68210.0000000000       0.08794187128784       0.49272885797566       0.33088441950687
    1     -1     68211.0000000000       0.08794187128784       0.49272885797566       0.33088441950687
    1     -1     68212.0000000000       0.08794187128784       0.49272885797566       0.33088441950687
    1     -1     68212.0000000000       0.00000000000000       0.00000000000000       0.00000000000000
    1     -1     68212.0000000000       0.00000000000000       0.00000000000000       0.00000000000000
    1     -1     68212.0000000000       0.09630641778160       0.49271526051522       0.32856771787487
    1     -1     68213.0000000000       0.09630641778160       0.49271526051522       0.32856771787487
    1     -1     68214.0000000000       0.09630641778160       0.49271526051522       0.32856771787487
    1     -1     68214.0000000000       0.00000000000000       0.00000000000000       0.00000000000000
    1     -1     68214.0000000000       0.00000000000000       0.00000000000000       0.00000000000000
    1     -1     68214.0000000000       0.10427820443891       0.49265244029330       0.32622021462817
    1     -1     68215.0000000000       0.10427820443891       0.49265244029330       0.32622021462817
    1     -1     68216.0000000000       0.10427820443891       0.49265244029330       0.32622021462817
    1     -1     68216.0000000000       0.00000000000000       0.00000000000000       0.00000000000000
    1     -1     68216.0000000000       0.00000000000000       0.00000000000000       0.00000000000000
    1     -1     68216.0000000000       0.11187163840160       0.49254989648926       0.32385079167690
    1     -1     68217.0000000000       0.11187163840160       0.49254989648926       0.32385079167690
    1     -1     68218.0000000000       0.11187163840160       0.49254989648926       0.32385079167690
    1     -1     68218.0000000000       0.00000000000000       0.00000000000000       0.00000000000000
    1     -1     68218.0000000000       0.00000000000000       0.00000000000000       0.00000000000000
    1     -1     68218.0000000000       0.11910115141713       0.49241610942283       0.32146740144531
    1     -1     68219.0000000000       0.11910115141713       0.49241610942283       0.32146740144531
    1     -1     68220.0000000000       0.11910115141713       0.49241610942283       0.32146740144531
    1     -1     68220.0000000000       0.00000000000000       0.00000000000000       0.00000000000000
    1     -1     68220.0000000000       0.00000000000000       0.00000000000000       0.00000000000000
    1     -1     68220.0000000000       0.12598114192450       0.49225861277010       0.31907712126233
    1     -1     68221.0000000000       0.12598114192450       0.49225861277010       0.31907712126233
    1     -1     68222.0000000000       0.12598114192450       0.49225861277010       0.31907712126233
    1     -1     68222.0000000000       0.00000000000000       0.00000000000000       0.00000000000000
    1     -1     68222.0000000000       0.00000000000000       0.00000000000000       0.00000000000000
    1     -1     68222.0000000000       0.13252588338259       0.49208406511569       0.31668622068680
    1     -1     68223.0000000000       0.13252588338259       0.49208406511569       0.31668622068680
    1     -1     68224.0000000000       0.13252588338259       0.49208406511569       0.31668622068680
    1     -1     68224.0000000000       0.00000000000000       0.00000000000000       0.00000000000000
    1     -1     68224.0000000000       0.00000000000000       0.00000000000000       0.00000000000000
    1     -1     68224.0000000000       0.13874943990522       0.49189832033724       0.31430023012302
    1     -1     68225.0000000000       0.13874943990522       0.49189832033724       0.31430023012302
    1     -1     68226.0000000000       0.13874943990522       0.49189832033724       0.31430023012302
    1     -1     68226.0000000000       0.00000000000000       0.00000000000000       0.00000000000000
    1     -1     68226.0000000000       0.00000000000000       0.00000000000000       0.00000000000000
    1     -1     68226.0000000000       0.14466560015465       0.49170649582712       0.31192400576632
    1     -1     68227.0000000000       0.14466560015465       0.49170649582712       0.31192400576632
    1     -1     68228.0000000000       0.14466560015465       0.49170649582712       0.31192400576632
    1     -1     68228.0000000000       0.00000000000000       0.00000000000000       0.00000000000000
    1  16118     68228.0000000000     -185991198.914750099      254000256.269349128       11875728.638966283      -17.4401619165836      -12.8249337462309        1.5925620604382        1168.7185032032
    1  16118     68228.0000000000     -185991198.914750099      254000256.269349128       11875728.638966283      -17.4401619165836      -12.8249337462309        1.5925620604382        1250.4433491991
    1     -1     68228.0000000000       0.00000000000000       0.00000000000000       0.00000000000000
    1     -1     68228.0000000000      -0.18649336446337       0.52028183961584      -0.23351023886992
    1     -1     68229.0000000000      -0.18649336446337       0.52028183961584      -0.23351023886992
    1     -1     68230.0000000000      -0.18649336446337       0.52028183961584      -0.23351023886992
    1     -1     68230.0000000000       0.00000000000000       0.00000000000000       0.00000000000000
    1     -1     68230.0000000000       0.00000000000000       0.00000000000000       0.00000000000000
    1     -1     68230.0000000000      -0.18364554016659       0.51973785012527      -0.23695333296683
    1     -1     68231.0000000000      -0.18364554016659       0.51973785012527      -0.23695333296683
    1     -1     68232.0000000000      -0.18364554016659       0.51973785012527      -0.23695333296683
    1     -1     68232.0000000000       0.00000000000000       0.00000000000000       0.00000000000000
    1     -1     68232.0000000000       0.00000000000000       0.00000000000000       0.00000000000000
    1     -1     68232.0000000000      -0.18077213611986       0.51915841922124      -0.24040792381775
    1     -1     68233.0000000000      -0.18077213611986       0.51915841922124      -0.24040792381775
    1     -1     68234.0000000000      -0.18077213611986       0.51915841922124      -0.24040792381775
    1     -1     68234.0000000000       0.00000000000000       0.00000000000000       0.00000000000000
    1     -1     68234.0000000000       0.00000000000000       0.00000000000000       0.00000000000000
    1     -1     68234.0000000000      -0.17787493048926       0.51854211233842      -0.24387411940395
    1     -1     68235.0000000000      -0.17787493048926       0.51854211233842      -0.24387411940395
    1     -1     68236.0000000000      -0.17787493048926       0.51854211233842      -0.24387411940395
    1     -1     68236.0000000000       0.00000000000000       0.00000000000000       0.00000000000000
    1     -1     68236.0000000000       0.00000000000000       0.00000000000000       0.00000000000000
    1     -1     68236.0000000000      -0.17495563102554       0.51788748210965      -0.24735214235293
    1     -1     68237.0000000000      -0.17495563102554       0.51788748210965      -0.24735214235293
    1     -1     68238.0000000000      -0.17495563102554       0.51788748210965      -0.24735214235293
    1     -1     68238.0000000000       0.00000000000000       0.00000000000000       0.00000000000000
    1     -1     68238.0000000000       0.00000000000000       0.00000000000000       0.00000000000000
    1     -1     68238.0000000000      -0.17201586478627       0.51719306355545      -0.25084233405063
    1     -1     68239.0000000000      -0.17201586478627       0.51719306355545      -0.25084233405063
    1     -1     68240.0000000000      -0.17201586478627       0.51719306355545      -0.25084233405063
    1     -1     68240.0000000000       0.00000000000000       0.00000000000000       0.00000000000000
    1     -1     68240.0000000000       0.00000000000000       0.00000000000000       0.00000000000000
    1     -1     68240.0000000000      -0.16905716808612       0.51645736866882      -0.25434515829161
    1     -1     68241.0000000000      -0.16905716808612       0.51645736866882      -0.25434515829161
    1     -1     68242.0000000000      -0.16905716808612       0.51645736866882      -0.25434515829161
    1     -1     68242.0000000000       0.00000000000000       0.00000000000000       0.00000000000000
    1     -1     68242.0000000000       0.00000000000000       0.00000000000000       0.00000000000000
    1     -1     68242.0000000000      -0.16608097663850       0.51567888036671      -0.25786120457047
    1     -1     68243.0000000000      -0.16608097663850       0.51567888036671      -0.25786120457047
    1     -1     68244.0000000000      -0.16608097663850       0.51567888036671      -0.25786120457047
    1     -1     68244.0000000000       0.00000000000000       0.00000000000000       0.00000000000000
    1     -1     68244.0000000000       0.00000000000000       0.00000000000000       0.00000000000000
    1     -1     68244.0000000000      -0.16308861589021       0.51485604579577      -0.26139119104240
    1     -1     68245.0000000000      -0.16308861589021       0.51485604579577      -0.26139119104240
    1     -1     68246.0000000000      -0.16308861589021       0.51485604579577      -0.26139119104240
    1     -1     68246.0000000000       0.00000000000000       0.00000000000000       0.00000000000000
    1     -1     68246.0000000000       0.00000000000000       0.00000000000000       0.00000000000000
    1     -1     68246.0000000000      -0.16008129156424       0.51398726897697      -0.26493596717079
    1     -1     68247.0000000000      -0.16008129156424       0.51398726897697      -0.26493596717079
    1     -1     68248.0000000000      -0.16008129156424       0.51398726897697      -0.26493596717079
    1     -1     68248.0000000000       0.00000000000000       0.00000000000000       0.00000000000000
    1     -1     68248.0000000000       0.00000000000000       0.00000000000000       0.00000000000000
    1     -1     68248.0000000000      -0.15706008042604       0.51307090278001      -0.26849651606134
    1     -1     68249.0000000000      -0.15706008042604       0.51307090278001      -0.26849651606134
    1     -1     68250.0000000000      -0.15706008042604       0.51307090278001      -0.26849651606134
    1     -1     68250.0000000000       0.00000000000000       0.00000000000000       0.00000000000000
    1     -1     68250.0000000000       0.00000000000000       0.00000000000000       0.00000000000000
    1     -1     68250.0000000000      -0.15402592127744       0.51210524020405      -0.27207395650849
    1     -1     68251.0000000000      -0.15402592127744       0.51210524020405      -0.27207395650849
    1     -1     68252.0000000000      -0.15402592127744       0.51210524020405      -0.27207395650849
    1     -1     68252.0000000000       0.00000000000000       0.00000000000000       0.00000000000000
    1     -1     68252.0000000000       0.00000000000000       0.00000000000000       0.00000000000000
    1     -1     68252.0000000000      -0.15097960618035       0.51108850494648      -0.27566954476184
    1     -1     68253.0000000000      -0.15097960618035       0.51108850494648      -0.27566954476184
    1     -1     68254.0000000000      -0.15097960618035       0.51108850494648      -0.27566954476184
    1     -1     68254.0000000000       0.00000000000000       0.00000000000000       0.00000000000000
    1     -1     68254.0000000000       0.00000000000000       0.00000000000000       0.00000000000000
    1     -1     68254.0000000000      -0.14792177190536       0.51001884123388      -0.27928467602580
    1     -1     68255.0000000000      -0.14792177190536       0.51001884123388      -0.27928467602580
    1     -1     68256.0000000000      -0.14792177190536       0.51001884123388      -0.27928467602580
    1     -1     68256.0000000000       0.00000000000000       0.00000000000000       0.00000000000000
    1     -1     68256.0000000000       0.00000000000000       0.00000000000000       0.00000000000000
    1     -1     68256.0000000000      -0.14485289159030       0.50889430288374      -0.28292088570907
    1     -1     68257.0000000000      -0.14485289159030       0.50889430288374      -0.28292088570907
    1     -1     68258.0000000000      -0.14485289159030       0.50889430288374      -0.28292088570907
    1     -1     68258.0000000000       0.00000000000000       0.00000000000000       0.00000000000000
    1     -1     68258.0000000000       0.00000000000000       0.00000000000000       0.00000000000000
    1     -1     68258.0000000000      -0.14177326658994       0.50771284155819      -0.28657985043846
    1     -1     68259.0000000000      -0.14177326658994       0.50771284155819      -0.28657985043846
    1     -1     68260.0000000000      -0.14177326658994       0.50771284155819      -0.28657985043846
    1     -1     68260.0000000000       0.00000000000000       0.00000000000000       0.00000000000000
    1     -1     68260.0000000000       0.00000000000000       0.00000000000000       0.00000000000000
    1     -1     68260.0000000000      -0.13868301848415       0.50647229416364      -0.29026338885354
    1     -1     68261.0000000000      -0.13868301848415       0.50647229416364      -0.29026338885354
    1     -1     68262.0000000000      -0.13868301848415       0.50647229416364      -0.29026338885354
    1     -1     68262.0000000000       0.00000000000000       0.00000000000000       0.00000000000000
    1     -1     68262.0000000000       0.00000000000000       0.00000000000000       0.00000000000000
    1     -1     68262.0000000000      -0.13558208119685       0.50517036932075      -0.29397346223539
    1     -1     68263.0000000000      -0.13558208119685       0.50517036932075      -0.29397346223539
    1     -1     68264.0000000000      -0.13558208119685       0.50517036932075      -0.29397346223539
    1     -1     68264.0000000000       0.00000000000000       0.00000000000000       0.00000000000000
    1     -1     68264.0000000000       0.00000000000000       0.00000000000000       0.00000000000000
    1     -1     68264.0000000000      -0.13247019311111       0.50380463279848      -0.29771217507502
    1     -1     68265.0000000000      -0.13247019311111       0.50380463279848      -0.29771217507502
    1     -1     68266.0000000000      -0.13247019311111       0.50380463279848      -0.29771217507502
    1     -1     68266.0000000000       0.00000000000000       0.00000000000000       0.00000000000000
    1     -1     68266.0000000000       0.00000000000000       0.00000000000000       0.00000000000000
    1     -1     68266.0000000000      -0.12934688926231       0.50237249233833      -0.30148177467293
    1     -1     68267.0000000000      -0.12934688926231       0.50237249233833      -0.30148177467293
    1     -1     68268.0000000000      -0.12934688926231       0.50237249233833      -0.30148177467293
    1     -1     68268.0000000000       0.00000000000000       0.00000000000000       0.00000000000000
    1     -1     68268.0000000000       0.00000000000000       0.00000000000000       0.00000000000000
    1     -1     68268.0000000000      -0.12621150038660       0.50087119158882      -0.30528463093736
    1     -1     68269.0000000000      -0.12621150038660       0.50087119158882      -0.30528463093736
    1     -1     68270.0000000000      -0.12621150038660       0.50087119158882      -0.30528463093736
    1     -1     68270.0000000000       0.00000000000000       0.00000000000000       0.00000000000000
    1     -1     68270.0000000000       0.00000000000000       0.00000000000000       0.00000000000000
    1     -1     68270.0000000000      -0.10410065892446       0.42236204032996      -0.26149106321476
    1     -1     68271.0000000000      -0.10410065892446       0.42236204032996      -0.26149106321476
    1     -1     68272.0000000000      -0.10410065892446       0.42236204032996      -0.26149106321476
    1     -1     68272.0000000000       0.00000000000000       0.00000000000000       0.00000000000000
    1     -1     68492.0000000000       0.00000000000000       0.00000000000000       0.00000000000000
    1     -1     68492.0000000000       0.09234094158360      -0.16128021007028      -0.01054108799448
    1     -1     68493.0000000000       0.09234094158360      -0.16128021007028      -0.01054108799448
    1     -1     68494.0000000000       0.09234094158360      -0.16128021007028      -0.01054108799448
    1     -1     68494.0000000000       0.00000000000000       0.00000000000000       0.00000000000000
    1     -1     68494.0000000000       0.00000000000000       0.00000000000000       0.00000000000000
    1     -1     68494.0000000000       0.29751006890223      -0.52016397590961      -0.03028524967201
    1     -1     68495.0000000000       0.29751006890223      -0.52016397590961      -0.03028524967201
    1     -1     68496.0000000000       0.29751006890223      -0.52016397590961      -0.03028524967201
    1     -1     68496.0000000000       0.00000000000000       0.00000000000000       0.00000000000000
    1     -1     68496.0000000000       0.00000000000000       0.00000000000000       0.00000000000000
    1     -1     68496.0000000000       0.29737918082495      -0.52043527797415      -0.02669725700992
    1     -1     68497.0000000000       0.29737918082495      -0.52043527797415      -0.02669725700992
    1     -1     68498.0000000000       0.29737918082495      -0.52043527797415      -0.02669725700992
    1     -1     68498.0000000000       0.00000000000000       0.00000000000000       0.00000000000000
    1     -1     68498.0000000000       0.00000000000000       0.00000000000000       0.00000000000000
    1     -1     68498.0000000000       0.29725129141668      -0.52067556751572      -0.02320824041806
    1     -1     68499.0000000000       0.29725129141668      -0.52067556751572      -0.02320824041806
    1     -1     68500.0000000000       0.29725129141668      -0.52067556751572      -0.02320824041806
    1     -1     68500.0000000000       0.00000000000000       0.00000000000000       0.00000000000000
    1     -1     68500.0000000000       0.00000000000000       0.00000000000000       0.00000000000000
    1     -1     68500.0000000000       0.29712541540034      -0.52088761358407      -0.01981365231005
    1     -1     68501.0000000000       0.29712541540034      -0.52088761358407      -0.01981365231005
    1     -1     68502.0000000000       0.29712541540034      -0.52088761358407      -0.01981365231005
    1     -1     68502.0000000000       0.00000000000000       0.00000000000000       0.00000000000000
    1     -1     68502.0000000000       0.00000000000000       0.00000000000000       0.00000000000000
    1     -1     68502.0000000000       0.29700059645604      -0.52107397080666      -0.01650944979516
    1     -1     68503.0000000000       0.29700059645604      -0.52107397080666      -0.01650944979516
    1     -1     68504.0000000000       0.29700059645604      -0.52107397080666      -0.01650944979516
    1     -1     68504.0000000000       0.00000000000000       0.00000000000000       0.00000000000000
    1     -1     68504.0000000000       0.00000000000000       0.00000000000000       0.00000000000000
    1     -1     68504.0000000000       0.29687587097040      -0.52123703358612      -0.01329177692833
    1     -1     68505.0000000000       0.29687587097040      -0.52123703358612      -0.01329177692833
    1     -1     68506.0000000000       0.29687587097040      -0.52123703358612      -0.01329177692833
    1     -1     68506.0000000000       0.00000000000000       0.00000000000000       0.00000000000000
    1     -1     68506.0000000000       0.00000000000000       0.00000000000000       0.00000000000000
    1     -1     68506.0000000000       0.29675026232302      -0.52137905352730      -0.01015695004373
    1     -1     68507.0000000000       0.29675026232302      -0.52137905352730      -0.01015695004373
    1     -1     68508.0000000000       0.29675026232302      -0.52137905352730      -0.01015695004373
    1     -1     68508.0000000000       0.00000000000000       0.00000000000000       0.00000000000000
    1     -1     68508.0000000000       0.00000000000000       0.00000000000000       0.00000000000000
    1     -1     68508.0000000000       0.29662279171827      -0.52150214545531      -0.00710147863275
    1     -1     68509.0000000000       0.29662279171827      -0.52150214545531      -0.00710147863275
    1     -1     68510.0000000000       0.29662279171827      -0.52150214545531      -0.00710147863275
    1     -1     68510.0000000000       0.00000000000000       0.00000000000000       0.00000000000000
    1     -1     68510.0000000000       0.00000000000000       0.00000000000000       0.00000000000000
    1     -1     68510.0000000000       0.29649240904762      -0.52160834143699      -0.00412174726122
    1     -1     68511.0000000000       0.29649240904762      -0.52160834143699      -0.00412174726122
    1     -1     68512.0000000000       0.29649240904762      -0.52160834143699      -0.00412174726122
    1     -1     68512.0000000000       0.00000000000000       0.00000000000000       0.00000000000000
    1     -1     68512.0000000000       0.00000000000000       0.00000000000000       0.00000000000000
    1     -1     68512.0000000000       0.29639229844947      -0.52167792492658      -0.00193580581114
    1     -1     68513.0000000000       0.29639229844947      -0.52167792492658      -0.00193580581114
    1     -1     68513.0000000000       0.00000000000000       0.00000000000000       0.00000000000000
    1   9595     68513.0000000000     -306122206.199600279     -177849633.919371814       13296281.534023119        8.7037088439464      -17.4371292319048       -0.7126019744885        1166.7728374058
    1   9595     68513.0000000000     -306122206.199600279     -177849633.919371814       13296281.534023119        8.7037088439464      -17.4371292319048       -0.7126019744885        1238.2307429499
    1     -1     68513.0000000000       0.00000000000000       0.00000000000000       0.00000000000000
    1     -1     68513.0000000000      -0.39736847511732      -0.21525660298404      -0.39466807463324
    1     -1     68514.0000000000      -0.39736847511732      -0.21525660298404      -0.39466807463324
    1     -1     68515.0000000000      -0.39736847511732      -0.21525660298404      -0.39466807463324
    1     -1     68515.0000000000       0.00000000000000       0.00000000000000       0.00000000000000
    1     -1     68515.0000000000       0.00000000000000       0.00000000000000       0.00000000000000
    1     -1     68515.0000000000      -0.39779970118137      -0.21506572443533      -0.39433758531633
    1     -1     68516.0000000000      -0.39779970118137      -0.21506572443533      -0.39433758531633
    1     -1     68517.0000000000      -0.39779970118137      -0.21506572443533      -0.39433758531633
    1     -1     68517.0000000000       0.00000000000000       0.00000000000000       0.00000000000000
    1     -1     68517.0000000000       0.00000000000000       0.00000000000000       0.00000000000000
    1     -1     68517.0000000000      -0.39828534882431      -0.21489972710746      -0.39393766953800
    1     -1     68518.0000000000      -0.39828534882431      -0.21489972710746      -0.39393766953800
    1     -1     68519.0000000000      -0.39828534882431      -0.21489972710746      -0.39393766953800
    1     -1     68519.0000000000       0.00000000000000       0.00000000000000       0.00000000000000
    1     -1     68519.0000000000       0.00000000000000       0.00000000000000       0.00000000000000
    1     -1     68519.0000000000      -0.39882602075457      -0.21476005822395      -0.39346654475409
    1     -1     68520.0000000000      -0.39882602075457      -0.21476005822395      -0.39346654475409
    1     -1     68521.0000000000      -0.39882602075457      -0.21476005822395      -0.39346654475409
    1     -1     68521.0000000000       0.00000000000000       0.00000000000000       0.00000000000000
    1     -1     68521.0000000000       0.00000000000000       0.00000000000000       0.00000000000000
    1     -1     68521.0000000000      -0.39942231799888      -0.21464818359240      -0.39292234403873
    1     -1     68522.0000000000      -0.39942231799888      -0.21464818359240      -0.39292234403873
    1     -1     68523.0000000000      -0.39942231799888      -0.21464818359240      -0.39292234403873
    1     -1     68523.0000000000       0.00000000000000       0.00000000000000       0.00000000000000
    1     -1     68523.0000000000       0.00000000000000       0.00000000000000       0.00000000000000
    1     -1     68523.0000000000      -0.40007483938627      -0.21456558816054      -0.39230311055021
    1     -1     68524.0000000000      -0.40007483938627      -0.21456558816054      -0.39230311055021
    1     -1     68525.0000000000      -0.40007483938627      -0.21456558816054      -0.39230311055021
    1     -1     68525.0000000000       0.00000000000000       0.00000000000000       0.00000000000000
    1     -1     68525.0000000000       0.00000000000000       0.00000000000000       0.00000000000000
    1     -1     68525.0000000000      -0.40078418102019      -0.21451377664489      -0.39160679150587
    1     -1     68526.0000000000      -0.40078418102019      -0.21451377664489      -0.39160679150587
    1     -1     68527.0000000000      -0.40078418102019      -0.21451377664489      -0.39160679150587
    1     -1     68527.0000000000       0.00000000000000       0.00000000000000       0.00000000000000
    1     -1     68527.0000000000       0.00000000000000       0.00000000000000       0.00000000000000
    1     -1     68527.0000000000      -0.40155093562291      -0.21449427419609      -0.39083123175798
    1     -1     68528.0000000000      -0.40155093562291      -0.21449427419609      -0.39083123175798
    1     -1     68529.0000000000      -0.40155093562291      -0.21449427419609      -0.39083123175798
    1     -1     68529.0000000000       0.00000000000000       0.00000000000000       0.00000000000000
    1     -1     68529.0000000000       0.00000000000000       0.00000000000000       0.00000000000000
    1     -1     68529.0000000000      -0.40237569166259      -0.21450862706869      -0.38997416703181
    1     -1     68530.0000000000      -0.40237569166259      -0.21450862706869      -0.38997416703181
    1     -1     68531.0000000000      -0.40237569166259      -0.21450862706869      -0.38997416703181
    1     -1     68531.0000000000       0.00000000000000       0.00000000000000       0.00000000000000
    1     -1     68531.0000000000       0.00000000000000       0.00000000000000       0.00000000000000
    1     -1     68531.0000000000      -0.40325903182625      -0.21455840312766      -0.38903321731937
    1     -1     68532.0000000000      -0.40325903182625      -0.21455840312766      -0.38903321731937
    1     -1     68533.0000000000      -0.40325903182625      -0.21455840312766      -0.38903321731937
    1     -1     68533.0000000000       0.00000000000000       0.00000000000000       0.00000000000000
    1     -1     68533.0000000000       0.00000000000000       0.00000000000000       0.00000000000000
    1     -1     68533.0000000000      -0.40420152818723      -0.21464519076713      -0.38800588393947
    1     -1     68534.0000000000      -0.40420152818723      -0.21464519076713      -0.38800588393947
    1     -1     68535.0000000000      -0.40420152818723      -0.21464519076713      -0.38800588393947
    1     -1     68535.0000000000       0.00000000000000       0.00000000000000       0.00000000000000
    1     -1     68535.0000000000       0.00000000000000       0.00000000000000       0.00000000000000
    1     -1     68535.0000000000      -0.40520372605560      -0.21477059039159      -0.38688956198572
    1     -1     68536.0000000000      -0.40520372605560      -0.21477059039159      -0.38688956198572
    1     -1     68537.0000000000      -0.40520372605560      -0.21477059039159      -0.38688956198572
    1     -1     68537.0000000000       0.00000000000000       0.00000000000000       0.00000000000000
    1     -1     68537.0000000000       0.00000000000000       0.00000000000000       0.00000000000000
    1     -1     68537.0000000000      -0.40626613743688      -0.21493622273578      -0.38568153314385
    1     -1     68538.0000000000      -0.40626613743688      -0.21493622273578      -0.38568153314385
    1     -1     68539.0000000000      -0.40626613743688      -0.21493622273578      -0.38568153314385
    1     -1     68539.0000000000       0.00000000000000       0.00000000000000       0.00000000000000
    1     -1     68539.0000000000       0.00000000000000       0.00000000000000       0.00000000000000
    1     -1     68539.0000000000      -0.40738941966077      -0.21514379913891      -0.38437872693547
    1     -1     68540.0000000000      -0.40738941966077      -0.21514379913891      -0.38437872693547
    1     -1     68541.0000000000      -0.40738941966077      -0.21514379913891      -0.38437872693547
    1     -1     68541.0000000000       0.00000000000000       0.00000000000000       0.00000000000000
    1     -1     68541.0000000000       0.00000000000000       0.00000000000000       0.00000000000000
    1     -1     68541.0000000000      -0.40857410773335      -0.21539499938271      -0.38297805682679
    1     -1     68542.0000000000      -0.40857410773335      -0.21539499938271      -0.38297805682679
    1     -1     68543.0000000000      -0.40857410773335      -0.21539499938271      -0.38297805682679
    1     -1     68543.0000000000       0.00000000000000       0.00000000000000       0.00000000000000
    1     -1     68543.0000000000       0.00000000000000       0.00000000000000       0.00000000000000
    1     -1     68543.0000000000      -0.05831112532983      -0.03068956710189      -0.05427825965101
    1     -1     68544.0000000000      -0.05831112532983      -0.03068956710189      -0.05427825965101
    1     -1     68545.0000000000      -0.05831112532983      -0.03068956710189      -0.05427825965101
    1     -1     68545.0000000000       0.00000000000000       0.00000000000000       0.00000000000000
    1     -1     68805.0000000000       0.00000000000000       0.00000000000000       0.00000000000000
    1     -1     68805.0000000000       0.00583092356655      -0.05134433626318       0.14650101035453
    1     -1     68806.0000000000       0.00583092356655      -0.05134433626318       0.14650101035453
    1     -1     68807.0000000000       0.00583092356655      -0.05134433626318       0.14650101035453
    1     -1     68807.0000000000       0.00000000000000       0.00000000000000       0.00000000000000
    1     -1     68807.0000000000       0.00000000000000       0.00000000000000       0.00000000000000
    1     -1     68807.0000000000       0.02551692314399      -0.19771083321129       0.56591458043079
    1     -1     68808.0000000000       0.02551692314399      -0.19771083321129       0.56591458043079
    1     -1     68809.0000000000       0.02551692314399      -0.19771083321129       0.56591458043079
    1     -1     68809.0000000000       0.00000000000000       0.00000000000000       0.00000000000000
    1     -1     68809.0000000000       0.00000000000000       0.00000000000000       0.00000000000000
    1     -1     68809.0000000000       0.02845584892437      -0.19714777001146       0.56597086561192
    1     -1     68810.0000000000       0.02845584892437      -0.19714777001146       0.56597086561192
    1     -1     68811.0000000000       0.02845584892437      -0.19714777001146       0.56597086561192
    1     -1     68811.0000000000       0.00000000000000       0.00000000000000       0.00000000000000
    1     -1     68811.0000000000       0.00000000000000       0.00000000000000       0.00000000000000
    1     -1     68811.0000000000       0.03133976610797      -0.19661847080563       0.56600264599943
    1     -1     68812.0000000000       0.03133976610797      -0.19661847080563       0.56600264599943
    1     -1     68813.0000000000       0.03133976610797      -0.19661847080563       0.56600264599943
    1     -1     68813.0000000000       0.00000000000000       0.00000000000000       0.00000000000000
    1     -1     68813.0000000000       0.00000000000000       0.00000000000000       0.00000000000000
    1     -1     68813.0000000000       0.03417080151452      -0.19612201518557       0.56601105180324
    1     -1     68814.0000000000       0.03417080151452      -0.19612201518557       0.56601105180324
    1     -1     68815.0000000000       0.03417080151452      -0.19612201518557       0.56601105180324
    1     -1     68815.0000000000       0.00000000000000       0.00000000000000       0.00000000000000
    1     -1     68815.0000000000       0.00000000000000       0.00000000000000       0.00000000000000
    1     -1     68815.0000000000       0.03695060653131      -0.19565778691826       0.56599706922847
    1     -1     68816.0000000000       0.03695060653131      -0.19565778691826       0.56599706922847
    1     -1     68817.0000000000       0.03695060653131      -0.19565778691826       0.56599706922847
    1     -1     68817.0000000000       0.00000000000000       0.00000000000000       0.00000000000000
    1     -1     68817.0000000000       0.00000000000000       0.00000000000000       0.00000000000000
    1     -1     68817.0000000000       0.03968138672007      -0.19522539651601       0.56596151051387
    1     -1     68818.0000000000       0.03968138672007      -0.19522539651601       0.56596151051387
    1     -1     68819.0000000000       0.03968138672007      -0.19522539651601       0.56596151051387
    1     -1     68819.0000000000       0.00000000000000       0.00000000000000       0.00000000000000
    1     -1     68819.0000000000       0.00000000000000       0.00000000000000       0.00000000000000
    1     -1     68819.0000000000       0.04236501282845      -0.19482346842233       0.56590548779804
    1     -1     68820.0000000000       0.04236501282845      -0.19482346842233       0.56590548779804
    1     -1     68821.0000000000       0.04236501282845      -0.19482346842233       0.56590548779804
    1     -1     68821.0000000000       0.00000000000000       0.00000000000000       0.00000000000000
    1     -1     68821.0000000000       0.00000000000000       0.00000000000000       0.00000000000000
    1     -1     68821.0000000000       0.04500274208437      -0.19445191213767       0.56582966195746
    1     -1     68822.0000000000       0.04500274208437      -0.19445191213767       0.56582966195746
    1     -1     68823.0000000000       0.04500274208437      -0.19445191213767       0.56582966195746
    1     -1     68823.0000000000       0.00000000000000       0.00000000000000       0.00000000000000
    1     -1     68823.0000000000       0.00000000000000       0.00000000000000       0.00000000000000
    1     -1     68823.0000000000       0.04759643140002      -0.19411010771609       0.56573478333971
    1     -1     68824.0000000000       0.04759643140002      -0.19411010771609       0.56573478333971
    1     -1     68825.0000000000       0.04759643140002      -0.19411010771609       0.56573478333971
    1     -1     68825.0000000000       0.00000000000000       0.00000000000000       0.00000000000000
    1     -1     68825.0000000000       0.00000000000000       0.00000000000000       0.00000000000000
    1     -1     68825.0000000000       0.05014762636821      -0.19379762420765       0.56562151276371
    1     -1     68826.0000000000       0.05014762636821      -0.19379762420765       0.56562151276371
    1     -1     68827.0000000000       0.05014762636821      -0.19379762420765       0.56562151276371
    1     -1     68827.0000000000       0.00000000000000       0.00000000000000       0.00000000000000
    1     -1     68827.0000000000       0.00000000000000       0.00000000000000       0.00000000000000
    1     -1     68827.0000000000       0.05203347990841      -0.19358125653835       0.56552525440130
    1     -1     68828.0000000000       0.05203347990841      -0.19358125653835       0.56552525440130
    1     -1     68828.0000000000       0.00000000000000       0.00000000000000       0.00000000000000
    1  25792     68828.0000000000      101948433.193912104     -384498702.086832821      -27234528.998118252       16.8846459463947        3.4636957521897       -0.2213253238950        1169.7711752220
    1  25792     68828.0000000000      101948433.193912104     -384498702.086832821      -27234528.998118252       16.8846459463947        3.4636957521897       -0.2213253238950        1255.6027973986
    1     -1     68828.0000000000       0.00000000000000       0.00000000000000       0.00000000000000
    1     -1     68828.0000000000      -0.32423928963545       0.30685047009031       0.40088860216032
    1     -1     68829.0000000000      -0.32423928963545       0.30685047009031       0.40088860216032
    1     -1     68830.0000000000      -0.32423928963545       0.30685047009031       0.40088860216032
    1     -1     68830.0000000000       0.00000000000000       0.00000000000000       0.00000000000000
    1     -1     68830.0000000000       0.00000000000000       0.00000000000000       0.00000000000000
    1     -1     68830.0000000000      -0.32490221068859       0.30787350156283       0.39956533859321
    1     -1     68831.0000000000      -0.32490221068859       0.30787350156283       0.39956533859321
    1     -1     68832.0000000000      -0.32490221068859       0.30787350156283       0.39956533859321
    1     -1     68832.0000000000       0.00000000000000       0.00000000000000       0.00000000000000
    1     -1     68832.0000000000       0.00000000000000       0.00000000000000       0.00000000000000
    1     -1     68832.0000000000      -0.32557298907796       0.30897050509328       0.39817013329135
    1     -1     68833.0000000000      -0.32557298907796       0.30897050509328       0.39817013329135
    1     -1     68834.0000000000      -0.32557298907796       0.30897050509328       0.39817013329135
    1     -1     68834.0000000000       0.00000000000000       0.00000000000000       0.00000000000000
    1     -1     68834.0000000000       0.00000000000000       0.00000000000000       0.00000000000000
    1     -1     68834.0000000000      -0.32625197517449       0.31014347693240       0.39669972484364
    1     -1     68835.0000000000      -0.32625197517449       0.31014347693240       0.39669972484364
    1     -1     68836.0000000000      -0.32625197517449       0.31014347693240       0.39669972484364
    1     -1     68836.0000000000       0.00000000000000       0.00000000000000       0.00000000000000
    1     -1     68836.0000000000       0.00000000000000       0.00000000000000       0.00000000000000
    1     -1     68836.0000000000      -0.32693949706010       0.31139448166167       0.39515065650047
    1     -1     68837.0000000000      -0.32693949706010       0.31139448166167       0.39515065650047
    1     -1     68838.0000000000      -0.32693949706010       0.31139448166167       0.39515065650047
    1     -1     68838.0000000000       0.00000000000000       0.00000000000000       0.00000000000000
    1     -1     68838.0000000000       0.00000000000000       0.00000000000000       0.00000000000000
    1     -1     68838.0000000000      -0.32763585604917       0.31272565143267       0.39351926515349
    1     -1     68839.0000000000      -0.32763585604917       0.31272565143267       0.39351926515349
    1     -1     68840.0000000000      -0.32763585604917       0.31272565143267       0.39351926515349
    1     -1     68840.0000000000       0.00000000000000       0.00000000000000       0.00000000000000
    1     -1     68840.0000000000       0.00000000000000       0.00000000000000       0.00000000000000
    1     -1     68840.0000000000      -0.32834132211887       0.31413918494233       0.39180166915546
    1     -1     68841.0000000000      -0.32834132211887       0.31413918494233       0.39180166915546
    1     -1     68842.0000000000      -0.32834132211887       0.31413918494233       0.39180166915546
    1     -1     68842.0000000000       0.00000000000000       0.00000000000000       0.00000000000000
    1     -1     68842.0000000000       0.00000000000000       0.00000000000000       0.00000000000000
    1     -1     68842.0000000000      -0.32905613007202       0.31563735113789       0.38999375008926
    1     -1     68843.0000000000      -0.32905613007202       0.31563735113789       0.38999375008926
    1     -1     68844.0000000000      -0.32905613007202       0.31563735113789       0.38999375008926
    1     -1     68844.0000000000       0.00000000000000       0.00000000000000       0.00000000000000
    1     -1     68844.0000000000       0.00000000000000       0.00000000000000       0.00000000000000
    1     -1     68844.0000000000      -0.32978047382141       0.31722248203809       0.38809114297510
    1     -1     68845.0000000000      -0.32978047382141       0.31722248203809       0.38809114297510
    1     -1     68846.0000000000      -0.32978047382141       0.31722248203809       0.38809114297510
    1     -1     68846.0000000000       0.00000000000000       0.00000000000000       0.00000000000000
    1     -1     68846.0000000000       0.00000000000000       0.00000000000000       0.00000000000000
    1     -1     68846.0000000000      -0.33051450819308       0.31889698403843       0.38608920306721
    1     -1     68847.0000000000      -0.33051450819308       0.31889698403843       0.38608920306721
    1     -1     68848.0000000000      -0.33051450819308       0.31889698403843       0.38608920306721
    1     -1     68848.0000000000       0.00000000000000       0.00000000000000       0.00000000000000
    1     -1     68848.0000000000       0.00000000000000       0.00000000000000       0.00000000000000
    1     -1     68848.0000000000      -0.33125836145491       0.32066345531551       0.38398287158586
    1     -1     68849.0000000000      -0.33125836145491       0.32066345531551       0.38398287158586
    1     -1     68850.0000000000      -0.33125836145491       0.32066345531551       0.38398287158586
    1     -1     68850.0000000000       0.00000000000000       0.00000000000000       0.00000000000000
    1     -1     68850.0000000000       0.00000000000000       0.00000000000000       0.00000000000000
    1     -1     68850.0000000000      -0.33201209114579       0.32252450890927       0.38176682905386
    1     -1     68851.0000000000      -0.33201209114579       0.32252450890927       0.38176682905386
    1     -1     68852.0000000000      -0.33201209114579       0.32252450890927       0.38176682905386
    1     -1     68852.0000000000       0.00000000000000       0.00000000000000       0.00000000000000
    1     -1     68852.0000000000       0.00000000000000       0.00000000000000       0.00000000000000
    1     -1     68852.0000000000      -0.33277559805176       0.32448251619952       0.37943576175965
    1     -1     68853.0000000000      -0.33277559805176       0.32448251619952       0.37943576175965
    1     -1     68854.0000000000      -0.33277559805176       0.32448251619952       0.37943576175965
    1     -1     68854.0000000000       0.00000000000000       0.00000000000000       0.00000000000000
    1     -1     68854.0000000000       0.00000000000000       0.00000000000000       0.00000000000000
    1     -1     68854.0000000000      -0.30604851127841       0.29961777858930       0.34590227891858
    1     -1     68855.0000000000      -0.30604851127841       0.29961777858930       0.34590227891858
    1     -1     68856.0000000000      -0.30604851127841       0.29961777858930       0.34590227891858
    1     -1     68856.0000000000       0.00000000000000       0.00000000000000       0.00000000000000
    1     -1     69074.0000000000       0.00000000000000       0.00000000000000       0.00000000000000
    1     -1     69074.0000000000       0.00278569420022       0.00647274415346      -0.02315477763830
    1     -1     69075.0000000000       0.00278569420022       0.00647274415346      -0.02315477763830
    1     -1     69076.0000000000       0.00278569420022       0.00647274415346      -0.02315477763830
    1     -1     69076.0000000000       0.00000000000000       0.00000000000000       0.00000000000000
    1     -1     69076.0000000000       0.00000000000000       0.00000000000000       0.00000000000000
    1     -1     69076.0000000000       0.07097839596790       0.15740929122851      -0.57461672584494
    1     -1     69077.0000000000       0.07097839596790       0.15740929122851      -0.57461672584494
    1     -1     69078.0000000000       0.07097839596790       0.15740929122851      -0.57461672584494
    1     -1     69078.0000000000       0.00000000000000       0.00000000000000       0.00000000000000
    1     -1     69078.0000000000       0.00000000000000       0.00000000000000       0.00000000000000
    1     -1     69078.0000000000       0.07285514807992       0.15442414693742      -0.57519154159367
    1     -1     69079.0000000000       0.07285514807992       0.15442414693742      -0.57519154159367
    1     -1     69080.0000000000       0.07285514807992       0.15442414693742      -0.57519154159367
    1     -1     69080.0000000000       0.00000000000000       0.00000000000000       0.00000000000000
    1     -1     69080.0000000000       0.00000000000000       0.00000000000000       0.00000000000000
    1     -1     69080.0000000000       0.07469055469648       0.15150080365324      -0.57573329486104
    1     -1     69081.0000000000       0.07469055469648       0.15150080365324      -0.57573329486104
    1     -1     69082.0000000000       0.07469055469648       0.15150080365324      -0.57573329486104
    1     -1     69082.0000000000       0.00000000000000       0.00000000000000       0.00000000000000
    1     -1     69082.0000000000       0.00000000000000       0.00000000000000       0.00000000000000
    1     -1     69082.0000000000       0.07648719662953       0.14863666000356      -0.57624374298967
    1     -1     69083.0000000000       0.07648719662953       0.14863666000356      -0.57624374298967
    1     -1     69084.0000000000       0.07648719662953       0.14863666000356      -0.57624374298967
    1     -1     69084.0000000000       0.00000000000000       0.00000000000000       0.00000000000000
    1     -1     69084.0000000000       0.00000000000000       0.00000000000000       0.00000000000000
    1     -1     69084.0000000000       0.07824731011484       0.14582963469949      -0.57672443626329
    1     -1     69085.0000000000       0.07824731011484       0.14582963469949      -0.57672443626329
    1     -1     69086.0000000000       0.07824731011484       0.14582963469949      -0.57672443626329
    1     -1     69086.0000000000       0.00000000000000       0.00000000000000       0.00000000000000
    1     -1     69086.0000000000       0.00000000000000       0.00000000000000       0.00000000000000
    1     -1     69086.0000000000       0.07997317476634       0.14307749827524      -0.57717685338646
    1     -1     69087.0000000000       0.07997317476634       0.14307749827524      -0.57717685338646
    1     -1     69088.0000000000       0.07997317476634       0.14307749827524      -0.57717685338646
    1     -1     69088.0000000000       0.00000000000000       0.00000000000000       0.00000000000000
    1     -1     69088.0000000000       0.00000000000000       0.00000000000000       0.00000000000000
    1     -1     69088.0000000000       0.08166696315220       0.14037814828793      -0.57760235620429
    1     -1     69089.0000000000       0.08166696315220       0.14037814828793      -0.57760235620429
    1     -1     69090.0000000000       0.08166696315220       0.14037814828793      -0.57760235620429
    1     -1     69090.0000000000       0.00000000000000       0.00000000000000       0.00000000000000
    1     -1     69090.0000000000       0.00000000000000       0.00000000000000       0.00000000000000
    1     -1     69090.0000000000       0.08333076474800       0.13772957441176      -0.57800220350693
    1     -1     69091.0000000000       0.08333076474800       0.13772957441176      -0.57800220350693
    1     -1     69092.0000000000       0.08333076474800       0.13772957441176      -0.57800220350693
    1     -1     69092.0000000000       0.00000000000000       0.00000000000000       0.00000000000000
    1     -1     69092.0000000000       0.00000000000000       0.00000000000000       0.00000000000000
    1     -1     69092.0000000000       0.08496659158620       0.13512985268650      -0.57837755878591
    1     -1     69093.0000000000       0.08496659158620       0.13512985268650      -0.57837755878591
    1     -1     69094.0000000000       0.08496659158620       0.13512985268650      -0.57837755878591
    1     -1     69094.0000000000       0.00000000000000       0.00000000000000       0.00000000000000
    1     -1     69094.0000000000       0.00000000000000       0.00000000000000       0.00000000000000
    1     -1     69094.0000000000       0.08657638065797       0.13257714447801      -0.57872949670310
    1     -1     69095.0000000000       0.08657638065797       0.13257714447801      -0.57872949670310
    1     -1     69096.0000000000       0.08657638065797       0.13257714447801      -0.57872949670310
    1     -1     69096.0000000000       0.00000000000000       0.00000000000000       0.00000000000000
    1     -1     69096.0000000000       0.00000000000000       0.00000000000000       0.00000000000000
    1     -1     69096.0000000000       0.08816199842256       0.13006969232473      -0.57905900947372
    1     -1     69097.0000000000       0.08816199842256       0.13006969232473      -0.57905900947372
    1     -1     69098.0000000000       0.08816199842256       0.13006969232473      -0.57905900947372
    1     -1     69098.0000000000       0.00000000000000       0.00000000000000       0.00000000000000
    1     -1     69098.0000000000       0.00000000000000       0.00000000000000       0.00000000000000
    1     -1     69098.0000000000       0.08972524482259       0.12760581658312      -0.57936701260572
    1     -1     69099.0000000000       0.08972524482259       0.12760581658312      -0.57936701260572
    1     -1     69100.0000000000       0.08972524482259       0.12760581658312      -0.57936701260572
    1     -1     69100.0000000000       0.00000000000000       0.00000000000000       0.00000000000000
    1     -1     69100.0000000000       0.00000000000000       0.00000000000000       0.00000000000000
    1     -1     69100.0000000000       0.09126785606035       0.12518391354815      -0.57965435003881
    1     -1     69101.0000000000       0.09126785606035       0.12518391354815      -0.57965435003881
    1     -1     69102.0000000000       0.09126785606035       0.12518391354815      -0.57965435003881
    1     -1     69102.0000000000       0.00000000000000       0.00000000000000       0.00000000000000
    1     -1     69102.0000000000       0.00000000000000       0.00000000000000       0.00000000000000
    1     -1     69102.0000000000       0.09279150422878       0.12280245681029      -0.57992179871455
    1     -1     69103.0000000000       0.09279150422878       0.12280245681029      -0.57992179871455
    1     -1     69104.0000000000       0.09279150422878       0.12280245681029      -0.57992179871455
    1     -1     69104.0000000000       0.00000000000000       0.00000000000000       0.00000000000000
    1     -1     69104.0000000000       0.00000000000000       0.00000000000000       0.00000000000000
    1     -1     69104.0000000000       0.09429778968232       0.12046000352600      -0.58017007307474
    1     -1     69105.0000000000       0.09429778968232       0.12046000352600      -0.58017007307474
    1     -1     69106.0000000000       0.09429778968232       0.12046000352600      -0.58017007307474
    1     -1     69106.0000000000       0.00000000000000       0.00000000000000       0.00000000000000
    1     -1     69106.0000000000       0.00000000000000       0.00000000000000       0.00000000000000
    1     -1     69106.0000000000       0.09578838005606       0.11815503331969      -0.58039983944472
    1     -1     69107.0000000000       0.09578838005606       0.11815503331969      -0.58039983944472
    1     -1     69108.0000000000       0.09578838005606       0.11815503331969      -0.58039983944472
    1     -1     69108.0000000000       0.00000000000000       0.00000000000000       0.00000000000000
    1     -1     69108.0000000000       0.00000000000000       0.00000000000000       0.00000000000000
    1     -1     69108.0000000000       0.09726476968189       0.11588627246342      -0.58061169098913
    1     -1     69109.0000000000       0.09726476968189       0.11588627246342      -0.58061169098913
    1     -1     69110.0000000000       0.09726476968189       0.11588627246342      -0.58061169098913
    1     -1     69110.0000000000       0.00000000000000       0.00000000000000       0.00000000000000
    1     -1     69110.0000000000       0.00000000000000       0.00000000000000       0.00000000000000
    1     -1     69110.0000000000       0.09872847890058       0.11365239711173      -0.58080618054970
    1     -1     69111.0000000000       0.09872847890058       0.11365239711173      -0.58080618054970
    1     -1     69112.0000000000       0.09872847890058       0.11365239711173      -0.58080618054970
    1     -1     69112.0000000000       0.00000000000000       0.00000000000000       0.00000000000000
    1     -1     69112.0000000000       0.00000000000000       0.00000000000000       0.00000000000000
    1     -1     69112.0000000000       0.09981799445707       0.11199960715868      -0.58094100841554
    1     -1     69113.0000000000       0.09981799445707       0.11199960715868      -0.58094100841554
    1     -1     69113.0000000000       0.00000000000000       0.00000000000000       0.00000000000000
    1  57530     69113.0000000000      358979248.872998357      -80538566.073585615       -3760053.007932161        1.6945830595723       18.6455516986655       -0.1217978236840        1169.8132014235
    1  57530     69113.0000000000      358979248.872998357      -80538566.073585615       -3760053.007932161        1.6945830595723       18.6455516986655       -0.1217978236840        1287.6776778095
    1     -1     69113.0000000000       0.00000000000000       0.00000000000000       0.00000000000000
    1     -1     69113.0000000000      -0.06854669646318      -0.58704728110825       0.10332879282849
    1     -1     69114.0000000000      -0.06854669646318      -0.58704728110825       0.10332879282849
    1     -1     69115.0000000000      -0.06854669646318      -0.58704728110825       0.10332879282849
    1     -1     69115.0000000000       0.00000000000000       0.00000000000000       0.00000000000000
    1     -1     69115.0000000000       0.00000000000000       0.00000000000000       0.00000000000000
    1     -1     69115.0000000000      -0.06539084516693      -0.58822902790568       0.09854261706236
    1     -1     69116.0000000000      -0.06539084516693      -0.58822902790568       0.09854261706236
    1     -1     69117.0000000000      -0.06539084516693      -0.58822902790568       0.09854261706236
    1     -1     69117.0000000000       0.00000000000000       0.00000000000000       0.00000000000000
    1     -1     69117.0000000000       0.00000000000000       0.00000000000000       0.00000000000000
    1     -1     69117.0000000000      -0.06221047961270      -0.58935796618540       0.09373922978222
    1     -1     69118.0000000000      -0.06221047961270      -0.58935796618540       0.09373922978222
    1     -1     69119.0000000000      -0.06221047961270      -0.58935796618540       0.09373922978222
    1     -1     69119.0000000000       0.00000000000000       0.00000000000000       0.00000000000000
    1     -1     69119.0000000000       0.00000000000000       0.00000000000000       0.00000000000000
    1     -1     69119.0000000000      -0.05900629459372      -0.59043342732125       0.08891920141339
    1     -1     69120.0000000000      -0.05900629459372      -0.59043342732125       0.08891920141339
    1     -1     69121.0000000000      -0.05900629459372      -0.59043342732125       0.08891920141339
    1     -1     69121.0000000000       0.00000000000000       0.00000000000000       0.00000000000000
    1     -1     69121.0000000000       0.00000000000000       0.00000000000000       0.00000000000000
    1     -1     69121.0000000000      -0.05577899607102      -0.59145476009143       0.08408311151768
    1     -1     69122.0000000000      -0.05577899607102      -0.59145476009143       0.08408311151768
    1     -1     69123.0000000000      -0.05577899607102      -0.59145476009143       0.08408311151768
    1     -1     69123.0000000000       0.00000000000000       0.00000000000000       0.00000000000000
    1     -1     69123.0000000000       0.00000000000000       0.00000000000000       0.00000000000000
    1     -1     69123.0000000000      -0.05252930111481      -0.59242133092033       0.07923154974490
    1     -1     69124.0000000000      -0.05252930111481      -0.59242133092033       0.07923154974490
    1     -1     69125.0000000000      -0.05252930111481      -0.59242133092033       0.07923154974490
    1     -1     69125.0000000000       0.00000000000000       0.00000000000000       0.00000000000000
    1     -1     69125.0000000000       0.00000000000000       0.00000000000000       0.00000000000000
    1     -1     69125.0000000000      -0.04925793681726      -0.59333252442700       0.07436511546138
    1     -1     69126.0000000000      -0.04925793681726      -0.59333252442700       0.07436511546138
    1     -1     69127.0000000000      -0.04925793681726      -0.59333252442700       0.07436511546138
    1     -1     69127.0000000000       0.00000000000000       0.00000000000000       0.00000000000000
    1     -1     69127.0000000000       0.00000000000000       0.00000000000000       0.00000000000000
    1     -1     69127.0000000000      -0.04596564042479      -0.59418774382225       0.06948441747448
    1     -1     69128.0000000000      -0.04596564042479      -0.59418774382225       0.06948441747448
    1     -1     69129.0000000000      -0.04596564042479      -0.59418774382225       0.06948441747448
    1     -1     69129.0000000000       0.00000000000000       0.00000000000000       0.00000000000000
    1     -1     69129.0000000000       0.00000000000000       0.00000000000000       0.00000000000000
    1     -1     69129.0000000000      -0.04265315862409      -0.59498641137647       0.06459007367034
    1     -1     69130.0000000000      -0.04265315862409      -0.59498641137647       0.06459007367034
    1     -1     69131.0000000000      -0.04265315862409      -0.59498641137647       0.06459007367034
    1     -1     69131.0000000000       0.00000000000000       0.00000000000000       0.00000000000000
    1     -1     69131.0000000000       0.00000000000000       0.00000000000000       0.00000000000000
    1     -1     69131.0000000000      -0.03932124706440      -0.59572796883720       0.05968271068240
    1     -1     69132.0000000000      -0.03932124706440      -0.59572796883720       0.05968271068240
    1     -1     69133.0000000000      -0.03932124706440      -0.59572796883720       0.05968271068240
    1     -1     69133.0000000000       0.00000000000000       0.00000000000000       0.00000000000000
    1     -1     69133.0000000000       0.00000000000000       0.00000000000000       0.00000000000000
    1     -1     69133.0000000000      -0.03597067008187      -0.59641187781203       0.05476296356656
    1     -1     69134.0000000000      -0.03597067008187      -0.59641187781203       0.05476296356656
    1     -1     69135.0000000000      -0.03597067008187      -0.59641187781203       0.05476296356656
    1     -1     69135.0000000000       0.00000000000000       0.00000000000000       0.00000000000000
    1     -1     69135.0000000000       0.00000000000000       0.00000000000000       0.00000000000000
    1     -1     69135.0000000000      -0.03260220021255      -0.59703762015165       0.04983147544428
    1     -1     69136.0000000000      -0.03260220021255      -0.59703762015165       0.04983147544428
    1     -1     69137.0000000000      -0.03260220021255      -0.59703762015165       0.04983147544428
    1     -1     69137.0000000000       0.00000000000000       0.00000000000000       0.00000000000000
    1     -1     69137.0000000000       0.00000000000000       0.00000000000000       0.00000000000000
    1     -1     69137.0000000000      -0.02921661764032      -0.59760469831457       0.04488889713515
    1     -1     69138.0000000000      -0.02921661764032      -0.59760469831457       0.04488889713515
    1     -1     69139.0000000000      -0.02921661764032      -0.59760469831457       0.04488889713515
    1     -1     69139.0000000000       0.00000000000000       0.00000000000000       0.00000000000000
    1     -1     69139.0000000000       0.00000000000000       0.00000000000000       0.00000000000000
    1     -1     69139.0000000000      -0.02581470975922      -0.59811263570225       0.03993588678558
    1     -1     69140.0000000000      -0.02581470975922      -0.59811263570225       0.03993588678558
    1     -1     69141.0000000000      -0.02581470975922      -0.59811263570225       0.03993588678558
    1     -1     69141.0000000000       0.00000000000000       0.00000000000000       0.00000000000000
    1     -1     69141.0000000000       0.00000000000000       0.00000000000000       0.00000000000000
    1     -1     69141.0000000000      -0.02239727067974      -0.59856097697640       0.03497310948659
    1     -1     69142.0000000000      -0.02239727067974      -0.59856097697640       0.03497310948659
    1     -1     69143.0000000000      -0.02239727067974      -0.59856097697640       0.03497310948659
    1     -1     69143.0000000000       0.00000000000000       0.00000000000000       0.00000000000000
    1     -1     69143.0000000000       0.00000000000000       0.00000000000000       0.00000000000000
    1     -1     69143.0000000000      -0.01896510076677      -0.59894928835296       0.03000123688099
    1     -1     69144.0000000000      -0.01896510076677      -0.59894928835296       0.03000123688099
    1     -1     69145.0000000000      -0.01896510076677      -0.59894928835296       0.03000123688099
    1     -1     69145.0000000000       0.00000000000000       0.00000000000000       0.00000000000000
    1     -1     69145.0000000000       0.00000000000000       0.00000000000000       0.00000000000000
    1     -1     69145.0000000000      -0.01551900605405      -0.59927715787817       0.02502094675570
    1     -1     69146.0000000000      -0.01551900605405      -0.59927715787817       0.02502094675570
    1     -1     69147.0000000000      -0.01551900605405      -0.59927715787817       0.02502094675570
    1     -1     69147.0000000000       0.00000000000000       0.00000000000000       0.00000000000000
    1     -1     69147.0000000000       0.00000000000000       0.00000000000000       0.00000000000000
    1     -1     69147.0000000000      -0.01205979769492      -0.59954419567747       0.02003292262787
    1     -1     69148.0000000000      -0.01205979769492      -0.59954419567747       0.02003292262787
    1     -1     69149.0000000000      -0.01205979769492      -0.59954419567747       0.02003292262787
    1     -1     69149.0000000000       0.00000000000000       0.00000000000000       0.00000000000000
    1     -1     69149.0000000000       0.00000000000000       0.00000000000000       0.00000000000000
    1     -1     69149.0000000000      -0.00858829161455      -0.59975003417646       0.01503785332021
    1     -1     69150.0000000000      -0.00858829161455      -0.59975003417646       0.01503785332021
    1     -1     69151.0000000000      -0.00858829161455      -0.59975003417646       0.01503785332021
    1     -1     69151.0000000000       0.00000000000000       0.00000000000000       0.00000000000000
    1     -1     69151.0000000000       0.00000000000000       0.00000000000000       0.00000000000000
    1     -1     69151.0000000000      -0.00510530775986      -0.59989432830702       0.01003643252109
    1     -1     69152.0000000000      -0.00510530775986      -0.59989432830702       0.01003643252109
    1     -1     69153.0000000000      -0.00510530775986      -0.59989432830702       0.01003643252109
    1     -1     69153.0000000000       0.00000000000000       0.00000000000000       0.00000000000000
    1     -1     69153.0000000000       0.00000000000000       0.00000000000000       0.00000000000000
    1     -1     69153.0000000000      -0.00161166965230      -0.59997675567943       0.00502935833997
    1     -1     69154.0000000000      -0.00161166965230      -0.59997675567943       0.00502935833997
    1     -1     69155.0000000000      -0.00161166965230      -0.59997675567943       0.00502935833997
    1     -1     69155.0000000000       0.00000000000000       0.00000000000000       0.00000000000000
    1     -1     69155.0000000000       0.00000000000000       0.00000000000000       0.00000000000000
    1     -1     69155.0000000000       0.00189179611852      -0.59999701673177       0.00001733285035
    1     -1     69156.0000000000       0.00189179611852      -0.59999701673177       0.00001733285035
    1     -1     69157.0000000000       0.00189179611852      -0.59999701673177       0.00001733285035
    1     -1     69157.0000000000       0.00000000000000       0.00000000000000       0.00000000000000
    1     -1     69157.0000000000       0.00000000000000       0.00000000000000       0.00000000000000
    1     -1     69157.0000000000       0.00540426049473      -0.59995483485312      -0.00499893837409
    1     -1     69158.0000000000       0.00540426049473      -0.59995483485312      -0.00499893837409
    1     -1     69159.0000000000       0.00540426049473      -0.59995483485312      -0.00499893837409
    1     -1     69159.0000000000       0.00000000000000       0.00000000000000       0.00000000000000
    1     -1     69159.0000000000       0.00000000000000       0.00000000000000       0.00000000000000
    1     -1     69159.0000000000       0.00892489248599      -0.59984995647914      -0.01001874673217
    1     -1     69160.0000000000       0.00892489248599      -0.59984995647914      -0.01001874673217
    1     -1     69161.0000000000       0.00892489248599      -0.59984995647914      -0.01001874673217
    1     -1     69161.0000000000       0.00000000000000       0.00000000000000       0.00000000000000
    1     -1     69161.0000000000       0.00000000000000       0.00000000000000       0.00000000000000
    1     -1     69161.0000000000       0.01245285965841      -0.59968215116143      -0.01504138107800
    1     -1     69162.0000000000       0.01245285965841      -0.59968215116143      -0.01504138107800
    1     -1     69163.0000000000       0.01245285965841      -0.59968215116143      -0.01504138107800
    1     -1     69163.0000000000       0.00000000000000       0.00000000000000       0.00000000000000
    1     -1     69163.0000000000       0.00000000000000       0.00000000000000       0.00000000000000
    1     -1     69163.0000000000       0.01598732873674      -0.59945121160828      -0.02006612820708
    1     -1     69164.0000000000       0.01598732873674      -0.59945121160828      -0.02006612820708
    1     -1     69165.0000000000       0.01598732873674      -0.59945121160828      -0.02006612820708
    1     -1     69165.0000000000       0.00000000000000       0.00000000000000       0.00000000000000
    1     -1     69165.0000000000       0.00000000000000       0.00000000000000       0.00000000000000
    1     -1     69165.0000000000       0.01952746622317      -0.59915695369522      -0.02509227334394
    1     -1     69166.0000000000       0.01952746622317      -0.59915695369522      -0.02509227334394
    1     -1     69167.0000000000       0.01952746622317      -0.59915695369522      -0.02509227334394
    1     -1     69167.0000000000       0.00000000000000       0.00000000000000       0.00000000000000
    1     -1     69167.0000000000       0.00000000000000       0.00000000000000       0.00000000000000
    1     -1     69167.0000000000       0.02307243885293      -0.59879921645049      -0.03011910064498
    1     -1     69168.0000000000       0.02307243885293      -0.59879921645049      -0.03011910064498
    1     -1     69169.0000000000       0.02307243885293      -0.59879921645049      -0.03011910064498
    1     -1     69169.0000000000       0.00000000000000       0.00000000000000       0.00000000000000
    1     -1     69169.0000000000       0.00000000000000       0.00000000000000       0.00000000000000
    1     -1     69169.0000000000       0.02662141417845      -0.59837786200958      -0.03514589370019
    1     -1     69170.0000000000       0.02662141417845      -0.59837786200958      -0.03514589370019
    1     -1     69171.0000000000       0.02662141417845      -0.59837786200958      -0.03514589370019
    1     -1     69171.0000000000       0.00000000000000       0.00000000000000       0.00000000000000
    1     -1     69171.0000000000       0.00000000000000       0.00000000000000       0.00000000000000
    1     -1     69171.0000000000       0.03017356116995      -0.59789277553894      -0.04017193603328
    1     -1     69172.0000000000       0.03017356116995      -0.59789277553894      -0.04017193603328
    1     -1     69173.0000000000       0.03017356116995      -0.59789277553894      -0.04017193603328
    1     -1     69173.0000000000       0.00000000000000       0.00000000000000       0.00000000000000
    1     -1     69173.0000000000       0.00000000000000       0.00000000000000       0.00000000000000
    1     -1     69173.0000000000       0.03372805075451      -0.59734386513186      -0.04519651160912
    1     -1     69174.0000000000       0.03372805075451      -0.59734386513186      -0.04519651160912
    1     -1     69175.0000000000       0.03372805075451      -0.59734386513186      -0.04519651160912
    1     -1     69175.0000000000       0.00000000000000       0.00000000000000       0.00000000000000
    1     -1     69175.0000000000       0.00000000000000       0.00000000000000       0.00000000000000
    1     -1     69175.0000000000       0.03728405631952      -0.59673106167672      -0.05021890534982
    1     -1     69176.0000000000       0.03728405631952      -0.59673106167672      -0.05021890534982
    1     -1     69177.0000000000       0.03728405631952      -0.59673106167672      -0.05021890534982
    1     -1     69177.0000000000       0.00000000000000       0.00000000000000       0.00000000000000
    1     -1     69177.0000000000       0.00000000000000       0.00000000000000       0.00000000000000
    1     -1     69177.0000000000       0.04084075431626      -0.59605431869118      -0.05523840363794
    1     -1     69178.0000000000       0.04084075431626      -0.59605431869118      -0.05523840363794
    1     -1     69179.0000000000       0.04084075431626      -0.59605431869118      -0.05523840363794
    1     -1     69179.0000000000       0.00000000000000       0.00000000000000       0.00000000000000
    1     -1     69179.0000000000       0.00000000000000       0.00000000000000       0.00000000000000
    1     -1     69179.0000000000       0.04439732478985      -0.59531361212938      -0.06025429482592
    1     -1     69180.0000000000       0.04439732478985      -0.59531361212938      -0.06025429482592
    1     -1     69181.0000000000       0.04439732478985      -0.59531361212938      -0.06025429482592
    1     -1     69181.0000000000       0.00000000000000       0.00000000000000       0.00000000000000
    1     -1     69181.0000000000       0.00000000000000       0.00000000000000       0.00000000000000
    1     -1     69181.0000000000       0.04795295191572      -0.59450894015993      -0.06526586973668
    1     -1     69182.0000000000       0.04795295191572      -0.59450894015993      -0.06526586973668
    1     -1     69183.0000000000       0.04795295191572      -0.59450894015993      -0.06526586973668
    1     -1     69183.0000000000       0.00000000000000       0.00000000000000       0.00000000000000
    1     -1     69183.0000000000       0.00000000000000       0.00000000000000       0.00000000000000
    1     -1     69183.0000000000       0.05150682437934      -0.59364032292584      -0.07027242217871
    1     -1     69184.0000000000       0.05150682437934      -0.59364032292584      -0.07027242217871
    1     -1     69185.0000000000       0.05150682437934      -0.59364032292584      -0.07027242217871
    1     -1     69185.0000000000       0.00000000000000       0.00000000000000       0.00000000000000
    1     -1     69185.0000000000       0.00000000000000       0.00000000000000       0.00000000000000
    1     -1     69185.0000000000       0.05505813578720      -0.59270780228328      -0.07527324940620
    1     -1     69186.0000000000       0.05505813578720      -0.59270780228328      -0.07527324940620
    1     -1     69187.0000000000       0.05505813578720      -0.59270780228328      -0.07527324940620
    1     -1     69187.0000000000       0.00000000000000       0.00000000000000       0.00000000000000
    1     -1     69187.0000000000       0.00000000000000       0.00000000000000       0.00000000000000
    1     -1     69187.0000000000       0.05860608623182      -0.59171144146534      -0.08026765211217
    1     -1     69188.0000000000       0.05860608623182      -0.59171144146534      -0.08026765211217
    1     -1     69189.0000000000       0.05860608623182      -0.59171144146534      -0.08026765211217
    1     -1     69189.0000000000       0.00000000000000       0.00000000000000       0.00000000000000
    1     -1     69189.0000000000       0.00000000000000       0.00000000000000       0.00000000000000
    1     -1     69189.0000000000       0.06214988795210      -0.59065132444752      -0.08525493320585
    1     -1     69190.0000000000       0.06214988795210      -0.59065132444752      -0.08525493320585
    1     -1     69191.0000000000       0.06214988795210      -0.59065132444752      -0.08525493320585
    1     -1     69191.0000000000       0.00000000000000       0.00000000000000       0.00000000000000
    1     -1     69191.0000000000       0.00000000000000       0.00000000000000       0.00000000000000
    1     -1     69191.0000000000       0.06568874256383      -0.58952755593755      -0.09023441088768
    1     -1     69192.0000000000       0.06568874256383      -0.58952755593755      -0.09023441088768
    1     -1     69193.0000000000       0.06568874256383      -0.58952755593755      -0.09023441088768
    1     -1     69193.0000000000       0.00000000000000       0.00000000000000       0.00000000000000
    1     -1     69193.0000000000       0.00000000000000       0.00000000000000       0.00000000000000
    1     -1     69193.0000000000       0.06922192989250      -0.58834025787170      -0.09520536948209
    1     -1     69194.0000000000       0.06922192989250      -0.58834025787170      -0.09520536948209
    1     -1     69195.0000000000       0.06922192989250      -0.58834025787170      -0.09520536948209
    1     -1     69195.0000000000       0.00000000000000       0.00000000000000       0.00000000000000
    1     -1     69195.0000000000       0.00000000000000       0.00000000000000       0.00000000000000
    1     -1     69195.0000000000       0.01869379730304      -0.15086192298907      -0.02573934266307
    1     -1     69196.0000000000       0.01869379730304      -0.15086192298907      -0.02573934266307
    1     -1     69197.0000000000       0.01869379730304      -0.15086192298907      -0.02573934266307
    1     -1     69197.0000000000       0.00000000000000       0.00000000000000       0.00000000000000
    1     -1     69197.0000000000       0.00000000000000       0.00000000000000       0.00000000000000
    1     -1     69197.0000000000       0.00000000033930      -0.00000000260121      -0.00000000046600
    1     -1     69198.0000000000       0.00000000033930      -0.00000000260121      -0.00000000046600
    1     -1     69199.0000000000       0.00000000033930      -0.00000000260121      -0.00000000046600
    1     -1     69199.0000000000       0.00000000000000       0.00000000000000       0.00000000000000
    1     -1     69199.0000000000       0.00000000000000       0.00000000000000       0.00000000000000
    1     -1     69199.0000000000       0.00000000018228      -0.00000000133312      -0.00000000025059
    1     -1     69200.0000000000       0.00000000018228      -0.00000000133312      -0.00000000025059
    1     -1     69201.0000000000       0.00000000018228      -0.00000000133312      -0.00000000025059
    1     -1     69201.0000000000       0.00000000000000       0.00000000000000       0.00000000000000
    1     -1     69227.0000000000       0.00000000000000       0.00000000000000       0.00000000000000
    1     -1     69227.0000000000       0.00000000022626      -0.00000000098942      -0.00000000031466
    1     -1     69228.0000000000       0.00000000022626      -0.00000000098942      -0.00000000031466
    1     -1     69229.0000000000       0.00000000022626      -0.00000000098942      -0.00000000031466
    1     -1     69229.0000000000       0.00000000000000       0.00000000000000       0.00000000000000
    1     -1     69229.0000000000       0.00000000000000       0.00000000000000       0.00000000000000
    1     -1     69229.0000000000       0.00000000029549      -0.00000000125439      -0.00000000041122
    1     -1     69230.0000000000       0.00000000029549      -0.00000000125439      -0.00000000041122
    1     -1     69231.0000000000       0.00000000029549      -0.00000000125439      -0.00000000041122
    1     -1     69231.0000000000       0.00000000000000       0.00000000000000       0.00000000000000
    1     -1     69231.0000000000       0.00000000000000       0.00000000000000       0.00000000000000
    1     -1     69231.0000000000       0.00000000041908      -0.00000000172820      -0.00000000058361
    1     -1     69232.0000000000       0.00000000041908      -0.00000000172820      -0.00000000058361
    1     -1     69233.0000000000       0.00000000041908      -0.00000000172820      -0.00000000058361
    1     -1     69233.0000000000       0.00000000000000       0.00000000000000       0.00000000000000
    1     -1     69233.0000000000       0.00000000000000       0.00000000000000       0.00000000000000
    1     -1     69233.0000000000       0.00000000069194      -0.00000000277366      -0.00000000096428
    1     -1     69234.0000000000       0.00000000069194      -0.00000000277366      -0.00000000096428
    1     -1     69235.0000000000       0.00000000069194      -0.00000000277366      -0.00000000096428
    1     -1     69235.0000000000       0.00000000000000       0.00000000000000       0.00000000000000
    1     -1     69235.0000000000       0.00000000000000       0.00000000000000       0.00000000000000
    1     -1     69235.0000000000       0.00000000170224      -0.00000000663695      -0.00000000237405
    1     -1     69236.0000000000       0.00000000170224      -0.00000000663695      -0.00000000237405
    1     -1     69237.0000000000       0.00000000170224      -0.00000000663695      -0.00000000237405
    1     -1     69237.0000000000       0.00000000000000       0.00000000000000       0.00000000000000
    1     -1     69237.0000000000       0.00000000000000       0.00000000000000       0.00000000000000
    1     -1     69237.0000000000       0.00000089050516      -0.00000338088067      -0.00000124396007
    1     -1     69238.0000000000       0.00000089050516      -0.00000338088067      -0.00000124396007
    1     -1     69239.0000000000       0.00000089050516      -0.00000338088067      -0.00000124396007
    1     -1     69239.0000000000       0.00000000000000       0.00000000000000       0.00000000000000
    1     -1     69239.0000000000       0.00000000000000       0.00000000000000       0.00000000000000
    1     -1     69239.0000000000       0.14717657351905      -0.54406939067456      -0.20573660588181
    1     -1     69240.0000000000       0.14717657351905      -0.54406939067456      -0.20573660588181
    1     -1     69241.0000000000       0.14717657351905      -0.54406939067456      -0.20573660588181
    1     -1     69241.0000000000       0.00000000000000       0.00000000000000       0.00000000000000
    1     -1     69241.0000000000       0.00000000000000       0.00000000000000       0.00000000000000
    1     -1     69241.0000000000       0.15034935545793      -0.54144304976238      -0.21031997798338
    1     -1     69242.0000000000       0.15034935545793      -0.54144304976238      -0.21031997798338
    1     -1     69243.0000000000       0.15034935545793      -0.54144304976238      -0.21031997798338
    1     -1     69243.0000000000       0.00000000000000       0.00000000000000       0.00000000000000
    1     -1     69243.0000000000       0.00000000000000       0.00000000000000       0.00000000000000
    1     -1     69243.0000000000       0.15349830802653      -0.53876207673860      -0.21488064776752
    1     -1     69244.0000000000       0.15349830802653      -0.53876207673860      -0.21488064776752
    1     -1     69245.0000000000       0.15349830802653      -0.53876207673860      -0.21488064776752
    1     -1     69245.0000000000       0.00000000000000       0.00000000000000       0.00000000000000
    1     -1     69245.0000000000       0.00000000000000       0.00000000000000       0.00000000000000
    1     -1     69245.0000000000       0.15662274721241      -0.53602701433644      -0.21941821643023
    1     -1     69246.0000000000       0.15662274721241      -0.53602701433644      -0.21941821643023
    1     -1     69247.0000000000       0.15662274721241      -0.53602701433644      -0.21941821643023
    1     -1     69247.0000000000       0.00000000000000       0.00000000000000       0.00000000000000
    1     -1     69247.0000000000       0.00000000000000       0.00000000000000       0.00000000000000
    1     -1     69247.0000000000       0.15972203777993      -0.53323841378091      -0.22393227455054
    1     -1     69248.0000000000       0.15972203777993      -0.53323841378091      -0.22393227455054
    1     -1     69249.0000000000       0.15972203777993      -0.53323841378091      -0.22393227455054
    1     -1     69249.0000000000       0.00000000000000       0.00000000000000       0.00000000000000
    1     -1     69249.0000000000       0.00000000000000       0.00000000000000       0.00000000000000
    1     -1     69249.0000000000       0.16279557324097      -0.53039677452640      -0.22842255125116
    1     -1     69250.0000000000       0.16279557324097      -0.53039677452640      -0.22842255125116
    1     -1     69251.0000000000       0.16279557324097      -0.53039677452640      -0.22842255125116
    1     -1     69251.0000000000       0.00000000000000       0.00000000000000       0.00000000000000
    1     -1     69251.0000000000       0.00000000000000       0.00000000000000       0.00000000000000
    1     -1     69251.0000000000       0.16584262298366      -0.52750265408136      -0.23288875769678
    1     -1     69252.0000000000       0.16584262298366      -0.52750265408136      -0.23288875769678
    1     -1     69253.0000000000       0.16584262298366      -0.52750265408136      -0.23288875769678
    1     -1     69253.0000000000       0.00000000000000       0.00000000000000       0.00000000000000
    1     -1     69253.0000000000       0.00000000000000       0.00000000000000       0.00000000000000
    1     -1     69253.0000000000       0.16886285687578      -0.52455669128325      -0.23733017580571
    1     -1     69254.0000000000       0.16886285687578      -0.52455669128325      -0.23733017580571
    1     -1     69255.0000000000       0.16886285687578      -0.52455669128325      -0.23733017580571
    1     -1     69255.0000000000       0.00000000000000       0.00000000000000       0.00000000000000
    1     -1     69255.0000000000       0.00000000000000       0.00000000000000       0.00000000000000
    1     -1     69255.0000000000       0.17185553203727      -0.52155940360695      -0.24174669315622
    1     -1     69256.0000000000       0.17185553203727      -0.52155940360695      -0.24174669315622
    1     -1     69257.0000000000       0.17185553203727      -0.52155940360695      -0.24174669315622
    1     -1     69257.0000000000       0.00000000000000       0.00000000000000       0.00000000000000
    1     -1     69257.0000000000       0.00000000000000       0.00000000000000       0.00000000000000
    1     -1     69257.0000000000       0.17482010289128      -0.51851136056585      -0.24613796773279
    1     -1     69258.0000000000       0.17482010289128      -0.51851136056585      -0.24613796773279
    1     -1     69259.0000000000       0.17482010289128      -0.51851136056585      -0.24613796773279
    1     -1     69259.0000000000       0.00000000000000       0.00000000000000       0.00000000000000
    1     -1     69259.0000000000       0.00000000000000       0.00000000000000       0.00000000000000
    1     -1     69259.0000000000       0.17775607696814      -0.51541314101190      -0.25050362893656
    1     -1     69260.0000000000       0.17775607696814      -0.51541314101190      -0.25050362893656
    1     -1     69261.0000000000       0.17775607696814      -0.51541314101190      -0.25050362893656
    1     -1     69261.0000000000       0.00000000000000       0.00000000000000       0.00000000000000
    1     -1     69261.0000000000       0.00000000000000       0.00000000000000       0.00000000000000
    1     -1     69261.0000000000       0.13815869373858      -0.39174603821321      -0.19488687088005
    1     -1     69262.0000000000       0.13815869373858      -0.39174603821321      -0.19488687088005
    1     -1     69263.0000000000       0.13815869373858      -0.39174603821321      -0.19488687088005
    1     -1     69263.0000000000       0.00000000000000       0.00000000000000       0.00000000000000
    1     -1     69263.0000000000       0.00000000000000       0.00000000000000       0.00000000000000
    1     -1     69263.0000000000       0.00000000088781      -0.00000000246130      -0.00000000125252
    1     -1     69264.0000000000       0.00000000088781      -0.00000000246130      -0.00000000125252
    1     -1     69265.0000000000       0.00000000088781      -0.00000000246130      -0.00000000125252
    1     -1     69265.0000000000       0.00000000000000       0.00000000000000       0.00000000000000
    1     -1     69265.0000000000       0.00000000000000       0.00000000000000       0.00000000000000
    1     -1     69265.0000000000       0.00000000036569      -0.00000000099202      -0.00000000051638
    1     -1     69266.0000000000       0.00000000036569      -0.00000000099202      -0.00000000051638
    1     -1     69267.0000000000       0.00000000036569      -0.00000000099202      -0.00000000051638
    1     -1     69267.0000000000       0.00000000000000       0.00000000000000       0.00000000000000
    1     -3     69518.0000000000     -148861924.645560563        5050902.644611064          -4306.620475454       -2.7651266227894      -35.3660829610335        1.0233044069897        1147.5357765424
    1     -3     69518.0000000000     -148861924.645560563        5050902.644611064          -4306.620475454       -2.7651266227894      -35.3660829610335        1.0233044069897         599.2811564192