    1      0     64433.0000000000     -135698322.548214257      -64188437.729179278           1347.542964670       12.2559561589411      -27.0316284572826        0.0023948137767        3000.0000000000
    1      0     64433.0000000000     -135698322.548214257      -64188437.729179278           1347.542964670       11.9234456790711      -32.9788301378139        0.7236638009519        3000.0000000000
    1     -1     64433.0000000000       0.00000000000000       0.00000000000000       0.00000000000000
    1     -1     64433.0000000000      -0.02564850381344      -0.59490116349499       0.07372081934189
    1     -1     64434.0000000000      -0.02564850381344      -0.59490116349499       0.07372081934189
    1     -1     64435.0000000000      -0.02564850381344      -0.59490116349499       0.07372081934189
    1     -1     64435.0000000000       0.00000000000000       0.00000000000000       0.00000000000000
    1     -1     64435.0000000000       0.00000000000000       0.00000000000000       0.00000000000000
    1     -1     64435.0000000000      -0.01047117427906      -0.59495342271867       0.07694659566584
    1     -1     64436.0000000000      -0.01047117427906      -0.59495342271867       0.07694659566584
    1     -1     64437.0000000000      -0.01047117427906      -0.59495342271867       0.07694659566584
    1     -1     64437.0000000000       0.00000000000000       0.00000000000000       0.00000000000000
    1     -1     64437.0000000000       0.00000000000000       0.00000000000000       0.00000000000000
    1     -1     64437.0000000000       0.00456359054003      -0.59459610659979       0.08021622615005
    1     -1     64438.0000000000       0.00456359054003      -0.59459610659979       0.08021622615005
    1     -1     64439.0000000000       0.00456359054003      -0.59459610659979       0.08021622615005
    1     -1     64439.0000000000       0.00000000000000       0.00000000000000       0.00000000000000
    1     -1     64439.0000000000       0.00000000000000       0.00000000000000       0.00000000000000
    1     -1     64439.0000000000       0.01944410981718      -0.59383922870059       0.08352781769987
    1     -1     64440.0000000000       0.01944410981718      -0.59383922870059       0.08352781769987
    1     -1     64441.0000000000       0.01944410981718      -0.59383922870059       0.08352781769987
    1     -1     64441.0000000000       0.00000000000000       0.00000000000000       0.00000000000000
    1     -1     64441.0000000000       0.00000000000000       0.00000000000000       0.00000000000000
    1     -1     64441.0000000000       0.03416057709329      -0.59269304982659       0.08687924343537
    1     -1     64442.0000000000       0.03416057709329      -0.59269304982659       0.08687924343537
    1     -1     64443.0000000000       0.03416057709329      -0.59269304982659       0.08687924343537
    1     -1     64443.0000000000       0.00000000000000       0.00000000000000       0.00000000000000
    1     -1     64443.0000000000       0.00000000000000       0.00000000000000       0.00000000000000
    1     -1     64443.0000000000       0.04870506228360      -0.59116789400305       0.09026814104626
    1     -1     64444.0000000000       0.04870506228360      -0.59116789400305       0.09026814104626
    1     -1     64445.0000000000       0.04870506228360      -0.59116789400305       0.09026814104626
    1     -1     64445.0000000000       0.00000000000000       0.00000000000000       0.00000000000000
    1     -1     64445.0000000000       0.00000000000000       0.00000000000000       0.00000000000000
    1     -1     64445.0000000000       0.06307148804423      -0.58927397036605       0.09369191280423
    1     -1     64446.0000000000       0.06307148804423      -0.58927397036605       0.09369191280423
    1     -1     64447.0000000000       0.06307148804423      -0.58927397036605       0.09369191280423
    1     -1     64447.0000000000       0.00000000000000       0.00000000000000       0.00000000000000
    1     -1     64447.0000000000       0.00000000000000       0.00000000000000       0.00000000000000
    1     -1     64447.0000000000       0.07725558170456      -0.58702120368806       0.09714772666468
    1     -1     64448.0000000000       0.07725558170456      -0.58702120368806       0.09714772666468
    1     -1     64449.0000000000       0.07725558170456      -0.58702120368806       0.09714772666468
    1     -1     64449.0000000000       0.00000000000000       0.00000000000000       0.00000000000000
    1     -1     64449.0000000000       0.00000000000000       0.00000000000000       0.00000000000000
    1     -1     64449.0000000000       0.09125480507804      -0.58441907560838       0.10063251907419
    1     -1     64450.0000000000       0.09125480507804      -0.58441907560838       0.10063251907419
    1     -1     64451.0000000000       0.09125480507804      -0.58441907560838       0.10063251907419
    1     -1     64451.0000000000       0.00000000000000       0.00000000000000       0.00000000000000
    1     -1     64451.0000000000       0.00000000000000       0.00000000000000       0.00000000000000
    1     -1     64451.0000000000       0.10506826404947      -0.58147647851061       0.10414299836538
    1     -1     64452.0000000000       0.10506826404947      -0.58147647851061       0.10414299836538
    1     -1     64453.0000000000       0.10506826404947      -0.58147647851061       0.10414299836538
    1     -1     64453.0000000000       0.00000000000000       0.00000000000000       0.00000000000000
    1     -1     64453.0000000000       0.00000000000000       0.00000000000000       0.00000000000000
    1     -1     64453.0000000000       0.11869660069345      -0.57820158324075       0.10767564906567
    1     -1     64454.0000000000       0.11869660069345      -0.57820158324075       0.10767564906567
    1     -1     64455.0000000000       0.11869660069345      -0.57820158324075       0.10767564906567
    1     -1     64455.0000000000       0.00000000000000       0.00000000000000       0.00000000000000
    1     -1     64455.0000000000       0.00000000000000       0.00000000000000       0.00000000000000
    1     -1     64455.0000000000       0.13214187005128      -0.57460172165745       0.11122673656835
    1     -1     64456.0000000000       0.13214187005128      -0.57460172165745       0.11122673656835
    1     -1     64457.0000000000       0.13214187005128      -0.57460172165745       0.11122673656835
    1     -1     64457.0000000000       0.00000000000000       0.00000000000000       0.00000000000000
    1     -1     64457.0000000000       0.00000000000000       0.00000000000000       0.00000000000000
    1     -1     64457.0000000000       0.14540740434532      -0.57068328448581       0.11479231180720
    1     -1     64458.0000000000       0.14540740434532      -0.57068328448581       0.11479231180720
    1     -1     64459.0000000000       0.14540740434532      -0.57068328448581       0.11479231180720
    1     -1     64459.0000000000       0.00000000000000       0.00000000000000       0.00000000000000
    1     -1     64459.0000000000       0.00000000000000       0.00000000000000       0.00000000000000
    1     -1     64459.0000000000       0.15849766927130      -0.56645163388864       0.11836821609051
    1     -1     64460.0000000000       0.15849766927130      -0.56645163388864       0.11836821609051
    1     -1     64461.0000000000       0.15849766927130      -0.56645163388864       0.11836821609051
    1     -1     64461.0000000000       0.00000000000000       0.00000000000000       0.00000000000000
    1     -1     64461.0000000000       0.00000000000000       0.00000000000000       0.00000000000000
    1     -1     64461.0000000000       0.17141824908960      -0.56191097017875       0.12195017323413
    1     -1     64462.0000000000       0.17141824908960      -0.56191097017875       0.12195017323413
    1     -1     64463.0000000000       0.17141824908960      -0.56191097017875       0.12195017323413
    1     -1     64463.0000000000       0.00000000000000       0.00000000000000       0.00000000000000
    1     -1     64463.0000000000       0.00000000000000       0.00000000000000       0.00000000000000
    1     -1     64463.0000000000       0.11058756003038      -0.33448908126140       0.07537647203314
    1     -1     64464.0000000000       0.11058756003038      -0.33448908126140       0.07537647203314
    1     -1     64465.0000000000       0.11058756003038      -0.33448908126140       0.07537647203314
    1     -1     64465.0000000000       0.00000000000000       0.00000000000000       0.00000000000000
    1     -1     64707.0000000000       0.00000000000000       0.00000000000000       0.00000000000000
    1     -1     64707.0000000000       0.04421041320807       0.18380171231112      -0.02579311436122
    1     -1     64708.0000000000       0.04421041320807       0.18380171231112      -0.02579311436122
    1     -1     64709.0000000000       0.04421041320807       0.18380171231112      -0.02579311436122
    1     -1     64709.0000000000       0.00000000000000       0.00000000000000       0.00000000000000
    1     -1     64709.0000000000       0.00000000000000       0.00000000000000       0.00000000000000
    1     -1     64709.0000000000       0.13494735158699       0.57878611019564      -0.08243694696104
    1     -1     64710.0000000000       0.13494735158699       0.57878611019564      -0.08243694696104
    1     -1     64711.0000000000       0.13494735158699       0.57878611019564      -0.08243694696104
    1     -1     64711.0000000000       0.00000000000000       0.00000000000000       0.00000000000000
    1     -1     64711.0000000000       0.00000000000000       0.00000000000000       0.00000000000000
    1     -1     64711.0000000000       0.13090893471133       0.57952666849923      -0.08373583815150
    1     -1     64712.0000000000       0.13090893471133       0.57952666849923      -0.08373583815150
    1     -1     64713.0000000000       0.13090893471133       0.57952666849923      -0.08373583815150
    1     -1     64713.0000000000       0.00000000000000       0.00000000000000       0.00000000000000
    1     -1     64713.0000000000       0.00000000000000       0.00000000000000       0.00000000000000
    1     -1     64713.0000000000       0.12691304947520       0.58022961604552      -0.08500982188300
    1     -1     64714.0000000000       0.12691304947520       0.58022961604552      -0.08500982188300
    1     -1     64715.0000000000       0.12691304947520       0.58022961604552      -0.08500982188300
    1     -1     64715.0000000000       0.00000000000000       0.00000000000000       0.00000000000000
    1     -1     64715.0000000000       0.00000000000000       0.00000000000000       0.00000000000000
    1     -1     64715.0000000000       0.12295884258559       0.58089620531277      -0.08625961374384
    1     -1     64716.0000000000       0.12295884258559       0.58089620531277      -0.08625961374384
    1     -1     64717.0000000000       0.12295884258559       0.58089620531277      -0.08625961374384
    1     -1     64717.0000000000       0.00000000000000       0.00000000000000       0.00000000000000
    1     -1     64717.0000000000       0.00000000000000       0.00000000000000       0.00000000000000
    1     -1     64717.0000000000       0.11904540643477       0.58152765308232      -0.08748587993125
    1     -1     64718.0000000000       0.11904540643477       0.58152765308232      -0.08748587993125
    1     -1     64719.0000000000       0.11904540643477       0.58152765308232      -0.08748587993125
    1     -1     64719.0000000000       0.00000000000000       0.00000000000000       0.00000000000000
    1     -1     64719.0000000000       0.00000000000000       0.00000000000000       0.00000000000000
    1     -1     64719.0000000000       0.11517185502242       0.58212512203175      -0.08868926310559
    1     -1     64720.0000000000       0.11517185502242       0.58212512203175      -0.08868926310559
    1     -1     64721.0000000000       0.11517185502242       0.58212512203175      -0.08868926310559
    1     -1     64721.0000000000       0.00000000000000       0.00000000000000       0.00000000000000
    1     -1     64721.0000000000       0.00000000000000       0.00000000000000       0.00000000000000
    1     -1     64721.0000000000       0.11133732647536       0.58268972258777      -0.08987038557779
    1     -1     64722.0000000000       0.11133732647536       0.58268972258777      -0.08987038557779
    1     -1     64723.0000000000       0.11133732647536       0.58268972258777      -0.08987038557779
    1     -1     64723.0000000000       0.00000000000000       0.00000000000000       0.00000000000000
    1     -1     64723.0000000000       0.00000000000000       0.00000000000000       0.00000000000000
    1     -1     64723.0000000000       0.10754098453521       0.58322251530730      -0.09102984985058
    1     -1     64724.0000000000       0.10754098453521       0.58322251530730      -0.09102984985058
    1     -1     64725.0000000000       0.10754098453521       0.58322251530730      -0.09102984985058
    1     -1     64725.0000000000       0.00000000000000       0.00000000000000       0.00000000000000
    1     -1     64725.0000000000       0.00000000000000       0.00000000000000       0.00000000000000
    1     -1     64725.0000000000       0.10378201876690       0.58372451342164      -0.09216823905954
    1     -1     64726.0000000000       0.10378201876690       0.58372451342164      -0.09216823905954
    1     -1     64727.0000000000       0.10378201876690       0.58372451342164      -0.09216823905954
    1     -1     64727.0000000000       0.00000000000000       0.00000000000000       0.00000000000000
    1     -1     64727.0000000000       0.00000000000000       0.00000000000000       0.00000000000000
    1     -1     64727.0000000000       0.10005964418834       0.58419668533438      -0.09328611755898
    1     -1     64728.0000000000       0.10005964418834       0.58419668533438      -0.09328611755898
    1     -1     64729.0000000000       0.10005964418834       0.58419668533438      -0.09328611755898
    1     -1     64729.0000000000       0.00000000000000       0.00000000000000       0.00000000000000
    1     -1     64729.0000000000       0.00000000000000       0.00000000000000       0.00000000000000
    1     -1     64729.0000000000       0.09637310073230       0.58463995699834      -0.09438403157435
    1     -1     64730.0000000000       0.09637310073230       0.58463995699834      -0.09438403157435
    1     -1     64731.0000000000       0.09637310073230       0.58463995699834      -0.09438403157435
    1     -1     64731.0000000000       0.00000000000000       0.00000000000000       0.00000000000000
    1     -1     64731.0000000000       0.00000000000000       0.00000000000000       0.00000000000000
    1     -1     64731.0000000000       0.09272165265041       0.58505521416543      -0.09546250985396
    1     -1     64732.0000000000       0.09272165265041       0.58505521416543      -0.09546250985396
    1     -1     64733.0000000000       0.09272165265041       0.58505521416543      -0.09546250985396
    1     -1     64733.0000000000       0.00000000000000       0.00000000000000       0.00000000000000
    1     -1     64733.0000000000       0.00000000000000       0.00000000000000       0.00000000000000
    1     -1     64733.0000000000       0.08910458793461       0.58544330450513      -0.09652206431235
    1     -1     64734.0000000000       0.08910458793461       0.58544330450513      -0.09652206431235
    1     -1     64735.0000000000       0.08910458793461       0.58544330450513      -0.09652206431235
    1     -1     64735.0000000000       0.00000000000000       0.00000000000000       0.00000000000000
    1     -1     64735.0000000000       0.00000000000000       0.00000000000000       0.00000000000000
    1     -1     64735.0000000000       0.08552121774028       0.58580503960446      -0.09756319065217
    1     -1     64736.0000000000       0.08552121774028       0.58580503960446      -0.09756319065217
    1     -1     64737.0000000000       0.08552121774028       0.58580503960446      -0.09756319065217
    1     -1     64737.0000000000       0.00000000000000       0.00000000000000       0.00000000000000
    1     -1     64737.0000000000       0.00000000000000       0.00000000000000       0.00000000000000
    1     -1     64737.0000000000       0.08197087581820       0.58614119685797      -0.09858636895384
    1     -1     64738.0000000000       0.08197087581820       0.58614119685797      -0.09858636895384
    1     -1     64739.0000000000       0.08197087581820       0.58614119685797      -0.09858636895384
    1     -1     64739.0000000000       0.00000000000000       0.00000000000000       0.00000000000000
    1     -1     64739.0000000000       0.00000000000000       0.00000000000000       0.00000000000000
    1     -1     64739.0000000000       0.07845291796061       0.58645252125054      -0.09959206425391
    1     -1     64740.0000000000       0.07845291796061       0.58645252125054      -0.09959206425391
    1     -1     64741.0000000000       0.07845291796061       0.58645252125054      -0.09959206425391
    1     -1     64741.0000000000       0.00000000000000       0.00000000000000       0.00000000000000
    1     -1     64741.0000000000       0.00000000000000       0.00000000000000       0.00000000000000
    1     -1     64741.0000000000       0.07496672145490       0.58673972704417      -0.10058072709238
    1     -1     64742.0000000000       0.07496672145490       0.58673972704417      -0.10058072709238
    1     -1     64743.0000000000       0.07496672145490       0.58673972704417      -0.10058072709238
    1     -1     64743.0000000000       0.00000000000000       0.00000000000000       0.00000000000000
    1     -1     64743.0000000000       0.00000000000000       0.00000000000000       0.00000000000000
    1     -1     64743.0000000000       0.07151168454705       0.58700349937169      -0.10155279404639
    1     -1     64744.0000000000       0.07151168454705       0.58700349937169      -0.10155279404639
    1     -1     64745.0000000000       0.07151168454705       0.58700349937169      -0.10155279404639
    1     -1     64745.0000000000       0.00000000000000       0.00000000000000       0.00000000000000
    1     -1     64745.0000000000       0.00000000000000       0.00000000000000       0.00000000000000
    1     -1     64745.0000000000       0.06808722591469       0.58724449574556      -0.10250868823563
    1     -1     64746.0000000000       0.06808722591469       0.58724449574556      -0.10250868823563
    1     -1     64747.0000000000       0.06808722591469       0.58724449574556      -0.10250868823563
    1     -1     64747.0000000000       0.00000000000000       0.00000000000000       0.00000000000000
    1     -1     64747.0000000000       0.00000000000000       0.00000000000000       0.00000000000000
    1     -1     64747.0000000000       0.06469278415341       0.58746334748412      -0.10344881981556
    1     -1     64748.0000000000       0.06469278415341       0.58746334748412      -0.10344881981556
    1     -1     64749.0000000000       0.06469278415341       0.58746334748412      -0.10344881981556
    1     -1     64749.0000000000       0.00000000000000       0.00000000000000       0.00000000000000
    1     -1     64749.0000000000       0.00000000000000       0.00000000000000       0.00000000000000
    1     -1     64749.0000000000       0.06132781727087       0.58766066106347      -0.10437358644427
    1     -1     64750.0000000000       0.06132781727087       0.58766066106347      -0.10437358644427
    1     -1     64751.0000000000       0.06132781727087       0.58766066106347      -0.10437358644427
    1     -1     64751.0000000000       0.00000000000000       0.00000000000000       0.00000000000000
    1     -1     64751.0000000000       0.00000000000000       0.00000000000000       0.00000000000000
    1     -1     64751.0000000000       0.05799180219860       0.58783701939537      -0.10528337374026
    1     -1     64752.0000000000       0.05799180219860       0.58783701939537      -0.10528337374026
    1     -1     64753.0000000000       0.05799180219860       0.58783701939537      -0.10528337374026
    1     -1     64753.0000000000       0.00000000000000       0.00000000000000       0.00000000000000
    1     -1     64753.0000000000       0.00000000000000       0.00000000000000       0.00000000000000
    1     -1     64753.0000000000       0.05468423430839       0.58799298304018      -0.10617855571448
    1     -1     64754.0000000000       0.05468423430839       0.58799298304018      -0.10617855571448
    1     -1     64755.0000000000       0.05468423430839       0.58799298304018      -0.10617855571448
    1     -1     64755.0000000000       0.00000000000000       0.00000000000000       0.00000000000000
    1     -1     64755.0000000000       0.00000000000000       0.00000000000000       0.00000000000000
    1     -1     64755.0000000000       0.05140462694951       0.58812909135487      -0.10705949518973
    1     -1     64756.0000000000       0.05140462694951       0.58812909135487      -0.10705949518973
    1     -1     64757.0000000000       0.05140462694951       0.58812909135487      -0.10705949518973
    1     -1     64757.0000000000       0.00000000000000       0.00000000000000       0.00000000000000
    1     -1     64757.0000000000       0.00000000000000       0.00000000000000       0.00000000000000
    1     -1     64757.0000000000       0.04815251099052       0.58824586358239      -0.10792654420259
    1     -1     64758.0000000000       0.04815251099052       0.58824586358239      -0.10792654420259
    1     -1     64759.0000000000       0.04815251099052       0.58824586358239      -0.10792654420259
    1     -1     64759.0000000000       0.00000000000000       0.00000000000000       0.00000000000000
    1     -1     64759.0000000000       0.00000000000000       0.00000000000000       0.00000000000000
    1     -1     64759.0000000000       0.04492743438041       0.58834379988432      -0.10878004439084
    1     -1     64760.0000000000       0.04492743438041       0.58834379988432      -0.10878004439084
    1     -1     64761.0000000000       0.04492743438041       0.58834379988432      -0.10878004439084
    1     -1     64761.0000000000       0.00000000000000       0.00000000000000       0.00000000000000
    1     -1     64761.0000000000       0.00000000000000       0.00000000000000       0.00000000000000
    1     -1     64761.0000000000       0.04172896172017       0.58842338232132      -0.10962032736357
    1     -1     64762.0000000000       0.04172896172017       0.58842338232132      -0.10962032736357
    1     -1     64763.0000000000       0.04172896172017       0.58842338232132      -0.10962032736357
    1     -1     64763.0000000000       0.00000000000000       0.00000000000000       0.00000000000000
    1     -1     64763.0000000000       0.00000000000000       0.00000000000000       0.00000000000000
    1     -1     64763.0000000000       0.03855667384491       0.58848507578372      -0.11044771505942
    1     -1     64764.0000000000       0.03855667384491       0.58848507578372      -0.11044771505942
    1     -1     64765.0000000000       0.03855667384491       0.58848507578372      -0.11044771505942
    1     -1     64765.0000000000       0.00000000000000       0.00000000000000       0.00000000000000
    1     -1     64765.0000000000       0.00000000000000       0.00000000000000       0.00000000000000
    1     -1     64765.0000000000       0.03541016742456       0.58852932887521      -0.11126252008946
    1     -1     64766.0000000000       0.03541016742456       0.58852932887521      -0.11126252008946
    1     -1     64767.0000000000       0.03541016742456       0.58852932887521      -0.11126252008946
    1     -1     64767.0000000000       0.00000000000000       0.00000000000000       0.00000000000000
    1     -1     64767.0000000000       0.00000000000000       0.00000000000000       0.00000000000000
    1     -1     64767.0000000000       0.03228905457181       0.58855657475295      -0.11206504606672
    1     -1     64768.0000000000       0.03228905457181       0.58855657475295      -0.11206504606672
    1     -1     64769.0000000000       0.03228905457181       0.58855657475295      -0.11206504606672
    1     -1     64769.0000000000       0.00000000000000       0.00000000000000       0.00000000000000
    1     -1     64769.0000000000       0.00000000000000       0.00000000000000       0.00000000000000
    1     -1     64769.0000000000       0.02919296246625       0.58856723192593      -0.11285558792322
    1     -1     64770.0000000000       0.02919296246625       0.58856723192593      -0.11285558792322
    1     -1     64771.0000000000       0.02919296246625       0.58856723192593      -0.11285558792322
    1     -1     64771.0000000000       0.00000000000000       0.00000000000000       0.00000000000000
    1     -1     64771.0000000000       0.00000000000000       0.00000000000000       0.00000000000000
    1     -1     64771.0000000000       0.02612153298994       0.58856170501454      -0.11363443221417
    1     -1     64772.0000000000       0.02612153298994       0.58856170501454      -0.11363443221417
    1     -1     64773.0000000000       0.02612153298994       0.58856170501454      -0.11363443221417
    1     -1     64773.0000000000       0.00000000000000       0.00000000000000       0.00000000000000
    1     -1     64773.0000000000       0.00000000000000       0.00000000000000       0.00000000000000
    1     -1     64773.0000000000       0.02307442237410       0.58854038547320      -0.11440185741130
    1     -1     64774.0000000000       0.02307442237410       0.58854038547320      -0.11440185741130
    1     -1     64775.0000000000       0.02307442237410       0.58854038547320      -0.11440185741130
    1     -1     64775.0000000000       0.00000000000000       0.00000000000000       0.00000000000000
    1     -1     64775.0000000000       0.00000000000000       0.00000000000000       0.00000000000000
    1     -1     64775.0000000000       0.02005130086139       0.58850365227853      -0.11515813418337
    1     -1     64776.0000000000       0.02005130086139       0.58850365227853      -0.11515813418337
    1     -1     64777.0000000000       0.02005130086139       0.58850365227853      -0.11515813418337
    1     -1     64777.0000000000       0.00000000000000       0.00000000000000       0.00000000000000
    1     -1     64777.0000000000       0.00000000000000       0.00000000000000       0.00000000000000
    1     -1     64777.0000000000       0.01705185237799       0.58845187258483      -0.11590352566634
    1     -1     64778.0000000000       0.01705185237799       0.58845187258483      -0.11590352566634
    1     -1     64779.0000000000       0.01705185237799       0.58845187258483      -0.11590352566634
    1     -1     64779.0000000000       0.00000000000000       0.00000000000000       0.00000000000000
    1     -1     64779.0000000000       0.00000000000000       0.00000000000000       0.00000000000000
    1     -1     64779.0000000000       0.01407577421650       0.58838540234871      -0.11663828772386
    1     -1     64780.0000000000       0.01407577421650       0.58838540234871      -0.11663828772386
    1     -1     64781.0000000000       0.01407577421650       0.58838540234871      -0.11663828772386
    1     -1     64781.0000000000       0.00000000000000       0.00000000000000       0.00000000000000
    1     -1     64781.0000000000       0.00000000000000       0.00000000000000       0.00000000000000
    1     -1     64781.0000000000       0.01112277673103       0.58830458692488      -0.11736266919653
    1     -1     64782.0000000000       0.01112277673103       0.58830458692488      -0.11736266919653
    1     -1     64783.0000000000       0.01112277673103       0.58830458692488      -0.11736266919653
    1     -1     64783.0000000000       0.00000000000000       0.00000000000000       0.00000000000000
    1     -1     64783.0000000000       0.00000000000000       0.00000000000000       0.00000000000000
    1     -1     64783.0000000000       0.00819258304731       0.58820976163461      -0.11807691214108
    1     -1     64784.0000000000       0.00819258304731       0.58820976163461      -0.11807691214108
    1     -1     64785.0000000000       0.00819258304731       0.58820976163461      -0.11807691214108
    1     -1     64785.0000000000       0.00000000000000       0.00000000000000       0.00000000000000
    1     -1     64785.0000000000       0.00000000000000       0.00000000000000       0.00000000000000
    1     -1     64785.0000000000       0.00528492877697       0.58810125230814      -0.11878125206203
    1     -1     64786.0000000000       0.00528492877697       0.58810125230814      -0.11878125206203
    1     -1     64787.0000000000       0.00528492877697       0.58810125230814      -0.11878125206203
    1     -1     64787.0000000000       0.00000000000000       0.00000000000000       0.00000000000000
    1     -1     64787.0000000000       0.00000000000000       0.00000000000000       0.00000000000000
    1     -1     64787.0000000000       0.00239956175290       0.58797937580334      -0.11947591813127
    1     -1     64788.0000000000       0.00239956175290       0.58797937580334      -0.11947591813127
    1     -1     64789.0000000000       0.00239956175290       0.58797937580334      -0.11947591813127
    1     -1     64789.0000000000       0.00000000000000       0.00000000000000       0.00000000000000
    1     -1     64789.0000000000       0.00000000000000       0.00000000000000       0.00000000000000
    1     -1     64789.0000000000      -0.00046375823998       0.58784444050058      -0.12016113340365
    1     -1     64790.0000000000      -0.00046375823998       0.58784444050058      -0.12016113340365
    1     -1     64791.0000000000      -0.00046375823998       0.58784444050058      -0.12016113340365
    1     -1     64791.0000000000       0.00000000000000       0.00000000000000       0.00000000000000
    1     -1     64791.0000000000       0.00000000000000       0.00000000000000       0.00000000000000
    1     -1     64791.0000000000      -0.00330525970682       0.58769674677680      -0.12083711501950
    1     -1     64792.0000000000      -0.00330525970682       0.58769674677680      -0.12083711501950
    1     -1     64793.0000000000      -0.00330525970682       0.58769674677680      -0.12083711501950
    1     -1     64793.0000000000       0.00000000000000       0.00000000000000       0.00000000000000
    1     -1     64793.0000000000       0.00000000000000       0.00000000000000       0.00000000000000
    1     -1     64793.0000000000      -0.00612515968770       0.58753658745868      -0.12150407440167
    1     -1     64794.0000000000      -0.00612515968770       0.58753658745868      -0.12150407440167
    1     -1     64795.0000000000      -0.00612515968770       0.58753658745868      -0.12150407440167
    1     -1     64795.0000000000       0.00000000000000       0.00000000000000       0.00000000000000
    1     -1     64795.0000000000       0.00000000000000       0.00000000000000       0.00000000000000
    1     -1     64795.0000000000      -0.00892366398466       0.58736424825657      -0.12216221744504
    1     -1     64796.0000000000      -0.00892366398466       0.58736424825657      -0.12216221744504
    1     -1     64797.0000000000      -0.00892366398466       0.58736424825657      -0.12216221744504
    1     -1     64797.0000000000       0.00000000000000       0.00000000000000       0.00000000000000
    1     -1     64797.0000000000       0.00000000000000       0.00000000000000       0.00000000000000
    1     -1     64797.0000000000      -0.01170096738601       0.58718000818012      -0.12281174469824
    1     -1     64798.0000000000      -0.01170096738601       0.58718000818012      -0.12281174469824
    1     -1     64799.0000000000      -0.01170096738601       0.58718000818012      -0.12281174469824
    1     -1     64799.0000000000       0.00000000000000       0.00000000000000       0.00000000000000
    1     -1     64799.0000000000       0.00000000000000       0.00000000000000       0.00000000000000
    1     -1     64799.0000000000      -0.01445725387019       0.58698413993743      -0.12345285153634
    1     -1     64800.0000000000      -0.01445725387019       0.58698413993743      -0.12345285153634
    1     -1     64801.0000000000      -0.01445725387019       0.58698413993743      -0.12345285153634
    1     -1     64801.0000000000       0.00000000000000       0.00000000000000       0.00000000000000
    1     -1     64801.0000000000       0.00000000000000       0.00000000000000       0.00000000000000
    1     -1     64801.0000000000      -0.01719269681647       0.58677691031665      -0.12408572833094
    1     -1     64802.0000000000      -0.01719269681647       0.58677691031665      -0.12408572833094
    1     -1     64803.0000000000      -0.01719269681647       0.58677691031665      -0.12408572833094
    1     -1     64803.0000000000       0.00000000000000       0.00000000000000       0.00000000000000
    1     -1     64803.0000000000       0.00000000000000       0.00000000000000       0.00000000000000
    1     -1     64803.0000000000      -0.01990745919401       0.58655858055318      -0.12471056061089
    1     -1     64804.0000000000      -0.01990745919401       0.58655858055318      -0.12471056061089
    1     -1     64805.0000000000      -0.01990745919401       0.58655858055318      -0.12471056061089
    1     -1     64805.0000000000       0.00000000000000       0.00000000000000       0.00000000000000
    1     -1     64805.0000000000       0.00000000000000       0.00000000000000       0.00000000000000
    1     -1     64805.0000000000      -0.02260169374414       0.58632940668257      -0.12532752921510
    1     -1     64806.0000000000      -0.02260169374414       0.58632940668257      -0.12532752921510
    1     -1     64807.0000000000      -0.02260169374414       0.58632940668257      -0.12532752921510
    1     -1     64807.0000000000       0.00000000000000       0.00000000000000       0.00000000000000
    1     -1     64807.0000000000       0.00000000000000       0.00000000000000       0.00000000000000
    1     -1     64807.0000000000      -0.02527554316144       0.58608963987873      -0.12593681044362
    1     -1     64808.0000000000      -0.02527554316144       0.58608963987873      -0.12593681044362
    1     -1     64809.0000000000      -0.02527554316144       0.58608963987873      -0.12593681044362
    1     -1     64809.0000000000       0.00000000000000       0.00000000000000       0.00000000000000
    1     -1     64809.0000000000       0.00000000000000       0.00000000000000       0.00000000000000
    1     -1     64809.0000000000      -0.02792914025592       0.58583952678037      -0.12653857619840
    1     -1     64810.0000000000      -0.02792914025592       0.58583952678037      -0.12653857619840
    1     -1     64811.0000000000      -0.02792914025592       0.58583952678037      -0.12653857619840
    1     -1     64811.0000000000       0.00000000000000       0.00000000000000       0.00000000000000
    1     -1     64811.0000000000       0.00000000000000       0.00000000000000       0.00000000000000
    1     -1     64811.0000000000      -0.03056260812193       0.58557930980343      -0.12713299412399
    1     -1     64812.0000000000      -0.03056260812193       0.58557930980343      -0.12713299412399
    1     -1     64813.0000000000      -0.03056260812193       0.58557930980343      -0.12713299412399
    1     -1     64813.0000000000       0.00000000000000       0.00000000000000       0.00000000000000
    1     -1     64813.0000000000       0.00000000000000       0.00000000000000       0.00000000000000
    1     -1     64813.0000000000      -0.03317606027835       0.58530922744467      -0.12772022773440
    1     -1     64814.0000000000      -0.03317606027835       0.58530922744467      -0.12772022773440
    1     -1     64815.0000000000      -0.03317606027835       0.58530922744467      -0.12772022773440
    1     -1     64815.0000000000       0.00000000000000       0.00000000000000       0.00000000000000
    1     -1     64815.0000000000       0.00000000000000       0.00000000000000       0.00000000000000
    1     -1     64815.0000000000      -0.03576960082682       0.58502951457094      -0.12830043654477
    1     -1     64816.0000000000      -0.03576960082682       0.58502951457094      -0.12830043654477
    1     -1     64817.0000000000      -0.03576960082682       0.58502951457094      -0.12830043654477
    1     -1     64817.0000000000       0.00000000000000       0.00000000000000       0.00000000000000
    1     -1     64817.0000000000       0.00000000000000       0.00000000000000       0.00000000000000
    1     -1     64817.0000000000      -0.03834332458101       0.58474040270075      -0.12887377618990
    1     -1     64818.0000000000      -0.03834332458101       0.58474040270075      -0.12887377618990
    1     -1     64819.0000000000      -0.03834332458101       0.58474040270075      -0.12887377618990
    1     -1     64819.0000000000       0.00000000000000       0.00000000000000       0.00000000000000
    1     -1     64819.0000000000       0.00000000000000       0.00000000000000       0.00000000000000
    1     -1     64819.0000000000      -0.04089731719252       0.58444212027585      -0.12944039853893
    1     -1     64820.0000000000      -0.04089731719252       0.58444212027585      -0.12944039853893
    1     -1     64821.0000000000      -0.04089731719252       0.58444212027585      -0.12944039853893
    1     -1     64821.0000000000       0.00000000000000       0.00000000000000       0.00000000000000
    1     -1     64821.0000000000       0.00000000000000       0.00000000000000       0.00000000000000
    1     -1     64821.0000000000      -0.04343165529255       0.58413489291992      -0.13000045181455
    1     -1     64822.0000000000      -0.04343165529255       0.58413489291992      -0.13000045181455
    1     -1     64823.0000000000      -0.04343165529255       0.58413489291992      -0.13000045181455
    1     -1     64823.0000000000       0.00000000000000       0.00000000000000       0.00000000000000
    1     -1     64823.0000000000       0.00000000000000       0.00000000000000       0.00000000000000
    1     -1     64823.0000000000      -0.04594640658522       0.58381894369490      -0.13055408069027
    1     -1     64824.0000000000      -0.04594640658522       0.58381894369490      -0.13055408069027
    1     -1     64825.0000000000      -0.04594640658522       0.58381894369490      -0.13055408069027
    1     -1     64825.0000000000       0.00000000000000       0.00000000000000       0.00000000000000
    1     -1     64825.0000000000       0.00000000000000       0.00000000000000       0.00000000000000
    1     -1     64825.0000000000      -0.04844162997697       0.58349449334197      -0.13110142640251
    1     -1     64826.0000000000      -0.04844162997697       0.58349449334197      -0.13110142640251
    1     -1     64827.0000000000      -0.04844162997697       0.58349449334197      -0.13110142640251
    1     -1     64827.0000000000       0.00000000000000       0.00000000000000       0.00000000000000
    1     -1     64827.0000000000       0.00000000000000       0.00000000000000       0.00000000000000
    1     -1     64827.0000000000      -0.05091737567198       0.58316176051991      -0.13164262684251
    1     -1     64828.0000000000      -0.05091737567198       0.58316176051991      -0.13164262684251
    1     -1     64829.0000000000      -0.05091737567198       0.58316176051991      -0.13164262684251
    1     -1     64829.0000000000       0.00000000000000       0.00000000000000       0.00000000000000
    1     -1     64829.0000000000       0.00000000000000       0.00000000000000       0.00000000000000
    1     -1     64829.0000000000      -0.05337368527199       0.58282096203250      -0.13217781665619
    1     -1     64830.0000000000      -0.05337368527199       0.58282096203250      -0.13217781665619
    1     -1     64831.0000000000      -0.05337368527199       0.58282096203250      -0.13217781665619
    1     -1     64831.0000000000       0.00000000000000       0.00000000000000       0.00000000000000
    1     -1     64831.0000000000       0.00000000000000       0.00000000000000       0.00000000000000
    1     -1     64831.0000000000      -0.05581059186362       0.58247231305199      -0.13270712732820
    1     -1     64832.0000000000      -0.05581059186362       0.58247231305199      -0.13270712732820
    1     -1     64833.0000000000      -0.05581059186362       0.58247231305199      -0.13270712732820
    1     -1     64833.0000000000       0.00000000000000       0.00000000000000       0.00000000000000
    1     -1     64833.0000000000       0.00000000000000       0.00000000000000       0.00000000000000
    1     -1     64833.0000000000      -0.05822812011703       0.58211602733055      -0.13323068727788
    1     -1     64834.0000000000      -0.05822812011703       0.58211602733055      -0.13323068727788
    1     -1     64835.0000000000      -0.05822812011703       0.58211602733055      -0.13323068727788
    1     -1     64835.0000000000       0.00000000000000       0.00000000000000       0.00000000000000
    1     -1     64835.0000000000       0.00000000000000       0.00000000000000       0.00000000000000
    1     -1     64835.0000000000      -0.06062628634872       0.58175231741274      -0.13374862193111
    1     -1     64836.0000000000      -0.06062628634872       0.58175231741274      -0.13374862193111
    1     -1     64837.0000000000      -0.06062628634872       0.58175231741274      -0.13374862193111
    1     -1     64837.0000000000       0.00000000000000       0.00000000000000       0.00000000000000
    1     -1     64837.0000000000       0.00000000000000       0.00000000000000       0.00000000000000
    1     -1     64837.0000000000      -0.06300509860584       0.58138139483571      -0.13426105380396
    1     -1     64838.0000000000      -0.06300509860584       0.58138139483571      -0.13426105380396
    1     -1     64839.0000000000      -0.06300509860584       0.58138139483571      -0.13426105380396
    1     -1     64839.0000000000       0.00000000000000       0.00000000000000       0.00000000000000
    1     -1     64839.0000000000       0.00000000000000       0.00000000000000       0.00000000000000
    1     -1     64839.0000000000      -0.06536455674459       0.58100347032266      -0.13476810258592
    1     -1     64840.0000000000      -0.06536455674459       0.58100347032266      -0.13476810258592
    1     -1     64841.0000000000      -0.06536455674459       0.58100347032266      -0.13476810258592
    1     -1     64841.0000000000       0.00000000000000       0.00000000000000       0.00000000000000
    1     -1     64841.0000000000       0.00000000000000       0.00000000000000       0.00000000000000
    1     -1     64841.0000000000      -0.06770465247398       0.58061875397883      -0.13526988519788
    1     -1     64842.0000000000      -0.06770465247398       0.58061875397883      -0.13526988519788
    1     -1     64843.0000000000      -0.06770465247398       0.58061875397883      -0.13526988519788
    1     -1     64843.0000000000       0.00000000000000       0.00000000000000       0.00000000000000
    1     -1     64843.0000000000       0.00000000000000       0.00000000000000       0.00000000000000
    1     -1     64843.0000000000      -0.07002536942850       0.58022745547367      -0.13576651586806
    1     -1     64844.0000000000      -0.07002536942850       0.58022745547367      -0.13576651586806
    1     -1     64845.0000000000      -0.07002536942850       0.58022745547367      -0.13576651586806
    1     -1     64845.0000000000       0.00000000000000       0.00000000000000       0.00000000000000
    1     -1     64845.0000000000       0.00000000000000       0.00000000000000       0.00000000000000
    1     -1     64845.0000000000      -0.07232668322276       0.57982978422038      -0.13625810619901
    1     -1     64846.0000000000      -0.07232668322276       0.57982978422038      -0.13625810619901
    1     -1     64847.0000000000      -0.07232668322276       0.57982978422038      -0.13625810619901
    1     -1     64847.0000000000       0.00000000000000       0.00000000000000       0.00000000000000
    1     -1     64847.0000000000       0.00000000000000       0.00000000000000       0.00000000000000
    1     -1     64847.0000000000      -0.07460856149762       0.57942594955166      -0.13674476522853
    1     -1     64848.0000000000      -0.07460856149762       0.57942594955166      -0.13674476522853
    1     -1     64849.0000000000      -0.07460856149762       0.57942594955166      -0.13674476522853
    1     -1     64849.0000000000       0.00000000000000       0.00000000000000       0.00000000000000
    1     -1     64849.0000000000       0.00000000000000       0.00000000000000       0.00000000000000
    1     -1     64849.0000000000      -0.07687096396502       0.57901616089043      -0.13722659948710
    1     -1     64850.0000000000      -0.07687096396502       0.57901616089043      -0.13722659948710
    1     -1     64851.0000000000      -0.07687096396502       0.57901616089043      -0.13722659948710
    1     -1     64851.0000000000       0.00000000000000       0.00000000000000       0.00000000000000
    1     -1     64851.0000000000       0.00000000000000       0.00000000000000       0.00000000000000
    1     -1     64851.0000000000      -0.07911384243962       0.57860062791819      -0.13770371304766
    1     -1     64852.0000000000      -0.07911384243962       0.57860062791819      -0.13770371304766
    1     -1     64853.0000000000      -0.07911384243962       0.57860062791819      -0.13770371304766
    1     -1     64853.0000000000       0.00000000000000       0.00000000000000       0.00000000000000
    1     -1     64853.0000000000       0.00000000000000       0.00000000000000       0.00000000000000
    1     -1     64853.0000000000      -0.08133714089313       0.57817956073089      -0.13817620759151
    1     -1     64854.0000000000      -0.08133714089313       0.57817956073089      -0.13817620759151
    1     -1     64855.0000000000      -0.08133714089313       0.57817956073089      -0.13817620759151
    1     -1     64855.0000000000       0.00000000000000       0.00000000000000       0.00000000000000
    1     -1     64855.0000000000       0.00000000000000       0.00000000000000       0.00000000000000
    1     -1     64855.0000000000      -0.08354079547305       0.57775317000022      -0.13864418244711
    1     -1     64856.0000000000      -0.08354079547305       0.57775317000022      -0.13864418244711
    1     -1     64857.0000000000      -0.08354079547305       0.57775317000022      -0.13864418244711
    1     -1     64857.0000000000       0.00000000000000       0.00000000000000       0.00000000000000
    1     -1     64857.0000000000       0.00000000000000       0.00000000000000       0.00000000000000
    1     -1     64857.0000000000      -0.08572473452583       0.57732166712671      -0.13910773463941
    1     -1     64858.0000000000      -0.08572473452583       0.57732166712671      -0.13910773463941
    1     -1     64859.0000000000      -0.08572473452583       0.57732166712671      -0.13910773463941
    1     -1     64859.0000000000       0.00000000000000       0.00000000000000       0.00000000000000
    1     -1     64859.0000000000       0.00000000000000       0.00000000000000       0.00000000000000
    1     -1     64859.0000000000      -0.08788887863427       0.57688526438557      -0.13956695893800
    1     -1     64860.0000000000      -0.08788887863427       0.57688526438557      -0.13956695893800
    1     -1     64861.0000000000      -0.08788887863427       0.57688526438557      -0.13956695893800
    1     -1     64861.0000000000       0.00000000000000       0.00000000000000       0.00000000000000
    1     -1     64861.0000000000       0.00000000000000       0.00000000000000       0.00000000000000
    1     -1     64861.0000000000      -0.09003314062300       0.57644417507551      -0.14002194789060
    1     -1     64862.0000000000      -0.09003314062300       0.57644417507551      -0.14002194789060
    1     -1     64863.0000000000      -0.09003314062300       0.57644417507551      -0.14002194789060
    1     -1     64863.0000000000       0.00000000000000       0.00000000000000       0.00000000000000
    1     -1     64863.0000000000       0.00000000000000       0.00000000000000       0.00000000000000
    1     -1     64863.0000000000      -0.09215742558252       0.57599861365696      -0.14047279186824
    1     -1     64864.0000000000      -0.09215742558252       0.57599861365696      -0.14047279186824
    1     -1     64865.0000000000      -0.09215742558252       0.57599861365696      -0.14047279186824
    1     -1     64865.0000000000       0.00000000000000       0.00000000000000       0.00000000000000
    1     -1     64865.0000000000       0.00000000000000       0.00000000000000       0.00000000000000
    1     -1     64865.0000000000      -0.09426163087387       0.57554879589293      -0.14091957909106
    1     -1     64866.0000000000      -0.09426163087387       0.57554879589293      -0.14091957909106
    1     -1     64867.0000000000      -0.09426163087387       0.57554879589293      -0.14091957909106
    1     -1     64867.0000000000       0.00000000000000       0.00000000000000       0.00000000000000
    1     -1     64867.0000000000       0.00000000000000       0.00000000000000       0.00000000000000
    1     -1     64867.0000000000      -0.09634564614313       0.57509493897822      -0.14136239567474
    1     -1     64868.0000000000      -0.09634564614313       0.57509493897822      -0.14136239567474
    1     -1     64869.0000000000      -0.09634564614313       0.57509493897822      -0.14136239567474
    1     -1     64869.0000000000       0.00000000000000       0.00000000000000       0.00000000000000
    1     -1     64869.0000000000       0.00000000000000       0.00000000000000       0.00000000000000
    1     -1     64869.0000000000      -0.09840935331961       0.57463726167492      -0.14180132564250
    1     -1     64870.0000000000      -0.09840935331961       0.57463726167492      -0.14180132564250
    1     -1     64871.0000000000      -0.09840935331961       0.57463726167492      -0.14180132564250
    1     -1     64871.0000000000       0.00000000000000       0.00000000000000       0.00000000000000
    1     -1     64871.0000000000       0.00000000000000       0.00000000000000       0.00000000000000
    1     -1     64871.0000000000      -0.10045262662467       0.57417598443295      -0.14223645097042
    1     -1     64872.0000000000      -0.10045262662467       0.57417598443295      -0.14223645097042
    1     -1     64873.0000000000      -0.10045262662467       0.57417598443295      -0.14223645097042
    1     -1     64873.0000000000       0.00000000000000       0.00000000000000       0.00000000000000
    1     -1     64873.0000000000       0.00000000000000       0.00000000000000       0.00000000000000
    1     -1     64873.0000000000      -0.10247533255640       0.57371132951943      -0.14266785159419
    1     -1     64874.0000000000      -0.10247533255640       0.57371132951943      -0.14266785159419
    1     -1     64875.0000000000      -0.10247533255640       0.57371132951943      -0.14266785159419
    1     -1     64875.0000000000       0.00000000000000       0.00000000000000       0.00000000000000
    1     -1     64875.0000000000       0.00000000000000       0.00000000000000       0.00000000000000
    1     -1     64875.0000000000      -0.10447732989653       0.57324352113419      -0.14309560543695
    1     -1     64876.0000000000      -0.10447732989653       0.57324352113419      -0.14309560543695
    1     -1     64877.0000000000      -0.10447732989653       0.57324352113419      -0.14309560543695
    1     -1     64877.0000000000       0.00000000000000       0.00000000000000       0.00000000000000
    1     -1     64877.0000000000       0.00000000000000       0.00000000000000       0.00000000000000
    1     -1     64877.0000000000      -0.10645846969943       0.57277278552259      -0.14351978844032
    1     -1     64878.0000000000      -0.10645846969943       0.57277278552259      -0.14351978844032
    1     -1     64879.0000000000      -0.10645846969943       0.57277278552259      -0.14351978844032
    1     -1     64879.0000000000       0.00000000000000       0.00000000000000       0.00000000000000
    1     -1     64879.0000000000       0.00000000000000       0.00000000000000       0.00000000000000
    1     -1     64879.0000000000      -0.10841859527869       0.57229935109220      -0.14394047456239
    1     -1     64880.0000000000      -0.10841859527869       0.57229935109220      -0.14394047456239
    1     -1     64881.0000000000      -0.10841859527869       0.57229935109220      -0.14394047456239
    1     -1     64881.0000000000       0.00000000000000       0.00000000000000       0.00000000000000
    1     -1     64881.0000000000       0.00000000000000       0.00000000000000       0.00000000000000
    1     -1     64881.0000000000      -0.11035754218568       0.57182344852076      -0.14435773579742
    1     -1     64882.0000000000      -0.11035754218568       0.57182344852076      -0.14435773579742
    1     -1     64883.0000000000      -0.11035754218568       0.57182344852076      -0.14435773579742
    1     -1     64883.0000000000       0.00000000000000       0.00000000000000       0.00000000000000
    1     -1     64883.0000000000       0.00000000000000       0.00000000000000       0.00000000000000
    1     -1     64883.0000000000      -0.11227513820595       0.57134531085860      -0.14477164218424
    1     -1     64884.0000000000      -0.11227513820595       0.57134531085860      -0.14477164218424
    1     -1     64885.0000000000      -0.11227513820595       0.57134531085860      -0.14477164218424
    1     -1     64885.0000000000       0.00000000000000       0.00000000000000       0.00000000000000
    1     -1     64885.0000000000       0.00000000000000       0.00000000000000       0.00000000000000
    1     -1     64885.0000000000      -0.11417120332736       0.57086517362996      -0.14518226182016
    1     -1     64886.0000000000      -0.11417120332736       0.57086517362996      -0.14518226182016
    1     -1     64887.0000000000      -0.11417120332736       0.57086517362996      -0.14518226182016
    1     -1     64887.0000000000       0.00000000000000       0.00000000000000       0.00000000000000
    1     -1     64887.0000000000       0.00000000000000       0.00000000000000       0.00000000000000
    1     -1     64887.0000000000      -0.11604554972859       0.57038327492971      -0.14558966085764
    1     -1     64888.0000000000      -0.11604554972859       0.57038327492971      -0.14558966085764
    1     -1     64889.0000000000      -0.11604554972859       0.57038327492971      -0.14558966085764
    1     -1     64889.0000000000       0.00000000000000       0.00000000000000       0.00000000000000
    1     -1     64889.0000000000       0.00000000000000       0.00000000000000       0.00000000000000
    1     -1     64889.0000000000      -0.11789798174510       0.56989985551647      -0.14599390351224
    1     -1     64890.0000000000      -0.11789798174510       0.56989985551647      -0.14599390351224
    1     -1     64891.0000000000      -0.11789798174510       0.56989985551647      -0.14599390351224
    1     -1     64891.0000000000       0.00000000000000       0.00000000000000       0.00000000000000
    1     -1     64891.0000000000       0.00000000000000       0.00000000000000       0.00000000000000
    1     -1     64891.0000000000      -0.11972829584865       0.56941515889990      -0.14639505206181
    1     -1     64892.0000000000      -0.11972829584865       0.56941515889990      -0.14639505206181
    1     -1     64893.0000000000      -0.11972829584865       0.56941515889990      -0.14639505206181
    1     -1     64893.0000000000       0.00000000000000       0.00000000000000       0.00000000000000
    1     -1     64893.0000000000       0.00000000000000       0.00000000000000       0.00000000000000
    1     -1     64893.0000000000      -0.12153628061367       0.56892943142777      -0.14679316683642
    1     -1     64894.0000000000      -0.12153628061367       0.56892943142777      -0.14679316683642
    1     -1     64895.0000000000      -0.12153628061367       0.56892943142777      -0.14679316683642
    1     -1     64895.0000000000       0.00000000000000       0.00000000000000       0.00000000000000
    1     -1     64895.0000000000       0.00000000000000       0.00000000000000       0.00000000000000
    1     -1     64895.0000000000      -0.12332171668894       0.56844292236408      -0.14718830621717
    1     -1     64896.0000000000      -0.12332171668894       0.56844292236408      -0.14718830621717
    1     -1     64897.0000000000      -0.12332171668894       0.56844292236408      -0.14718830621717
    1     -1     64897.0000000000       0.00000000000000       0.00000000000000       0.00000000000000
    1     -1     64897.0000000000       0.00000000000000       0.00000000000000       0.00000000000000
    1     -1     64897.0000000000      -0.12508437676627       0.56795588396647      -0.14758052661805
    1     -1     64898.0000000000      -0.12508437676627       0.56795588396647      -0.14758052661805
    1     -1     64899.0000000000      -0.12508437676627       0.56795588396647      -0.14758052661805
    1     -1     64899.0000000000       0.00000000000000       0.00000000000000       0.00000000000000
    1     -1     64899.0000000000       0.00000000000000       0.00000000000000       0.00000000000000
    1     -1     64899.0000000000      -0.12682402554586       0.56746857154976      -0.14796988250189
    1     -1     64900.0000000000      -0.12682402554586       0.56746857154976      -0.14796988250189
    1     -1     64901.0000000000      -0.12682402554586       0.56746857154976      -0.14796988250189
    1     -1     64901.0000000000       0.00000000000000       0.00000000000000       0.00000000000000
    1     -1     64901.0000000000       0.00000000000000       0.00000000000000       0.00000000000000
    1     -1     64901.0000000000      -0.12854041969441       0.56698124356595      -0.14835642631579
    1     -1     64902.0000000000      -0.12854041969441       0.56698124356595      -0.14835642631579
    1     -1     64903.0000000000      -0.12854041969441       0.56698124356595      -0.14835642631579
    1     -1     64903.0000000000       0.00000000000000       0.00000000000000       0.00000000000000
    1     -1     64903.0000000000       0.00000000000000       0.00000000000000       0.00000000000000
    1     -1     64903.0000000000      -0.13023330781914       0.56649416164987      -0.14874020852176
    1     -1     64904.0000000000      -0.13023330781914       0.56649416164987      -0.14874020852176
    1     -1     64905.0000000000      -0.13023330781914       0.56649416164987      -0.14874020852176
    1     -1     64905.0000000000       0.00000000000000       0.00000000000000       0.00000000000000
    1     -1     64905.0000000000       0.00000000000000       0.00000000000000       0.00000000000000
    1     -1     64905.0000000000      -0.13190243041827       0.56600759068597      -0.14912127754153
    1     -1     64906.0000000000      -0.13190243041827       0.56600759068597      -0.14912127754153
    1     -1     64907.0000000000      -0.13190243041827       0.56600759068597      -0.14912127754153
    1     -1     64907.0000000000       0.00000000000000       0.00000000000000       0.00000000000000
    1     -1     64907.0000000000       0.00000000000000       0.00000000000000       0.00000000000000
    1     -1     64907.0000000000      -0.13354751985006       0.56552179885255      -0.14949967974707
    1     -1     64908.0000000000      -0.13354751985006       0.56552179885255      -0.14949967974707
    1     -1     64909.0000000000      -0.13354751985006       0.56552179885255      -0.14949967974707
    1     -1     64909.0000000000       0.00000000000000       0.00000000000000       0.00000000000000
    1     -1     64909.0000000000       0.00000000000000       0.00000000000000       0.00000000000000
    1     -1     64909.0000000000      -0.13516830029026       0.56503705766546      -0.14987545943683
    1     -1     64910.0000000000      -0.13516830029026       0.56503705766546      -0.14987545943683
    1     -1     64911.0000000000      -0.13516830029026       0.56503705766546      -0.14987545943683
    1     -1     64911.0000000000       0.00000000000000       0.00000000000000       0.00000000000000
    1     -1     64911.0000000000       0.00000000000000       0.00000000000000       0.00000000000000
    1     -1     64911.0000000000      -0.13676448769082       0.56455364202199      -0.15024865878395
    1     -1     64912.0000000000      -0.13676448769082       0.56455364202199      -0.15024865878395
    1     -1     64913.0000000000      -0.13676448769082       0.56455364202199      -0.15024865878395
    1     -1     64913.0000000000       0.00000000000000       0.00000000000000       0.00000000000000
    1     -1     64913.0000000000       0.00000000000000       0.00000000000000       0.00000000000000
    1     -1     64913.0000000000      -0.13833578974111       0.56407183022641      -0.15061931782387
    1     -1     64914.0000000000      -0.13833578974111       0.56407183022641      -0.15061931782387
    1     -1     64915.0000000000      -0.13833578974111       0.56407183022641      -0.15061931782387
    1     -1     64915.0000000000       0.00000000000000       0.00000000000000       0.00000000000000
    1     -1     64915.0000000000       0.00000000000000       0.00000000000000       0.00000000000000
    1     -1     64915.0000000000      -0.13988190583005       0.56359190402091      -0.15098747439254
    1     -1     64916.0000000000      -0.13988190583005       0.56359190402091      -0.15098747439254
    1     -1     64917.0000000000      -0.13988190583005       0.56359190402091      -0.15098747439254
    1     -1     64917.0000000000       0.00000000000000       0.00000000000000       0.00000000000000
    1     -1     64917.0000000000       0.00000000000000       0.00000000000000       0.00000000000000
    1     -1     64917.0000000000      -0.14140252699422       0.56311414859246      -0.15135316413817
    1     -1     64918.0000000000      -0.14140252699422       0.56311414859246      -0.15135316413817
    1     -1     64919.0000000000      -0.14140252699422       0.56311414859246      -0.15135316413817
    1     -1     64919.0000000000       0.00000000000000       0.00000000000000       0.00000000000000
    1     -1     64919.0000000000       0.00000000000000       0.00000000000000       0.00000000000000
    1     -1     64919.0000000000      -0.14289733589446       0.56263885260219      -0.15171642039264
    1     -1     64920.0000000000      -0.14289733589446       0.56263885260219      -0.15171642039264
    1     -1     64921.0000000000      -0.14289733589446       0.56263885260219      -0.15171642039264
    1     -1     64921.0000000000       0.00000000000000       0.00000000000000       0.00000000000000
    1     -1     64921.0000000000       0.00000000000000       0.00000000000000       0.00000000000000
    1     -1     64921.0000000000      -0.14436600676719       0.56216630817122      -0.15207727419717
    1     -1     64922.0000000000      -0.14436600676719       0.56216630817122      -0.15207727419717
    1     -1     64923.0000000000      -0.14436600676719       0.56216630817122      -0.15207727419717
    1     -1     64923.0000000000       0.00000000000000       0.00000000000000       0.00000000000000
    1     -1     64923.0000000000       0.00000000000000       0.00000000000000       0.00000000000000
    1     -1     64923.0000000000      -0.14580820538666       0.56169681088727      -0.15243575420808
    1     -1     64924.0000000000      -0.14580820538666       0.56169681088727      -0.15243575420808
    1     -1     64925.0000000000      -0.14580820538666       0.56169681088727      -0.15243575420808
    1     -1     64925.0000000000       0.00000000000000       0.00000000000000       0.00000000000000
    1     -1     64925.0000000000       0.00000000000000       0.00000000000000       0.00000000000000
    1     -1     64925.0000000000      -0.14722358903067       0.56123065978316      -0.15279188667035
    1     -1     64926.0000000000      -0.14722358903067       0.56123065978316      -0.15279188667035
    1     -1     64927.0000000000      -0.14722358903067       0.56123065978316      -0.15279188667035
    1     -1     64927.0000000000       0.00000000000000       0.00000000000000       0.00000000000000
    1     -1     64927.0000000000       0.00000000000000       0.00000000000000       0.00000000000000
    1     -1     64927.0000000000      -0.14861180644843       0.56076815732111      -0.15314569533233
    1     -1     64928.0000000000      -0.14861180644843       0.56076815732111      -0.15314569533233
    1     -1     64929.0000000000      -0.14861180644843       0.56076815732111      -0.15314569533233
    1     -1     64929.0000000000       0.00000000000000       0.00000000000000       0.00000000000000
    1     -1     64929.0000000000       0.00000000000000       0.00000000000000       0.00000000000000
    1     -1     64929.0000000000      -0.14997249781506       0.56030960935638      -0.15349720141428
    1     -1     64930.0000000000      -0.14997249781506       0.56030960935638      -0.15349720141428
    1     -1     64931.0000000000      -0.14997249781506       0.56030960935638      -0.15349720141428
    1     -1     64931.0000000000       0.00000000000000       0.00000000000000       0.00000000000000
    1     -1     64931.0000000000       0.00000000000000       0.00000000000000       0.00000000000000
    1     -1     64931.0000000000      -0.15130529472033       0.55985532510159      -0.15384642350406
    1     -1     64932.0000000000      -0.15130529472033       0.55985532510159      -0.15384642350406
    1     -1     64933.0000000000      -0.15130529472033       0.55985532510159      -0.15384642350406
    1     -1     64933.0000000000       0.00000000000000       0.00000000000000       0.00000000000000
    1     -1     64933.0000000000       0.00000000000000       0.00000000000000       0.00000000000000
    1     -1     64933.0000000000      -0.15260982012928       0.55940561707232      -0.15419337751032
    1     -1     64934.0000000000      -0.15260982012928       0.55940561707232      -0.15419337751032
    1     -1     64935.0000000000      -0.15260982012928       0.55940561707232      -0.15419337751032
    1     -1     64935.0000000000       0.00000000000000       0.00000000000000       0.00000000000000
    1     -1     64935.0000000000       0.00000000000000       0.00000000000000       0.00000000000000
    1     -1     64935.0000000000      -0.15388568834822       0.55896080102230      -0.15453807660931
    1     -1     64936.0000000000      -0.15388568834822       0.55896080102230      -0.15453807660931
    1     -1     64937.0000000000      -0.15388568834822       0.55896080102230      -0.15453807660931
    1     -1     64937.0000000000       0.00000000000000       0.00000000000000       0.00000000000000
    1     -1     64937.0000000000       0.00000000000000       0.00000000000000       0.00000000000000
    1     -1     64937.0000000000      -0.15513250502380       0.55852119587844      -0.15488053111854
    1     -1     64938.0000000000      -0.15513250502380       0.55852119587844      -0.15488053111854
    1     -1     64939.0000000000      -0.15513250502380       0.55852119587844      -0.15488053111854
    1     -1     64939.0000000000       0.00000000000000       0.00000000000000       0.00000000000000
    1     -1     64939.0000000000       0.00000000000000       0.00000000000000       0.00000000000000
    1     -1     64939.0000000000      -0.15634986709835       0.55808712364720      -0.15522074847622
    1     -1     64940.0000000000      -0.15634986709835       0.55808712364720      -0.15522074847622
    1     -1     64941.0000000000      -0.15634986709835       0.55808712364720      -0.15522074847622
    1     -1     64941.0000000000       0.00000000000000       0.00000000000000       0.00000000000000
    1     -1     64941.0000000000       0.00000000000000       0.00000000000000       0.00000000000000
    1     -1     64941.0000000000      -0.15753736283064       0.55765890932956      -0.15555873308090
    1     -1     64942.0000000000      -0.15753736283064       0.55765890932956      -0.15555873308090
    1     -1     64943.0000000000      -0.15753736283064       0.55765890932956      -0.15555873308090
    1     -1     64943.0000000000       0.00000000000000       0.00000000000000       0.00000000000000
    1     -1     64943.0000000000       0.00000000000000       0.00000000000000       0.00000000000000
    1     -1     64943.0000000000      -0.15869457175751       0.55723688080175      -0.15589448626888
    1     -1     64944.0000000000      -0.15869457175751       0.55723688080175      -0.15589448626888
    1     -1     64945.0000000000      -0.15869457175751       0.55723688080175      -0.15589448626888
    1     -1     64945.0000000000       0.00000000000000       0.00000000000000       0.00000000000000
    1     -1     64945.0000000000       0.00000000000000       0.00000000000000       0.00000000000000
    1     -1     64945.0000000000      -0.15982106467128       0.55682136869666      -0.15622800622847
    1     -1     64946.0000000000      -0.15982106467128       0.55682136869666      -0.15622800622847
    1     -1     64947.0000000000      -0.15982106467128       0.55682136869666      -0.15622800622847
    1     -1     64947.0000000000       0.00000000000000       0.00000000000000       0.00000000000000
    1     -1     64947.0000000000       0.00000000000000       0.00000000000000       0.00000000000000
    1     -1     64947.0000000000      -0.16091640367131       0.55641270627272      -0.15655928783613
    1     -1     64948.0000000000      -0.16091640367131       0.55641270627272      -0.15655928783613
    1     -1     64949.0000000000      -0.16091640367131       0.55641270627272      -0.15655928783613
    1     -1     64949.0000000000       0.00000000000000       0.00000000000000       0.00000000000000
    1     -1     64949.0000000000       0.00000000000000       0.00000000000000       0.00000000000000
    1     -1     64949.0000000000      -0.16198014214436       0.55601122926062      -0.15688832259600
    1     -1     64950.0000000000      -0.16198014214436       0.55601122926062      -0.15688832259600
    1     -1     64951.0000000000      -0.16198014214436       0.55601122926062      -0.15688832259600
    1     -1     64951.0000000000       0.00000000000000       0.00000000000000       0.00000000000000
    1     -1     64951.0000000000       0.00000000000000       0.00000000000000       0.00000000000000
    1     -1     64951.0000000000      -0.16301182476447       0.55561727569901      -0.15721509854897
    1     -1     64952.0000000000      -0.16301182476447       0.55561727569901      -0.15721509854897
    1     -1     64953.0000000000      -0.16301182476447       0.55561727569901      -0.15721509854897
    1     -1     64953.0000000000       0.00000000000000       0.00000000000000       0.00000000000000
    1     -1     64953.0000000000       0.00000000000000       0.00000000000000       0.00000000000000
    1     -1     64953.0000000000      -0.16401098752423       0.55523118575635      -0.15753960014842
    1     -1     64954.0000000000      -0.16401098752423       0.55523118575635      -0.15753960014842
    1     -1     64955.0000000000      -0.16401098752423       0.55523118575635      -0.15753960014842
    1     -1     64955.0000000000       0.00000000000000       0.00000000000000       0.00000000000000
    1     -1     64955.0000000000       0.00000000000000       0.00000000000000       0.00000000000000
    1     -1     64955.0000000000      -0.16497715779599       0.55485330153594      -0.15786180811148
    1     -1     64956.0000000000      -0.16497715779599       0.55485330153594      -0.15786180811148
    1     -1     64957.0000000000      -0.16497715779599       0.55485330153594      -0.15786180811148
    1     -1     64957.0000000000       0.00000000000000       0.00000000000000       0.00000000000000
    1     -1     64957.0000000000       0.00000000000000       0.00000000000000       0.00000000000000
    1     -1     64957.0000000000      -0.16590985434168       0.55448396686022      -0.15818169934373
    1     -1     64958.0000000000      -0.16590985434168       0.55448396686022      -0.15818169934373
    1     -1     64959.0000000000      -0.16590985434168       0.55448396686022      -0.15818169934373
    1     -1     64959.0000000000       0.00000000000000       0.00000000000000       0.00000000000000
    1     -1     64959.0000000000       0.00000000000000       0.00000000000000       0.00000000000000
    1     -1     64959.0000000000      -0.16680858736485       0.55412352704423      -0.15849924680391
    1     -1     64960.0000000000      -0.16680858736485       0.55412352704423      -0.15849924680391
    1     -1     64961.0000000000      -0.16680858736485       0.55412352704423      -0.15849924680391
    1     -1     64961.0000000000       0.00000000000000       0.00000000000000       0.00000000000000
    1     -1     64961.0000000000       0.00000000000000       0.00000000000000       0.00000000000000
    1     -1     64961.0000000000      -0.16767285860220       0.55377232864428      -0.15881441935811
    1     -1     64962.0000000000      -0.16767285860220       0.55377232864428      -0.15881441935811
    1     -1     64963.0000000000      -0.16767285860220       0.55377232864428      -0.15881441935811
    1     -1     64963.0000000000       0.00000000000000       0.00000000000000       0.00000000000000
    1     -1     64963.0000000000       0.00000000000000       0.00000000000000       0.00000000000000
    1     -1     64963.0000000000      -0.16850216141801       0.55343071919011      -0.15912718163212
    1     -1     64964.0000000000      -0.16850216141801       0.55343071919011      -0.15912718163212
    1     -1     64965.0000000000      -0.16850216141801       0.55343071919011      -0.15912718163212
    1     -1     64965.0000000000       0.00000000000000       0.00000000000000       0.00000000000000
    1     -1     64965.0000000000       0.00000000000000       0.00000000000000       0.00000000000000
    1     -1     64965.0000000000      -0.16929598082629       0.55309904690073      -0.15943749393906
    1     -1     64966.0000000000      -0.16929598082629       0.55309904690073      -0.15943749393906
    1     -1     64967.0000000000      -0.16929598082629       0.55309904690073      -0.15943749393906
    1     -1     64967.0000000000       0.00000000000000       0.00000000000000       0.00000000000000
    1     -1     64967.0000000000       0.00000000000000       0.00000000000000       0.00000000000000
    1     -1     64967.0000000000      -0.17005379374306       0.55277766036739      -0.15974531201993
    1     -1     64968.0000000000      -0.17005379374306       0.55277766036739      -0.15974531201993
    1     -1     64969.0000000000      -0.17005379374306       0.55277766036739      -0.15974531201993
    1     -1     64969.0000000000       0.00000000000000       0.00000000000000       0.00000000000000
    1     -1     64969.0000000000       0.00000000000000       0.00000000000000       0.00000000000000
    1     -1     64969.0000000000      -0.17077506892838       0.55246690823810      -0.16005058704778
    1     -1     64970.0000000000      -0.17077506892838       0.55246690823810      -0.16005058704778
    1     -1     64971.0000000000      -0.17077506892838       0.55246690823810      -0.16005058704778
    1     -1     64971.0000000000       0.00000000000000       0.00000000000000       0.00000000000000
    1     -1     64971.0000000000       0.00000000000000       0.00000000000000       0.00000000000000
    1     -1     64971.0000000000      -0.17145926732993       0.55216713885020      -0.16035326532588
    1     -1     64972.0000000000      -0.17145926732993       0.55216713885020      -0.16035326532588
    1     -1     64973.0000000000      -0.17145926732993       0.55216713885020      -0.16035326532588
    1     -1     64973.0000000000       0.00000000000000       0.00000000000000       0.00000000000000
    1     -1     64973.0000000000       0.00000000000000       0.00000000000000       0.00000000000000
    1     -1     64973.0000000000      -0.17210584216171       0.55187869986203      -0.16065328820913
    1     -1     64974.0000000000      -0.17210584216171       0.55187869986203      -0.16065328820913
    1     -1     64975.0000000000      -0.17210584216171       0.55187869986203      -0.16065328820913
    1     -1     64975.0000000000       0.00000000000000       0.00000000000000       0.00000000000000
    1     -1     64975.0000000000       0.00000000000000       0.00000000000000       0.00000000000000
    1     -1     64975.0000000000      -0.17271423902105       0.55160193786684      -0.16095059198688
    1     -1     64976.0000000000      -0.17271423902105       0.55160193786684      -0.16095059198688
    1     -1     64977.0000000000      -0.17271423902105       0.55160193786684      -0.16095059198688
    1     -1     64977.0000000000       0.00000000000000       0.00000000000000       0.00000000000000
    1     -1     64977.0000000000       0.00000000000000       0.00000000000000       0.00000000000000
    1     -1     64977.0000000000      -0.17328389626688       0.55133719795057      -0.16124510761752
    1     -1     64978.0000000000      -0.17328389626688       0.55133719795057      -0.16124510761752
    1     -1     64979.0000000000      -0.17328389626688       0.55133719795057      -0.16124510761752
    1     -1     64979.0000000000       0.00000000000000       0.00000000000000       0.00000000000000
    1     -1     64979.0000000000       0.00000000000000       0.00000000000000       0.00000000000000
    1     -1     64979.0000000000      -0.17381424506879       0.55108482327022      -0.16153676068436
    1     -1     64980.0000000000      -0.17381424506879       0.55108482327022      -0.16153676068436
    1     -1     64981.0000000000      -0.17381424506879       0.55108482327022      -0.16153676068436
    1     -1     64981.0000000000       0.00000000000000       0.00000000000000       0.00000000000000
    1     -1     64981.0000000000       0.00000000000000       0.00000000000000       0.00000000000000
    1     -1     64981.0000000000      -0.17430470985377       0.55084515456088      -0.16182547110883
    1     -1     64982.0000000000      -0.17430470985377       0.55084515456088      -0.16182547110883
    1     -1     64983.0000000000      -0.17430470985377       0.55084515456088      -0.16182547110883
    1     -1     64983.0000000000       0.00000000000000       0.00000000000000       0.00000000000000
    1     -1     64983.0000000000       0.00000000000000       0.00000000000000       0.00000000000000
    1     -1     64983.0000000000      -0.17475470839380       0.55061852966639      -0.16211115310868
    1     -1     64984.0000000000      -0.17475470839380       0.55061852966639      -0.16211115310868
    1     -1     64985.0000000000      -0.17475470839380       0.55061852966639      -0.16211115310868
    1     -1     64985.0000000000       0.00000000000000       0.00000000000000       0.00000000000000
    1     -1     64985.0000000000       0.00000000000000       0.00000000000000       0.00000000000000
    1     -1     64985.0000000000      -0.17516365222759       0.55040528300499      -0.16239371495992
    1     -1     64986.0000000000      -0.17516365222759       0.55040528300499      -0.16239371495992
    1     -1     64987.0000000000      -0.17516365222759       0.55040528300499      -0.16239371495992
    1     -1     64987.0000000000       0.00000000000000       0.00000000000000       0.00000000000000
    1     -1     64987.0000000000       0.00000000000000       0.00000000000000       0.00000000000000
    1     -1     64987.0000000000      -0.17553094708408       0.55020574501173      -0.16267305877696
    1     -1     64988.0000000000      -0.17553094708408       0.55020574501173      -0.16267305877696
    1     -1     64989.0000000000      -0.17553094708408       0.55020574501173      -0.16267305877696
    1     -1     64989.0000000000       0.00000000000000       0.00000000000000       0.00000000000000
    1     -1     64989.0000000000       0.00000000000000       0.00000000000000       0.00000000000000
    1     -1     64989.0000000000      -0.17585599307347       0.55002024159036      -0.16294908045470
    1     -1     64990.0000000000      -0.17585599307347       0.55002024159036      -0.16294908045470
    1     -1     64991.0000000000      -0.17585599307347       0.55002024159036      -0.16294908045470
    1     -1     64991.0000000000       0.00000000000000       0.00000000000000       0.00000000000000
    1     -1     64991.0000000000       0.00000000000000       0.00000000000000       0.00000000000000
    1     -1     64991.0000000000      -0.17613818524821       0.54984909349378      -0.16322166939944
    1     -1     64992.0000000000      -0.17613818524821       0.54984909349378      -0.16322166939944
    1     -1     64993.0000000000      -0.17613818524821       0.54984909349378      -0.16322166939944
    1     -1     64993.0000000000       0.00000000000000       0.00000000000000       0.00000000000000
    1     -1     64993.0000000000       0.00000000000000       0.00000000000000       0.00000000000000
    1     -1     64993.0000000000      -0.17637691403114       0.54969261569897      -0.16349070836862
    1     -1     64994.0000000000      -0.17637691403114       0.54969261569897      -0.16349070836862
    1     -1     64995.0000000000      -0.17637691403114       0.54969261569897      -0.16349070836862
    1     -1     64995.0000000000       0.00000000000000       0.00000000000000       0.00000000000000
    1     -1     64995.0000000000       0.00000000000000       0.00000000000000       0.00000000000000
    1     -1     64995.0000000000      -0.17657156573742       0.54955111674788      -0.16375607327423
    1     -1     64996.0000000000      -0.17657156573742       0.54955111674788      -0.16375607327423
    1     -1     64997.0000000000      -0.17657156573742       0.54955111674788      -0.16375607327423
    1     -1     64997.0000000000       0.00000000000000       0.00000000000000       0.00000000000000
    1     -1     64997.0000000000       0.00000000000000       0.00000000000000       0.00000000000000
    1     -1     64997.0000000000      -0.17672152317626       0.54942489805831      -0.16401763295415
    1     -1     64998.0000000000      -0.17672152317626       0.54942489805831      -0.16401763295415
    1     -1     64999.0000000000      -0.17672152317626       0.54942489805831      -0.16401763295415
    1     -1     64999.0000000000       0.00000000000000       0.00000000000000       0.00000000000000
    1     -1     64999.0000000000       0.00000000000000       0.00000000000000       0.00000000000000
    1     -1     64999.0000000000      -0.17682616618609       0.54931425322299      -0.16427524901213
    1     -1     65000.0000000000      -0.17682616618609       0.54931425322299      -0.16427524901213
    1     -1     65001.0000000000      -0.17682616618609       0.54931425322299      -0.16427524901213
    1     -1     65001.0000000000       0.00000000000000       0.00000000000000       0.00000000000000
    1     -1     65001.0000000000       0.00000000000000       0.00000000000000       0.00000000000000
    1     -1     65001.0000000000      -0.17688487238110       0.54921946726777      -0.16452877552828
    1     -1     65002.0000000000      -0.17688487238110       0.54921946726777      -0.16452877552828
    1     -1     65003.0000000000      -0.17688487238110       0.54921946726777      -0.16452877552828
    1     -1     65003.0000000000       0.00000000000000       0.00000000000000       0.00000000000000
    1     -1     65003.0000000000       0.00000000000000       0.00000000000000       0.00000000000000
    1     -1     65003.0000000000      -0.17689701764233       0.54914081593284      -0.16477805893341
    1     -1     65004.0000000000      -0.17689701764233       0.54914081593284      -0.16477805893341
    1     -1     65005.0000000000      -0.17689701764233       0.54914081593284      -0.16477805893341
    1     -1     65005.0000000000       0.00000000000000       0.00000000000000       0.00000000000000
    1     -1     65005.0000000000       0.00000000000000       0.00000000000000       0.00000000000000
    1     -1     65005.0000000000      -0.17686197662494       0.54907856494410      -0.16502293787000
    1     -1     65006.0000000000      -0.17686197662494       0.54907856494410      -0.16502293787000
    1     -1     65007.0000000000      -0.17686197662494       0.54907856494410      -0.16502293787000
    1     -1     65007.0000000000       0.00000000000000       0.00000000000000       0.00000000000000
    1     -1     65007.0000000000       0.00000000000000       0.00000000000000       0.00000000000000
    1     -1     65007.0000000000      -0.17677912292333       0.54903296931875      -0.16526324328021
    1     -1     65008.0000000000      -0.17677912292333       0.54903296931875      -0.16526324328021
    1     -1     65009.0000000000      -0.17677912292333       0.54903296931875      -0.16526324328021
    1     -1     65009.0000000000       0.00000000000000       0.00000000000000       0.00000000000000
    1     -1     65009.0000000000       0.00000000000000       0.00000000000000       0.00000000000000
    1     -1     65009.0000000000      -0.17664782906375       0.54900427266327      -0.16549879868004
    1     -1     65010.0000000000      -0.17664782906375       0.54900427266327      -0.16549879868004
    1     -1     65011.0000000000      -0.17664782906375       0.54900427266327      -0.16549879868004
    1     -1     65011.0000000000       0.00000000000000       0.00000000000000       0.00000000000000
    1     -1     65011.0000000000       0.00000000000000       0.00000000000000       0.00000000000000
    1     -1     65011.0000000000      -0.17646746658371       0.54899270637463      -0.16572942063794
    1     -1     65012.0000000000      -0.17646746658371       0.54899270637463      -0.16572942063794
    1     -1     65013.0000000000      -0.17646746658371       0.54899270637463      -0.16572942063794
    1     -1     65013.0000000000       0.00000000000000       0.00000000000000       0.00000000000000
    1     -1     65013.0000000000       0.00000000000000       0.00000000000000       0.00000000000000
    1     -1     65013.0000000000      -0.17623740722922       0.54899848857575      -0.16595491892277
    1     -1     65014.0000000000      -0.17623740722922       0.54899848857575      -0.16595491892277
    1     -1     65015.0000000000      -0.17623740722922       0.54899848857575      -0.16595491892277
    1     -1     65015.0000000000       0.00000000000000       0.00000000000000       0.00000000000000
    1     -1     65015.0000000000       0.00000000000000       0.00000000000000       0.00000000000000
    1     -1     65015.0000000000      -0.17595702598821       0.54902182261520      -0.16617509614159
    1     -1     65016.0000000000      -0.17595702598821       0.54902182261520      -0.16617509614159
    1     -1     65017.0000000000      -0.17595702598821       0.54902182261520      -0.16617509614159
    1     -1     65017.0000000000       0.00000000000000       0.00000000000000       0.00000000000000
    1     -1     65017.0000000000       0.00000000000000       0.00000000000000       0.00000000000000
    1     -1     65017.0000000000      -0.17571471233921       0.54905044179641      -0.16633686155123
    1     -1     65018.0000000000      -0.17571471233921       0.54905044179641      -0.16633686155123
    1     -1     65018.0000000000       0.00000000000000       0.00000000000000       0.00000000000000
    1   6369     65018.0000000000      254132491.159165859      291064127.465247393      -15734709.217684567      -14.0437249081114       13.0545865099862       -1.3697973255390        2549.5662631042
    1   6369     65018.0000000000      254132491.159165859      291064127.465247393      -15734709.217684567      -14.0437249081114       13.0545865099862       -1.3697973255390        2509.5662631042
    1     -1     65018.0000000000       0.00000000000000       0.00000000000000       0.00000000000000
    1     -1     65018.0000000000      -0.45014056216342      -0.37777542955050      -0.12107517665952
    1     -1     65019.0000000000      -0.45014056216342      -0.37777542955050      -0.12107517665952
    1     -1     65020.0000000000      -0.45014056216342      -0.37777542955050      -0.12107517665952
    1     -1     65020.0000000000       0.00000000000000       0.00000000000000       0.00000000000000
    1     -1     65020.0000000000       0.00000000000000       0.00000000000000       0.00000000000000
    1     -1     65020.0000000000      -0.45337883241612      -0.37494847325700      -0.11773392034261
    1     -1     65021.0000000000      -0.45337883241612      -0.37494847325700      -0.11773392034261
    1     -1     65022.0000000000      -0.45337883241612      -0.37494847325700      -0.11773392034261
    1     -1     65022.0000000000       0.00000000000000       0.00000000000000       0.00000000000000
    1     -1     65022.0000000000       0.00000000000000       0.00000000000000       0.00000000000000
    1     -1     65022.0000000000      -0.45676815569698      -0.37193196154695      -0.11414669159033
    1     -1     65023.0000000000      -0.45676815569698      -0.37193196154695      -0.11414669159033
    1     -1     65024.0000000000      -0.45676815569698      -0.37193196154695      -0.11414669159033
    1     -1     65024.0000000000       0.00000000000000       0.00000000000000       0.00000000000000
    1     -1     65024.0000000000       0.00000000000000       0.00000000000000       0.00000000000000
    1     -1     65024.0000000000      -0.46031610089056      -0.36870674793376      -0.11029243205688
    1     -1     65025.0000000000      -0.46031610089056      -0.36870674793376      -0.11029243205688
    1     -1     65026.0000000000      -0.46031610089056      -0.36870674793376      -0.11029243205688
    1     -1     65026.0000000000       0.00000000000000       0.00000000000000       0.00000000000000
    1     -1     65026.0000000000       0.00000000000000       0.00000000000000       0.00000000000000
    1     -1     65026.0000000000      -0.46403051610075      -0.36525108655121      -0.10614764802121
    1     -1     65027.0000000000      -0.46403051610075      -0.36525108655121      -0.10614764802121
    1     -1     65028.0000000000      -0.46403051610075      -0.36525108655121      -0.10614764802121
    1     -1     65028.0000000000       0.00000000000000       0.00000000000000       0.00000000000000
    1     -1     65028.0000000000       0.00000000000000       0.00000000000000       0.00000000000000
    1     -1     65028.0000000000      -0.46791945132134      -0.36154021679218      -0.10168607572820
    1     -1     65029.0000000000      -0.46791945132134      -0.36154021679218      -0.10168607572820
    1     -1     65030.0000000000      -0.46791945132134      -0.36154021679218      -0.10168607572820
    1     -1     65030.0000000000       0.00000000000000       0.00000000000000       0.00000000000000
    1     -1     65030.0000000000       0.00000000000000       0.00000000000000       0.00000000000000
    1     -1     65030.0000000000      -0.47199104191810      -0.35754587276282      -0.09687829735983
    1     -1     65031.0000000000      -0.47199104191810      -0.35754587276282      -0.09687829735983
    1     -1     65032.0000000000      -0.47199104191810      -0.35754587276282      -0.09687829735983
    1     -1     65032.0000000000       0.00000000000000       0.00000000000000       0.00000000000000
    1     -1     65032.0000000000       0.00000000000000       0.00000000000000       0.00000000000000
    1     -1     65032.0000000000      -0.47625333882228      -0.35323570295919      -0.09169130108989
    1     -1     65033.0000000000      -0.47625333882228      -0.35323570295919      -0.09169130108989
    1     -1     65034.0000000000      -0.47625333882228      -0.35323570295919      -0.09169130108989
    1     -1     65034.0000000000       0.00000000000000       0.00000000000000       0.00000000000000
    1     -1     65034.0000000000       0.00000000000000       0.00000000000000       0.00000000000000
    1     -1     65034.0000000000      -0.48071406705315      -0.34857258230520      -0.08608797757122
    1     -1     65035.0000000000      -0.48071406705315      -0.34857258230520      -0.08608797757122
    1     -1     65036.0000000000      -0.48071406705315      -0.34857258230520      -0.08608797757122
    1     -1     65036.0000000000       0.00000000000000       0.00000000000000       0.00000000000000
    1     -1     65036.0000000000       0.00000000000000       0.00000000000000       0.00000000000000
    1     -1     65036.0000000000      -0.48538028920327      -0.34351379377750      -0.08002654320623
    1     -1     65037.0000000000      -0.48538028920327      -0.34351379377750      -0.08002654320623
    1     -1     65038.0000000000      -0.48538028920327      -0.34351379377750      -0.08002654320623
    1     -1     65038.0000000000       0.00000000000000       0.00000000000000       0.00000000000000
    1     -1     65038.0000000000       0.00000000000000       0.00000000000000       0.00000000000000
    1     -1     65038.0000000000      -0.49025789505951      -0.33801010617012      -0.07345994649253
    1     -1     65039.0000000000      -0.49025789505951      -0.33801010617012      -0.07345994649253
    1     -1     65040.0000000000      -0.49025789505951      -0.33801010617012      -0.07345994649253
    1     -1     65040.0000000000       0.00000000000000       0.00000000000000       0.00000000000000
    1     -1     65040.0000000000       0.00000000000000       0.00000000000000       0.00000000000000
    1     -1     65040.0000000000      -0.49535095051694      -0.33200464229246      -0.06633515356293
    1     -1     65041.0000000000      -0.49535095051694      -0.33200464229246      -0.06633515356293
    1     -1     65042.0000000000      -0.49535095051694      -0.33200464229246      -0.06633515356293
    1     -1     65042.0000000000       0.00000000000000       0.00000000000000       0.00000000000000
    1     -1     65042.0000000000       0.00000000000000       0.00000000000000       0.00000000000000
    1     -1     65042.0000000000      -0.50066095251107      -0.32543136142982      -0.05859214033160
    1     -1     65043.0000000000      -0.50066095251107      -0.32543136142982      -0.05859214033160
    1     -1     65044.0000000000      -0.50066095251107      -0.32543136142982      -0.05859214033160
    1     -1     65044.0000000000       0.00000000000000       0.00000000000000       0.00000000000000
    1     -1     65044.0000000000       0.00000000000000       0.00000000000000       0.00000000000000
    1     -1     65044.0000000000      -0.21642244892565      -0.13605432446769      -0.02144781813500
    1     -1     65045.0000000000      -0.21642244892565      -0.13605432446769      -0.02144781813500
    1     -1     65046.0000000000      -0.21642244892565      -0.13605432446769      -0.02144781813500
    1     -1     65046.0000000000       0.00000000000000       0.00000000000000       0.00000000000000
    1     -1     65122.0000000000       0.00000000000000       0.00000000000000       0.00000000000000
    1     -1     65122.0000000000       0.01125478590425       0.06123056604264       0.04884207599693
    1     -1     65123.0000000000       0.01125478590425       0.06123056604264       0.04884207599693
    1     -1     65124.0000000000       0.01125478590425       0.06123056604264       0.04884207599693
    1     -1     65124.0000000000       0.00000000000000       0.00000000000000       0.00000000000000
    1     -1     65124.0000000000       0.00000000000000       0.00000000000000       0.00000000000000
    1     -1     65124.0000000000       0.09683098013599       0.46559411878889       0.36584952796894
    1     -1     65125.0000000000       0.09683098013599       0.46559411878889       0.36584952796894
    1     -1     65126.0000000000       0.09683098013599       0.46559411878889       0.36584952796894
    1     -1     65126.0000000000       0.00000000000000       0.00000000000000       0.00000000000000
    1     -1     65126.0000000000       0.00000000000000       0.00000000000000       0.00000000000000
    1     -1     65126.0000000000       0.10742430602190       0.46665999092751       0.36150860380253
    1     -1     65127.0000000000       0.10742430602190       0.46665999092751       0.36150860380253
    1     -1     65128.0000000000       0.10742430602190       0.46665999092751       0.36150860380253
    1     -1     65128.0000000000       0.00000000000000       0.00000000000000       0.00000000000000
    1     -1     65128.0000000000       0.00000000000000       0.00000000000000       0.00000000000000
    1     -1     65128.0000000000       0.11721022644690       0.46752660720497       0.35732426960910
    1     -1     65129.0000000000       0.11721022644690       0.46752660720497       0.35732426960910
    1     -1     65130.0000000000       0.11721022644690       0.46752660720497       0.35732426960910
    1     -1     65130.0000000000       0.00000000000000       0.00000000000000       0.00000000000000
    1     -1     65130.0000000000       0.00000000000000       0.00000000000000       0.00000000000000
    1     -1     65130.0000000000       0.12626782033773       0.46823072178785       0.35329368519857
    1     -1     65131.0000000000       0.12626782033773       0.46823072178785       0.35329368519857
    1     -1     65132.0000000000       0.12626782033773       0.46823072178785       0.35329368519857
    1     -1     65132.0000000000       0.00000000000000       0.00000000000000       0.00000000000000
    1     -1     65132.0000000000       0.00000000000000       0.00000000000000       0.00000000000000
    1     -1     65132.0000000000       0.13466707467729       0.46880254715380       0.34941229237102
    1     -1     65133.0000000000       0.13466707467729       0.46880254715380       0.34941229237102
    1     -1     65134.0000000000       0.13466707467729       0.46880254715380       0.34941229237102
    1     -1     65134.0000000000       0.00000000000000       0.00000000000000       0.00000000000000
    1     -1     65134.0000000000       0.00000000000000       0.00000000000000       0.00000000000000
    1     -1     65134.0000000000       0.14246994983737       0.46926698225076       0.34567443070409
    1     -1     65135.0000000000       0.14246994983737       0.46926698225076       0.34567443070409
    1     -1     65136.0000000000       0.14246994983737       0.46926698225076       0.34567443070409
    1     -1     65136.0000000000       0.00000000000000       0.00000000000000       0.00000000000000
    1     -1     65136.0000000000       0.00000000000000       0.00000000000000       0.00000000000000
    1     -1     65136.0000000000       0.14973134793712       0.46964460116487       0.34207378052348
    1     -1     65137.0000000000       0.14973134793712       0.46964460116487       0.34207378052348
    1     -1     65138.0000000000       0.14973134793712       0.46964460116487       0.34207378052348
    1     -1     65138.0000000000       0.00000000000000       0.00000000000000       0.00000000000000
    1     -1     65138.0000000000       0.00000000000000       0.00000000000000       0.00000000000000
    1     -1     65138.0000000000       0.15649997666564       0.46995244828787       0.33860368121433
    1     -1     65139.0000000000       0.15649997666564       0.46995244828787       0.33860368121433
    1     -1     65140.0000000000       0.15649997666564       0.46995244828787       0.33860368121433
    1     -1     65140.0000000000       0.00000000000000       0.00000000000000       0.00000000000000
    1     -1     65140.0000000000       0.00000000000000       0.00000000000000       0.00000000000000
    1     -1     65140.0000000000       0.16281911244525       0.47020467894550       0.33525735756327
    1     -1     65141.0000000000       0.16281911244525       0.47020467894550       0.33525735756327
    1     -1     65142.0000000000       0.16281911244525       0.47020467894550       0.33525735756327
    1     -1     65142.0000000000       0.00000000000000       0.00000000000000       0.00000000000000
    1     -1     65142.0000000000       0.00000000000000       0.00000000000000       0.00000000000000
    1     -1     65142.0000000000       0.16872727046420       0.47041307666951       0.33202807830065
    1     -1     65143.0000000000       0.16872727046420       0.47041307666951       0.33202807830065
    1     -1     65144.0000000000       0.16872727046420       0.47041307666951       0.33202807830065
    1     -1     65144.0000000000       0.00000000000000       0.00000000000000       0.00000000000000
    1     -1     65144.0000000000       0.00000000000000       0.00000000000000       0.00000000000000
    1     -1     65144.0000000000       0.17425879041565       0.47058747190081       0.32890926489365
    1     -1     65145.0000000000       0.17425879041565       0.47058747190081       0.32890926489365
    1     -1     65146.0000000000       0.17425879041565       0.47058747190081       0.32890926489365
    1     -1     65146.0000000000       0.00000000000000       0.00000000000000       0.00000000000000
    1     -1     65146.0000000000       0.00000000000000       0.00000000000000       0.00000000000000
    1     -1     65146.0000000000       0.17944434719368       0.47073608182544       0.32589456394341
    1     -1     65147.0000000000       0.17944434719368       0.47073608182544       0.32589456394341
    1     -1     65148.0000000000       0.17944434719368       0.47073608182544       0.32589456394341
    1     -1     65148.0000000000       0.00000000000000       0.00000000000000       0.00000000000000
    1     -1     65148.0000000000       0.00000000000000       0.00000000000000       0.00000000000000
    1     -1     65148.0000000000       0.18431139547254       0.47086578699429       0.32297789307817
    1     -1     65149.0000000000       0.18431139547254       0.47086578699429       0.32297789307817
    1     -1     65150.0000000000       0.18431139547254       0.47086578699429       0.32297789307817
    1     -1     65150.0000000000       0.00000000000000       0.00000000000000       0.00000000000000
    1     -1     65150.0000000000       0.00000000000000       0.00000000000000       0.00000000000000
    1     -1     65150.0000000000       0.18888455649363       0.47098235715942       0.32015346764132
    1     -1     65151.0000000000       0.18888455649363       0.47098235715942       0.32015346764132
    1     -1     65152.0000000000       0.18888455649363       0.47098235715942       0.32015346764132
    1     -1     65152.0000000000       0.00000000000000       0.00000000000000       0.00000000000000
    1     -1     65152.0000000000       0.00000000000000       0.00000000000000       0.00000000000000
    1     -1     65152.0000000000       0.19318595450607       0.47109063620389       0.31741581363031
    1     -1     65153.0000000000       0.19318595450607       0.47109063620389       0.31741581363031
    1     -1     65154.0000000000       0.19318595450607       0.47109063620389       0.31741581363031
    1     -1     65154.0000000000       0.00000000000000       0.00000000000000       0.00000000000000
    1     -1     65154.0000000000       0.00000000000000       0.00000000000000       0.00000000000000
    1     -1     65154.0000000000       0.19723550967653       0.47119469403145       0.31475977080822
    1     -1     65155.0000000000       0.19723550967653       0.47119469403145       0.31475977080822
    1     -1     65156.0000000000       0.19723550967653       0.47119469403145       0.31475977080822
    1     -1     65156.0000000000       0.00000000000000       0.00000000000000       0.00000000000000
    1     -1     65156.0000000000       0.00000000000000       0.00000000000000       0.00000000000000
    1     -1     65156.0000000000       0.20105119307779       0.47129795170985       0.31218048907018
    1     -1     65157.0000000000       0.20105119307779       0.47129795170985       0.31218048907018
    1     -1     65158.0000000000       0.20105119307779       0.47129795170985       0.31218048907018
    1     -1     65158.0000000000       0.00000000000000       0.00000000000000       0.00000000000000
    1     -1     65158.0000000000       0.00000000000000       0.00000000000000       0.00000000000000
    1     -1     65158.0000000000       0.20464924925803       0.47140328487754       0.30967342001662
    1     -1     65159.0000000000       0.20464924925803       0.47140328487754       0.30967342001662
    1     -1     65160.0000000000       0.20464924925803       0.47140328487754       0.30967342001662
    1     -1     65160.0000000000       0.00000000000000       0.00000000000000       0.00000000000000
    1     -1     65160.0000000000       0.00000000000000       0.00000000000000       0.00000000000000
    1     -1     65160.0000000000       0.20804439041438       0.47151310944543       0.30723430556859
    1     -1     65161.0000000000       0.20804439041438       0.47151310944543       0.30723430556859
    1     -1     65162.0000000000       0.20804439041438       0.47151310944543       0.30723430556859
    1     -1     65162.0000000000       0.00000000000000       0.00000000000000       0.00000000000000
    1     -1     65162.0000000000       0.00000000000000       0.00000000000000       0.00000000000000
    1     -1     65162.0000000000       0.21124996632230       0.47162945283097       0.30485916458454
    1     -1     65163.0000000000       0.21124996632230       0.47162945283097       0.30485916458454
    1     -1     65164.0000000000       0.21124996632230       0.47162945283097       0.30485916458454
    1     -1     65164.0000000000       0.00000000000000       0.00000000000000       0.00000000000000
    1     -1     65164.0000000000       0.00000000000000       0.00000000000000       0.00000000000000
    1     -1     65164.0000000000       0.21427811305922       0.47175401334864       0.30254427846718
    1     -1     65165.0000000000       0.21427811305922       0.47175401334864       0.30254427846718
    1     -1     65166.0000000000       0.21427811305922       0.47175401334864       0.30254427846718
    1     -1     65166.0000000000       0.00000000000000       0.00000000000000       0.00000000000000
    1     -1     65166.0000000000       0.00000000000000       0.00000000000000       0.00000000000000
    1     -1     65166.0000000000       0.21713988361551       0.47188820985829       0.30028617620560
    1     -1     65167.0000000000       0.21713988361551       0.47188820985829       0.30028617620560
    1     -1     65168.0000000000       0.21713988361551       0.47188820985829       0.30028617620560
    1     -1     65168.0000000000       0.00000000000000       0.00000000000000       0.00000000000000
    1    389     65168.0000000000       32131199.102757283      394079342.996949613      -29468667.847620189      -18.5347768047400        3.2539522813456       -0.2565860545740        2415.5789563242
    1    389     65168.0000000000       32131199.102757283      394079342.996949613      -29468667.847620189      -18.5347768047400        3.2539522813456       -0.2565860545740        2375.5789563242
    1     -1     65168.0000000000       0.00000000000000       0.00000000000000       0.00000000000000
    1     -1     65168.0000000000      -0.44498432614301       0.08790105904782       0.39276246330998
    1     -1     65169.0000000000      -0.44498432614301       0.08790105904782       0.39276246330998
    1     -1     65170.0000000000      -0.44498432614301       0.08790105904782       0.39276246330998
    1     -1     65170.0000000000       0.00000000000000       0.00000000000000       0.00000000000000
    1     -1     65170.0000000000       0.00000000000000       0.00000000000000       0.00000000000000
    1     -1     65170.0000000000      -0.44569065002692       0.08685768277296       0.39219330272442
    1     -1     65171.0000000000      -0.44569065002692       0.08685768277296       0.39219330272442
    1     -1     65172.0000000000      -0.44569065002692       0.08685768277296       0.39219330272442
    1     -1     65172.0000000000       0.00000000000000       0.00000000000000       0.00000000000000
    1     -1     65172.0000000000       0.00000000000000       0.00000000000000       0.00000000000000
    1     -1     65172.0000000000      -0.44641680643065       0.08578515405672       0.39160304079479
    1     -1     65173.0000000000      -0.44641680643065       0.08578515405672       0.39160304079479
    1     -1     65174.0000000000      -0.44641680643065       0.08578515405672       0.39160304079479
    1     -1     65174.0000000000       0.00000000000000       0.00000000000000       0.00000000000000
    1     -1     65174.0000000000       0.00000000000000       0.00000000000000       0.00000000000000
    1     -1     65174.0000000000      -0.44716370473691       0.08468238558965       0.39099042701427
    1     -1     65175.0000000000      -0.44716370473691       0.08468238558965       0.39099042701427
    1     -1     65176.0000000000      -0.44716370473691       0.08468238558965       0.39099042701427
    1     -1     65176.0000000000       0.00000000000000       0.00000000000000       0.00000000000000
    1     -1     65176.0000000000       0.00000000000000       0.00000000000000       0.00000000000000
    1     -1     65176.0000000000      -0.44793240180826       0.08354796436907       0.39035407047970
    1     -1     65177.0000000000      -0.44793240180826       0.08354796436907       0.39035407047970
    1     -1     65178.0000000000      -0.44793240180826       0.08354796436907       0.39035407047970
    1     -1     65178.0000000000       0.00000000000000       0.00000000000000       0.00000000000000
    1     -1     65178.0000000000       0.00000000000000       0.00000000000000       0.00000000000000
    1     -1     65178.0000000000      -0.44872396895571       0.08238049736455       0.38969251034450
    1     -1     65179.0000000000      -0.44872396895571       0.08238049736455       0.38969251034450
    1     -1     65180.0000000000      -0.44872396895571       0.08238049736455       0.38969251034450
    1     -1     65180.0000000000       0.00000000000000       0.00000000000000       0.00000000000000
    1     -1     65180.0000000000       0.00000000000000       0.00000000000000       0.00000000000000
    1     -1     65180.0000000000      -0.44953954989460       0.08117846820692       0.38900417563330
    1     -1     65181.0000000000      -0.44953954989460       0.08117846820692       0.38900417563330
    1     -1     65182.0000000000      -0.44953954989460       0.08117846820692       0.38900417563330
    1     -1     65182.0000000000       0.00000000000000       0.00000000000000       0.00000000000000
    1     -1     65182.0000000000       0.00000000000000       0.00000000000000       0.00000000000000
    1     -1     65182.0000000000      -0.45038037138650       0.07994021442323       0.38828737098665
    1     -1     65183.0000000000      -0.45038037138650       0.07994021442323       0.38828737098665
    1     -1     65184.0000000000      -0.45038037138650       0.07994021442323       0.38828737098665
    1     -1     65184.0000000000       0.00000000000000       0.00000000000000       0.00000000000000
    1     -1     65184.0000000000       0.00000000000000       0.00000000000000       0.00000000000000
    1     -1     65184.0000000000      -0.45124774777190       0.07866391726388       0.38754026569054
    1     -1     65185.0000000000      -0.45124774777190       0.07866391726388       0.38754026569054
    1     -1     65186.0000000000      -0.45124774777190       0.07866391726388       0.38754026569054
    1     -1     65186.0000000000       0.00000000000000       0.00000000000000       0.00000000000000
    1     -1     65186.0000000000       0.00000000000000       0.00000000000000       0.00000000000000
    1     -1     65186.0000000000      -0.45214309092603       0.07734758861083       0.38676087592199
    1     -1     65187.0000000000      -0.45214309092603       0.07734758861083       0.38676087592199
    1     -1     65188.0000000000      -0.45214309092603       0.07734758861083       0.38676087592199
    1     -1     65188.0000000000       0.00000000000000       0.00000000000000       0.00000000000000
    1     -1     65188.0000000000       0.00000000000000       0.00000000000000       0.00000000000000
    1     -1     65188.0000000000      -0.45306794664297       0.07598904149486       0.38594701783718
    1     -1     65189.0000000000      -0.45306794664297       0.07598904149486       0.38594701783718
    1     -1     65190.0000000000      -0.45306794664297       0.07598904149486       0.38594701783718
    1     -1     65190.0000000000       0.00000000000000       0.00000000000000       0.00000000000000
    1     -1     65190.0000000000       0.00000000000000       0.00000000000000       0.00000000000000
    1     -1     65190.0000000000      -0.45402397503347       0.07458594887619       0.38509630692211
    1     -1     65191.0000000000      -0.45402397503347       0.07458594887619       0.38509630692211
    1     -1     65192.0000000000      -0.45402397503347       0.07458594887619       0.38509630692211
    1     -1     65192.0000000000       0.00000000000000       0.00000000000000       0.00000000000000
    1     -1     65192.0000000000       0.00000000000000       0.00000000000000       0.00000000000000
    1     -1     65192.0000000000      -0.45501279536029       0.07313580018231       0.38420633788383
    1     -1     65193.0000000000      -0.45501279536029       0.07313580018231       0.38420633788383
    1     -1     65194.0000000000      -0.45501279536029       0.07313580018231       0.38420633788383
    1     -1     65194.0000000000       0.00000000000000       0.00000000000000       0.00000000000000
    1     -1     65194.0000000000       0.00000000000000       0.00000000000000       0.00000000000000
    1     -1     65194.0000000000      -0.45603629762646       0.07163543472536       0.38327439129019
    1     -1     65195.0000000000      -0.45603629762646       0.07163543472536       0.38327439129019
    1     -1     65196.0000000000      -0.45603629762646       0.07163543472536       0.38327439129019
    1     -1     65196.0000000000       0.00000000000000       0.00000000000000       0.00000000000000
    1     -1     65196.0000000000       0.00000000000000       0.00000000000000       0.00000000000000
    1     -1     65196.0000000000      -0.43675939030998       0.06696402151713       0.36528821361856
    1     -1     65197.0000000000      -0.43675939030998       0.06696402151713       0.36528821361856
    1     -1     65198.0000000000      -0.43675939030998       0.06696402151713       0.36528821361856
    1     -1     65198.0000000000       0.00000000000000       0.00000000000000       0.00000000000000
    1     -1     65374.0000000000       0.00000000000000       0.00000000000000       0.00000000000000
    1     -1     65374.0000000000       0.19482542988018      -0.10639254299912      -0.24762769857755
    1     -1     65375.0000000000       0.19482542988018      -0.10639254299912      -0.24762769857755
    1     -1     65376.0000000000       0.19482542988018      -0.10639254299912      -0.24762769857755
    1     -1     65376.0000000000       0.00000000000000       0.00000000000000       0.00000000000000
    1     -1     65376.0000000000       0.00000000000000       0.00000000000000       0.00000000000000
    1     -1     65376.0000000000       0.35316338423699      -0.19118636820403      -0.44578402385822
    1     -1     65377.0000000000       0.35316338423699      -0.19118636820403      -0.44578402385822
    1     -1     65378.0000000000       0.35316338423699      -0.19118636820403      -0.44578402385822
    1     -1     65378.0000000000       0.00000000000000       0.00000000000000       0.00000000000000
    1     -1     65378.0000000000       0.00000000000000       0.00000000000000       0.00000000000000
    1     -1     65378.0000000000       0.35476557723285      -0.19047896634297      -0.44481361025890
    1     -1     65379.0000000000       0.35476557723285      -0.19047896634297      -0.44481361025890
    1     -1     65380.0000000000       0.35476557723285      -0.19047896634297      -0.44481361025890
    1     -1     65380.0000000000       0.00000000000000       0.00000000000000       0.00000000000000
    1     -1     65380.0000000000       0.00000000000000       0.00000000000000       0.00000000000000
    1     -1     65380.0000000000       0.35631274946261      -0.18982671078030      -0.44385475521248
    1     -1     65381.0000000000       0.35631274946261      -0.18982671078030      -0.44385475521248
    1     -1     65382.0000000000       0.35631274946261      -0.18982671078030      -0.44385475521248
    1     -1     65382.0000000000       0.00000000000000       0.00000000000000       0.00000000000000
    1     -1     65382.0000000000       0.00000000000000       0.00000000000000       0.00000000000000
    1     -1     65382.0000000000       0.35780881109694      -0.18922680547412      -0.44290638973879
    1     -1     65383.0000000000       0.35780881109694      -0.18922680547412      -0.44290638973879
    1     -1     65384.0000000000       0.35780881109694      -0.18922680547412      -0.44290638973879
    1     -1     65384.0000000000       0.00000000000000       0.00000000000000       0.00000000000000
    1     -1     65384.0000000000       0.00000000000000       0.00000000000000       0.00000000000000
    1     -1     65384.0000000000       0.35925735700917      -0.18867659739184      -0.44196752404609
    1     -1     65385.0000000000       0.35925735700917      -0.18867659739184      -0.44196752404609
    1     -1     65386.0000000000       0.35925735700917      -0.18867659739184      -0.44196752404609
    1     -1     65386.0000000000       0.00000000000000       0.00000000000000       0.00000000000000
    1     -1     65386.0000000000       0.00000000000000       0.00000000000000       0.00000000000000
    1     -1     65386.0000000000       0.36066169728232      -0.18817361390024      -0.44103722113350
    1     -1     65387.0000000000       0.36066169728232      -0.18817361390024      -0.44103722113350
    1     -1     65388.0000000000       0.36066169728232      -0.18817361390024      -0.44103722113350
    1     -1     65388.0000000000       0.00000000000000       0.00000000000000       0.00000000000000
    1     -1     65388.0000000000       0.00000000000000       0.00000000000000       0.00000000000000
    1     -1     65388.0000000000       0.36202488141878      -0.18771554480076      -0.44011459729697
    1     -1     65389.0000000000       0.36202488141878      -0.18771554480076      -0.44011459729697
    1     -1     65390.0000000000       0.36202488141878      -0.18771554480076      -0.44011459729697
    1     -1     65390.0000000000       0.00000000000000       0.00000000000000       0.00000000000000
    1     -1     65390.0000000000       0.00000000000000       0.00000000000000       0.00000000000000
    1     -1     65390.0000000000       0.36334972404348      -0.18730023194564      -0.43919881651780
    1     -1     65391.0000000000       0.36334972404348      -0.18730023194564      -0.43919881651780
    1     -1     65392.0000000000       0.36334972404348      -0.18730023194564      -0.43919881651780
    1     -1     65392.0000000000       0.00000000000000       0.00000000000000       0.00000000000000
    1     -1     65392.0000000000       0.00000000000000       0.00000000000000       0.00000000000000
    1     -1     65392.0000000000       0.36463882737141      -0.18692565735119      -0.43828908665061
    1     -1     65393.0000000000       0.36463882737141      -0.18692565735119      -0.43828908665061
    1     -1     65394.0000000000       0.36463882737141      -0.18692565735119      -0.43828908665061
    1     -1     65394.0000000000       0.00000000000000       0.00000000000000       0.00000000000000
    1     -1     65394.0000000000       0.00000000000000       0.00000000000000       0.00000000000000
    1     -1     65394.0000000000       0.36589460086082      -0.18658993114378      -0.43738465672295
    1     -1     65395.0000000000       0.36589460086082      -0.18658993114378      -0.43738465672295
    1     -1     65396.0000000000       0.36589460086082      -0.18658993114378      -0.43738465672295
    1     -1     65396.0000000000       0.00000000000000       0.00000000000000       0.00000000000000
    1     -1     65396.0000000000       0.00000000000000       0.00000000000000       0.00000000000000
    1     -1     65396.0000000000       0.36711927867638      -0.18629128058489      -0.43648481449207
    1     -1     65397.0000000000       0.36711927867638      -0.18629128058489      -0.43648481449207
    1     -1     65398.0000000000       0.36711927867638      -0.18629128058489      -0.43648481449207
    1     -1     65398.0000000000       0.00000000000000       0.00000000000000       0.00000000000000
    1     -1     65398.0000000000       0.00000000000000       0.00000000000000       0.00000000000000
    1     -1     65398.0000000000       0.36831493534225      -0.18602804008787      -0.43558888413836
    1     -1     65399.0000000000       0.36831493534225      -0.18602804008787      -0.43558888413836
    1     -1     65400.0000000000       0.36831493534225      -0.18602804008787      -0.43558888413836
    1     -1     65400.0000000000       0.00000000000000       0.00000000000000       0.00000000000000
    1     -1     65400.0000000000       0.00000000000000       0.00000000000000       0.00000000000000
    1     -1     65400.0000000000       0.36948349969635      -0.18579864228183      -0.43469622411330
    1     -1     65401.0000000000       0.36948349969635      -0.18579864228183      -0.43469622411330
    1     -1     65402.0000000000       0.36948349969635      -0.18579864228183      -0.43469622411330
    1     -1     65402.0000000000       0.00000000000000       0.00000000000000       0.00000000000000
    1     -1     65402.0000000000       0.00000000000000       0.00000000000000       0.00000000000000
    1     -1     65402.0000000000       0.37062676742708      -0.18560160985983      -0.43380622513282
    1     -1     65403.0000000000       0.37062676742708      -0.18560160985983      -0.43380622513282
    1     -1     65404.0000000000       0.37062676742708      -0.18560160985983      -0.43380622513282
    1     -1     65404.0000000000       0.00000000000000       0.00000000000000       0.00000000000000
    1     -1     65404.0000000000       0.00000000000000       0.00000000000000       0.00000000000000
    1     -1     65404.0000000000       0.37174641233510      -0.18543554814911      -0.43291830831997
    1     -1     65405.0000000000       0.37174641233510      -0.18543554814911      -0.43291830831997
    1     -1     65406.0000000000       0.37174641233510      -0.18543554814911      -0.43291830831997
    1     -1     65406.0000000000       0.00000000000000       0.00000000000000       0.00000000000000
    1     -1     65406.0000000000       0.00000000000000       0.00000000000000       0.00000000000000
    1     -1     65406.0000000000       0.37284399643780      -0.18529913864652      -0.43203192337736
    1     -1     65407.0000000000       0.37284399643780      -0.18529913864652      -0.43203192337736
    1     -1     65408.0000000000       0.37284399643780      -0.18529913864652      -0.43203192337736
    1     -1     65408.0000000000       0.00000000000000       0.00000000000000       0.00000000000000
    1     -1     65408.0000000000       0.00000000000000       0.00000000000000       0.00000000000000
    1     -1     65408.0000000000       0.37392097911916      -0.18519113279546      -0.43114654699824
    1     -1     65409.0000000000       0.37392097911916      -0.18519113279546      -0.43114654699824
    1     -1     65410.0000000000       0.37392097911916      -0.18519113279546      -0.43114654699824
    1     -1     65410.0000000000       0.00000000000000       0.00000000000000       0.00000000000000
    1     -1     65410.0000000000       0.00000000000000       0.00000000000000       0.00000000000000
    1     -1     65410.0000000000       0.37497872534088      -0.18511034682526      -0.43026168121268
    1     -1     65411.0000000000       0.37497872534088      -0.18511034682526      -0.43026168121268
    1     -1     65412.0000000000       0.37497872534088      -0.18511034682526      -0.43026168121268
    1     -1     65412.0000000000       0.00000000000000       0.00000000000000       0.00000000000000
    1     -1     65412.0000000000       0.00000000000000       0.00000000000000       0.00000000000000
    1     -1     65412.0000000000       0.37601851312209      -0.18505565652692      -0.42937685202726
    1     -1     65413.0000000000       0.37601851312209      -0.18505565652692      -0.42937685202726
    1     -1     65414.0000000000       0.37601851312209      -0.18505565652692      -0.42937685202726
    1     -1     65414.0000000000       0.00000000000000       0.00000000000000       0.00000000000000
    1     -1     65414.0000000000       0.00000000000000       0.00000000000000       0.00000000000000
    1     -1     65414.0000000000       0.37704154028017      -0.18502599235629      -0.42849160824423
    1     -1     65415.0000000000       0.37704154028017      -0.18502599235629      -0.42849160824423
    1     -1     65416.0000000000       0.37704154028017      -0.18502599235629      -0.42849160824423
    1     -1     65416.0000000000       0.00000000000000       0.00000000000000       0.00000000000000
    1     -1     65416.0000000000       0.00000000000000       0.00000000000000       0.00000000000000
    1     -1     65416.0000000000       0.37804893048948      -0.18502033526556      -0.42760552028006
    1     -1     65417.0000000000       0.37804893048948      -0.18502033526556      -0.42760552028006
    1     -1     65418.0000000000       0.37804893048948      -0.18502033526556      -0.42760552028006
    1     -1     65418.0000000000       0.00000000000000       0.00000000000000       0.00000000000000
    1     -1     65418.0000000000       0.00000000000000       0.00000000000000       0.00000000000000
    1     -1     65418.0000000000       0.37904173875694      -0.18503771238133      -0.42671817931370
    1     -1     65419.0000000000       0.37904173875694      -0.18503771238133      -0.42671817931370
    1     -1     65420.0000000000       0.37904173875694      -0.18503771238133      -0.42671817931370
    1     -1     65420.0000000000       0.00000000000000       0.00000000000000       0.00000000000000
    1     -1     65420.0000000000       0.00000000000000       0.00000000000000       0.00000000000000
    1     -1     65420.0000000000       0.38002095658320      -0.18507719490533      -0.42582919552746
    1     -1     65421.0000000000       0.38002095658320      -0.18507719490533      -0.42582919552746
    1     -1     65422.0000000000       0.38002095658320      -0.18507719490533      -0.42582919552746
    1     -1     65422.0000000000       0.00000000000000       0.00000000000000       0.00000000000000
    1     -1     65422.0000000000       0.00000000000000       0.00000000000000       0.00000000000000
    1     -1     65422.0000000000       0.38098751697293      -0.18513789608829      -0.42493819623894
    1     -1     65423.0000000000       0.38098751697293      -0.18513789608829      -0.42493819623894
    1     -1     65424.0000000000       0.38098751697293      -0.18513789608829      -0.42493819623894
    1     -1     65424.0000000000       0.00000000000000       0.00000000000000       0.00000000000000
    1     -1     65424.0000000000       0.00000000000000       0.00000000000000       0.00000000000000
    1     -1     65424.0000000000       0.38194229923477      -0.18521896931722      -0.42404482397539
    1     -1     65425.0000000000       0.38194229923477      -0.18521896931722      -0.42404482397539
    1     -1     65426.0000000000       0.38194229923477      -0.18521896931722      -0.42404482397539
    1     -1     65426.0000000000       0.00000000000000       0.00000000000000       0.00000000000000
    1     -1     65426.0000000000       0.00000000000000       0.00000000000000       0.00000000000000
    1     -1     65426.0000000000       0.38288613281099      -0.18531960369142      -0.42314873634303
    1     -1     65427.0000000000       0.38288613281099      -0.18531960369142      -0.42314873634303
    1     -1     65428.0000000000       0.38288613281099      -0.18531960369142      -0.42314873634303
    1     -1     65428.0000000000       0.00000000000000       0.00000000000000       0.00000000000000
    1     -1     65428.0000000000       0.00000000000000       0.00000000000000       0.00000000000000
    1     -1     65428.0000000000       0.38381980008551      -0.18543901991916      -0.42224960655250
    1     -1     65429.0000000000       0.38381980008551      -0.18543901991916      -0.42224960655250
    1     -1     65430.0000000000       0.38381980008551      -0.18543901991916      -0.42224960655250
    1     -1     65430.0000000000       0.00000000000000       0.00000000000000       0.00000000000000
    1     -1     65430.0000000000       0.00000000000000       0.00000000000000       0.00000000000000
    1     -1     65430.0000000000       0.38474403896539      -0.18557646689586      -0.42134712375315
    1     -1     65431.0000000000       0.38474403896539      -0.18557646689586      -0.42134712375315
    1     -1     65432.0000000000       0.38474403896539      -0.18557646689586      -0.42134712375315
    1     -1     65432.0000000000       0.00000000000000       0.00000000000000       0.00000000000000
    1     -1     65432.0000000000       0.00000000000000       0.00000000000000       0.00000000000000
    1     -1     65432.0000000000       0.38565954570332      -0.18573122041698      -0.42044099211462
    1     -1     65433.0000000000       0.38565954570332      -0.18573122041698      -0.42044099211462
    1     -1     65434.0000000000       0.38565954570332      -0.18573122041698      -0.42044099211462
    1     -1     65434.0000000000       0.00000000000000       0.00000000000000       0.00000000000000
    1     -1     65434.0000000000       0.00000000000000       0.00000000000000       0.00000000000000
    1     -1     65434.0000000000       0.38656697798068      -0.18590258212645      -0.41953092946004
    1     -1     65435.0000000000       0.38656697798068      -0.18590258212645      -0.41953092946004
    1     -1     65436.0000000000       0.38656697798068      -0.18590258212645      -0.41953092946004
    1     -1     65436.0000000000       0.00000000000000       0.00000000000000       0.00000000000000
    1     -1     65436.0000000000       0.00000000000000       0.00000000000000       0.00000000000000
    1     -1     65436.0000000000       0.38746695768520      -0.18608987836476      -0.41861666611873
    1     -1     65437.0000000000       0.38746695768520      -0.18608987836476      -0.41861666611873
    1     -1     65438.0000000000       0.38746695768520      -0.18608987836476      -0.41861666611873
    1     -1     65438.0000000000       0.00000000000000       0.00000000000000       0.00000000000000
    1     -1     65438.0000000000       0.00000000000000       0.00000000000000       0.00000000000000
    1     -1     65438.0000000000       0.38836007336384      -0.18629245868012      -0.41769794413637
    1     -1     65439.0000000000       0.38836007336384      -0.18629245868012      -0.41769794413637
    1     -1     65440.0000000000       0.38836007336384      -0.18629245868012      -0.41769794413637
    1     -1     65440.0000000000       0.00000000000000       0.00000000000000       0.00000000000000
    1     -1     65440.0000000000       0.00000000000000       0.00000000000000       0.00000000000000
    1     -1     65440.0000000000       0.38924688233807      -0.18650969432891      -0.41677451672509
    1     -1     65441.0000000000       0.38924688233807      -0.18650969432891      -0.41677451672509
    1     -1     65442.0000000000       0.38924688233807      -0.18650969432891      -0.41677451672509
    1     -1     65442.0000000000       0.00000000000000       0.00000000000000       0.00000000000000
    1     -1     65442.0000000000       0.00000000000000       0.00000000000000       0.00000000000000
    1     -1     65442.0000000000       0.39012791264856      -0.18674097683082      -0.41584614778154
    1     -1     65443.0000000000       0.39012791264856      -0.18674097683082      -0.41584614778154
    1     -1     65444.0000000000       0.39012791264856      -0.18674097683082      -0.41584614778154
    1     -1     65444.0000000000       0.00000000000000       0.00000000000000       0.00000000000000
    1     -1     65444.0000000000       0.00000000000000       0.00000000000000       0.00000000000000
    1     -1     65444.0000000000       0.39100366490864      -0.18698571651895      -0.41491261143271
    1     -1     65445.0000000000       0.39100366490864      -0.18698571651895      -0.41491261143271
    1     -1     65446.0000000000       0.39100366490864      -0.18698571651895      -0.41491261143271
    1     -1     65446.0000000000       0.00000000000000       0.00000000000000       0.00000000000000
    1     -1     65446.0000000000       0.00000000000000       0.00000000000000       0.00000000000000
    1     -1     65446.0000000000       0.39187461389870      -0.18724334136285      -0.41397369164842
    1     -1     65447.0000000000       0.39187461389870      -0.18724334136285      -0.41397369164842
    1     -1     65448.0000000000       0.39187461389870      -0.18724334136285      -0.41397369164842
    1     -1     65448.0000000000       0.00000000000000       0.00000000000000       0.00000000000000
    1     -1     65448.0000000000       0.00000000000000       0.00000000000000       0.00000000000000
    1     -1     65448.0000000000       0.39274121017066      -0.18751329571201      -0.41302918183212
    1     -1     65449.0000000000       0.39274121017066      -0.18751329571201      -0.41302918183212
    1     -1     65450.0000000000       0.39274121017066      -0.18751329571201      -0.41302918183212
    1     -1     65450.0000000000       0.00000000000000       0.00000000000000       0.00000000000000
    1     -1     65450.0000000000       0.00000000000000       0.00000000000000       0.00000000000000
    1     -1     65450.0000000000       0.39360388138765      -0.18779503939448      -0.41207888445709
    1     -1     65451.0000000000       0.39360388138765      -0.18779503939448      -0.41207888445709
    1     -1     65452.0000000000       0.39360388138765      -0.18779503939448      -0.41207888445709
    1     -1     65452.0000000000       0.00000000000000       0.00000000000000       0.00000000000000
    1     -1     65452.0000000000       0.00000000000000       0.00000000000000       0.00000000000000
    1     -1     65452.0000000000       0.39446303373955      -0.18808804659986      -0.41112261068839
    1     -1     65453.0000000000       0.39446303373955      -0.18808804659986      -0.41112261068839
    1     -1     65454.0000000000       0.39446303373955      -0.18808804659986      -0.41112261068839
    1     -1     65454.0000000000       0.00000000000000       0.00000000000000       0.00000000000000
    1     -1     65454.0000000000       0.00000000000000       0.00000000000000       0.00000000000000
    1     -1     65454.0000000000       0.39531905309548      -0.18839180513279      -0.41016018004982
    1     -1     65455.0000000000       0.39531905309548      -0.18839180513279      -0.41016018004982
    1     -1     65456.0000000000       0.39531905309548      -0.18839180513279      -0.41016018004982
    1     -1     65456.0000000000       0.00000000000000       0.00000000000000       0.00000000000000
    1     -1     65456.0000000000       0.00000000000000       0.00000000000000       0.00000000000000
    1     -1     65456.0000000000       0.39617230618961      -0.18870581552230      -0.40919142009147
    1     -1     65457.0000000000       0.39617230618961      -0.18870581552230      -0.40919142009147
    1     -1     65458.0000000000       0.39617230618961      -0.18870581552230      -0.40919142009147
    1     -1     65458.0000000000       0.00000000000000       0.00000000000000       0.00000000000000
    1     -1     65458.0000000000       0.00000000000000       0.00000000000000       0.00000000000000
    1     -1     65458.0000000000       0.39702314166594      -0.18902959031411      -0.40821616607796
    1     -1     65459.0000000000       0.39702314166594      -0.18902959031411      -0.40821616607796
    1     -1     65460.0000000000       0.39702314166594      -0.18902959031411      -0.40821616607796
    1     -1     65460.0000000000       0.00000000000000       0.00000000000000       0.00000000000000
    1     -1     65460.0000000000       0.00000000000000       0.00000000000000       0.00000000000000
    1     -1     65460.0000000000       0.39787189110244      -0.18936265330186      -0.40723426069653
    1     -1     65461.0000000000       0.39787189110244      -0.18936265330186      -0.40723426069653
    1     -1     65462.0000000000       0.39787189110244      -0.18936265330186      -0.40723426069653
    1     -1     65462.0000000000       0.00000000000000       0.00000000000000       0.00000000000000
    1     -1     65462.0000000000       0.00000000000000       0.00000000000000       0.00000000000000
    1     -1     65462.0000000000       0.39871886990270      -0.18970453894023      -0.40624555378366
    1     -1     65463.0000000000       0.39871886990270      -0.18970453894023      -0.40624555378366
    1     -1     65464.0000000000       0.39871886990270      -0.18970453894023      -0.40624555378366
    1     -1     65464.0000000000       0.00000000000000       0.00000000000000       0.00000000000000
    1     -1     65464.0000000000       0.00000000000000       0.00000000000000       0.00000000000000
    1     -1     65464.0000000000       0.39956437813905      -0.19005479177632      -0.40524990206688
    1     -1     65465.0000000000       0.39956437813905      -0.19005479177632      -0.40524990206688
    1     -1     65466.0000000000       0.39956437813905      -0.19005479177632      -0.40524990206688
    1     -1     65466.0000000000       0.00000000000000       0.00000000000000       0.00000000000000
    1     -1     65466.0000000000       0.00000000000000       0.00000000000000       0.00000000000000
    1     -1     65466.0000000000       0.40040870145714      -0.19041296570862      -0.40424716890469
    1     -1     65467.0000000000       0.40040870145714      -0.19041296570862      -0.40424716890469
    1     -1     65468.0000000000       0.40040870145714      -0.19041296570862      -0.40424716890469
    1     -1     65468.0000000000       0.00000000000000       0.00000000000000       0.00000000000000
    1  19245     65468.0000000000     -383153025.490696728      238008337.041490614      -15443446.129753411       -9.4820027419319      -13.5431880139764       -0.2853150532820        2213.0022011748
    1  19245     65468.0000000000     -383153025.490696728      238008337.041490614      -15443446.129753411       -9.4820027419319      -13.5431880139764       -0.2853150532820        2173.0022011748
    1     -1     65468.0000000000       0.00000000000000       0.00000000000000       0.00000000000000
    1     -1     65468.0000000000      -0.09240325443599      -0.59199403843602       0.03169694474002
    1     -1     65469.0000000000      -0.09240325443599      -0.59199403843602       0.03169694474002
    1     -1     65470.0000000000      -0.09240325443599      -0.59199403843602       0.03169694474002
    1     -1     65470.0000000000       0.00000000000000       0.00000000000000       0.00000000000000
    1     -1     65470.0000000000       0.00000000000000       0.00000000000000       0.00000000000000
    1     -1     65470.0000000000      -0.09248630551616      -0.59204912839158       0.03039921286390
    1     -1     65471.0000000000      -0.09248630551616      -0.59204912839158       0.03039921286390
    1     -1     65472.0000000000      -0.09248630551616      -0.59204912839158       0.03039921286390
    1     -1     65472.0000000000       0.00000000000000       0.00000000000000       0.00000000000000
    1     -1     65472.0000000000       0.00000000000000       0.00000000000000       0.00000000000000
    1     -1     65472.0000000000      -0.09254451311218      -0.59210767389536       0.02905193430837
    1     -1     65473.0000000000      -0.09254451311218      -0.59210767389536       0.02905193430837
    1     -1     65474.0000000000      -0.09254451311218      -0.59210767389536       0.02905193430837
    1     -1     65474.0000000000       0.00000000000000       0.00000000000000       0.00000000000000
    1     -1     65474.0000000000       0.00000000000000       0.00000000000000       0.00000000000000
    1     -1     65474.0000000000      -0.09257730863181      -0.59216956956456       0.02765216245102
    1     -1     65475.0000000000      -0.09257730863181      -0.59216956956456       0.02765216245102
    1     -1     65476.0000000000      -0.09257730863181      -0.59216956956456       0.02765216245102
    1     -1     65476.0000000000       0.00000000000000       0.00000000000000       0.00000000000000
    1     -1     65476.0000000000       0.00000000000000       0.00000000000000       0.00000000000000
    1     -1     65476.0000000000      -0.09258405965258      -0.59223468629411       0.02619670834971
    1     -1     65477.0000000000      -0.09258405965258      -0.59223468629411       0.02619670834971
    1     -1     65478.0000000000      -0.09258405965258      -0.59223468629411       0.02619670834971
    1     -1     65478.0000000000       0.00000000000000       0.00000000000000       0.00000000000000
    1     -1     65478.0000000000       0.00000000000000       0.00000000000000       0.00000000000000
    1     -1     65478.0000000000      -0.09256406292820      -0.59230286736002       0.02468211602191
    1     -1     65479.0000000000      -0.09256406292820      -0.59230286736002       0.02468211602191
    1     -1     65480.0000000000      -0.09256406292820      -0.59230286736002       0.02468211602191
    1     -1     65480.0000000000       0.00000000000000       0.00000000000000       0.00000000000000
    1     -1     65480.0000000000       0.00000000000000       0.00000000000000       0.00000000000000
    1     -1     65480.0000000000      -0.09251653647037      -0.59237392381696       0.02310463462648
    1     -1     65481.0000000000      -0.09251653647037      -0.59237392381696       0.02310463462648
    1     -1     65482.0000000000      -0.09251653647037      -0.59237392381696       0.02310463462648
    1     -1     65482.0000000000       0.00000000000000       0.00000000000000       0.00000000000000
    1     -1     65482.0000000000       0.00000000000000       0.00000000000000       0.00000000000000
    1     -1     65482.0000000000      -0.09244061072825      -0.59244762902605       0.02146018708215
    1     -1     65483.0000000000      -0.09244061072825      -0.59244762902605       0.02146018708215
    1     -1     65484.0000000000      -0.09244061072825      -0.59244762902605       0.02146018708215
    1     -1     65484.0000000000       0.00000000000000       0.00000000000000       0.00000000000000
    1     -1     65484.0000000000       0.00000000000000       0.00000000000000       0.00000000000000
    1     -1     65484.0000000000      -0.09233531866596      -0.59252371214242       0.01974433477804
    1     -1     65485.0000000000      -0.09233531866596      -0.59252371214242       0.01974433477804
    1     -1     65486.0000000000      -0.09233531866596      -0.59252371214242       0.01974433477804
    1     -1     65486.0000000000       0.00000000000000       0.00000000000000       0.00000000000000
    1     -1     65486.0000000000       0.00000000000000       0.00000000000000       0.00000000000000
    1     -1     65486.0000000000      -0.09219958480812      -0.59260185032492       0.01795223754002
    1     -1     65487.0000000000      -0.09219958480812      -0.59260185032492       0.01795223754002
    1     -1     65488.0000000000      -0.09219958480812      -0.59260185032492       0.01795223754002
    1     -1     65488.0000000000       0.00000000000000       0.00000000000000       0.00000000000000
    1     -1     65488.0000000000       0.00000000000000       0.00000000000000       0.00000000000000
    1     -1     65488.0000000000      -0.09203221338244      -0.59268165936171       0.01607860802979
    1     -1     65489.0000000000      -0.09203221338244      -0.59268165936171       0.01607860802979
    1     -1     65490.0000000000      -0.09203221338244      -0.59268165936171       0.01607860802979
    1     -1     65490.0000000000       0.00000000000000       0.00000000000000       0.00000000000000
    1     -1     65490.0000000000       0.00000000000000       0.00000000000000       0.00000000000000
    1     -1     65490.0000000000      -0.09183187606067      -0.59276268229598       0.01411765902886
    1     -1     65491.0000000000      -0.09183187606067      -0.59276268229598       0.01411765902886
    1     -1     65492.0000000000      -0.09183187606067      -0.59276268229598       0.01411765902886
    1     -1     65492.0000000000       0.00000000000000       0.00000000000000       0.00000000000000
    1     -1     65492.0000000000       0.00000000000000       0.00000000000000       0.00000000000000
    1     -1     65492.0000000000      -0.09159709777313      -0.59284437587536       0.01206304076491
    1     -1     65493.0000000000      -0.09159709777313      -0.59284437587536       0.01206304076491
    1     -1     65494.0000000000      -0.09159709777313      -0.59284437587536       0.01206304076491
    1     -1     65494.0000000000       0.00000000000000       0.00000000000000       0.00000000000000
    1     -1     65494.0000000000       0.00000000000000       0.00000000000000       0.00000000000000
    1     -1     65494.0000000000      -0.09132623078600      -0.59292609572546       0.00990776756828
    1     -1     65495.0000000000      -0.09132623078600      -0.59292609572546       0.00990776756828
    1     -1     65496.0000000000      -0.09132623078600      -0.59292609572546       0.00990776756828
    1     -1     65496.0000000000       0.00000000000000       0.00000000000000       0.00000000000000
    1     -1     65496.0000000000       0.00000000000000       0.00000000000000       0.00000000000000
    1     -1     65496.0000000000      -0.09101740554959      -0.59300708112791       0.00764414149420
    1     -1     65497.0000000000      -0.09101740554959      -0.59300708112791       0.00764414149420
    1     -1     65498.0000000000      -0.09101740554959      -0.59300708112791       0.00764414149420
    1     -1     65498.0000000000       0.00000000000000       0.00000000000000       0.00000000000000
    1     -1     65498.0000000000       0.00000000000000       0.00000000000000       0.00000000000000
    1     -1     65498.0000000000      -0.09066850164164      -0.59308643203101       0.00526367084665
    1     -1     65499.0000000000      -0.09066850164164      -0.59308643203101       0.00526367084665
    1     -1     65500.0000000000      -0.09066850164164      -0.59308643203101       0.00526367084665
    1     -1     65500.0000000000       0.00000000000000       0.00000000000000       0.00000000000000
    1     -1     65500.0000000000       0.00000000000000       0.00000000000000       0.00000000000000
    1     -1     65500.0000000000      -0.09027717281745      -0.59316307247275       0.00275695534433
    1     -1     65501.0000000000      -0.09027717281745      -0.59316307247275       0.00275695534433
    1     -1     65502.0000000000      -0.09027717281745      -0.59316307247275       0.00275695534433
    1     -1     65502.0000000000       0.00000000000000       0.00000000000000       0.00000000000000
    1     -1     65502.0000000000       0.00000000000000       0.00000000000000       0.00000000000000
    1     -1     65502.0000000000      -0.08984081446920      -0.59323571574525       0.00011357700535
    1     -1     65503.0000000000      -0.08984081446920      -0.59323571574525       0.00011357700535
    1     -1     65504.0000000000      -0.08984081446920      -0.59323571574525       0.00011357700535
    1     -1     65504.0000000000       0.00000000000000       0.00000000000000       0.00000000000000
    1     -1     65504.0000000000       0.00000000000000       0.00000000000000       0.00000000000000
    1     -1     65504.0000000000      -0.08935652386335      -0.59330282321977      -0.00267785035339
    1     -1     65505.0000000000      -0.08935652386335      -0.59330282321977      -0.00267785035339
    1     -1     65506.0000000000      -0.08935652386335      -0.59330282321977      -0.00267785035339
    1     -1     65506.0000000000       0.00000000000000       0.00000000000000       0.00000000000000
    1     -1     65506.0000000000       0.00000000000000       0.00000000000000       0.00000000000000
    1     -1     65506.0000000000      -0.01099496509042      -0.07345113858149      -0.00069694601850
    1     -1     65507.0000000000      -0.01099496509042      -0.07345113858149      -0.00069694601850
    1     -1     65508.0000000000      -0.01099496509042      -0.07345113858149      -0.00069694601850
    1     -1     65508.0000000000       0.00000000000000       0.00000000000000       0.00000000000000
    1     -1     65638.0000000000       0.00000000000000       0.00000000000000       0.00000000000000
    1     -1     65638.0000000000       0.07391390283023       0.29604533402898      -0.10096598472654
    1     -1     65639.0000000000       0.07391390283023       0.29604533402898      -0.10096598472654
    1     -1     65640.0000000000       0.07391390283023       0.29604533402898      -0.10096598472654
    1     -1     65640.0000000000       0.00000000000000       0.00000000000000       0.00000000000000
    1     -1     65640.0000000000       0.00000000000000       0.00000000000000       0.00000000000000
    1     -1     65640.0000000000       0.13758911452133       0.55370611903659      -0.18568459437086
    1     -1     65641.0000000000       0.13758911452133       0.55370611903659      -0.18568459437086
    1     -1     65642.0000000000       0.13758911452133       0.55370611903659      -0.18568459437086
    1     -1     65642.0000000000       0.00000000000000       0.00000000000000       0.00000000000000
    1     -1     65642.0000000000       0.00000000000000       0.00000000000000       0.00000000000000
    1     -1     65642.0000000000       0.13722816791193       0.55467797644731      -0.18303216016825
    1     -1     65643.0000000000       0.13722816791193       0.55467797644731      -0.18303216016825
    1     -1     65644.0000000000       0.13722816791193       0.55467797644731      -0.18303216016825
    1     -1     65644.0000000000       0.00000000000000       0.00000000000000       0.00000000000000
    1     -1     65644.0000000000       0.00000000000000       0.00000000000000       0.00000000000000
    1     -1     65644.0000000000       0.13689887762603       0.55558333955536      -0.18051551011823
    1     -1     65645.0000000000       0.13689887762603       0.55558333955536      -0.18051551011823
    1     -1     65646.0000000000       0.13689887762603       0.55558333955536      -0.18051551011823
    1     -1     65646.0000000000       0.00000000000000       0.00000000000000       0.00000000000000
    1     -1     65646.0000000000       0.00000000000000       0.00000000000000       0.00000000000000
    1     -1     65646.0000000000       0.13659974705636       0.55642807899273      -0.17812439836419
    1     -1     65647.0000000000       0.13659974705636       0.55642807899273      -0.17812439836419
    1     -1     65648.0000000000       0.13659974705636       0.55642807899273      -0.17812439836419
    1     -1     65648.0000000000       0.00000000000000       0.00000000000000       0.00000000000000
    1     -1     65648.0000000000       0.00000000000000       0.00000000000000       0.00000000000000
    1     -1     65648.0000000000       0.13632947174645       0.55721743001283      -0.17584939608435
    1     -1     65649.0000000000       0.13632947174645       0.55721743001283      -0.17584939608435
    1     -1     65650.0000000000       0.13632947174645       0.55721743001283      -0.17584939608435
    1     -1     65650.0000000000       0.00000000000000       0.00000000000000       0.00000000000000
    1     -1     65650.0000000000       0.00000000000000       0.00000000000000       0.00000000000000
    1     -1     65650.0000000000       0.13608683263409       0.55795603763679      -0.17368198907278
    1     -1     65651.0000000000       0.13608683263409       0.55795603763679      -0.17368198907278
    1     -1     65652.0000000000       0.13608683263409       0.55795603763679      -0.17368198907278
    1     -1     65652.0000000000       0.00000000000000       0.00000000000000       0.00000000000000
    1     -1     65652.0000000000       0.00000000000000       0.00000000000000       0.00000000000000
    1     -1     65652.0000000000       0.13587067763362       0.55864804456461      -0.17161445318945
    1     -1     65653.0000000000       0.13587067763362       0.55864804456461      -0.17161445318945
    1     -1     65654.0000000000       0.13587067763362       0.55864804456461      -0.17161445318945
    1     -1     65654.0000000000       0.00000000000000       0.00000000000000       0.00000000000000
    1     -1     65654.0000000000       0.00000000000000       0.00000000000000       0.00000000000000
    1     -1     65654.0000000000       0.13567996717419       0.55929714664931      -0.16963975812747
    1     -1     65655.0000000000       0.13567996717419       0.55929714664931      -0.16963975812747
    1     -1     65656.0000000000       0.13567996717419       0.55929714664931      -0.16963975812747
    1     -1     65656.0000000000       0.00000000000000       0.00000000000000       0.00000000000000
    1     -1     65656.0000000000       0.00000000000000       0.00000000000000       0.00000000000000
    1     -1     65656.0000000000       0.13551380516513       0.55990663540560      -0.16775150526434
    1     -1     65657.0000000000       0.13551380516513       0.55990663540560      -0.16775150526434
    1     -1     65658.0000000000       0.13551380516513       0.55990663540560      -0.16775150526434
    1     -1     65658.0000000000       0.00000000000000       0.00000000000000       0.00000000000000
    1     -1     65658.0000000000       0.00000000000000       0.00000000000000       0.00000000000000
    1     -1     65658.0000000000       0.13537139571908       0.56047945508393      -0.16594386077795
    1     -1     65659.0000000000       0.13537139571908       0.56047945508393      -0.16594386077795
    1     -1     65660.0000000000       0.13537139571908       0.56047945508393      -0.16594386077795
    1     -1     65660.0000000000       0.00000000000000       0.00000000000000       0.00000000000000
    1     -1     65660.0000000000       0.00000000000000       0.00000000000000       0.00000000000000
    1     -1     65660.0000000000       0.13525201272995       0.56101825129518      -0.16421149182134
    1     -1     65661.0000000000       0.13525201272995       0.56101825129518      -0.16421149182134
    1     -1     65662.0000000000       0.13525201272995       0.56101825129518      -0.16421149182134
    1     -1     65662.0000000000       0.00000000000000       0.00000000000000       0.00000000000000
    1     -1     65662.0000000000       0.00000000000000       0.00000000000000       0.00000000000000
    1     -1     65662.0000000000       0.13515498881324       0.56152540888291      -0.16254951078910
    1     -1     65663.0000000000       0.13515498881324       0.56152540888291      -0.16254951078910
    1     -1     65664.0000000000       0.13515498881324       0.56152540888291      -0.16254951078910
    1     -1     65664.0000000000       0.00000000000000       0.00000000000000       0.00000000000000
    1     -1     65664.0000000000       0.00000000000000       0.00000000000000       0.00000000000000
    1     -1     65664.0000000000       0.13507971279493       0.56200308218972      -0.16095342829680
    1     -1     65665.0000000000       0.13507971279493       0.56200308218972      -0.16095342829680
    1     -1     65666.0000000000       0.13507971279493       0.56200308218972      -0.16095342829680
    1     -1     65666.0000000000       0.00000000000000       0.00000000000000       0.00000000000000
    1     -1     65666.0000000000       0.00000000000000       0.00000000000000       0.00000000000000
    1     -1     65666.0000000000       0.13502562857641       0.56245322051879      -0.15941911314392
    1     -1     65667.0000000000       0.13502562857641       0.56245322051879      -0.15941911314392
    1     -1     65668.0000000000       0.13502562857641       0.56245322051879      -0.15941911314392
    1     -1     65668.0000000000       0.00000000000000       0.00000000000000       0.00000000000000
    1     -1     65668.0000000000       0.00000000000000       0.00000000000000       0.00000000000000
    1     -1     65668.0000000000       0.13499223255392       0.56287759043523      -0.15794275740260
    1     -1     65669.0000000000       0.13499223255392       0.56287759043523      -0.15794275740260
    1     -1     65670.0000000000       0.13499223255392       0.56287759043523      -0.15794275740260
    1     -1     65670.0000000000       0.00000000000000       0.00000000000000       0.00000000000000
    1     -1     65670.0000000000       0.00000000000000       0.00000000000000       0.00000000000000
    1     -1     65670.0000000000       0.13497906961235       0.56327779552548      -0.15652084562299
    1     -1     65671.0000000000       0.13497906961235       0.56327779552548      -0.15652084562299
    1     -1     65672.0000000000       0.13497906961235       0.56327779552548      -0.15652084562299
    1     -1     65672.0000000000       0.00000000000000       0.00000000000000       0.00000000000000
    1     -1     65672.0000000000       0.00000000000000       0.00000000000000       0.00000000000000
    1     -1     65672.0000000000       0.13498572868538       0.56365529387064      -0.15515012736986
    1     -1     65673.0000000000       0.13498572868538       0.56365529387064      -0.15515012736986
    1     -1     65674.0000000000       0.13498572868538       0.56365529387064      -0.15515012736986
    1     -1     65674.0000000000       0.00000000000000       0.00000000000000       0.00000000000000
    1     -1     65674.0000000000       0.00000000000000       0.00000000000000       0.00000000000000
    1     -1     65674.0000000000       0.13501183853118       0.56401141338887      -0.15382759278986
    1     -1     65675.0000000000       0.13501183853118       0.56401141338887      -0.15382759278986
    1     -1     65676.0000000000       0.13501183853118       0.56401141338887      -0.15382759278986
    1     -1     65676.0000000000       0.00000000000000       0.00000000000000       0.00000000000000
    1     -1     65676.0000000000       0.00000000000000       0.00000000000000       0.00000000000000
    1     -1     65676.0000000000       0.13505706399582       0.56434736532744      -0.15255045064765
    1     -1     65677.0000000000       0.13505706399582       0.56434736532744      -0.15255045064765
    1     -1     65678.0000000000       0.13505706399582       0.56434736532744      -0.15255045064765
    1     -1     65678.0000000000       0.00000000000000       0.00000000000000       0.00000000000000
    1  21794     65678.0000000000     -458807471.021474481      -55031741.926194161      -16858217.397351995        1.6249965715809      -15.9997242387509       -0.1115594448103        2070.8212101455
    1  21794     65678.0000000000     -458807471.021474481      -55031741.926194161      -16858217.397351995        1.6249965715809      -15.9997242387509       -0.1115594448103        2030.8212101455
    1     -1     65678.0000000000       0.00000000000000       0.00000000000000       0.00000000000000
    1     -1     65678.0000000000      -0.44161134818559       0.36997828027623      -0.16761708909760
    1     -1     65679.0000000000      -0.44161134818559       0.36997828027623      -0.16761708909760
    1     -1     65680.0000000000      -0.44161134818559       0.36997828027623      -0.16761708909760
    1     -1     65680.0000000000       0.00000000000000       0.00000000000000       0.00000000000000
    1     -1     65680.0000000000       0.00000000000000       0.00000000000000       0.00000000000000
    1     -1     65680.0000000000      -0.44112255916582       0.36946019529096      -0.17002955969643
    1     -1     65681.0000000000      -0.44112255916582       0.36946019529096      -0.17002955969643
    1     -1     65682.0000000000      -0.44112255916582       0.36946019529096      -0.17002955969643
    1     -1     65682.0000000000       0.00000000000000       0.00000000000000       0.00000000000000
    1     -1     65682.0000000000       0.00000000000000       0.00000000000000       0.00000000000000
    1     -1     65682.0000000000      -0.44064109706482       0.36890019016982      -0.17247629561821
    1     -1     65683.0000000000      -0.44064109706482       0.36890019016982      -0.17247629561821
    1     -1     65684.0000000000      -0.44064109706482       0.36890019016982      -0.17247629561821
    1     -1     65684.0000000000       0.00000000000000       0.00000000000000       0.00000000000000
    1     -1     65684.0000000000       0.00000000000000       0.00000000000000       0.00000000000000
    1     -1     65684.0000000000      -0.44016676294556       0.36829729867348      -0.17495805173767
    1     -1     65685.0000000000      -0.44016676294556       0.36829729867348      -0.17495805173767
    1     -1     65686.0000000000      -0.44016676294556       0.36829729867348      -0.17495805173767
    1     -1     65686.0000000000       0.00000000000000       0.00000000000000       0.00000000000000
    1     -1     65686.0000000000       0.00000000000000       0.00000000000000       0.00000000000000
    1     -1     65686.0000000000      -0.43969933489051       0.36765052146503      -0.17747559900824
    1     -1     65687.0000000000      -0.43969933489051       0.36765052146503      -0.17747559900824
    1     -1     65688.0000000000      -0.43969933489051       0.36765052146503      -0.17747559900824
    1     -1     65688.0000000000       0.00000000000000       0.00000000000000       0.00000000000000
    1     -1     65688.0000000000       0.00000000000000       0.00000000000000       0.00000000000000
    1     -1     65688.0000000000      -0.43923856998714       0.36695882090617      -0.18002972442018
    1     -1     65689.0000000000      -0.43923856998714       0.36695882090617      -0.18002972442018
    1     -1     65690.0000000000      -0.43923856998714       0.36695882090617      -0.18002972442018
    1     -1     65690.0000000000       0.00000000000000       0.00000000000000       0.00000000000000
    1     -1     65690.0000000000       0.00000000000000       0.00000000000000       0.00000000000000
    1     -1     65690.0000000000      -0.43878420343440       0.36622111842795      -0.18262123237406
    1     -1     65691.0000000000      -0.43878420343440       0.36622111842795      -0.18262123237406
    1     -1     65692.0000000000      -0.43878420343440       0.36622111842795      -0.18262123237406
    1     -1     65692.0000000000       0.00000000000000       0.00000000000000       0.00000000000000
    1     -1     65692.0000000000       0.00000000000000       0.00000000000000       0.00000000000000
    1     -1     65692.0000000000      -0.43833594453428       0.36543629378584      -0.18525094923727
    1     -1     65693.0000000000      -0.43833594453428       0.36543629378584      -0.18525094923727
    1     -1     65694.0000000000      -0.43833594453428       0.36543629378584      -0.18525094923727
    1     -1     65694.0000000000       0.00000000000000       0.00000000000000       0.00000000000000
    1     -1     65694.0000000000       0.00000000000000       0.00000000000000       0.00000000000000
    1     -1     65694.0000000000      -0.43789347035150       0.36460318635857      -0.18791972860958
    1     -1     65695.0000000000      -0.43789347035150       0.36460318635857      -0.18791972860958
    1     -1     65696.0000000000      -0.43789347035150       0.36460318635857      -0.18791972860958
    1     -1     65696.0000000000       0.00000000000000       0.00000000000000       0.00000000000000
    1     -1     65696.0000000000       0.00000000000000       0.00000000000000       0.00000000000000
    1     -1     65696.0000000000      -0.43745643198740       0.36372058891897      -0.19062844118676
    1     -1     65697.0000000000      -0.43745643198740       0.36372058891897      -0.19062844118676
    1     -1     65698.0000000000      -0.43745643198740       0.36372058891897      -0.19062844118676
    1     -1     65698.0000000000       0.00000000000000       0.00000000000000       0.00000000000000
    1     -1     65698.0000000000       0.00000000000000       0.00000000000000       0.00000000000000
    1     -1     65698.0000000000      -0.43702446136505       0.36278723924379      -0.19337796795513
    1     -1     65699.0000000000      -0.43702446136505       0.36278723924379      -0.19337796795513
    1     -1     65700.0000000000      -0.43702446136505       0.36278723924379      -0.19337796795513
    1     -1     65700.0000000000       0.00000000000000       0.00000000000000       0.00000000000000
    1     -1     65700.0000000000       0.00000000000000       0.00000000000000       0.00000000000000
    1     -1     65700.0000000000      -0.43659715876307       0.36180182701293      -0.19616920810901
    1     -1     65701.0000000000      -0.43659715876307       0.36180182701293      -0.19616920810901
    1     -1     65702.0000000000      -0.43659715876307       0.36180182701293      -0.19616920810901
    1     -1     65702.0000000000       0.00000000000000       0.00000000000000       0.00000000000000
    1     -1     65702.0000000000       0.00000000000000       0.00000000000000       0.00000000000000
    1     -1     65702.0000000000      -0.43617408711447       0.36076299680033      -0.19900307824128
    1     -1     65703.0000000000      -0.43617408711447       0.36076299680033      -0.19900307824128
    1     -1     65704.0000000000      -0.43617408711447       0.36076299680033      -0.19900307824128
    1     -1     65704.0000000000       0.00000000000000       0.00000000000000       0.00000000000000
    1     -1     65704.0000000000       0.00000000000000       0.00000000000000       0.00000000000000
    1     -1     65704.0000000000      -0.43575477894735       0.35966933467865      -0.20188051316648
    1     -1     65705.0000000000      -0.43575477894735       0.35966933467865      -0.20188051316648
    1     -1     65706.0000000000      -0.43575477894735       0.35966933467865      -0.20188051316648
    1     -1     65706.0000000000       0.00000000000000       0.00000000000000       0.00000000000000
    1     -1     65706.0000000000       0.00000000000000       0.00000000000000       0.00000000000000
    1     -1     65706.0000000000      -0.43533873692572       0.35851935626900      -0.20480247701721
    1     -1     65707.0000000000      -0.43533873692572       0.35851935626900      -0.20480247701721
    1     -1     65708.0000000000      -0.43533873692572       0.35851935626900      -0.20480247701721
    1     -1     65708.0000000000       0.00000000000000       0.00000000000000       0.00000000000000
    1     -1     65708.0000000000       0.00000000000000       0.00000000000000       0.00000000000000
    1     -1     65708.0000000000      -0.43492541899984       0.35731152378703      -0.20776995489436
    1     -1     65709.0000000000      -0.43492541899984       0.35731152378703      -0.20776995489436
    1     -1     65710.0000000000      -0.43492541899984       0.35731152378703      -0.20776995489436
    1     -1     65710.0000000000       0.00000000000000       0.00000000000000       0.00000000000000
    1     -1     65710.0000000000       0.00000000000000       0.00000000000000       0.00000000000000
    1     -1     65710.0000000000      -0.43451418312822       0.35604435258358      -0.21078387730980
    1     -1     65711.0000000000      -0.43451418312822       0.35604435258358      -0.21078387730980
    1     -1     65712.0000000000      -0.43451418312822       0.35604435258358      -0.21078387730980
    1     -1     65712.0000000000       0.00000000000000       0.00000000000000       0.00000000000000
    1     -1     65712.0000000000       0.00000000000000       0.00000000000000       0.00000000000000
    1     -1     65712.0000000000      -0.43410449893044       0.35471604946239      -0.21384528880044
    1     -1     65713.0000000000      -0.43410449893044       0.35471604946239      -0.21384528880044
    1     -1     65714.0000000000      -0.43410449893044       0.35471604946239      -0.21384528880044
    1     -1     65714.0000000000       0.00000000000000       0.00000000000000       0.00000000000000
    1     -1     65714.0000000000       0.00000000000000       0.00000000000000       0.00000000000000
    1     -1     65714.0000000000      -0.43369572943598       0.35332481732032      -0.21695526500768
    1     -1     65715.0000000000      -0.43369572943598       0.35332481732032      -0.21695526500768
    1     -1     65716.0000000000      -0.43369572943598       0.35332481732032      -0.21695526500768
    1     -1     65716.0000000000       0.00000000000000       0.00000000000000       0.00000000000000
    1     -1     65716.0000000000       0.00000000000000       0.00000000000000       0.00000000000000
    1     -1     65716.0000000000      -0.43328722061967       0.35186874169953      -0.22011490713370
    1     -1     65717.0000000000      -0.43328722061967       0.35186874169953      -0.22011490713370
    1     -1     65718.0000000000      -0.43328722061967       0.35186874169953      -0.22011490713370
    1     -1     65718.0000000000       0.00000000000000       0.00000000000000       0.00000000000000
    1     -1     65718.0000000000       0.00000000000000       0.00000000000000       0.00000000000000
    1     -1     65718.0000000000      -0.43287807333016       0.35034628356206      -0.22332499749071
    1     -1     65719.0000000000      -0.43287807333016       0.35034628356206      -0.22332499749071
    1     -1     65720.0000000000      -0.43287807333016       0.35034628356206      -0.22332499749071
    1     -1     65720.0000000000       0.00000000000000       0.00000000000000       0.00000000000000
    1     -1     65720.0000000000       0.00000000000000       0.00000000000000       0.00000000000000
    1     -1     65720.0000000000      -0.43246748006574       0.34875529072869      -0.22658690419868
    1     -1     65721.0000000000      -0.43246748006574       0.34875529072869      -0.22658690419868
    1     -1     65722.0000000000      -0.43246748006574       0.34875529072869      -0.22658690419868
    1     -1     65722.0000000000       0.00000000000000       0.00000000000000       0.00000000000000
    1     -1     65722.0000000000       0.00000000000000       0.00000000000000       0.00000000000000
    1     -1     65722.0000000000      -0.25797454420651       0.20724537127591      -0.13727118583451
    1     -1     65723.0000000000      -0.25797454420651       0.20724537127591      -0.13727118583451
    1     -1     65724.0000000000      -0.25797454420651       0.20724537127591      -0.13727118583451
    1     -1     65724.0000000000       0.00000000000000       0.00000000000000       0.00000000000000
    1     -1     65996.0000000000       0.00000000000000       0.00000000000000       0.00000000000000
    1     -1     65996.0000000000       0.05978080868872      -0.25347578257135      -0.13164370229462
    1     -1     65997.0000000000       0.05978080868872      -0.25347578257135      -0.13164370229462
    1     -1     65998.0000000000       0.05978080868872      -0.25347578257135      -0.13164370229462
    1     -1     65998.0000000000       0.00000000000000       0.00000000000000       0.00000000000000
    1     -1     65998.0000000000       0.00000000000000       0.00000000000000       0.00000000000000
    1     -1     65998.0000000000       0.12434944117781      -0.52255925702729      -0.26733693843884
    1     -1     65999.0000000000       0.12434944117781      -0.52255925702729      -0.26733693843884
    1     -1     66000.0000000000       0.12434944117781      -0.52255925702729      -0.26733693843884
    1     -1     66000.0000000000       0.00000000000000       0.00000000000000       0.00000000000000
    1     -1     66000.0000000000       0.00000000000000       0.00000000000000       0.00000000000000
    1     -1     66000.0000000000       0.12571199559404      -0.52390461450978      -0.26404629961263
    1     -1     66001.0000000000       0.12571199559404      -0.52390461450978      -0.26404629961263
    1     -1     66002.0000000000       0.12571199559404      -0.52390461450978      -0.26404629961263
    1     -1     66002.0000000000       0.00000000000000       0.00000000000000       0.00000000000000
    1     -1     66002.0000000000       0.00000000000000       0.00000000000000       0.00000000000000
    1     -1     66002.0000000000       0.12700613158076      -0.52521547329566      -0.26080289191593
    1     -1     66003.0000000000       0.12700613158076      -0.52521547329566      -0.26080289191593
    1     -1     66004.0000000000       0.12700613158076      -0.52521547329566      -0.26080289191593
    1     -1     66004.0000000000       0.00000000000000       0.00000000000000       0.00000000000000
    1     -1     66004.0000000000       0.00000000000000       0.00000000000000       0.00000000000000
    1     -1     66004.0000000000       0.12823352734693      -0.52649356074848      -0.25760569138618
    1     -1     66005.0000000000       0.12823352734693      -0.52649356074848      -0.25760569138618
    1     -1     66006.0000000000       0.12823352734693      -0.52649356074848      -0.25760569138618
    1     -1     66006.0000000000       0.00000000000000       0.00000000000000       0.00000000000000
    1     -1     66006.0000000000       0.00000000000000       0.00000000000000       0.00000000000000
    1     -1     66006.0000000000       0.12939577070957      -0.52774048307371      -0.25445376068669
    1     -1     66007.0000000000       0.12939577070957      -0.52774048307371      -0.25445376068669
    1     -1     66008.0000000000       0.12939577070957      -0.52774048307371      -0.25445376068669
    1     -1     66008.0000000000       0.00000000000000       0.00000000000000       0.00000000000000
    1     -1     66008.0000000000       0.00000000000000       0.00000000000000       0.00000000000000
    1     -1     66008.0000000000       0.13049437572489      -0.52895774286041      -0.25134622227556
    1     -1     66009.0000000000       0.13049437572489      -0.52895774286041      -0.25134622227556
    1     -1     66010.0000000000       0.13049437572489      -0.52895774286041      -0.25134622227556
    1     -1     66010.0000000000       0.00000000000000       0.00000000000000       0.00000000000000
    1     -1     66010.0000000000       0.00000000000000       0.00000000000000       0.00000000000000
    1     -1     66010.0000000000       0.13153081881389      -0.53014677021268      -0.24828218827619
    1     -1     66011.0000000000       0.13153081881389      -0.53014677021268      -0.24828218827619
    1     -1     66012.0000000000       0.13153081881389      -0.53014677021268      -0.24828218827619
    1     -1     66012.0000000000       0.00000000000000       0.00000000000000       0.00000000000000
    1     -1     66012.0000000000       0.00000000000000       0.00000000000000       0.00000000000000
    1     -1     66012.0000000000       0.13250653456875      -0.53130892365887      -0.24526076982882
    1     -1     66013.0000000000       0.13250653456875      -0.53130892365887      -0.24526076982882
    1     -1     66014.0000000000       0.13250653456875      -0.53130892365887      -0.24526076982882
    1     -1     66014.0000000000       0.00000000000000       0.00000000000000       0.00000000000000
    1     -1     66014.0000000000       0.00000000000000       0.00000000000000       0.00000000000000
    1     -1     66014.0000000000       0.13342291418123      -0.53244549115858      -0.24228108509805
    1     -1     66015.0000000000       0.13342291418123      -0.53244549115858      -0.24228108509805
    1     -1     66016.0000000000       0.13342291418123      -0.53244549115858      -0.24228108509805
    1     -1     66016.0000000000       0.00000000000000       0.00000000000000       0.00000000000000
    1     -1     66016.0000000000       0.00000000000000       0.00000000000000       0.00000000000000
    1     -1     66016.0000000000       0.13428130649612      -0.53355769254142      -0.23934226274431
    1     -1     66017.0000000000       0.13428130649612      -0.53355769254142      -0.23934226274431
    1     -1     66018.0000000000       0.13428130649612      -0.53355769254142      -0.23934226274431
    1     -1     66018.0000000000       0.00000000000000       0.00000000000000       0.00000000000000
    1     -1     66018.0000000000       0.00000000000000       0.00000000000000       0.00000000000000
    1     -1     66018.0000000000       0.13508301984102      -0.53464668246990      -0.23644344345861
    1     -1     66019.0000000000       0.13508301984102      -0.53464668246990      -0.23644344345861
    1     -1     66020.0000000000       0.13508301984102      -0.53464668246990      -0.23644344345861
    1     -1     66020.0000000000       0.00000000000000       0.00000000000000       0.00000000000000
    1     -1     66020.0000000000       0.00000000000000       0.00000000000000       0.00000000000000
    1     -1     66020.0000000000       0.13582932394918      -0.53571355341667      -0.23358378094635
    1     -1     66021.0000000000       0.13582932394918      -0.53571355341667      -0.23358378094635
    1     -1     66022.0000000000       0.13582932394918      -0.53571355341667      -0.23358378094635
    1     -1     66022.0000000000       0.00000000000000       0.00000000000000       0.00000000000000
    1     -1     66022.0000000000       0.00000000000000       0.00000000000000       0.00000000000000
    1     -1     66022.0000000000       0.13652145186554      -0.53675933850966      -0.23076244274837
    1     -1     66023.0000000000       0.13652145186554      -0.53675933850966      -0.23076244274837
    1     -1     66024.0000000000       0.13652145186554      -0.53675933850966      -0.23076244274837
    1     -1     66024.0000000000       0.00000000000000       0.00000000000000       0.00000000000000
    1     -1     66024.0000000000       0.00000000000000       0.00000000000000       0.00000000000000
    1     -1     66024.0000000000       0.13716060182287      -0.53778501423287      -0.22797861095755
    1     -1     66025.0000000000       0.13716060182287      -0.53778501423287      -0.22797861095755
    1     -1     66026.0000000000       0.13716060182287      -0.53778501423287      -0.22797861095755
    1     -1     66026.0000000000       0.00000000000000       0.00000000000000       0.00000000000000
    1     -1     66026.0000000000       0.00000000000000       0.00000000000000       0.00000000000000
    1     -1     66026.0000000000       0.13774793904952      -0.53879150299612      -0.22523148284995
    1     -1     66027.0000000000       0.13774793904952      -0.53879150299612      -0.22523148284995
    1     -1     66028.0000000000       0.13774793904952      -0.53879150299612      -0.22523148284995
    1     -1     66028.0000000000       0.00000000000000       0.00000000000000       0.00000000000000
    1     -1     66028.0000000000       0.00000000000000       0.00000000000000       0.00000000000000
    1     -1     66028.0000000000       0.13828459757549      -0.53977967557849      -0.22252027140413
    1     -1     66029.0000000000       0.13828459757549      -0.53977967557849      -0.22252027140413
    1     -1     66030.0000000000       0.13828459757549      -0.53977967557849      -0.22252027140413
    1     -1     66030.0000000000       0.00000000000000       0.00000000000000       0.00000000000000
    1     -1     66030.0000000000       0.00000000000000       0.00000000000000       0.00000000000000
    1     -1     66030.0000000000       0.13877168195358      -0.54075035345654      -0.21984420575580
    1     -1     66031.0000000000       0.13877168195358      -0.54075035345654      -0.21984420575580
    1     -1     66032.0000000000       0.13877168195358      -0.54075035345654      -0.21984420575580
    1     -1     66032.0000000000       0.00000000000000       0.00000000000000       0.00000000000000
    1     -1     66032.0000000000       0.00000000000000       0.00000000000000       0.00000000000000
    1     -1     66032.0000000000       0.13921026898432      -0.54170431102125      -0.21720253154673
    1     -1     66033.0000000000       0.13921026898432      -0.54170431102125      -0.21720253154673
    1     -1     66034.0000000000       0.13921026898432      -0.54170431102125      -0.21720253154673
    1     -1     66034.0000000000       0.00000000000000       0.00000000000000       0.00000000000000
    1     -1     66034.0000000000       0.00000000000000       0.00000000000000       0.00000000000000
    1     -1     66034.0000000000       0.13960140934637      -0.54264227770404      -0.21459451119886
    1     -1     66035.0000000000       0.13960140934637      -0.54264227770404      -0.21459451119886
    1     -1     66036.0000000000       0.13960140934637      -0.54264227770404      -0.21459451119886
    1     -1     66036.0000000000       0.00000000000000       0.00000000000000       0.00000000000000
    1     -1     66036.0000000000       0.00000000000000       0.00000000000000       0.00000000000000
    1     -1     66036.0000000000       0.13994612919771      -0.54356494004753      -0.21201942400097
    1     -1     66037.0000000000       0.13994612919771      -0.54356494004753      -0.21201942400097
    1     -1     66038.0000000000       0.13994612919771      -0.54356494004753      -0.21201942400097
    1     -1     66038.0000000000       0.00000000000000       0.00000000000000       0.00000000000000
    1     -1     66038.0000000000       0.00000000000000       0.00000000000000       0.00000000000000
    1     -1     66038.0000000000       0.14024543154265      -0.54447294380137      -0.20947656594398
    1     -1     66039.0000000000       0.14024543154265      -0.54447294380137      -0.20947656594398
    1     -1     66040.0000000000       0.14024543154265      -0.54447294380137      -0.20947656594398
    1     -1     66040.0000000000       0.00000000000000       0.00000000000000       0.00000000000000
    1     -1     66040.0000000000       0.00000000000000       0.00000000000000       0.00000000000000
    1     -1     66040.0000000000       0.14050029723227      -0.54536689610154      -0.20696524924299
    1     -1     66041.0000000000       0.14050029723227      -0.54536689610154      -0.20696524924299
    1     -1     66042.0000000000       0.14050029723227      -0.54536689610154      -0.20696524924299
    1     -1     66042.0000000000       0.00000000000000       0.00000000000000       0.00000000000000
    1     -1     66042.0000000000       0.00000000000000       0.00000000000000       0.00000000000000
    1     -1     66042.0000000000       0.14071168548871      -0.54624736754489      -0.20448480211791
    1     -1     66043.0000000000       0.14071168548871      -0.54624736754489      -0.20448480211791
    1     -1     66044.0000000000       0.14071168548871      -0.54624736754489      -0.20448480211791
    1     -1     66044.0000000000       0.00000000000000       0.00000000000000       0.00000000000000
    1     -1     66044.0000000000       0.00000000000000       0.00000000000000       0.00000000000000
    1     -1     66044.0000000000       0.14088053444692      -0.54711489364363      -0.20203456993116
    1     -1     66045.0000000000       0.14088053444692      -0.54711489364363      -0.20203456993116
    1     -1     66046.0000000000       0.14088053444692      -0.54711489364363      -0.20203456993116
    1     -1     66046.0000000000       0.00000000000000       0.00000000000000       0.00000000000000
    1     -1     66046.0000000000       0.00000000000000       0.00000000000000       0.00000000000000
    1     -1     66046.0000000000       0.14100776257558      -0.54796997616706      -0.19961391582979
    1     -1     66047.0000000000       0.14100776257558      -0.54796997616706      -0.19961391582979
    1     -1     66048.0000000000       0.14100776257558      -0.54796997616706      -0.19961391582979
    1     -1     66048.0000000000       0.00000000000000       0.00000000000000       0.00000000000000
    1     -1     66048.0000000000       0.00000000000000       0.00000000000000       0.00000000000000
    1     -1     66048.0000000000       0.14109427556970      -0.54881308505685      -0.19722221566508
    1     -1     66049.0000000000       0.14109427556970      -0.54881308505685      -0.19722221566508
    1     -1     66050.0000000000       0.14109427556970      -0.54881308505685      -0.19722221566508
    1     -1     66050.0000000000       0.00000000000000       0.00000000000000       0.00000000000000
    1     -1     66050.0000000000       0.00000000000000       0.00000000000000       0.00000000000000
    1     -1     66050.0000000000       0.14114099833593      -0.54964465210643      -0.19485885732893
    1     -1     66051.0000000000       0.14114099833593      -0.54964465210643      -0.19485885732893
    1     -1     66052.0000000000       0.14114099833593      -0.54964465210643      -0.19485885732893
    1     -1     66052.0000000000       0.00000000000000       0.00000000000000       0.00000000000000
    1     -1     66052.0000000000       0.00000000000000       0.00000000000000       0.00000000000000
    1     -1     66052.0000000000       0.14115154899785      -0.55026049643552      -0.19310521887833
    1     -1     66053.0000000000       0.14115154899785      -0.55026049643552      -0.19310521887833
    1     -1     66053.0000000000       0.00000000000000       0.00000000000000       0.00000000000000
    1  44490     66053.0000000000     -151944465.876784146     -410198763.013413072      -19961090.145689938       16.4026035031557       -4.5974426328803       -0.1816942328941        1897.1238973009
    1  44490     66053.0000000000     -151944465.876784146     -410198763.013413072      -19961090.145689938       16.4026035031557       -4.5974426328803       -0.1816942328941        1857.1238973009
    1     -1     66053.0000000000       0.00000000000000       0.00000000000000       0.00000000000000
    1     -1     66053.0000000000      -0.44929764085622       0.12371979702974      -0.37792200388963
    1     -1     66054.0000000000      -0.44929764085622       0.12371979702974      -0.37792200388963
    1     -1     66055.0000000000      -0.44929764085622       0.12371979702974      -0.37792200388963
    1     -1     66055.0000000000       0.00000000000000       0.00000000000000       0.00000000000000
    1     -1     66055.0000000000       0.00000000000000       0.00000000000000       0.00000000000000
    1     -1     66055.0000000000      -0.44859128737472       0.12286995403142      -0.37903671401041
    1     -1     66056.0000000000      -0.44859128737472       0.12286995403142      -0.37903671401041
    1     -1     66057.0000000000      -0.44859128737472       0.12286995403142      -0.37903671401041
    1     -1     66057.0000000000       0.00000000000000       0.00000000000000       0.00000000000000
    1     -1     66057.0000000000       0.00000000000000       0.00000000000000       0.00000000000000
    1     -1     66057.0000000000      -0.44786668577895       0.12199132732552      -0.38017567926780
    1     -1     66058.0000000000      -0.44786668577895       0.12199132732552      -0.38017567926780
    1     -1     66059.0000000000      -0.44786668577895       0.12199132732552      -0.38017567926780
    1     -1     66059.0000000000       0.00000000000000       0.00000000000000       0.00000000000000
    1     -1     66059.0000000000       0.00000000000000       0.00000000000000       0.00000000000000
    1     -1     66059.0000000000      -0.44712285445580       0.12108312780167      -0.38133978085831
    1     -1     66060.0000000000      -0.44712285445580       0.12108312780167      -0.38133978085831
    1     -1     66061.0000000000      -0.44712285445580       0.12108312780167      -0.38133978085831
    1     -1     66061.0000000000       0.00000000000000       0.00000000000000       0.00000000000000
    1     -1     66061.0000000000       0.00000000000000       0.00000000000000       0.00000000000000
    1     -1     66061.0000000000      -0.44635881091457       0.12014462430056      -0.38252984256213
    1     -1     66062.0000000000      -0.44635881091457       0.12014462430056      -0.38252984256213
    1     -1     66063.0000000000      -0.44635881091457       0.12014462430056      -0.38252984256213
    1     -1     66063.0000000000       0.00000000000000       0.00000000000000       0.00000000000000
    1     -1     66063.0000000000       0.00000000000000       0.00000000000000       0.00000000000000
    1     -1     66063.0000000000      -0.44557344134716       0.11917494836371      -0.38374684276038
    1     -1     66064.0000000000      -0.44557344134716       0.11917494836371      -0.38374684276038
    1     -1     66065.0000000000      -0.44557344134716       0.11917494836371      -0.38374684276038
    1     -1     66065.0000000000       0.00000000000000       0.00000000000000       0.00000000000000
    1     -1     66065.0000000000       0.00000000000000       0.00000000000000       0.00000000000000
    1     -1     66065.0000000000      -0.44476543141445       0.11817301030305      -0.38499201281927
    1     -1     66066.0000000000      -0.44476543141445       0.11817301030305      -0.38499201281927
    1     -1     66067.0000000000      -0.44476543141445       0.11817301030305      -0.38499201281927
    1     -1     66067.0000000000       0.00000000000000       0.00000000000000       0.00000000000000
    1     -1     66067.0000000000       0.00000000000000       0.00000000000000       0.00000000000000
    1     -1     66067.0000000000      -0.44393379330049       0.11713806777599      -0.38626604759356
    1     -1     66068.0000000000      -0.44393379330049       0.11713806777599      -0.38626604759356
    1     -1     66069.0000000000      -0.44393379330049       0.11713806777599      -0.38626604759356
    1     -1     66069.0000000000       0.00000000000000       0.00000000000000       0.00000000000000
    1     -1     66069.0000000000       0.00000000000000       0.00000000000000       0.00000000000000
    1     -1     66069.0000000000      -0.21196419787150       0.05552631866660      -0.18541019159374
    1     -1     66070.0000000000      -0.21196419787150       0.05552631866660      -0.18541019159374
    1     -1     66071.0000000000      -0.21196419787150       0.05552631866660      -0.18541019159374
    1     -1     66071.0000000000       0.00000000000000       0.00000000000000       0.00000000000000
    1     -1     66323.0000000000       0.00000000000000       0.00000000000000       0.00000000000000
    1     -1     66323.0000000000       0.11046639777892      -0.06538824858901       0.04045907872325
    1     -1     66324.0000000000       0.11046639777892      -0.06538824858901       0.04045907872325
    1     -1     66325.0000000000       0.11046639777892      -0.06538824858901       0.04045907872325
    1     -1     66325.0000000000       0.00000000000000       0.00000000000000       0.00000000000000
    1     -1     66325.0000000000       0.00000000000000       0.00000000000000       0.00000000000000
    1     -1     66325.0000000000       0.49195006041879      -0.29153425200607       0.18163952554773
    1     -1     66326.0000000000       0.49195006041879      -0.29153425200607       0.18163952554773
    1     -1     66327.0000000000       0.49195006041879      -0.29153425200607       0.18163952554773
    1     -1     66327.0000000000       0.00000000000000       0.00000000000000       0.00000000000000
    1     -1     66327.0000000000       0.00000000000000       0.00000000000000       0.00000000000000
    1     -1     66327.0000000000       0.49145779055349      -0.29161140349361       0.18284427455287
    1     -1     66328.0000000000       0.49145779055349      -0.29161140349361       0.18284427455287
    1     -1     66329.0000000000       0.49145779055349      -0.29161140349361       0.18284427455287
    1     -1     66329.0000000000       0.00000000000000       0.00000000000000       0.00000000000000
    1     -1     66329.0000000000       0.00000000000000       0.00000000000000       0.00000000000000
    1     -1     66329.0000000000       0.49096852808271      -0.29172237078643       0.18397815657041
    1     -1     66330.0000000000       0.49096852808271      -0.29172237078643       0.18397815657041
    1     -1     66331.0000000000       0.49096852808271      -0.29172237078643       0.18397815657041
    1     -1     66331.0000000000       0.00000000000000       0.00000000000000       0.00000000000000
    1     -1     66331.0000000000       0.00000000000000       0.00000000000000       0.00000000000000
    1     -1     66331.0000000000       0.49048264339107      -0.29186582662959       0.18504354908489
    1     -1     66332.0000000000       0.49048264339107      -0.29186582662959       0.18504354908489
    1     -1     66333.0000000000       0.49048264339107      -0.29186582662959       0.18504354908489
    1     -1     66333.0000000000       0.00000000000000       0.00000000000000       0.00000000000000
    1     -1     66333.0000000000       0.00000000000000       0.00000000000000       0.00000000000000
    1     -1     66333.0000000000       0.49000049831746      -0.29204046207225       0.18604268177293
    1     -1     66334.0000000000       0.49000049831746      -0.29204046207225       0.18604268177293
    1     -1     66335.0000000000       0.49000049831746      -0.29204046207225       0.18604268177293
    1     -1     66335.0000000000       0.00000000000000       0.00000000000000       0.00000000000000
    1     -1     66335.0000000000       0.00000000000000       0.00000000000000       0.00000000000000
    1     -1     66335.0000000000       0.48952243906363      -0.29224499568986       0.18697765488803
    1     -1     66336.0000000000       0.48952243906363      -0.29224499568986       0.18697765488803
    1     -1     66337.0000000000       0.48952243906363      -0.29224499568986       0.18697765488803
    1     -1     66337.0000000000       0.00000000000000       0.00000000000000       0.00000000000000
    1     -1     66337.0000000000       0.00000000000000       0.00000000000000       0.00000000000000
    1     -1     66337.0000000000       0.48904879325816      -0.29247817845584       0.18785045174257
    1     -1     66338.0000000000       0.48904879325816      -0.29247817845584       0.18785045174257
    1     -1     66339.0000000000       0.48904879325816      -0.29247817845584       0.18785045174257
    1     -1     66339.0000000000       0.00000000000000       0.00000000000000       0.00000000000000
    1     -1     66339.0000000000       0.00000000000000       0.00000000000000       0.00000000000000
    1     -1     66339.0000000000       0.48857987192296      -0.29273878994433       0.18866295050612
    1     -1     66340.0000000000       0.48857987192296      -0.29273878994433       0.18866295050612
    1     -1     66341.0000000000       0.48857987192296      -0.29273878994433       0.18866295050612
    1     -1     66341.0000000000       0.00000000000000       0.00000000000000       0.00000000000000
    1     -1     66341.0000000000       0.00000000000000       0.00000000000000       0.00000000000000
    1     -1     66341.0000000000       0.48811597422862      -0.29302562465415       0.18941694295625
    1     -1     66342.0000000000       0.48811597422862      -0.29302562465415       0.18941694295625
    1     -1     66343.0000000000       0.48811597422862      -0.29302562465415       0.18941694295625
    1     -1     66343.0000000000       0.00000000000000       0.00000000000000       0.00000000000000
    1     -1     66343.0000000000       0.00000000000000       0.00000000000000       0.00000000000000
    1     -1     66343.0000000000       0.48765739347986      -0.29333749040959       0.19011413041810
    1     -1     66344.0000000000       0.48765739347986      -0.29333749040959       0.19011413041810
    1     -1     66345.0000000000       0.48765739347986      -0.29333749040959       0.19011413041810
    1     -1     66345.0000000000       0.00000000000000       0.00000000000000       0.00000000000000
    1     -1     66345.0000000000       0.00000000000000       0.00000000000000       0.00000000000000
    1     -1     66345.0000000000       0.48720441445128      -0.29367322203582       0.19075611780042
    1     -1     66346.0000000000       0.48720441445128      -0.29367322203582       0.19075611780042
    1     -1     66347.0000000000       0.48720441445128      -0.29367322203582       0.19075611780042
    1     -1     66347.0000000000       0.00000000000000       0.00000000000000       0.00000000000000
    1     -1     66347.0000000000       0.00000000000000       0.00000000000000       0.00000000000000
    1     -1     66347.0000000000       0.48675731195607      -0.29403167748669       0.19134443073073
    1     -1     66348.0000000000       0.48675731195607      -0.29403167748669       0.19134443073073
    1     -1     66349.0000000000       0.48675731195607      -0.29403167748669       0.19134443073073
    1     -1     66349.0000000000       0.00000000000000       0.00000000000000       0.00000000000000
    1     -1     66349.0000000000       0.00000000000000       0.00000000000000       0.00000000000000
    1     -1     66349.0000000000       0.48631635301003      -0.29441173183838       0.19188052592942
    1     -1     66350.0000000000       0.48631635301003      -0.29441173183838       0.19188052592942
    1     -1     66351.0000000000       0.48631635301003      -0.29441173183838       0.19188052592942
    1     -1     66351.0000000000       0.00000000000000       0.00000000000000       0.00000000000000
    1     -1     66351.0000000000       0.00000000000000       0.00000000000000       0.00000000000000
    1     -1     66351.0000000000       0.48588179841604      -0.29481227573734       0.19236579561494
    1     -1     66352.0000000000       0.48588179841604      -0.29481227573734       0.19236579561494
    1     -1     66353.0000000000       0.48588179841604      -0.29481227573734       0.19236579561494
    1     -1     66353.0000000000       0.00000000000000       0.00000000000000       0.00000000000000
    1     -1     66353.0000000000       0.00000000000000       0.00000000000000       0.00000000000000
    1     -1     66353.0000000000       0.48545390371273      -0.29523221483932       0.19280157149552
    1     -1     66354.0000000000       0.48545390371273      -0.29523221483932       0.19280157149552
    1     -1     66355.0000000000       0.48545390371273      -0.29523221483932       0.19280157149552
    1     -1     66355.0000000000       0.00000000000000       0.00000000000000       0.00000000000000
    1     -1     66355.0000000000       0.00000000000000       0.00000000000000       0.00000000000000
    1     -1     66355.0000000000       0.48503291978954      -0.29567046902530       0.19318912947365
    1     -1     66356.0000000000       0.48503291978954      -0.29567046902530       0.19318912947365
    1     -1     66357.0000000000       0.48503291978954      -0.29567046902530       0.19318912947365
    1     -1     66357.0000000000       0.00000000000000       0.00000000000000       0.00000000000000
    1     -1     66357.0000000000       0.00000000000000       0.00000000000000       0.00000000000000
    1     -1     66357.0000000000       0.48472203056497      -0.29600952794644       0.19345002385602
    1     -1     66358.0000000000       0.48472203056497      -0.29600952794644       0.19345002385602
    1     -1     66358.0000000000       0.00000000000000       0.00000000000000       0.00000000000000
    1  37730     66358.0000000000      270089372.604226470     -280940328.521114349      -18701076.514898453       12.8949207453382       13.9243116634960        0.8889111242739        1790.5104936835
    1  37730     66358.0000000000      270089372.604226470     -280940328.521114349      -18701076.514898453       12.8949207453382       13.9243116634960        0.8889111242739        1750.5104936835
    1     -1     66358.0000000000       0.00000000000000       0.00000000000000       0.00000000000000
    1     -1     66358.0000000000       0.07944651714960       0.00601817574567       0.59468649871465
    1     -1     66359.0000000000       0.07944651714960       0.00601817574567       0.59468649871465
    1     -1     66360.0000000000       0.07944651714960       0.00601817574567       0.59468649871465
    1     -1     66360.0000000000       0.00000000000000       0.00000000000000       0.00000000000000
    1     -1     66360.0000000000       0.00000000000000       0.00000000000000       0.00000000000000
    1     -1     66360.0000000000       0.07998407668935       0.00645970494579       0.59460980396237
    1     -1     66361.0000000000       0.07998407668935       0.00645970494579       0.59460980396237
    1     -1     66362.0000000000       0.07998407668935       0.00645970494579       0.59460980396237
    1     -1     66362.0000000000       0.00000000000000       0.00000000000000       0.00000000000000
    1     -1     66362.0000000000       0.00000000000000       0.00000000000000       0.00000000000000
    1     -1     66362.0000000000       0.08053726307515       0.00690807084136       0.59453008930887
    1     -1     66363.0000000000       0.08053726307515       0.00690807084136       0.59453008930887
    1     -1     66364.0000000000       0.08053726307515       0.00690807084136       0.59453008930887
    1     -1     66364.0000000000       0.00000000000000       0.00000000000000       0.00000000000000
    1     -1     66364.0000000000       0.00000000000000       0.00000000000000       0.00000000000000
    1     -1     66364.0000000000       0.08110672414320       0.00736343675194       0.59444720402905
    1     -1     66365.0000000000       0.08110672414320       0.00736343675194       0.59444720402905
    1     -1     66366.0000000000       0.08110672414320       0.00736343675194       0.59444720402905
    1     -1     66366.0000000000       0.00000000000000       0.00000000000000       0.00000000000000
    1     -1     66366.0000000000       0.00000000000000       0.00000000000000       0.00000000000000
    1     -1     66366.0000000000       0.08169314605118       0.00782600351990       0.59436098697439
    1     -1     66367.0000000000       0.08169314605118       0.00782600351990       0.59436098697439
    1     -1     66368.0000000000       0.08169314605118       0.00782600351990       0.59436098697439
    1     -1     66368.0000000000       0.00000000000000       0.00000000000000       0.00000000000000
    1     -1     66368.0000000000       0.00000000000000       0.00000000000000       0.00000000000000
    1     -1     66368.0000000000       0.04957967675296       0.00499790525818       0.35801597965763
    1     -1     66369.0000000000       0.04957967675296       0.00499790525818       0.35801597965763
    1     -1     66370.0000000000       0.04957967675296       0.00499790525818       0.35801597965763
    1     -1     66370.0000000000       0.00000000000000       0.00000000000000       0.00000000000000
    1     -1     66654.0000000000       0.00000000000000       0.00000000000000       0.00000000000000
    1     -1     66654.0000000000       0.00585385859759       0.00179182056793      -0.05002457227916
    1     -1     66655.0000000000       0.00585385859759       0.00179182056793      -0.05002457227916
    1     -1     66656.0000000000       0.00585385859759       0.00179182056793      -0.05002457227916
    1     -1     66656.0000000000       0.00000000000000       0.00000000000000       0.00000000000000
    1     -1     66656.0000000000       0.00000000000000       0.00000000000000       0.00000000000000
    1     -1     66656.0000000000       0.06921130866224       0.02112042310630      -0.59562045109371
    1     -1     66657.0000000000       0.06921130866224       0.02112042310630      -0.59562045109371
    1     -1     66658.0000000000       0.06921130866224       0.02112042310630      -0.59562045109371
    1     -1     66658.0000000000       0.00000000000000       0.00000000000000       0.00000000000000
    1     -1     66658.0000000000       0.00000000000000       0.00000000000000       0.00000000000000
    1     -1     66658.0000000000       0.06874981728561       0.02091790643920      -0.59568104140840
    1     -1     66659.0000000000       0.06874981728561       0.02091790643920      -0.59568104140840
    1     -1     66660.0000000000       0.06874981728561       0.02091790643920      -0.59568104140840
    1     -1     66660.0000000000       0.00000000000000       0.00000000000000       0.00000000000000
    1     -1     66660.0000000000       0.00000000000000       0.00000000000000       0.00000000000000
    1     -1     66660.0000000000       0.06830647050277       0.02072423591675      -0.59573881140406
    1     -1     66661.0000000000       0.06830647050277       0.02072423591675      -0.59573881140406
    1     -1     66662.0000000000       0.06830647050277       0.02072423591675      -0.59573881140406
    1     -1     66662.0000000000       0.00000000000000       0.00000000000000       0.00000000000000
    1     -1     66662.0000000000       0.00000000000000       0.00000000000000       0.00000000000000
    1     -1     66662.0000000000       0.06788047607042       0.02053911365768      -0.59579391156558
    1     -1     66663.0000000000       0.06788047607042       0.02053911365768      -0.59579391156558
    1     -1     66664.0000000000       0.06788047607042       0.02053911365768      -0.59579391156558
    1     -1     66664.0000000000       0.00000000000000       0.00000000000000       0.00000000000000
    1     -1     66664.0000000000       0.00000000000000       0.00000000000000       0.00000000000000
    1     -1     66664.0000000000       0.06747108967898       0.02036224331439      -0.59584648222905
    1     -1     66665.0000000000       0.06747108967898       0.02036224331439      -0.59584648222905
    1     -1     66666.0000000000       0.06747108967898       0.02036224331439      -0.59584648222905
    1     -1     66666.0000000000       0.00000000000000       0.00000000000000       0.00000000000000
    1     -1     66666.0000000000       0.00000000000000       0.00000000000000       0.00000000000000
    1     -1     66666.0000000000       0.06707759742909       0.02019334339515      -0.59589665554160
    1     -1     66667.0000000000       0.06707759742909       0.02019334339515      -0.59589665554160
    1     -1     66668.0000000000       0.06707759742909       0.02019334339515      -0.59589665554160
    1     -1     66668.0000000000       0.00000000000000       0.00000000000000       0.00000000000000
    1     -1     66668.0000000000       0.00000000000000       0.00000000000000       0.00000000000000
    1     -1     66668.0000000000       0.06669932503366       0.02003215084736      -0.59594455467978
    1     -1     66669.0000000000       0.06669932503366       0.02003215084736      -0.59594455467978
    1     -1     66670.0000000000       0.06669932503366       0.02003215084736      -0.59594455467978
    1     -1     66670.0000000000       0.00000000000000       0.00000000000000       0.00000000000000
    1     -1     66670.0000000000       0.00000000000000       0.00000000000000       0.00000000000000
    1     -1     66670.0000000000       0.06633563758421       0.01987841586566      -0.59599029442514
    1     -1     66671.0000000000       0.06633563758421       0.01987841586566      -0.59599029442514
    1     -1     66672.0000000000       0.06633563758421       0.01987841586566      -0.59599029442514
    1     -1     66672.0000000000       0.00000000000000       0.00000000000000       0.00000000000000
    1     -1     66672.0000000000       0.00000000000000       0.00000000000000       0.00000000000000
    1     -1     66672.0000000000       0.06598593224112       0.01973190036860      -0.59603398236520
    1     -1     66673.0000000000       0.06598593224112       0.01973190036860      -0.59603398236520
    1     -1     66674.0000000000       0.06598593224112       0.01973190036860      -0.59603398236520
    1     -1     66674.0000000000       0.00000000000000       0.00000000000000       0.00000000000000
    1     -1     66674.0000000000       0.00000000000000       0.00000000000000       0.00000000000000
    1     -1     66674.0000000000       0.06564963694564       0.01959237774529      -0.59607571933706
    1     -1     66675.0000000000       0.06564963694564       0.01959237774529      -0.59607571933706
    1     -1     66676.0000000000       0.06564963694564       0.01959237774529      -0.59607571933706
    1     -1     66676.0000000000       0.00000000000000       0.00000000000000       0.00000000000000
    1     -1     66676.0000000000       0.00000000000000       0.00000000000000       0.00000000000000
    1     -1     66676.0000000000       0.06532620929367       0.01945963254688      -0.59611559982981
    1     -1     66677.0000000000       0.06532620929367       0.01945963254688      -0.59611559982981
    1     -1     66678.0000000000       0.06532620929367       0.01945963254688      -0.59611559982981
    1     -1     66678.0000000000       0.00000000000000       0.00000000000000       0.00000000000000
    1     -1     66678.0000000000       0.00000000000000       0.00000000000000       0.00000000000000
    1     -1     66678.0000000000       0.06501513396533       0.01933345986459      -0.59615371253154
    1     -1     66679.0000000000       0.06501513396533       0.01933345986459      -0.59615371253154
    1     -1     66680.0000000000       0.06501513396533       0.01933345986459      -0.59615371253154
    1     -1     66680.0000000000       0.00000000000000       0.00000000000000       0.00000000000000
    1     -1     66680.0000000000       0.00000000000000       0.00000000000000       0.00000000000000
    1     -1     66680.0000000000       0.06471592080822       0.01921366485959      -0.59619014077441
    1     -1     66681.0000000000       0.06471592080822       0.01921366485959      -0.59619014077441
    1     -1     66682.0000000000       0.06471592080822       0.01921366485959      -0.59619014077441
    1     -1     66682.0000000000       0.00000000000000       0.00000000000000       0.00000000000000
    1     -1     66682.0000000000       0.00000000000000       0.00000000000000       0.00000000000000
    1     -1     66682.0000000000       0.06442810434345       0.01910006262177      -0.59622496279387
    1     -1     66683.0000000000       0.06442810434345       0.01910006262177      -0.59622496279387
    1     -1     66684.0000000000       0.06442810434345       0.01910006262177      -0.59622496279387
    1     -1     66684.0000000000       0.00000000000000       0.00000000000000       0.00000000000000
    1     -1     66684.0000000000       0.00000000000000       0.00000000000000       0.00000000000000
    1     -1     66684.0000000000       0.06415124339484       0.01899247791194      -0.59625825196274
    1     -1     66685.0000000000       0.06415124339484       0.01899247791194      -0.59625825196274
    1     -1     66686.0000000000       0.06415124339484       0.01899247791194      -0.59625825196274
    1     -1     66686.0000000000       0.00000000000000       0.00000000000000       0.00000000000000
    1     -1     66686.0000000000       0.00000000000000       0.00000000000000       0.00000000000000
    1     -1     66686.0000000000       0.06388491977440       0.01889074466829      -0.59629007711960
    1     -1     66687.0000000000       0.06388491977440       0.01889074466829      -0.59629007711960
    1     -1     66688.0000000000       0.06388491977440       0.01889074466829      -0.59629007711960
    1     -1     66688.0000000000       0.00000000000000       0.00000000000000       0.00000000000000
    1     -1     66688.0000000000       0.00000000000000       0.00000000000000       0.00000000000000
    1     -1     66688.0000000000       0.06362873660934       0.01879470544004      -0.59632050292181
    1     -1     66689.0000000000       0.06362873660934       0.01879470544004      -0.59632050292181
    1     -1     66690.0000000000       0.06362873660934       0.01879470544004      -0.59632050292181
    1     -1     66690.0000000000       0.00000000000000       0.00000000000000       0.00000000000000
    1     -1     66690.0000000000       0.00000000000000       0.00000000000000       0.00000000000000
    1     -1     66690.0000000000       0.06338231704994       0.01870421105130      -0.59634959013512
    1     -1     66691.0000000000       0.06338231704994       0.01870421105130      -0.59634959013512
    1     -1     66692.0000000000       0.06338231704994       0.01870421105130      -0.59634959013512
    1     -1     66692.0000000000       0.00000000000000       0.00000000000000       0.00000000000000
    1     -1     66692.0000000000       0.00000000000000       0.00000000000000       0.00000000000000
    1     -1     66692.0000000000       0.06314530308092       0.01861912022263      -0.59637739590041
    1     -1     66693.0000000000       0.06314530308092       0.01861912022263      -0.59637739590041
    1     -1     66694.0000000000       0.06314530308092       0.01861912022263      -0.59637739590041
    1     -1     66694.0000000000       0.00000000000000       0.00000000000000       0.00000000000000
    1     -1     66694.0000000000       0.00000000000000       0.00000000000000       0.00000000000000
    1     -1     66694.0000000000       0.06291735464447       0.01853929934233      -0.59640397395091
    1     -1     66695.0000000000       0.06291735464447       0.01853929934233      -0.59640397395091
    1     -1     66696.0000000000       0.06291735464447       0.01853929934233      -0.59640397395091
    1     -1     66696.0000000000       0.00000000000000       0.00000000000000       0.00000000000000
    1     -1     66696.0000000000       0.00000000000000       0.00000000000000       0.00000000000000
    1     -1     66696.0000000000       0.06269814871679       0.01846462217532      -0.59642937482606
    1     -1     66697.0000000000       0.06269814871679       0.01846462217532      -0.59642937482606
    1     -1     66698.0000000000       0.06269814871679       0.01846462217532      -0.59642937482606
    1     -1     66698.0000000000       0.00000000000000       0.00000000000000       0.00000000000000
    1     -1     66698.0000000000       0.00000000000000       0.00000000000000       0.00000000000000
    1     -1     66698.0000000000       0.06248737858564       0.01839496967727      -0.59645364605145
    1     -1     66699.0000000000       0.06248737858564       0.01839496967727      -0.59645364605145
    1     -1     66700.0000000000       0.06248737858564       0.01839496967727      -0.59645364605145
    1     -1     66700.0000000000       0.00000000000000       0.00000000000000       0.00000000000000
    1     -1     66700.0000000000       0.00000000000000       0.00000000000000       0.00000000000000
    1     -1     66700.0000000000       0.06228475305020       0.01833022973353      -0.59647683232075
    1     -1     66701.0000000000       0.06228475305020       0.01833022973353      -0.59647683232075
    1     -1     66702.0000000000       0.06228475305020       0.01833022973353      -0.59647683232075
    1     -1     66702.0000000000       0.00000000000000       0.00000000000000       0.00000000000000
    1     -1     66702.0000000000       0.00000000000000       0.00000000000000       0.00000000000000
    1     -1     66702.0000000000       0.06208999581084       0.01827029698853      -0.59649897564720
    1     -1     66703.0000000000       0.06208999581084       0.01827029698853      -0.59649897564720
    1     -1     66704.0000000000       0.06208999581084       0.01827029698853      -0.59649897564720
    1     -1     66704.0000000000       0.00000000000000       0.00000000000000       0.00000000000000
    1     -1     66704.0000000000       0.00000000000000       0.00000000000000       0.00000000000000
    1     -1     66704.0000000000       0.06194881344356       0.01822832989860      -0.59651493843997
    1     -1     66705.0000000000       0.06194881344356       0.01822832989860      -0.59651493843997
    1     -1     66705.0000000000       0.00000000000000       0.00000000000000       0.00000000000000
    1  46483     66705.0000000000      296533479.910742164      250928284.610578239       19505194.208141260      -11.3904622887000       15.2393835495669       -0.4241650416530        1670.7245761663
    1  46483     66705.0000000000      296533479.910742164      250928284.610578239       19505194.208141260      -11.3904622887000       15.2393835495669       -0.4241650416530        1630.7245761663
    1     -1     66728.0000000000       0.00000000000000       0.00000000000000       0.00000000000000
    1     -1     66728.0000000000       0.02803010574418       0.14754180761019       0.58090078968709
    1     -1     66729.0000000000       0.02803010574418       0.14754180761019       0.58090078968709
    1     -1     66730.0000000000       0.02803010574418       0.14754180761019       0.58090078968709
    1     -1     66730.0000000000       0.00000000000000       0.00000000000000       0.00000000000000
    1     -1     66730.0000000000       0.00000000000000       0.00000000000000       0.00000000000000
    1     -1     66730.0000000000       0.02920708794823       0.14338104409968       0.58188385566749
    1     -1     66731.0000000000       0.02920708794823       0.14338104409968       0.58188385566749
    1     -1     66732.0000000000       0.02920708794823       0.14338104409968       0.58188385566749
    1     -1     66732.0000000000       0.00000000000000       0.00000000000000       0.00000000000000
    1     -1     66732.0000000000       0.00000000000000       0.00000000000000       0.00000000000000
    1     -1     66732.0000000000       0.03041421908149       0.13919197982147       0.58283837151567
    1     -1     66733.0000000000       0.03041421908149       0.13919197982147       0.58283837151567
    1     -1     66734.0000000000       0.03041421908149       0.13919197982147       0.58283837151567
    1     -1     66734.0000000000       0.00000000000000       0.00000000000000       0.00000000000000
    1     -1     66734.0000000000       0.00000000000000       0.00000000000000       0.00000000000000
    1     -1     66734.0000000000       0.03165130778372       0.13497427785929       0.58376376926968
    1     -1     66735.0000000000       0.03165130778372       0.13497427785929       0.58376376926968
    1     -1     66736.0000000000       0.03165130778372       0.13497427785929       0.58376376926968
    1     -1     66736.0000000000       0.00000000000000       0.00000000000000       0.00000000000000
    1     -1     66736.0000000000       0.00000000000000       0.00000000000000       0.00000000000000
    1     -1     66736.0000000000       0.03291815467980       0.13072758761026       0.58465946687801
    1     -1     66737.0000000000       0.03291815467980       0.13072758761026       0.58465946687801
    1     -1     66738.0000000000       0.03291815467980       0.13072758761026       0.58465946687801
    1     -1     66738.0000000000       0.00000000000000       0.00000000000000       0.00000000000000
    1     -1     66738.0000000000       0.00000000000000       0.00000000000000       0.00000000000000
    1     -1     66738.0000000000       0.03421455229293       0.12645154474801       0.58552486755238
    1     -1     66739.0000000000       0.03421455229293       0.12645154474801       0.58552486755238
    1     -1     66740.0000000000       0.03421455229293       0.12645154474801       0.58552486755238
    1     -1     66740.0000000000       0.00000000000000       0.00000000000000       0.00000000000000
    1     -1     66740.0000000000       0.00000000000000       0.00000000000000       0.00000000000000
    1     -1     66740.0000000000       0.03554028507031       0.12214577109550       0.58635935911402
    1     -1     66741.0000000000       0.03554028507031       0.12214577109550       0.58635935911402
    1     -1     66742.0000000000       0.03554028507031       0.12214577109550       0.58635935911402
    1     -1     66742.0000000000       0.00000000000000       0.00000000000000       0.00000000000000
    1     -1     66742.0000000000       0.00000000000000       0.00000000000000       0.00000000000000
    1     -1     66742.0000000000       0.03689512913850       0.11780987478544       0.58716231327367
    1     -1     66743.0000000000       0.03689512913850       0.11780987478544       0.58716231327367
    1     -1     66744.0000000000       0.03689512913850       0.11780987478544       0.58716231327367
    1     -1     66744.0000000000       0.00000000000000       0.00000000000000       0.00000000000000
    1     -1     66744.0000000000       0.00000000000000       0.00000000000000       0.00000000000000
    1     -1     66744.0000000000       0.03827885242186       0.11344345007945       0.58793308494363
    1     -1     66745.0000000000       0.03827885242186       0.11344345007945       0.58793308494363
    1     -1     66746.0000000000       0.03827885242186       0.11344345007945       0.58793308494363
    1     -1     66746.0000000000       0.00000000000000       0.00000000000000       0.00000000000000
    1     -1     66746.0000000000       0.00000000000000       0.00000000000000       0.00000000000000
    1     -1     66746.0000000000       0.03969121439162       0.10904607756760       0.58867101147181
    1     -1     66747.0000000000       0.03969121439162       0.10904607756760       0.58867101147181
    1     -1     66748.0000000000       0.03969121439162       0.10904607756760       0.58867101147181
    1     -1     66748.0000000000       0.00000000000000       0.00000000000000       0.00000000000000
    1     -1     66748.0000000000       0.00000000000000       0.00000000000000       0.00000000000000
    1     -1     66748.0000000000       0.04113196599440       0.10461732423737       0.58937541187502
    1     -1     66749.0000000000       0.04113196599440       0.10461732423737       0.58937541187502
    1     -1     66750.0000000000       0.04113196599440       0.10461732423737       0.58937541187502
    1     -1     66750.0000000000       0.00000000000000       0.00000000000000       0.00000000000000
    1     -1     66750.0000000000       0.00000000000000       0.00000000000000       0.00000000000000
    1     -1     66750.0000000000       0.04260084953696       0.10015674358332       0.59004558604697
    1     -1     66751.0000000000       0.04260084953696       0.10015674358332       0.59004558604697
    1     -1     66752.0000000000       0.04260084953696       0.10015674358332       0.59004558604697
    1     -1     66752.0000000000       0.00000000000000       0.00000000000000       0.00000000000000
    1     -1     66752.0000000000       0.00000000000000       0.00000000000000       0.00000000000000
    1     -1     66752.0000000000       0.04409759851239       0.09566387582470       0.59068081393223
    1     -1     66753.0000000000       0.04409759851239       0.09566387582470       0.59068081393223
    1     -1     66754.0000000000       0.04409759851239       0.09566387582470       0.59068081393223
    1     -1     66754.0000000000       0.00000000000000       0.00000000000000       0.00000000000000
    1     -1     66754.0000000000       0.00000000000000       0.00000000000000       0.00000000000000
    1     -1     66754.0000000000       0.04562193745842       0.09113824811155       0.59128035468270
    1     -1     66755.0000000000       0.04562193745842       0.09113824811155       0.59128035468270
    1     -1     66756.0000000000       0.04562193745842       0.09113824811155       0.59128035468270
    1     -1     66756.0000000000       0.00000000000000       0.00000000000000       0.00000000000000
    1     -1     66756.0000000000       0.00000000000000       0.00000000000000       0.00000000000000
    1     -1     66756.0000000000       0.04717358175202       0.08657937482876       0.59184344578524
    1     -1     66757.0000000000       0.04717358175202       0.08657937482876       0.59184344578524
    1     -1     66758.0000000000       0.04717358175202       0.08657937482876       0.59184344578524
    1     -1     66758.0000000000       0.00000000000000       0.00000000000000       0.00000000000000
    1     -1     66758.0000000000       0.00000000000000       0.00000000000000       0.00000000000000
    1     -1     66758.0000000000       0.04875223741443       0.08198675792266       0.59236930216919
    1     -1     66759.0000000000       0.04875223741443       0.08198675792266       0.59236930216919
    1     -1     66760.0000000000       0.04875223741443       0.08198675792266       0.59236930216919
    1     -1     66760.0000000000       0.00000000000000       0.00000000000000       0.00000000000000
    1     -1     66760.0000000000       0.00000000000000       0.00000000000000       0.00000000000000
    1     -1     66760.0000000000       0.05035760087603       0.07735988730466       0.59285711529020
    1     -1     66761.0000000000       0.05035760087603       0.07735988730466       0.59285711529020
    1     -1     66762.0000000000       0.05035760087603       0.07735988730466       0.59285711529020
    1     -1     66762.0000000000       0.00000000000000       0.00000000000000       0.00000000000000
    1     -1     66762.0000000000       0.00000000000000       0.00000000000000       0.00000000000000
    1     -1     66762.0000000000       0.05198935873102       0.07269824131176       0.59330605219306
    1     -1     66763.0000000000       0.05198935873102       0.07269824131176       0.59330605219306
    1     -1     66764.0000000000       0.05198935873102       0.07269824131176       0.59330605219306
    1     -1     66764.0000000000       0.00000000000000       0.00000000000000       0.00000000000000
    1     -1     66764.0000000000       0.00000000000000       0.00000000000000       0.00000000000000
    1     -1     66764.0000000000       0.05364718745943       0.06800128720231       0.59371525455939
    1     -1     66765.0000000000       0.05364718745943       0.06800128720231       0.59371525455939
    1     -1     66766.0000000000       0.05364718745943       0.06800128720231       0.59371525455939
    1     -1     66766.0000000000       0.00000000000000       0.00000000000000       0.00000000000000
    1     -1     66766.0000000000       0.00000000000000       0.00000000000000       0.00000000000000
    1     -1     66766.0000000000       0.05533075312457       0.06326848179675       0.59408383772815
    1     -1     66767.0000000000       0.05533075312457       0.06326848179675       0.59408383772815
    1     -1     66768.0000000000       0.05533075312457       0.06326848179675       0.59408383772815
    1     -1     66768.0000000000       0.00000000000000       0.00000000000000       0.00000000000000
    1     -1     66768.0000000000       0.00000000000000       0.00000000000000       0.00000000000000
    1     -1     66768.0000000000       0.05703971104174       0.05849927211580       0.59441088971031
    1     -1     66769.0000000000       0.05703971104174       0.05849927211580       0.59441088971031
    1     -1     66770.0000000000       0.05703971104174       0.05849927211580       0.59441088971031
    1     -1     66770.0000000000       0.00000000000000       0.00000000000000       0.00000000000000
    1     -1     66770.0000000000       0.00000000000000       0.00000000000000       0.00000000000000
    1     -1     66770.0000000000       0.05877370542154       0.05369309613646       0.59469547018479
    1     -1     66771.0000000000       0.05877370542154       0.05369309613646       0.59469547018479
    1     -1     66772.0000000000       0.05877370542154       0.05369309613646       0.59469547018479
    1     -1     66772.0000000000       0.00000000000000       0.00000000000000       0.00000000000000
    1     -1     66772.0000000000       0.00000000000000       0.00000000000000       0.00000000000000
    1     -1     66772.0000000000       0.06053236897944       0.04884938361384       0.59493660948565
    1     -1     66773.0000000000       0.06053236897944       0.04884938361384       0.59493660948565
    1     -1     66774.0000000000       0.06053236897944       0.04884938361384       0.59493660948565
    1     -1     66774.0000000000       0.00000000000000       0.00000000000000       0.00000000000000
    1     -1     66774.0000000000       0.00000000000000       0.00000000000000       0.00000000000000
    1     -1     66774.0000000000       0.06231532253822       0.04396755699199       0.59513330757832
    1     -1     66775.0000000000       0.06231532253822       0.04396755699199       0.59513330757832
    1     -1     66776.0000000000       0.06231532253822       0.04396755699199       0.59513330757832
    1     -1     66776.0000000000       0.00000000000000       0.00000000000000       0.00000000000000
    1     -1     66776.0000000000       0.00000000000000       0.00000000000000       0.00000000000000
    1     -1     66776.0000000000       0.06412217461801       0.03904703233610       0.59528453303273
    1     -1     66777.0000000000       0.06412217461801       0.03904703233610       0.59528453303273
    1     -1     66778.0000000000       0.06412217461801       0.03904703233610       0.59528453303273
    1     -1     66778.0000000000       0.00000000000000       0.00000000000000       0.00000000000000
    1     -1     66778.0000000000       0.00000000000000       0.00000000000000       0.00000000000000
    1     -1     66778.0000000000       0.06595252102655       0.03408722024515       0.59538922199365
    1     -1     66779.0000000000       0.06595252102655       0.03408722024515       0.59538922199365
    1     -1     66780.0000000000       0.06595252102655       0.03408722024515       0.59538922199365
    1     -1     66780.0000000000       0.00000000000000       0.00000000000000       0.00000000000000
    1     -1     66780.0000000000       0.00000000000000       0.00000000000000       0.00000000000000
    1     -1     66780.0000000000       0.06780594434181       0.02908752696336       0.59544627714603
    1     -1     66781.0000000000       0.06780594434181       0.02908752696336       0.59544627714603
    1     -1     66782.0000000000       0.06780594434181       0.02908752696336       0.59544627714603
    1     -1     66782.0000000000       0.00000000000000       0.00000000000000       0.00000000000000
    1     -1     66782.0000000000       0.00000000000000       0.00000000000000       0.00000000000000
    1     -1     66782.0000000000       0.06968201227790       0.02404735690534       0.59545456675616
    1     -1     66783.0000000000       0.06968201227790       0.02404735690534       0.59545456675616
    1     -1     66784.0000000000       0.06968201227790       0.02404735690534       0.59545456675616
    1     -1     66784.0000000000       0.00000000000000       0.00000000000000       0.00000000000000
    1     -1     66784.0000000000       0.00000000000000       0.00000000000000       0.00000000000000
    1     -1     66784.0000000000       0.07158027632106       0.01896611624420       0.59541292373983
    1     -1     66785.0000000000       0.07158027632106       0.01896611624420       0.59541292373983
    1     -1     66786.0000000000       0.07158027632106       0.01896611624420       0.59541292373983
    1     -1     66786.0000000000       0.00000000000000       0.00000000000000       0.00000000000000
    1     -1     66786.0000000000       0.00000000000000       0.00000000000000       0.00000000000000
    1     -1     66786.0000000000       0.07350027393284       0.01384320217062       0.59532014476705
    1     -1     66787.0000000000       0.07350027393284       0.01384320217062       0.59532014476705
    1     -1     66788.0000000000       0.07350027393284       0.01384320217062       0.59532014476705
    1     -1     66788.0000000000       0.00000000000000       0.00000000000000       0.00000000000000
    1     -1     66788.0000000000       0.00000000000000       0.00000000000000       0.00000000000000
    1     -1     66788.0000000000       0.02629171191176       0.00302449188986       0.20742150794607
    1     -1     66789.0000000000       0.02629171191176       0.00302449188986       0.20742150794607
    1     -1     66790.0000000000       0.02629171191176       0.00302449188986       0.20742150794607
    1     -1     66790.0000000000       0.00000000000000       0.00000000000000       0.00000000000000
    1     -1     66988.0000000000       0.00000000000000       0.00000000000000       0.00000000000000
    1     -1     66988.0000000000       0.14503168596352      -0.41248542958587       0.09438399461530
    1     -1     66989.0000000000       0.14503168596352      -0.41248542958587       0.09438399461530
    1     -1     66990.0000000000       0.14503168596352      -0.41248542958587       0.09438399461530
    1     -1     66990.0000000000       0.00000000000000       0.00000000000000       0.00000000000000
    1     -1     66990.0000000000       0.00000000000000       0.00000000000000       0.00000000000000
    1     -1     66990.0000000000       0.19360075057429      -0.55513958874396       0.11974466863398
    1     -1     66991.0000000000       0.19360075057429      -0.55513958874396       0.11974466863398
    1     -1     66992.0000000000       0.19360075057429      -0.55513958874396       0.11974466863398
    1     -1     66992.0000000000       0.00000000000000       0.00000000000000       0.00000000000000
    1     -1     66992.0000000000       0.00000000000000       0.00000000000000       0.00000000000000
    1     -1     66992.0000000000       0.19264744585121      -0.55688643526921       0.11297990573617
    1     -1     66993.0000000000       0.19264744585121      -0.55688643526921       0.11297990573617
    1     -1     66994.0000000000       0.19264744585121      -0.55688643526921       0.11297990573617
    1     -1     66994.0000000000       0.00000000000000       0.00000000000000       0.00000000000000
    1     -1     66994.0000000000       0.00000000000000       0.00000000000000       0.00000000000000
    1     -1     66994.0000000000       0.19168039871053      -0.55853099432436       0.10630970044738
    1     -1     66995.0000000000       0.19168039871053      -0.55853099432436       0.10630970044738
    1     -1     66996.0000000000       0.19168039871053      -0.55853099432436       0.10630970044738
    1     -1     66996.0000000000       0.00000000000000       0.00000000000000       0.00000000000000
    1     -1     66996.0000000000       0.00000000000000       0.00000000000000       0.00000000000000
    1     -1     66996.0000000000       0.19070178970809      -0.56007638497409       0.09973599990216
    1     -1     66997.0000000000       0.19070178970809      -0.56007638497409       0.09973599990216
    1     -1     66998.0000000000       0.19070178970809      -0.56007638497409       0.09973599990216
    1     -1     66998.0000000000       0.00000000000000       0.00000000000000       0.00000000000000
    1     -1     66998.0000000000       0.00000000000000       0.00000000000000       0.00000000000000
    1     -1     66998.0000000000       0.18971328764016      -0.56152594955586       0.09326025813901
    1     -1     66999.0000000000       0.18971328764016      -0.56152594955586       0.09326025813901
    1     -1     67000.0000000000       0.18971328764016      -0.56152594955586       0.09326025813901
    1     -1     67000.0000000000       0.00000000000000       0.00000000000000       0.00000000000000
    1     -1     67000.0000000000       0.00000000000000       0.00000000000000       0.00000000000000
    1     -1     67000.0000000000       0.18871703672646      -0.56288279372027       0.08688405988930
    1     -1     67001.0000000000       0.18871703672646      -0.56288279372027       0.08688405988930
    1     -1     67002.0000000000       0.18871703672646      -0.56288279372027       0.08688405988930
    1     -1     67002.0000000000       0.00000000000000       0.00000000000000       0.00000000000000
    1     -1     67002.0000000000       0.00000000000000       0.00000000000000       0.00000000000000
    1     -1     67002.0000000000       0.18771489500976      -0.56415011738056       0.08060870009481
    1     -1     67003.0000000000       0.18771489500976      -0.56415011738056       0.08060870009481
    1     -1     67004.0000000000       0.18771489500976      -0.56415011738056       0.08060870009481
    1     -1     67004.0000000000       0.00000000000000       0.00000000000000       0.00000000000000
    1     -1     67004.0000000000       0.00000000000000       0.00000000000000       0.00000000000000
    1     -1     67004.0000000000       0.18670865985643      -0.56533111950752       0.07443521297739
    1     -1     67005.0000000000       0.18670865985643      -0.56533111950752       0.07443521297739
    1     -1     67006.0000000000       0.18670865985643      -0.56533111950752       0.07443521297739
    1     -1     67006.0000000000       0.00000000000000       0.00000000000000       0.00000000000000
    1     -1     67006.0000000000       0.00000000000000       0.00000000000000       0.00000000000000
    1     -1     67006.0000000000       0.18570006885372      -0.56642897753267       0.06836444338263
    1     -1     67007.0000000000       0.18570006885372      -0.56642897753267       0.06836444338263
    1     -1     67008.0000000000       0.18570006885372      -0.56642897753267       0.06836444338263
    1     -1     67008.0000000000       0.00000000000000       0.00000000000000       0.00000000000000
    1     -1     67008.0000000000       0.00000000000000       0.00000000000000       0.00000000000000
    1     -1     67008.0000000000       0.18469080640719      -0.56744684051773       0.06239702312693
    1     -1     67009.0000000000       0.18469080640719      -0.56744684051773       0.06239702312693
    1     -1     67010.0000000000       0.18469080640719      -0.56744684051773       0.06239702312693
    1     -1     67010.0000000000       0.00000000000000       0.00000000000000       0.00000000000000
    1     -1     67010.0000000000       0.00000000000000       0.00000000000000       0.00000000000000
    1     -1     67010.0000000000       0.18368254847318      -0.56838779718438       0.05653346511835
    1     -1     67011.0000000000       0.18368254847318      -0.56838779718438       0.05653346511835
    1     -1     67012.0000000000       0.18368254847318      -0.56838779718438       0.05653346511835
    1     -1     67012.0000000000       0.00000000000000       0.00000000000000       0.00000000000000
    1     -1     67012.0000000000       0.00000000000000       0.00000000000000       0.00000000000000
    1     -1     67012.0000000000       0.18292795456765      -0.56904480480619       0.05220510358943
    1     -1     67013.0000000000       0.18292795456765      -0.56904480480619       0.05220510358943
    1     -1     67013.0000000000       0.00000000000000       0.00000000000000       0.00000000000000
    1  37606     67013.0000000000     -129492276.578112736      413974211.957868814       34831211.952574939      -16.4842692684045       -4.2124114860537        0.3269345649996        1518.1441264011
    1  37606     67013.0000000000     -129492276.578112736      413974211.957868814       34831211.952574939      -16.4842692684045       -4.2124114860537        0.3269345649996        1478.1441264011
    1  37606     67703.0000000000     -204323705.996487498     -357916264.776093662      -18009058.572643824       16.2145612401945       -7.6647099346136       -1.1737384626186        1478.1441264011
    1  37606     67703.0000000000     -204323705.996487498     -357916264.776093662      -18009058.572643824       16.2145612401945       -7.6647099346136       -1.1737384626186        1497.0352968323
    1     -1     67703.0000000000       0.00000000000000       0.00000000000000       0.00000000000000
    1     -1     67703.0000000000      -0.44308881088374      -0.37531466882120       0.15103378535039
    1     -1     67704.0000000000      -0.44308881088374      -0.37531466882120       0.15103378535039
    1     -1     67705.0000000000      -0.44308881088374      -0.37531466882120       0.15103378535039
    1     -1     67705.0000000000       0.00000000000000       0.00000000000000       0.00000000000000
    1     -1     67705.0000000000       0.00000000000000       0.00000000000000       0.00000000000000
    1     -1     67705.0000000000      -0.44325117283195      -0.37415873679453       0.15340676889702
    1     -1     67706.0000000000      -0.44325117283195      -0.37415873679453       0.15340676889702
    1     -1     67707.0000000000      -0.44325117283195      -0.37415873679453       0.15340676889702
    1     -1     67707.0000000000       0.00000000000000       0.00000000000000       0.00000000000000
    1     -1     67707.0000000000       0.00000000000000       0.00000000000000       0.00000000000000
    1     -1     67707.0000000000      -0.44339237322078      -0.37299924488479       0.15580361345304
    1     -1     67708.0000000000      -0.44339237322078      -0.37299924488479       0.15580361345304
    1     -1     67709.0000000000      -0.44339237322078      -0.37299924488479       0.15580361345304
    1     -1     67709.0000000000       0.00000000000000       0.00000000000000       0.00000000000000
    1     -1     67709.0000000000       0.00000000000000       0.00000000000000       0.00000000000000
    1     -1     67709.0000000000      -0.44351156767900      -0.37183660083807       0.15822462163678
    1     -1     67710.0000000000      -0.44351156767900      -0.37183660083807       0.15822462163678
    1     -1     67711.0000000000      -0.44351156767900      -0.37183660083807       0.15822462163678
    1     -1     67711.0000000000       0.00000000000000       0.00000000000000       0.00000000000000
    1     -1     67711.0000000000       0.00000000000000       0.00000000000000       0.00000000000000
    1     -1     67711.0000000000      -0.44360788788961      -0.37067121072246       0.16067014229055
    1     -1     67712.0000000000      -0.44360788788961      -0.37067121072246       0.16067014229055
    1     -1     67713.0000000000      -0.44360788788961      -0.37067121072246       0.16067014229055
    1     -1     67713.0000000000       0.00000000000000       0.00000000000000       0.00000000000000
    1     -1     67713.0000000000       0.00000000000000       0.00000000000000       0.00000000000000
    1     -1     67713.0000000000      -0.44368044616705      -0.36950347570602       0.16314056028522
    1     -1     67714.0000000000      -0.44368044616705      -0.36950347570602       0.16314056028522
    1     -1     67715.0000000000      -0.44368044616705      -0.36950347570602       0.16314056028522
    1     -1     67715.0000000000       0.00000000000000       0.00000000000000       0.00000000000000
    1     -1     67715.0000000000       0.00000000000000       0.00000000000000       0.00000000000000
    1     -1     67715.0000000000      -0.44372834136963      -0.36833378648769       0.16563628852698
    1     -1     67716.0000000000      -0.44372834136963      -0.36833378648769       0.16563628852698
    1     -1     67717.0000000000      -0.44372834136963      -0.36833378648769       0.16563628852698
    1     -1     67717.0000000000       0.00000000000000       0.00000000000000       0.00000000000000
    1     -1     67717.0000000000       0.00000000000000       0.00000000000000       0.00000000000000
    1     -1     67717.0000000000      -0.44375065954352      -0.36716252162179       0.16815776565779
    1     -1     67718.0000000000      -0.44375065954352      -0.36716252162179       0.16815776565779
    1     -1     67719.0000000000      -0.44375065954352      -0.36716252162179       0.16815776565779
    1     -1     67719.0000000000       0.00000000000000       0.00000000000000       0.00000000000000
    1     -1     67719.0000000000       0.00000000000000       0.00000000000000       0.00000000000000
    1     -1     67719.0000000000      -0.44374647283489      -0.36599004664581       0.17070545651147
    1     -1     67720.0000000000      -0.44374647283489      -0.36599004664581       0.17070545651147
    1     -1     67721.0000000000      -0.44374647283489      -0.36599004664581       0.17070545651147
    1     -1     67721.0000000000       0.00000000000000       0.00000000000000       0.00000000000000
    1     -1     67721.0000000000       0.00000000000000       0.00000000000000       0.00000000000000
    1     -1     67721.0000000000      -0.44371483818547      -0.36481671310508       0.17327985310836
    1     -1     67722.0000000000      -0.44371483818547      -0.36481671310508       0.17327985310836
    1     -1     67723.0000000000      -0.44371483818547      -0.36481671310508       0.17327985310836
    1     -1     67723.0000000000       0.00000000000000       0.00000000000000       0.00000000000000
    1     -1     67723.0000000000       0.00000000000000       0.00000000000000       0.00000000000000
    1     -1     67723.0000000000      -0.44365479600958      -0.36364285744855       0.17588147567140
    1     -1     67724.0000000000      -0.44365479600958      -0.36364285744855       0.17588147567140
    1     -1     67725.0000000000      -0.44365479600958      -0.36364285744855       0.17588147567140
    1     -1     67725.0000000000       0.00000000000000       0.00000000000000       0.00000000000000
    1     -1     67725.0000000000       0.00000000000000       0.00000000000000       0.00000000000000
    1     -1     67725.0000000000      -0.44356536881466      -0.36246879985126       0.17851087362596
    1     -1     67726.0000000000      -0.44356536881466      -0.36246879985126       0.17851087362596
    1     -1     67727.0000000000      -0.44356536881466      -0.36246879985126       0.17851087362596
    1     -1     67727.0000000000       0.00000000000000       0.00000000000000       0.00000000000000
    1     -1     67727.0000000000       0.00000000000000       0.00000000000000       0.00000000000000
    1     -1     67727.0000000000      -0.44344555975027      -0.36129484299074       0.18116862655013
    1     -1     67728.0000000000      -0.44344555975027      -0.36129484299074       0.18116862655013
    1     -1     67729.0000000000      -0.44344555975027      -0.36129484299074       0.18116862655013
    1     -1     67729.0000000000       0.00000000000000       0.00000000000000       0.00000000000000
    1     -1     67729.0000000000       0.00000000000000       0.00000000000000       0.00000000000000
    1     -1     67729.0000000000      -0.44329435104650      -0.36012127079354       0.18385534512848
    1     -1     67730.0000000000      -0.44329435104650      -0.36012127079354       0.18385534512848
    1     -1     67731.0000000000      -0.44329435104650      -0.36012127079354       0.18385534512848
    1     -1     67731.0000000000       0.00000000000000       0.00000000000000       0.00000000000000
    1     -1     67731.0000000000       0.00000000000000       0.00000000000000       0.00000000000000
    1     -1     67731.0000000000      -0.44311070235297      -0.35894834715317       0.18657167206270
    1     -1     67732.0000000000      -0.44311070235297      -0.35894834715317       0.18657167206270
    1     -1     67733.0000000000      -0.44311070235297      -0.35894834715317       0.18657167206270
    1     -1     67733.0000000000       0.00000000000000       0.00000000000000       0.00000000000000
    1     -1     67733.0000000000       0.00000000000000       0.00000000000000       0.00000000000000
    1     -1     67733.0000000000      -0.44289354894972      -0.35777631462549       0.18931828298324
    1     -1     67734.0000000000      -0.44289354894972      -0.35777631462549       0.18931828298324
    1     -1     67735.0000000000      -0.44289354894972      -0.35777631462549       0.18931828298324
    1     -1     67735.0000000000       0.00000000000000       0.00000000000000       0.00000000000000
    1     -1     67735.0000000000       0.00000000000000       0.00000000000000       0.00000000000000
    1     -1     67735.0000000000      -0.44264179983883      -0.35660539310237       0.19209588732127
    1     -1     67736.0000000000      -0.44264179983883      -0.35660539310237       0.19209588732127
    1     -1     67737.0000000000      -0.44264179983883      -0.35660539310237       0.19209588732127
    1     -1     67737.0000000000       0.00000000000000       0.00000000000000       0.00000000000000
    1     -1     67737.0000000000       0.00000000000000       0.00000000000000       0.00000000000000
    1     -1     67737.0000000000      -0.44235433570566      -0.35543577846640       0.19490522914584
    1     -1     67738.0000000000      -0.44235433570566      -0.35543577846640       0.19490522914584
    1     -1     67739.0000000000      -0.44235433570566      -0.35543577846640       0.19490522914584
    1     -1     67739.0000000000       0.00000000000000       0.00000000000000       0.00000000000000
    1     -1     67739.0000000000       0.00000000000000       0.00000000000000       0.00000000000000
    1     -1     67739.0000000000      -0.44203000674607      -0.35426764123411       0.19774708794440
    1     -1     67740.0000000000      -0.44203000674607      -0.35426764123411       0.19774708794440
    1     -1     67741.0000000000      -0.44203000674607      -0.35426764123411       0.19774708794440
    1     -1     67741.0000000000       0.00000000000000       0.00000000000000       0.00000000000000
    1     -1     67741.0000000000       0.00000000000000       0.00000000000000       0.00000000000000
    1     -1     67741.0000000000      -0.44166763034293      -0.35310112519607       0.20062227935236
    1     -1     67742.0000000000      -0.44166763034293      -0.35310112519607       0.20062227935236
    1     -1     67743.0000000000      -0.44166763034293      -0.35310112519607       0.20062227935236
    1     -1     67743.0000000000       0.00000000000000       0.00000000000000       0.00000000000000
    1     -1     67743.0000000000       0.00000000000000       0.00000000000000       0.00000000000000
    1     -1     67743.0000000000      -0.44126598852815      -0.35193634604395       0.20353165596906
    1     -1     67744.0000000000      -0.44126598852815      -0.35193634604395       0.20353165596906
    1     -1     67745.0000000000      -0.44126598852815      -0.35193634604395       0.20353165596906
    1     -1     67745.0000000000       0.00000000000000       0.00000000000000       0.00000000000000
    1     -1     67745.0000000000       0.00000000000000       0.00000000000000       0.00000000000000
    1     -1     67745.0000000000      -0.44082382501420      -0.35077338984952       0.20647610891657
    1     -1     67746.0000000000      -0.44082382501420      -0.35077338984952       0.20647610891657
    1     -1     67747.0000000000      -0.44082382501420      -0.35077338984952       0.20647610891657
    1     -1     67747.0000000000       0.00000000000000       0.00000000000000       0.00000000000000
    1     -1     67747.0000000000       0.00000000000000       0.00000000000000       0.00000000000000
    1     -1     67747.0000000000      -0.44033984148581      -0.34961231093153       0.20945657145424
    1     -1     67748.0000000000      -0.44033984148581      -0.34961231093153       0.20945657145424
    1     -1     67749.0000000000      -0.44033984148581      -0.34961231093153       0.20945657145424
    1     -1     67749.0000000000       0.00000000000000       0.00000000000000       0.00000000000000
    1     -1     67749.0000000000       0.00000000000000       0.00000000000000       0.00000000000000
    1     -1     67749.0000000000      -0.43981269415191      -0.34845312915058       0.21247402224274
    1     -1     67750.0000000000      -0.43981269415191      -0.34845312915058       0.21247402224274
    1     -1     67751.0000000000      -0.43981269415191      -0.34845312915058       0.21247402224274
    1     -1     67751.0000000000       0.00000000000000       0.00000000000000       0.00000000000000
    1     -1     67751.0000000000       0.00000000000000       0.00000000000000       0.00000000000000
    1     -1     67751.0000000000      -0.43924099226532      -0.34729582831128       0.21552948204679
    1     -1     67752.0000000000      -0.43924099226532      -0.34729582831128       0.21552948204679
    1     -1     67753.0000000000      -0.43924099226532      -0.34729582831128       0.21552948204679
    1     -1     67753.0000000000       0.00000000000000       0.00000000000000       0.00000000000000
    1     -1     67753.0000000000       0.00000000000000       0.00000000000000       0.00000000000000
    1     -1     67753.0000000000      -0.43862324947112      -0.34614034248642       0.21862412402748
    1     -1     67754.0000000000      -0.43862324947112      -0.34614034248642       0.21862412402748
    1     -1     67755.0000000000      -0.43862324947112      -0.34614034248642       0.21862412402748
    1     -1     67755.0000000000       0.00000000000000       0.00000000000000       0.00000000000000
    1     -1     67755.0000000000       0.00000000000000       0.00000000000000       0.00000000000000
    1     -1     67755.0000000000      -0.12100271007307      -0.09531580464780       0.06126927093642
    1     -1     67756.0000000000      -0.12100271007307      -0.09531580464780       0.06126927093642
    1     -1     67757.0000000000      -0.12100271007307      -0.09531580464780       0.06126927093642
    1     -1     67757.0000000000       0.00000000000000       0.00000000000000       0.00000000000000
    1     -1     68077.0000000000       0.00000000000000       0.00000000000000       0.00000000000000
    1     -1     68077.0000000000       0.02881148265173       0.01151636706832       0.00636718055850
    1     -1     68078.0000000000       0.02881148265173       0.01151636706832       0.00636718055850
    1     -1     68079.0000000000       0.02881148265173       0.01151636706832       0.00636718055850
    1     -1     68079.0000000000       0.00000000000000       0.00000000000000       0.00000000000000
    1     -1     68079.0000000000       0.00000000000000       0.00000000000000       0.00000000000000
    1     -1     68079.0000000000       0.54645583878064       0.21791968103272       0.11788565714771
    1     -1     68080.0000000000       0.54645583878064       0.21791968103272       0.11788565714771
    1     -1     68081.0000000000       0.54645583878064       0.21791968103272       0.11788565714771
    1     -1     68081.0000000000       0.00000000000000       0.00000000000000       0.00000000000000
    1     -1     68081.0000000000       0.00000000000000       0.00000000000000       0.00000000000000
    1     -1     68081.0000000000       0.54713916034034       0.21764128856757       0.11519986116623
    1     -1     68082.0000000000       0.54713916034034       0.21764128856757       0.11519986116623
    1     -1     68083.0000000000       0.54713916034034       0.21764128856757       0.11519986116623
    1     -1     68083.0000000000       0.00000000000000       0.00000000000000       0.00000000000000
    1     -1     68083.0000000000       0.00000000000000       0.00000000000000       0.00000000000000
    1     -1     68083.0000000000       0.54781878235262       0.21731673189583       0.11255229460035
    1     -1     68084.0000000000       0.54781878235262       0.21731673189583       0.11255229460035
    1     -1     68085.0000000000       0.54781878235262       0.21731673189583       0.11255229460035
    1     -1     68085.0000000000       0.00000000000000       0.00000000000000       0.00000000000000
    1     -1     68085.0000000000       0.00000000000000       0.00000000000000       0.00000000000000
    1     -1     68085.0000000000       0.54849534718802       0.21694611812395       0.10994196298065
    1     -1     68086.0000000000       0.54849534718802       0.21694611812395       0.10994196298065
    1     -1     68087.0000000000       0.54849534718802       0.21694611812395       0.10994196298065
    1     -1     68087.0000000000       0.00000000000000       0.00000000000000       0.00000000000000
    1     -1     68087.0000000000       0.00000000000000       0.00000000000000       0.00000000000000
    1     -1     68087.0000000000       0.54916942098645       0.21652967903754       0.10736779977865
    1     -1     68088.0000000000       0.54916942098645       0.21652967903754       0.10736779977865
    1     -1     68089.0000000000       0.54916942098645       0.21652967903754       0.10736779977865
    1     -1     68089.0000000000       0.00000000000000       0.00000000000000       0.00000000000000
    1     -1     68089.0000000000       0.00000000000000       0.00000000000000       0.00000000000000
    1     -1     68089.0000000000       0.54984155093479       0.21606754985827       0.10482882258170
    1     -1     68090.0000000000       0.54984155093479       0.21606754985827       0.10482882258170
    1     -1     68091.0000000000       0.54984155093479       0.21606754985827       0.10482882258170
    1     -1     68091.0000000000       0.00000000000000       0.00000000000000       0.00000000000000
    1     -1     68091.0000000000       0.00000000000000       0.00000000000000       0.00000000000000
    1     -1     68091.0000000000       0.55051224573892       0.21555985326361       0.10232407454974
    1     -1     68092.0000000000       0.55051224573892       0.21555985326361       0.10232407454974
    1     -1     68093.0000000000       0.55051224573892       0.21555985326361       0.10232407454974
    1     -1     68093.0000000000       0.00000000000000       0.00000000000000       0.00000000000000
    1     -1     68093.0000000000       0.00000000000000       0.00000000000000       0.00000000000000
    1     -1     68093.0000000000       0.55118192920161       0.21500682121960       0.09985262655853
    1     -1     68094.0000000000       0.55118192920161       0.21500682121960       0.09985262655853
    1     -1     68095.0000000000       0.55118192920161       0.21500682121960       0.09985262655853
    1     -1     68095.0000000000       0.00000000000000       0.00000000000000       0.00000000000000
    1     -1     68095.0000000000       0.00000000000000       0.00000000000000       0.00000000000000
    1     -1     68095.0000000000       0.55185098520549       0.21440871660602       0.09741350856574
    1     -1     68096.0000000000       0.55185098520549       0.21440871660602       0.09741350856574
    1     -1     68097.0000000000       0.55185098520549       0.21440871660602       0.09741350856574
    1     -1     68097.0000000000       0.00000000000000       0.00000000000000       0.00000000000000
    1     -1     68097.0000000000       0.00000000000000       0.00000000000000       0.00000000000000
    1     -1     68097.0000000000       0.55251980220650       0.21376566715688       0.09500582610905
    1     -1     68098.0000000000       0.55251980220650       0.21376566715688       0.09500582610905
    1     -1     68099.0000000000       0.55251980220650       0.21376566715688       0.09500582610905
    1     -1     68099.0000000000       0.00000000000000       0.00000000000000       0.00000000000000
    1     -1     68099.0000000000       0.00000000000000       0.00000000000000       0.00000000000000
    1     -1     68099.0000000000       0.55318870685825       0.21307782737838       0.09262879338634
    1     -1     68100.0000000000       0.55318870685825       0.21307782737838       0.09262879338634
    1     -1     68101.0000000000       0.55318870685825       0.21307782737838       0.09262879338634
    1     -1     68101.0000000000       0.00000000000000       0.00000000000000       0.00000000000000
    1     -1     68101.0000000000       0.00000000000000       0.00000000000000       0.00000000000000
    1     -1     68101.0000000000       0.55385798254270       0.21234540057149       0.09028158898618
    1     -1     68102.0000000000       0.55385798254270       0.21234540057149       0.09028158898618
    1     -1     68103.0000000000       0.55385798254270       0.21234540057149       0.09028158898618
    1     -1     68103.0000000000       0.00000000000000       0.00000000000000       0.00000000000000
    1     -1     68103.0000000000       0.00000000000000       0.00000000000000       0.00000000000000
    1     -1     68103.0000000000       0.55452789118340       0.21156856955353       0.08796338759260
    1     -1     68104.0000000000       0.55452789118340       0.21156856955353       0.08796338759260
    1     -1     68105.0000000000       0.55452789118340       0.21156856955353       0.08796338759260
    1     -1     68105.0000000000       0.00000000000000       0.00000000000000       0.00000000000000
    1     -1     68105.0000000000       0.00000000000000       0.00000000000000       0.00000000000000
    1     -1     68105.0000000000       0.55519867693825       0.21074729106905       0.08567384497662
    1     -1     68106.0000000000       0.55519867693825       0.21074729106905       0.08567384497662
    1     -1     68107.0000000000       0.55519867693825       0.21074729106905       0.08567384497662
    1     -1     68107.0000000000       0.00000000000000       0.00000000000000       0.00000000000000
    1     -1     68107.0000000000       0.00000000000000       0.00000000000000       0.00000000000000
    1     -1     68107.0000000000       0.55570166053448       0.21010428174890       0.08397532107712
    1     -1     68108.0000000000       0.55570166053448       0.21010428174890       0.08397532107712
    1     -1     68108.0000000000       0.00000000000000       0.00000000000000       0.00000000000000
    1  37730     68108.0000000000      327092696.079725385     -202726884.599488676      -13685733.049838707        9.4156008717205       16.7375074584296        1.0772938422572        1389.1197775659
    1  37730     68108.0000000000      327092696.079725385     -202726884.599488676      -13685733.049838707        9.4156008717205       16.7375074584296        1.0772938422572        1437.0321663407
    1     -1     68108.0000000000       0.00000000000000       0.00000000000000       0.00000000000000
    1     -1     68108.0000000000       0.21022559694413      -0.54979746727716       0.11630968422751
    1     -1     68109.0000000000       0.21022559694413      -0.54979746727716       0.11630968422751
    1     -1     68110.0000000000       0.21022559694413      -0.54979746727716       0.11630968422751
    1     -1     68110.0000000000       0.00000000000000       0.00000000000000       0.00000000000000
    1     -1     68110.0000000000       0.00000000000000       0.00000000000000       0.00000000000000
    1     -1     68110.0000000000       0.20928708787846      -0.55151183760720       0.10969779900472
    1     -1     68111.0000000000       0.20928708787846      -0.55151183760720       0.10969779900472
    1     -1     68112.0000000000       0.20928708787846      -0.55151183760720       0.10969779900472
    1     -1     68112.0000000000       0.00000000000000       0.00000000000000       0.00000000000000
    1     -1     68112.0000000000       0.00000000000000       0.00000000000000       0.00000000000000
    1     -1     68112.0000000000       0.20834095345570      -0.55319625008586       0.10280056071888
    1     -1     68113.0000000000       0.20834095345570      -0.55319625008586       0.10280056071888
    1     -1     68114.0000000000       0.20834095345570      -0.55319625008586       0.10280056071888
    1     -1     68114.0000000000       0.00000000000000       0.00000000000000       0.00000000000000
    1     -1     68114.0000000000       0.00000000000000       0.00000000000000       0.00000000000000
    1     -1     68114.0000000000       0.20738483407759      -0.55484329361999       0.09560569752652
    1     -1     68115.0000000000       0.20738483407759      -0.55484329361999       0.09560569752652
    1     -1     68116.0000000000       0.20738483407759      -0.55484329361999       0.09560569752652
    1     -1     68116.0000000000       0.00000000000000       0.00000000000000       0.00000000000000
    1     -1     68116.0000000000       0.00000000000000       0.00000000000000       0.00000000000000
    1     -1     68116.0000000000       0.20641603949547      -0.55644472635939       0.08810042239300
    1     -1     68117.0000000000       0.20641603949547      -0.55644472635939       0.08810042239300
    1     -1     68118.0000000000       0.20641603949547      -0.55644472635939       0.08810042239300
    1     -1     68118.0000000000       0.00000000000000       0.00000000000000       0.00000000000000
    1     -1     68118.0000000000       0.00000000000000       0.00000000000000       0.00000000000000
    1     -1     68118.0000000000       0.20543154081143      -0.55799140863985       0.08027122276358
    1     -1     68119.0000000000       0.20543154081143      -0.55799140863985       0.08027122276358
    1     -1     68120.0000000000       0.20543154081143      -0.55799140863985       0.08027122276358
    1     -1     68120.0000000000       0.00000000000000       0.00000000000000       0.00000000000000
    1     -1     68120.0000000000       0.00000000000000       0.00000000000000       0.00000000000000
    1     -1     68120.0000000000       0.20442805259733      -0.55947305624240       0.07210457634614
    1     -1     68121.0000000000       0.20442805259733      -0.55947305624240       0.07210457634614
    1     -1     68122.0000000000       0.20442805259733      -0.55947305624240       0.07210457634614
    1     -1     68122.0000000000       0.00000000000000       0.00000000000000       0.00000000000000
    1     -1     68122.0000000000       0.00000000000000       0.00000000000000       0.00000000000000
    1     -1     68122.0000000000       0.20340186497666      -0.56087828506892       0.06358639746176
    1     -1     68123.0000000000       0.20340186497666      -0.56087828506892       0.06358639746176
    1     -1     68124.0000000000       0.20340186497666      -0.56087828506892       0.06358639746176
    1     -1     68124.0000000000       0.00000000000000       0.00000000000000       0.00000000000000
    1     -1     68124.0000000000       0.00000000000000       0.00000000000000       0.00000000000000
    1     -1     68124.0000000000       0.20234886136452      -0.56219445126823       0.05470225358880
    1     -1     68125.0000000000       0.20234886136452      -0.56219445126823       0.05470225358880
    1     -1     68126.0000000000       0.20234886136452      -0.56219445126823       0.05470225358880
    1     -1     68126.0000000000       0.00000000000000       0.00000000000000       0.00000000000000
    1     -1     68126.0000000000       0.00000000000000       0.00000000000000       0.00000000000000
    1     -1     68126.0000000000       0.20126448748625      -0.56340752883666       0.04543744938997
    1     -1     68127.0000000000       0.20126448748625      -0.56340752883666       0.04543744938997
    1     -1     68128.0000000000       0.20126448748625      -0.56340752883666       0.04543744938997
    1     -1     68128.0000000000       0.00000000000000       0.00000000000000       0.00000000000000
    1     -1     68128.0000000000       0.00000000000000       0.00000000000000       0.00000000000000
    1     -1     68128.0000000000       0.20014371950137      -0.56450198228079       0.03577712712357
    1     -1     68129.0000000000       0.20014371950137      -0.56450198228079       0.03577712712357
    1     -1     68130.0000000000       0.20014371950137      -0.56450198228079       0.03577712712357
    1     -1     68130.0000000000       0.00000000000000       0.00000000000000       0.00000000000000
    1     -1     68130.0000000000       0.00000000000000       0.00000000000000       0.00000000000000
    1     -1     68130.0000000000       0.19898102985732      -0.56546063607511       0.02570638221242
    1     -1     68131.0000000000       0.19898102985732      -0.56546063607511       0.02570638221242
    1     -1     68132.0000000000       0.19898102985732      -0.56546063607511       0.02570638221242
    1     -1     68132.0000000000       0.00000000000000       0.00000000000000       0.00000000000000
    1     -1     68132.0000000000       0.00000000000000       0.00000000000000       0.00000000000000
    1     -1     68132.0000000000       0.19777035398510      -0.56626454052102       0.01521040805263
    1     -1     68133.0000000000       0.19777035398510      -0.56626454052102       0.01521040805263
    1     -1     68134.0000000000       0.19777035398510      -0.56626454052102       0.01521040805263
    1     -1     68134.0000000000       0.00000000000000       0.00000000000000       0.00000000000000
    1     -1     68134.0000000000       0.00000000000000       0.00000000000000       0.00000000000000
    1     -1     68134.0000000000       0.19650505849258      -0.56689283681415       0.00427467374582
    1     -1     68135.0000000000       0.19650505849258      -0.56689283681415       0.00427467374582
    1     -1     68136.0000000000       0.19650505849258      -0.56689283681415       0.00427467374582
    1     -1     68136.0000000000       0.00000000000000       0.00000000000000       0.00000000000000
    1     -1     68136.0000000000       0.00000000000000       0.00000000000000       0.00000000000000
    1     -1     68136.0000000000       0.19517791141430      -0.56732262506663      -0.00711486215329
    1     -1     68137.0000000000       0.19517791141430      -0.56732262506663      -0.00711486215329
    1     -1     68138.0000000000       0.19517791141430      -0.56732262506663      -0.00711486215329
    1     -1     68138.0000000000       0.00000000000000       0.00000000000000       0.00000000000000
    1     -1     68138.0000000000       0.00000000000000       0.00000000000000       0.00000000000000
    1     -1     68138.0000000000       0.19378108515552      -0.56752883097479      -0.01897146089093
    1     -1     68139.0000000000       0.19378108515552      -0.56752883097479      -0.01897146089093
    1     -1     68140.0000000000       0.19378108515552      -0.56752883097479      -0.01897146089093
    1     -1     68140.0000000000       0.00000000000000       0.00000000000000       0.00000000000000
    1     -1     68140.0000000000       0.00000000000000       0.00000000000000       0.00000000000000
    1     -1     68140.0000000000       0.16769927211046      -0.49487091584644      -0.02730116875218
    1     -1     68141.0000000000       0.16769927211046      -0.49487091584644      -0.02730116875218
    1     -1     68142.0000000000       0.16769927211046      -0.49487091584644      -0.02730116875218
    1     -1     68142.0000000000       0.00000000000000       0.00000000000000       0.00000000000000
    1     -1     68238.0000000000       0.00000000000000       0.00000000000000       0.00000000000000
    1     -1     68238.0000000000      -0.01140961470374       0.00539643951285      -0.25456416221402
    1     -1     68239.0000000000      -0.01140961470374       0.00539643951285      -0.25456416221402
    1     -1     68240.0000000000      -0.01140961470374       0.00539643951285      -0.25456416221402
    1     -1     68240.0000000000       0.00000000000000       0.00000000000000       0.00000000000000
    1     -1     68240.0000000000       0.00000000000000       0.00000000000000       0.00000000000000
    1     -1     68240.0000000000      -0.03042225583872       0.02429008782934      -0.59873573240865
    1     -1     68241.0000000000      -0.03042225583872       0.02429008782934      -0.59873573240865
    1     -1     68242.0000000000      -0.03042225583872       0.02429008782934      -0.59873573240865
    1     -1     68242.0000000000       0.00000000000000       0.00000000000000       0.00000000000000
    1     -1     68242.0000000000       0.00000000000000       0.00000000000000       0.00000000000000
    1     -1     68242.0000000000      -0.03384814066107       0.03543761451934      -0.59799538303483
    1     -1     68243.0000000000      -0.03384814066107       0.03543761451934      -0.59799538303483
    1     -1     68244.0000000000      -0.03384814066107       0.03543761451934      -0.59799538303483
    1     -1     68244.0000000000       0.00000000000000       0.00000000000000       0.00000000000000
    1     -1     68244.0000000000       0.00000000000000       0.00000000000000       0.00000000000000
    1     -1     68244.0000000000      -0.03714279146003       0.04616105188544      -0.59706747492338
    1     -1     68245.0000000000      -0.03714279146003       0.04616105188544      -0.59706747492338
    1     -1     68246.0000000000      -0.03714279146003       0.04616105188544      -0.59706747492338
    1     -1     68246.0000000000       0.00000000000000       0.00000000000000       0.00000000000000
    1     -1     68246.0000000000       0.00000000000000       0.00000000000000       0.00000000000000
    1     -1     68246.0000000000      -0.04031190172840       0.05647472141515      -0.59597445893270
    1     -1     68247.0000000000      -0.04031190172840       0.05647472141515      -0.59597445893270
    1     -1     68248.0000000000      -0.04031190172840       0.05647472141515      -0.59597445893270
    1     -1     68248.0000000000       0.00000000000000       0.00000000000000       0.00000000000000
    1     -1     68248.0000000000       0.00000000000000       0.00000000000000       0.00000000000000
    1     -1     68248.0000000000      -0.04336111993243       0.06639330908625      -0.59473669894062
    1     -1     68249.0000000000      -0.04336111993243       0.06639330908625      -0.59473669894062
    1     -1     68250.0000000000      -0.04336111993243       0.06639330908625      -0.59473669894062
    1     -1     68250.0000000000       0.00000000000000       0.00000000000000       0.00000000000000
    1     -1     68250.0000000000       0.00000000000000       0.00000000000000       0.00000000000000
    1     -1     68250.0000000000      -0.04629600164599       0.07593166772839      -0.59337261594008
    1     -1     68251.0000000000      -0.04629600164599       0.07593166772839      -0.59337261594008
    1     -1     68252.0000000000      -0.04629600164599       0.07593166772839      -0.59337261594008
    1     -1     68252.0000000000       0.00000000000000       0.00000000000000       0.00000000000000
    1     -1     68252.0000000000       0.00000000000000       0.00000000000000       0.00000000000000
    1     -1     68252.0000000000      -0.04912197245301       0.08510465839685      -0.59189883275901
    1     -1     68253.0000000000      -0.04912197245301       0.08510465839685      -0.59189883275901
    1     -1     68254.0000000000      -0.04912197245301       0.08510465839685      -0.59189883275901
    1     -1     68254.0000000000       0.00000000000000       0.00000000000000       0.00000000000000
    1     -1     68254.0000000000       0.00000000000000       0.00000000000000       0.00000000000000
    1     -1     68254.0000000000      -0.05184429934267       0.09392702176665      -0.59033031642269
    1     -1     68255.0000000000      -0.05184429934267       0.09392702176665      -0.59033031642269
    1     -1     68256.0000000000      -0.05184429934267       0.09392702176665      -0.59033031642269
    1     -1     68256.0000000000       0.00000000000000       0.00000000000000       0.00000000000000
    1     -1     68256.0000000000       0.00000000000000       0.00000000000000       0.00000000000000
    1     -1     68256.0000000000      -0.05446806933608       0.10241327517023      -0.58868051587572
    1     -1     68257.0000000000      -0.05446806933608       0.10241327517023      -0.58868051587572
    1     -1     68258.0000000000      -0.05446806933608       0.10241327517023      -0.58868051587572
    1     -1     68258.0000000000       0.00000000000000       0.00000000000000       0.00000000000000
    1     -1     68258.0000000000       0.00000000000000       0.00000000000000       0.00000000000000
    1     -1     68258.0000000000      -0.05699817427833       0.11057763169809      -0.58696149343631
    1     -1     68259.0000000000      -0.05699817427833       0.11057763169809      -0.58696149343631
    1     -1     68260.0000000000      -0.05699817427833       0.11057763169809      -0.58696149343631
    1     -1     68260.0000000000       0.00000000000000       0.00000000000000       0.00000000000000
    1     -1     68260.0000000000       0.00000000000000       0.00000000000000       0.00000000000000
    1     -1     68260.0000000000      -0.05943930070793       0.11843393806830      -0.58518404893246
    1     -1     68261.0000000000      -0.05943930070793       0.11843393806830      -0.58518404893246
    1     -1     68262.0000000000      -0.05943930070793       0.11843393806830      -0.58518404893246
    1     -1     68262.0000000000       0.00000000000000       0.00000000000000       0.00000000000000
    1     -1     68262.0000000000       0.00000000000000       0.00000000000000       0.00000000000000
    1     -1     68262.0000000000      -0.06179592392232       0.12599562832596      -0.58335783590292
    1     -1     68263.0000000000      -0.06179592392232       0.12599562832596      -0.58335783590292
    1     -1     68264.0000000000      -0.06179592392232       0.12599562832596      -0.58335783590292
    1     -1     68264.0000000000       0.00000000000000       0.00000000000000       0.00000000000000
    1     -1     68264.0000000000       0.00000000000000       0.00000000000000       0.00000000000000
    1     -1     68264.0000000000      -0.06407230544409       0.13327569077298      -0.58149146958839
    1     -1     68265.0000000000      -0.06407230544409       0.13327569077298      -0.58149146958839
    1     -1     68266.0000000000      -0.06407230544409       0.13327569077298      -0.58149146958839
    1     -1     68266.0000000000       0.00000000000000       0.00000000000000       0.00000000000000
    1     -1     68266.0000000000       0.00000000000000       0.00000000000000       0.00000000000000
    1     -1     68266.0000000000      -0.06627249320834       0.14028664586441      -0.57959262669229
    1     -1     68267.0000000000      -0.06627249320834       0.14028664586441      -0.57959262669229
    1     -1     68268.0000000000      -0.06627249320834       0.14028664586441      -0.57959262669229
    1     -1     68268.0000000000       0.00000000000000       0.00000000000000       0.00000000000000
    1     -1     68268.0000000000       0.00000000000000       0.00000000000000       0.00000000000000
    1     -1     68268.0000000000      -0.06840032390432       0.14704053311416      -0.57766813707464
    1     -1     68269.0000000000      -0.06840032390432       0.14704053311416      -0.57766813707464
    1     -1     68270.0000000000      -0.06840032390432       0.14704053311416      -0.57766813707464
    1     -1     68270.0000000000       0.00000000000000       0.00000000000000       0.00000000000000
    1     -1     68270.0000000000       0.00000000000000       0.00000000000000       0.00000000000000
    1     -1     68270.0000000000      -0.07045942699843       0.15354890533144      -0.57572406767354
    1     -1     68271.0000000000      -0.07045942699843       0.15354890533144      -0.57572406767354
    1     -1     68272.0000000000      -0.07045942699843       0.15354890533144      -0.57572406767354
    1     -1     68272.0000000000       0.00000000000000       0.00000000000000       0.00000000000000
    1     -1     68272.0000000000       0.00000000000000       0.00000000000000       0.00000000000000
    1     -1     68272.0000000000      -0.07245323002227       0.15982282876236      -0.57376579903802
    1     -1     68273.0000000000      -0.07245323002227       0.15982282876236      -0.57376579903802
    1     -1     68274.0000000000      -0.07245323002227       0.15982282876236      -0.57376579903802
    1     -1     68274.0000000000       0.00000000000000       0.00000000000000       0.00000000000000
    1     -1     68274.0000000000       0.00000000000000       0.00000000000000       0.00000000000000
    1     -1     68274.0000000000      -0.07438496480346       0.16587288792718      -0.57179809490928
    1     -1     68275.0000000000      -0.07438496480346       0.16587288792718      -0.57179809490928
    1     -1     68276.0000000000      -0.07438496480346       0.16587288792718      -0.57179809490928
    1     -1     68276.0000000000       0.00000000000000       0.00000000000000       0.00000000000000
    1     -1     68276.0000000000       0.00000000000000       0.00000000000000       0.00000000000000
    1     -1     68276.0000000000      -0.07625767437760       0.17170919413582      -0.56982516531630
    1     -1     68277.0000000000      -0.07625767437760       0.17170919413582      -0.56982516531630
    1     -1     68278.0000000000      -0.07625767437760       0.17170919413582      -0.56982516531630
    1     -1     68278.0000000000       0.00000000000000       0.00000000000000       0.00000000000000
    1     -1     68278.0000000000       0.00000000000000       0.00000000000000       0.00000000000000
    1     -1     68278.0000000000      -0.07807422032923       0.17734139683859      -0.56785072366540
    1     -1     68279.0000000000      -0.07807422032923       0.17734139683859      -0.56785072366540
    1     -1     68280.0000000000      -0.07807422032923       0.17734139683859      -0.56785072366540
    1     -1     68280.0000000000       0.00000000000000       0.00000000000000       0.00000000000000
    1     -1     68280.0000000000       0.00000000000000       0.00000000000000       0.00000000000000
    1     -1     68280.0000000000      -0.07983729042011       0.18277869709958      -0.56587803829532
    1     -1     68281.0000000000      -0.07983729042011       0.18277869709958      -0.56587803829532
    1     -1     68282.0000000000      -0.07983729042011       0.18277869709958      -0.56587803829532
    1     -1     68282.0000000000       0.00000000000000       0.00000000000000       0.00000000000000
    1     -1     68282.0000000000       0.00000000000000       0.00000000000000       0.00000000000000
    1     -1     68282.0000000000      -0.08154940632196       0.18802986261886      -0.56390997896124
    1     -1     68283.0000000000      -0.08154940632196       0.18802986261886      -0.56390997896124
    1     -1     68284.0000000000      -0.08154940632196       0.18802986261886      -0.56390997896124
    1     -1     68284.0000000000       0.00000000000000       0.00000000000000       0.00000000000000
    1     -1     68284.0000000000       0.00000000000000       0.00000000000000       0.00000000000000
    1     -1     68284.0000000000      -0.08321293137655       0.19310324381898      -0.56194905868620
    1     -1     68285.0000000000      -0.08321293137655       0.19310324381898      -0.56194905868620
    1     -1     68286.0000000000      -0.08321293137655       0.19310324381898      -0.56194905868620
    1     -1     68286.0000000000       0.00000000000000       0.00000000000000       0.00000000000000
    1     -1     68286.0000000000       0.00000000000000       0.00000000000000       0.00000000000000
    1     -1     68286.0000000000      -0.08483007826975       0.19800679061051      -0.55999747139864
    1     -1     68287.0000000000      -0.08483007826975       0.19800679061051      -0.55999747139864
    1     -1     68288.0000000000      -0.08483007826975       0.19800679061051      -0.55999747139864
    1     -1     68288.0000000000       0.00000000000000       0.00000000000000       0.00000000000000
    1     -1     68288.0000000000       0.00000000000000       0.00000000000000       0.00000000000000
    1     -1     68288.0000000000      -0.08640291655010       0.20274806952295      -0.55805712574642
    1     -1     68289.0000000000      -0.08640291655010       0.20274806952295      -0.55805712574642
    1     -1     68290.0000000000      -0.08640291655010       0.20274806952295      -0.55805712574642
    1     -1     68290.0000000000       0.00000000000000       0.00000000000000       0.00000000000000
    1     -1     68290.0000000000       0.00000000000000       0.00000000000000       0.00000000000000
    1     -1     68290.0000000000      -0.08793337996739       0.20733428094511      -0.55612967544673
    1     -1     68291.0000000000      -0.08793337996739       0.20733428094511      -0.55612967544673
    1     -1     68292.0000000000      -0.08793337996739       0.20733428094511      -0.55612967544673
    1     -1     68292.0000000000       0.00000000000000       0.00000000000000       0.00000000000000
    1     -1     68292.0000000000       0.00000000000000       0.00000000000000       0.00000000000000
    1     -1     68292.0000000000      -0.08942327355782       0.21177227627944      -0.55421654651014
    1     -1     68293.0000000000      -0.08942327355782       0.21177227627944      -0.55421654651014
    1     -1     68294.0000000000      -0.08942327355782       0.21177227627944      -0.55421654651014
    1     -1     68294.0000000000       0.00000000000000       0.00000000000000       0.00000000000000
    1     -1     68294.0000000000       0.00000000000000       0.00000000000000       0.00000000000000
    1     -1     68294.0000000000      -0.09087428047725       0.21606857485321      -0.55231896164141
    1     -1     68295.0000000000      -0.09087428047725       0.21606857485321      -0.55231896164141
    1     -1     68296.0000000000      -0.09087428047725       0.21606857485321      -0.55231896164141
    1     -1     68296.0000000000       0.00000000000000       0.00000000000000       0.00000000000000
    1     -1     68296.0000000000       0.00000000000000       0.00000000000000       0.00000000000000
    1     -1     68296.0000000000      -0.09228796854831       0.22022938046354      -0.55043796210098
    1     -1     68297.0000000000      -0.09228796854831       0.22022938046354      -0.55043796210098
    1     -1     68298.0000000000      -0.09228796854831       0.22022938046354      -0.55043796210098
    1     -1     68298.0000000000       0.00000000000000       0.00000000000000       0.00000000000000
    1     -1     68298.0000000000       0.00000000000000       0.00000000000000       0.00000000000000
    1     -1     68298.0000000000      -0.09366579651989       0.22426059747087      -0.54857442727884
    1     -1     68299.0000000000      -0.09366579651989       0.22426059747087      -0.54857442727884
    1     -1     68300.0000000000      -0.09366579651989       0.22426059747087      -0.54857442727884
    1     -1     68300.0000000000       0.00000000000000       0.00000000000000       0.00000000000000
    1     -1     68300.0000000000       0.00000000000000       0.00000000000000       0.00000000000000
    1     -1     68300.0000000000      -0.09500912002842       0.22816784636593      -0.54672909221675
    1     -1     68301.0000000000      -0.09500912002842       0.22816784636593      -0.54672909221675
    1     -1     68302.0000000000      -0.09500912002842       0.22816784636593      -0.54672909221675
    1     -1     68302.0000000000       0.00000000000000       0.00000000000000       0.00000000000000
    1     -1     68302.0000000000       0.00000000000000       0.00000000000000       0.00000000000000
    1     -1     68302.0000000000      -0.09631919726327       0.23195647877239      -0.54490256328455
    1     -1     68303.0000000000      -0.09631919726327       0.23195647877239      -0.54490256328455
    1     -1     68304.0000000000      -0.09631919726327       0.23195647877239      -0.54490256328455
    1     -1     68304.0000000000       0.00000000000000       0.00000000000000       0.00000000000000
    1     -1     68304.0000000000       0.00000000000000       0.00000000000000       0.00000000000000
    1     -1     68304.0000000000      -0.09759719434922       0.23563159184978      -0.54309533220007
    1     -1     68305.0000000000      -0.09759719434922       0.23563159184978      -0.54309533220007
    1     -1     68306.0000000000      -0.09759719434922       0.23563159184978      -0.54309533220007
    1     -1     68306.0000000000       0.00000000000000       0.00000000000000       0.00000000000000
    1     -1     68306.0000000000       0.00000000000000       0.00000000000000       0.00000000000000
    1     -1     68306.0000000000      -0.09884419042044       0.23919804207052      -0.54130778857297
    1     -1     68307.0000000000      -0.09884419042044       0.23919804207052      -0.54130778857297
    1     -1     68308.0000000000      -0.09884419042044       0.23919804207052      -0.54130778857297
    1     -1     68308.0000000000       0.00000000000000       0.00000000000000       0.00000000000000
    1     -1     68308.0000000000       0.00000000000000       0.00000000000000       0.00000000000000
    1     -1     68308.0000000000      -0.10006118244438       0.24266045838422      -0.53954023110848
    1     -1     68309.0000000000      -0.10006118244438       0.24266045838422      -0.53954023110848
    1     -1     68310.0000000000      -0.10006118244438       0.24266045838422      -0.53954023110848
    1     -1     68310.0000000000       0.00000000000000       0.00000000000000       0.00000000000000
    1     -1     68310.0000000000       0.00000000000000       0.00000000000000       0.00000000000000
    1     -1     68310.0000000000      -0.10124908977218       0.24602325477747      -0.53779287761090
    1     -1     68311.0000000000      -0.10124908977218       0.24602325477747      -0.53779287761090
    1     -1     68312.0000000000      -0.10124908977218       0.24602325477747      -0.53779287761090
    1     -1     68312.0000000000       0.00000000000000       0.00000000000000       0.00000000000000
    1     -1     68312.0000000000       0.00000000000000       0.00000000000000       0.00000000000000
    1     -1     68312.0000000000      -0.10240875839402       0.24929064221592      -0.53606587392574
    1     -1     68313.0000000000      -0.10240875839402       0.24929064221592      -0.53606587392574
    1     -1     68314.0000000000      -0.10240875839402       0.24929064221592      -0.53606587392574
    1     -1     68314.0000000000       0.00000000000000       0.00000000000000       0.00000000000000
    1     -1     68314.0000000000       0.00000000000000       0.00000000000000       0.00000000000000
    1     -1     68314.0000000000      -0.10354096493518       0.25246664010087      -0.53435930187138
    1     -1     68315.0000000000      -0.10354096493518       0.25246664010087      -0.53435930187138
    1     -1     68316.0000000000      -0.10354096493518       0.25246664010087      -0.53435930187138
    1     -1     68316.0000000000       0.00000000000000       0.00000000000000       0.00000000000000
    1     -1     68316.0000000000       0.00000000000000       0.00000000000000       0.00000000000000
    1     -1     68316.0000000000      -0.10464642029397       0.25555508724326      -0.53267318628193
    1     -1     68317.0000000000      -0.10464642029397       0.25555508724326      -0.53267318628193
    1     -1     68318.0000000000      -0.10464642029397       0.25555508724326      -0.53267318628193
    1     -1     68318.0000000000       0.00000000000000       0.00000000000000       0.00000000000000
    1   6369     68318.0000000000      364095485.738538802      121491459.421380475         167006.562142847       -6.2224746398429       18.2623566147284       -1.5658615690492        1288.2337439057
    1   6369     68318.0000000000      364095485.738538802      121491459.421380475         167006.562142847       -6.2224746398429       18.2623566147284       -1.5658615690492        1378.5828198810
    1     -1     68318.0000000000       0.00000000000000       0.00000000000000       0.00000000000000
    1     -1     68318.0000000000       0.27063664481940       0.06696707008173       0.53129202637115
    1     -1     68319.0000000000       0.27063664481940       0.06696707008173       0.53129202637115
    1     -1     68320.0000000000       0.27063664481940       0.06696707008173       0.53129202637115
    1     -1     68320.0000000000       0.00000000000000       0.00000000000000       0.00000000000000
    1     -1     68320.0000000000       0.00000000000000       0.00000000000000       0.00000000000000
    1     -1     68320.0000000000       0.27014348514675       0.06716056928841       0.53151853650237
    1     -1     68321.0000000000       0.27014348514675       0.06716056928841       0.53151853650237
    1     -1     68322.0000000000       0.27014348514675       0.06716056928841       0.53151853650237
    1     -1     68322.0000000000       0.00000000000000       0.00000000000000       0.00000000000000
    1     -1     68322.0000000000       0.00000000000000       0.00000000000000       0.00000000000000
    1     -1     68322.0000000000       0.26968071544980       0.06737534510466       0.53172631481479
    1     -1     68323.0000000000       0.26968071544980       0.06737534510466       0.53172631481479
    1     -1     68324.0000000000       0.26968071544980       0.06737534510466       0.53172631481479
    1     -1     68324.0000000000       0.00000000000000       0.00000000000000       0.00000000000000
    1     -1     68324.0000000000       0.00000000000000       0.00000000000000       0.00000000000000
    1     -1     68324.0000000000       0.26924873745888       0.06761249083560       0.53191509448389
    1     -1     68325.0000000000       0.26924873745888       0.06761249083560       0.53191509448389
    1     -1     68326.0000000000       0.26924873745888       0.06761249083560       0.53191509448389
    1     -1     68326.0000000000       0.00000000000000       0.00000000000000       0.00000000000000
    1     -1     68326.0000000000       0.00000000000000       0.00000000000000       0.00000000000000
    1     -1     68326.0000000000       0.26884795987600       0.06787312379187       0.53208459178710
    1     -1     68327.0000000000       0.26884795987600       0.06787312379187       0.53208459178710
    1     -1     68328.0000000000       0.26884795987600       0.06787312379187       0.53208459178710
    1     -1     68328.0000000000       0.00000000000000       0.00000000000000       0.00000000000000
    1     -1     68328.0000000000       0.00000000000000       0.00000000000000       0.00000000000000
    1     -1     68328.0000000000       0.26847881430541       0.06815840483335       0.53223449474807
    1     -1     68329.0000000000       0.26847881430541       0.06815840483335       0.53223449474807
    1     -1     68330.0000000000       0.26847881430541       0.06815840483335       0.53223449474807
    1     -1     68330.0000000000       0.00000000000000       0.00000000000000       0.00000000000000
    1     -1     68330.0000000000       0.00000000000000       0.00000000000000       0.00000000000000
    1     -1     68330.0000000000       0.26814175893297       0.06846954365547       0.53236445973407
    1     -1     68331.0000000000       0.26814175893297       0.06846954365547       0.53236445973407
    1     -1     68332.0000000000       0.26814175893297       0.06846954365547       0.53236445973407
    1     -1     68332.0000000000       0.00000000000000       0.00000000000000       0.00000000000000
    1     -1     68332.0000000000       0.00000000000000       0.00000000000000       0.00000000000000
    1     -1     68332.0000000000       0.26783728100397       0.06880780286757       0.53247410871228
    1     -1     68333.0000000000       0.26783728100397       0.06880780286757       0.53247410871228
    1     -1     68334.0000000000       0.26783728100397       0.06880780286757       0.53247410871228
    1     -1     68334.0000000000       0.00000000000000       0.00000000000000       0.00000000000000
    1     -1     68334.0000000000       0.00000000000000       0.00000000000000       0.00000000000000
    1     -1     68334.0000000000       0.26756589920939       0.06917450216945       0.53256302642023
    1     -1     68335.0000000000       0.26756589920939       0.06917450216945       0.53256302642023
    1     -1     68336.0000000000       0.26756589920939       0.06917450216945       0.53256302642023
    1     -1     68336.0000000000       0.00000000000000       0.00000000000000       0.00000000000000
    1     -1     68336.0000000000       0.00000000000000       0.00000000000000       0.00000000000000
    1     -1     68336.0000000000       0.26732816666918       0.06957102362843       0.53263075695700
    1     -1     68337.0000000000       0.26732816666918       0.06957102362843       0.53263075695700
    1     -1     68338.0000000000       0.26732816666918       0.06957102362843       0.53263075695700
    1     -1     68338.0000000000       0.00000000000000       0.00000000000000       0.00000000000000
    1     -1     68338.0000000000       0.00000000000000       0.00000000000000       0.00000000000000
    1     -1     68338.0000000000       0.26712467626677       0.06999882053123       0.53267679856890
    1     -1     68339.0000000000       0.26712467626677       0.06999882053123       0.53267679856890
    1     -1     68340.0000000000       0.26712467626677       0.06999882053123       0.53267679856890
    1     -1     68340.0000000000       0.00000000000000       0.00000000000000       0.00000000000000
    1     -1     68340.0000000000       0.00000000000000       0.00000000000000       0.00000000000000
    1     -1     68340.0000000000       0.26695606949457       0.07045943094118       0.53270059586174
    1     -1     68341.0000000000       0.26695606949457       0.07045943094118       0.53270059586174
    1     -1     68342.0000000000       0.26695606949457       0.07045943094118       0.53270059586174
    1     -1     68342.0000000000       0.00000000000000       0.00000000000000       0.00000000000000
    1     -1     68342.0000000000       0.00000000000000       0.00000000000000       0.00000000000000
    1     -1     68342.0000000000       0.26682304079018       0.07095448394047       0.53270153500081
    1     -1     68343.0000000000       0.26682304079018       0.07095448394047       0.53270153500081
    1     -1     68344.0000000000       0.26682304079018       0.07095448394047       0.53270153500081
    1     -1     68344.0000000000       0.00000000000000       0.00000000000000       0.00000000000000
    1     -1     68344.0000000000       0.00000000000000       0.00000000000000       0.00000000000000
    1     -1     68344.0000000000       0.26672632580601       0.07148568393768       0.53267894964414
    1     -1     68345.0000000000       0.26672632580601       0.07148568393768       0.53267894964414
    1     -1     68346.0000000000       0.26672632580601       0.07148568393768       0.53267894964414
    1     -1     68346.0000000000       0.00000000000000       0.00000000000000       0.00000000000000
    1     -1     68346.0000000000       0.00000000000000       0.00000000000000       0.00000000000000
    1     -1     68346.0000000000       0.26666668301838       0.07205478897409       0.53263213086883
    1     -1     68347.0000000000       0.26666668301838       0.07205478897409       0.53263213086883
    1     -1     68348.0000000000       0.26666668301838       0.07205478897409       0.53263213086883
    1     -1     68348.0000000000       0.00000000000000       0.00000000000000       0.00000000000000
    1     -1     68348.0000000000       0.00000000000000       0.00000000000000       0.00000000000000
    1     -1     68348.0000000000       0.26664488771890       0.07266360705461       0.53256032836026
    1     -1     68349.0000000000       0.26664488771890       0.07266360705461       0.53256032836026
    1     -1     68350.0000000000       0.26664488771890       0.07266360705461       0.53256032836026
    1     -1     68350.0000000000       0.00000000000000       0.00000000000000       0.00000000000000
    1     -1     68350.0000000000       0.00000000000000       0.00000000000000       0.00000000000000
    1     -1     68350.0000000000       0.26666189818747       0.07331422314800       0.53246263344883
    1     -1     68351.0000000000       0.26666189818747       0.07331422314800       0.53246263344883
    1     -1     68352.0000000000       0.26666189818747       0.07331422314800       0.53246263344883
    1     -1     68352.0000000000       0.00000000000000       0.00000000000000       0.00000000000000
    1     -1     68352.0000000000       0.00000000000000       0.00000000000000       0.00000000000000
    1     -1     68352.0000000000       0.26671865697518       0.07400873224104       0.53233811140424
    1     -1     68353.0000000000       0.26671865697518       0.07400873224104       0.53233811140424
    1     -1     68354.0000000000       0.26671865697518       0.07400873224104       0.53233811140424
    1     -1     68354.0000000000       0.00000000000000       0.00000000000000       0.00000000000000
    1     -1     68354.0000000000       0.00000000000000       0.00000000000000       0.00000000000000
    1     -1     68354.0000000000       0.26681617022422       0.07474935229792       0.53218574287360
    1     -1     68355.0000000000       0.26681617022422       0.07474935229792       0.53218574287360
    1     -1     68356.0000000000       0.26681617022422       0.07474935229792       0.53218574287360
    1     -1     68356.0000000000       0.00000000000000       0.00000000000000       0.00000000000000
    1     -1     68356.0000000000       0.00000000000000       0.00000000000000       0.00000000000000
    1     -1     68356.0000000000       0.26695572824687       0.07553869598715       0.53200427051363
    1     -1     68357.0000000000       0.26695572824687       0.07553869598715       0.53200427051363
    1     -1     68358.0000000000       0.26695572824687       0.07553869598715       0.53200427051363
    1     -1     68358.0000000000       0.00000000000000       0.00000000000000       0.00000000000000
    1     -1     68358.0000000000       0.00000000000000       0.00000000000000       0.00000000000000
    1     -1     68358.0000000000       0.26713822630963       0.07637885882712       0.53179266377829
    1     -1     68359.0000000000       0.26713822630963       0.07637885882712       0.53179266377829
    1     -1     68360.0000000000       0.26713822630963       0.07637885882712       0.53179266377829
    1     -1     68360.0000000000       0.00000000000000       0.00000000000000       0.00000000000000
    1     -1     68360.0000000000       0.00000000000000       0.00000000000000       0.00000000000000
    1     -1     68360.0000000000       0.26736504322669       0.07727295309125       0.53154945551750
    1     -1     68361.0000000000       0.26736504322669       0.07727295309125       0.53154945551750
    1     -1     68362.0000000000       0.26736504322669       0.07727295309125       0.53154945551750
    1     -1     68362.0000000000       0.00000000000000       0.00000000000000       0.00000000000000
    1     -1     68362.0000000000       0.00000000000000       0.00000000000000       0.00000000000000
    1     -1     68362.0000000000       0.26763771108921       0.07822380403202       0.53127308548965
    1     -1     68363.0000000000       0.26763771108921       0.07822380403202       0.53127308548965
    1     -1     68364.0000000000       0.26763771108921       0.07822380403202       0.53127308548965
    1     -1     68364.0000000000       0.00000000000000       0.00000000000000       0.00000000000000
    1     -1     68364.0000000000       0.00000000000000       0.00000000000000       0.00000000000000
    1     -1     68364.0000000000       0.26795754651012       0.07923439209179       0.53096201715200
    1     -1     68365.0000000000       0.26795754651012       0.07923439209179       0.53096201715200
    1     -1     68366.0000000000       0.26795754651012       0.07923439209179       0.53096201715200
    1     -1     68366.0000000000       0.00000000000000       0.00000000000000       0.00000000000000
    1     -1     68366.0000000000       0.00000000000000       0.00000000000000       0.00000000000000
    1     -1     68366.0000000000       0.26832627420803       0.08030813110168       0.53061437403127
    1     -1     68367.0000000000       0.26832627420803       0.08030813110168       0.53061437403127
    1     -1     68368.0000000000       0.26832627420803       0.08030813110168       0.53061437403127
    1     -1     68368.0000000000       0.00000000000000       0.00000000000000       0.00000000000000
    1     -1     68368.0000000000       0.00000000000000       0.00000000000000       0.00000000000000
    1     -1     68368.0000000000       0.05961990240559       0.01806896523125       0.11762857146564
    1     -1     68369.0000000000       0.05961990240559       0.01806896523125       0.11762857146564
    1     -1     68370.0000000000       0.05961990240559       0.01806896523125       0.11762857146564
    1     -1     68370.0000000000       0.00000000000000       0.00000000000000       0.00000000000000
    1     -1     68564.0000000000       0.00000000000000       0.00000000000000       0.00000000000000
    1     -1     68564.0000000000      -0.09811132134460       0.08768209739976      -0.43388331559323
    1     -1     68565.0000000000      -0.09811132134460       0.08768209739976      -0.43388331559323
    1     -1     68566.0000000000      -0.09811132134460       0.08768209739976      -0.43388331559323
    1     -1     68566.0000000000       0.00000000000000       0.00000000000000       0.00000000000000
    1     -1     68566.0000000000       0.00000000000000       0.00000000000000       0.00000000000000
    1     -1     68566.0000000000      -0.13100320543490       0.11470389605447      -0.57417869664043
    1     -1     68567.0000000000      -0.13100320543490       0.11470389605447      -0.57417869664043
    1     -1     68568.0000000000      -0.13100320543490       0.11470389605447      -0.57417869664043
    1     -1     68568.0000000000       0.00000000000000       0.00000000000000       0.00000000000000
    1     -1     68568.0000000000       0.00000000000000       0.00000000000000       0.00000000000000
    1     -1     68568.0000000000      -0.13212496913854       0.11343403504359      -0.57417393837048
    1     -1     68569.0000000000      -0.13212496913854       0.11343403504359      -0.57417393837048
    1     -1     68570.0000000000      -0.13212496913854       0.11343403504359      -0.57417393837048
    1     -1     68570.0000000000       0.00000000000000       0.00000000000000       0.00000000000000
    1     -1     68570.0000000000       0.00000000000000       0.00000000000000       0.00000000000000
    1     -1     68570.0000000000      -0.13320306124791       0.11222091116333      -0.57416322666282
    1     -1     68571.0000000000      -0.13320306124791       0.11222091116333      -0.57416322666282
    1     -1     68572.0000000000      -0.13320306124791       0.11222091116333      -0.57416322666282
    1     -1     68572.0000000000       0.00000000000000       0.00000000000000       0.00000000000000
    1     -1     68572.0000000000       0.00000000000000       0.00000000000000       0.00000000000000
    1     -1     68572.0000000000      -0.13423983857260       0.11106186168343      -0.57414713088146
    1     -1     68573.0000000000      -0.13423983857260       0.11106186168343      -0.57414713088146
    1     -1     68574.0000000000      -0.13423983857260       0.11106186168343      -0.57414713088146
    1     -1     68574.0000000000       0.00000000000000       0.00000000000000       0.00000000000000
    1     -1     68574.0000000000       0.00000000000000       0.00000000000000       0.00000000000000
    1     -1     68574.0000000000      -0.13523773854335       0.10995412112795      -0.57412615739109
    1     -1     68575.0000000000      -0.13523773854335       0.10995412112795      -0.57412615739109
    1     -1     68576.0000000000      -0.13523773854335       0.10995412112795      -0.57412615739109
    1     -1     68576.0000000000       0.00000000000000       0.00000000000000       0.00000000000000
    1     -1     68576.0000000000       0.00000000000000       0.00000000000000       0.00000000000000
    1     -1     68576.0000000000      -0.13619876906502       0.10889545600397      -0.57410075269665
    1     -1     68577.0000000000      -0.13619876906502       0.10889545600397      -0.57410075269665
    1     -1     68578.0000000000      -0.13619876906502       0.10889545600397      -0.57410075269665
    1     -1     68578.0000000000       0.00000000000000       0.00000000000000       0.00000000000000
    1     -1     68578.0000000000       0.00000000000000       0.00000000000000       0.00000000000000
    1     -1     68578.0000000000      -0.13712495467452       0.10788358505013      -0.57407131801044
    1     -1     68579.0000000000      -0.13712495467452       0.10788358505013      -0.57407131801044
    1     -1     68580.0000000000      -0.13712495467452       0.10788358505013      -0.57407131801044
    1     -1     68580.0000000000       0.00000000000000       0.00000000000000       0.00000000000000
    1     -1     68580.0000000000       0.00000000000000       0.00000000000000       0.00000000000000
    1     -1     68580.0000000000      -0.13801812260011       0.10691647063640      -0.57403820902497
    1     -1     68581.0000000000      -0.13801812260011       0.10691647063640      -0.57403820902497
    1     -1     68582.0000000000      -0.13801812260011       0.10691647063640      -0.57403820902497
    1     -1     68582.0000000000       0.00000000000000       0.00000000000000       0.00000000000000
    1     -1     68582.0000000000       0.00000000000000       0.00000000000000       0.00000000000000
    1     -1     68582.0000000000      -0.13888002513706       0.10599215299382      -0.57400174337859
    1     -1     68583.0000000000      -0.13888002513706       0.10599215299382      -0.57400174337859
    1     -1     68584.0000000000      -0.13888002513706       0.10599215299382      -0.57400174337859
    1     -1     68584.0000000000       0.00000000000000       0.00000000000000       0.00000000000000
    1     -1     68584.0000000000       0.00000000000000       0.00000000000000       0.00000000000000
    1     -1     68584.0000000000      -0.13971227408152       0.10510884175465      -0.57396220357787
    1     -1     68585.0000000000      -0.13971227408152       0.10510884175465      -0.57396220357787
    1     -1     68586.0000000000      -0.13971227408152       0.10510884175465      -0.57396220357787
    1     -1     68586.0000000000       0.00000000000000       0.00000000000000       0.00000000000000
    1     -1     68586.0000000000       0.00000000000000       0.00000000000000       0.00000000000000
    1     -1     68586.0000000000      -0.14051637398782       0.10426487507245      -0.57391984087278
    1     -1     68587.0000000000      -0.14051637398782       0.10426487507245      -0.57391984087278
    1     -1     68588.0000000000      -0.14051637398782       0.10426487507245      -0.57391984087278
    1     -1     68588.0000000000       0.00000000000000       0.00000000000000       0.00000000000000
    1  19245     68588.0000000000       60650134.100701250      406308265.064610600         231463.306837570      -17.6961957785269        4.2176091702086       -0.6794954911245        1280.8474086726
    1  19245     68588.0000000000       60650134.100701250      406308265.064610600         231463.306837570      -17.6961957785269        4.2176091702086       -0.6794954911245        1366.2683532311
    1     -1     68588.0000000000       0.00000000000000       0.00000000000000       0.00000000000000
    1     -1     68588.0000000000      -0.42000491205561      -0.40369250882133       0.14362531619006
    1     -1     68589.0000000000      -0.42000491205561      -0.40369250882133       0.14362531619006
    1     -1     68590.0000000000      -0.42000491205561      -0.40369250882133       0.14362531619006
    1     -1     68590.0000000000       0.00000000000000       0.00000000000000       0.00000000000000
    1     -1     68590.0000000000       0.00000000000000       0.00000000000000       0.00000000000000
    1     -1     68590.0000000000      -0.42027224460478      -0.40353916075288       0.14327381279815
    1     -1     68591.0000000000      -0.42027224460478      -0.40353916075288       0.14327381279815
    1     -1     68592.0000000000      -0.42027224460478      -0.40353916075288       0.14327381279815
    1     -1     68592.0000000000       0.00000000000000       0.00000000000000       0.00000000000000
    1     -1     68592.0000000000       0.00000000000000       0.00000000000000       0.00000000000000
    1     -1     68592.0000000000      -0.42051789779184      -0.40341779668092       0.14289429043122
    1     -1     68593.0000000000      -0.42051789779184      -0.40341779668092       0.14289429043122
    1     -1     68594.0000000000      -0.42051789779184      -0.40341779668092       0.14289429043122
    1     -1     68594.0000000000       0.00000000000000       0.00000000000000       0.00000000000000
    1     -1     68594.0000000000       0.00000000000000       0.00000000000000       0.00000000000000
    1     -1     68594.0000000000      -0.42074108052414      -0.40332960605696       0.14248568811400
    1     -1     68595.0000000000      -0.42074108052414      -0.40332960605696       0.14248568811400
    1     -1     68596.0000000000      -0.42074108052414      -0.40332960605696       0.14248568811400
    1     -1     68596.0000000000       0.00000000000000       0.00000000000000       0.00000000000000
    1     -1     68596.0000000000       0.00000000000000       0.00000000000000       0.00000000000000
    1     -1     68596.0000000000      -0.42094094661377      -0.40327584964332       0.14204685085691
    1     -1     68597.0000000000      -0.42094094661377      -0.40327584964332       0.14204685085691
    1     -1     68598.0000000000      -0.42094094661377      -0.40327584964332       0.14204685085691
    1     -1     68598.0000000000       0.00000000000000       0.00000000000000       0.00000000000000
    1     -1     68598.0000000000       0.00000000000000       0.00000000000000       0.00000000000000
    1     -1     68598.0000000000      -0.42111658825008      -0.40325786699123       0.14157652026482
    1     -1     68599.0000000000      -0.42111658825008      -0.40325786699123       0.14157652026482
    1     -1     68600.0000000000      -0.42111658825008      -0.40325786699123       0.14157652026482
    1     -1     68600.0000000000       0.00000000000000       0.00000000000000       0.00000000000000
    1     -1     68600.0000000000       0.00000000000000       0.00000000000000       0.00000000000000
    1     -1     68600.0000000000      -0.42126702870071      -0.40327708471475       0.14107332403272
    1     -1     68601.0000000000      -0.42126702870071      -0.40327708471475       0.14107332403272
    1     -1     68602.0000000000      -0.42126702870071      -0.40327708471475       0.14107332403272
    1     -1     68602.0000000000       0.00000000000000       0.00000000000000       0.00000000000000
    1     -1     68602.0000000000       0.00000000000000       0.00000000000000       0.00000000000000
    1     -1     68602.0000000000      -0.42139121405573      -0.40333502574989       0.14053576413134
    1     -1     68603.0000000000      -0.42139121405573      -0.40333502574989       0.14053576413134
    1     -1     68604.0000000000      -0.42139121405573      -0.40333502574989       0.14053576413134
    1     -1     68604.0000000000       0.00000000000000       0.00000000000000       0.00000000000000
    1     -1     68604.0000000000       0.00000000000000       0.00000000000000       0.00000000000000
    1     -1     68604.0000000000      -0.42148800393949      -0.40343331964219       0.13996220353220
    1     -1     68605.0000000000      -0.42148800393949      -0.40343331964219       0.13996220353220
    1     -1     68606.0000000000      -0.42148800393949      -0.40343331964219       0.13996220353220
    1     -1     68606.0000000000       0.00000000000000       0.00000000000000       0.00000000000000
    1     -1     68606.0000000000       0.00000000000000       0.00000000000000       0.00000000000000
    1     -1     68606.0000000000      -0.42155616098009      -0.40357371406387       0.13935085122247
    1     -1     68607.0000000000      -0.42155616098009      -0.40357371406387       0.13935085122247
    1     -1     68608.0000000000      -0.42155616098009      -0.40357371406387       0.13935085122247
    1     -1     68608.0000000000       0.00000000000000       0.00000000000000       0.00000000000000
    1     -1     68608.0000000000       0.00000000000000       0.00000000000000       0.00000000000000
    1     -1     68608.0000000000      -0.42159433886104      -0.40375808769661       0.13869974527697
    1     -1     68609.0000000000      -0.42159433886104      -0.40375808769661       0.13869974527697
    1     -1     68610.0000000000      -0.42159433886104      -0.40375808769661       0.13869974527697
    1     -1     68610.0000000000       0.00000000000000       0.00000000000000       0.00000000000000
    1     -1     68610.0000000000       0.00000000000000       0.00000000000000       0.00000000000000
    1     -1     68610.0000000000      -0.42160106871714      -0.40398846468085       0.13800673368126
    1     -1     68611.0000000000      -0.42160106871714      -0.40398846468085       0.13800673368126
    1     -1     68612.0000000000      -0.42160106871714      -0.40398846468085       0.13800673368126
    1     -1     68612.0000000000       0.00000000000000       0.00000000000000       0.00000000000000
    1     -1     68612.0000000000       0.00000000000000       0.00000000000000       0.00000000000000
    1     -1     68612.0000000000      -0.42157474343014      -0.40426703103831       0.13726945252782
    1     -1     68613.0000000000      -0.42157474343014      -0.40426703103831       0.13726945252782
    1     -1     68614.0000000000      -0.42157474343014      -0.40426703103831       0.13726945252782
    1     -1     68614.0000000000       0.00000000000000       0.00000000000000       0.00000000000000
    1     -1     68614.0000000000       0.00000000000000       0.00000000000000       0.00000000000000
    1     -1     68614.0000000000      -0.42151359945144      -0.40459615338653       0.13648530112183
    1     -1     68615.0000000000      -0.42151359945144      -0.40459615338653       0.13648530112183
    1     -1     68616.0000000000      -0.42151359945144      -0.40459615338653       0.13648530112183
    1     -1     68616.0000000000       0.00000000000000       0.00000000000000       0.00000000000000
    1     -1     68616.0000000000       0.00000000000000       0.00000000000000       0.00000000000000
    1     -1     68616.0000000000      -0.42141569603145      -0.40497839994377       0.13565141354704
    1     -1     68617.0000000000      -0.42141569603145      -0.40497839994377       0.13565141354704
    1     -1     68618.0000000000      -0.42141569603145      -0.40497839994377       0.13565141354704
    1     -1     68618.0000000000       0.00000000000000       0.00000000000000       0.00000000000000
    1     -1     68618.0000000000       0.00000000000000       0.00000000000000       0.00000000000000
    1     -1     68618.0000000000      -0.42127889098620      -0.40541656464546       0.13476462592427
    1     -1     68619.0000000000      -0.42127889098620      -0.40541656464546       0.13476462592427
    1     -1     68620.0000000000      -0.42127889098620      -0.40541656464546       0.13476462592427
    1     -1     68620.0000000000       0.00000000000000       0.00000000000000       0.00000000000000
    1     -1     68620.0000000000       0.00000000000000       0.00000000000000       0.00000000000000
    1     -1     68620.0000000000      -0.42110081310255      -0.40591369399142       0.13382143891997
    1     -1     68621.0000000000      -0.42110081310255      -0.40591369399142       0.13382143891997
    1     -1     68622.0000000000      -0.42110081310255      -0.40591369399142       0.13382143891997
    1     -1     68622.0000000000       0.00000000000000       0.00000000000000       0.00000000000000
    1     -1     68622.0000000000       0.00000000000000       0.00000000000000       0.00000000000000
    1     -1     68622.0000000000      -0.42087883013671      -0.40647311747632       0.13281797465643
    1     -1     68623.0000000000      -0.42087883013671      -0.40647311747632       0.13281797465643
    1     -1     68624.0000000000      -0.42087883013671      -0.40647311747632       0.13281797465643
    1     -1     68624.0000000000       0.00000000000000       0.00000000000000       0.00000000000000
    1     -1     68624.0000000000       0.00000000000000       0.00000000000000       0.00000000000000
    1     -1     68624.0000000000      -0.42061001291961      -0.40709848066235       0.13174992734028
    1     -1     68625.0000000000      -0.42061001291961      -0.40709848066235       0.13174992734028
    1     -1     68626.0000000000      -0.42061001291961      -0.40709848066235       0.13174992734028
    1     -1     68626.0000000000       0.00000000000000       0.00000000000000       0.00000000000000
    1     -1     68626.0000000000       0.00000000000000       0.00000000000000       0.00000000000000
    1     -1     68626.0000000000      -0.42029109296442      -0.40779378417467       0.13061250339563
    1     -1     68627.0000000000      -0.42029109296442      -0.40779378417467       0.13061250339563
    1     -1     68628.0000000000      -0.42029109296442      -0.40779378417467       0.13061250339563
    1     -1     68628.0000000000       0.00000000000000       0.00000000000000       0.00000000000000
    1     -1     68628.0000000000       0.00000000000000       0.00000000000000       0.00000000000000
    1     -1     68628.0000000000      -0.41991839190468      -0.40856345130902       0.12940034650130
    1     -1     68629.0000000000      -0.41991839190468      -0.40856345130902       0.12940034650130
    1     -1     68630.0000000000      -0.41991839190468      -0.40856345130902       0.12940034650130
    1     -1     68630.0000000000       0.00000000000000       0.00000000000000       0.00000000000000
    1     -1     68630.0000000000       0.00000000000000       0.00000000000000       0.00000000000000
    1     -1     68630.0000000000      -0.27314031452168      -0.26657983983990       0.08341442842759
    1     -1     68631.0000000000      -0.27314031452168      -0.26657983983990       0.08341442842759
    1     -1     68632.0000000000      -0.27314031452168      -0.26657983983990       0.08341442842759
    1     -1     68632.0000000000       0.00000000000000       0.00000000000000       0.00000000000000
    1     -1     68768.0000000000       0.00000000000000       0.00000000000000       0.00000000000000
    1     -1     68768.0000000000       0.26737118396604       0.17024118829614      -0.12512332314049
    1     -1     68769.0000000000       0.26737118396604       0.17024118829614      -0.12512332314049
    1     -1     68770.0000000000       0.26737118396604       0.17024118829614      -0.12512332314049
    1     -1     68770.0000000000       0.00000000000000       0.00000000000000       0.00000000000000
    1     -1     68770.0000000000       0.00000000000000       0.00000000000000       0.00000000000000
    1     -1     68770.0000000000       0.47031078263320       0.30135013271437      -0.21907958492744
    1     -1     68771.0000000000       0.47031078263320       0.30135013271437      -0.21907958492744
    1     -1     68772.0000000000       0.47031078263320       0.30135013271437      -0.21907958492744
    1     -1     68772.0000000000       0.00000000000000       0.00000000000000       0.00000000000000
    1     -1     68772.0000000000       0.00000000000000       0.00000000000000       0.00000000000000
    1     -1     68772.0000000000       0.46987636546713       0.30286809211784      -0.21791539466568
    1     -1     68773.0000000000       0.46987636546713       0.30286809211784      -0.21791539466568
    1     -1     68774.0000000000       0.46987636546713       0.30286809211784      -0.21791539466568
    1     -1     68774.0000000000       0.00000000000000       0.00000000000000       0.00000000000000
    1     -1     68774.0000000000       0.00000000000000       0.00000000000000       0.00000000000000
    1     -1     68774.0000000000       0.46945909680178       0.30430608080309      -0.21680859045784
    1     -1     68775.0000000000       0.46945909680178       0.30430608080309      -0.21680859045784
    1     -1     68776.0000000000       0.46945909680178       0.30430608080309      -0.21680859045784
    1     -1     68776.0000000000       0.00000000000000       0.00000000000000       0.00000000000000
    1     -1     68776.0000000000       0.00000000000000       0.00000000000000       0.00000000000000
    1     -1     68776.0000000000       0.46905818905726       0.30567008389767      -0.21575498689097
    1     -1     68777.0000000000       0.46905818905726       0.30567008389767      -0.21575498689097
    1     -1     68778.0000000000       0.46905818905726       0.30567008389767      -0.21575498689097
    1     -1     68778.0000000000       0.00000000000000       0.00000000000000       0.00000000000000
    1     -1     68778.0000000000       0.00000000000000       0.00000000000000       0.00000000000000
    1     -1     68778.0000000000       0.46867292411587       0.30696548875060      -0.21475073503201
    1     -1     68779.0000000000       0.46867292411587       0.30696548875060      -0.21475073503201
    1     -1     68780.0000000000       0.46867292411587       0.30696548875060      -0.21475073503201
    1     -1     68780.0000000000       0.00000000000000       0.00000000000000       0.00000000000000
    1     -1     68780.0000000000       0.00000000000000       0.00000000000000       0.00000000000000
    1     -1     68780.0000000000       0.46830265012140       0.30819708689429      -0.21379238246286
    1     -1     68781.0000000000       0.46830265012140       0.30819708689429      -0.21379238246286
    1     -1     68782.0000000000       0.46830265012140       0.30819708689429      -0.21379238246286
    1     -1     68782.0000000000       0.00000000000000       0.00000000000000       0.00000000000000
    1     -1     68782.0000000000       0.00000000000000       0.00000000000000       0.00000000000000
    1     -1     68782.0000000000       0.46794676837074       0.30936918889767      -0.21287678645681
    1     -1     68783.0000000000       0.46794676837074       0.30936918889767      -0.21287678645681
    1     -1     68784.0000000000       0.46794676837074       0.30936918889767      -0.21287678645681
    1     -1     68784.0000000000       0.00000000000000       0.00000000000000       0.00000000000000
    1     -1     68784.0000000000       0.00000000000000       0.00000000000000       0.00000000000000
    1     -1     68784.0000000000       0.46760473278714       0.31048567919257      -0.21200107587320
    1     -1     68785.0000000000       0.46760473278714       0.31048567919257      -0.21200107587320
    1     -1     68786.0000000000       0.46760473278714       0.31048567919257      -0.21200107587320
    1     -1     68786.0000000000       0.00000000000000       0.00000000000000       0.00000000000000
    1     -1     68786.0000000000       0.00000000000000       0.00000000000000       0.00000000000000
    1     -1     68786.0000000000       0.46727604220642       0.31155006940028      -0.21116262433628
    1     -1     68787.0000000000       0.46727604220642       0.31155006940028      -0.21116262433628
    1     -1     68788.0000000000       0.46727604220642       0.31155006940028      -0.21116262433628
    1     -1     68788.0000000000       0.00000000000000       0.00000000000000       0.00000000000000
    1     -1     68788.0000000000       0.00000000000000       0.00000000000000       0.00000000000000
    1     -1     68788.0000000000       0.46696023690570       0.31256553876052      -0.21035902739916
    1     -1     68789.0000000000       0.46696023690570       0.31256553876052      -0.21035902739916
    1     -1     68790.0000000000       0.46696023690570       0.31256553876052      -0.21035902739916
    1     -1     68790.0000000000       0.00000000000000       0.00000000000000       0.00000000000000
    1     -1     68790.0000000000       0.00000000000000       0.00000000000000       0.00000000000000
    1     -1     68790.0000000000       0.46665689686851       0.31353496879438      -0.20958807988088
    1     -1     68791.0000000000       0.46665689686851       0.31353496879438      -0.20958807988088
    1     -1     68792.0000000000       0.46665689686851       0.31353496879438      -0.20958807988088
    1     -1     68792.0000000000       0.00000000000000       0.00000000000000       0.00000000000000
    1     -1     68792.0000000000       0.00000000000000       0.00000000000000       0.00000000000000
    1     -1     68792.0000000000       0.46636563929628       0.31446097521955      -0.20884775514173
    1     -1     68793.0000000000       0.46636563929628       0.31446097521955      -0.20884775514173
    1     -1     68794.0000000000       0.46636563929628       0.31446097521955      -0.20884775514173
    1     -1     68794.0000000000       0.00000000000000       0.00000000000000       0.00000000000000
    1     -1     68794.0000000000       0.00000000000000       0.00000000000000       0.00000000000000
    1     -1     68794.0000000000       0.46608611591926       0.31534593617794      -0.20813618705876
    1     -1     68795.0000000000       0.46608611591926       0.31534593617794      -0.20813618705876
    1     -1     68796.0000000000       0.46608611591926       0.31534593617794      -0.20813618705876
    1     -1     68796.0000000000       0.00000000000000       0.00000000000000       0.00000000000000
    1     -1     68796.0000000000       0.00000000000000       0.00000000000000       0.00000000000000
    1     -1     68796.0000000000       0.46581801080657       0.31619201601337      -0.20745165484425
    1     -1     68797.0000000000       0.46581801080657       0.31619201601337      -0.20745165484425
    1     -1     68798.0000000000       0.46581801080657       0.31619201601337      -0.20745165484425
    1     -1     68798.0000000000       0.00000000000000       0.00000000000000       0.00000000000000
    1  21794     68798.0000000000     -263659506.060799181      342566865.999305964       -5730496.177505706      -14.6358293588221       -9.1651131731655       -0.6161333563810        1270.5375408753
    1  21794     68798.0000000000     -263659506.060799181      342566865.999305964       -5730496.177505706      -14.6358293588221       -9.1651131731655       -0.6161333563810        1355.9584854338
    1     -1     68798.0000000000       0.00000000000000       0.00000000000000       0.00000000000000
    1     -1     68798.0000000000      -0.19075328569045       0.08281763161037      -0.56280940217159
    1     -1     68799.0000000000      -0.19075328569045       0.08281763161037      -0.56280940217159
    1     -1     68800.0000000000      -0.19075328569045       0.08281763161037      -0.56280940217159
    1     -1     68800.0000000000       0.00000000000000       0.00000000000000       0.00000000000000
    1     -1     68800.0000000000       0.00000000000000       0.00000000000000       0.00000000000000
    1     -1     68800.0000000000      -0.18673404287002       0.08085998616829      -0.56443959743296
    1     -1     68801.0000000000      -0.18673404287002       0.08085998616829      -0.56443959743296
    1     -1     68802.0000000000      -0.18673404287002       0.08085998616829      -0.56443959743296
    1     -1     68802.0000000000       0.00000000000000       0.00000000000000       0.00000000000000
    1     -1     68802.0000000000       0.00000000000000       0.00000000000000       0.00000000000000
    1     -1     68802.0000000000      -0.18231839868142       0.07872408654782      -0.56618240786822
    1     -1     68803.0000000000      -0.18231839868142       0.07872408654782      -0.56618240786822
    1     -1     68804.0000000000      -0.18231839868142       0.07872408654782      -0.56618240786822
    1     -1     68804.0000000000       0.00000000000000       0.00000000000000       0.00000000000000
    1     -1     68804.0000000000       0.00000000000000       0.00000000000000       0.00000000000000
    1     -1     68804.0000000000      -0.17744235760260       0.07637999164959      -0.56804956287637
    1     -1     68805.0000000000      -0.17744235760260       0.07637999164959      -0.56804956287637
    1     -1     68806.0000000000      -0.17744235760260       0.07637999164959      -0.56804956287637
    1     -1     68806.0000000000       0.00000000000000       0.00000000000000       0.00000000000000
    1     -1     68806.0000000000       0.00000000000000       0.00000000000000       0.00000000000000
    1     -1     68806.0000000000      -0.17202779428320       0.07379119305116      -0.57005376685199
    1     -1     68807.0000000000      -0.17202779428320       0.07379119305116      -0.57005376685199
    1     -1     68808.0000000000      -0.17202779428320       0.07379119305116      -0.57005376685199
    1     -1     68808.0000000000       0.00000000000000       0.00000000000000       0.00000000000000
    1     -1     68808.0000000000       0.00000000000000       0.00000000000000       0.00000000000000
    1     -1     68808.0000000000      -0.16597842894897       0.07091274971348      -0.57220847803201
    1     -1     68809.0000000000      -0.16597842894897       0.07091274971348      -0.57220847803201
    1     -1     68810.0000000000      -0.16597842894897       0.07091274971348      -0.57220847803201
    1     -1     68810.0000000000       0.00000000000000       0.00000000000000       0.00000000000000
    1     -1     68810.0000000000       0.00000000000000       0.00000000000000       0.00000000000000
    1     -1     68810.0000000000      -0.15917437675283       0.06768876407576      -0.57452741299545
    1     -1     68811.0000000000      -0.15917437675283       0.06768876407576      -0.57452741299545
    1     -1     68812.0000000000      -0.15917437675283       0.06768876407576      -0.57452741299545
    1     -1     68812.0000000000       0.00000000000000       0.00000000000000       0.00000000000000
    1     -1     68812.0000000000       0.00000000000000       0.00000000000000       0.00000000000000
    1     -1     68812.0000000000      -0.15146467262395       0.06404892402336      -0.57702355892838
    1     -1     68813.0000000000      -0.15146467262395       0.06404892402336      -0.57702355892838
    1     -1     68814.0000000000      -0.15146467262395       0.06404892402336      -0.57702355892838
    1     -1     68814.0000000000       0.00000000000000       0.00000000000000       0.00000000000000
    1     -1     68814.0000000000       0.00000000000000       0.00000000000000       0.00000000000000
    1     -1     68814.0000000000      -0.14265687529744       0.05990369864647      -0.57970730726708
    1     -1     68815.0000000000      -0.14265687529744       0.05990369864647      -0.57970730726708
    1     -1     68816.0000000000      -0.14265687529744       0.05990369864647      -0.57970730726708
    1     -1     68816.0000000000       0.00000000000000       0.00000000000000       0.00000000000000
    1     -1     68816.0000000000       0.00000000000000       0.00000000000000       0.00000000000000
    1     -1     68816.0000000000      -0.13250239465420       0.05513756607389      -0.58258300996369
    1     -1     68817.0000000000      -0.13250239465420       0.05513756607389      -0.58258300996369
    1     -1     68818.0000000000      -0.13250239465420       0.05513756607389      -0.58258300996369
    1     -1     68818.0000000000       0.00000000000000       0.00000000000000       0.00000000000000
    1     -1     68818.0000000000       0.00000000000000       0.00000000000000       0.00000000000000
    1     -1     68818.0000000000      -0.12067547038595       0.04959932553032      -0.58564267009335
    1     -1     68819.0000000000      -0.12067547038595       0.04959932553032      -0.58564267009335
    1     -1     68820.0000000000      -0.12067547038595       0.04959932553032      -0.58564267009335
    1     -1     68820.0000000000       0.00000000000000       0.00000000000000       0.00000000000000
    1     -1     68820.0000000000       0.00000000000000       0.00000000000000       0.00000000000000
    1     -1     68820.0000000000      -0.10674264325983       0.04308805619909      -0.58885433411234
    1     -1     68821.0000000000      -0.10674264325983       0.04308805619909      -0.58885433411234
    1     -1     68822.0000000000      -0.10674264325983       0.04308805619909      -0.58885433411234
    1     -1     68822.0000000000       0.00000000000000       0.00000000000000       0.00000000000000
    1     -1     68822.0000000000       0.00000000000000       0.00000000000000       0.00000000000000
    1     -1     68822.0000000000      -0.09011787263203       0.03533251829048      -0.59214050821028
    1     -1     68823.0000000000      -0.09011787263203       0.03533251829048      -0.59214050821028
    1     -1     68824.0000000000      -0.09011787263203       0.03533251829048      -0.59214050821028
    1     -1     68824.0000000000       0.00000000000000       0.00000000000000       0.00000000000000
    1     -1     68824.0000000000       0.00000000000000       0.00000000000000       0.00000000000000
    1     -1     68824.0000000000      -0.06999569138754       0.02596055423588      -0.59533742708732
    1     -1     68825.0000000000      -0.06999569138754       0.02596055423588      -0.59533742708732
    1     -1     68826.0000000000      -0.06999569138754       0.02596055423588      -0.59533742708732
    1     -1     68826.0000000000       0.00000000000000       0.00000000000000       0.00000000000000
    1     -1     68826.0000000000       0.00000000000000       0.00000000000000       0.00000000000000
    1     -1     68826.0000000000      -0.04525272435809       0.01445422794371      -0.59811643140171
    1     -1     68827.0000000000      -0.04525272435809       0.01445422794371      -0.59811643140171
    1     -1     68828.0000000000      -0.04525272435809       0.01445422794371      -0.59811643140171
    1     -1     68828.0000000000       0.00000000000000       0.00000000000000       0.00000000000000
    1     -1     68828.0000000000       0.00000000000000       0.00000000000000       0.00000000000000
    1     -1     68828.0000000000      -0.01430647434944       0.00008593132017      -0.59982940632108
    1     -1     68829.0000000000      -0.01430647434944       0.00008593132017      -0.59982940632108
    1     -1     68830.0000000000      -0.01430647434944       0.00008593132017      -0.59982940632108
    1     -1     68830.0000000000       0.00000000000000       0.00000000000000       0.00000000000000
    1     -1     68830.0000000000       0.00000000000000       0.00000000000000       0.00000000000000
    1     -1     68830.0000000000       0.01604735521204      -0.01162734362746      -0.38357465667041
    1     -1     68831.0000000000       0.01604735521204      -0.01162734362746      -0.38357465667041
    1     -1     68832.0000000000       0.01604735521204      -0.01162734362746      -0.38357465667041
    1     -1     68832.0000000000       0.00000000000000       0.00000000000000       0.00000000000000
    1     -1     68852.0000000000       0.00000000000000       0.00000000000000       0.00000000000000
    1     -1     68852.0000000000       0.47168649958548      -0.21617615659502       0.28069447382702
    1     -1     68853.0000000000       0.47168649958548      -0.21617615659502       0.28069447382702
    1     -1     68854.0000000000       0.47168649958548      -0.21617615659502       0.28069447382702
    1     -1     68854.0000000000       0.00000000000000       0.00000000000000       0.00000000000000
    1     -1     68854.0000000000       0.00000000000000       0.00000000000000       0.00000000000000
    1     -1     68854.0000000000       0.45990076114274      -0.21032902417278       0.32288231721613
    1     -1     68855.0000000000       0.45990076114274      -0.21032902417278       0.32288231721613
    1     -1     68856.0000000000       0.45990076114274      -0.21032902417278       0.32288231721613
    1     -1     68856.0000000000       0.00000000000000       0.00000000000000       0.00000000000000
    1     -1     68856.0000000000       0.00000000000000       0.00000000000000       0.00000000000000
    1     -1     68856.0000000000       0.44261147605669      -0.20207561823995       0.35108478328726
    1     -1     68857.0000000000       0.44261147605669      -0.20207561823995       0.35108478328726
    1     -1     68858.0000000000       0.44261147605669      -0.20207561823995       0.35108478328726
    1     -1     68858.0000000000       0.00000000000000       0.00000000000000       0.00000000000000
    1     -1     68858.0000000000       0.00000000000000       0.00000000000000       0.00000000000000
    1     -1     68858.0000000000       0.42771942129674      -0.19500626264065       0.37286546294409
    1     -1     68859.0000000000       0.42771942129674      -0.19500626264065       0.37286546294409
    1     -1     68860.0000000000       0.42771942129674      -0.19500626264065       0.37286546294409
    1     -1     68860.0000000000       0.00000000000000       0.00000000000000       0.00000000000000
    1     -1     68860.0000000000       0.00000000000000       0.00000000000000       0.00000000000000
    1     -1     68860.0000000000       0.41491103499933      -0.18895575265880       0.39005711870562
    1     -1     68861.0000000000       0.41491103499933      -0.18895575265880       0.39005711870562
    1     -1     68862.0000000000       0.41491103499933      -0.18895575265880       0.39005711870562
    1     -1     68862.0000000000       0.00000000000000       0.00000000000000       0.00000000000000
    1     -1     68862.0000000000       0.00000000000000       0.00000000000000       0.00000000000000
    1     -1     68862.0000000000       0.40386090204472      -0.18375980998805       0.40389194509520
    1     -1     68863.0000000000       0.40386090204472      -0.18375980998805       0.40389194509520
    1     -1     68864.0000000000       0.40386090204472      -0.18375980998805       0.40389194509520
    1     -1     68864.0000000000       0.00000000000000       0.00000000000000       0.00000000000000
    1     -1     68864.0000000000       0.00000000000000       0.00000000000000       0.00000000000000
    1     -1     68864.0000000000       0.39427941286572      -0.17927489885209       0.41521591312453
    1     -1     68865.0000000000       0.39427941286572      -0.17927489885209       0.41521591312453
    1     -1     68866.0000000000       0.39427941286572      -0.17927489885209       0.41521591312453
    1     -1     68866.0000000000       0.00000000000000       0.00000000000000       0.00000000000000
    1     -1     68866.0000000000       0.00000000000000       0.00000000000000       0.00000000000000
    1     -1     68866.0000000000       0.38592319215908      -0.17538162733152       0.42462286069911
    1     -1     68867.0000000000       0.38592319215908      -0.17538162733152       0.42462286069911
    1     -1     68868.0000000000       0.38592319215908      -0.17538162733152       0.42462286069911
    1     -1     68868.0000000000       0.00000000000000       0.00000000000000       0.00000000000000
    1     -1     68868.0000000000       0.00000000000000       0.00000000000000       0.00000000000000
    1     -1     68868.0000000000       0.37859244597743      -0.17198261576874       0.43253871387677
    1     -1     68869.0000000000       0.37859244597743      -0.17198261576874       0.43253871387677
    1     -1     68870.0000000000       0.37859244597743      -0.17198261576874       0.43253871387677
    1     -1     68870.0000000000       0.00000000000000       0.00000000000000       0.00000000000000
    1     -1     68870.0000000000       0.00000000000000       0.00000000000000       0.00000000000000
    1     -1     68870.0000000000       0.37212452793584      -0.16899893850291       0.43927519139307
    1     -1     68871.0000000000       0.37212452793584      -0.16899893850291       0.43927519139307
    1     -1     68872.0000000000       0.37212452793584      -0.16899893850291       0.43927519139307
    1     -1     68872.0000000000       0.00000000000000       0.00000000000000       0.00000000000000
    1     -1     68872.0000000000       0.00000000000000       0.00000000000000       0.00000000000000
    1     -1     68872.0000000000       0.36638716620888      -0.16636660856585       0.44506470908366
    1     -1     68873.0000000000       0.36638716620888      -0.16636660856585       0.44506470908366
    1     -1     68874.0000000000       0.36638716620888      -0.16636660856585       0.44506470908366
    1     -1     68874.0000000000       0.00000000000000       0.00000000000000       0.00000000000000
    1     -1     68874.0000000000       0.00000000000000       0.00000000000000       0.00000000000000
    1     -1     68874.0000000000       0.36127249205120      -0.16403355972839       0.45008352230442
    1     -1     68875.0000000000       0.36127249205120      -0.16403355972839       0.45008352230442
    1     -1     68876.0000000000       0.36127249205120      -0.16403355972839       0.45008352230442
    1     -1     68876.0000000000       0.00000000000000       0.00000000000000       0.00000000000000
    1     -1     68876.0000000000       0.00000000000000       0.00000000000000       0.00000000000000
    1     -1     68876.0000000000       0.35669212253078      -0.16195719773346       0.45446737518420
    1     -1     68877.0000000000       0.35669212253078      -0.16195719773346       0.45446737518420
    1     -1     68878.0000000000       0.35669212253078      -0.16195719773346       0.45446737518420
    1     -1     68878.0000000000       0.00000000000000       0.00000000000000       0.00000000000000
    1     -1     68878.0000000000       0.00000000000000       0.00000000000000       0.00000000000000
    1     -1     68878.0000000000       0.35257322747976      -0.16010246335160       0.45832228810441
    1     -1     68879.0000000000       0.35257322747976      -0.16010246335160       0.45832228810441
    1     -1     68880.0000000000       0.35257322747976      -0.16010246335160       0.45832228810441
    1     -1     68880.0000000000       0.00000000000000       0.00000000000000       0.00000000000000
    1     -1     68880.0000000000       0.00000000000000       0.00000000000000       0.00000000000000
    1     -1     68880.0000000000       0.34885536869358      -0.15844028205509       0.46173218215322
    1     -1     68881.0000000000       0.34885536869358      -0.15844028205509       0.46173218215322
    1     -1     68882.0000000000       0.34885536869358      -0.15844028205509       0.46173218215322
    1     -1     68882.0000000000       0.00000000000000       0.00000000000000       0.00000000000000
    1     -1     68882.0000000000       0.00000000000000       0.00000000000000       0.00000000000000
    1     -1     68882.0000000000       0.34548817799975      -0.15694642384475       0.46476417480778
    1     -1     68883.0000000000       0.34548817799975      -0.15694642384475       0.46476417480778
    1     -1     68884.0000000000       0.34548817799975      -0.15694642384475       0.46476417480778
    1     -1     68884.0000000000       0.00000000000000       0.00000000000000       0.00000000000000
    1     -1     68884.0000000000       0.00000000000000       0.00000000000000       0.00000000000000
    1     -1     68884.0000000000       0.34242935929442      -0.15560054501660       0.46747256985170
    1     -1     68885.0000000000       0.34242935929442      -0.15560054501660       0.46747256985170
    1     -1     68886.0000000000       0.34242935929442      -0.15560054501660       0.46747256985170
    1     -1     68886.0000000000       0.00000000000000       0.00000000000000       0.00000000000000
    1     -1     68886.0000000000       0.00000000000000       0.00000000000000       0.00000000000000
    1     -1     68886.0000000000       0.33964317469318      -0.15438544959182       0.46990174091896
    1     -1     68887.0000000000       0.33964317469318      -0.15438544959182       0.46990174091896
    1     -1     68888.0000000000       0.33964317469318      -0.15438544959182       0.46990174091896
    1     -1     68888.0000000000       0.00000000000000       0.00000000000000       0.00000000000000
    1  46483     68888.0000000000     -363359669.396742284      256120463.649434775      -16536586.999521002      -10.1250826605635      -13.1658412754023       -0.7260804533853        1264.4453574001
    1  46483     68888.0000000000     -363359669.396742284      256120463.649434775      -16536586.999521002      -10.1250826605635      -13.1658412754023       -0.7260804533853        1324.2126400832
    1     -1     68888.0000000000       0.00000000000000       0.00000000000000       0.00000000000000
    1     -1     68888.0000000000      -0.12472741547376       0.45114041764042       0.37538699322228
    1     -1     68889.0000000000      -0.12472741547376       0.45114041764042       0.37538699322228
    1     -1     68890.0000000000      -0.12472741547376       0.45114041764042       0.37538699322228
    1     -1     68890.0000000000       0.00000000000000       0.00000000000000       0.00000000000000
    1     -1     68890.0000000000       0.00000000000000       0.00000000000000       0.00000000000000
    1     -1     68890.0000000000      -0.12684627432430       0.44905995417287       0.37716730972912
    1     -1     68891.0000000000      -0.12684627432430       0.44905995417287       0.37716730972912
    1     -1     68892.0000000000      -0.12684627432430       0.44905995417287       0.37716730972912
    1     -1     68892.0000000000       0.00000000000000       0.00000000000000       0.00000000000000
    1     -1     68892.0000000000       0.00000000000000       0.00000000000000       0.00000000000000
    1     -1     68892.0000000000      -0.12905997084516       0.44690533950990       0.37897116080644
    1     -1     68893.0000000000      -0.12905997084516       0.44690533950990       0.37897116080644
    1     -1     68894.0000000000      -0.12905997084516       0.44690533950990       0.37897116080644
    1     -1     68894.0000000000       0.00000000000000       0.00000000000000       0.00000000000000
    1     -1     68894.0000000000       0.00000000000000       0.00000000000000       0.00000000000000
    1     -1     68894.0000000000      -0.13137194565778       0.44467226111685       0.38079914832798
    1     -1     68895.0000000000      -0.13137194565778       0.44467226111685       0.38079914832798
    1     -1     68896.0000000000      -0.13137194565778       0.44467226111685       0.38079914832798
    1     -1     68896.0000000000       0.00000000000000       0.00000000000000       0.00000000000000
    1     -1     68896.0000000000       0.00000000000000       0.00000000000000       0.00000000000000
    1     -1     68896.0000000000      -0.13378580888124       0.44235610943812       0.38265183792158
    1     -1     68897.0000000000      -0.13378580888124       0.44235610943812       0.38265183792158
    1     -1     68898.0000000000      -0.13378580888124       0.44235610943812       0.38265183792158
    1     -1     68898.0000000000       0.00000000000000       0.00000000000000       0.00000000000000
    1     -1     68898.0000000000       0.00000000000000       0.00000000000000       0.00000000000000
    1     -1     68898.0000000000      -0.13630534834463       0.43995195466562       0.38452975031661
    1     -1     68899.0000000000      -0.13630534834463       0.43995195466562       0.38452975031661
    1     -1     68900.0000000000      -0.13630534834463       0.43995195466562       0.38452975031661
    1     -1     68900.0000000000       0.00000000000000       0.00000000000000       0.00000000000000
    1     -1     68900.0000000000       0.00000000000000       0.00000000000000       0.00000000000000
    1     -1     68900.0000000000      -0.13893453744236       0.43745452154355       0.38643335151975
    1     -1     68901.0000000000      -0.13893453744236       0.43745452154355       0.38643335151975
    1     -1     68902.0000000000      -0.13893453744236       0.43745452154355       0.38643335151975
    1     -1     68902.0000000000       0.00000000000000       0.00000000000000       0.00000000000000
    1     -1     68902.0000000000       0.00000000000000       0.00000000000000       0.00000000000000
    1     -1     68902.0000000000      -0.14167754307767       0.43485816191069       0.38836304160814
    1     -1     68903.0000000000      -0.14167754307767       0.43485816191069       0.38836304160814
    1     -1     68904.0000000000      -0.14167754307767       0.43485816191069       0.38836304160814
    1     -1     68904.0000000000       0.00000000000000       0.00000000000000       0.00000000000000
    1     -1     68904.0000000000       0.00000000000000       0.00000000000000       0.00000000000000
    1     -1     68904.0000000000      -0.14453873348935       0.43215682485185       0.39031914190219
    1     -1     68905.0000000000      -0.14453873348935       0.43215682485185       0.39031914190219
    1     -1     68906.0000000000      -0.14453873348935       0.43215682485185       0.39031914190219
    1     -1     68906.0000000000       0.00000000000000       0.00000000000000       0.00000000000000
    1     -1     68906.0000000000       0.00000000000000       0.00000000000000       0.00000000000000
    1     -1     68906.0000000000      -0.14752268594108       0.42934402451501       0.39230187996744
    1     -1     68907.0000000000      -0.14752268594108       0.42934402451501       0.39230187996744
    1     -1     68908.0000000000      -0.14752268594108       0.42934402451501       0.39230187996744
    1     -1     68908.0000000000       0.00000000000000       0.00000000000000       0.00000000000000
    1     -1     68908.0000000000       0.00000000000000       0.00000000000000       0.00000000000000
    1     -1     68908.0000000000      -0.15063419427112       0.42641280487672       0.39431137269099
    1     -1     68909.0000000000      -0.15063419427112       0.42641280487672       0.39431137269099
    1     -1     68910.0000000000      -0.15063419427112       0.42641280487672       0.39431137269099
    1     -1     68910.0000000000       0.00000000000000       0.00000000000000       0.00000000000000
    1     -1     68910.0000000000       0.00000000000000       0.00000000000000       0.00000000000000
    1     -1     68910.0000000000      -0.15387827544566       0.42335570223692       0.39634760628690
    1     -1     68911.0000000000      -0.15387827544566       0.42335570223692       0.39634760628690
    1     -1     68912.0000000000      -0.15387827544566       0.42335570223692       0.39634760628690
    1     -1     68912.0000000000       0.00000000000000       0.00000000000000       0.00000000000000
    1     -1     68912.0000000000       0.00000000000000       0.00000000000000       0.00000000000000
    1     -1     68912.0000000000      -0.15726017548912       0.42016470428758       0.39841041371438
    1     -1     68913.0000000000      -0.15726017548912       0.42016470428758       0.39841041371438
    1     -1     68914.0000000000      -0.15726017548912       0.42016470428758       0.39841041371438
    1     -1     68914.0000000000       0.00000000000000       0.00000000000000       0.00000000000000
    1     -1     68914.0000000000       0.00000000000000       0.00000000000000       0.00000000000000
    1     -1     68914.0000000000      -0.16078537409769       0.41683120614892       0.40049944860973
    1     -1     68915.0000000000      -0.16078537409769       0.41683120614892       0.40049944860973
    1     -1     68916.0000000000      -0.16078537409769       0.41683120614892       0.40049944860973
    1     -1     68916.0000000000       0.00000000000000       0.00000000000000       0.00000000000000
    1     -1     68916.0000000000       0.00000000000000       0.00000000000000       0.00000000000000
    1     -1     68916.0000000000      -0.16445958770617       0.41334596302197       0.40261415542049
    1     -1     68917.0000000000      -0.16445958770617       0.41334596302197       0.40261415542049
    1     -1     68918.0000000000      -0.16445958770617       0.41334596302197       0.40261415542049
    1     -1     68918.0000000000       0.00000000000000       0.00000000000000       0.00000000000000
    1     -1     68918.0000000000       0.00000000000000       0.00000000000000       0.00000000000000
    1     -1     68918.0000000000      -0.16828877051086       0.40969903932904       0.40475373521785
    1     -1     68919.0000000000      -0.16828877051086       0.40969903932904       0.40475373521785
    1     -1     68920.0000000000      -0.16828877051086       0.40969903932904       0.40475373521785
    1     -1     68920.0000000000       0.00000000000000       0.00000000000000       0.00000000000000
    1     -1     68920.0000000000       0.00000000000000       0.00000000000000       0.00000000000000
    1     -1     68920.0000000000      -0.17227911298167       0.40587975430499       0.40691710649169
    1     -1     68921.0000000000      -0.17227911298167       0.40587975430499       0.40691710649169
    1     -1     68922.0000000000      -0.17227911298167       0.40587975430499       0.40691710649169
    1     -1     68922.0000000000       0.00000000000000       0.00000000000000       0.00000000000000
    1     -1     68922.0000000000       0.00000000000000       0.00000000000000       0.00000000000000
    1     -1     68922.0000000000      -0.17643703709601       0.40187662386581       0.40910286042877
    1     -1     68923.0000000000      -0.17643703709601       0.40187662386581       0.40910286042877
    1     -1     68924.0000000000      -0.17643703709601       0.40187662386581       0.40910286042877
    1     -1     68924.0000000000       0.00000000000000       0.00000000000000       0.00000000000000
    1     -1     68924.0000000000       0.00000000000000       0.00000000000000       0.00000000000000
    1     -1     68924.0000000000      -0.18076918764390       0.39767729895759       0.41130920968581
    1     -1     68925.0000000000      -0.18076918764390       0.39767729895759       0.41130920968581
    1     -1     68926.0000000000      -0.18076918764390       0.39767729895759       0.41130920968581
    1     -1     68926.0000000000       0.00000000000000       0.00000000000000       0.00000000000000
    1     -1     68926.0000000000       0.00000000000000       0.00000000000000       0.00000000000000
    1     -1     68926.0000000000      -0.18528241853046       0.39326850032317       0.41353393006749
    1     -1     68927.0000000000      -0.18528241853046       0.39326850032317       0.41353393006749
    1     -1     68928.0000000000      -0.18528241853046       0.39326850032317       0.41353393006749
    1     -1     68928.0000000000       0.00000000000000       0.00000000000000       0.00000000000000
    1     -1     68928.0000000000       0.00000000000000       0.00000000000000       0.00000000000000
    1     -1     68928.0000000000      -0.18998377305530       0.38863595006480       0.41577429402610
    1     -1     68929.0000000000      -0.18998377305530       0.38863595006480       0.41577429402610
    1     -1     68930.0000000000      -0.18998377305530       0.38863595006480       0.41577429402610
    1     -1     68930.0000000000       0.00000000000000       0.00000000000000       0.00000000000000
    1     -1     68930.0000000000       0.00000000000000       0.00000000000000       0.00000000000000
    1     -1     68930.0000000000      -0.19488045682175       0.38376430044902       0.41802699497738
    1     -1     68931.0000000000      -0.19488045682175       0.38376430044902       0.41802699497738
    1     -1     68932.0000000000      -0.19488045682175       0.38376430044902       0.41802699497738
    1     -1     68932.0000000000       0.00000000000000       0.00000000000000       0.00000000000000
    1     -1     68932.0000000000       0.00000000000000       0.00000000000000       0.00000000000000
    1     -1     68932.0000000000      -0.19997980165633       0.37863706046173       0.42028806151781
    1     -1     68933.0000000000      -0.19997980165633       0.37863706046173       0.42028806151781
    1     -1     68934.0000000000      -0.19997980165633       0.37863706046173       0.42028806151781
    1     -1     68934.0000000000       0.00000000000000       0.00000000000000       0.00000000000000
    1     -1     68934.0000000000       0.00000000000000       0.00000000000000       0.00000000000000
    1     -1     68934.0000000000      -0.20528921879194       0.37323652121666       0.42255276020620
    1     -1     68935.0000000000      -0.20528921879194       0.37323652121666       0.42255276020620
    1     -1     68936.0000000000      -0.20528921879194       0.37323652121666       0.42255276020620
    1     -1     68936.0000000000       0.00000000000000       0.00000000000000       0.00000000000000
    1     -1     68936.0000000000       0.00000000000000       0.00000000000000       0.00000000000000
    1     -1     68936.0000000000      -0.21081613910310       0.36754368143369       0.42481548584278
    1     -1     68937.0000000000      -0.21081613910310       0.36754368143369       0.42481548584278
    1     -1     68938.0000000000      -0.21081613910310       0.36754368143369       0.42481548584278
    1     -1     68938.0000000000       0.00000000000000       0.00000000000000       0.00000000000000
    1     -1     68938.0000000000       0.00000000000000       0.00000000000000       0.00000000000000
    1     -1     68938.0000000000      -0.21656793797668       0.36153817480473       0.42706963797418
    1     -1     68939.0000000000      -0.21656793797668       0.36153817480473       0.42706963797418
    1     -1     68940.0000000000      -0.21656793797668       0.36153817480473       0.42706963797418
    1     -1     68940.0000000000       0.00000000000000       0.00000000000000       0.00000000000000
    1     -1     68940.0000000000       0.00000000000000       0.00000000000000       0.00000000000000
    1     -1     68940.0000000000      -0.22255184196291       0.35519820157617       0.42930748248309
    1     -1     68941.0000000000      -0.22255184196291       0.35519820157617       0.42930748248309
    1     -1     68942.0000000000      -0.22255184196291       0.35519820157617       0.42930748248309
    1     -1     68942.0000000000       0.00000000000000       0.00000000000000       0.00000000000000
    1     -1     68942.0000000000       0.00000000000000       0.00000000000000       0.00000000000000
    1     -1     68942.0000000000      -0.22877481397701       0.34850046735574       0.43151999724534
    1     -1     68943.0000000000      -0.22877481397701       0.34850046735574       0.43151999724534
    1     -1     68944.0000000000      -0.22877481397701       0.34850046735574       0.43151999724534
    1     -1     68944.0000000000       0.00000000000000       0.00000000000000       0.00000000000000
    1     -1     68944.0000000000       0.00000000000000       0.00000000000000       0.00000000000000
    1     -1     68944.0000000000      -0.23524341388696       0.34142013304991       0.43369670076102
    1     -1     68945.0000000000      -0.23524341388696       0.34142013304991       0.43369670076102
    1     -1     68946.0000000000      -0.23524341388696       0.34142013304991       0.43369670076102
    1     -1     68946.0000000000       0.00000000000000       0.00000000000000       0.00000000000000
    1     -1     68946.0000000000       0.00000000000000       0.00000000000000       0.00000000000000
    1     -1     68946.0000000000      -0.24196363068042       0.33393077933565       0.43582546428615
    1     -1     68947.0000000000      -0.24196363068042       0.33393077933565       0.43582546428615
    1     -1     68948.0000000000      -0.24196363068042       0.33393077933565       0.43582546428615
    1     -1     68948.0000000000       0.00000000000000       0.00000000000000       0.00000000000000
    1     -1     68948.0000000000       0.00000000000000       0.00000000000000       0.00000000000000
    1     -1     68948.0000000000      -0.24894068221403       0.32600438965501       0.43789230861534
    1     -1     68949.0000000000      -0.24894068221403       0.32600438965501       0.43789230861534
    1     -1     68950.0000000000      -0.24894068221403       0.32600438965501       0.43789230861534
    1     -1     68950.0000000000       0.00000000000000       0.00000000000000       0.00000000000000
    1     -1     68950.0000000000       0.00000000000000       0.00000000000000       0.00000000000000
    1     -1     68950.0000000000      -0.08328204832089       0.10325409453547       0.14300290257431
    1     -1     68951.0000000000      -0.08328204832089       0.10325409453547       0.14300290257431
    1     -1     68952.0000000000      -0.08328204832089       0.10325409453547       0.14300290257431
    1     -1     68952.0000000000       0.00000000000000       0.00000000000000       0.00000000000000
    1     -1     69052.0000000000       0.00000000000000       0.00000000000000       0.00000000000000
    1     -1     69052.0000000000      -0.35135687260093      -0.44692754766898       0.01989429590770
    1     -1     69053.0000000000      -0.35135687260093      -0.44692754766898       0.01989429590770
    1     -1     69054.0000000000      -0.35135687260093      -0.44692754766898       0.01989429590770
    1     -1     69054.0000000000       0.00000000000000       0.00000000000000       0.00000000000000
    1     -1     69054.0000000000       0.00000000000000       0.00000000000000       0.00000000000000
    1     -1     69054.0000000000      -0.36524557295639      -0.47586155039809       0.01230672858558
    1     -1     69055.0000000000      -0.36524557295639      -0.47586155039809       0.01230672858558
    1     -1     69056.0000000000      -0.36524557295639      -0.47586155039809       0.01230672858558
    1     -1     69056.0000000000       0.00000000000000       0.00000000000000       0.00000000000000
    1     -1     69056.0000000000       0.00000000000000       0.00000000000000       0.00000000000000
    1     -1     69056.0000000000      -0.36003164822894      -0.47995961632349       0.00399728059551
    1     -1     69057.0000000000      -0.36003164822894      -0.47995961632349       0.00399728059551
    1     -1     69058.0000000000      -0.36003164822894      -0.47995961632349       0.00399728059551
    1     -1     69058.0000000000       0.00000000000000       0.00000000000000       0.00000000000000
    1     -1     69058.0000000000       0.00000000000000       0.00000000000000       0.00000000000000
    1     -1     69058.0000000000      -0.35495859300903      -0.48372379773380      -0.00396030744190
    1     -1     69059.0000000000      -0.35495859300903      -0.48372379773380      -0.00396030744190
    1     -1     69060.0000000000      -0.35495859300903      -0.48372379773380      -0.00396030744190
    1     -1     69060.0000000000       0.00000000000000       0.00000000000000       0.00000000000000
    1     -1     69060.0000000000       0.00000000000000       0.00000000000000       0.00000000000000
    1     -1     69060.0000000000      -0.35002912123091      -0.48718116210276      -0.01158140157843
    1     -1     69061.0000000000      -0.35002912123091      -0.48718116210276      -0.01158140157843
    1     -1     69062.0000000000      -0.35002912123091      -0.48718116210276      -0.01158140157843
    1     -1     69062.0000000000       0.00000000000000       0.00000000000000       0.00000000000000
    1     -1     69062.0000000000       0.00000000000000       0.00000000000000       0.00000000000000
    1     -1     69062.0000000000      -0.34524456534769      -0.49035669436499      -0.01888125179449
    1     -1     69063.0000000000      -0.34524456534769      -0.49035669436499      -0.01888125179449
    1     -1     69064.0000000000      -0.34524456534769      -0.49035669436499      -0.01888125179449
    1     -1     69064.0000000000       0.00000000000000       0.00000000000000       0.00000000000000
    1     -1     69064.0000000000       0.00000000000000       0.00000000000000       0.00000000000000
    1     -1     69064.0000000000      -0.34060529457632      -0.49327328063522      -0.02587475986268
    1     -1     69065.0000000000      -0.34060529457632      -0.49327328063522      -0.02587475986268
    1     -1     69066.0000000000      -0.34060529457632      -0.49327328063522      -0.02587475986268
    1     -1     69066.0000000000       0.00000000000000       0.00000000000000       0.00000000000000
    1     -1     69066.0000000000       0.00000000000000       0.00000000000000       0.00000000000000
    1     -1     69066.0000000000      -0.33611074814292      -0.49595195507736      -0.03257641044908
    1     -1     69067.0000000000      -0.33611074814292      -0.49595195507736      -0.03257641044908
    1     -1     69068.0000000000      -0.33611074814292      -0.49595195507736      -0.03257641044908
    1     -1     69068.0000000000       0.00000000000000       0.00000000000000       0.00000000000000
    1     -1     69068.0000000000       0.00000000000000       0.00000000000000       0.00000000000000
    1     -1     69068.0000000000      -0.33175969256797      -0.49841196603363      -0.03900022796980
    1     -1     69069.0000000000      -0.33175969256797      -0.49841196603363      -0.03900022796980
    1     -1     69070.0000000000      -0.33175969256797      -0.49841196603363      -0.03900022796980
    1     -1     69070.0000000000       0.00000000000000       0.00000000000000       0.00000000000000
    1     -1     69070.0000000000       0.00000000000000       0.00000000000000       0.00000000000000
    1     -1     69070.0000000000      -0.32755030059227      -0.50067094701186      -0.04515974623666
    1     -1     69071.0000000000      -0.32755030059227      -0.50067094701186      -0.04515974623666
    1     -1     69072.0000000000      -0.32755030059227      -0.50067094701186      -0.04515974623666
    1     -1     69072.0000000000       0.00000000000000       0.00000000000000       0.00000000000000
    1     -1     69072.0000000000       0.00000000000000       0.00000000000000       0.00000000000000
    1     -1     69072.0000000000      -0.32348027897922      -0.50274503803699      -0.05106794611799
    1     -1     69073.0000000000      -0.32348027897922      -0.50274503803699      -0.05106794611799
    1     -1     69074.0000000000      -0.32348027897922      -0.50274503803699      -0.05106794611799
    1     -1     69074.0000000000       0.00000000000000       0.00000000000000       0.00000000000000
    1     -1     69074.0000000000       0.00000000000000       0.00000000000000       0.00000000000000
    1     -1     69074.0000000000      -0.31954698681204      -0.50464899651895      -0.05673722597872
    1     -1     69075.0000000000      -0.31954698681204      -0.50464899651895      -0.05673722597872
    1     -1     69076.0000000000      -0.31954698681204      -0.50464899651895      -0.05673722597872
    1     -1     69076.0000000000       0.00000000000000       0.00000000000000       0.00000000000000
    1     -1     69076.0000000000       0.00000000000000       0.00000000000000       0.00000000000000
    1     -1     69076.0000000000      -0.31574751438462      -0.50639631590286      -0.06217939916034
    1     -1     69077.0000000000      -0.31574751438462      -0.50639631590286      -0.06217939916034
    1     -1     69078.0000000000      -0.31574751438462      -0.50639631590286      -0.06217939916034
    1     -1     69078.0000000000       0.00000000000000       0.00000000000000       0.00000000000000
    1     -1     69078.0000000000       0.00000000000000       0.00000000000000       0.00000000000000
    1     -1     69078.0000000000      -0.31207873934207      -0.50799933842944      -0.06740572591342
    1     -1     69079.0000000000      -0.31207873934207      -0.50799933842944      -0.06740572591342
    1     -1     69080.0000000000      -0.31207873934207      -0.50799933842944      -0.06740572591342
    1     -1     69080.0000000000       0.00000000000000       0.00000000000000       0.00000000000000
    1     -1     69080.0000000000       0.00000000000000       0.00000000000000       0.00000000000000
    1     -1     69080.0000000000      -0.30853739190495      -0.50946934922681      -0.07242692368798
    1     -1     69081.0000000000      -0.30853739190495      -0.50946934922681      -0.07242692368798
    1     -1     69082.0000000000      -0.30853739190495      -0.50946934922681      -0.07242692368798
    1     -1     69082.0000000000       0.00000000000000       0.00000000000000       0.00000000000000
    1     -1     69082.0000000000       0.00000000000000       0.00000000000000       0.00000000000000
    1     -1     69082.0000000000      -0.30596267049878      -0.51049109468923      -0.07606369557315
    1     -1     69083.0000000000      -0.30596267049878      -0.51049109468923      -0.07606369557315
    1     -1     69083.0000000000       0.00000000000000       0.00000000000000       0.00000000000000
    1    389     69083.0000000000     -461625729.519729257       19625252.171115868       -1794276.063416635       -1.4922874837448      -15.9857630637855        1.1952583833605        1200.5862414936
    1    389     69083.0000000000     -461625729.519729257       19625252.171115868       -1794276.063416635       -1.4922874837448      -15.9857630637855        1.1952583833605        1307.7730998098
    1     -1     69083.0000000000       0.00000000000000       0.00000000000000       0.00000000000000
    1     -1     69083.0000000000       0.22986745722421       0.19035474595399      -0.52050554471789
    1     -1     69084.0000000000       0.22986745722421       0.19035474595399      -0.52050554471789
    1     -1     69085.0000000000       0.22986745722421       0.19035474595399      -0.52050554471789
    1     -1     69085.0000000000       0.00000000000000       0.00000000000000       0.00000000000000
    1     -1     69085.0000000000       0.00000000000000       0.00000000000000       0.00000000000000
    1     -1     69085.0000000000       0.22822178351059       0.18791163683087      -0.52211496201008
    1     -1     69086.0000000000       0.22822178351059       0.18791163683087      -0.52211496201008
    1     -1     69087.0000000000       0.22822178351059       0.18791163683087      -0.52211496201008
    1     -1     69087.0000000000       0.00000000000000       0.00000000000000       0.00000000000000
    1     -1     69087.0000000000       0.00000000000000       0.00000000000000       0.00000000000000
    1     -1     69087.0000000000       0.22652285892197       0.18535593800715      -0.52376575862813
    1     -1     69088.0000000000       0.22652285892197       0.18535593800715      -0.52376575862813
    1     -1     69089.0000000000       0.22652285892197       0.18535593800715      -0.52376575862813
    1     -1     69089.0000000000       0.00000000000000       0.00000000000000       0.00000000000000
    1     -1     69089.0000000000       0.00000000000000       0.00000000000000       0.00000000000000
    1     -1     69089.0000000000       0.22476642771112       0.18268050718982      -0.52545968879339
    1     -1     69090.0000000000       0.22476642771112       0.18268050718982      -0.52545968879339
    1     -1     69091.0000000000       0.22476642771112       0.18268050718982      -0.52545968879339
    1     -1     69091.0000000000       0.00000000000000       0.00000000000000       0.00000000000000
    1     -1     69091.0000000000       0.00000000000000       0.00000000000000       0.00000000000000
    1     -1     69091.0000000000       0.22294783684534       0.17987757616401      -0.52719855739498
    1     -1     69092.0000000000       0.22294783684534       0.17987757616401      -0.52719855739498
    1     -1     69093.0000000000       0.22294783684534       0.17987757616401      -0.52719855739498
    1     -1     69093.0000000000       0.00000000000000       0.00000000000000       0.00000000000000
    1     -1     69093.0000000000       0.00000000000000       0.00000000000000       0.00000000000000
    1     -1     69093.0000000000       0.22106199119481       0.17693868382524      -0.52898421289787
    1     -1     69094.0000000000       0.22106199119481       0.17693868382524      -0.52898421289787
    1     -1     69095.0000000000       0.22106199119481       0.17693868382524      -0.52898421289787
    1     -1     69095.0000000000       0.00000000000000       0.00000000000000       0.00000000000000
    1     -1     69095.0000000000       0.00000000000000       0.00000000000000       0.00000000000000
    1     -1     69095.0000000000       0.21910330283280       0.17385460082776      -0.53081853748600
    1     -1     69096.0000000000       0.21910330283280       0.17385460082776      -0.53081853748600
    1     -1     69097.0000000000       0.21910330283280       0.17385460082776      -0.53081853748600
    1     -1     69097.0000000000       0.00000000000000       0.00000000000000       0.00000000000000
    1     -1     69097.0000000000       0.00000000000000       0.00000000000000       0.00000000000000
    1     -1     69097.0000000000       0.21706563313968       0.17061524480290      -0.53270343384525
    1     -1     69098.0000000000       0.21706563313968       0.17061524480290      -0.53270343384525
    1     -1     69099.0000000000       0.21706563313968       0.17061524480290      -0.53270343384525
    1     -1     69099.0000000000       0.00000000000000       0.00000000000000       0.00000000000000
    1     -1     69099.0000000000       0.00000000000000       0.00000000000000       0.00000000000000
    1     -1     69099.0000000000       0.21494222699814       0.16720958484466      -0.53464080752329
    1     -1     69100.0000000000       0.21494222699814       0.16720958484466      -0.53464080752329
    1     -1     69101.0000000000       0.21494222699814       0.16720958484466      -0.53464080752329
    1     -1     69101.0000000000       0.00000000000000       0.00000000000000       0.00000000000000
    1     -1     69101.0000000000       0.00000000000000       0.00000000000000       0.00000000000000
    1     -1     69101.0000000000       0.21272563815911       0.16362553382565      -0.53663254358087
    1     -1     69102.0000000000       0.21272563815911       0.16362553382565      -0.53663254358087
    1     -1     69103.0000000000       0.21272563815911       0.16362553382565      -0.53663254358087
    1     -1     69103.0000000000       0.00000000000000       0.00000000000000       0.00000000000000
    1     -1     69103.0000000000       0.00000000000000       0.00000000000000       0.00000000000000
    1     -1     69103.0000000000       0.21040764462467       0.15984982668645      -0.53868047604476
    1     -1     69104.0000000000       0.21040764462467       0.15984982668645      -0.53868047604476
    1     -1     69105.0000000000       0.21040764462467       0.15984982668645      -0.53868047604476
    1     -1     69105.0000000000       0.00000000000000       0.00000000000000       0.00000000000000
    1     -1     69105.0000000000       0.00000000000000       0.00000000000000       0.00000000000000
    1     -1     69105.0000000000       0.20797915223182       0.15586788258734      -0.54078634847292
    1     -1     69106.0000000000       0.20797915223182       0.15586788258734      -0.54078634847292
    1     -1     69107.0000000000       0.20797915223182       0.15586788258734      -0.54078634847292
    1     -1     69107.0000000000       0.00000000000000       0.00000000000000       0.00000000000000
    1     -1     69107.0000000000       0.00000000000000       0.00000000000000       0.00000000000000
    1     -1     69107.0000000000       0.20543008388923       0.15166364856186      -0.54295176362009
    1     -1     69108.0000000000       0.20543008388923       0.15166364856186      -0.54295176362009
    1     -1     69109.0000000000       0.20543008388923       0.15166364856186      -0.54295176362009
    1     -1     69109.0000000000       0.00000000000000       0.00000000000000       0.00000000000000
    1     -1     69109.0000000000       0.00000000000000       0.00000000000000       0.00000000000000
    1     -1     69109.0000000000       0.20274925214764       0.14721942246878      -0.54517811922484
    1     -1     69110.0000000000       0.20274925214764       0.14721942246878      -0.54517811922484
    1     -1     69111.0000000000       0.20274925214764       0.14721942246878      -0.54517811922484
    1     -1     69111.0000000000       0.00000000000000       0.00000000000000       0.00000000000000
    1     -1     69111.0000000000       0.00000000000000       0.00000000000000       0.00000000000000
    1     -1     69111.0000000000       0.19992421282291       0.14251565237149      -0.54746652613312
    1     -1     69112.0000000000       0.19992421282291       0.14251565237149      -0.54746652613312
    1     -1     69113.0000000000       0.19992421282291       0.14251565237149      -0.54746652613312
    1     -1     69113.0000000000       0.00000000000000       0.00000000000000       0.00000000000000
    1     -1     69113.0000000000       0.00000000000000       0.00000000000000       0.00000000000000
    1     -1     69113.0000000000       0.19694109685468       0.13753070920562      -0.54981770403933
    1     -1     69114.0000000000       0.19694109685468       0.13753070920562      -0.54981770403933
    1     -1     69115.0000000000       0.19694109685468       0.13753070920562      -0.54981770403933
    1     -1     69115.0000000000       0.00000000000000       0.00000000000000       0.00000000000000
    1     -1     69115.0000000000       0.00000000000000       0.00000000000000       0.00000000000000
    1     -1     69115.0000000000       0.19378441723411       0.13224062926443      -0.55223184885425
    1     -1     69116.0000000000       0.19378441723411       0.13224062926443      -0.55223184885425
    1     -1     69117.0000000000       0.19378441723411       0.13224062926443      -0.55223184885425
    1     -1     69117.0000000000       0.00000000000000       0.00000000000000       0.00000000000000
    1     -1     69117.0000000000       0.00000000000000       0.00000000000000       0.00000000000000
    1     -1     69117.0000000000       0.19043684683189       0.12661882268530      -0.55470846432204
    1     -1     69118.0000000000       0.19043684683189       0.12661882268530      -0.55470846432204
    1     -1     69119.0000000000       0.19043684683189       0.12661882268530      -0.55470846432204
    1     -1     69119.0000000000       0.00000000000000       0.00000000000000       0.00000000000000
    1     -1     69119.0000000000       0.00000000000000       0.00000000000000       0.00000000000000
    1     -1     69119.0000000000       0.18687896286891       0.12063574406760      -0.55724614827767
    1     -1     69120.0000000000       0.18687896286891       0.12063574406760      -0.55724614827767
    1     -1     69121.0000000000       0.18687896286891       0.12063574406760      -0.55724614827767
    1     -1     69121.0000000000       0.00000000000000       0.00000000000000       0.00000000000000
    1     -1     69121.0000000000       0.00000000000000       0.00000000000000       0.00000000000000
    1     -1     69121.0000000000       0.18308895297383       0.11425852131640      -0.55984232144912
    1     -1     69122.0000000000       0.18308895297383       0.11425852131640      -0.55984232144912
    1     -1     69123.0000000000       0.18308895297383       0.11425852131640      -0.55984232144912
    1     -1     69123.0000000000       0.00000000000000       0.00000000000000       0.00000000000000
    1     -1     69123.0000000000       0.00000000000000       0.00000000000000       0.00000000000000
    1     -1     69123.0000000000       0.17904227748517       0.10745053911571      -0.56249288332979
    1     -1     69124.0000000000       0.17904227748517       0.10745053911571      -0.56249288332979
    1     -1     69125.0000000000       0.17904227748517       0.10745053911571      -0.56249288332979
    1     -1     69125.0000000000       0.00000000000000       0.00000000000000       0.00000000000000
    1     -1     69125.0000000000       0.00000000000000       0.00000000000000       0.00000000000000
    1     -1     69125.0000000000       0.17471128225658       0.10017097426029      -0.56519177546034
    1     -1     69126.0000000000       0.17471128225658       0.10017097426029      -0.56519177546034
    1     -1     69127.0000000000       0.17471128225658       0.10017097426029      -0.56519177546034
    1     -1     69127.0000000000       0.00000000000000       0.00000000000000       0.00000000000000
    1     -1     69127.0000000000       0.00000000000000       0.00000000000000       0.00000000000000
    1     -1     69127.0000000000       0.17006475632371       0.09237428153897      -0.56793042711825
    1     -1     69128.0000000000       0.17006475632371       0.09237428153897      -0.56793042711825
    1     -1     69129.0000000000       0.17006475632371       0.09237428153897      -0.56793042711825
    1     -1     69129.0000000000       0.00000000000000       0.00000000000000       0.00000000000000
    1     -1     69129.0000000000       0.00000000000000       0.00000000000000       0.00000000000000
    1     -1     69129.0000000000       0.16506742906736       0.08400963169352      -0.57069705179176
    1     -1     69130.0000000000       0.16506742906736       0.08400963169352      -0.57069705179176
    1     -1     69131.0000000000       0.16506742906736       0.08400963169352      -0.57069705179176
    1     -1     69131.0000000000       0.00000000000000       0.00000000000000       0.00000000000000
    1     -1     69131.0000000000       0.00000000000000       0.00000000000000       0.00000000000000
    1     -1     69131.0000000000       0.15967940288474       0.07502030756034      -0.57347575452492
    1     -1     69132.0000000000       0.15967940288474       0.07502030756034      -0.57347575452492
    1     -1     69133.0000000000       0.15967940288474       0.07502030756034      -0.57347575452492
    1     -1     69133.0000000000       0.00000000000000       0.00000000000000       0.00000000000000
    1     -1     69133.0000000000       0.00000000000000       0.00000000000000       0.00000000000000
    1     -1     69133.0000000000       0.15385552020032       0.06534307156784      -0.57624540013953
    1     -1     69134.0000000000       0.15385552020032       0.06534307156784      -0.57624540013953
    1     -1     69135.0000000000       0.15385552020032       0.06534307156784      -0.57624540013953
    1     -1     69135.0000000000       0.00000000000000       0.00000000000000       0.00000000000000
    1     -1     69135.0000000000       0.00000000000000       0.00000000000000       0.00000000000000
    1     -1     69135.0000000000       0.14754466829999       0.05490752927626      -0.57897818038767
    1     -1     69136.0000000000       0.14754466829999       0.05490752927626      -0.57897818038767
    1     -1     69137.0000000000       0.14754466829999       0.05490752927626      -0.57897818038767
    1     -1     69137.0000000000       0.00000000000000       0.00000000000000       0.00000000000000
    1     -1     69137.0000000000       0.00000000000000       0.00000000000000       0.00000000000000
    1     -1     69137.0000000000       0.14068903403802       0.04363553026764      -0.58163780437632
    1     -1     69138.0000000000       0.14068903403802       0.04363553026764      -0.58163780437632
    1     -1     69139.0000000000       0.14068903403802       0.04363553026764      -0.58163780437632
    1     -1     69139.0000000000       0.00000000000000       0.00000000000000       0.00000000000000
    1     -1     69139.0000000000       0.00000000000000       0.00000000000000       0.00000000000000
    1     -1     69139.0000000000       0.13322333361499       0.03144067330790      -0.58417722201611
    1     -1     69140.0000000000       0.13322333361499       0.03144067330790      -0.58417722201611
    1     -1     69141.0000000000       0.13322333361499       0.03144067330790      -0.58417722201611
    1     -1     69141.0000000000       0.00000000000000       0.00000000000000       0.00000000000000
    1     -1     69141.0000000000       0.00000000000000       0.00000000000000       0.00000000000000
    1     -1     69141.0000000000       0.12507406400166       0.01822802017662      -0.58653577646598
    1     -1     69142.0000000000       0.12507406400166       0.01822802017662      -0.58653577646598
    1     -1     69143.0000000000       0.12507406400166       0.01822802017662      -0.58653577646598
    1     -1     69143.0000000000       0.00000000000000       0.00000000000000       0.00000000000000
    1     -1     69143.0000000000       0.00000000000000       0.00000000000000       0.00000000000000
    1     -1     69143.0000000000       0.09896749505285       0.00331816168224      -0.50151727752944
    1     -1     69144.0000000000       0.09896749505285       0.00331816168224      -0.50151727752944
    1     -1     69145.0000000000       0.09896749505285       0.00331816168224      -0.50151727752944
    1     -1     69145.0000000000       0.00000000000000       0.00000000000000       0.00000000000000
    1     -1     69207.0000000000       0.00000000000000       0.00000000000000       0.00000000000000
    1     -1     69207.0000000000      -0.14036377577092      -0.19751581058146       0.05484429515421
    1     -1     69208.0000000000      -0.14036377577092      -0.19751581058146       0.05484429515421
    1     -1     69209.0000000000      -0.14036377577092      -0.19751581058146       0.05484429515421
    1     -1     69209.0000000000       0.00000000000000       0.00000000000000       0.00000000000000
    1     -1     69209.0000000000       0.00000000000000       0.00000000000000       0.00000000000000
    1     -1     69209.0000000000      -0.33924797791169      -0.47199991657180       0.14875109249696
    1     -1     69210.0000000000      -0.33924797791169      -0.47199991657180       0.14875109249696
    1     -1     69211.0000000000      -0.33924797791169      -0.47199991657180       0.14875109249696
    1     -1     69211.0000000000       0.00000000000000       0.00000000000000       0.00000000000000
    1     -1     69211.0000000000       0.00000000000000       0.00000000000000       0.00000000000000
    1     -1     69211.0000000000      -0.33927243076101      -0.46702685850364       0.16364635786273
    1     -1     69212.0000000000      -0.33927243076101      -0.46702685850364       0.16364635786273
    1     -1     69213.0000000000      -0.33927243076101      -0.46702685850364       0.16364635786273
    1     -1     69213.0000000000       0.00000000000000       0.00000000000000       0.00000000000000
    1     -1     69213.0000000000       0.00000000000000       0.00000000000000       0.00000000000000
    1     -1     69213.0000000000      -0.33911681623829      -0.46213744548539       0.17728160001717
    1     -1     69214.0000000000      -0.33911681623829      -0.46213744548539       0.17728160001717
    1     -1     69215.0000000000      -0.33911681623829      -0.46213744548539       0.17728160001717
    1     -1     69215.0000000000       0.00000000000000       0.00000000000000       0.00000000000000
    1     -1     69215.0000000000       0.00000000000000       0.00000000000000       0.00000000000000
    1     -1     69215.0000000000      -0.33882498955345      -0.45736148783772       0.18978433859771
    1     -1     69216.0000000000      -0.33882498955345      -0.45736148783772       0.18978433859771
    1     -1     69217.0000000000      -0.33882498955345      -0.45736148783772       0.18978433859771
    1     -1     69217.0000000000       0.00000000000000       0.00000000000000       0.00000000000000
    1     -1     69217.0000000000       0.00000000000000       0.00000000000000       0.00000000000000
    1     -1     69217.0000000000      -0.33843203344790      -0.45271916276628       0.20126876975954
    1     -1     69218.0000000000      -0.33843203344790      -0.45271916276628       0.20126876975954
    1     -1     69219.0000000000      -0.33843203344790      -0.45271916276628       0.20126876975954
    1     -1     69219.0000000000       0.00000000000000       0.00000000000000       0.00000000000000
    1     -1     69219.0000000000       0.00000000000000       0.00000000000000       0.00000000000000
    1     -1     69219.0000000000      -0.33796594625403      -0.44822338468146       0.21183676705736
    1     -1     69220.0000000000      -0.33796594625403      -0.44822338468146       0.21183676705736
    1     -1     69221.0000000000      -0.33796594625403      -0.44822338468146       0.21183676705736
    1     -1     69221.0000000000       0.00000000000000       0.00000000000000       0.00000000000000
    1     -1     69221.0000000000       0.00000000000000       0.00000000000000       0.00000000000000
    1     -1     69221.0000000000      -0.33744903456639      -0.44388163538156       0.22157897490783
    1     -1     69222.0000000000      -0.33744903456639      -0.44388163538156       0.22157897490783
    1     -1     69223.0000000000      -0.33744903456639      -0.44388163538156       0.22157897490783
    1     -1     69223.0000000000       0.00000000000000       0.00000000000000       0.00000000000000
    1     -1     69223.0000000000       0.00000000000000       0.00000000000000       0.00000000000000
    1     -1     69223.0000000000      -0.33689903859538      -0.43969737104615       0.23057592885776
    1     -1     69224.0000000000      -0.33689903859538      -0.43969737104615       0.23057592885776
    1     -1     69225.0000000000      -0.33689903859538      -0.43969737104615       0.23057592885776
    1     -1     69225.0000000000       0.00000000000000       0.00000000000000       0.00000000000000
    1     -1     69225.0000000000       0.00000000000000       0.00000000000000       0.00000000000000
    1     -1     69225.0000000000      -0.33633003623198      -0.43567109774150       0.23889914315650
    1     -1     69226.0000000000      -0.33633003623198      -0.43567109774150       0.23889914315650
    1     -1     69227.0000000000      -0.33633003623198      -0.43567109774150       0.23889914315650
    1     -1     69227.0000000000       0.00000000000000       0.00000000000000       0.00000000000000
    1     -1     69227.0000000000       0.00000000000000       0.00000000000000       0.00000000000000
    1     -1     69227.0000000000      -0.33575316469988      -0.43180118576788       0.24661214009749
    1     -1     69228.0000000000      -0.33575316469988      -0.43180118576788       0.24661214009749
    1     -1     69229.0000000000      -0.33575316469988      -0.43180118576788       0.24661214009749
    1     -1     69229.0000000000       0.00000000000000       0.00000000000000       0.00000000000000
    1     -1     69229.0000000000       0.00000000000000       0.00000000000000       0.00000000000000
    1     -1     69229.0000000000      -0.33517718272180      -0.42808441544492       0.25377152857611
    1     -1     69230.0000000000      -0.33517718272180      -0.42808441544492       0.25377152857611
    1     -1     69231.0000000000      -0.33517718272180      -0.42808441544492       0.25377152857611
    1     -1     69231.0000000000       0.00000000000000       0.00000000000000       0.00000000000000
    1     -1     69231.0000000000       0.00000000000000       0.00000000000000       0.00000000000000
    1     -1     69231.0000000000      -0.33460907941524      -0.42451680975213       0.26042703678912
    1     -1     69232.0000000000      -0.33460907941524      -0.42451680975213       0.26042703678912
    1     -1     69233.0000000000      -0.33460907941524      -0.42451680975213       0.26042703678912
    1     -1     69233.0000000000       0.00000000000000       0.00000000000000       0.00000000000000
    1  44490     69233.0000000000     -421683943.132099032     -177341359.503289938       -9456113.908436833        6.5904742262246      -14.8407831868419       -0.6941241422489        1193.4163693919
    1  44490     69233.0000000000     -421683943.132099032     -177341359.503289938       -9456113.908436833        6.5904742262246      -14.8407831868419       -0.6941241422489        1280.4800244227
    1     -1     69233.0000000000       0.00000000000000       0.00000000000000       0.00000000000000
    1     -1     69233.0000000000       0.02834178799010       0.59034738555880       0.10337652875491
    1     -1     69234.0000000000       0.02834178799010       0.59034738555880       0.10337652875491
    1     -1     69235.0000000000       0.02834178799010       0.59034738555880       0.10337652875491
    1     -1     69235.0000000000       0.00000000000000       0.00000000000000       0.00000000000000
    1     -1     69235.0000000000       0.00000000000000       0.00000000000000       0.00000000000000
    1     -1     69235.0000000000       0.02591786559248       0.59079235131444       0.10145275329673
    1     -1     69236.0000000000       0.02591786559248       0.59079235131444       0.10145275329673
    1     -1     69237.0000000000       0.02591786559248       0.59079235131444       0.10145275329673
    1     -1     69237.0000000000       0.00000000000000       0.00000000000000       0.00000000000000
    1     -1     69237.0000000000       0.00000000000000       0.00000000000000       0.00000000000000
    1     -1     69237.0000000000       0.02348954839755       0.59122610955980       0.09949838074494
    1     -1     69238.0000000000       0.02348954839755       0.59122610955980       0.09949838074494
    1     -1     69239.0000000000       0.02348954839755       0.59122610955980       0.09949838074494
    1     -1     69239.0000000000       0.00000000000000       0.00000000000000       0.00000000000000
    1     -1     69239.0000000000       0.00000000000000       0.00000000000000       0.00000000000000
    1     -1     69239.0000000000       0.02105677623646       0.59164841356192       0.09751290265493
    1     -1     69240.0000000000       0.02105677623646       0.59164841356192       0.09751290265493
    1     -1     69241.0000000000       0.02105677623646       0.59164841356192       0.09751290265493
    1     -1     69241.0000000000       0.00000000000000       0.00000000000000       0.00000000000000
    1     -1     69241.0000000000       0.00000000000000       0.00000000000000       0.00000000000000
    1     -1     69241.0000000000       0.01861948989037       0.59205900497996       0.09549580356416
    1     -1     69242.0000000000       0.01861948989037       0.59205900497996       0.09549580356416
    1     -1     69243.0000000000       0.01861948989037       0.59205900497996       0.09549580356416
    1     -1     69243.0000000000       0.00000000000000       0.00000000000000       0.00000000000000
    1     -1     69243.0000000000       0.00000000000000       0.00000000000000       0.00000000000000
    1     -1     69243.0000000000       0.01617763059496       0.59245761365341       0.09344655998183
    1     -1     69244.0000000000       0.01617763059496       0.59245761365341       0.09344655998183
    1     -1     69245.0000000000       0.01617763059496       0.59245761365341       0.09344655998183
    1     -1     69245.0000000000       0.00000000000000       0.00000000000000       0.00000000000000
    1     -1     69245.0000000000       0.00000000000000       0.00000000000000       0.00000000000000
    1     -1     69245.0000000000       0.01373113990983       0.59284395722984       0.09136464005750
    1     -1     69246.0000000000       0.01373113990983       0.59284395722984       0.09136464005750
    1     -1     69247.0000000000       0.01373113990983       0.59284395722984       0.09136464005750
    1     -1     69247.0000000000       0.00000000000000       0.00000000000000       0.00000000000000
    1     -1     69247.0000000000       0.00000000000000       0.00000000000000       0.00000000000000
    1     -1     69247.0000000000       0.01127995999800       0.59321774073124       0.08924950343931
    1     -1     69248.0000000000       0.01127995999800       0.59321774073124       0.08924950343931
    1     -1     69249.0000000000       0.01127995999800       0.59321774073124       0.08924950343931
    1     -1     69249.0000000000       0.00000000000000       0.00000000000000       0.00000000000000
    1     -1     69249.0000000000       0.00000000000000       0.00000000000000       0.00000000000000
    1     -1     69249.0000000000       0.00882403379312       0.59357865610152       0.08710060119387
    1     -1     69250.0000000000       0.00882403379312       0.59357865610152       0.08710060119387
    1     -1     69251.0000000000       0.00882403379312       0.59357865610152       0.08710060119387
    1     -1     69251.0000000000       0.00000000000000       0.00000000000000       0.00000000000000
    1     -1     69251.0000000000       0.00000000000000       0.00000000000000       0.00000000000000
    1     -1     69251.0000000000       0.00636330521179       0.59392638173445       0.08491737576377
    1     -1     69252.0000000000       0.00636330521179       0.59392638173445       0.08491737576377
    1     -1     69253.0000000000       0.00636330521179       0.59392638173445       0.08491737576377
    1     -1     69253.0000000000       0.00000000000000       0.00000000000000       0.00000000000000
    1     -1     69253.0000000000       0.00000000000000       0.00000000000000       0.00000000000000
    1     -1     69253.0000000000       0.00389771935701       0.59426058198543       0.08269926095290
    1     -1     69254.0000000000       0.00389771935701       0.59426058198543       0.08269926095290
    1     -1     69255.0000000000       0.00389771935701       0.59426058198543       0.08269926095290
    1     -1     69255.0000000000       0.00000000000000       0.00000000000000       0.00000000000000
    1     -1     69255.0000000000       0.00000000000000       0.00000000000000       0.00000000000000
    1     -1     69255.0000000000       0.00142722274998       0.59458090667075       0.08044568190903
    1     -1     69256.0000000000       0.00142722274998       0.59458090667075       0.08044568190903
    1     -1     69257.0000000000       0.00142722274998       0.59458090667075       0.08044568190903
    1     -1     69257.0000000000       0.00000000000000       0.00000000000000       0.00000000000000
    1     -1     69257.0000000000       0.00000000000000       0.00000000000000       0.00000000000000
    1     -1     69257.0000000000      -0.00104823646201       0.59488699055123       0.07815605512831
    1     -1     69258.0000000000      -0.00104823646201       0.59488699055123       0.07815605512831
    1     -1     69259.0000000000      -0.00104823646201       0.59488699055123       0.07815605512831
    1     -1     69259.0000000000       0.00000000000000       0.00000000000000       0.00000000000000
    1     -1     69259.0000000000       0.00000000000000       0.00000000000000       0.00000000000000
    1     -1     69259.0000000000      -0.00352870823725       0.59517845279985       0.07582978848021
    1     -1     69260.0000000000      -0.00352870823725       0.59517845279985       0.07582978848021
    1     -1     69261.0000000000      -0.00352870823725       0.59517845279985       0.07582978848021
    1     -1     69261.0000000000       0.00000000000000       0.00000000000000       0.00000000000000
    1     -1     69261.0000000000       0.00000000000000       0.00000000000000       0.00000000000000
    1     -1     69261.0000000000      -0.00601424039956       0.59545489645599       0.07346628123838
    1     -1     69262.0000000000      -0.00601424039956       0.59545489645599       0.07346628123838
    1     -1     69263.0000000000      -0.00601424039956       0.59545489645599       0.07346628123838
    1     -1     69263.0000000000       0.00000000000000       0.00000000000000       0.00000000000000
    1     -1     69263.0000000000       0.00000000000000       0.00000000000000       0.00000000000000
    1     -1     69263.0000000000      -0.00850487836794       0.59571590786372       0.07106492413312
    1     -1     69264.0000000000      -0.00850487836794       0.59571590786372       0.07106492413312
    1     -1     69265.0000000000      -0.00850487836794       0.59571590786372       0.07106492413312
    1     -1     69265.0000000000       0.00000000000000       0.00000000000000       0.00000000000000
    1     -1     69265.0000000000       0.00000000000000       0.00000000000000       0.00000000000000
    1     -1     69265.0000000000      -0.01100066488050       0.59596105609666       0.06862509940497
    1     -1     69266.0000000000      -0.01100066488050       0.59596105609666       0.06862509940497
    1     -1     69267.0000000000      -0.01100066488050       0.59596105609666       0.06862509940497
    1     -1     69267.0000000000       0.00000000000000       0.00000000000000       0.00000000000000
    1     -1     69267.0000000000       0.00000000000000       0.00000000000000       0.00000000000000
    1     -1     69267.0000000000      -0.01350163969366       0.59618989236359       0.06614618091068
    1     -1     69268.0000000000      -0.01350163969366       0.59618989236359       0.06614618091068
    1     -1     69269.0000000000      -0.01350163969366       0.59618989236359       0.06614618091068
    1     -1     69269.0000000000       0.00000000000000       0.00000000000000       0.00000000000000
    1     -1     69269.0000000000       0.00000000000000       0.00000000000000       0.00000000000000
    1     -1     69269.0000000000      -0.01600783927678       0.59640194940435       0.06362753420008
    1     -1     69270.0000000000      -0.01600783927678       0.59640194940435       0.06362753420008
    1     -1     69271.0000000000      -0.01600783927678       0.59640194940435       0.06362753420008
    1     -1     69271.0000000000       0.00000000000000       0.00000000000000       0.00000000000000
    1     -1     69271.0000000000       0.00000000000000       0.00000000000000       0.00000000000000
    1     -1     69271.0000000000      -0.01851929648241       0.59659674086418       0.06106851666806
    1     -1     69272.0000000000      -0.01851929648241       0.59659674086418       0.06106851666806
    1     -1     69273.0000000000      -0.01851929648241       0.59659674086418       0.06106851666806
    1     -1     69273.0000000000       0.00000000000000       0.00000000000000       0.00000000000000
    1     -1     69273.0000000000       0.00000000000000       0.00000000000000       0.00000000000000
    1     -1     69273.0000000000      -0.02103604020889       0.59677376065698       0.05846847769232
    1     -1     69274.0000000000      -0.02103604020889       0.59677376065698       0.05846847769232
    1     -1     69275.0000000000      -0.02103604020889       0.59677376065698       0.05846847769232
    1     -1     69275.0000000000       0.00000000000000       0.00000000000000       0.00000000000000
    1     -1     69275.0000000000       0.00000000000000       0.00000000000000       0.00000000000000
    1     -1     69275.0000000000      -0.02355809504162       0.59693248231211       0.05582675880534
    1     -1     69276.0000000000      -0.02355809504162       0.59693248231211       0.05582675880534
    1     -1     69277.0000000000      -0.02355809504162       0.59693248231211       0.05582675880534
    1     -1     69277.0000000000       0.00000000000000       0.00000000000000       0.00000000000000
    1     -1     69277.0000000000       0.00000000000000       0.00000000000000       0.00000000000000
    1     -1     69277.0000000000      -0.02608548087916       0.59707235830492       0.05314269390519
    1     -1     69278.0000000000      -0.02608548087916       0.59707235830492       0.05314269390519
    1     -1     69279.0000000000      -0.02608548087916       0.59707235830492       0.05314269390519
    1     -1     69279.0000000000       0.00000000000000       0.00000000000000       0.00000000000000
    1     -1     69279.0000000000       0.00000000000000       0.00000000000000       0.00000000000000
    1     -1     69279.0000000000      -0.02861821254159       0.59719281937454       0.05041560947180
    1     -1     69280.0000000000      -0.02861821254159       0.59719281937454       0.05041560947180
    1     -1     69281.0000000000      -0.02861821254159       0.59719281937454       0.05041560947180
    1     -1     69281.0000000000       0.00000000000000       0.00000000000000       0.00000000000000
    1     -1     69281.0000000000       0.00000000000000       0.00000000000000       0.00000000000000
    1     -1     69281.0000000000      -0.03115629935958       0.59729327382460       0.04764482484077
    1     -1     69282.0000000000      -0.03115629935958       0.59729327382460       0.04764482484077
    1     -1     69283.0000000000      -0.03115629935958       0.59729327382460       0.04764482484077
    1     -1     69283.0000000000       0.00000000000000       0.00000000000000       0.00000000000000
    1     -1     69283.0000000000       0.00000000000000       0.00000000000000       0.00000000000000
    1     -1     69283.0000000000      -0.03369974474585       0.59737310681149       0.04482965249088
    1     -1     69284.0000000000      -0.03369974474585       0.59737310681149       0.04482965249088
    1     -1     69285.0000000000      -0.03369974474585       0.59737310681149       0.04482965249088
    1     -1     69285.0000000000       0.00000000000000       0.00000000000000       0.00000000000000
    1     -1     69285.0000000000       0.00000000000000       0.00000000000000       0.00000000000000
    1     -1     69285.0000000000      -0.03624854574615       0.59743167961829       0.04196939837260
    1     -1     69286.0000000000      -0.03624854574615       0.59743167961829       0.04196939837260
    1     -1     69287.0000000000      -0.03624854574615       0.59743167961829       0.04196939837260
    1     -1     69287.0000000000       0.00000000000000       0.00000000000000       0.00000000000000
    1     -1     69287.0000000000       0.00000000000000       0.00000000000000       0.00000000000000
    1     -1     69287.0000000000      -0.03880269256611       0.59746832891635       0.03906336226595
    1     -1     69288.0000000000      -0.03880269256611       0.59746832891635       0.03906336226595
    1     -1     69289.0000000000      -0.03880269256611       0.59746832891635       0.03906336226595
    1     -1     69289.0000000000       0.00000000000000       0.00000000000000       0.00000000000000
    1     -1     69289.0000000000       0.00000000000000       0.00000000000000       0.00000000000000
    1     -1     69289.0000000000      -0.04136216809130       0.59748236601152       0.03611083820778
    1     -1     69290.0000000000      -0.04136216809130       0.59748236601152       0.03611083820778
    1     -1     69291.0000000000      -0.04136216809130       0.59748236601152       0.03611083820778
    1     -1     69291.0000000000       0.00000000000000       0.00000000000000       0.00000000000000
    1     -1     69291.0000000000       0.00000000000000       0.00000000000000       0.00000000000000
    1     -1     69291.0000000000      -0.04392694735945       0.59747307608339       0.03311111491826
    1     -1     69292.0000000000      -0.04392694735945       0.59747307608339       0.03311111491826
    1     -1     69293.0000000000      -0.04392694735945       0.59747307608339       0.03311111491826
    1     -1     69293.0000000000       0.00000000000000       0.00000000000000       0.00000000000000
    1     -1     69293.0000000000       0.00000000000000       0.00000000000000       0.00000000000000
    1     -1     69293.0000000000      -0.04649699703475       0.59743971741111       0.03006347628738
    1     -1     69294.0000000000      -0.04649699703475       0.59743971741111       0.03006347628738
    1     -1     69295.0000000000      -0.04649699703475       0.59743971741111       0.03006347628738
    1     -1     69295.0000000000       0.00000000000000       0.00000000000000       0.00000000000000
    1     -1     69295.0000000000       0.00000000000000       0.00000000000000       0.00000000000000
    1     -1     69295.0000000000      -0.04907227485493       0.59738152058728       0.02696720195695
    1     -1     69296.0000000000      -0.04907227485493       0.59738152058728       0.02696720195695
    1     -1     69297.0000000000      -0.04907227485493       0.59738152058728       0.02696720195695
    1     -1     69297.0000000000       0.00000000000000       0.00000000000000       0.00000000000000
    1     -1     69297.0000000000       0.00000000000000       0.00000000000000       0.00000000000000
    1     -1     69297.0000000000      -0.05165272903405       0.59729768773055       0.02382156785504
    1     -1     69298.0000000000      -0.05165272903405       0.59729768773055       0.02382156785504
    1     -1     69299.0000000000      -0.05165272903405       0.59729768773055       0.02382156785504
    1     -1     69299.0000000000       0.00000000000000       0.00000000000000       0.00000000000000
    1     -1     69299.0000000000       0.00000000000000       0.00000000000000       0.00000000000000
    1     -1     69299.0000000000      -0.05423829766185       0.59718739168459       0.02062584688459
    1     -1     69300.0000000000      -0.05423829766185       0.59718739168459       0.02062584688459
    1     -1     69301.0000000000      -0.05423829766185       0.59718739168459       0.02062584688459
    1     -1     69301.0000000000       0.00000000000000       0.00000000000000       0.00000000000000
    1     -1     69301.0000000000       0.00000000000000       0.00000000000000       0.00000000000000
    1     -1     69301.0000000000      -0.05682890807537       0.59704977521534       0.01737930960298
    1     -1     69302.0000000000      -0.05682890807537       0.59704977521534       0.01737930960298
    1     -1     69303.0000000000      -0.05682890807537       0.59704977521534       0.01737930960298
    1     -1     69303.0000000000       0.00000000000000       0.00000000000000       0.00000000000000
    1     -1     69303.0000000000       0.00000000000000       0.00000000000000       0.00000000000000
    1     -1     69303.0000000000      -0.05942447619663       0.59688395020419       0.01408122499658
    1     -1     69304.0000000000      -0.05942447619663       0.59688395020419       0.01408122499658
    1     -1     69305.0000000000      -0.05942447619663       0.59688395020419       0.01408122499658
    1     -1     69305.0000000000       0.00000000000000       0.00000000000000       0.00000000000000
    1     -1     69305.0000000000       0.00000000000000       0.00000000000000       0.00000000000000
    1     -1     69305.0000000000      -0.06202490584141       0.59668899684111       0.01073086129402
    1     -1     69306.0000000000      -0.06202490584141       0.59668899684111       0.01073086129402
    1     -1     69307.0000000000      -0.06202490584141       0.59668899684111       0.01073086129402
    1     -1     69307.0000000000       0.00000000000000       0.00000000000000       0.00000000000000
    1     -1     69307.0000000000       0.00000000000000       0.00000000000000       0.00000000000000
    1     -1     69307.0000000000      -0.06463008801875       0.59646396281654       0.00732748687330
    1     -1     69308.0000000000      -0.06463008801875       0.59646396281654       0.00732748687330
    1     -1     69309.0000000000      -0.06463008801875       0.59646396281654       0.00732748687330
    1     -1     69309.0000000000       0.00000000000000       0.00000000000000       0.00000000000000
    1     -1     69309.0000000000       0.00000000000000       0.00000000000000       0.00000000000000
    1     -1     69309.0000000000      -0.06723990017685       0.59620786252023       0.00387037120468
    1     -1     69310.0000000000      -0.06723990017685       0.59620786252023       0.00387037120468
    1     -1     69311.0000000000      -0.06723990017685       0.59620786252023       0.00387037120468
    1     -1     69311.0000000000       0.00000000000000       0.00000000000000       0.00000000000000
    1     -1     69311.0000000000       0.00000000000000       0.00000000000000       0.00000000000000
    1     -1     69311.0000000000      -0.06985420543985       0.59591967624424       0.00035878591024
    1     -1     69312.0000000000      -0.06985420543985       0.59591967624424       0.00035878591024
    1     -1     69313.0000000000      -0.06985420543985       0.59591967624424       0.00035878591024
    1     -1     69313.0000000000       0.00000000000000       0.00000000000000       0.00000000000000
    1     -1     69313.0000000000       0.00000000000000       0.00000000000000       0.00000000000000
    1     -1     69313.0000000000      -0.07247285181729       0.59559834939595      -0.00320799412249
    1     -1     69314.0000000000      -0.07247285181729       0.59559834939595      -0.00320799412249
    1     -1     69315.0000000000      -0.07247285181729       0.59559834939595      -0.00320799412249
    1     -1     69315.0000000000       0.00000000000000       0.00000000000000       0.00000000000000
    1     -1     69315.0000000000       0.00000000000000       0.00000000000000       0.00000000000000
    1     -1     69315.0000000000      -0.07509567136930       0.59524279172582      -0.00683068957293
    1     -1     69316.0000000000      -0.07509567136930       0.59524279172582      -0.00683068957293
    1     -1     69317.0000000000      -0.07509567136930       0.59524279172582      -0.00683068957293
    1     -1     69317.0000000000       0.00000000000000       0.00000000000000       0.00000000000000
    1     -1     69317.0000000000       0.00000000000000       0.00000000000000       0.00000000000000
    1     -1     69317.0000000000      -0.07772247935409       0.59485187657099      -0.01051001536755
    1     -1     69318.0000000000      -0.07772247935409       0.59485187657099      -0.01051001536755
    1     -1     69319.0000000000      -0.07772247935409       0.59485187657099      -0.01051001536755
    1     -1     69319.0000000000       0.00000000000000       0.00000000000000       0.00000000000000
    1     -1     69319.0000000000       0.00000000000000       0.00000000000000       0.00000000000000
    1     -1     69319.0000000000      -0.08035307334364       0.59442444011985      -0.01424667934781
    1     -1     69320.0000000000      -0.08035307334364       0.59442444011985      -0.01424667934781
    1     -1     69321.0000000000      -0.08035307334364       0.59442444011985      -0.01424667934781
    1     -1     69321.0000000000       0.00000000000000       0.00000000000000       0.00000000000000
    1     -1     69321.0000000000       0.00000000000000       0.00000000000000       0.00000000000000
    1     -1     69321.0000000000      -0.08298723232547       0.59395928070145      -0.01804138075587
    1     -1     69322.0000000000      -0.08298723232547       0.59395928070145      -0.01804138075587
    1     -1     69323.0000000000      -0.08298723232547       0.59395928070145      -0.01804138075587
    1     -1     69323.0000000000       0.00000000000000       0.00000000000000       0.00000000000000
    1     -1     69323.0000000000       0.00000000000000       0.00000000000000       0.00000000000000
    1     -1     69323.0000000000      -0.08562471573860       0.59345515810716      -0.02189480876111
    1     -1     69324.0000000000      -0.08562471573860       0.59345515810716      -0.02189480876111
    1     -1     69325.0000000000      -0.08562471573860       0.59345515810716      -0.02189480876111
    1     -1     69325.0000000000       0.00000000000000       0.00000000000000       0.00000000000000
    1     -1     69325.0000000000       0.00000000000000       0.00000000000000       0.00000000000000
    1     -1     69325.0000000000      -0.08826526253407       0.59291079294377      -0.02580764074024
    1     -1     69326.0000000000      -0.08826526253407       0.59291079294377      -0.02580764074024
    1     -1     69327.0000000000      -0.08826526253407       0.59291079294377      -0.02580764074024
    1     -1     69327.0000000000       0.00000000000000       0.00000000000000       0.00000000000000
    1     -1     69327.0000000000       0.00000000000000       0.00000000000000       0.00000000000000
    1     -1     69327.0000000000      -0.09090859016486       0.59232486603046      -0.02978054056319
    1     -1     69328.0000000000      -0.09090859016486       0.59232486603046      -0.02978054056319
    1     -1     69329.0000000000      -0.09090859016486       0.59232486603046      -0.02978054056319
    1     -1     69329.0000000000       0.00000000000000       0.00000000000000       0.00000000000000
    1     -1     69329.0000000000       0.00000000000000       0.00000000000000       0.00000000000000
    1     -1     69329.0000000000      -0.09355439356977       0.59169601783868      -0.03381415676375
    1     -1     69330.0000000000      -0.09355439356977       0.59169601783868      -0.03381415676375
    1     -1     69331.0000000000      -0.09355439356977       0.59169601783868      -0.03381415676375
    1     -1     69331.0000000000       0.00000000000000       0.00000000000000       0.00000000000000
    1     -1     69331.0000000000       0.00000000000000       0.00000000000000       0.00000000000000
    1     -1     69331.0000000000      -0.09620234412357       0.59102284799195      -0.03790912049382
    1     -1     69332.0000000000      -0.09620234412357       0.59102284799195      -0.03790912049382
    1     -1     69333.0000000000      -0.09620234412357       0.59102284799195      -0.03790912049382
    1     -1     69333.0000000000       0.00000000000000       0.00000000000000       0.00000000000000
    1     -1     69333.0000000000       0.00000000000000       0.00000000000000       0.00000000000000
    1     -1     69333.0000000000      -0.09885208855199       0.59030391483017      -0.04206604337335
    1     -1     69334.0000000000      -0.09885208855199       0.59030391483017      -0.04206604337335
    1     -1     69335.0000000000      -0.09885208855199       0.59030391483017      -0.04206604337335
    1     -1     69335.0000000000       0.00000000000000       0.00000000000000       0.00000000000000
    1     -1     69335.0000000000       0.00000000000000       0.00000000000000       0.00000000000000
    1     -1     69335.0000000000      -0.10150324779716       0.58953773506404      -0.04628551503651
    1     -1     69336.0000000000      -0.10150324779716       0.58953773506404      -0.04628551503651
    1     -1     69337.0000000000      -0.10150324779716       0.58953773506404      -0.04628551503651
    1     -1     69337.0000000000       0.00000000000000       0.00000000000000       0.00000000000000
    1     -1     69337.0000000000       0.00000000000000       0.00000000000000       0.00000000000000
    1     -1     69337.0000000000      -0.10415541585527       0.58872278353896      -0.05056810032183
    1     -1     69338.0000000000      -0.10415541585527       0.58872278353896      -0.05056810032183
    1     -1     69339.0000000000      -0.10415541585527       0.58872278353896      -0.05056810032183
    1     -1     69339.0000000000       0.00000000000000       0.00000000000000       0.00000000000000
    1     -1     69339.0000000000       0.00000000000000       0.00000000000000       0.00000000000000
    1     -1     69339.0000000000      -0.10680815864333       0.58785749307066      -0.05491433663355
    1     -1     69340.0000000000      -0.10680815864333       0.58785749307066      -0.05491433663355
    1     -1     69341.0000000000      -0.10680815864333       0.58785749307066      -0.05491433663355
    1     -1     69341.0000000000       0.00000000000000       0.00000000000000       0.00000000000000
    1     -1     69341.0000000000       0.00000000000000       0.00000000000000       0.00000000000000
    1     -1     69341.0000000000      -0.10946101320756       0.58694025402851      -0.05932473403665
    1     -1     69342.0000000000      -0.10946101320756       0.58694025402851      -0.05932473403665
    1     -1     69343.0000000000      -0.10946101320756       0.58694025402851      -0.05932473403665
    1     -1     69343.0000000000       0.00000000000000       0.00000000000000       0.00000000000000
    1     -1     69343.0000000000       0.00000000000000       0.00000000000000       0.00000000000000
    1     -1     69343.0000000000      -0.11211348740446       0.58596941266499      -0.06379978560358
    1     -1     69344.0000000000      -0.11211348740446       0.58596941266499      -0.06379978560358
    1     -1     69345.0000000000      -0.11211348740446       0.58596941266499      -0.06379978560358
    1     -1     69345.0000000000       0.00000000000000       0.00000000000000       0.00000000000000
    1     -1     69345.0000000000       0.00000000000000       0.00000000000000       0.00000000000000
    1     -1     69345.0000000000      -0.11476505712382       0.58494327300860      -0.06833994662972
    1     -1     69346.0000000000      -0.11476505712382       0.58494327300860      -0.06833994662972
    1     -1     69347.0000000000      -0.11476505712382       0.58494327300860      -0.06833994662972
    1     -1     69347.0000000000       0.00000000000000       0.00000000000000       0.00000000000000
    1     -1     69347.0000000000       0.00000000000000       0.00000000000000       0.00000000000000
    1     -1     69347.0000000000      -0.08712549533127       0.43324194470161      -0.05412756897949
    1     -1     69348.0000000000      -0.08712549533127       0.43324194470161      -0.05412756897949
    1     -1     69349.0000000000      -0.08712549533127       0.43324194470161      -0.05412756897949
    1     -1     69349.0000000000       0.00000000000000       0.00000000000000       0.00000000000000
    1     -1     69679.0000000000       0.00000000000000       0.00000000000000       0.00000000000000
    1     -1     69679.0000000000       0.05263600921449      -0.31312586500767      -0.18191211908014
    1     -1     69680.0000000000       0.05263600921449      -0.31312586500767      -0.18191211908014
    1     -1     69681.0000000000       0.05263600921449      -0.31312586500767      -0.18191211908014
    1     -1     69681.0000000000       0.00000000000000       0.00000000000000       0.00000000000000
    1     -1     69681.0000000000       0.00000000000000       0.00000000000000       0.00000000000000
    1     -1     69681.0000000000       0.09683846306512      -0.51777728632009      -0.28727859844093
    1     -1     69682.0000000000       0.09683846306512      -0.51777728632009      -0.28727859844093
    1     -1     69683.0000000000       0.09683846306512      -0.51777728632009      -0.28727859844093
    1     -1     69683.0000000000       0.00000000000000       0.00000000000000       0.00000000000000
    1     -1     69683.0000000000       0.00000000000000       0.00000000000000       0.00000000000000
    1     -1     69683.0000000000       0.10768608769614      -0.52165118325459      -0.27619512813550
    1     -1     69684.0000000000       0.10768608769614      -0.52165118325459      -0.27619512813550
    1     -1     69685.0000000000       0.10768608769614      -0.52165118325459      -0.27619512813550
    1     -1     69685.0000000000       0.00000000000000       0.00000000000000       0.00000000000000
    1     -1     69685.0000000000       0.00000000000000       0.00000000000000       0.00000000000000
    1     -1     69685.0000000000       0.11883742200826      -0.52500710319269      -0.26503812557377
    1     -1     69686.0000000000       0.11883742200826      -0.52500710319269      -0.26503812557377
    1     -1     69687.0000000000       0.11883742200826      -0.52500710319269      -0.26503812557377
    1     -1     69687.0000000000       0.00000000000000       0.00000000000000       0.00000000000000
    1     -1     69687.0000000000       0.00000000000000       0.00000000000000       0.00000000000000
    1     -1     69687.0000000000       0.13028053575768      -0.52782299926635      -0.25383038180676
    1     -1     69688.0000000000       0.13028053575768      -0.52782299926635      -0.25383038180676
    1     -1     69689.0000000000       0.13028053575768      -0.52782299926635      -0.25383038180676
    1     -1     69689.0000000000       0.00000000000000       0.00000000000000       0.00000000000000
    1     -1     69689.0000000000       0.00000000000000       0.00000000000000       0.00000000000000
    1     -1     69689.0000000000       0.14200142586734      -0.53007867686868      -0.24259470451926
    1     -1     69690.0000000000       0.14200142586734      -0.53007867686868      -0.24259470451926
    1     -1     69691.0000000000       0.14200142586734      -0.53007867686868      -0.24259470451926
    1     -1     69691.0000000000       0.00000000000000       0.00000000000000       0.00000000000000
    1     -1     69691.0000000000       0.00000000000000       0.00000000000000       0.00000000000000
    1     -1     69691.0000000000       0.15398430104843      -0.53175608644854      -0.23135319067512
    1     -1     69692.0000000000       0.15398430104843      -0.53175608644854      -0.23135319067512
    1     -1     69693.0000000000       0.15398430104843      -0.53175608644854      -0.23135319067512
    1     -1     69693.0000000000       0.00000000000000       0.00000000000000       0.00000000000000
    1     -1     69693.0000000000       0.00000000000000       0.00000000000000       0.00000000000000
    1     -1     69693.0000000000       0.16621098848988      -0.53283912537900      -0.22012808328462
    1     -1     69694.0000000000       0.16621098848988      -0.53283912537900      -0.22012808328462
    1     -1     69695.0000000000       0.16621098848988      -0.53283912537900      -0.22012808328462
    1     -1     69695.0000000000       0.00000000000000       0.00000000000000       0.00000000000000
    1     -1     69695.0000000000       0.00000000000000       0.00000000000000       0.00000000000000
    1     -1     69695.0000000000       0.17866130493385      -0.53331401364427      -0.20894090133329
    1     -1     69696.0000000000       0.17866130493385      -0.53331401364427      -0.20894090133329
    1     -1     69697.0000000000       0.17866130493385      -0.53331401364427      -0.20894090133329
    1     -1     69697.0000000000       0.00000000000000       0.00000000000000       0.00000000000000
    1     -1     69697.0000000000       0.00000000000000       0.00000000000000       0.00000000000000
    1     -1     69697.0000000000       0.19131330016033      -0.53316935941191      -0.19781217011612
    1     -1     69698.0000000000       0.19131330016033      -0.53316935941191      -0.19781217011612
    1     -1     69699.0000000000       0.19131330016033      -0.53316935941191      -0.19781217011612
    1     -1     69699.0000000000       0.00000000000000       0.00000000000000       0.00000000000000
    1     -1     69699.0000000000       0.00000000000000       0.00000000000000       0.00000000000000
    1     -1     69699.0000000000       0.20414320356066      -0.53239620507497      -0.18676143215814
    1     -1     69700.0000000000       0.20414320356066      -0.53239620507497      -0.18676143215814
    1     -1     69701.0000000000       0.20414320356066      -0.53239620507497      -0.18676143215814
    1     -1     69701.0000000000       0.00000000000000       0.00000000000000       0.00000000000000
    1     -1     69701.0000000000       0.00000000000000       0.00000000000000       0.00000000000000
    1     -1     69701.0000000000       0.21712558976201      -0.53098809249019      -0.17580706238410
    1     -1     69702.0000000000       0.21712558976201      -0.53098809249019      -0.17580706238410
    1     -1     69703.0000000000       0.21712558976201      -0.53098809249019      -0.17580706238410
    1     -1     69703.0000000000       0.00000000000000       0.00000000000000       0.00000000000000
    1     -1     69703.0000000000       0.00000000000000       0.00000000000000       0.00000000000000
    1     -1     69703.0000000000       0.23023358108942      -0.52894111023876      -0.16496605504809
    1     -1     69704.0000000000       0.23023358108942      -0.52894111023876      -0.16496605504809
    1     -1     69705.0000000000       0.23023358108942      -0.52894111023876      -0.16496605504809
    1     -1     69705.0000000000       0.00000000000000       0.00000000000000       0.00000000000000
    1     -1     69705.0000000000       0.00000000000000       0.00000000000000       0.00000000000000
    1     -1     69705.0000000000       0.24343901654643      -0.52625389907549      -0.15425394066524
    1     -1     69706.0000000000       0.24343901654643      -0.52625389907549      -0.15425394066524
    1     -1     69707.0000000000       0.24343901654643      -0.52625389907549      -0.15425394066524
    1     -1     69707.0000000000       0.00000000000000       0.00000000000000       0.00000000000000
    1     -1     69707.0000000000       0.00000000000000       0.00000000000000       0.00000000000000
    1     -1     69707.0000000000       0.25671264158061      -0.52292763774587      -0.14368474036664
    1     -1     69708.0000000000       0.25671264158061      -0.52292763774587      -0.14368474036664
    1     -1     69709.0000000000       0.25671264158061      -0.52292763774587      -0.14368474036664
    1     -1     69709.0000000000       0.00000000000000       0.00000000000000       0.00000000000000
    1     -1     69709.0000000000       0.00000000000000       0.00000000000000       0.00000000000000
    1     -1     69709.0000000000       0.27002431509613      -0.51896601090499      -0.13327095730965
    1     -1     69710.0000000000       0.27002431509613      -0.51896601090499      -0.13327095730965
    1     -1     69711.0000000000       0.27002431509613      -0.51896601090499      -0.13327095730965
    1     -1     69711.0000000000       0.00000000000000       0.00000000000000       0.00000000000000
    1     -1     69711.0000000000       0.00000000000000       0.00000000000000       0.00000000000000
    1     -1     69711.0000000000       0.28334325378681      -0.51437516958510      -0.12302351290627
    1     -1     69712.0000000000       0.28334325378681      -0.51437516958510      -0.12302351290627
    1     -1     69713.0000000000       0.28334325378681      -0.51437516958510      -0.12302351290627
    1     -1     69713.0000000000       0.00000000000000       0.00000000000000       0.00000000000000
    1     -3     69713.0000000000      148789095.119453192       17109687.119989593           2605.972537714       -6.7854053252689       34.6124070927632        1.1773340077561        1083.9601189802
    1     -3     69713.0000000000      148789095.119453192       17109687.119989593           2605.972537714       -6.7854053252689       34.6124070927632        1.1773340077561         501.9477986517