    1      0     64328.0000000000      -25267390.158699147      144918560.832322747         -11774.074663435      -29.8303544050158       -5.2187933062469       -0.0003853654899        3000.0000000000
    1      0     64328.0000000000      -25267390.158699147      144918560.832322747         -11774.074663435      -35.5688795155469       -6.9343869875318        0.3546750188594        3000.0000000000
    1     -1     64330.0000000000       0.00000000000000       0.00000000000000       0.00000000000000
    1     -1     64330.0000000000      -0.35393667284234      -0.12015509714084       0.02625245441110
    1     -1     64331.0000000000      -0.35393667284234      -0.12015509714084       0.02625245441110
    1     -1     64332.0000000000      -0.35393667284234      -0.12015509714084       0.02625245441110
    1     -1     64332.0000000000       0.00000000000000       0.00000000000000       0.00000000000000
    1     -1     64332.0000000000       0.00000000000000       0.00000000000000       0.00000000000000
    1     -1     64332.0000000000      -0.56149811624788      -0.20633091878816       0.04634022747155
    1     -1     64333.0000000000      -0.56149811624788      -0.20633091878816       0.04634022747155
    1     -1     64334.0000000000      -0.56149811624788      -0.20633091878816       0.04634022747155
    1     -1     64334.0000000000       0.00000000000000       0.00000000000000       0.00000000000000
    1     -1     64334.0000000000       0.00000000000000       0.00000000000000       0.00000000000000
    1     -1     64334.0000000000      -0.55581524278028      -0.22024710329798       0.05060265469265
    1     -1     64335.0000000000      -0.55581524278028      -0.22024710329798       0.05060265469265
    1     -1     64336.0000000000      -0.55581524278028      -0.22024710329798       0.05060265469265
    1     -1     64336.0000000000       0.00000000000000       0.00000000000000       0.00000000000000
    1     -1     64336.0000000000       0.00000000000000       0.00000000000000       0.00000000000000
    1     -1     64336.0000000000      -0.54971130108077      -0.23411852464434       0.05482701124856
    1     -1     64337.0000000000      -0.54971130108077      -0.23411852464434       0.05482701124856
    1     -1     64338.0000000000      -0.54971130108077      -0.23411852464434       0.05482701124856
    1     -1     64338.0000000000       0.00000000000000       0.00000000000000       0.00000000000000
    1     -1     64338.0000000000       0.00000000000000       0.00000000000000       0.00000000000000
    1     -1     64338.0000000000      -0.54319138448370      -0.24791201569869       0.05901484198818
    1     -1     64339.0000000000      -0.54319138448370      -0.24791201569869       0.05901484198818
    1     -1     64340.0000000000      -0.54319138448370      -0.24791201569869       0.05901484198818
    1     -1     64340.0000000000       0.00000000000000       0.00000000000000       0.00000000000000
    1     -1     64340.0000000000       0.00000000000000       0.00000000000000       0.00000000000000
    1     -1     64340.0000000000      -0.53626259012844      -0.26159567378608       0.06316753252385
    1     -1     64341.0000000000      -0.53626259012844      -0.26159567378608       0.06316753252385
    1     -1     64342.0000000000      -0.53626259012844      -0.26159567378608       0.06316753252385
    1     -1     64342.0000000000       0.00000000000000       0.00000000000000       0.00000000000000
    1     -1     64578.0000000000       0.00000000000000       0.00000000000000       0.00000000000000
    1     -1     64578.0000000000       0.00564505967503       0.00020580824784       0.00072074326170
    1     -1     64579.0000000000       0.00564505967503       0.00020580824784       0.00072074326170
    1     -1     64580.0000000000       0.00564505967503       0.00020580824784       0.00072074326170
    1     -1     64580.0000000000       0.00000000000000       0.00000000000000       0.00000000000000
    1     -1     64580.0000000000       0.00000000000000       0.00000000000000       0.00000000000000
    1     -1     64580.0000000000       0.59475009931488       0.02969322652631       0.07342091625282
    1     -1     64581.0000000000       0.59475009931488       0.02969322652631       0.07342091625282
    1     -1     64582.0000000000       0.59475009931488       0.02969322652631       0.07342091625282
    1     -1     64582.0000000000       0.00000000000000       0.00000000000000       0.00000000000000
    1     -1     64582.0000000000       0.00000000000000       0.00000000000000       0.00000000000000
    1     -1     64582.0000000000       0.59460479340265       0.03758452226386       0.07094041604611
    1     -1     64583.0000000000       0.59460479340265       0.03758452226386       0.07094041604611
    1     -1     64584.0000000000       0.59460479340265       0.03758452226386       0.07094041604611
    1     -1     64584.0000000000       0.00000000000000       0.00000000000000       0.00000000000000
    1     -1     64584.0000000000       0.00000000000000       0.00000000000000       0.00000000000000
    1     -1     64584.0000000000       0.59434880617966       0.04535970841622       0.06849812205606
    1     -1     64585.0000000000       0.59434880617966       0.04535970841622       0.06849812205606
    1     -1     64586.0000000000       0.59434880617966       0.04535970841622       0.06849812205606
    1     -1     64586.0000000000       0.00000000000000       0.00000000000000       0.00000000000000
    1     -1     64586.0000000000       0.00000000000000       0.00000000000000       0.00000000000000
    1     -1     64586.0000000000       0.59398693404012       0.05301965382633       0.06609415842386
    1     -1     64587.0000000000       0.59398693404012       0.05301965382633       0.06609415842386
    1     -1     64588.0000000000       0.59398693404012       0.05301965382633       0.06609415842386
    1     -1     64588.0000000000       0.00000000000000       0.00000000000000       0.00000000000000
    1     -1     64588.0000000000       0.00000000000000       0.00000000000000       0.00000000000000
    1     -1     64588.0000000000       0.59352379976251       0.06056536005003       0.06372860862660
    1     -1     64589.0000000000       0.59352379976251       0.06056536005003       0.06372860862660
    1     -1     64590.0000000000       0.59352379976251       0.06056536005003       0.06372860862660
    1     -1     64590.0000000000       0.00000000000000       0.00000000000000       0.00000000000000
    1     -1     64590.0000000000       0.00000000000000       0.00000000000000       0.00000000000000
    1     -1     64590.0000000000       0.59296385397419       0.06799796632225       0.06140149620420
    1     -1     64591.0000000000       0.59296385397419       0.06799796632225       0.06140149620420
    1     -1     64592.0000000000       0.59296385397419       0.06799796632225       0.06140149620420
    1     -1     64592.0000000000       0.00000000000000       0.00000000000000       0.00000000000000
    1     -1     64592.0000000000       0.00000000000000       0.00000000000000       0.00000000000000
    1     -1     64592.0000000000       0.59231138364971       0.07531867670201       0.05911278219491
    1     -1     64593.0000000000       0.59231138364971       0.07531867670201       0.05911278219491
    1     -1     64594.0000000000       0.59231138364971       0.07531867670201       0.05911278219491
    1     -1     64594.0000000000       0.00000000000000       0.00000000000000       0.00000000000000
    1     -1     64594.0000000000       0.00000000000000       0.00000000000000       0.00000000000000
    1     -1     64594.0000000000       0.59157050940277       0.08252878710067       0.05686238637831
    1     -1     64595.0000000000       0.59157050940277       0.08252878710067       0.05686238637831
    1     -1     64596.0000000000       0.59157050940277       0.08252878710067       0.05686238637831
    1     -1     64596.0000000000       0.00000000000000       0.00000000000000       0.00000000000000
    1     -1     64596.0000000000       0.00000000000000       0.00000000000000       0.00000000000000
    1     -1     64596.0000000000       0.59074519246774       0.08962965701534       0.05465017328024
    1     -1     64597.0000000000       0.59074519246774       0.08962965701534       0.05465017328024
    1     -1     64598.0000000000       0.59074519246774       0.08962965701534       0.05465017328024
    1     -1     64598.0000000000       0.00000000000000       0.00000000000000       0.00000000000000
    1     -1     64598.0000000000       0.00000000000000       0.00000000000000       0.00000000000000
    1     -1     64598.0000000000       0.58983923456410       0.09662271826871       0.05247596557663
    1     -1     64599.0000000000       0.58983923456410       0.09662271826871       0.05247596557663
    1     -1     64600.0000000000       0.58983923456410       0.09662271826871       0.05247596557663
    1     -1     64600.0000000000       0.00000000000000       0.00000000000000       0.00000000000000
    1     -1     64600.0000000000       0.00000000000000       0.00000000000000       0.00000000000000
    1     -1     64600.0000000000       0.58885628358548       0.10350945210445       0.05033954595478
    1     -1     64601.0000000000       0.58885628358548       0.10350945210445       0.05033954595478
    1     -1     64602.0000000000       0.58885628358548       0.10350945210445       0.05033954595478
    1     -1     64602.0000000000       0.00000000000000       0.00000000000000       0.00000000000000
    1     -1     64602.0000000000       0.00000000000000       0.00000000000000       0.00000000000000
    1     -1     64602.0000000000       0.58779983629751       0.11029138784838       0.04824066225805
    1     -1     64603.0000000000       0.58779983629751       0.11029138784838       0.04824066225805
    1     -1     64604.0000000000       0.58779983629751       0.11029138784838       0.04824066225805
    1     -1     64604.0000000000       0.00000000000000       0.00000000000000       0.00000000000000
    1     -1     64604.0000000000       0.00000000000000       0.00000000000000       0.00000000000000
    1     -1     64604.0000000000       0.58667324308404       0.11697009183529       0.04617902928056
    1     -1     64605.0000000000       0.58667324308404       0.11697009183529       0.04617902928056
    1     -1     64606.0000000000       0.58667324308404       0.11697009183529       0.04617902928056
    1     -1     64606.0000000000       0.00000000000000       0.00000000000000       0.00000000000000
    1     -1     64606.0000000000       0.00000000000000       0.00000000000000       0.00000000000000
    1     -1     64606.0000000000       0.58547971113544       0.12354716489125       0.04415433360490
    1     -1     64607.0000000000       0.58547971113544       0.12354716489125       0.04415433360490
    1     -1     64608.0000000000       0.58547971113544       0.12354716489125       0.04415433360490
    1     -1     64608.0000000000       0.00000000000000       0.00000000000000       0.00000000000000
    1     -1     64608.0000000000       0.00000000000000       0.00000000000000       0.00000000000000
    1     -1     64608.0000000000       0.58422231009380       0.13002422995882       0.04216623403005
    1     -1     64609.0000000000       0.58422231009380       0.13002422995882       0.04216623403005
    1     -1     64610.0000000000       0.58422231009380       0.13002422995882       0.04216623403005
    1     -1     64610.0000000000       0.00000000000000       0.00000000000000       0.00000000000000
    1     -1     64610.0000000000       0.00000000000000       0.00000000000000       0.00000000000000
    1     -1     64610.0000000000       0.58290397478562       0.13640293304475       0.04021436703366
    1     -1     64611.0000000000       0.58290397478562       0.13640293304475       0.04021436703366
    1     -1     64612.0000000000       0.58290397478562       0.13640293304475       0.04021436703366
    1     -1     64612.0000000000       0.00000000000000       0.00000000000000       0.00000000000000
    1     -1     64612.0000000000       0.00000000000000       0.00000000000000       0.00000000000000
    1     -1     64612.0000000000       0.58152751076839       0.14268493289144       0.03829834755299
    1     -1     64613.0000000000       0.58152751076839       0.14268493289144       0.03829834755299
    1     -1     64614.0000000000       0.58152751076839       0.14268493289144       0.03829834755299
    1     -1     64614.0000000000       0.00000000000000       0.00000000000000       0.00000000000000
    1     -1     64614.0000000000       0.00000000000000       0.00000000000000       0.00000000000000
    1     -1     64614.0000000000       0.58009559782173       0.14887189965274       0.03641777260662
    1     -1     64615.0000000000       0.58009559782173       0.14887189965274       0.03641777260662
    1     -1     64616.0000000000       0.58009559782173       0.14887189965274       0.03641777260662
    1     -1     64616.0000000000       0.00000000000000       0.00000000000000       0.00000000000000
    1     -1     64616.0000000000       0.00000000000000       0.00000000000000       0.00000000000000
    1     -1     64616.0000000000       0.57861079494971       0.15496550797117       0.03457222276475
    1     -1     64617.0000000000       0.57861079494971       0.15496550797117       0.03457222276475
    1     -1     64618.0000000000       0.57861079494971       0.15496550797117       0.03457222276475
    1     -1     64618.0000000000       0.00000000000000       0.00000000000000       0.00000000000000
    1     -1     64618.0000000000       0.00000000000000       0.00000000000000       0.00000000000000
    1     -1     64618.0000000000       0.57707554425192       0.16096743470209       0.03276126480729
    1     -1     64619.0000000000       0.57707554425192       0.16096743470209       0.03276126480729
    1     -1     64620.0000000000       0.57707554425192       0.16096743470209       0.03276126480729
    1     -1     64620.0000000000       0.00000000000000       0.00000000000000       0.00000000000000
    1     -1     64620.0000000000       0.00000000000000       0.00000000000000       0.00000000000000
    1     -1     64620.0000000000       0.57549217530873       0.16687935486428       0.03098445349704
    1     -1     64621.0000000000       0.57549217530873       0.16687935486428       0.03098445349704
    1     -1     64622.0000000000       0.57549217530873       0.16687935486428       0.03098445349704
    1     -1     64622.0000000000       0.00000000000000       0.00000000000000       0.00000000000000
    1     -1     64622.0000000000       0.00000000000000       0.00000000000000       0.00000000000000
    1     -1     64622.0000000000       0.57386290960452       0.17270293769967       0.02924133324832
    1     -1     64623.0000000000       0.57386290960452       0.17270293769967       0.02924133324832
    1     -1     64624.0000000000       0.57386290960452       0.17270293769967       0.02924133324832
    1     -1     64624.0000000000       0.00000000000000       0.00000000000000       0.00000000000000
    1     -1     64624.0000000000       0.00000000000000       0.00000000000000       0.00000000000000
    1     -1     64624.0000000000       0.57218986439147       0.17843984470488       0.02753144001634
    1     -1     64625.0000000000       0.57218986439147       0.17843984470488       0.02753144001634
    1     -1     64626.0000000000       0.57218986439147       0.17843984470488       0.02753144001634
    1     -1     64626.0000000000       0.00000000000000       0.00000000000000       0.00000000000000
    1     -1     64626.0000000000       0.00000000000000       0.00000000000000       0.00000000000000
    1     -1     64626.0000000000       0.57047505720023       0.18409172559124       0.02585430256721
    1     -1     64627.0000000000       0.57047505720023       0.18409172559124       0.02585430256721
    1     -1     64628.0000000000       0.57047505720023       0.18409172559124       0.02585430256721
    1     -1     64628.0000000000       0.00000000000000       0.00000000000000       0.00000000000000
    1     -1     64628.0000000000       0.00000000000000       0.00000000000000       0.00000000000000
    1     -1     64628.0000000000       0.56872040922937       0.18966021779917       0.02420944423872
    1     -1     64629.0000000000       0.56872040922937       0.18966021779917       0.02420944423872
    1     -1     64630.0000000000       0.56872040922937       0.18966021779917       0.02420944423872
    1     -1     64630.0000000000       0.00000000000000       0.00000000000000       0.00000000000000
    1     -1     64630.0000000000       0.00000000000000       0.00000000000000       0.00000000000000
    1     -1     64630.0000000000       0.56692774973147       0.19514694283055       0.02259638396512
    1     -1     64631.0000000000       0.56692774973147       0.19514694283055       0.02259638396512
    1     -1     64632.0000000000       0.56692774973147       0.19514694283055       0.02259638396512
    1     -1     64632.0000000000       0.00000000000000       0.00000000000000       0.00000000000000
    1     -1     64632.0000000000       0.00000000000000       0.00000000000000       0.00000000000000
    1     -1     64632.0000000000       0.56509881963837       0.20055350490833       0.02101463757260
    1     -1     64633.0000000000       0.56509881963837       0.20055350490833       0.02101463757260
    1     -1     64634.0000000000       0.56509881963837       0.20055350490833       0.02101463757260
    1     -1     64634.0000000000       0.00000000000000       0.00000000000000       0.00000000000000
    1     -1     64634.0000000000       0.00000000000000       0.00000000000000       0.00000000000000
    1     -1     64634.0000000000       0.56323527509301       0.20588148973933       0.01946371890519
    1     -1     64635.0000000000       0.56323527509301       0.20588148973933       0.01946371890519
    1     -1     64636.0000000000       0.56323527509301       0.20588148973933       0.01946371890519
    1     -1     64636.0000000000       0.00000000000000       0.00000000000000       0.00000000000000
    1     -1     64636.0000000000       0.00000000000000       0.00000000000000       0.00000000000000
    1     -1     64636.0000000000       0.56133869142956       0.21113246194144       0.01794314071437
    1     -1     64637.0000000000       0.56133869142956       0.21113246194144       0.01794314071437
    1     -1     64638.0000000000       0.56133869142956       0.21113246194144       0.01794314071437
    1     -1     64638.0000000000       0.00000000000000       0.00000000000000       0.00000000000000
    1     -1     64638.0000000000       0.00000000000000       0.00000000000000       0.00000000000000
    1     -1     64638.0000000000       0.55941056612363       0.21630796519480       0.01645241570500
    1     -1     64639.0000000000       0.55941056612363       0.21630796519480       0.01645241570500
    1     -1     64640.0000000000       0.55941056612363       0.21630796519480       0.01645241570500
    1     -1     64640.0000000000       0.00000000000000       0.00000000000000       0.00000000000000
    1     -1     64640.0000000000       0.00000000000000       0.00000000000000       0.00000000000000
    1     -1     64640.0000000000       0.55745232251680       0.22140952012736       0.01499105725408
    1     -1     64641.0000000000       0.55745232251680       0.22140952012736       0.01499105725408
    1     -1     64642.0000000000       0.55745232251680       0.22140952012736       0.01499105725408
    1     -1     64642.0000000000       0.00000000000000       0.00000000000000       0.00000000000000
    1     -1     64642.0000000000       0.00000000000000       0.00000000000000       0.00000000000000
    1     -1     64642.0000000000       0.55546531297516       0.22643862361358       0.01355858021310
    1     -1     64643.0000000000       0.55546531297516       0.22643862361358       0.01355858021310
    1     -1     64644.0000000000       0.55546531297516       0.22643862361358       0.01355858021310
    1     -1     64644.0000000000       0.00000000000000       0.00000000000000       0.00000000000000
    1     -1     64644.0000000000       0.00000000000000       0.00000000000000       0.00000000000000
    1     -1     64644.0000000000       0.55345082193951       0.23139674817453       0.01215450158323
    1     -1     64645.0000000000       0.55345082193951       0.23139674817453       0.01215450158323
    1     -1     64646.0000000000       0.55345082193951       0.23139674817453       0.01215450158323
    1     -1     64646.0000000000       0.00000000000000       0.00000000000000       0.00000000000000
    1     -1     64646.0000000000       0.00000000000000       0.00000000000000       0.00000000000000
    1     -1     64646.0000000000       0.55141006890441       0.23628534138564       0.01077834111127
    1     -1     64647.0000000000       0.55141006890441       0.23628534138564       0.01077834111127
    1     -1     64648.0000000000       0.55141006890441       0.23628534138564       0.01077834111127
    1     -1     64648.0000000000       0.00000000000000       0.00000000000000       0.00000000000000
    1     -1     64648.0000000000       0.00000000000000       0.00000000000000       0.00000000000000
    1     -1     64648.0000000000       0.54934421149290       0.24110582492110       0.00942962185686
    1     -1     64649.0000000000       0.54934421149290       0.24110582492110       0.00942962185686
    1     -1     64650.0000000000       0.54934421149290       0.24110582492110       0.00942962185686
    1     -1     64650.0000000000       0.00000000000000       0.00000000000000       0.00000000000000
    1     -1     64650.0000000000       0.00000000000000       0.00000000000000       0.00000000000000
    1     -1     64650.0000000000       0.54725434803785       0.24585959462019       0.00810787067393
    1     -1     64651.0000000000       0.54725434803785       0.24585959462019       0.00810787067393
    1     -1     64652.0000000000       0.54725434803785       0.24585959462019       0.00810787067393
    1     -1     64652.0000000000       0.00000000000000       0.00000000000000       0.00000000000000
    1     -1     64652.0000000000       0.00000000000000       0.00000000000000       0.00000000000000
    1     -1     64652.0000000000       0.54514152050242       0.25054801961108       0.00681261867929
    1     -1     64653.0000000000       0.54514152050242       0.25054801961108       0.00681261867929
    1     -1     64654.0000000000       0.54514152050242       0.25054801961108       0.00681261867929
    1     -1     64654.0000000000       0.00000000000000       0.00000000000000       0.00000000000000
    1     -1     64654.0000000000       0.00000000000000       0.00000000000000       0.00000000000000
    1     -1     64654.0000000000       0.54300671669201       0.25517244288186       0.00554340157909
    1     -1     64655.0000000000       0.54300671669201       0.25517244288186       0.00554340157909
    1     -1     64656.0000000000       0.54300671669201       0.25517244288186       0.00554340157909
    1     -1     64656.0000000000       0.00000000000000       0.00000000000000       0.00000000000000
    1     -1     64656.0000000000       0.00000000000000       0.00000000000000       0.00000000000000
    1     -1     64656.0000000000       0.54085087318799       0.25973418010474       0.00429976012189
    1     -1     64657.0000000000       0.54085087318799       0.25973418010474       0.00429976012189
    1     -1     64658.0000000000       0.54085087318799       0.25973418010474       0.00429976012189
    1     -1     64658.0000000000       0.00000000000000       0.00000000000000       0.00000000000000
    1     -1     64658.0000000000       0.00000000000000       0.00000000000000       0.00000000000000
    1     -1     64658.0000000000       0.53867487732542       0.26423452041057       0.00308124030795
    1     -1     64659.0000000000       0.53867487732542       0.26423452041057       0.00308124030795
    1     -1     64660.0000000000       0.53867487732542       0.26423452041057       0.00308124030795
    1     -1     64660.0000000000       0.00000000000000       0.00000000000000       0.00000000000000
    1     -1     64660.0000000000       0.00000000000000       0.00000000000000       0.00000000000000
    1     -1     64660.0000000000       0.53647956965098       0.26867472596448       0.00188739370783
    1     -1     64661.0000000000       0.53647956965098       0.26867472596448       0.00188739370783
    1     -1     64662.0000000000       0.53647956965098       0.26867472596448       0.00188739370783
    1     -1     64662.0000000000       0.00000000000000       0.00000000000000       0.00000000000000
    1     -1     64662.0000000000       0.00000000000000       0.00000000000000       0.00000000000000
    1     -1     64662.0000000000       0.53426574603482       0.27305603214189       0.00071777766682
    1     -1     64663.0000000000       0.53426574603482       0.27305603214189       0.00071777766682
    1     -1     64664.0000000000       0.53426574603482       0.27305603214189       0.00071777766682
    1     -1     64664.0000000000       0.00000000000000       0.00000000000000       0.00000000000000
    1     -1     64664.0000000000       0.00000000000000       0.00000000000000       0.00000000000000
    1     -1     64664.0000000000       0.53203415972005       0.27737964768324      -0.00042804451585
    1     -1     64665.0000000000       0.53203415972005       0.27737964768324      -0.00042804451585
    1     -1     64666.0000000000       0.53203415972005       0.27737964768324      -0.00042804451585
    1     -1     64666.0000000000       0.00000000000000       0.00000000000000       0.00000000000000
    1     -1     64666.0000000000       0.00000000000000       0.00000000000000       0.00000000000000
    1     -1     64666.0000000000       0.52978552349837       0.28164675448352      -0.00155050329103
    1     -1     64667.0000000000       0.52978552349837       0.28164675448352      -0.00155050329103
    1     -1     64668.0000000000       0.52978552349837       0.28164675448352      -0.00155050329103
    1     -1     64668.0000000000       0.00000000000000       0.00000000000000       0.00000000000000
    1     -1     64668.0000000000       0.00000000000000       0.00000000000000       0.00000000000000
    1     -1     64668.0000000000       0.52752051138111       0.28585850823616      -0.00265002286998
    1     -1     64669.0000000000       0.52752051138111       0.28585850823616      -0.00265002286998
    1     -1     64670.0000000000       0.52752051138111       0.28585850823616      -0.00265002286998
    1     -1     64670.0000000000       0.00000000000000       0.00000000000000       0.00000000000000
    1     -1     64670.0000000000       0.00000000000000       0.00000000000000       0.00000000000000
    1     -1     64670.0000000000       0.52523976044887       0.29001603858613      -0.00372702111907
    1     -1     64671.0000000000       0.52523976044887       0.29001603858613      -0.00372702111907
    1     -1     64672.0000000000       0.52523976044887       0.29001603858613      -0.00372702111907
    1     -1     64672.0000000000       0.00000000000000       0.00000000000000       0.00000000000000
    1     -1     64672.0000000000       0.00000000000000       0.00000000000000       0.00000000000000
    1     -1     64672.0000000000       0.52294387279604       0.29412044901525      -0.00478190925707
    1     -1     64673.0000000000       0.52294387279604       0.29412044901525      -0.00478190925707
    1     -1     64674.0000000000       0.52294387279604       0.29412044901525      -0.00478190925707
    1     -1     64674.0000000000       0.00000000000000       0.00000000000000       0.00000000000000
    1     -1     64674.0000000000       0.00000000000000       0.00000000000000       0.00000000000000
    1     -1     64674.0000000000       0.52063341703851       0.29817281742144      -0.00581509189685
    1     -1     64675.0000000000       0.52063341703851       0.29817281742144      -0.00581509189685
    1     -1     64676.0000000000       0.52063341703851       0.29817281742144      -0.00581509189685
    1     -1     64676.0000000000       0.00000000000000       0.00000000000000       0.00000000000000
    1     -1     64676.0000000000       0.00000000000000       0.00000000000000       0.00000000000000
    1     -1     64676.0000000000       0.51830892967483       0.30217419680790      -0.00682696732312
    1     -1     64677.0000000000       0.51830892967483       0.30217419680790      -0.00682696732312
    1     -1     64678.0000000000       0.51830892967483       0.30217419680790      -0.00682696732312
    1     -1     64678.0000000000       0.00000000000000       0.00000000000000       0.00000000000000
    1     -1     64678.0000000000       0.00000000000000       0.00000000000000       0.00000000000000
    1     -1     64678.0000000000       0.51597091715978       0.30612561465395      -0.00781792670986
    1     -1     64679.0000000000       0.51597091715978       0.30612561465395      -0.00781792670986
    1     -1     64680.0000000000       0.51597091715978       0.30612561465395      -0.00781792670986
    1     -1     64680.0000000000       0.00000000000000       0.00000000000000       0.00000000000000
    1     -1     64680.0000000000       0.00000000000000       0.00000000000000       0.00000000000000
    1     -1     64680.0000000000       0.51361985676183       0.31002807427449      -0.00878835488665
    1     -1     64681.0000000000       0.51361985676183       0.31002807427449      -0.00878835488665
    1     -1     64682.0000000000       0.51361985676183       0.31002807427449      -0.00878835488665
    1     -1     64682.0000000000       0.00000000000000       0.00000000000000       0.00000000000000
    1     -1     64682.0000000000       0.00000000000000       0.00000000000000       0.00000000000000
    1     -1     64682.0000000000       0.51125619834332       0.31388255450997      -0.00973862977193
    1     -1     64683.0000000000       0.51125619834332       0.31388255450997      -0.00973862977193
    1     -1     64684.0000000000       0.51125619834332       0.31388255450997      -0.00973862977193
    1     -1     64684.0000000000       0.00000000000000       0.00000000000000       0.00000000000000
    1     -1     64684.0000000000       0.00000000000000       0.00000000000000       0.00000000000000
    1     -1     64684.0000000000       0.50888036545905       0.31769001046820      -0.01066912269037
    1     -1     64685.0000000000       0.50888036545905       0.31769001046820      -0.01066912269037
    1     -1     64686.0000000000       0.50888036545905       0.31769001046820      -0.01066912269037
    1     -1     64686.0000000000       0.00000000000000       0.00000000000000       0.00000000000000
    1     -1     64686.0000000000       0.00000000000000       0.00000000000000       0.00000000000000
    1     -1     64686.0000000000       0.50649275674992       0.32145137369502      -0.01158019816114
    1     -1     64687.0000000000       0.50649275674992       0.32145137369502      -0.01158019816114
    1     -1     64688.0000000000       0.50649275674992       0.32145137369502      -0.01158019816114
    1     -1     64688.0000000000       0.00000000000000       0.00000000000000       0.00000000000000
    1     -1     64688.0000000000       0.00000000000000       0.00000000000000       0.00000000000000
    1     -1     64688.0000000000       0.50409374692531       0.32516755290316      -0.01247221430903
    1     -1     64689.0000000000       0.50409374692531       0.32516755290316      -0.01247221430903
    1     -1     64690.0000000000       0.50409374692531       0.32516755290316      -0.01247221430903
    1     -1     64690.0000000000       0.00000000000000       0.00000000000000       0.00000000000000
    1     -1     64690.0000000000       0.00000000000000       0.00000000000000       0.00000000000000
    1     -1     64690.0000000000       0.50168368818090       0.32883943395753      -0.01334552238404
    1     -1     64691.0000000000       0.50168368818090       0.32883943395753      -0.01334552238404
    1     -1     64692.0000000000       0.50168368818090       0.32883943395753      -0.01334552238404
    1     -1     64692.0000000000       0.00000000000000       0.00000000000000       0.00000000000000
    1     -1     64692.0000000000       0.00000000000000       0.00000000000000       0.00000000000000
    1     -1     64692.0000000000       0.49926291108639       0.33246788059296      -0.01420046716017
    1     -1     64693.0000000000       0.49926291108639       0.33246788059296      -0.01420046716017
    1     -1     64694.0000000000       0.49926291108639       0.33246788059296      -0.01420046716017
    1     -1     64694.0000000000       0.00000000000000       0.00000000000000       0.00000000000000
    1     -1     64694.0000000000       0.00000000000000       0.00000000000000       0.00000000000000
    1     -1     64694.0000000000       0.49683172565812       0.33605373476979      -0.01503738696887
    1     -1     64695.0000000000       0.49683172565812       0.33605373476979      -0.01503738696887
    1     -1     64696.0000000000       0.49683172565812       0.33605373476979      -0.01503738696887
    1     -1     64696.0000000000       0.00000000000000       0.00000000000000       0.00000000000000
    1     -1     64696.0000000000       0.00000000000000       0.00000000000000       0.00000000000000
    1     -1     64696.0000000000       0.49439042242734       0.33959781698572      -0.01585661346733
    1     -1     64697.0000000000       0.49439042242734       0.33959781698572      -0.01585661346733
    1     -1     64698.0000000000       0.49439042242734       0.33959781698572      -0.01585661346733
    1     -1     64698.0000000000       0.00000000000000       0.00000000000000       0.00000000000000
    1     -1     64698.0000000000       0.00000000000000       0.00000000000000       0.00000000000000
    1     -1     64698.0000000000       0.49193927319387       0.34310092694265      -0.01665847233638
    1     -1     64699.0000000000       0.49193927319387       0.34310092694265      -0.01665847233638
    1     -1     64700.0000000000       0.49193927319387       0.34310092694265      -0.01665847233638
    1     -1     64700.0000000000       0.00000000000000       0.00000000000000       0.00000000000000
    1     -1     64700.0000000000       0.00000000000000       0.00000000000000       0.00000000000000
    1     -1     64700.0000000000       0.48947853215668       0.34656384365780      -0.01744328257176
    1     -1     64701.0000000000       0.48947853215668       0.34656384365780      -0.01744328257176
    1     -1     64702.0000000000       0.48947853215668       0.34656384365780      -0.01744328257176
    1     -1     64702.0000000000       0.00000000000000       0.00000000000000       0.00000000000000
    1     -1     64702.0000000000       0.00000000000000       0.00000000000000       0.00000000000000
    1     -1     64702.0000000000       0.48700843662965       0.34998732607053      -0.01821135693869
    1     -1     64703.0000000000       0.48700843662965       0.34998732607053      -0.01821135693869
    1     -1     64704.0000000000       0.48700843662965       0.34998732607053      -0.01821135693869
    1     -1     64704.0000000000       0.00000000000000       0.00000000000000       0.00000000000000
    1     -1     64704.0000000000       0.00000000000000       0.00000000000000       0.00000000000000
    1     -1     64704.0000000000       0.48452920777950       0.35337211353959      -0.01896300242937
    1     -1     64705.0000000000       0.48452920777950       0.35337211353959      -0.01896300242937
    1     -1     64706.0000000000       0.48452920777950       0.35337211353959      -0.01896300242937
    1     -1     64706.0000000000       0.00000000000000       0.00000000000000       0.00000000000000
    1     -1     64706.0000000000       0.00000000000000       0.00000000000000       0.00000000000000
    1     -1     64706.0000000000       0.48204105163096       0.35671892598543      -0.01969851939407
    1     -1     64707.0000000000       0.48204105163096       0.35671892598543      -0.01969851939407
    1     -1     64708.0000000000       0.48204105163096       0.35671892598543      -0.01969851939407
    1     -1     64708.0000000000       0.00000000000000       0.00000000000000       0.00000000000000
    1     -1     64708.0000000000       0.00000000000000       0.00000000000000       0.00000000000000
    1     -1     64708.0000000000       0.47954415952259       0.36002846462940      -0.02041820277015
    1     -1     64709.0000000000       0.47954415952259       0.36002846462940      -0.02041820277015
    1     -1     64710.0000000000       0.47954415952259       0.36002846462940      -0.02041820277015
    1     -1     64710.0000000000       0.00000000000000       0.00000000000000       0.00000000000000
    1     -1     64710.0000000000       0.00000000000000       0.00000000000000       0.00000000000000
    1     -1     64710.0000000000       0.47703870909474       0.36330141207476      -0.02112234100913
    1     -1     64711.0000000000       0.47703870909474       0.36330141207476      -0.02112234100913
    1     -1     64712.0000000000       0.47703870909474       0.36330141207476      -0.02112234100913
    1     -1     64712.0000000000       0.00000000000000       0.00000000000000       0.00000000000000
    1     -1     64712.0000000000       0.00000000000000       0.00000000000000       0.00000000000000
    1     -1     64712.0000000000       0.47452486463812       0.36653843306296      -0.02181121747902
    1     -1     64713.0000000000       0.47452486463812       0.36653843306296      -0.02181121747902
    1     -1     64714.0000000000       0.47452486463812       0.36653843306296      -0.02181121747902
    1     -1     64714.0000000000       0.00000000000000       0.00000000000000       0.00000000000000
    1     -1     64714.0000000000       0.00000000000000       0.00000000000000       0.00000000000000
    1     -1     64714.0000000000       0.47200277806056       0.36974017451474      -0.02248510913734
    1     -1     64715.0000000000       0.47200277806056       0.36974017451474      -0.02248510913734
    1     -1     64716.0000000000       0.47200277806056       0.36974017451474      -0.02248510913734
    1     -1     64716.0000000000       0.00000000000000       0.00000000000000       0.00000000000000
    1     -1     64716.0000000000       0.00000000000000       0.00000000000000       0.00000000000000
    1     -1     64716.0000000000       0.46947258925219       0.37290726618211      -0.02314428761999
    1     -1     64717.0000000000       0.46947258925219       0.37290726618211      -0.02314428761999
    1     -1     64718.0000000000       0.46947258925219       0.37290726618211      -0.02314428761999
    1     -1     64718.0000000000       0.00000000000000       0.00000000000000       0.00000000000000
    1     -1     64718.0000000000       0.00000000000000       0.00000000000000       0.00000000000000
    1     -1     64718.0000000000       0.46693442678927       0.37604032089184      -0.02378901894877
    1     -1     64719.0000000000       0.46693442678927       0.37604032089184      -0.02378901894877
    1     -1     64720.0000000000       0.46693442678927       0.37604032089184      -0.02378901894877
    1     -1     64720.0000000000       0.00000000000000       0.00000000000000       0.00000000000000
    1     -1     64720.0000000000       0.00000000000000       0.00000000000000       0.00000000000000
    1     -1     64720.0000000000       0.46438840831920       0.37913993508190      -0.02441956438701
    1     -1     64721.0000000000       0.46438840831920       0.37913993508190      -0.02441956438701
    1     -1     64722.0000000000       0.46438840831920       0.37913993508190      -0.02441956438701
    1     -1     64722.0000000000       0.00000000000000       0.00000000000000       0.00000000000000
    1     -1     64722.0000000000       0.00000000000000       0.00000000000000       0.00000000000000
    1     -1     64722.0000000000       0.46183464142237       0.38220668889248      -0.02503617838472
    1     -1     64723.0000000000       0.46183464142237       0.38220668889248      -0.02503617838472
    1     -1     64724.0000000000       0.46183464142237       0.38220668889248      -0.02503617838472
    1     -1     64724.0000000000       0.00000000000000       0.00000000000000       0.00000000000000
    1     -1     64724.0000000000       0.00000000000000       0.00000000000000       0.00000000000000
    1     -1     64724.0000000000       0.45927322365183       0.38524114689392      -0.02563911184725
    1     -1     64725.0000000000       0.45927322365183       0.38524114689392      -0.02563911184725
    1     -1     64726.0000000000       0.45927322365183       0.38524114689392      -0.02563911184725
    1     -1     64726.0000000000       0.00000000000000       0.00000000000000       0.00000000000000
    1     -1     64726.0000000000       0.00000000000000       0.00000000000000       0.00000000000000
    1     -1     64726.0000000000       0.45670424344787       0.38824385810334      -0.02622860922238
    1     -1     64727.0000000000       0.45670424344787       0.38824385810334      -0.02622860922238
    1     -1     64728.0000000000       0.45670424344787       0.38824385810334      -0.02622860922238
    1     -1     64728.0000000000       0.00000000000000       0.00000000000000       0.00000000000000
    1     -1     64728.0000000000       0.00000000000000       0.00000000000000       0.00000000000000
    1     -1     64728.0000000000       0.45412778027482       0.39121535658556      -0.02680491063777
    1     -1     64729.0000000000       0.45412778027482       0.39121535658556      -0.02680491063777
    1     -1     64730.0000000000       0.45412778027482       0.39121535658556      -0.02680491063777
    1     -1     64730.0000000000       0.00000000000000       0.00000000000000       0.00000000000000
    1     -1     64730.0000000000       0.00000000000000       0.00000000000000       0.00000000000000
    1     -1     64730.0000000000       0.45154390517285       0.39415616169508      -0.02736825129696
    1     -1     64731.0000000000       0.45154390517285       0.39415616169508      -0.02736825129696
    1     -1     64732.0000000000       0.45154390517285       0.39415616169508      -0.02736825129696
    1     -1     64732.0000000000       0.00000000000000       0.00000000000000       0.00000000000000
    1     -1     64732.0000000000       0.00000000000000       0.00000000000000       0.00000000000000
    1     -1     64732.0000000000       0.44895268122662       0.39706677838931      -0.02791886098970
    1     -1     64733.0000000000       0.44895268122662       0.39706677838931      -0.02791886098970
    1     -1     64734.0000000000       0.44895268122662       0.39706677838931      -0.02791886098970
    1     -1     64734.0000000000       0.00000000000000       0.00000000000000       0.00000000000000
    1     -1     64734.0000000000       0.00000000000000       0.00000000000000       0.00000000000000
    1     -1     64734.0000000000       0.44635416390136       0.39994769756570      -0.02845696504927
    1     -1     64735.0000000000       0.44635416390136       0.39994769756570      -0.02845696504927
    1     -1     64736.0000000000       0.44635416390136       0.39994769756570      -0.02845696504927
    1     -1     64736.0000000000       0.00000000000000       0.00000000000000       0.00000000000000
    1     -1     64736.0000000000       0.00000000000000       0.00000000000000       0.00000000000000
    1     -1     64736.0000000000       0.44374840125627       0.40279939652986      -0.02898278485036
    1     -1     64737.0000000000       0.44374840125627       0.40279939652986      -0.02898278485036
    1     -1     64738.0000000000       0.44374840125627       0.40279939652986      -0.02898278485036
    1     -1     64738.0000000000       0.00000000000000       0.00000000000000       0.00000000000000
    1     -1     64738.0000000000       0.00000000000000       0.00000000000000       0.00000000000000
    1     -1     64738.0000000000       0.44113543472077       0.40562233900708      -0.02949653559548
    1     -1     64739.0000000000       0.44113543472077       0.40562233900708      -0.02949653559548
    1     -1     64740.0000000000       0.44113543472077       0.40562233900708      -0.02949653559548
    1     -1     64740.0000000000       0.00000000000000       0.00000000000000       0.00000000000000
    1     -1     64740.0000000000       0.00000000000000       0.00000000000000       0.00000000000000
    1     -1     64740.0000000000       0.43851529882488       0.40841697584494      -0.02999843026220
    1     -1     64741.0000000000       0.43851529882488       0.40841697584494      -0.02999843026220
    1     -1     64742.0000000000       0.43851529882488       0.40841697584494      -0.02999843026220
    1     -1     64742.0000000000       0.00000000000000       0.00000000000000       0.00000000000000
    1     -1     64742.0000000000       0.00000000000000       0.00000000000000       0.00000000000000
    1     -1     64742.0000000000       0.43588802227735       0.41118374484781      -0.03048867475086
    1     -1     64743.0000000000       0.43588802227735       0.41118374484781      -0.03048867475086
    1     -1     64744.0000000000       0.43588802227735       0.41118374484781      -0.03048867475086
    1     -1     64744.0000000000       0.00000000000000       0.00000000000000       0.00000000000000
    1     -1     64744.0000000000       0.00000000000000       0.00000000000000       0.00000000000000
    1     -1     64744.0000000000       0.43325362741857       0.41392307158153      -0.03096747359988
    1     -1     64745.0000000000       0.43325362741857       0.41392307158153      -0.03096747359988
    1     -1     64746.0000000000       0.43325362741857       0.41392307158153      -0.03096747359988
    1     -1     64746.0000000000       0.00000000000000       0.00000000000000       0.00000000000000
    1     -1     64746.0000000000       0.00000000000000       0.00000000000000       0.00000000000000
    1     -1     64746.0000000000       0.43061213138936       0.41663536916618      -0.03143502409848
    1     -1     64747.0000000000       0.43061213138936       0.41663536916618      -0.03143502409848
    1     -1     64748.0000000000       0.43061213138936       0.41663536916618      -0.03143502409848
    1     -1     64748.0000000000       0.00000000000000       0.00000000000000       0.00000000000000
    1     -1     64748.0000000000       0.00000000000000       0.00000000000000       0.00000000000000
    1     -1     64748.0000000000       0.42796354564666       0.41932103894019      -0.03189152206559
    1     -1     64749.0000000000       0.42796354564666       0.41932103894019      -0.03189152206559
    1     -1     64750.0000000000       0.42796354564666       0.41932103894019      -0.03189152206559
    1     -1     64750.0000000000       0.00000000000000       0.00000000000000       0.00000000000000
    1     -1     64750.0000000000       0.00000000000000       0.00000000000000       0.00000000000000
    1     -1     64750.0000000000       0.42530787673098       0.42198047050285      -0.03233715795773
    1     -1     64751.0000000000       0.42530787673098       0.42198047050285      -0.03233715795773
    1     -1     64752.0000000000       0.42530787673098       0.42198047050285      -0.03233715795773
    1     -1     64752.0000000000       0.00000000000000       0.00000000000000       0.00000000000000
    1     -1     64752.0000000000       0.00000000000000       0.00000000000000       0.00000000000000
    1     -1     64752.0000000000       0.42264512636109       0.42461404205735      -0.03277211819427
    1     -1     64753.0000000000       0.42264512636109       0.42461404205735      -0.03277211819427
    1     -1     64754.0000000000       0.42264512636109       0.42461404205735      -0.03277211819427
    1     -1     64754.0000000000       0.00000000000000       0.00000000000000       0.00000000000000
    1     -1     64754.0000000000       0.00000000000000       0.00000000000000       0.00000000000000
    1     -1     64754.0000000000       0.41997529159424       0.42722212068710      -0.03319658605868
    1     -1     64755.0000000000       0.41997529159424       0.42722212068710      -0.03319658605868
    1     -1     64756.0000000000       0.41997529159424       0.42722212068710      -0.03319658605868
    1     -1     64756.0000000000       0.00000000000000       0.00000000000000       0.00000000000000
    1     -1     64756.0000000000       0.00000000000000       0.00000000000000       0.00000000000000
    1     -1     64756.0000000000       0.41729836526232       0.42980506252535      -0.03361074020277
    1     -1     64757.0000000000       0.41729836526232       0.42980506252535      -0.03361074020277
    1     -1     64758.0000000000       0.41729836526232       0.42980506252535      -0.03361074020277
    1     -1     64758.0000000000       0.00000000000000       0.00000000000000       0.00000000000000
    1     -1     64758.0000000000       0.00000000000000       0.00000000000000       0.00000000000000
    1     -1     64758.0000000000       0.41461433586530       0.43236321315121      -0.03401475692307
    1     -1     64759.0000000000       0.41461433586530       0.43236321315121      -0.03401475692307
    1     -1     64760.0000000000       0.41461433586530       0.43236321315121      -0.03401475692307
    1     -1     64760.0000000000       0.00000000000000       0.00000000000000       0.00000000000000
    1     -1     64760.0000000000       0.00000000000000       0.00000000000000       0.00000000000000
    1     -1     64760.0000000000       0.41192318815531       0.43489690764697      -0.03440880787046
    1     -1     64761.0000000000       0.41192318815531       0.43489690764697      -0.03440880787046
    1     -1     64762.0000000000       0.41192318815531       0.43489690764697      -0.03440880787046
    1     -1     64762.0000000000       0.00000000000000       0.00000000000000       0.00000000000000
    1     -1     64762.0000000000       0.00000000000000       0.00000000000000       0.00000000000000
    1     -1     64762.0000000000       0.40922490318651       0.43740647089765      -0.03479306121713
    1     -1     64763.0000000000       0.40922490318651       0.43740647089765      -0.03479306121713
    1     -1     64764.0000000000       0.40922490318651       0.43740647089765      -0.03479306121713
    1     -1     64764.0000000000       0.00000000000000       0.00000000000000       0.00000000000000
    1     -1     64764.0000000000       0.00000000000000       0.00000000000000       0.00000000000000
    1     -1     64764.0000000000       0.40651945866752       0.43989221775627      -0.03516768064766
    1     -1     64765.0000000000       0.40651945866752       0.43989221775627      -0.03516768064766
    1     -1     64766.0000000000       0.40651945866752       0.43989221775627      -0.03516768064766
    1     -1     64766.0000000000       0.00000000000000       0.00000000000000       0.00000000000000
    1     -1     64766.0000000000       0.00000000000000       0.00000000000000       0.00000000000000
    1     -1     64766.0000000000       0.40380682837208       0.44235445360733      -0.03553283008487
    1     -1     64767.0000000000       0.40380682837208       0.44235445360733      -0.03553283008487
    1     -1     64768.0000000000       0.40380682837208       0.44235445360733      -0.03553283008487
    1     -1     64768.0000000000       0.00000000000000       0.00000000000000       0.00000000000000
    1     -1     64768.0000000000       0.00000000000000       0.00000000000000       0.00000000000000
    1     -1     64768.0000000000       0.40108698355098       0.44479347402265      -0.03588866635640
    1     -1     64769.0000000000       0.40108698355098       0.44479347402265      -0.03588866635640
    1     -1     64770.0000000000       0.40108698355098       0.44479347402265      -0.03588866635640
    1     -1     64770.0000000000       0.00000000000000       0.00000000000000       0.00000000000000
    1     -1     64770.0000000000       0.00000000000000       0.00000000000000       0.00000000000000
    1     -1     64770.0000000000       0.39835989232965       0.44720956529289      -0.03623534426021
    1     -1     64771.0000000000       0.39835989232965       0.44720956529289      -0.03623534426021
    1     -1     64772.0000000000       0.39835989232965       0.44720956529289      -0.03623534426021
    1     -1     64772.0000000000       0.00000000000000       0.00000000000000       0.00000000000000
    1     -1     64772.0000000000       0.00000000000000       0.00000000000000       0.00000000000000
    1     -1     64772.0000000000       0.39562552001995       0.44960300459615      -0.03657301528538
    1     -1     64773.0000000000       0.39562552001995       0.44960300459615      -0.03657301528538
    1     -1     64774.0000000000       0.39562552001995       0.44960300459615      -0.03657301528538
    1     -1     64774.0000000000       0.00000000000000       0.00000000000000       0.00000000000000
    1     -1     64774.0000000000       0.00000000000000       0.00000000000000       0.00000000000000
    1     -1     64774.0000000000       0.39288382901400       0.45197406028610      -0.03690182932855
    1     -1     64775.0000000000       0.39288382901400       0.45197406028610      -0.03690182932855
    1     -1     64776.0000000000       0.39288382901400       0.45197406028610      -0.03690182932855
    1     -1     64776.0000000000       0.00000000000000       0.00000000000000       0.00000000000000
    1     -1     64776.0000000000       0.00000000000000       0.00000000000000       0.00000000000000
    1     -1     64776.0000000000       0.39013477967205       0.45432299176159      -0.03722193072695
    1     -1     64777.0000000000       0.39013477967205       0.45432299176159      -0.03722193072695
    1     -1     64778.0000000000       0.39013477967205       0.45432299176159      -0.03722193072695
    1     -1     64778.0000000000       0.00000000000000       0.00000000000000       0.00000000000000
    1     -1     64778.0000000000       0.00000000000000       0.00000000000000       0.00000000000000
    1     -1     64778.0000000000       0.38737832935922       0.45665005012474      -0.03753346432094
    1     -1     64779.0000000000       0.38737832935922       0.45665005012474      -0.03753346432094
    1     -1     64780.0000000000       0.38737832935922       0.45665005012474      -0.03753346432094
    1     -1     64780.0000000000       0.00000000000000       0.00000000000000       0.00000000000000
    1     -1     64780.0000000000       0.00000000000000       0.00000000000000       0.00000000000000
    1     -1     64780.0000000000       0.38461443382327       0.45895547783735      -0.03783656879131
    1     -1     64781.0000000000       0.38461443382327       0.45895547783735      -0.03783656879131
    1     -1     64782.0000000000       0.38461443382327       0.45895547783735      -0.03783656879131
    1     -1     64782.0000000000       0.00000000000000       0.00000000000000       0.00000000000000
    1     -1     64782.0000000000       0.00000000000000       0.00000000000000       0.00000000000000
    1     -1     64782.0000000000       0.38184304673510       0.46123950914141      -0.03813138008319
    1     -1     64783.0000000000       0.38184304673510       0.46123950914141      -0.03813138008319
    1     -1     64784.0000000000       0.38184304673510       0.46123950914141      -0.03813138008319
    1     -1     64784.0000000000       0.00000000000000       0.00000000000000       0.00000000000000
    1     -1     64784.0000000000       0.00000000000000       0.00000000000000       0.00000000000000
    1     -1     64784.0000000000       0.37906411932002       0.46350237042079      -0.03841803402627
    1     -1     64785.0000000000       0.37906411932002       0.46350237042079      -0.03841803402627
    1     -1     64786.0000000000       0.37906411932002       0.46350237042079      -0.03841803402627
    1     -1     64786.0000000000       0.00000000000000       0.00000000000000       0.00000000000000
    1     -1     64786.0000000000       0.00000000000000       0.00000000000000       0.00000000000000
    1     -1     64786.0000000000       0.37627760111226       0.46574428014071      -0.03869666261343
    1     -1     64787.0000000000       0.37627760111226       0.46574428014071      -0.03869666261343
    1     -1     64788.0000000000       0.37627760111226       0.46574428014071      -0.03869666261343
    1     -1     64788.0000000000       0.00000000000000       0.00000000000000       0.00000000000000
    1     -1     64788.0000000000       0.00000000000000       0.00000000000000       0.00000000000000
    1     -1     64788.0000000000       0.37348344056746       0.46796544876119      -0.03896739236371
    1     -1     64789.0000000000       0.37348344056746       0.46796544876119      -0.03896739236371
    1     -1     64790.0000000000       0.37348344056746       0.46796544876119      -0.03896739236371
    1     -1     64790.0000000000       0.00000000000000       0.00000000000000       0.00000000000000
    1     -1     64790.0000000000       0.00000000000000       0.00000000000000       0.00000000000000
    1     -1     64790.0000000000       0.37068158340392       0.47016607959101      -0.03923035313606
    1     -1     64791.0000000000       0.37068158340392       0.47016607959101      -0.03923035313606
    1     -1     64792.0000000000       0.37068158340392       0.47016607959101      -0.03923035313606
    1     -1     64792.0000000000       0.00000000000000       0.00000000000000       0.00000000000000
    1     -1     64792.0000000000       0.00000000000000       0.00000000000000       0.00000000000000
    1     -1     64792.0000000000       0.36787197484666       0.47234636814646      -0.03948566703585
    1     -1     64793.0000000000       0.36787197484666       0.47234636814646      -0.03948566703585
    1     -1     64794.0000000000       0.36787197484666       0.47234636814646      -0.03948566703585
    1     -1     64794.0000000000       0.00000000000000       0.00000000000000       0.00000000000000
    1     -1     64794.0000000000       0.00000000000000       0.00000000000000       0.00000000000000
    1     -1     64794.0000000000       0.36505455869646       0.47450650272653      -0.03973345347648
    1     -1     64795.0000000000       0.36505455869646       0.47450650272653      -0.03973345347648
    1     -1     64796.0000000000       0.36505455869646       0.47450650272653      -0.03973345347648
    1     -1     64796.0000000000       0.00000000000000       0.00000000000000       0.00000000000000
    1     -1     64796.0000000000       0.00000000000000       0.00000000000000       0.00000000000000
    1     -1     64796.0000000000       0.36222927665070       0.47664666469549      -0.03997383458930
    1     -1     64797.0000000000       0.36222927665070       0.47664666469549      -0.03997383458930
    1     -1     64798.0000000000       0.36222927665070       0.47664666469549      -0.03997383458930
    1     -1     64798.0000000000       0.00000000000000       0.00000000000000       0.00000000000000
    1     -1     64798.0000000000       0.00000000000000       0.00000000000000       0.00000000000000
    1     -1     64798.0000000000       0.35939606967733       0.47876702826207      -0.04020692763191
    1     -1     64799.0000000000       0.35939606967733       0.47876702826207      -0.04020692763191
    1     -1     64800.0000000000       0.35939606967733       0.47876702826207      -0.04020692763191
    1     -1     64800.0000000000       0.00000000000000       0.00000000000000       0.00000000000000
    1     -1     64800.0000000000       0.00000000000000       0.00000000000000       0.00000000000000
    1     -1     64800.0000000000       0.35655487824511       0.48086776064292      -0.04043284375202
    1     -1     64801.0000000000       0.35655487824511       0.48086776064292      -0.04043284375202
    1     -1     64802.0000000000       0.35655487824511       0.48086776064292      -0.04043284375202
    1     -1     64802.0000000000       0.00000000000000       0.00000000000000       0.00000000000000
    1     -1     64802.0000000000       0.00000000000000       0.00000000000000       0.00000000000000
    1     -1     64802.0000000000       0.35370564108126       0.48294902244179      -0.04065169701030
    1     -1     64803.0000000000       0.35370564108126       0.48294902244179      -0.04065169701030
    1     -1     64804.0000000000       0.35370564108126       0.48294902244179      -0.04065169701030
    1     -1     64804.0000000000       0.00000000000000       0.00000000000000       0.00000000000000
    1     -1     64804.0000000000       0.00000000000000       0.00000000000000       0.00000000000000
    1     -1     64804.0000000000       0.35084829612614       0.48501096763637      -0.04086359819965
    1     -1     64805.0000000000       0.35084829612614       0.48501096763637      -0.04086359819965
    1     -1     64806.0000000000       0.35084829612614       0.48501096763637      -0.04086359819965
    1     -1     64806.0000000000       0.00000000000000       0.00000000000000       0.00000000000000
    1     -1     64806.0000000000       0.00000000000000       0.00000000000000       0.00000000000000
    1     -1     64806.0000000000       0.34798278098225       0.48705374360237      -0.04106865304305
    1     -1     64807.0000000000       0.34798278098225       0.48705374360237      -0.04106865304305
    1     -1     64808.0000000000       0.34798278098225       0.48705374360237      -0.04106865304305
    1     -1     64808.0000000000       0.00000000000000       0.00000000000000       0.00000000000000
    1     -1     64808.0000000000       0.00000000000000       0.00000000000000       0.00000000000000
    1     -1     64808.0000000000       0.34510903214444       0.48907749139592      -0.04126696768845
    1     -1     64809.0000000000       0.34510903214444       0.48907749139592      -0.04126696768845
    1     -1     64810.0000000000       0.34510903214444       0.48907749139592      -0.04126696768845
    1     -1     64810.0000000000       0.00000000000000       0.00000000000000       0.00000000000000
    1     -1     64810.0000000000       0.00000000000000       0.00000000000000       0.00000000000000
    1     -1     64810.0000000000       0.34222698534704       0.49108234578893      -0.04145864728521
    1     -1     64811.0000000000       0.34222698534704       0.49108234578893      -0.04145864728521
    1     -1     64812.0000000000       0.34222698534704       0.49108234578893      -0.04145864728521
    1     -1     64812.0000000000       0.00000000000000       0.00000000000000       0.00000000000000
    1     -1     64812.0000000000       0.00000000000000       0.00000000000000       0.00000000000000
    1     -1     64812.0000000000       0.33933657622721       0.49306843534954      -0.04164379157037
    1     -1     64813.0000000000       0.33933657622721       0.49306843534954      -0.04164379157037
    1     -1     64814.0000000000       0.33933657622721       0.49306843534954      -0.04164379157037
    1     -1     64814.0000000000       0.00000000000000       0.00000000000000       0.00000000000000
    1     -1     64814.0000000000       0.00000000000000       0.00000000000000       0.00000000000000
    1     -1     64814.0000000000       0.33643773932969       0.49503588256140      -0.04182250364797
    1     -1     64815.0000000000       0.33643773932969       0.49503588256140      -0.04182250364797
    1     -1     64816.0000000000       0.33643773932969       0.49503588256140      -0.04182250364797
    1     -1     64816.0000000000       0.00000000000000       0.00000000000000       0.00000000000000
    1     -1     64816.0000000000       0.00000000000000       0.00000000000000       0.00000000000000
    1     -1     64816.0000000000       0.33353040975871       0.49698480400659      -0.04199487626750
    1     -1     64817.0000000000       0.33353040975871       0.49698480400659      -0.04199487626750
    1     -1     64818.0000000000       0.33353040975871       0.49698480400659      -0.04199487626750
    1     -1     64818.0000000000       0.00000000000000       0.00000000000000       0.00000000000000
    1     -1     64818.0000000000       0.00000000000000       0.00000000000000       0.00000000000000
    1     -1     64818.0000000000       0.33061452100444       0.49891531036251      -0.04216101121754
    1     -1     64819.0000000000       0.33061452100444       0.49891531036251      -0.04216101121754
    1     -1     64820.0000000000       0.33061452100444       0.49891531036251      -0.04216101121754
    1     -1     64820.0000000000       0.00000000000000       0.00000000000000       0.00000000000000
    1     -1     64820.0000000000       0.00000000000000       0.00000000000000       0.00000000000000
    1     -1     64820.0000000000       0.32769000777402       0.50082750653964      -0.04232099689692
    1     -1     64821.0000000000       0.32769000777402       0.50082750653964      -0.04232099689692
    1     -1     64822.0000000000       0.32769000777402       0.50082750653964      -0.04232099689692
    1     -1     64822.0000000000       0.00000000000000       0.00000000000000       0.00000000000000
    1     -1     64822.0000000000       0.00000000000000       0.00000000000000       0.00000000000000
    1     -1     64822.0000000000       0.32475680331705       0.50272149176231      -0.04247493024798
    1     -1     64823.0000000000       0.32475680331705       0.50272149176231      -0.04247493024798
    1     -1     64824.0000000000       0.32475680331705       0.50272149176231      -0.04247493024798
    1     -1     64824.0000000000       0.00000000000000       0.00000000000000       0.00000000000000
    1     -1     64824.0000000000       0.00000000000000       0.00000000000000       0.00000000000000
    1     -1     64824.0000000000       0.32181484169854       0.50459735976714      -0.04262289828926
    1     -1     64825.0000000000       0.32181484169854       0.50459735976714      -0.04262289828926
    1     -1     64826.0000000000       0.32181484169854       0.50459735976714      -0.04262289828926
    1     -1     64826.0000000000       0.00000000000000       0.00000000000000       0.00000000000000
    1     -1     64826.0000000000       0.00000000000000       0.00000000000000       0.00000000000000
    1     -1     64826.0000000000       0.31886405655842       0.50645519867958      -0.04276499088657
    1     -1     64827.0000000000       0.31886405655842       0.50645519867958      -0.04276499088657
    1     -1     64828.0000000000       0.31886405655842       0.50645519867958      -0.04276499088657
    1     -1     64828.0000000000       0.00000000000000       0.00000000000000       0.00000000000000
    1  57530     64828.0000000000      171651373.517269582     -363709202.491260529         -19475.760097567       15.0124706592440        7.9793809647859       -0.2193023430911        2657.3638397960
    1  57530     64828.0000000000      171651373.517269582     -363709202.491260529         -19475.760097567       15.0124706592440        7.9793809647859       -0.2193023430911        2617.3638397960
    1     -1     64828.0000000000       0.00000000000000       0.00000000000000       0.00000000000000
    1     -1     64828.0000000000       0.25313863303873       0.50011207371297      -0.21402977706337
    1     -1     64829.0000000000       0.25313863303873       0.50011207371297      -0.21402977706337
    1     -1     64830.0000000000       0.25313863303873       0.50011207371297      -0.21402977706337
    1     -1     64830.0000000000       0.00000000000000       0.00000000000000       0.00000000000000
    1     -1     64830.0000000000       0.00000000000000       0.00000000000000       0.00000000000000
    1     -1     64830.0000000000       0.25036387039123       0.49808769003483      -0.22187064861872
    1     -1     64831.0000000000       0.25036387039123       0.49808769003483      -0.22187064861872
    1     -1     64832.0000000000       0.25036387039123       0.49808769003483      -0.22187064861872
    1     -1     64832.0000000000       0.00000000000000       0.00000000000000       0.00000000000000
    1     -1     64832.0000000000       0.00000000000000       0.00000000000000       0.00000000000000
    1     -1     64832.0000000000       0.24737135610164       0.49589439144440      -0.22999166070626
    1     -1     64833.0000000000       0.24737135610164       0.49589439144440      -0.22999166070626
    1     -1     64834.0000000000       0.24737135610164       0.49589439144440      -0.22999166070626
    1     -1     64834.0000000000       0.00000000000000       0.00000000000000       0.00000000000000
    1     -1     64834.0000000000       0.00000000000000       0.00000000000000       0.00000000000000
    1     -1     64834.0000000000       0.24414635863747       0.49351463727356      -0.23840272154656
    1     -1     64835.0000000000       0.24414635863747       0.49351463727356      -0.23840272154656
    1     -1     64836.0000000000       0.24414635863747       0.49351463727356      -0.23840272154656
    1     -1     64836.0000000000       0.00000000000000       0.00000000000000       0.00000000000000
    1     -1     64836.0000000000       0.00000000000000       0.00000000000000       0.00000000000000
    1     -1     64836.0000000000       0.24067303753673       0.49092914002230      -0.24711347142518
    1     -1     64837.0000000000       0.24067303753673       0.49092914002230      -0.24711347142518
    1     -1     64838.0000000000       0.24067303753673       0.49092914002230      -0.24711347142518
    1     -1     64838.0000000000       0.00000000000000       0.00000000000000       0.00000000000000
    1     -1     64838.0000000000       0.00000000000000       0.00000000000000       0.00000000000000
    1     -1     64838.0000000000       0.23693438980471       0.48811671266956      -0.25613310801325
    1     -1     64839.0000000000       0.23693438980471       0.48811671266956      -0.25613310801325
    1     -1     64840.0000000000       0.23693438980471       0.48811671266956      -0.25613310801325
    1     -1     64840.0000000000       0.00000000000000       0.00000000000000       0.00000000000000
    1     -1     64840.0000000000       0.00000000000000       0.00000000000000       0.00000000000000
    1     -1     64840.0000000000       0.23291220468769       0.48505411189085      -0.26547017294849
    1     -1     64841.0000000000       0.23291220468769       0.48505411189085      -0.26547017294849
    1     -1     64842.0000000000       0.23291220468769       0.48505411189085      -0.26547017294849
    1     -1     64842.0000000000       0.00000000000000       0.00000000000000       0.00000000000000
    1     -1     64842.0000000000       0.00000000000000       0.00000000000000       0.00000000000000
    1     -1     64842.0000000000       0.22858703041556       0.48171588045273      -0.27513229422488
    1     -1     64843.0000000000       0.22858703041556       0.48171588045273      -0.27513229422488
    1     -1     64844.0000000000       0.22858703041556       0.48171588045273      -0.27513229422488
    1     -1     64844.0000000000       0.00000000000000       0.00000000000000       0.00000000000000
    1     -1     64844.0000000000       0.00000000000000       0.00000000000000       0.00000000000000
    1     -1     64844.0000000000       0.22393815809495       0.47807419337724      -0.28512587791314
    1     -1     64845.0000000000       0.22393815809495       0.47807419337724      -0.28512587791314
    1     -1     64846.0000000000       0.22393815809495       0.47807419337724      -0.28512587791314
    1     -1     64846.0000000000       0.00000000000000       0.00000000000000       0.00000000000000
    1     -1     64846.0000000000       0.00000000000000       0.00000000000000       0.00000000000000
    1     -1     64846.0000000000       0.21894362933619       0.47409871431335      -0.29545574209942
    1     -1     64847.0000000000       0.21894362933619       0.47409871431335      -0.29545574209942
    1     -1     64848.0000000000       0.21894362933619       0.47409871431335      -0.29545574209942
    1     -1     64848.0000000000       0.00000000000000       0.00000000000000       0.00000000000000
    1     -1     64848.0000000000       0.00000000000000       0.00000000000000       0.00000000000000
    1     -1     64848.0000000000       0.21358027538865       0.46975647079019      -0.30612468602786
    1     -1     64849.0000000000       0.21358027538865       0.46975647079019      -0.30612468602786
    1     -1     64850.0000000000       0.21358027538865       0.46975647079019      -0.30612468602786
    1     -1     64850.0000000000       0.00000000000000       0.00000000000000       0.00000000000000
    1     -1     64850.0000000000       0.00000000000000       0.00000000000000       0.00000000000000
    1     -1     64850.0000000000       0.20782379506792       0.46501175903720      -0.31713299014876
    1     -1     64851.0000000000       0.20782379506792       0.46501175903720      -0.31713299014876
    1     -1     64852.0000000000       0.20782379506792       0.46501175903720      -0.31713299014876
    1     -1     64852.0000000000       0.00000000000000       0.00000000000000       0.00000000000000
    1     -1     64852.0000000000       0.00000000000000       0.00000000000000       0.00000000000000
    1     -1     64852.0000000000       0.20164887699766       0.45982609101908      -0.32847784659501
    1     -1     64853.0000000000       0.20164887699766       0.45982609101908      -0.32847784659501
    1     -1     64854.0000000000       0.20164887699766       0.45982609101908      -0.32847784659501
    1     -1     64854.0000000000       0.00000000000000       0.00000000000000       0.00000000000000
    1     -1     64854.0000000000       0.00000000000000       0.00000000000000       0.00000000000000
    1     -1     64854.0000000000       0.19502942582208       0.45415820187367      -0.34015268632540
    1     -1     64855.0000000000       0.19502942582208       0.45415820187367      -0.34015268632540
    1     -1     64856.0000000000       0.19502942582208       0.45415820187367      -0.34015268632540
    1     -1     64856.0000000000       0.00000000000000       0.00000000000000       0.00000000000000
    1     -1     64856.0000000000       0.00000000000000       0.00000000000000       0.00000000000000
    1     -1     64856.0000000000       0.18793876594442       0.44796413237884      -0.35214649740890
    1     -1     64857.0000000000       0.18793876594442       0.44796413237884      -0.35214649740890
    1     -1     64858.0000000000       0.18793876594442       0.44796413237884      -0.35214649740890
    1     -1     64858.0000000000       0.00000000000000       0.00000000000000       0.00000000000000
    1     -1     64858.0000000000       0.00000000000000       0.00000000000000       0.00000000000000
    1     -1     64858.0000000000       0.05398339630104       0.13206145137273      -0.10908655256739
    1     -1     64859.0000000000       0.05398339630104       0.13206145137273      -0.10908655256739
    1     -1     64860.0000000000       0.05398339630104       0.13206145137273      -0.10908655256739
    1     -1     64860.0000000000       0.00000000000000       0.00000000000000       0.00000000000000
    1     -1     64932.0000000000       0.00000000000000       0.00000000000000       0.00000000000000
    1     -1     64932.0000000000      -0.05782215533737      -0.03824211317469      -0.10475421211837
    1     -1     64933.0000000000      -0.05782215533737      -0.03824211317469      -0.10475421211837
    1     -1     64934.0000000000      -0.05782215533737      -0.03824211317469      -0.10475421211837
    1     -1     64934.0000000000       0.00000000000000       0.00000000000000       0.00000000000000
    1     -1     64934.0000000000       0.00000000000000       0.00000000000000       0.00000000000000
    1     -1     64934.0000000000      -0.28224637342119      -0.19483703015667      -0.49231647915779
    1     -1     64935.0000000000      -0.28224637342119      -0.19483703015667      -0.49231647915779
    1     -1     64936.0000000000      -0.28224637342119      -0.19483703015667      -0.49231647915779
    1     -1     64936.0000000000       0.00000000000000       0.00000000000000       0.00000000000000
    1     -1     64936.0000000000       0.00000000000000       0.00000000000000       0.00000000000000
    1     -1     64936.0000000000      -0.28786849036879      -0.20633985360829      -0.48430940146326
    1     -1     64937.0000000000      -0.28786849036879      -0.20633985360829      -0.48430940146326
    1     -1     64938.0000000000      -0.28786849036879      -0.20633985360829      -0.48430940146326
    1     -1     64938.0000000000       0.00000000000000       0.00000000000000       0.00000000000000
    1     -1     64938.0000000000       0.00000000000000       0.00000000000000       0.00000000000000
    1     -1     64938.0000000000      -0.29308367315336      -0.21720390249958      -0.47636585157826
    1     -1     64939.0000000000      -0.29308367315336      -0.21720390249958      -0.47636585157826
    1     -1     64940.0000000000      -0.29308367315336      -0.21720390249958      -0.47636585157826
    1     -1     64940.0000000000       0.00000000000000       0.00000000000000       0.00000000000000
    1     -1     64940.0000000000       0.00000000000000       0.00000000000000       0.00000000000000
    1     -1     64940.0000000000      -0.29792168079934      -0.22746182549320      -0.46851231502811
    1     -1     64941.0000000000      -0.29792168079934      -0.22746182549320      -0.46851231502811
    1     -1     64942.0000000000      -0.29792168079934      -0.22746182549320      -0.46851231502811
    1     -1     64942.0000000000       0.00000000000000       0.00000000000000       0.00000000000000
    1     -1     64942.0000000000       0.00000000000000       0.00000000000000       0.00000000000000
    1     -1     64942.0000000000      -0.30241087242711      -0.23714619085252      -0.46077038498803
    1     -1     64943.0000000000      -0.30241087242711      -0.23714619085252      -0.46077038498803
    1     -1     64944.0000000000      -0.30241087242711      -0.23714619085252      -0.46077038498803
    1     -1     64944.0000000000       0.00000000000000       0.00000000000000       0.00000000000000
    1     -1     64944.0000000000       0.00000000000000       0.00000000000000       0.00000000000000
    1     -1     64944.0000000000      -0.30657804799552      -0.24628903688223      -0.45315737893019
    1     -1     64945.0000000000      -0.30657804799552      -0.24628903688223      -0.45315737893019
    1     -1     64946.0000000000      -0.30657804799552      -0.24628903688223      -0.45315737893019
    1     -1     64946.0000000000       0.00000000000000       0.00000000000000       0.00000000000000
    1     -1     64946.0000000000       0.00000000000000       0.00000000000000       0.00000000000000
    1     -1     64946.0000000000      -0.31044839487586      -0.25492154103596      -0.44568688707977
    1     -1     64947.0000000000      -0.31044839487586      -0.25492154103596      -0.44568688707977
    1     -1     64948.0000000000      -0.31044839487586      -0.25492154103596      -0.44568688707977
    1     -1     64948.0000000000       0.00000000000000       0.00000000000000       0.00000000000000
    1     -1     64948.0000000000       0.00000000000000       0.00000000000000       0.00000000000000
    1     -1     64948.0000000000      -0.31404546784664      -0.26307377591152      -0.43836928705447
    1     -1     64949.0000000000      -0.31404546784664      -0.26307377591152      -0.43836928705447
    1     -1     64950.0000000000      -0.31404546784664      -0.26307377591152      -0.43836928705447
    1     -1     64950.0000000000       0.00000000000000       0.00000000000000       0.00000000000000
    1     -1     64950.0000000000       0.00000000000000       0.00000000000000       0.00000000000000
    1     -1     64950.0000000000      -0.31739120639735      -0.27077454168597      -0.43121220872836
    1     -1     64951.0000000000      -0.31739120639735      -0.27077454168597      -0.43121220872836
    1     -1     64952.0000000000      -0.31739120639735      -0.27077454168597      -0.43121220872836
    1     -1     64952.0000000000       0.00000000000000       0.00000000000000       0.00000000000000
    1     -1     64952.0000000000       0.00000000000000       0.00000000000000       0.00000000000000
    1     -1     64952.0000000000      -0.32050597909074      -0.27805125908825      -0.42422094946682
    1     -1     64953.0000000000      -0.32050597909074      -0.27805125908825      -0.42422094946682
    1     -1     64954.0000000000      -0.32050597909074      -0.27805125908825      -0.42422094946682
    1     -1     64954.0000000000       0.00000000000000       0.00000000000000       0.00000000000000
    1     -1     64954.0000000000       0.00000000000000       0.00000000000000       0.00000000000000
    1     -1     64954.0000000000      -0.32340864674423      -0.28492991019566      -0.41739884135795
    1     -1     64955.0000000000      -0.32340864674423      -0.28492991019566      -0.41739884135795
    1     -1     64956.0000000000      -0.32340864674423      -0.28492991019566      -0.41739884135795
    1     -1     64956.0000000000       0.00000000000000       0.00000000000000       0.00000000000000
    1     -1     64956.0000000000       0.00000000000000       0.00000000000000       0.00000000000000
    1     -1     64956.0000000000      -0.32611663797683      -0.29143501653705      -0.41074757315259
    1     -1     64957.0000000000      -0.32611663797683      -0.29143501653705      -0.41074757315259
    1     -1     64958.0000000000      -0.32611663797683      -0.29143501653705      -0.41074757315259
    1     -1     64958.0000000000       0.00000000000000       0.00000000000000       0.00000000000000
    1     -1     64958.0000000000       0.00000000000000       0.00000000000000       0.00000000000000
    1     -1     64958.0000000000      -0.32864603218566      -0.29758964567338      -0.40426747036660
    1     -1     64959.0000000000      -0.32864603218566      -0.29758964567338      -0.40426747036660
    1     -1     64960.0000000000      -0.32864603218566      -0.29758964567338      -0.40426747036660
    1     -1     64960.0000000000       0.00000000000000       0.00000000000000       0.00000000000000
    1     -1     64960.0000000000       0.00000000000000       0.00000000000000       0.00000000000000
    1     -1     64960.0000000000      -0.33101164613510      -0.30341543905053      -0.39795773739017
    1     -1     64961.0000000000      -0.33101164613510      -0.30341543905053      -0.39795773739017
    1     -1     64962.0000000000      -0.33101164613510      -0.30341543905053      -0.39795773739017
    1     -1     64962.0000000000       0.00000000000000       0.00000000000000       0.00000000000000
    1     -1     64962.0000000000       0.00000000000000       0.00000000000000       0.00000000000000
    1     -1     64962.0000000000      -0.33322712137940      -0.30893265535699      -0.39181666543331
    1     -1     64963.0000000000      -0.33322712137940      -0.30893265535699      -0.39181666543331
    1     -1     64964.0000000000      -0.33322712137940      -0.30893265535699      -0.39181666543331
    1     -1     64964.0000000000       0.00000000000000       0.00000000000000       0.00000000000000
    1     -1     64964.0000000000       0.00000000000000       0.00000000000000       0.00000000000000
    1     -1     64964.0000000000      -0.33530501040982      -0.31416022460571      -0.38584181026653
    1     -1     64965.0000000000      -0.33530501040982      -0.31416022460571      -0.38584181026653
    1     -1     64966.0000000000      -0.33530501040982      -0.31416022460571      -0.38584181026653
    1     -1     64966.0000000000       0.00000000000000       0.00000000000000       0.00000000000000
    1     -1     64966.0000000000       0.00000000000000       0.00000000000000       0.00000000000000
    1     -1     64966.0000000000      -0.33725686011203      -0.31911580933431      -0.38003014330482
    1     -1     64967.0000000000      -0.33725686011203      -0.31911580933431      -0.38003014330482
    1     -1     64968.0000000000      -0.33725686011203      -0.31911580933431      -0.38003014330482
    1     -1     64968.0000000000       0.00000000000000       0.00000000000000       0.00000000000000
    1     -1     64968.0000000000       0.00000000000000       0.00000000000000       0.00000000000000
    1     -1     64968.0000000000      -0.33909329152725      -0.32381586999337      -0.37437817946784
    1     -1     64969.0000000000      -0.33909329152725      -0.32381586999337      -0.37437817946784
    1     -1     64970.0000000000      -0.33909329152725      -0.32381586999337      -0.37437817946784
    1     -1     64970.0000000000       0.00000000000000       0.00000000000000       0.00000000000000
    1     -1     64970.0000000000       0.00000000000000       0.00000000000000       0.00000000000000
    1     -1     64970.0000000000      -0.34082407531599      -0.32827573234191      -0.36888208484607
    1     -1     64971.0000000000      -0.34082407531599      -0.32827573234191      -0.36888208484607
    1     -1     64972.0000000000      -0.34082407531599      -0.32827573234191      -0.36888208484607
    1     -1     64972.0000000000       0.00000000000000       0.00000000000000       0.00000000000000
    1     -1     64972.0000000000       0.00000000000000       0.00000000000000       0.00000000000000
    1     -1     64972.0000000000      -0.34245820251591      -0.33250965517090      -0.36353776698948
    1     -1     64973.0000000000      -0.34245820251591      -0.33250965517090      -0.36353776698948
    1     -1     64974.0000000000      -0.34245820251591      -0.33250965517090      -0.36353776698948
    1     -1     64974.0000000000       0.00000000000000       0.00000000000000       0.00000000000000
    1     -1     64974.0000000000       0.00000000000000       0.00000000000000       0.00000000000000
    1     -1     64974.0000000000      -0.34400395052554      -0.33653089717175      -0.35834095014608
    1     -1     64975.0000000000      -0.34400395052554      -0.33653089717175      -0.35834095014608
    1     -1     64976.0000000000      -0.34400395052554      -0.33653089717175      -0.35834095014608
    1     -1     64976.0000000000       0.00000000000000       0.00000000000000       0.00000000000000
    1     -1     64976.0000000000       0.00000000000000       0.00000000000000       0.00000000000000
    1     -1     64976.0000000000      -0.34546894424663      -0.34035178195995      -0.35328723775111
    1     -1     64977.0000000000      -0.34546894424663      -0.34035178195995      -0.35328723775111
    1     -1     64978.0000000000      -0.34546894424663      -0.34035178195995      -0.35328723775111
    1     -1     64978.0000000000       0.00000000000000       0.00000000000000       0.00000000000000
    1  53410     64978.0000000000      326443483.589960694     -198771418.280644000       -7082564.363667310        7.4191573240745       16.1958893537817       -1.0477221003777        2518.2244705845
    1  53410     64978.0000000000      326443483.589960694     -198771418.280644000       -7082564.363667310        7.4191573240745       16.1958893537817       -1.0477221003777        2478.2244705845
    1     -1     64978.0000000000       0.00000000000000       0.00000000000000       0.00000000000000
    1     -1     64978.0000000000       0.57631844610565      -0.07521241222860      -0.14899711743898
    1     -1     64979.0000000000       0.57631844610565      -0.07521241222860      -0.14899711743898
    1     -1     64980.0000000000       0.57631844610565      -0.07521241222860      -0.14899711743898
    1     -1     64980.0000000000       0.00000000000000       0.00000000000000       0.00000000000000
    1     -1     64980.0000000000       0.00000000000000       0.00000000000000       0.00000000000000
    1     -1     64980.0000000000       0.57654599610799      -0.07658718179596      -0.14740799583606
    1     -1     64981.0000000000       0.57654599610799      -0.07658718179596      -0.14740799583606
    1     -1     64982.0000000000       0.57654599610799      -0.07658718179596      -0.14740799583606
    1     -1     64982.0000000000       0.00000000000000       0.00000000000000       0.00000000000000
    1     -1     64982.0000000000       0.00000000000000       0.00000000000000       0.00000000000000
    1     -1     64982.0000000000       0.57677259210046      -0.07804827976888      -0.14574581402853
    1     -1     64983.0000000000       0.57677259210046      -0.07804827976888      -0.14574581402853
    1     -1     64984.0000000000       0.57677259210046      -0.07804827976888      -0.14574581402853
    1     -1     64984.0000000000       0.00000000000000       0.00000000000000       0.00000000000000
    1     -1     64984.0000000000       0.00000000000000       0.00000000000000       0.00000000000000
    1     -1     64984.0000000000       0.57699734686061      -0.07959770784891      -0.14400786749696
    1     -1     64985.0000000000       0.57699734686061      -0.07959770784891      -0.14400786749696
    1     -1     64986.0000000000       0.57699734686061      -0.07959770784891      -0.14400786749696
    1     -1     64986.0000000000       0.00000000000000       0.00000000000000       0.00000000000000
    1     -1     64986.0000000000       0.00000000000000       0.00000000000000       0.00000000000000
    1     -1     64986.0000000000       0.57721927119709      -0.08123750658601      -0.14219134911232
    1     -1     64987.0000000000       0.57721927119709      -0.08123750658601      -0.14219134911232
    1     -1     64988.0000000000       0.57721927119709      -0.08123750658601      -0.14219134911232
    1     -1     64988.0000000000       0.00000000000000       0.00000000000000       0.00000000000000
    1     -1     64988.0000000000       0.00000000000000       0.00000000000000       0.00000000000000
    1     -1     64988.0000000000       0.57743726589792      -0.08296975423757      -0.14029334664941
    1     -1     64989.0000000000       0.57743726589792      -0.08296975423757      -0.14029334664941
    1     -1     64990.0000000000       0.57743726589792      -0.08296975423757      -0.14029334664941
    1     -1     64990.0000000000       0.00000000000000       0.00000000000000       0.00000000000000
    1     -1     64990.0000000000       0.00000000000000       0.00000000000000       0.00000000000000
    1     -1     64990.0000000000       0.57765011339954      -0.08479656521174      -0.13831083940818
    1     -1     64991.0000000000       0.57765011339954      -0.08479656521174      -0.13831083940818
    1     -1     64992.0000000000       0.57765011339954      -0.08479656521174      -0.13831083940818
    1     -1     64992.0000000000       0.00000000000000       0.00000000000000       0.00000000000000
    1     -1     64992.0000000000       0.00000000000000       0.00000000000000       0.00000000000000
    1     -1     64992.0000000000       0.57785646865687      -0.08672008848566      -0.13624069569865
    1     -1     64993.0000000000       0.57785646865687      -0.08672008848566      -0.13624069569865
    1     -1     64994.0000000000       0.57785646865687      -0.08672008848566      -0.13624069569865
    1     -1     64994.0000000000       0.00000000000000       0.00000000000000       0.00000000000000
    1     -1     64994.0000000000       0.00000000000000       0.00000000000000       0.00000000000000
    1     -1     64994.0000000000       0.57805484954293      -0.08874250543650      -0.13407967007995
    1     -1     64995.0000000000       0.57805484954293      -0.08874250543650      -0.13407967007995
    1     -1     64996.0000000000       0.57805484954293      -0.08874250543650      -0.13407967007995
    1     -1     64996.0000000000       0.00000000000000       0.00000000000000       0.00000000000000
    1     -1     64996.0000000000       0.00000000000000       0.00000000000000       0.00000000000000
    1     -1     64996.0000000000       0.57824362665859      -0.09086602683103      -0.13182440091523
    1     -1     64997.0000000000       0.57824362665859      -0.09086602683103      -0.13182440091523
    1     -1     64998.0000000000       0.57824362665859      -0.09086602683103      -0.13182440091523
    1     -1     64998.0000000000       0.00000000000000       0.00000000000000       0.00000000000000
    1     -1     64998.0000000000       0.00000000000000       0.00000000000000       0.00000000000000
    1     -1     64998.0000000000       0.57842101230204      -0.09309289022252      -0.12947140841709
    1     -1     64999.0000000000       0.57842101230204      -0.09309289022252      -0.12947140841709
    1     -1     65000.0000000000       0.57842101230204      -0.09309289022252      -0.12947140841709
    1     -1     65000.0000000000       0.00000000000000       0.00000000000000       0.00000000000000
    1     -1     65000.0000000000       0.00000000000000       0.00000000000000       0.00000000000000
    1     -1     65000.0000000000       0.57858504910847      -0.09542535599189      -0.12701709200721
    1     -1     65001.0000000000       0.57858504910847      -0.09542535599189      -0.12701709200721
    1     -1     65002.0000000000       0.57858504910847      -0.09542535599189      -0.12701709200721
    1     -1     65002.0000000000       0.00000000000000       0.00000000000000       0.00000000000000
    1     -1     65002.0000000000       0.00000000000000       0.00000000000000       0.00000000000000
    1     -1     65002.0000000000       0.57873359760111      -0.09786570268983      -0.12445772987124
    1     -1     65003.0000000000       0.57873359760111      -0.09786570268983      -0.12445772987124
    1     -1     65004.0000000000       0.57873359760111      -0.09786570268983      -0.12445772987124
    1     -1     65004.0000000000       0.00000000000000       0.00000000000000       0.00000000000000
    1     -1     65004.0000000000       0.00000000000000       0.00000000000000       0.00000000000000
    1     -1     65004.0000000000       0.57886432338677      -0.10041622247215      -0.12178947678022
    1     -1     65005.0000000000       0.57886432338677      -0.10041622247215      -0.12178947678022
    1     -1     65006.0000000000       0.57886432338677      -0.10041622247215      -0.12178947678022
    1     -1     65006.0000000000       0.00000000000000       0.00000000000000       0.00000000000000
    1     -1     65006.0000000000       0.00000000000000       0.00000000000000       0.00000000000000
    1     -1     65006.0000000000       0.57897468338612      -0.10307921524417      -0.11900836383459
    1     -1     65007.0000000000       0.57897468338612      -0.10307921524417      -0.11900836383459
    1     -1     65008.0000000000       0.57897468338612      -0.10307921524417      -0.11900836383459
    1     -1     65008.0000000000       0.00000000000000       0.00000000000000       0.00000000000000
    1     -1     65008.0000000000       0.00000000000000       0.00000000000000       0.00000000000000
    1     -1     65008.0000000000       0.57906191144194      -0.10585698134807      -0.11611029884160
    1     -1     65009.0000000000       0.57906191144194      -0.10585698134807      -0.11611029884160
    1     -1     65010.0000000000       0.57906191144194      -0.10585698134807      -0.11611029884160
    1     -1     65010.0000000000       0.00000000000000       0.00000000000000       0.00000000000000
    1     -1     65010.0000000000       0.00000000000000       0.00000000000000       0.00000000000000
    1     -1     65010.0000000000       0.57912300319215      -0.10875181466277      -0.11309106623097
    1     -1     65011.0000000000       0.57912300319215      -0.10875181466277      -0.11309106623097
    1     -1     65012.0000000000       0.57912300319215      -0.10875181466277      -0.11309106623097
    1     -1     65012.0000000000       0.00000000000000       0.00000000000000       0.00000000000000
    1     -1     65012.0000000000       0.00000000000000       0.00000000000000       0.00000000000000
    1     -1     65012.0000000000       0.57915470016990      -0.11176599302271      -0.10994632942829
    1     -1     65013.0000000000       0.57915470016990      -0.11176599302271      -0.10994632942829
    1     -1     65014.0000000000       0.57915470016990      -0.11176599302271      -0.10994632942829
    1     -1     65014.0000000000       0.00000000000000       0.00000000000000       0.00000000000000
    1     -1     65014.0000000000       0.00000000000000       0.00000000000000       0.00000000000000
    1     -1     65014.0000000000       0.57915347325269      -0.11490176903866      -0.10667163245742
    1     -1     65015.0000000000       0.57915347325269      -0.11490176903866      -0.10667163245742
    1     -1     65016.0000000000       0.57915347325269      -0.11490176903866      -0.10667163245742
    1     -1     65016.0000000000       0.00000000000000       0.00000000000000       0.00000000000000
    1     -1     65016.0000000000       0.00000000000000       0.00000000000000       0.00000000000000
    1     -1     65016.0000000000       0.57911550543464      -0.11816135811002      -0.10326240407225
    1     -1     65017.0000000000       0.57911550543464      -0.11816135811002      -0.10326240407225
    1     -1     65018.0000000000       0.57911550543464      -0.11816135811002      -0.10326240407225
    1     -1     65018.0000000000       0.00000000000000       0.00000000000000       0.00000000000000
    1     -1     65018.0000000000       0.00000000000000       0.00000000000000       0.00000000000000
    1     -1     65018.0000000000       0.57903667385728      -0.12154692650241      -0.09971396224261
    1     -1     65019.0000000000       0.57903667385728      -0.12154692650241      -0.09971396224261
    1     -1     65020.0000000000       0.57903667385728      -0.12154692650241      -0.09971396224261
    1     -1     65020.0000000000       0.00000000000000       0.00000000000000       0.00000000000000
    1     -1     65020.0000000000       0.00000000000000       0.00000000000000       0.00000000000000
    1     -1     65020.0000000000       0.57891253147397      -0.12506057641920      -0.09602152054671
    1     -1     65021.0000000000       0.57891253147397      -0.12506057641920      -0.09602152054671
    1     -1     65022.0000000000       0.57891253147397      -0.12506057641920      -0.09602152054671
    1     -1     65022.0000000000       0.00000000000000       0.00000000000000       0.00000000000000
    1     -1     65022.0000000000       0.00000000000000       0.00000000000000       0.00000000000000
    1     -1     65022.0000000000       0.57873828806944      -0.12870433040308      -0.09218019601818
    1     -1     65023.0000000000       0.57873828806944      -0.12870433040308      -0.09218019601818
    1     -1     65024.0000000000       0.57873828806944      -0.12870433040308      -0.09218019601818
    1     -1     65024.0000000000       0.00000000000000       0.00000000000000       0.00000000000000
    1     -1     65024.0000000000       0.00000000000000       0.00000000000000       0.00000000000000
    1     -1     65024.0000000000       0.57850879100575      -0.13248011358522      -0.08818501864551
    1     -1     65025.0000000000       0.57850879100575      -0.13248011358522      -0.08818501864551
    1     -1     65026.0000000000       0.57850879100575      -0.13248011358522      -0.08818501864551
    1     -1     65026.0000000000       0.00000000000000       0.00000000000000       0.00000000000000
    1     -1     65026.0000000000       0.00000000000000       0.00000000000000       0.00000000000000
    1     -1     65026.0000000000       0.57821850570155      -0.13638973405332      -0.08403094304556
    1     -1     65027.0000000000       0.57821850570155      -0.13638973405332      -0.08403094304556
    1     -1     65028.0000000000       0.57821850570155      -0.13638973405332      -0.08403094304556
    1     -1     65028.0000000000       0.00000000000000       0.00000000000000       0.00000000000000
    1     -1     65028.0000000000       0.00000000000000       0.00000000000000       0.00000000000000
    1     -1     65028.0000000000       0.57786149605430      -0.14043486121196      -0.07971286228877
    1     -1     65029.0000000000       0.57786149605430      -0.14043486121196      -0.07971286228877
    1     -1     65030.0000000000       0.57786149605430      -0.14043486121196      -0.07971286228877
    1     -1     65030.0000000000       0.00000000000000       0.00000000000000       0.00000000000000
    1     -1     65030.0000000000       0.00000000000000       0.00000000000000       0.00000000000000
    1     -1     65030.0000000000       0.57743140516172      -0.14461700091833      -0.07522562501139
    1     -1     65031.0000000000       0.57743140516172      -0.14461700091833      -0.07522562501139
    1     -1     65032.0000000000       0.57743140516172      -0.14461700091833      -0.07522562501139
    1     -1     65032.0000000000       0.00000000000000       0.00000000000000       0.00000000000000
    1     -1     65032.0000000000       0.00000000000000       0.00000000000000       0.00000000000000
    1     -1     65032.0000000000       0.57692143618777      -0.14893747028393      -0.07056405382676
    1     -1     65033.0000000000       0.57692143618777      -0.14893747028393      -0.07056405382676
    1     -1     65034.0000000000       0.57692143618777      -0.14893747028393      -0.07056405382676
    1     -1     65034.0000000000       0.00000000000000       0.00000000000000       0.00000000000000
    1     -1     65034.0000000000       0.00000000000000       0.00000000000000       0.00000000000000
    1     -1     65034.0000000000       0.57632433426374      -0.15339736784485      -0.06572296823580
    1     -1     65035.0000000000       0.57632433426374      -0.15339736784485      -0.06572296823580
    1     -1     65036.0000000000       0.57632433426374      -0.15339736784485      -0.06572296823580
    1     -1     65036.0000000000       0.00000000000000       0.00000000000000       0.00000000000000
    1     -1     65036.0000000000       0.00000000000000       0.00000000000000       0.00000000000000
    1     -1     65036.0000000000       0.57563236917621      -0.15799754286146      -0.06069720987266
    1     -1     65037.0000000000       0.57563236917621      -0.15799754286146      -0.06069720987266
    1     -1     65038.0000000000       0.57563236917621      -0.15799754286146      -0.06069720987266
    1     -1     65038.0000000000       0.00000000000000       0.00000000000000       0.00000000000000
    1     -1     65038.0000000000       0.00000000000000       0.00000000000000       0.00000000000000
    1     -1     65038.0000000000       0.57483731958101      -0.16273856180784      -0.05548167082597
    1     -1     65039.0000000000       0.57483731958101      -0.16273856180784      -0.05548167082597
    1     -1     65040.0000000000       0.57483731958101      -0.16273856180784      -0.05548167082597
    1     -1     65040.0000000000       0.00000000000000       0.00000000000000       0.00000000000000
    1     -1     65040.0000000000       0.00000000000000       0.00000000000000       0.00000000000000
    1     -1     65040.0000000000       0.57393045922848      -0.16762067112396      -0.05007132774098
    1     -1     65041.0000000000       0.57393045922848      -0.16762067112396      -0.05007132774098
    1     -1     65042.0000000000       0.57393045922848      -0.16762067112396      -0.05007132774098
    1     -1     65042.0000000000       0.00000000000000       0.00000000000000       0.00000000000000
    1     -1     65042.0000000000       0.00000000000000       0.00000000000000       0.00000000000000
    1     -1     65042.0000000000       0.57290255091715      -0.17264373389036      -0.04446130431080
    1     -1     65043.0000000000       0.57290255091715      -0.17264373389036      -0.04446130431080
    1     -1     65044.0000000000       0.57290255091715      -0.17264373389036      -0.04446130431080
    1     -1     65044.0000000000       0.00000000000000       0.00000000000000       0.00000000000000
    1     -1     65044.0000000000       0.00000000000000       0.00000000000000       0.00000000000000
    1     -1     65044.0000000000       0.22770645557254      -0.07081456543457      -0.01539187116424
    1     -1     65045.0000000000       0.22770645557254      -0.07081456543457      -0.01539187116424
    1     -1     65046.0000000000       0.22770645557254      -0.07081456543457      -0.01539187116424
    1     -1     65046.0000000000       0.00000000000000       0.00000000000000       0.00000000000000
    1     -1     65212.0000000000       0.00000000000000       0.00000000000000       0.00000000000000
    1     -1     65212.0000000000      -0.02165901116502      -0.04002521339871       0.05488678612325
    1     -1     65213.0000000000      -0.02165901116502      -0.04002521339871       0.05488678612325
    1     -1     65214.0000000000      -0.02165901116502      -0.04002521339871       0.05488678612325
    1     -1     65214.0000000000       0.00000000000000       0.00000000000000       0.00000000000000
    1     -1     65214.0000000000       0.00000000000000       0.00000000000000       0.00000000000000
    1     -1     65214.0000000000      -0.18938965147414      -0.33402603198427       0.46104031185065
    1     -1     65215.0000000000      -0.18938965147414      -0.33402603198427       0.46104031185065
    1     -1     65216.0000000000      -0.18938965147414      -0.33402603198427       0.46104031185065
    1     -1     65216.0000000000       0.00000000000000       0.00000000000000       0.00000000000000
    1     -1     65216.0000000000       0.00000000000000       0.00000000000000       0.00000000000000
    1     -1     65216.0000000000      -0.19637553536503      -0.33126220870371       0.46011085346342
    1     -1     65217.0000000000      -0.19637553536503      -0.33126220870371       0.46011085346342
    1     -1     65218.0000000000      -0.19637553536503      -0.33126220870371       0.46011085346342
    1     -1     65218.0000000000       0.00000000000000       0.00000000000000       0.00000000000000
    1     -1     65218.0000000000       0.00000000000000       0.00000000000000       0.00000000000000
    1     -1     65218.0000000000      -0.20322501927403      -0.32852870749081       0.45909528332960
    1     -1     65219.0000000000      -0.20322501927403      -0.32852870749081       0.45909528332960
    1     -1     65220.0000000000      -0.20322501927403      -0.32852870749081       0.45909528332960
    1     -1     65220.0000000000       0.00000000000000       0.00000000000000       0.00000000000000
    1     -1     65220.0000000000       0.00000000000000       0.00000000000000       0.00000000000000
    1     -1     65220.0000000000      -0.20994103657828      -0.32582772003986       0.45799678742767
    1     -1     65221.0000000000      -0.20994103657828      -0.32582772003986       0.45799678742767
    1     -1     65222.0000000000      -0.20994103657828      -0.32582772003986       0.45799678742767
    1     -1     65222.0000000000       0.00000000000000       0.00000000000000       0.00000000000000
    1     -1     65222.0000000000       0.00000000000000       0.00000000000000       0.00000000000000
    1     -1     65222.0000000000      -0.21652644576982      -0.32316129941736       0.45681842357897
    1     -1     65223.0000000000      -0.21652644576982      -0.32316129941736       0.45681842357897
    1     -1     65224.0000000000      -0.21652644576982      -0.32316129941736       0.45681842357897
    1     -1     65224.0000000000       0.00000000000000       0.00000000000000       0.00000000000000
    1     -1     65224.0000000000       0.00000000000000       0.00000000000000       0.00000000000000
    1     -1     65224.0000000000      -0.22298398018035      -0.32053140308951       0.45556312789382
    1     -1     65225.0000000000      -0.22298398018035      -0.32053140308951       0.45556312789382
    1     -1     65226.0000000000      -0.22298398018035      -0.32053140308951       0.45556312789382
    1     -1     65226.0000000000       0.00000000000000       0.00000000000000       0.00000000000000
    1     -1     65226.0000000000       0.00000000000000       0.00000000000000       0.00000000000000
    1     -1     65226.0000000000      -0.22931630242902      -0.31793986431688       0.45423372331703
    1     -1     65227.0000000000      -0.22931630242902      -0.31793986431688       0.45423372331703
    1     -1     65228.0000000000      -0.22931630242902      -0.31793986431688       0.45423372331703
    1     -1     65228.0000000000       0.00000000000000       0.00000000000000       0.00000000000000
    1     -1     65228.0000000000       0.00000000000000       0.00000000000000       0.00000000000000
    1     -1     65228.0000000000      -0.23552598010473      -0.31538841543572       0.45283292656857
    1     -1     65229.0000000000      -0.23552598010473      -0.31538841543572       0.45283292656857
    1     -1     65230.0000000000      -0.23552598010473      -0.31538841543572       0.45283292656857
    1     -1     65230.0000000000       0.00000000000000       0.00000000000000       0.00000000000000
    1     -1     65230.0000000000       0.00000000000000       0.00000000000000       0.00000000000000
    1     -1     65230.0000000000      -0.24161548761008      -0.31287869356131       0.45136335533837
    1     -1     65231.0000000000      -0.24161548761008      -0.31287869356131       0.45136335533837
    1     -1     65232.0000000000      -0.24161548761008      -0.31287869356131       0.45136335533837
    1     -1     65232.0000000000       0.00000000000000       0.00000000000000       0.00000000000000
    1     -1     65232.0000000000       0.00000000000000       0.00000000000000       0.00000000000000
    1     -1     65232.0000000000      -0.24758720740436      -0.31041224680812       0.44982753477443
    1     -1     65233.0000000000      -0.24758720740436      -0.31041224680812       0.44982753477443
    1     -1     65234.0000000000      -0.24758720740436      -0.31041224680812       0.44982753477443
    1     -1     65234.0000000000       0.00000000000000       0.00000000000000       0.00000000000000
    1     -1     65234.0000000000       0.00000000000000       0.00000000000000       0.00000000000000
    1     -1     65234.0000000000      -0.25344343405248      -0.30799053803535       0.44822790352273
    1     -1     65235.0000000000      -0.25344343405248      -0.30799053803535       0.44822790352273
    1     -1     65236.0000000000      -0.25344343405248      -0.30799053803535       0.44822790352273
    1     -1     65236.0000000000       0.00000000000000       0.00000000000000       0.00000000000000
    1     -1     65236.0000000000       0.00000000000000       0.00000000000000       0.00000000000000
    1     -1     65236.0000000000      -0.25918637566773      -0.30561495069990       0.44656681902816
    1     -1     65237.0000000000      -0.25918637566773      -0.30561495069990       0.44656681902816
    1     -1     65238.0000000000      -0.25918637566773      -0.30561495069990       0.44656681902816
    1     -1     65238.0000000000       0.00000000000000       0.00000000000000       0.00000000000000
    1     -1     65238.0000000000       0.00000000000000       0.00000000000000       0.00000000000000
    1     -1     65238.0000000000      -0.26481815629089      -0.30328679277646       0.44484656310470
    1     -1     65239.0000000000      -0.26481815629089      -0.30328679277646       0.44484656310470
    1     -1     65240.0000000000      -0.26481815629089      -0.30328679277646       0.44484656310470
    1     -1     65240.0000000000       0.00000000000000       0.00000000000000       0.00000000000000
    1     -1     65240.0000000000       0.00000000000000       0.00000000000000       0.00000000000000
    1     -1     65240.0000000000      -0.27034081836535      -0.30100730145900       0.44306934634877
    1     -1     65241.0000000000      -0.27034081836535      -0.30100730145900       0.44306934634877
    1     -1     65242.0000000000      -0.27034081836535      -0.30100730145900       0.44306934634877
    1     -1     65242.0000000000       0.00000000000000       0.00000000000000       0.00000000000000
    1     -1     65242.0000000000       0.00000000000000       0.00000000000000       0.00000000000000
    1     -1     65242.0000000000      -0.27575632570362      -0.29877764646641       0.44123731266342
    1     -1     65243.0000000000      -0.27575632570362      -0.29877764646641       0.44123731266342
    1     -1     65244.0000000000      -0.27575632570362      -0.29877764646641       0.44123731266342
    1     -1     65244.0000000000       0.00000000000000       0.00000000000000       0.00000000000000
    1     -1     65244.0000000000       0.00000000000000       0.00000000000000       0.00000000000000
    1     -1     65244.0000000000      -0.28106656567449      -0.29659893396885       0.43935254330490
    1     -1     65245.0000000000      -0.28106656567449      -0.29659893396885       0.43935254330490
    1     -1     65246.0000000000      -0.28106656567449      -0.29659893396885       0.43935254330490
    1     -1     65246.0000000000       0.00000000000000       0.00000000000000       0.00000000000000
    1     -1     65246.0000000000       0.00000000000000       0.00000000000000       0.00000000000000
    1     -1     65246.0000000000      -0.28627335240334      -0.29447220930373       0.43741706063154
    1     -1     65247.0000000000      -0.28627335240334      -0.29447220930373       0.43741706063154
    1     -1     65248.0000000000      -0.28627335240334      -0.29447220930373       0.43741706063154
    1     -1     65248.0000000000       0.00000000000000       0.00000000000000       0.00000000000000
    1     -1     65248.0000000000       0.00000000000000       0.00000000000000       0.00000000000000
    1     -1     65248.0000000000      -0.29137842947508      -0.29239846002770       0.43543283143335
    1     -1     65249.0000000000      -0.29137842947508      -0.29239846002770       0.43543283143335
    1     -1     65250.0000000000      -0.29137842947508      -0.29239846002770       0.43543283143335
    1     -1     65250.0000000000       0.00000000000000       0.00000000000000       0.00000000000000
    1     -1     65250.0000000000       0.00000000000000       0.00000000000000       0.00000000000000
    1     -1     65250.0000000000      -0.29638347290567      -0.29037861840508       0.43340177000276
    1     -1     65251.0000000000      -0.29638347290567      -0.29037861840508       0.43340177000276
    1     -1     65252.0000000000      -0.29638347290567      -0.29037861840508       0.43340177000276
    1     -1     65252.0000000000       0.00000000000000       0.00000000000000       0.00000000000000
    1     -1     65252.0000000000       0.00000000000000       0.00000000000000       0.00000000000000
    1     -1     65252.0000000000      -0.30129009417697      -0.28841356395755       0.43132574066027
    1     -1     65253.0000000000      -0.30129009417697      -0.28841356395755       0.43132574066027
    1     -1     65254.0000000000      -0.30129009417697      -0.28841356395755       0.43132574066027
    1     -1     65254.0000000000       0.00000000000000       0.00000000000000       0.00000000000000
    1     -1     65254.0000000000       0.00000000000000       0.00000000000000       0.00000000000000
    1     -1     65254.0000000000      -0.30609984244192      -0.28650412524278       0.42920656094228
    1     -1     65255.0000000000      -0.30609984244192      -0.28650412524278       0.42920656094228
    1     -1     65256.0000000000      -0.30609984244192      -0.28650412524278       0.42920656094228
    1     -1     65256.0000000000       0.00000000000000       0.00000000000000       0.00000000000000
    1     -1     65256.0000000000       0.00000000000000       0.00000000000000       0.00000000000000
    1     -1     65256.0000000000      -0.31081420800741      -0.28465108214417       0.42704600315994
    1     -1     65257.0000000000      -0.31081420800741      -0.28465108214417       0.42704600315994
    1     -1     65258.0000000000      -0.31081420800741      -0.28465108214417       0.42704600315994
    1     -1     65258.0000000000       0.00000000000000       0.00000000000000       0.00000000000000
    1     -1     65258.0000000000       0.00000000000000       0.00000000000000       0.00000000000000
    1     -1     65258.0000000000      -0.31543462495226      -0.28285516754989       0.42484579655629
    1     -1     65259.0000000000      -0.31543462495226      -0.28285516754989       0.42484579655629
    1     -1     65260.0000000000      -0.31543462495226      -0.28285516754989       0.42484579655629
    1     -1     65260.0000000000       0.00000000000000       0.00000000000000       0.00000000000000
    1     -1     65260.0000000000       0.00000000000000       0.00000000000000       0.00000000000000
    1     -1     65260.0000000000      -0.31996247320010      -0.28111706905663       0.42260762949654
    1     -1     65261.0000000000      -0.31996247320010      -0.28111706905663       0.42260762949654
    1     -1     65262.0000000000      -0.31996247320010      -0.28111706905663       0.42260762949654
    1     -1     65262.0000000000       0.00000000000000       0.00000000000000       0.00000000000000
    1     -1     65262.0000000000       0.00000000000000       0.00000000000000       0.00000000000000
    1     -1     65262.0000000000      -0.32439908177843      -0.27943743014721       0.42033315079117
    1     -1     65263.0000000000      -0.32439908177843      -0.27943743014721       0.42033315079117
    1     -1     65264.0000000000      -0.32439908177843      -0.27943743014721       0.42033315079117
    1     -1     65264.0000000000       0.00000000000000       0.00000000000000       0.00000000000000
    1     -1     65264.0000000000       0.00000000000000       0.00000000000000       0.00000000000000
    1     -1     65264.0000000000      -0.32874573103643      -0.27781685192738       0.41802397107161
    1     -1     65265.0000000000      -0.32874573103643      -0.27781685192738       0.41802397107161
    1     -1     65266.0000000000      -0.32874573103643      -0.27781685192738       0.41802397107161
    1     -1     65266.0000000000       0.00000000000000       0.00000000000000       0.00000000000000
    1     -1     65266.0000000000       0.00000000000000       0.00000000000000       0.00000000000000
    1     -1     65266.0000000000      -0.33300365548025      -0.27625589396662       0.41568166397556
    1     -1     65267.0000000000      -0.33300365548025      -0.27625589396662       0.41568166397556
    1     -1     65268.0000000000      -0.33300365548025      -0.27625589396662       0.41568166397556
    1     -1     65268.0000000000       0.00000000000000       0.00000000000000       0.00000000000000
    1     -1     65268.0000000000       0.00000000000000       0.00000000000000       0.00000000000000
    1     -1     65268.0000000000      -0.33717404564596      -0.27475507559560       0.41330776747745
    1     -1     65269.0000000000      -0.33717404564596      -0.27475507559560       0.41330776747745
    1     -1     65270.0000000000      -0.33717404564596      -0.27475507559560       0.41330776747745
    1     -1     65270.0000000000       0.00000000000000       0.00000000000000       0.00000000000000
    1     -1     65270.0000000000       0.00000000000000       0.00000000000000       0.00000000000000
    1     -1     65270.0000000000      -0.34125805169221      -0.27331487632893       0.41090378413023
    1     -1     65271.0000000000      -0.34125805169221      -0.27331487632893       0.41090378413023
    1     -1     65272.0000000000      -0.34125805169221      -0.27331487632893       0.41090378413023
    1     -1     65272.0000000000       0.00000000000000       0.00000000000000       0.00000000000000
    1     -1     65272.0000000000       0.00000000000000       0.00000000000000       0.00000000000000
    1     -1     65272.0000000000      -0.34525678148535      -0.27193573847539       0.40847118412224
    1     -1     65273.0000000000      -0.34525678148535      -0.27193573847539       0.40847118412224
    1     -1     65274.0000000000      -0.34525678148535      -0.27193573847539       0.40847118412224
    1     -1     65274.0000000000       0.00000000000000       0.00000000000000       0.00000000000000
    1     -1     65274.0000000000       0.00000000000000       0.00000000000000       0.00000000000000
    1     -1     65274.0000000000      -0.34917130236254      -0.27061806993213       0.40601140458624
    1     -1     65275.0000000000      -0.34917130236254      -0.27061806993213       0.40601140458624
    1     -1     65276.0000000000      -0.34917130236254      -0.27061806993213       0.40601140458624
    1     -1     65276.0000000000       0.00000000000000       0.00000000000000       0.00000000000000
    1     -1     65276.0000000000       0.00000000000000       0.00000000000000       0.00000000000000
    1     -1     65276.0000000000      -0.35300264660313      -0.26936224447888       0.40352585026157
    1     -1     65277.0000000000      -0.35300264660313      -0.26936224447888       0.40352585026157
    1     -1     65278.0000000000      -0.35300264660313      -0.26936224447888       0.40352585026157
    1     -1     65278.0000000000       0.00000000000000       0.00000000000000       0.00000000000000
    1  16118     65278.0000000000      240589576.300710708      246822269.373349458      -22883369.593464166      -15.6922784389357       12.2279887140298        1.1222610505710        2305.0559342681
    1  16118     65278.0000000000      240589576.300710708      246822269.373349458      -22883369.593464166      -15.6922784389357       12.2279887140298        1.1222610505710        2265.0559342681
    1     -1     65278.0000000000       0.00000000000000       0.00000000000000       0.00000000000000
    1     -1     65278.0000000000       0.58796271187711      -0.00311845269028      -0.11954130656358
    1     -1     65279.0000000000       0.58796271187711      -0.00311845269028      -0.11954130656358
    1     -1     65280.0000000000       0.58796271187711      -0.00311845269028      -0.11954130656358
    1     -1     65280.0000000000       0.00000000000000       0.00000000000000       0.00000000000000
    1     -1     65280.0000000000       0.00000000000000       0.00000000000000       0.00000000000000
    1     -1     65280.0000000000       0.58696667631997      -0.00731012563526      -0.12416393289955
    1     -1     65281.0000000000       0.58696667631997      -0.00731012563526      -0.12416393289955
    1     -1     65282.0000000000       0.58696667631997      -0.00731012563526      -0.12416393289955
    1     -1     65282.0000000000       0.00000000000000       0.00000000000000       0.00000000000000
    1     -1     65282.0000000000       0.00000000000000       0.00000000000000       0.00000000000000
    1     -1     65282.0000000000       0.58589661262428      -0.01146230276951      -0.12881682425293
    1     -1     65283.0000000000       0.58589661262428      -0.01146230276951      -0.12881682425293
    1     -1     65284.0000000000       0.58589661262428      -0.01146230276951      -0.12881682425293
    1     -1     65284.0000000000       0.00000000000000       0.00000000000000       0.00000000000000
    1     -1     65284.0000000000       0.00000000000000       0.00000000000000       0.00000000000000
    1     -1     65284.0000000000       0.58475261751310      -0.01557322758983      -0.13349850251601
    1     -1     65285.0000000000       0.58475261751310      -0.01557322758983      -0.13349850251601
    1     -1     65286.0000000000       0.58475261751310      -0.01557322758983      -0.13349850251601
    1     -1     65286.0000000000       0.00000000000000       0.00000000000000       0.00000000000000
    1     -1     65286.0000000000       0.00000000000000       0.00000000000000       0.00000000000000
    1     -1     65286.0000000000       0.58353486391036      -0.01964120365758      -0.13820739849949
    1     -1     65287.0000000000       0.58353486391036      -0.01964120365758      -0.13820739849949
    1     -1     65288.0000000000       0.58353486391036      -0.01964120365758      -0.13820739849949
    1     -1     65288.0000000000       0.00000000000000       0.00000000000000       0.00000000000000
    1     -1     65288.0000000000       0.00000000000000       0.00000000000000       0.00000000000000
    1     -1     65288.0000000000       0.58224349227209      -0.02366480973706      -0.14294226725118
    1     -1     65289.0000000000       0.58224349227209      -0.02366480973706      -0.14294226725118
    1     -1     65290.0000000000       0.58224349227209      -0.02366480973706      -0.14294226725118
    1     -1     65290.0000000000       0.00000000000000       0.00000000000000       0.00000000000000
    1     -1     65290.0000000000       0.00000000000000       0.00000000000000       0.00000000000000
    1     -1     65290.0000000000       0.58087870960902      -0.02764269899947      -0.14770174404856
    1     -1     65291.0000000000       0.58087870960902      -0.02764269899947      -0.14770174404856
    1     -1     65292.0000000000       0.58087870960902      -0.02764269899947      -0.14770174404856
    1     -1     65292.0000000000       0.00000000000000       0.00000000000000       0.00000000000000
    1     -1     65292.0000000000       0.00000000000000       0.00000000000000       0.00000000000000
    1     -1     65292.0000000000       0.57944074456838      -0.03157367248195      -0.15248451075453
    1     -1     65293.0000000000       0.57944074456838      -0.03157367248195      -0.15248451075453
    1     -1     65294.0000000000       0.57944074456838      -0.03157367248195      -0.15248451075453
    1     -1     65294.0000000000       0.00000000000000       0.00000000000000       0.00000000000000
    1     -1     65294.0000000000       0.00000000000000       0.00000000000000       0.00000000000000
    1     -1     65294.0000000000       0.57792981326060      -0.03545671267657      -0.15728938855099
    1     -1     65295.0000000000       0.57792981326060      -0.03545671267657      -0.15728938855099
    1     -1     65296.0000000000       0.57792981326060      -0.03545671267657      -0.15728938855099
    1     -1     65296.0000000000       0.00000000000000       0.00000000000000       0.00000000000000
    1     -1     65296.0000000000       0.00000000000000       0.00000000000000       0.00000000000000
    1     -1     65296.0000000000       0.57634621251680      -0.03929086315411      -0.16211499212024
    1     -1     65297.0000000000       0.57634621251680      -0.03929086315411      -0.16211499212024
    1     -1     65298.0000000000       0.57634621251680      -0.03929086315411      -0.16211499212024
    1     -1     65298.0000000000       0.00000000000000       0.00000000000000       0.00000000000000
    1     -1     65298.0000000000       0.00000000000000       0.00000000000000       0.00000000000000
    1     -1     65298.0000000000       0.57469012875728      -0.04307543699258      -0.16696036031598
    1     -1     65299.0000000000       0.57469012875728      -0.04307543699258      -0.16696036031598
    1     -1     65300.0000000000       0.57469012875728      -0.04307543699258      -0.16696036031598
    1     -1     65300.0000000000       0.00000000000000       0.00000000000000       0.00000000000000
    1     -1     65300.0000000000       0.00000000000000       0.00000000000000       0.00000000000000
    1     -1     65300.0000000000       0.57296181509744      -0.04680981505791      -0.17182432579379
    1     -1     65301.0000000000       0.57296181509744      -0.04680981505791      -0.17182432579379
    1     -1     65302.0000000000       0.57296181509744      -0.04680981505791      -0.17182432579379
    1     -1     65302.0000000000       0.00000000000000       0.00000000000000       0.00000000000000
    1     -1     65302.0000000000       0.00000000000000       0.00000000000000       0.00000000000000
    1     -1     65302.0000000000       0.57116148482698      -0.05049354860180      -0.17670585468466
    1     -1     65303.0000000000       0.57116148482698      -0.05049354860180      -0.17670585468466
    1     -1     65304.0000000000       0.57116148482698      -0.05049354860180      -0.17670585468466
    1     -1     65304.0000000000       0.00000000000000       0.00000000000000       0.00000000000000
    1     -1     65304.0000000000       0.00000000000000       0.00000000000000       0.00000000000000
    1     -1     65304.0000000000       0.56928933653969      -0.05412631349094      -0.18160394480871
    1     -1     65305.0000000000       0.56928933653969      -0.05412631349094      -0.18160394480871
    1     -1     65306.0000000000       0.56928933653969      -0.05412631349094      -0.18160394480871
    1     -1     65306.0000000000       0.00000000000000       0.00000000000000       0.00000000000000
    1     -1     65306.0000000000       0.00000000000000       0.00000000000000       0.00000000000000
    1     -1     65306.0000000000       0.56734555274233      -0.05770792504602      -0.18651760895525
    1     -1     65307.0000000000       0.56734555274233      -0.05770792504602      -0.18651760895525
    1     -1     65308.0000000000       0.56734555274233      -0.05770792504602      -0.18651760895525
    1     -1     65308.0000000000       0.00000000000000       0.00000000000000       0.00000000000000
    1     -1     65308.0000000000       0.00000000000000       0.00000000000000       0.00000000000000
    1     -1     65308.0000000000       0.21279268681191      -0.02305027839679      -0.07206091981964
    1     -1     65309.0000000000       0.21279268681191      -0.02305027839679      -0.07206091981964
    1     -1     65310.0000000000       0.21279268681191      -0.02305027839679      -0.07206091981964
    1     -1     65310.0000000000       0.00000000000000       0.00000000000000       0.00000000000000
    1     -1     65544.0000000000       0.00000000000000       0.00000000000000       0.00000000000000
    1     -1     65544.0000000000      -0.12330841471967      -0.36782382728121      -0.38786017704685
    1     -1     65545.0000000000      -0.12330841471967      -0.36782382728121      -0.38786017704685
    1     -1     65546.0000000000      -0.12330841471967      -0.36782382728121      -0.38786017704685
    1     -1     65546.0000000000       0.00000000000000       0.00000000000000       0.00000000000000
    1     -1     65546.0000000000       0.00000000000000       0.00000000000000       0.00000000000000
    1     -1     65546.0000000000      -0.13888457837937      -0.40485202904073      -0.42048294584916
    1     -1     65547.0000000000      -0.13888457837937      -0.40485202904073      -0.42048294584916
    1     -1     65548.0000000000      -0.13888457837937      -0.40485202904073      -0.42048294584916
    1     -1     65548.0000000000       0.00000000000000       0.00000000000000       0.00000000000000
    1     -1     65548.0000000000       0.00000000000000       0.00000000000000       0.00000000000000
    1     -1     65548.0000000000      -0.14276529643469      -0.40737406727473      -0.41673065489109
    1     -1     65549.0000000000      -0.14276529643469      -0.40737406727473      -0.41673065489109
    1     -1     65550.0000000000      -0.14276529643469      -0.40737406727473      -0.41673065489109
    1     -1     65550.0000000000       0.00000000000000       0.00000000000000       0.00000000000000
    1     -1     65550.0000000000       0.00000000000000       0.00000000000000       0.00000000000000
    1     -1     65550.0000000000      -0.14651221570957      -0.40987067295735      -0.41296513336765
    1     -1     65551.0000000000      -0.14651221570957      -0.40987067295735      -0.41296513336765
    1     -1     65552.0000000000      -0.14651221570957      -0.40987067295735      -0.41296513336765
    1     -1     65552.0000000000       0.00000000000000       0.00000000000000       0.00000000000000
    1     -1     65552.0000000000       0.00000000000000       0.00000000000000       0.00000000000000
    1     -1     65552.0000000000      -0.15012786350042      -0.41234190715885      -0.40918916833343
    1     -1     65553.0000000000      -0.15012786350042      -0.41234190715885      -0.40918916833343
    1     -1     65554.0000000000      -0.15012786350042      -0.41234190715885      -0.40918916833343
    1     -1     65554.0000000000       0.00000000000000       0.00000000000000       0.00000000000000
    1     -1     65554.0000000000       0.00000000000000       0.00000000000000       0.00000000000000
    1     -1     65554.0000000000      -0.15361487249302      -0.41478782661367      -0.40540538861991
    1     -1     65555.0000000000      -0.15361487249302      -0.41478782661367      -0.40540538861991
    1     -1     65556.0000000000      -0.15361487249302      -0.41478782661367      -0.40540538861991
    1     -1     65556.0000000000       0.00000000000000       0.00000000000000       0.00000000000000
    1     -1     65556.0000000000       0.00000000000000       0.00000000000000       0.00000000000000
    1     -1     65556.0000000000      -0.15697597664927      -0.41720848405618      -0.40161626319978
    1     -1     65557.0000000000      -0.15697597664927      -0.41720848405618      -0.40161626319978
    1     -1     65558.0000000000      -0.15697597664927      -0.41720848405618      -0.40161626319978
    1     -1     65558.0000000000       0.00000000000000       0.00000000000000       0.00000000000000
    1     -1     65558.0000000000       0.00000000000000       0.00000000000000       0.00000000000000
    1     -1     65558.0000000000      -0.16021400124547      -0.41960392672920      -0.39782410404392
    1     -1     65559.0000000000      -0.16021400124547      -0.41960392672920      -0.39782410404392
    1     -1     65560.0000000000      -0.16021400124547      -0.41960392672920      -0.39782410404392
    1     -1     65560.0000000000       0.00000000000000       0.00000000000000       0.00000000000000
    1     -1     65560.0000000000       0.00000000000000       0.00000000000000       0.00000000000000
    1     -1     65560.0000000000      -0.16333185328473      -0.42197419459294      -0.39403106994273
    1     -1     65561.0000000000      -0.16333185328473      -0.42197419459294      -0.39403106994273
    1     -1     65562.0000000000      -0.16333185328473      -0.42197419459294      -0.39403106994273
    1     -1     65562.0000000000       0.00000000000000       0.00000000000000       0.00000000000000
    1     -1     65562.0000000000       0.00000000000000       0.00000000000000       0.00000000000000
    1     -1     65562.0000000000      -0.16633251287649      -0.42431931873605      -0.39023917049365
    1     -1     65563.0000000000      -0.16633251287649      -0.42431931873605      -0.39023917049365
    1     -1     65564.0000000000      -0.16633251287649      -0.42431931873605      -0.39023917049365
    1     -1     65564.0000000000       0.00000000000000       0.00000000000000       0.00000000000000
    1     -1     65564.0000000000       0.00000000000000       0.00000000000000       0.00000000000000
    1     -1     65564.0000000000      -0.16921902564306      -0.42663932031238      -0.38645026976805
    1     -1     65565.0000000000      -0.16921902564306      -0.42663932031238      -0.38645026976805
    1     -1     65566.0000000000      -0.16921902564306      -0.42663932031238      -0.38645026976805
    1     -1     65566.0000000000       0.00000000000000       0.00000000000000       0.00000000000000
    1     -1     65566.0000000000       0.00000000000000       0.00000000000000       0.00000000000000
    1     -1     65566.0000000000      -0.17199449582140      -0.42893420964761      -0.38266609005910
    1     -1     65567.0000000000      -0.17199449582140      -0.42893420964761      -0.38266609005910
    1     -1     65568.0000000000      -0.17199449582140      -0.42893420964761      -0.38266609005910
    1     -1     65568.0000000000       0.00000000000000       0.00000000000000       0.00000000000000
    1     -1     65568.0000000000       0.00000000000000       0.00000000000000       0.00000000000000
    1     -1     65568.0000000000      -0.17466207977310      -0.43120398539166      -0.37888821590501
    1     -1     65569.0000000000      -0.17466207977310      -0.43120398539166      -0.37888821590501
    1     -1     65570.0000000000      -0.17466207977310      -0.43120398539166      -0.37888821590501
    1     -1     65570.0000000000       0.00000000000000       0.00000000000000       0.00000000000000
    1     -1     65570.0000000000       0.00000000000000       0.00000000000000       0.00000000000000
    1     -1     65570.0000000000      -0.17722497938494      -0.43344863358733      -0.37511809874130
    1     -1     65571.0000000000      -0.17722497938494      -0.43344863358733      -0.37511809874130
    1     -1     65572.0000000000      -0.17722497938494      -0.43344863358733      -0.37511809874130
    1     -1     65572.0000000000       0.00000000000000       0.00000000000000       0.00000000000000
    1     -1     65572.0000000000       0.00000000000000       0.00000000000000       0.00000000000000
    1     -1     65572.0000000000      -0.17968643662588      -0.43566812721418      -0.37135706092975
    1     -1     65573.0000000000      -0.17968643662588      -0.43566812721418      -0.37135706092975
    1     -1     65574.0000000000      -0.17968643662588      -0.43566812721418      -0.37135706092975
    1     -1     65574.0000000000       0.00000000000000       0.00000000000000       0.00000000000000
    1     -1     65574.0000000000       0.00000000000000       0.00000000000000       0.00000000000000
    1     -1     65574.0000000000      -0.18204972978375      -0.43786242605545      -0.36760629893202
    1     -1     65575.0000000000      -0.18204972978375      -0.43786242605545      -0.36760629893202
    1     -1     65576.0000000000      -0.18204972978375      -0.43786242605545      -0.36760629893202
    1     -1     65576.0000000000       0.00000000000000       0.00000000000000       0.00000000000000
    1     -1     65576.0000000000       0.00000000000000       0.00000000000000       0.00000000000000
    1     -1     65576.0000000000      -0.18431816730619      -0.44003147517581      -0.36386688958393
    1     -1     65577.0000000000      -0.18431816730619      -0.44003147517581      -0.36386688958393
    1     -1     65578.0000000000      -0.18431816730619      -0.44003147517581      -0.36386688958393
    1     -1     65578.0000000000       0.00000000000000       0.00000000000000       0.00000000000000
    1  23760     65578.0000000000     -237605325.556520373      190562210.310030550       14121901.410918484      -13.4073860259643      -17.8458109284264        0.7897622657516        2179.7082522090
    1  23760     65578.0000000000     -237605325.556520373      190562210.310030550       14121901.410918484      -13.4073860259643      -17.8458109284264        0.7897622657516        2139.7082522090
    1     -1     65578.0000000000       0.00000000000000       0.00000000000000       0.00000000000000
    1     -1     65578.0000000000      -0.47207927937178       0.26186966671922      -0.26185001607826
    1     -1     65579.0000000000      -0.47207927937178       0.26186966671922      -0.26185001607826
    1     -1     65580.0000000000      -0.47207927937178       0.26186966671922      -0.26185001607826
    1     -1     65580.0000000000       0.00000000000000       0.00000000000000       0.00000000000000
    1     -1     65580.0000000000       0.00000000000000       0.00000000000000       0.00000000000000
    1     -1     65580.0000000000      -0.46987098359645       0.26203007225070      -0.26563414556566
    1     -1     65581.0000000000      -0.46987098359645       0.26203007225070      -0.26563414556566
    1     -1     65582.0000000000      -0.46987098359645       0.26203007225070      -0.26563414556566
    1     -1     65582.0000000000       0.00000000000000       0.00000000000000       0.00000000000000
    1     -1     65582.0000000000       0.00000000000000       0.00000000000000       0.00000000000000
    1     -1     65582.0000000000      -0.46760342400544       0.26223179090158      -0.26940958590767
    1     -1     65583.0000000000      -0.46760342400544       0.26223179090158      -0.26940958590767
    1     -1     65584.0000000000      -0.46760342400544       0.26223179090158      -0.26940958590767
    1     -1     65584.0000000000       0.00000000000000       0.00000000000000       0.00000000000000
    1     -1     65584.0000000000       0.00000000000000       0.00000000000000       0.00000000000000
    1     -1     65584.0000000000      -0.46527780469675       0.26247356105552      -0.27317429140278
    1     -1     65585.0000000000      -0.46527780469675       0.26247356105552      -0.27317429140278
    1     -1     65586.0000000000      -0.46527780469675       0.26247356105552      -0.27317429140278
    1     -1     65586.0000000000       0.00000000000000       0.00000000000000       0.00000000000000
    1     -1     65586.0000000000       0.00000000000000       0.00000000000000       0.00000000000000
    1     -1     65586.0000000000      -0.46289541622307       0.26275404540712      -0.27692624386624
    1     -1     65587.0000000000      -0.46289541622307       0.26275404540712      -0.27692624386624
    1     -1     65588.0000000000      -0.46289541622307       0.26275404540712      -0.27692624386624
    1     -1     65588.0000000000       0.00000000000000       0.00000000000000       0.00000000000000
    1     -1     65588.0000000000       0.00000000000000       0.00000000000000       0.00000000000000
    1     -1     65588.0000000000      -0.46045762610450       0.26307184497904      -0.28066346078806
    1     -1     65589.0000000000      -0.46045762610450       0.26307184497904      -0.28066346078806
    1     -1     65590.0000000000      -0.46045762610450       0.26307184497904      -0.28066346078806
    1     -1     65590.0000000000       0.00000000000000       0.00000000000000       0.00000000000000
    1     -1     65590.0000000000       0.00000000000000       0.00000000000000       0.00000000000000
    1     -1     65590.0000000000      -0.45796587588352       0.26342550356664      -0.28438400074002
    1     -1     65591.0000000000      -0.45796587588352       0.26342550356664      -0.28438400074002
    1     -1     65592.0000000000      -0.45796587588352       0.26342550356664      -0.28438400074002
    1     -1     65592.0000000000       0.00000000000000       0.00000000000000       0.00000000000000
    1     -1     65592.0000000000       0.00000000000000       0.00000000000000       0.00000000000000
    1     -1     65592.0000000000      -0.45542167670677       0.26381351173771      -0.28808597100555
    1     -1     65593.0000000000      -0.45542167670677       0.26381351173771      -0.28808597100555
    1     -1     65594.0000000000      -0.45542167670677       0.26381351173771      -0.28808597100555
    1     -1     65594.0000000000       0.00000000000000       0.00000000000000       0.00000000000000
    1     -1     65594.0000000000       0.00000000000000       0.00000000000000       0.00000000000000
    1     -1     65594.0000000000      -0.45282660528415       0.26423430980778      -0.29176753477253
    1     -1     65595.0000000000      -0.45282660528415       0.26423430980778      -0.29176753477253
    1     -1     65596.0000000000      -0.45282660528415       0.26423430980778      -0.29176753477253
    1     -1     65596.0000000000       0.00000000000000       0.00000000000000       0.00000000000000
    1     -1     65596.0000000000       0.00000000000000       0.00000000000000       0.00000000000000
    1     -1     65596.0000000000      -0.45018229776977       0.26468629292386      -0.29542691886988
    1     -1     65597.0000000000      -0.45018229776977       0.26468629292386      -0.29542691886988
    1     -1     65598.0000000000      -0.45018229776977       0.26468629292386      -0.29542691886988
    1     -1     65598.0000000000       0.00000000000000       0.00000000000000       0.00000000000000
    1     -1     65598.0000000000       0.00000000000000       0.00000000000000       0.00000000000000
    1     -1     65598.0000000000      -0.44749044420011       0.26516781505623      -0.29906242072165
    1     -1     65599.0000000000      -0.44749044420011       0.26516781505623      -0.29906242072165
    1     -1     65600.0000000000      -0.44749044420011       0.26516781505623      -0.29906242072165
    1     -1     65600.0000000000       0.00000000000000       0.00000000000000       0.00000000000000
    1     -1     65600.0000000000       0.00000000000000       0.00000000000000       0.00000000000000
    1     -1     65600.0000000000      -0.44475278382046       0.26567719219396      -0.30267241386008
    1     -1     65601.0000000000      -0.44475278382046       0.26567719219396      -0.30267241386008
    1     -1     65602.0000000000      -0.44475278382046       0.26567719219396      -0.30267241386008
    1     -1     65602.0000000000       0.00000000000000       0.00000000000000       0.00000000000000
    1     -1     65602.0000000000       0.00000000000000       0.00000000000000       0.00000000000000
    1     -1     65602.0000000000      -0.44197109498281       0.26621270954949      -0.30625535710255
    1     -1     65603.0000000000      -0.44197109498281       0.26621270954949      -0.30625535710255
    1     -1     65604.0000000000      -0.44197109498281       0.26621270954949      -0.30625535710255
    1     -1     65604.0000000000       0.00000000000000       0.00000000000000       0.00000000000000
    1     -1     65604.0000000000       0.00000000000000       0.00000000000000       0.00000000000000
    1     -1     65604.0000000000      -0.43914719104286       0.26677262398488      -0.30980979805582
    1     -1     65605.0000000000      -0.43914719104286       0.26677262398488      -0.30980979805582
    1     -1     65606.0000000000      -0.43914719104286       0.26677262398488      -0.30980979805582
    1     -1     65606.0000000000       0.00000000000000       0.00000000000000       0.00000000000000
    1     -1     65606.0000000000       0.00000000000000       0.00000000000000       0.00000000000000
    1     -1     65606.0000000000      -0.43628291118527       0.26735516914599      -0.31333438084358
    1     -1     65607.0000000000      -0.43628291118527       0.26735516914599      -0.31333438084358
    1     -1     65608.0000000000      -0.43628291118527       0.26735516914599      -0.31333438084358
    1     -1     65608.0000000000       0.00000000000000       0.00000000000000       0.00000000000000
    1     -1     65608.0000000000       0.00000000000000       0.00000000000000       0.00000000000000
    1     -1     65608.0000000000      -0.43338011495796       0.26795855967975      -0.31682784841831
    1     -1     65609.0000000000      -0.43338011495796       0.26795855967975      -0.31682784841831
    1     -1     65610.0000000000      -0.43338011495796       0.26795855967975      -0.31682784841831
    1     -1     65610.0000000000       0.00000000000000       0.00000000000000       0.00000000000000
    1     -1     65610.0000000000       0.00000000000000       0.00000000000000       0.00000000000000
    1     -1     65610.0000000000      -0.43044066705376       0.26858099971927      -0.32028905384998
    1     -1     65611.0000000000      -0.43044066705376       0.26858099971927      -0.32028905384998
    1     -1     65612.0000000000      -0.43044066705376       0.26858099971927      -0.32028905384998
    1     -1     65612.0000000000       0.00000000000000       0.00000000000000       0.00000000000000
    1     -1     65612.0000000000       0.00000000000000       0.00000000000000       0.00000000000000
    1     -1     65612.0000000000      -0.42746644050792       0.26922068107375      -0.32371695414618
    1     -1     65613.0000000000      -0.42746644050792       0.26922068107375      -0.32371695414618
    1     -1     65614.0000000000      -0.42746644050792       0.26922068107375      -0.32371695414618
    1     -1     65614.0000000000       0.00000000000000       0.00000000000000       0.00000000000000
    1     -1     65614.0000000000       0.00000000000000       0.00000000000000       0.00000000000000
    1     -1     65614.0000000000      -0.42445929450482       0.26987579229030      -0.32711062857106
    1     -1     65615.0000000000      -0.42445929450482       0.26987579229030      -0.32711062857106
    1     -1     65616.0000000000      -0.42445929450482       0.26987579229030      -0.32711062857106
    1     -1     65616.0000000000       0.00000000000000       0.00000000000000       0.00000000000000
    1     -1     65616.0000000000       0.00000000000000       0.00000000000000       0.00000000000000
    1     -1     65616.0000000000      -0.42142107691799       0.27054452185854      -0.33046926771126
    1     -1     65617.0000000000      -0.42142107691799       0.27054452185854      -0.33046926771126
    1     -1     65618.0000000000      -0.42142107691799       0.27054452185854      -0.33046926771126
    1     -1     65618.0000000000       0.00000000000000       0.00000000000000       0.00000000000000
    1     -1     65618.0000000000       0.00000000000000       0.00000000000000       0.00000000000000
    1     -1     65618.0000000000      -0.41835360847489       0.27122505990883      -0.33379218749618
    1     -1     65619.0000000000      -0.41835360847489       0.27122505990883      -0.33379218749618
    1     -1     65620.0000000000      -0.41835360847489       0.27122505990883      -0.33379218749618
    1     -1     65620.0000000000       0.00000000000000       0.00000000000000       0.00000000000000
    1     -1     65620.0000000000       0.00000000000000       0.00000000000000       0.00000000000000
    1     -1     65620.0000000000      -0.41525867950155       0.27191560944415      -0.33707881825954
    1     -1     65621.0000000000      -0.41525867950155       0.27191560944415      -0.33707881825954
    1     -1     65622.0000000000      -0.41525867950155       0.27191560944415      -0.33707881825954
    1     -1     65622.0000000000       0.00000000000000       0.00000000000000       0.00000000000000
    1     -1     65622.0000000000       0.00000000000000       0.00000000000000       0.00000000000000
    1     -1     65622.0000000000      -0.41213803233034       0.27261438519042      -0.34032872134764
    1     -1     65623.0000000000      -0.41213803233034       0.27261438519042      -0.34032872134764
    1     -1     65624.0000000000      -0.41213803233034       0.27261438519042      -0.34032872134764
    1     -1     65624.0000000000       0.00000000000000       0.00000000000000       0.00000000000000
    1     -1     65624.0000000000       0.00000000000000       0.00000000000000       0.00000000000000
    1     -1     65624.0000000000      -0.40899336259708       0.27331961410561      -0.34354157998223
    1     -1     65625.0000000000      -0.40899336259708       0.27331961410561      -0.34354157998223
    1     -1     65626.0000000000      -0.40899336259708       0.27331961410561      -0.34354157998223
    1     -1     65626.0000000000       0.00000000000000       0.00000000000000       0.00000000000000
    1     -1     65626.0000000000       0.00000000000000       0.00000000000000       0.00000000000000
    1     -1     65626.0000000000      -0.40582630142575       0.27402954377971      -0.34671720679392
    1     -1     65627.0000000000      -0.40582630142575       0.27402954377971      -0.34671720679392
    1     -1     65628.0000000000      -0.40582630142575       0.27402954377971      -0.34671720679392
    1     -1     65628.0000000000       0.00000000000000       0.00000000000000       0.00000000000000
    1     -1     65628.0000000000       0.00000000000000       0.00000000000000       0.00000000000000
    1     -1     65628.0000000000      -0.40263841674833       0.27474244153403      -0.34985553512602
    1     -1     65629.0000000000      -0.40263841674833       0.27474244153403      -0.34985553512602
    1     -1     65630.0000000000      -0.40263841674833       0.27474244153403      -0.34985553512602
    1     -1     65630.0000000000       0.00000000000000       0.00000000000000       0.00000000000000
    1     -1     65630.0000000000       0.00000000000000       0.00000000000000       0.00000000000000
    1     -1     65630.0000000000      -0.39943119022063       0.27545660396872      -0.35295663032298
    1     -1     65631.0000000000      -0.39943119022063       0.27545660396872      -0.35295663032298
    1     -1     65632.0000000000      -0.39943119022063       0.27545660396872      -0.35295663032298
    1     -1     65632.0000000000       0.00000000000000       0.00000000000000       0.00000000000000
    1     -1     65632.0000000000       0.00000000000000       0.00000000000000       0.00000000000000
    1     -1     65632.0000000000      -0.39620602131148       0.27617035313535      -0.35602067918258
    1     -1     65633.0000000000      -0.39620602131148       0.27617035313535      -0.35602067918258
    1     -1     65634.0000000000      -0.39620602131148       0.27617035313535      -0.35602067918258
    1     -1     65634.0000000000       0.00000000000000       0.00000000000000       0.00000000000000
    1     -1     65634.0000000000       0.00000000000000       0.00000000000000       0.00000000000000
    1     -1     65634.0000000000      -0.39296421181137       0.27688204251467      -0.35904799407373
    1     -1     65635.0000000000      -0.39296421181137       0.27688204251467      -0.35904799407373
    1     -1     65636.0000000000      -0.39296421181137       0.27688204251467      -0.35904799407373
    1     -1     65636.0000000000       0.00000000000000       0.00000000000000       0.00000000000000
    1     -1     65636.0000000000       0.00000000000000       0.00000000000000       0.00000000000000
    1     -1     65636.0000000000      -0.38970696352375       0.27759005532135      -0.36203900763287
    1     -1     65637.0000000000      -0.38970696352375       0.27759005532135      -0.36203900763287
    1     -1     65638.0000000000      -0.38970696352375       0.27759005532135      -0.36203900763287
    1     -1     65638.0000000000       0.00000000000000       0.00000000000000       0.00000000000000
    1     -1     65638.0000000000       0.00000000000000       0.00000000000000       0.00000000000000
    1     -1     65638.0000000000      -0.38643536574780       0.27829280928779      -0.36499427348669
    1     -1     65639.0000000000      -0.38643536574780       0.27829280928779      -0.36499427348669
    1     -1     65640.0000000000      -0.38643536574780       0.27829280928779      -0.36499427348669
    1     -1     65640.0000000000       0.00000000000000       0.00000000000000       0.00000000000000
    1     -1     65640.0000000000       0.00000000000000       0.00000000000000       0.00000000000000
    1     -1     65640.0000000000      -0.38315039065199       0.27898875600551      -0.36791446213179
    1     -1     65641.0000000000      -0.38315039065199       0.27898875600551      -0.36791446213179
    1     -1     65642.0000000000      -0.38315039065199       0.27898875600551      -0.36791446213179
    1     -1     65642.0000000000       0.00000000000000       0.00000000000000       0.00000000000000
    1     -1     65642.0000000000       0.00000000000000       0.00000000000000       0.00000000000000
    1     -1     65642.0000000000      -0.37985288457394       0.27967638275331      -0.37080035907598
    1     -1     65643.0000000000      -0.37985288457394       0.27967638275331      -0.37080035907598
    1     -1     65644.0000000000      -0.37985288457394       0.27967638275331      -0.37080035907598
    1     -1     65644.0000000000       0.00000000000000       0.00000000000000       0.00000000000000
    1     -1     65644.0000000000       0.00000000000000       0.00000000000000       0.00000000000000
    1     -1     65644.0000000000      -0.37654356144714       0.28035421285531      -0.37365286155332
    1     -1     65645.0000000000      -0.37654356144714       0.28035421285531      -0.37365286155332
    1     -1     65646.0000000000      -0.37654356144714       0.28035421285531      -0.37365286155332
    1     -1     65646.0000000000       0.00000000000000       0.00000000000000       0.00000000000000
    1     -1     65646.0000000000       0.00000000000000       0.00000000000000       0.00000000000000
    1     -1     65646.0000000000      -0.37322299577351       0.28102080604314      -0.37647297549321
    1     -1     65647.0000000000      -0.37322299577351       0.28102080604314      -0.37647297549321
    1     -1     65648.0000000000      -0.37322299577351       0.28102080604314      -0.37647297549321
    1     -1     65648.0000000000       0.00000000000000       0.00000000000000       0.00000000000000
    1     -1     65648.0000000000       0.00000000000000       0.00000000000000       0.00000000000000
    1     -1     65648.0000000000      -0.36989161608092       0.28167475834577      -0.37926181213496
    1     -1     65649.0000000000      -0.36989161608092       0.28167475834577      -0.37926181213496
    1     -1     65650.0000000000      -0.36989161608092       0.28167475834577      -0.37926181213496
    1     -1     65650.0000000000       0.00000000000000       0.00000000000000       0.00000000000000
    1     -1     65650.0000000000       0.00000000000000       0.00000000000000       0.00000000000000
    1     -1     65650.0000000000      -0.36654969865073       0.28231470181090      -0.38202058431514
    1     -1     65651.0000000000      -0.36654969865073       0.28231470181090      -0.38202058431514
    1     -1     65652.0000000000      -0.36654969865073       0.28231470181090      -0.38202058431514
    1     -1     65652.0000000000       0.00000000000000       0.00000000000000       0.00000000000000
    1     -1     65652.0000000000       0.00000000000000       0.00000000000000       0.00000000000000
    1     -1     65652.0000000000      -0.36319736107852       0.28293930365757      -0.38475060315920
    1     -1     65653.0000000000      -0.36319736107852       0.28293930365757      -0.38475060315920
    1     -1     65654.0000000000      -0.36319736107852       0.28293930365757      -0.38475060315920
    1     -1     65654.0000000000       0.00000000000000       0.00000000000000       0.00000000000000
    1     -1     65654.0000000000       0.00000000000000       0.00000000000000       0.00000000000000
    1     -1     65654.0000000000      -0.35983455638038       0.28354726528927      -0.38745327416543
    1     -1     65655.0000000000      -0.35983455638038       0.28354726528927      -0.38745327416543
    1     -1     65656.0000000000      -0.35983455638038       0.28354726528927      -0.38745327416543
    1     -1     65656.0000000000       0.00000000000000       0.00000000000000       0.00000000000000
    1     -1     65656.0000000000       0.00000000000000       0.00000000000000       0.00000000000000
    1     -1     65656.0000000000      -0.35646106695305       0.28413732097300      -0.39013009350341
    1     -1     65657.0000000000      -0.35646106695305       0.28413732097300      -0.39013009350341
    1     -1     65658.0000000000      -0.35646106695305       0.28413732097300      -0.39013009350341
    1     -1     65658.0000000000       0.00000000000000       0.00000000000000       0.00000000000000
    1     -1     65658.0000000000       0.00000000000000       0.00000000000000       0.00000000000000
    1     -1     65658.0000000000      -0.35307649886608       0.28470823587652      -0.39278264428632
    1     -1     65659.0000000000      -0.35307649886608       0.28470823587652      -0.39278264428632
    1     -1     65660.0000000000      -0.35307649886608       0.28470823587652      -0.39278264428632
    1     -1     65660.0000000000       0.00000000000000       0.00000000000000       0.00000000000000
    1     -1     65660.0000000000       0.00000000000000       0.00000000000000       0.00000000000000
    1     -1     65660.0000000000      -0.34968027600745       0.28525880413781      -0.39541259276005
    1     -1     65661.0000000000      -0.34968027600745       0.28525880413781      -0.39541259276005
    1     -1     65662.0000000000      -0.34968027600745       0.28525880413781      -0.39541259276005
    1     -1     65662.0000000000       0.00000000000000       0.00000000000000       0.00000000000000
    1     -1     65662.0000000000       0.00000000000000       0.00000000000000       0.00000000000000
    1     -1     65662.0000000000      -0.34627163407994       0.28578784664232      -0.39802168461423
    1     -1     65663.0000000000      -0.34627163407994       0.28578784664232      -0.39802168461423
    1     -1     65664.0000000000      -0.34627163407994       0.28578784664232      -0.39802168461423
    1     -1     65664.0000000000       0.00000000000000       0.00000000000000       0.00000000000000
    1     -1     65664.0000000000       0.00000000000000       0.00000000000000       0.00000000000000
    1     -1     65664.0000000000      -0.34284961483281       0.28629420810387      -0.40061174133463
    1     -1     65665.0000000000      -0.34284961483281       0.28629420810387      -0.40061174133463
    1     -1     65666.0000000000      -0.34284961483281       0.28629420810387      -0.40061174133463
    1     -1     65666.0000000000       0.00000000000000       0.00000000000000       0.00000000000000
    1     -1     65666.0000000000       0.00000000000000       0.00000000000000       0.00000000000000
    1     -1     65666.0000000000      -0.33941305995564       0.28677675408500      -0.40318465661285
    1     -1     65667.0000000000      -0.33941305995564       0.28677675408500      -0.40318465661285
    1     -1     65668.0000000000      -0.33941305995564       0.28677675408500      -0.40318465661285
    1     -1     65668.0000000000       0.00000000000000       0.00000000000000       0.00000000000000
    1     -1     65668.0000000000       0.00000000000000       0.00000000000000       0.00000000000000
    1     -1     65668.0000000000      -0.33596060442369       0.28723436789374      -0.40574239297362
    1     -1     65669.0000000000      -0.33596060442369       0.28723436789374      -0.40574239297362
    1     -1     65670.0000000000      -0.33596060442369       0.28723436789374      -0.40574239297362
    1     -1     65670.0000000000       0.00000000000000       0.00000000000000       0.00000000000000
    1     -1     65670.0000000000       0.00000000000000       0.00000000000000       0.00000000000000
    1     -1     65670.0000000000      -0.33249067049647       0.28766594643096      -0.40828697821115
    1     -1     65671.0000000000      -0.33249067049647       0.28766594643096      -0.40828697821115
    1     -1     65672.0000000000      -0.33249067049647       0.28766594643096      -0.40828697821115
    1     -1     65672.0000000000       0.00000000000000       0.00000000000000       0.00000000000000
    1     -1     65672.0000000000       0.00000000000000       0.00000000000000       0.00000000000000
    1     -1     65672.0000000000      -0.32900146006561       0.28807039662974      -0.41082050233682
    1     -1     65673.0000000000      -0.32900146006561       0.28807039662974      -0.41082050233682
    1     -1     65674.0000000000      -0.32900146006561       0.28807039662974      -0.41082050233682
    1     -1     65674.0000000000       0.00000000000000       0.00000000000000       0.00000000000000
    1     -1     65674.0000000000       0.00000000000000       0.00000000000000       0.00000000000000
    1     -1     65674.0000000000      -0.32549094787361       0.28844663079356      -0.41334511405868
    1     -1     65675.0000000000      -0.32549094787361       0.28844663079356      -0.41334511405868
    1     -1     65676.0000000000      -0.32549094787361       0.28844663079356      -0.41334511405868
    1     -1     65676.0000000000       0.00000000000000       0.00000000000000       0.00000000000000
    1     -1     65676.0000000000       0.00000000000000       0.00000000000000       0.00000000000000
    1     -1     65676.0000000000      -0.32195687301107       0.28879356230039      -0.41586301780128
    1     -1     65677.0000000000      -0.32195687301107       0.28879356230039      -0.41586301780128
    1     -1     65678.0000000000      -0.32195687301107       0.28879356230039      -0.41586301780128
    1     -1     65678.0000000000       0.00000000000000       0.00000000000000       0.00000000000000
    1     -1     65678.0000000000       0.00000000000000       0.00000000000000       0.00000000000000
    1     -1     65678.0000000000      -0.31839673067570       0.28911009989364      -0.41837647079457
    1     -1     65679.0000000000      -0.31839673067570       0.28911009989364      -0.41837647079457
    1     -1     65680.0000000000      -0.31839673067570       0.28911009989364      -0.41837647079457
    1     -1     65680.0000000000       0.00000000000000       0.00000000000000       0.00000000000000
    1     -1     65680.0000000000       0.00000000000000       0.00000000000000       0.00000000000000
    1     -1     65680.0000000000      -0.11588226239451       0.10652766190798      -0.15493064597769
    1     -1     65681.0000000000      -0.11588226239451       0.10652766190798      -0.15493064597769
    1     -1     65682.0000000000      -0.11588226239451       0.10652766190798      -0.15493064597769
    1     -1     65682.0000000000       0.00000000000000       0.00000000000000       0.00000000000000
    1     -1     65916.0000000000       0.00000000000000       0.00000000000000       0.00000000000000
    1     -1     65916.0000000000       0.41761517837375      -0.16788446017220       0.13378758743504
    1     -1     65917.0000000000       0.41761517837375      -0.16788446017220       0.13378758743504
    1     -1     65918.0000000000       0.41761517837375      -0.16788446017220       0.13378758743504
    1     -1     65918.0000000000       0.00000000000000       0.00000000000000       0.00000000000000
    1     -1     65918.0000000000       0.00000000000000       0.00000000000000       0.00000000000000
    1     -1     65918.0000000000       0.53271214935797      -0.21448722453078       0.17381885892932
    1     -1     65919.0000000000       0.53271214935797      -0.21448722453078       0.17381885892932
    1     -1     65920.0000000000       0.53271214935797      -0.21448722453078       0.17381885892932
    1     -1     65920.0000000000       0.00000000000000       0.00000000000000       0.00000000000000
    1     -1     65920.0000000000       0.00000000000000       0.00000000000000       0.00000000000000
    1     -1     65920.0000000000       0.53181594617731      -0.21443844975324       0.17660110401400
    1     -1     65921.0000000000       0.53181594617731      -0.21443844975324       0.17660110401400
    1     -1     65922.0000000000       0.53181594617731      -0.21443844975324       0.17660110401400
    1     -1     65922.0000000000       0.00000000000000       0.00000000000000       0.00000000000000
    1     -1     65922.0000000000       0.00000000000000       0.00000000000000       0.00000000000000
    1     -1     65922.0000000000       0.53093592201872      -0.21437677020950       0.17930322469125
    1     -1     65923.0000000000       0.53093592201872      -0.21437677020950       0.17930322469125
    1     -1     65924.0000000000       0.53093592201872      -0.21437677020950       0.17930322469125
    1     -1     65924.0000000000       0.00000000000000       0.00000000000000       0.00000000000000
    1     -1     65924.0000000000       0.00000000000000       0.00000000000000       0.00000000000000
    1     -1     65924.0000000000       0.53007146834545      -0.21430376686363       0.18192892357774
    1     -1     65925.0000000000       0.53007146834545      -0.21430376686363       0.18192892357774
    1     -1     65926.0000000000       0.53007146834545      -0.21430376686363       0.18192892357774
    1     -1     65926.0000000000       0.00000000000000       0.00000000000000       0.00000000000000
    1     -1     65926.0000000000       0.00000000000000       0.00000000000000       0.00000000000000
    1     -1     65926.0000000000       0.52922199199640      -0.21422099591077       0.18448156378989
    1     -1     65927.0000000000       0.52922199199640      -0.21422099591077       0.18448156378989
    1     -1     65928.0000000000       0.52922199199640      -0.21422099591077       0.18448156378989
    1     -1     65928.0000000000       0.00000000000000       0.00000000000000       0.00000000000000
    1     -1     65928.0000000000       0.00000000000000       0.00000000000000       0.00000000000000
    1     -1     65928.0000000000       0.52838688463012      -0.21412991735147       0.18696437608787
    1     -1     65929.0000000000       0.52838688463012      -0.21412991735147       0.18696437608787
    1     -1     65930.0000000000       0.52838688463012      -0.21412991735147       0.18696437608787
    1     -1     65930.0000000000       0.00000000000000       0.00000000000000       0.00000000000000
    1     -1     65930.0000000000       0.00000000000000       0.00000000000000       0.00000000000000
    1     -1     65930.0000000000       0.52756554341588      -0.21403192525081       0.18938038877807
    1     -1     65931.0000000000       0.52756554341588      -0.21403192525081       0.18938038877807
    1     -1     65932.0000000000       0.52756554341588      -0.21403192525081       0.18938038877807
    1     -1     65932.0000000000       0.00000000000000       0.00000000000000       0.00000000000000
    1     -1     65932.0000000000       0.00000000000000       0.00000000000000       0.00000000000000
    1     -1     65932.0000000000       0.52675736807029      -0.21392834413116       0.19173246475482
    1     -1     65933.0000000000       0.52675736807029      -0.21392834413116       0.19173246475482
    1     -1     65934.0000000000       0.52675736807029      -0.21392834413116       0.19173246475482
    1     -1     65934.0000000000       0.00000000000000       0.00000000000000       0.00000000000000
    1     -1     65934.0000000000       0.00000000000000       0.00000000000000       0.00000000000000
    1     -1     65934.0000000000       0.52596175788243      -0.21382044554109       0.19402331198554
    1     -1     65935.0000000000       0.52596175788243      -0.21382044554109       0.19402331198554
    1     -1     65936.0000000000       0.52596175788243      -0.21382044554109       0.19402331198554
    1     -1     65936.0000000000       0.00000000000000       0.00000000000000       0.00000000000000
    1     -1     65936.0000000000       0.00000000000000       0.00000000000000       0.00000000000000
    1     -1     65936.0000000000       0.52517812210306      -0.21370945066180       0.19625547136866
    1     -1     65937.0000000000       0.52517812210306      -0.21370945066180       0.19625547136866
    1     -1     65938.0000000000       0.52517812210306      -0.21370945066180       0.19625547136866
    1     -1     65938.0000000000       0.00000000000000       0.00000000000000       0.00000000000000
    1  25792     65938.0000000000     -138514692.840069562     -349829479.654798806      -18716664.004253663       16.1724400564977       -8.5741555102666       -0.9716477019648        1975.4374494835
    1  25792     65938.0000000000     -138514692.840069562     -349829479.654798806      -18716664.004253663       16.1724400564977       -8.5741555102666       -0.9716477019648        1935.4374494835
    1     -1     65938.0000000000       0.00000000000000       0.00000000000000       0.00000000000000
    1     -1     65938.0000000000       0.29297538579189       0.51484895122591       0.09537284740259
    1     -1     65939.0000000000       0.29297538579189       0.51484895122591       0.09537284740259
    1     -1     65940.0000000000       0.29297538579189       0.51484895122591       0.09537284740259
    1     -1     65940.0000000000       0.00000000000000       0.00000000000000       0.00000000000000
    1     -1     65940.0000000000       0.00000000000000       0.00000000000000       0.00000000000000
    1     -1     65940.0000000000       0.29426036908902       0.51457338635181       0.09287122547926
    1     -1     65941.0000000000       0.29426036908902       0.51457338635181       0.09287122547926
    1     -1     65942.0000000000       0.29426036908902       0.51457338635181       0.09287122547926
    1     -1     65942.0000000000       0.00000000000000       0.00000000000000       0.00000000000000
    1     -1     65942.0000000000       0.00000000000000       0.00000000000000       0.00000000000000
    1     -1     65942.0000000000       0.29555450255147       0.51429091640418       0.09029057872058
    1     -1     65943.0000000000       0.29555450255147       0.51429091640418       0.09029057872058
    1     -1     65944.0000000000       0.29555450255147       0.51429091640418       0.09029057872058
    1     -1     65944.0000000000       0.00000000000000       0.00000000000000       0.00000000000000
    1     -1     65944.0000000000       0.00000000000000       0.00000000000000       0.00000000000000
    1     -1     65944.0000000000       0.29685644240465       0.51400127497880       0.08762956808647
    1     -1     65945.0000000000       0.29685644240465       0.51400127497880       0.08762956808647
    1     -1     65946.0000000000       0.29685644240465       0.51400127497880       0.08762956808647
    1     -1     65946.0000000000       0.00000000000000       0.00000000000000       0.00000000000000
    1     -1     65946.0000000000       0.00000000000000       0.00000000000000       0.00000000000000
    1     -1     65946.0000000000       0.29816480667395       0.51370416714451       0.08488684232229
    1     -1     65947.0000000000       0.29816480667395       0.51370416714451       0.08488684232229
    1     -1     65948.0000000000       0.29816480667395       0.51370416714451       0.08488684232229
    1     -1     65948.0000000000       0.00000000000000       0.00000000000000       0.00000000000000
    1     -1     65948.0000000000       0.00000000000000       0.00000000000000       0.00000000000000
    1     -1     65948.0000000000       0.29947817407214       0.51339926809578       0.08206103858190
    1     -1     65949.0000000000       0.29947817407214       0.51339926809578       0.08206103858190
    1     -1     65950.0000000000       0.29947817407214       0.51339926809578       0.08206103858190
    1     -1     65950.0000000000       0.00000000000000       0.00000000000000       0.00000000000000
    1     -1     65950.0000000000       0.00000000000000       0.00000000000000       0.00000000000000
    1     -1     65950.0000000000       0.30079508284584       0.51308622175759       0.07915078305538
    1     -1     65951.0000000000       0.30079508284584       0.51308622175759       0.07915078305538
    1     -1     65952.0000000000       0.30079508284584       0.51308622175759       0.07915078305538
    1     -1     65952.0000000000       0.00000000000000       0.00000000000000       0.00000000000000
    1     -1     65952.0000000000       0.00000000000000       0.00000000000000       0.00000000000000
    1     -1     65952.0000000000       0.30211402959489       0.51276463932463       0.07615469164947
    1     -1     65953.0000000000       0.30211402959489       0.51276463932463       0.07615469164947
    1     -1     65954.0000000000       0.30211402959489       0.51276463932463       0.07615469164947
    1     -1     65954.0000000000       0.00000000000000       0.00000000000000       0.00000000000000
    1     -1     65954.0000000000       0.00000000000000       0.00000000000000       0.00000000000000
    1     -1     65954.0000000000       0.30343346804946       0.51243409773215       0.07307137078852
    1     -1     65955.0000000000       0.30343346804946       0.51243409773215       0.07307137078852
    1     -1     65956.0000000000       0.30343346804946       0.51243409773215       0.07307137078852
    1     -1     65956.0000000000       0.00000000000000       0.00000000000000       0.00000000000000
    1     -1     65956.0000000000       0.00000000000000       0.00000000000000       0.00000000000000
    1     -1     65956.0000000000       0.30475180781771       0.51209413805612       0.06989941831229
    1     -1     65957.0000000000       0.30475180781771       0.51209413805612       0.06989941831229
    1     -1     65958.0000000000       0.30475180781771       0.51209413805612       0.06989941831229
    1     -1     65958.0000000000       0.00000000000000       0.00000000000000       0.00000000000000
    1     -1     65958.0000000000       0.00000000000000       0.00000000000000       0.00000000000000
    1     -1     65958.0000000000       0.30606741309448       0.51174426384958       0.06663742446033
    1     -1     65959.0000000000       0.30606741309448       0.51174426384958       0.06663742446033
    1     -1     65960.0000000000       0.30606741309448       0.51174426384958       0.06663742446033
    1     -1     65960.0000000000       0.00000000000000       0.00000000000000       0.00000000000000
    1     -1     65960.0000000000       0.00000000000000       0.00000000000000       0.00000000000000
    1     -1     65960.0000000000       0.30737860133556       0.51138393940892       0.06328397297584
    1     -1     65961.0000000000       0.30737860133556       0.51138393940892       0.06328397297584
    1     -1     65962.0000000000       0.30737860133556       0.51138393940892       0.06328397297584
    1     -1     65962.0000000000       0.00000000000000       0.00000000000000       0.00000000000000
    1     -1     65962.0000000000       0.00000000000000       0.00000000000000       0.00000000000000
    1     -1     65962.0000000000       0.30868364190185       0.51101258796927       0.05983764232626
    1     -1     65963.0000000000       0.30868364190185       0.51101258796927       0.05983764232626
    1     -1     65964.0000000000       0.30868364190185       0.51101258796927       0.05983764232626
    1     -1     65964.0000000000       0.00000000000000       0.00000000000000       0.00000000000000
    1     -1     65964.0000000000       0.00000000000000       0.00000000000000       0.00000000000000
    1     -1     65964.0000000000       0.30998075467023       0.51062958982993       0.05629700706246
    1     -1     65965.0000000000       0.30998075467023       0.51062958982993       0.05629700706246
    1     -1     65966.0000000000       0.30998075467023       0.51062958982993       0.05629700706246
    1     -1     65966.0000000000       0.00000000000000       0.00000000000000       0.00000000000000
    1     -1     65966.0000000000       0.00000000000000       0.00000000000000       0.00000000000000
    1     -1     65966.0000000000       0.31126810861161       0.51023428041311       0.05266063931122
    1     -1     65967.0000000000       0.31126810861161       0.51023428041311       0.05266063931122
    1     -1     65968.0000000000       0.31126810861161       0.51023428041311       0.05266063931122
    1     -1     65968.0000000000       0.00000000000000       0.00000000000000       0.00000000000000
    1     -1     65968.0000000000       0.00000000000000       0.00000000000000       0.00000000000000
    1     -1     65968.0000000000       0.31254382034781       0.50982594825021       0.04892711041100
    1     -1     65969.0000000000       0.31254382034781       0.50982594825021       0.04892711041100
    1     -1     65970.0000000000       0.31254382034781       0.50982594825021       0.04892711041100
    1     -1     65970.0000000000       0.00000000000000       0.00000000000000       0.00000000000000
    1     -1     65970.0000000000       0.00000000000000       0.00000000000000       0.00000000000000
    1     -1     65970.0000000000       0.31380595267721       0.50940383290040       0.04509499274566
    1     -1     65971.0000000000       0.31380595267721       0.50940383290040       0.04509499274566
    1     -1     65972.0000000000       0.31380595267721       0.50940383290040       0.04509499274566
    1     -1     65972.0000000000       0.00000000000000       0.00000000000000       0.00000000000000
    1     -1     65972.0000000000       0.00000000000000       0.00000000000000       0.00000000000000
    1     -1     65972.0000000000       0.31505251308008       0.50896712280594       0.04116286171501
    1     -1     65973.0000000000       0.31505251308008       0.50896712280594       0.04116286171501
    1     -1     65974.0000000000       0.31505251308008       0.50896712280594       0.04116286171501
    1     -1     65974.0000000000       0.00000000000000       0.00000000000000       0.00000000000000
    1     -1     65974.0000000000       0.00000000000000       0.00000000000000       0.00000000000000
    1     -1     65974.0000000000       0.31628145220993       0.50851495307651       0.03712929794075
    1     -1     65975.0000000000       0.31628145220993       0.50851495307651       0.03712929794075
    1     -1     65976.0000000000       0.31628145220993       0.50851495307651       0.03712929794075
    1     -1     65976.0000000000       0.00000000000000       0.00000000000000       0.00000000000000
    1     -1     65976.0000000000       0.00000000000000       0.00000000000000       0.00000000000000
    1     -1     65976.0000000000       0.31749066236612       0.50804640321816       0.03299288964930
    1     -1     65977.0000000000       0.31749066236612       0.50804640321816       0.03299288964930
    1     -1     65978.0000000000       0.31749066236612       0.50804640321816       0.03299288964930
    1     -1     65978.0000000000       0.00000000000000       0.00000000000000       0.00000000000000
    1     -1     65978.0000000000       0.00000000000000       0.00000000000000       0.00000000000000
    1     -1     65978.0000000000       0.31867797596616       0.50756049479721       0.02875223531002
    1     -1     65979.0000000000       0.31867797596616       0.50756049479721       0.02875223531002
    1     -1     65980.0000000000       0.31867797596616       0.50756049479721       0.02875223531002
    1     -1     65980.0000000000       0.00000000000000       0.00000000000000       0.00000000000000
    1     -1     65980.0000000000       0.00000000000000       0.00000000000000       0.00000000000000
    1     -1     65980.0000000000       0.31984116401290       0.50705618905441       0.02440594649856
    1     -1     65981.0000000000       0.31984116401290       0.50705618905441       0.02440594649856
    1     -1     65982.0000000000       0.31984116401290       0.50705618905441       0.02440594649856
    1     -1     65982.0000000000       0.00000000000000       0.00000000000000       0.00000000000000
    1     -1     65982.0000000000       0.00000000000000       0.00000000000000       0.00000000000000
    1     -1     65982.0000000000       0.32097793456869       0.50653238447015       0.01995265102690
    1     -1     65983.0000000000       0.32097793456869       0.50653238447015       0.01995265102690
    1     -1     65984.0000000000       0.32097793456869       0.50653238447015       0.01995265102690
    1     -1     65984.0000000000       0.00000000000000       0.00000000000000       0.00000000000000
    1     -1     65984.0000000000       0.00000000000000       0.00000000000000       0.00000000000000
    1     -1     65984.0000000000       0.32208593125009       0.50598791428448       0.01539099635521
    1     -1     65985.0000000000       0.32208593125009       0.50598791428448       0.01539099635521
    1     -1     65986.0000000000       0.32208593125009       0.50598791428448       0.01539099635521
    1     -1     65986.0000000000       0.00000000000000       0.00000000000000       0.00000000000000
    1     -1     65986.0000000000       0.00000000000000       0.00000000000000       0.00000000000000
    1     -1     65986.0000000000       0.32316273174917       0.50542154398276       0.01071965328261
    1     -1     65987.0000000000       0.32316273174917       0.50542154398276       0.01071965328261
    1     -1     65988.0000000000       0.32316273174917       0.50542154398276       0.01071965328261
    1     -1     65988.0000000000       0.00000000000000       0.00000000000000       0.00000000000000
    1     -1     65988.0000000000       0.00000000000000       0.00000000000000       0.00000000000000
    1     -1     65988.0000000000       0.32420584638958       0.50483196875661       0.00593731994575
    1     -1     65989.0000000000       0.32420584638958       0.50483196875661       0.00593731994575
    1     -1     65990.0000000000       0.32420584638958       0.50483196875661       0.00593731994575
    1     -1     65990.0000000000       0.00000000000000       0.00000000000000       0.00000000000000
    1     -1     65990.0000000000       0.00000000000000       0.00000000000000       0.00000000000000
    1     -1     65990.0000000000       0.32521271674524       0.50421781094030       0.00104272611543
    1     -1     65991.0000000000       0.32521271674524       0.50421781094030       0.00104272611543
    1     -1     65992.0000000000       0.32521271674524       0.50421781094030       0.00104272611543
    1     -1     65992.0000000000       0.00000000000000       0.00000000000000       0.00000000000000
    1     -1     65992.0000000000       0.00000000000000       0.00000000000000       0.00000000000000
    1     -1     65992.0000000000       0.32618071431252       0.50357761744677      -0.00396536217913
    1     -1     65993.0000000000       0.32618071431252       0.50357761744677      -0.00396536217913
    1     -1     65994.0000000000       0.32618071431252       0.50357761744677      -0.00396536217913
    1     -1     65994.0000000000       0.00000000000000       0.00000000000000       0.00000000000000
    1     -1     65994.0000000000       0.00000000000000       0.00000000000000       0.00000000000000
    1     -1     65994.0000000000       0.32710713926135       0.50290985721430      -0.00908813737498
    1     -1     65995.0000000000       0.32710713926135       0.50290985721430      -0.00908813737498
    1     -1     65996.0000000000       0.32710713926135       0.50290985721430      -0.00908813737498
    1     -1     65996.0000000000       0.00000000000000       0.00000000000000       0.00000000000000
    1     -1     65996.0000000000       0.00000000000000       0.00000000000000       0.00000000000000
    1     -1     65996.0000000000       0.32798921918696       0.50221291881130      -0.01432674269187
    1     -1     65997.0000000000       0.32798921918696       0.50221291881130      -0.01432674269187
    1     -1     65998.0000000000       0.32798921918696       0.50221291881130      -0.01432674269187
    1     -1     65998.0000000000       0.00000000000000       0.00000000000000       0.00000000000000
    1     -1     65998.0000000000       0.00000000000000       0.00000000000000       0.00000000000000
    1     -1     65998.0000000000       0.32882410762388       0.50148510884880      -0.01968225414599
    1     -1     65999.0000000000       0.32882410762388       0.50148510884880      -0.01968225414599
    1     -1     66000.0000000000       0.32882410762388       0.50148510884880      -0.01968225414599
    1     -1     66000.0000000000       0.00000000000000       0.00000000000000       0.00000000000000
    1     -1     66000.0000000000       0.00000000000000       0.00000000000000       0.00000000000000
    1     -1     66000.0000000000       0.32960888533780       0.50072464955434      -0.02515566168993
    1     -1     66001.0000000000       0.32960888533780       0.50072464955434      -0.02515566168993
    1     -1     66002.0000000000       0.32960888533780       0.50072464955434      -0.02515566168993
    1     -1     66002.0000000000       0.00000000000000       0.00000000000000       0.00000000000000
    1     -1     66002.0000000000       0.00000000000000       0.00000000000000       0.00000000000000
    1     -1     66002.0000000000       0.33034056550081       0.49992966402671      -0.03074802580245
    1     -1     66003.0000000000       0.33034056550081       0.49992966402671      -0.03074802580245
    1     -1     66004.0000000000       0.33034056550081       0.49992966402671      -0.03074802580245
    1     -1     66004.0000000000       0.00000000000000       0.00000000000000       0.00000000000000
    1     -1     66004.0000000000       0.00000000000000       0.00000000000000       0.00000000000000
    1     -1     66004.0000000000       0.28951848119276       0.43652910148544      -0.03188936880227
    1     -1     66005.0000000000       0.28951848119276       0.43652910148544      -0.03188936880227
    1     -1     66006.0000000000       0.28951848119276       0.43652910148544      -0.03188936880227
    1     -1     66006.0000000000       0.00000000000000       0.00000000000000       0.00000000000000
    1     -1     66256.0000000000       0.00000000000000       0.00000000000000       0.00000000000000
    1     -1     66256.0000000000      -0.02882273053888      -0.01497238726617      -0.07382202586516
    1     -1     66257.0000000000      -0.02882273053888      -0.01497238726617      -0.07382202586516
    1     -1     66258.0000000000      -0.02882273053888      -0.01497238726617      -0.07382202586516
    1     -1     66258.0000000000       0.00000000000000       0.00000000000000       0.00000000000000
    1     -1     66258.0000000000       0.00000000000000       0.00000000000000       0.00000000000000
    1     -1     66258.0000000000      -0.21752244895314      -0.11467801037105      -0.54729602357295
    1     -1     66259.0000000000      -0.21752244895314      -0.11467801037105      -0.54729602357295
    1     -1     66260.0000000000      -0.21752244895314      -0.11467801037105      -0.54729602357295
    1     -1     66260.0000000000       0.00000000000000       0.00000000000000       0.00000000000000
    1     -1     66260.0000000000       0.00000000000000       0.00000000000000       0.00000000000000
    1     -1     66260.0000000000      -0.22057414520193      -0.11790396045954      -0.54538582843377
    1     -1     66261.0000000000      -0.22057414520193      -0.11790396045954      -0.54538582843377
    1     -1     66262.0000000000      -0.22057414520193      -0.11790396045954      -0.54538582843377
    1     -1     66262.0000000000       0.00000000000000       0.00000000000000       0.00000000000000
    1     -1     66262.0000000000       0.00000000000000       0.00000000000000       0.00000000000000
    1     -1     66262.0000000000      -0.22358174410330      -0.12106521333978      -0.54346519401220
    1     -1     66263.0000000000      -0.22358174410330      -0.12106521333978      -0.54346519401220
    1     -1     66264.0000000000      -0.22358174410330      -0.12106521333978      -0.54346519401220
    1     -1     66264.0000000000       0.00000000000000       0.00000000000000       0.00000000000000
    1     -1     66264.0000000000       0.00000000000000       0.00000000000000       0.00000000000000
    1     -1     66264.0000000000      -0.22654738896625      -0.12416279574162      -0.54153474494828
    1     -1     66265.0000000000      -0.22654738896625      -0.12416279574162      -0.54153474494828
    1     -1     66266.0000000000      -0.22654738896625      -0.12416279574162      -0.54153474494828
    1     -1     66266.0000000000       0.00000000000000       0.00000000000000       0.00000000000000
    1     -1     66266.0000000000       0.00000000000000       0.00000000000000       0.00000000000000
    1     -1     66266.0000000000      -0.22947242444982      -0.12719781805425      -0.53959533057594
    1     -1     66267.0000000000      -0.22947242444982      -0.12719781805425      -0.53959533057594
    1     -1     66268.0000000000      -0.22947242444982      -0.12719781805425      -0.53959533057594
    1     -1     66268.0000000000       0.00000000000000       0.00000000000000       0.00000000000000
    1     -1     66268.0000000000       0.00000000000000       0.00000000000000       0.00000000000000
    1     -1     66268.0000000000      -0.23235815398317      -0.13017123817702      -0.53764778090214
    1     -1     66269.0000000000      -0.23235815398317      -0.13017123817702      -0.53764778090214
    1     -1     66270.0000000000      -0.23235815398317      -0.13017123817702      -0.53764778090214
    1     -1     66270.0000000000       0.00000000000000       0.00000000000000       0.00000000000000
    1     -1     66270.0000000000       0.00000000000000       0.00000000000000       0.00000000000000
    1     -1     66270.0000000000      -0.23520697165915      -0.13308407864420      -0.53569236299798
    1     -1     66271.0000000000      -0.23520697165915      -0.13308407864420      -0.53569236299798
    1     -1     66272.0000000000      -0.23520697165915      -0.13308407864420      -0.53569236299798
    1     -1     66272.0000000000       0.00000000000000       0.00000000000000       0.00000000000000
    1     -1     66272.0000000000       0.00000000000000       0.00000000000000       0.00000000000000
    1     -1     66272.0000000000      -0.23801990621320      -0.13593705479605      -0.53372993232499
    1     -1     66273.0000000000      -0.23801990621320      -0.13593705479605      -0.53372993232499
    1     -1     66274.0000000000      -0.23801990621320      -0.13593705479605      -0.53372993232499
    1     -1     66274.0000000000       0.00000000000000       0.00000000000000       0.00000000000000
    1     -1     66274.0000000000       0.00000000000000       0.00000000000000       0.00000000000000
    1     -1     66274.0000000000      -0.24079860744368      -0.13873122899784      -0.53176091999500
    1     -1     66275.0000000000      -0.24079860744368      -0.13873122899784      -0.53176091999500
    1     -1     66276.0000000000      -0.24079860744368      -0.13873122899784      -0.53176091999500
    1     -1     66276.0000000000       0.00000000000000       0.00000000000000       0.00000000000000
    1     -1     66276.0000000000       0.00000000000000       0.00000000000000       0.00000000000000
    1     -1     66276.0000000000      -0.24354461332808      -0.14146750045984      -0.52978577454715
    1     -1     66277.0000000000      -0.24354461332808      -0.14146750045984      -0.52978577454715
    1     -1     66278.0000000000      -0.24354461332808      -0.14146750045984      -0.52978577454715
    1     -1     66278.0000000000       0.00000000000000       0.00000000000000       0.00000000000000
    1     -1     66278.0000000000       0.00000000000000       0.00000000000000       0.00000000000000
    1     -1     66278.0000000000      -0.24625942507674      -0.14414674585375      -0.52780489814007
    1     -1     66279.0000000000      -0.24625942507674      -0.14414674585375      -0.52780489814007
    1     -1     66280.0000000000      -0.24625942507674      -0.14414674585375      -0.52780489814007
    1     -1     66280.0000000000       0.00000000000000       0.00000000000000       0.00000000000000
    1     -1     66280.0000000000       0.00000000000000       0.00000000000000       0.00000000000000
    1     -1     66280.0000000000      -0.24894451660063      -0.14676982098697      -0.52581864419392
    1     -1     66281.0000000000      -0.24894451660063      -0.14676982098697      -0.52581864419392
    1     -1     66282.0000000000      -0.24894451660063      -0.14676982098697      -0.52581864419392
    1     -1     66282.0000000000       0.00000000000000       0.00000000000000       0.00000000000000
    1     -1     66282.0000000000       0.00000000000000       0.00000000000000       0.00000000000000
    1     -1     66282.0000000000      -0.25160133575281      -0.14933756031460      -0.52382731907250
    1     -1     66283.0000000000      -0.25160133575281      -0.14933756031460      -0.52382731907250
    1     -1     66284.0000000000      -0.25160133575281      -0.14933756031460      -0.52382731907250
    1     -1     66284.0000000000       0.00000000000000       0.00000000000000       0.00000000000000
    1     -1     66284.0000000000       0.00000000000000       0.00000000000000       0.00000000000000
    1     -1     66284.0000000000      -0.25423130484645      -0.15185077674891      -0.52183118392524
    1     -1     66285.0000000000      -0.25423130484645      -0.15185077674891      -0.52183118392524
    1     -1     66286.0000000000      -0.25423130484645      -0.15185077674891      -0.52183118392524
    1     -1     66286.0000000000       0.00000000000000       0.00000000000000       0.00000000000000
    1     -1     66286.0000000000       0.00000000000000       0.00000000000000       0.00000000000000
    1     -1     66286.0000000000      -0.25683582140207      -0.15431026144590      -0.51983045633862
    1     -1     66287.0000000000      -0.25683582140207      -0.15431026144590      -0.51983045633862
    1     -1     66288.0000000000      -0.25683582140207      -0.15431026144590      -0.51983045633862
    1     -1     66288.0000000000       0.00000000000000       0.00000000000000       0.00000000000000
    1     -1     66288.0000000000       0.00000000000000       0.00000000000000       0.00000000000000
    1     -1     66288.0000000000      -0.25941625920825      -0.15671678281065      -0.51782531197681
    1     -1     66289.0000000000      -0.25941625920825      -0.15671678281065      -0.51782531197681
    1     -1     66290.0000000000      -0.25941625920825      -0.15671678281065      -0.51782531197681
    1     -1     66290.0000000000       0.00000000000000       0.00000000000000       0.00000000000000
    1     -1     66290.0000000000       0.00000000000000       0.00000000000000       0.00000000000000
    1     -1     66290.0000000000      -0.26197396858328      -0.15907108304576      -0.51581588731191
    1     -1     66291.0000000000      -0.26197396858328      -0.15907108304576      -0.51581588731191
    1     -1     66292.0000000000      -0.26197396858328      -0.15907108304576      -0.51581588731191
    1     -1     66292.0000000000       0.00000000000000       0.00000000000000       0.00000000000000
    1     -1     66292.0000000000       0.00000000000000       0.00000000000000       0.00000000000000
    1     -1     66292.0000000000      -0.26451026915922      -0.16137387695247      -0.51380228554050
    1     -1     66293.0000000000      -0.26451026915922      -0.16137387695247      -0.51380228554050
    1     -1     66294.0000000000      -0.26451026915922      -0.16137387695247      -0.51380228554050
    1     -1     66294.0000000000       0.00000000000000       0.00000000000000       0.00000000000000
    1     -1     66294.0000000000       0.00000000000000       0.00000000000000       0.00000000000000
    1     -1     66294.0000000000      -0.26702644034149      -0.16362587607951      -0.51178457588693
    1     -1     66295.0000000000      -0.26702644034149      -0.16362587607951      -0.51178457588693
    1     -1     66296.0000000000      -0.26702644034149      -0.16362587607951      -0.51178457588693
    1     -1     66296.0000000000       0.00000000000000       0.00000000000000       0.00000000000000
    1     -1     66296.0000000000       0.00000000000000       0.00000000000000       0.00000000000000
    1     -1     66296.0000000000      -0.26952373994227      -0.16582789295031      -0.50976275149053
    1     -1     66297.0000000000      -0.26952373994227      -0.16582789295031      -0.50976275149053
    1     -1     66298.0000000000      -0.26952373994227      -0.16582789295031      -0.50976275149053
    1     -1     66298.0000000000       0.00000000000000       0.00000000000000       0.00000000000000
    1   9595     66298.0000000000      342975695.468981445     -163373995.017211825      -20290627.993364893        7.3352674024868       16.5826676262123       -0.1353473651797        1792.6858791521
    1   9595     66298.0000000000      342975695.468981445     -163373995.017211825      -20290627.993364893        7.3352674024868       16.5826676262123       -0.1353473651797        1752.6858791521
    1     -1     66413.0000000000       0.00000000000000       0.00000000000000       0.00000000000000
    1     -1     66413.0000000000      -0.53497932135509      -0.15638126292886      -0.22213064986000
    1     -1     66414.0000000000      -0.53497932135509      -0.15638126292886      -0.22213064986000
    1     -1     66415.0000000000      -0.53497932135509      -0.15638126292886      -0.22213064986000
    1     -1     66415.0000000000       0.00000000000000       0.00000000000000       0.00000000000000
    1     -1     66415.0000000000       0.00000000000000       0.00000000000000       0.00000000000000
    1     -1     66415.0000000000      -0.53573787056121      -0.15432001252534      -0.22174369677788
    1     -1     66416.0000000000      -0.53573787056121      -0.15432001252534      -0.22174369677788
    1     -1     66417.0000000000      -0.53573787056121      -0.15432001252534      -0.22174369677788
    1     -1     66417.0000000000       0.00000000000000       0.00000000000000       0.00000000000000
    1     -1     66417.0000000000       0.00000000000000       0.00000000000000       0.00000000000000
    1     -1     66417.0000000000      -0.53653109998494      -0.15218879773177      -0.22129832325146
    1     -1     66418.0000000000      -0.53653109998494      -0.15218879773177      -0.22129832325146
    1     -1     66419.0000000000      -0.53653109998494      -0.15218879773177      -0.22129832325146
    1     -1     66419.0000000000       0.00000000000000       0.00000000000000       0.00000000000000
    1     -1     66419.0000000000       0.00000000000000       0.00000000000000       0.00000000000000
    1     -1     66419.0000000000      -0.53735875515887      -0.14998715182649      -0.22079271233690
    1     -1     66420.0000000000      -0.53735875515887      -0.14998715182649      -0.22079271233690
    1     -1     66421.0000000000      -0.53735875515887      -0.14998715182649      -0.22079271233690
    1     -1     66421.0000000000       0.00000000000000       0.00000000000000       0.00000000000000
    1     -1     66421.0000000000       0.00000000000000       0.00000000000000       0.00000000000000
    1     -1     66421.0000000000      -0.53822052240481      -0.14771463545104      -0.22022500996904
    1     -1     66422.0000000000      -0.53822052240481      -0.14771463545104      -0.22022500996904
    1     -1     66423.0000000000      -0.53822052240481      -0.14771463545104      -0.22022500996904
    1     -1     66423.0000000000       0.00000000000000       0.00000000000000       0.00000000000000
    1     -1     66423.0000000000       0.00000000000000       0.00000000000000       0.00000000000000
    1     -1     66423.0000000000      -0.53911602587489      -0.14537083979187      -0.21959332608954
    1     -1     66424.0000000000      -0.53911602587489      -0.14537083979187      -0.21959332608954
    1     -1     66425.0000000000      -0.53911602587489      -0.14537083979187      -0.21959332608954
    1     -1     66425.0000000000       0.00000000000000       0.00000000000000       0.00000000000000
    1     -1     66425.0000000000       0.00000000000000       0.00000000000000       0.00000000000000
    1     -1     66425.0000000000      -0.54004482454639      -0.14295538995545      -0.21889573600996
    1     -1     66426.0000000000      -0.54004482454639      -0.14295538995545      -0.21889573600996
    1     -1     66427.0000000000      -0.54004482454639      -0.14295538995545      -0.21889573600996
    1     -1     66427.0000000000       0.00000000000000       0.00000000000000       0.00000000000000
    1     -1     66427.0000000000       0.00000000000000       0.00000000000000       0.00000000000000
    1     -1     66427.0000000000      -0.54100640918617      -0.14046794853577      -0.21813028201888
    1     -1     66428.0000000000      -0.54100640918617      -0.14046794853577      -0.21813028201888
    1     -1     66429.0000000000      -0.54100640918617      -0.14046794853577      -0.21813028201888
    1     -1     66429.0000000000       0.00000000000000       0.00000000000000       0.00000000000000
    1     -1     66429.0000000000       0.00000000000000       0.00000000000000       0.00000000000000
    1     -1     66429.0000000000      -0.54200019931239      -0.13790821936080      -0.21729497522508
    1     -1     66430.0000000000      -0.54200019931239      -0.13790821936080      -0.21729497522508
    1     -1     66431.0000000000      -0.54200019931239      -0.13790821936080      -0.21729497522508
    1     -1     66431.0000000000       0.00000000000000       0.00000000000000       0.00000000000000
    1     -1     66431.0000000000       0.00000000000000       0.00000000000000       0.00000000000000
    1     -1     66431.0000000000      -0.54302554016109      -0.13527595142177      -0.21638779766820
    1     -1     66432.0000000000      -0.54302554016109      -0.13527595142177      -0.21638779766820
    1     -1     66433.0000000000      -0.54302554016109      -0.13527595142177      -0.21638779766820
    1     -1     66433.0000000000       0.00000000000000       0.00000000000000       0.00000000000000
    1     -1     66433.0000000000       0.00000000000000       0.00000000000000       0.00000000000000
    1     -1     66433.0000000000      -0.54408169968084      -0.13257094298341      -0.21540670469812
    1     -1     66434.0000000000      -0.54408169968084      -0.13257094298341      -0.21540670469812
    1     -1     66435.0000000000      -0.54408169968084      -0.13257094298341      -0.21540670469812
    1     -1     66435.0000000000       0.00000000000000       0.00000000000000       0.00000000000000
    1     -1     66435.0000000000       0.00000000000000       0.00000000000000       0.00000000000000
    1     -1     66435.0000000000      -0.54516786559366      -0.12979304586530      -0.21434962759255
    1     -1     66436.0000000000      -0.54516786559366      -0.12979304586530      -0.21434962759255
    1     -1     66437.0000000000      -0.54516786559366      -0.12979304586530      -0.21434962759255
    1     -1     66437.0000000000       0.00000000000000       0.00000000000000       0.00000000000000
    1     -1     66437.0000000000       0.00000000000000       0.00000000000000       0.00000000000000
    1     -1     66437.0000000000      -0.54628314249745      -0.12694216996930      -0.21321447649395
    1     -1     66438.0000000000      -0.54628314249745      -0.12694216996930      -0.21321447649395
    1     -1     66439.0000000000      -0.54628314249745      -0.12694216996930      -0.21321447649395
    1     -1     66439.0000000000       0.00000000000000       0.00000000000000       0.00000000000000
    1     -1     66439.0000000000       0.00000000000000       0.00000000000000       0.00000000000000
    1     -1     66439.0000000000      -0.54742654893351      -0.12401828811107      -0.21199914390569
    1     -1     66440.0000000000      -0.54742654893351      -0.12401828811107      -0.21199914390569
    1     -1     66441.0000000000      -0.54742654893351      -0.12401828811107      -0.21199914390569
    1     -1     66441.0000000000       0.00000000000000       0.00000000000000       0.00000000000000
    1     -1     66441.0000000000       0.00000000000000       0.00000000000000       0.00000000000000
    1     -1     66441.0000000000      -0.54859701449366      -0.12102144091478      -0.21070150879278
    1     -1     66442.0000000000      -0.54859701449366      -0.12102144091478      -0.21070150879278
    1     -1     66443.0000000000      -0.54859701449366      -0.12102144091478      -0.21070150879278
    1     -1     66443.0000000000       0.00000000000000       0.00000000000000       0.00000000000000
    1     -1     66443.0000000000       0.00000000000000       0.00000000000000       0.00000000000000
    1     -1     66443.0000000000      -0.54979337726034      -0.11795174150512      -0.20931944075165
    1     -1     66444.0000000000      -0.54979337726034      -0.11795174150512      -0.20931944075165
    1     -1     66445.0000000000      -0.54979337726034      -0.11795174150512      -0.20931944075165
    1     -1     66445.0000000000       0.00000000000000       0.00000000000000       0.00000000000000
    1     -1     66445.0000000000       0.00000000000000       0.00000000000000       0.00000000000000
    1     -1     66445.0000000000      -0.55101438145819      -0.11480938059557      -0.20785080426475
    1     -1     66446.0000000000      -0.55101438145819      -0.11480938059557      -0.20785080426475
    1     -1     66447.0000000000      -0.55101438145819      -0.11480938059557      -0.20785080426475
    1     -1     66447.0000000000       0.00000000000000       0.00000000000000       0.00000000000000
    1     -1     66447.0000000000       0.00000000000000       0.00000000000000       0.00000000000000
    1     -1     66447.0000000000      -0.55225867525751      -0.11159463190414      -0.20629346333076
    1     -1     66448.0000000000      -0.55225867525751      -0.11159463190414      -0.20629346333076
    1     -1     66449.0000000000      -0.55225867525751      -0.11159463190414      -0.20629346333076
    1     -1     66449.0000000000       0.00000000000000       0.00000000000000       0.00000000000000
    1     -1     66449.0000000000       0.00000000000000       0.00000000000000       0.00000000000000
    1     -1     66449.0000000000      -0.55352480876937      -0.10830785752797      -0.20464528666582
    1     -1     66450.0000000000      -0.55352480876937      -0.10830785752797      -0.20464528666582
    1     -1     66451.0000000000      -0.55352480876937      -0.10830785752797      -0.20464528666582
    1     -1     66451.0000000000       0.00000000000000       0.00000000000000       0.00000000000000
    1     -1     66451.0000000000       0.00000000000000       0.00000000000000       0.00000000000000
    1     -1     66451.0000000000      -0.55481123226974      -0.10494951334935      -0.20290415341995
    1     -1     66452.0000000000      -0.55481123226974      -0.10494951334935      -0.20290415341995
    1     -1     66453.0000000000      -0.55481123226974      -0.10494951334935      -0.20290415341995
    1     -1     66453.0000000000       0.00000000000000       0.00000000000000       0.00000000000000
    1     -1     66453.0000000000       0.00000000000000       0.00000000000000       0.00000000000000
    1     -1     66453.0000000000      -0.55611629471470      -0.10152015451822      -0.20106795930578
    1     -1     66454.0000000000      -0.55611629471470      -0.10152015451822      -0.20106795930578
    1     -1     66455.0000000000      -0.55611629471470      -0.10152015451822      -0.20106795930578
    1     -1     66455.0000000000       0.00000000000000       0.00000000000000       0.00000000000000
    1     -1     66455.0000000000       0.00000000000000       0.00000000000000       0.00000000000000
    1     -1     66455.0000000000      -0.55743824260096      -0.09802044097167      -0.19913462310124
    1     -1     66456.0000000000      -0.55743824260096      -0.09802044097167      -0.19913462310124
    1     -1     66457.0000000000      -0.55743824260096      -0.09802044097167      -0.19913462310124
    1     -1     66457.0000000000       0.00000000000000       0.00000000000000       0.00000000000000
    1     -1     66457.0000000000       0.00000000000000       0.00000000000000       0.00000000000000
    1     -1     66457.0000000000      -0.55877521920720      -0.09445114294944      -0.19710209353401
    1     -1     66458.0000000000      -0.55877521920720      -0.09445114294944      -0.19710209353401
    1     -1     66459.0000000000      -0.55877521920720      -0.09445114294944      -0.19710209353401
    1     -1     66459.0000000000       0.00000000000000       0.00000000000000       0.00000000000000
    1     -1     66459.0000000000       0.00000000000000       0.00000000000000       0.00000000000000
    1     -1     66459.0000000000      -0.56012526426530      -0.09081314645875      -0.19496835651457
    1     -1     66460.0000000000      -0.56012526426530      -0.09081314645875      -0.19496835651457
    1     -1     66461.0000000000      -0.56012526426530      -0.09081314645875      -0.19496835651457
    1     -1     66461.0000000000       0.00000000000000       0.00000000000000       0.00000000000000
    1     -1     66461.0000000000       0.00000000000000       0.00000000000000       0.00000000000000
    1     -1     66461.0000000000      -0.56148631409097      -0.08710745865285      -0.19273144272686
    1     -1     66462.0000000000      -0.56148631409097      -0.08710745865285      -0.19273144272686
    1     -1     66463.0000000000      -0.56148631409097      -0.08710745865285      -0.19273144272686
    1     -1     66463.0000000000       0.00000000000000       0.00000000000000       0.00000000000000
    1     -1     66463.0000000000       0.00000000000000       0.00000000000000       0.00000000000000
    1     -1     66463.0000000000      -0.56285620220719      -0.08333521308109      -0.19038943557253
    1     -1     66464.0000000000      -0.56285620220719      -0.08333521308109      -0.19038943557253
    1     -1     66465.0000000000      -0.56285620220719      -0.08333521308109      -0.19038943557253
    1     -1     66465.0000000000       0.00000000000000       0.00000000000000       0.00000000000000
    1     -1     66465.0000000000       0.00000000000000       0.00000000000000       0.00000000000000
    1     -1     66465.0000000000      -0.56423266040809      -0.07949767481687      -0.18794047969377
    1     -1     66466.0000000000      -0.56423266040809      -0.07949767481687      -0.18794047969377
    1     -1     66467.0000000000      -0.56423266040809      -0.07949767481687      -0.18794047969377
    1     -1     66467.0000000000       0.00000000000000       0.00000000000000       0.00000000000000
    1     -1     66467.0000000000       0.00000000000000       0.00000000000000       0.00000000000000
    1     -1     66467.0000000000      -0.56561332026258      -0.07559624541262      -0.18538279019654
    1     -1     66468.0000000000      -0.56561332026258      -0.07559624541262      -0.18538279019654
    1     -1     66469.0000000000      -0.56561332026258      -0.07559624541262      -0.18538279019654
    1     -1     66469.0000000000       0.00000000000000       0.00000000000000       0.00000000000000
    1     -1     66469.0000000000       0.00000000000000       0.00000000000000       0.00000000000000
    1     -1     66469.0000000000      -0.56699571550881      -0.07163246737312      -0.18271466140596
    1     -1     66470.0000000000      -0.56699571550881      -0.07163246737312      -0.18271466140596
    1     -1     66471.0000000000      -0.56699571550881      -0.07163246737312      -0.18271466140596
    1     -1     66471.0000000000       0.00000000000000       0.00000000000000       0.00000000000000
    1     -1     66471.0000000000       0.00000000000000       0.00000000000000       0.00000000000000
    1     -1     66471.0000000000      -0.56837728503525      -0.06760802836791      -0.17993447595210
    1     -1     66472.0000000000      -0.56837728503525      -0.06760802836791      -0.17993447595210
    1     -1     66473.0000000000      -0.56837728503525      -0.06760802836791      -0.17993447595210
    1     -1     66473.0000000000       0.00000000000000       0.00000000000000       0.00000000000000
    1     -1     66473.0000000000       0.00000000000000       0.00000000000000       0.00000000000000
    1     -1     66473.0000000000      -0.56975537597709      -0.06352476541290      -0.17704071566858
    1     -1     66474.0000000000      -0.56975537597709      -0.06352476541290      -0.17704071566858
    1     -1     66475.0000000000      -0.56975537597709      -0.06352476541290      -0.17704071566858
    1     -1     66475.0000000000       0.00000000000000       0.00000000000000       0.00000000000000
    1     -1     66475.0000000000       0.00000000000000       0.00000000000000       0.00000000000000
    1     -1     66475.0000000000      -0.57112725385726      -0.05938466492586      -0.17403195325317
    1     -1     66476.0000000000      -0.57112725385726      -0.05938466492586      -0.17403195325317
    1     -1     66477.0000000000      -0.57112725385726      -0.05938466492586      -0.17403195325317
    1     -1     66477.0000000000       0.00000000000000       0.00000000000000       0.00000000000000
    1     -1     66477.0000000000       0.00000000000000       0.00000000000000       0.00000000000000
    1     -1     66477.0000000000      -0.57249008926932      -0.05518987516783      -0.17090691807929
    1     -1     66478.0000000000      -0.57249008926932      -0.05518987516783      -0.17090691807929
    1     -1     66479.0000000000      -0.57249008926932      -0.05518987516783      -0.17090691807929
    1     -1     66479.0000000000       0.00000000000000       0.00000000000000       0.00000000000000
    1     -1     66479.0000000000       0.00000000000000       0.00000000000000       0.00000000000000
    1     -1     66479.0000000000      -0.57384098434679      -0.05094270080969      -0.16766444225931
    1     -1     66480.0000000000      -0.57384098434679      -0.05094270080969      -0.16766444225931
    1     -1     66481.0000000000      -0.57384098434679      -0.05094270080969      -0.16766444225931
    1     -1     66481.0000000000       0.00000000000000       0.00000000000000       0.00000000000000
    1     -1     66481.0000000000       0.00000000000000       0.00000000000000       0.00000000000000
    1     -1     66481.0000000000      -0.26662222445871      -0.02162261286074      -0.07616265125754
    1     -1     66482.0000000000      -0.26662222445871      -0.02162261286074      -0.07616265125754
    1     -1     66483.0000000000      -0.26662222445871      -0.02162261286074      -0.07616265125754
    1     -1     66483.0000000000       0.00000000000000       0.00000000000000       0.00000000000000
    1     -1     66923.0000000000       0.00000000000000       0.00000000000000       0.00000000000000
    1     -1     66923.0000000000       0.00000000024713       0.00000000148629       0.00000000138583
    1     -1     66924.0000000000       0.00000000024713       0.00000000148629       0.00000000138583
    1     -1     66925.0000000000       0.00000000024713       0.00000000148629       0.00000000138583
    1     -1     66925.0000000000       0.00000000000000       0.00000000000000       0.00000000000000
    1     -1     66925.0000000000       0.00000000000000       0.00000000000000       0.00000000000000
    1     -1     66925.0000000000       0.04117290466116       0.25181523406960       0.23193532920801
    1     -1     66926.0000000000       0.04117290466116       0.25181523406960       0.23193532920801
    1     -1     66927.0000000000       0.04117290466116       0.25181523406960       0.23193532920801
    1     -1     66927.0000000000       0.00000000000000       0.00000000000000       0.00000000000000
    1     -1     66927.0000000000       0.00000000000000       0.00000000000000       0.00000000000000
    1     -1     66927.0000000000       0.07245363068450       0.44089251431744       0.40045506472369
    1     -1     66928.0000000000       0.07245363068450       0.44089251431744       0.40045506472369
    1     -1     66929.0000000000       0.07245363068450       0.44089251431744       0.40045506472369
    1     -1     66929.0000000000       0.00000000000000       0.00000000000000       0.00000000000000
    1     -1     66929.0000000000       0.00000000000000       0.00000000000000       0.00000000000000
    1     -1     66929.0000000000       0.07324314703020       0.44359571041469       0.39731383866510
    1     -1     66930.0000000000       0.07324314703020       0.44359571041469       0.39731383866510
    1     -1     66931.0000000000       0.07324314703020       0.44359571041469       0.39731383866510
    1     -1     66931.0000000000       0.00000000000000       0.00000000000000       0.00000000000000
    1     -1     66931.0000000000       0.00000000000000       0.00000000000000       0.00000000000000
    1     -1     66931.0000000000       0.07401321902383       0.44627938442154       0.39415321098535
    1     -1     66932.0000000000       0.07401321902383       0.44627938442154       0.39415321098535
    1     -1     66933.0000000000       0.07401321902383       0.44627938442154       0.39415321098535
    1     -1     66933.0000000000       0.00000000000000       0.00000000000000       0.00000000000000
    1     -1     66933.0000000000       0.00000000000000       0.00000000000000       0.00000000000000
    1     -1     66933.0000000000       0.07476533029699       0.44894307869172       0.39097347321831
    1     -1     66934.0000000000       0.07476533029699       0.44894307869172       0.39097347321831
    1     -1     66935.0000000000       0.07476533029699       0.44894307869172       0.39097347321831
    1     -1     66935.0000000000       0.00000000000000       0.00000000000000       0.00000000000000
    1     -1     66935.0000000000       0.00000000000000       0.00000000000000       0.00000000000000
    1     -1     66935.0000000000       0.07550126968818       0.45158665649957       0.38777448243407
    1     -1     66936.0000000000       0.07550126968818       0.45158665649957       0.38777448243407
    1     -1     66937.0000000000       0.07550126968818       0.45158665649957       0.38777448243407
    1     -1     66937.0000000000       0.00000000000000       0.00000000000000       0.00000000000000
    1     -1     66937.0000000000       0.00000000000000       0.00000000000000       0.00000000000000
    1     -1     66937.0000000000       0.07622294627891       0.45421010051210       0.38455590792082
    1     -1     66938.0000000000       0.07622294627891       0.45421010051210       0.38455590792082
    1     -1     66939.0000000000       0.07622294627891       0.45421010051210       0.38455590792082
    1     -1     66939.0000000000       0.00000000000000       0.00000000000000       0.00000000000000
    1     -1     66939.0000000000       0.00000000000000       0.00000000000000       0.00000000000000
    1     -1     66939.0000000000       0.07693214832805       0.45681318084845       0.38131766452878
    1     -1     66940.0000000000       0.07693214832805       0.45681318084845       0.38131766452878
    1     -1     66941.0000000000       0.07693214832805       0.45681318084845       0.38131766452878
    1     -1     66941.0000000000       0.00000000000000       0.00000000000000       0.00000000000000
    1     -1     66941.0000000000       0.00000000000000       0.00000000000000       0.00000000000000
    1     -1     66941.0000000000       0.01202974254504       0.07118854140925       0.05858468404492
    1     -1     66942.0000000000       0.01202974254504       0.07118854140925       0.05858468404492
    1     -1     66943.0000000000       0.01202974254504       0.07118854140925       0.05858468404492
    1     -1     66943.0000000000       0.00000000000000       0.00000000000000       0.00000000000000
    1     -1     66943.0000000000       0.00000000000000       0.00000000000000       0.00000000000000
    1     -1     66943.0000000000       0.00000000034398       0.00000000196529       0.00000000159108
    1     -1     66944.0000000000       0.00000000034398       0.00000000196529       0.00000000159108
    1     -1     66945.0000000000       0.00000000034398       0.00000000196529       0.00000000159108
    1     -1     66945.0000000000       0.00000000000000       0.00000000000000       0.00000000000000
    1  53410     67448.0000000000      138965482.210883230     -377393045.551575243        9518961.721134415       15.6279287667812        6.2165605266636       -1.0125804988350        1641.1648249571
    1  53410     67448.0000000000      138965482.210883230     -377393045.551575243        9518961.721134415       15.6279287667812        6.2165605266636       -1.0125804988350        1708.7897393993
    1     -1     67448.0000000000       0.00000000000000       0.00000000000000       0.00000000000000
    1     -1     67448.0000000000       0.54594029290226      -0.24821204544850       0.01843844787590
    1     -1     67449.0000000000       0.54594029290226      -0.24821204544850       0.01843844787590
    1     -1     67450.0000000000       0.54594029290226      -0.24821204544850       0.01843844787590
    1     -1     67450.0000000000       0.00000000000000       0.00000000000000       0.00000000000000
    1     -1     67450.0000000000       0.00000000000000       0.00000000000000       0.00000000000000
    1     -1     67450.0000000000       0.54559309124563      -0.24879250399406       0.02074772328250
    1     -1     67451.0000000000       0.54559309124563      -0.24879250399406       0.02074772328250
    1     -1     67452.0000000000       0.54559309124563      -0.24879250399406       0.02074772328250
    1     -1     67452.0000000000       0.00000000000000       0.00000000000000       0.00000000000000
    1     -1     67452.0000000000       0.00000000000000       0.00000000000000       0.00000000000000
    1     -1     67452.0000000000       0.54520740899957      -0.24942994619645       0.02309940242549
    1     -1     67453.0000000000       0.54520740899957      -0.24942994619645       0.02309940242549
    1     -1     67454.0000000000       0.54520740899957      -0.24942994619645       0.02309940242549
    1     -1     67454.0000000000       0.00000000000000       0.00000000000000       0.00000000000000
    1     -1     67454.0000000000       0.00000000000000       0.00000000000000       0.00000000000000
    1     -1     67454.0000000000       0.54478198847056      -0.25012523805847       0.02549410920689
    1     -1     67455.0000000000       0.54478198847056      -0.25012523805847       0.02549410920689
    1     -1     67456.0000000000       0.54478198847056      -0.25012523805847       0.02549410920689
    1     -1     67456.0000000000       0.00000000000000       0.00000000000000       0.00000000000000
    1     -1     67456.0000000000       0.00000000000000       0.00000000000000       0.00000000000000
    1     -1     67456.0000000000       0.54431552220924      -0.25087923264653       0.02793245762133
    1     -1     67457.0000000000       0.54431552220924      -0.25087923264653       0.02793245762133
    1     -1     67458.0000000000       0.54431552220924      -0.25087923264653       0.02793245762133
    1     -1     67458.0000000000       0.00000000000000       0.00000000000000       0.00000000000000
    1     -1     67458.0000000000       0.00000000000000       0.00000000000000       0.00000000000000
    1     -1     67458.0000000000       0.54380665197630      -0.25169276766066       0.03041504978865
    1     -1     67459.0000000000       0.54380665197630      -0.25169276766066       0.03041504978865
    1     -1     67460.0000000000       0.54380665197630      -0.25169276766066       0.03041504978865
    1     -1     67460.0000000000       0.00000000000000       0.00000000000000       0.00000000000000
    1     -1     67460.0000000000       0.00000000000000       0.00000000000000       0.00000000000000
    1     -1     67460.0000000000       0.54325396778136      -0.25256666285499       0.03294247386122
    1     -1     67461.0000000000       0.54325396778136      -0.25256666285499       0.03294247386122
    1     -1     67462.0000000000       0.54325396778136      -0.25256666285499       0.03294247386122
    1     -1     67462.0000000000       0.00000000000000       0.00000000000000       0.00000000000000
    1     -1     67462.0000000000       0.00000000000000       0.00000000000000       0.00000000000000
    1     -1     67462.0000000000       0.54265600708674      -0.25350171715891       0.03551530163418
    1     -1     67463.0000000000       0.54265600708674      -0.25350171715891       0.03551530163418
    1     -1     67464.0000000000       0.54265600708674      -0.25350171715891       0.03551530163418
    1     -1     67464.0000000000       0.00000000000000       0.00000000000000       0.00000000000000
    1     -1     67464.0000000000       0.00000000000000       0.00000000000000       0.00000000000000
    1     -1     67464.0000000000       0.54201125412844      -0.25449870562243       0.03813408599436
    1     -1     67465.0000000000       0.54201125412844      -0.25449870562243       0.03813408599436
    1     -1     67466.0000000000       0.54201125412844      -0.25449870562243       0.03813408599436
    1     -1     67466.0000000000       0.00000000000000       0.00000000000000       0.00000000000000
    1     -1     67466.0000000000       0.00000000000000       0.00000000000000       0.00000000000000
    1     -1     67466.0000000000       0.54131813985777      -0.25555837530305       0.04079935726684
    1     -1     67467.0000000000       0.54131813985777      -0.25555837530305       0.04079935726684
    1     -1     67468.0000000000       0.54131813985777      -0.25555837530305       0.04079935726684
    1     -1     67468.0000000000       0.00000000000000       0.00000000000000       0.00000000000000
    1     -1     67468.0000000000       0.00000000000000       0.00000000000000       0.00000000000000
    1     -1     67468.0000000000       0.54057504440513      -0.25668143683229       0.04351161491028
    1     -1     67469.0000000000       0.54057504440513      -0.25668143683229       0.04351161491028
    1     -1     67470.0000000000       0.54057504440513      -0.25668143683229       0.04351161491028
    1     -1     67470.0000000000       0.00000000000000       0.00000000000000       0.00000000000000
    1     -1     67470.0000000000       0.00000000000000       0.00000000000000       0.00000000000000
    1     -1     67470.0000000000       0.53978029822887      -0.25786855895796       0.04627132184087
    1     -1     67471.0000000000       0.53978029822887      -0.25786855895796       0.04627132184087
    1     -1     67472.0000000000       0.53978029822887      -0.25786855895796       0.04627132184087
    1     -1     67472.0000000000       0.00000000000000       0.00000000000000       0.00000000000000
    1     -1     67472.0000000000       0.00000000000000       0.00000000000000       0.00000000000000
    1     -1     67472.0000000000       0.53893212141821      -0.25912046966814       0.04907901774310
    1     -1     67473.0000000000       0.53893212141821      -0.25912046966814       0.04907901774310
    1     -1     67474.0000000000       0.53893212141821      -0.25912046966814       0.04907901774310
    1     -1     67474.0000000000       0.00000000000000       0.00000000000000       0.00000000000000
    1     -1     67474.0000000000       0.00000000000000       0.00000000000000       0.00000000000000
    1     -1     67474.0000000000       0.53802880363014      -0.26043764023588       0.05193497176939
    1     -1     67475.0000000000       0.53802880363014      -0.26043764023588       0.05193497176939
    1     -1     67476.0000000000       0.53802880363014      -0.26043764023588       0.05193497176939
    1     -1     67476.0000000000       0.00000000000000       0.00000000000000       0.00000000000000
    1     -1     67476.0000000000       0.00000000000000       0.00000000000000       0.00000000000000
    1     -1     67476.0000000000       0.53706844032980      -0.26182073896083       0.05483967844290
    1     -1     67477.0000000000       0.53706844032980      -0.26182073896083       0.05483967844290
    1     -1     67478.0000000000       0.53706844032980      -0.26182073896083       0.05483967844290
    1     -1     67478.0000000000       0.00000000000000       0.00000000000000       0.00000000000000
    1     -1     67478.0000000000       0.00000000000000       0.00000000000000       0.00000000000000
    1     -1     67478.0000000000       0.53604913509458      -0.26327027459156       0.05779348199266
    1     -1     67479.0000000000       0.53604913509458      -0.26327027459156       0.05779348199266
    1     -1     67480.0000000000       0.53604913509458      -0.26327027459156       0.05779348199266
    1     -1     67480.0000000000       0.00000000000000       0.00000000000000       0.00000000000000
    1     -1     67480.0000000000       0.00000000000000       0.00000000000000       0.00000000000000
    1     -1     67480.0000000000       0.53496897408691      -0.26478664675300       0.06079660965633
    1     -1     67481.0000000000       0.53496897408691      -0.26478664675300       0.06079660965633
    1     -1     67482.0000000000       0.53496897408691      -0.26478664675300       0.06079660965633
    1     -1     67482.0000000000       0.00000000000000       0.00000000000000       0.00000000000000
    1     -1     67482.0000000000       0.00000000000000       0.00000000000000       0.00000000000000
    1     -1     67482.0000000000       0.53382595351959      -0.26637026010588       0.06384931604980
    1     -1     67483.0000000000       0.53382595351959      -0.26637026010588       0.06384931604980
    1     -1     67484.0000000000       0.53382595351959      -0.26637026010588       0.06384931604980
    1     -1     67484.0000000000       0.00000000000000       0.00000000000000       0.00000000000000
    1     -1     67484.0000000000       0.00000000000000       0.00000000000000       0.00000000000000
    1     -1     67484.0000000000       0.53261801843548      -0.26802145744528       0.06695180405908
    1     -1     67485.0000000000       0.53261801843548      -0.26802145744528       0.06695180405908
    1     -1     67486.0000000000       0.53261801843548      -0.26802145744528       0.06695180405908
    1     -1     67486.0000000000       0.00000000000000       0.00000000000000       0.00000000000000
    1     -1     67486.0000000000       0.00000000000000       0.00000000000000       0.00000000000000
    1     -1     67486.0000000000       0.53134307137419      -0.26974050562887       0.07010420390906
    1     -1     67487.0000000000       0.53134307137419      -0.26974050562887       0.07010420390906
    1     -1     67488.0000000000       0.53134307137419      -0.26974050562887       0.07010420390906
    1     -1     67488.0000000000       0.00000000000000       0.00000000000000       0.00000000000000
    1     -1     67488.0000000000       0.00000000000000       0.00000000000000       0.00000000000000
    1     -1     67488.0000000000       0.35396335715172      -0.18134145592863       0.04895821021016
    1     -1     67489.0000000000       0.35396335715172      -0.18134145592863       0.04895821021016
    1     -1     67490.0000000000       0.35396335715172      -0.18134145592863       0.04895821021016
    1     -1     67490.0000000000       0.00000000000000       0.00000000000000       0.00000000000000
    1     -1     67846.0000000000       0.00000000000000       0.00000000000000       0.00000000000000
    1     -1     67846.0000000000      -0.12027792083880      -0.24178459779748       0.17693153871156
    1     -1     67847.0000000000      -0.12027792083880      -0.24178459779748       0.17693153871156
    1     -1     67848.0000000000      -0.12027792083880      -0.24178459779748       0.17693153871156
    1     -1     67848.0000000000       0.00000000000000       0.00000000000000       0.00000000000000
    1     -1     67848.0000000000       0.00000000000000       0.00000000000000       0.00000000000000
    1     -1     67848.0000000000      -0.22738952159982      -0.44813459968941       0.32782523592277
    1     -1     67849.0000000000      -0.22738952159982      -0.44813459968941       0.32782523592277
    1     -1     67850.0000000000      -0.22738952159982      -0.44813459968941       0.32782523592277
    1     -1     67850.0000000000       0.00000000000000       0.00000000000000       0.00000000000000
    1     -1     67850.0000000000       0.00000000000000       0.00000000000000       0.00000000000000
    1     -1     67850.0000000000      -0.23127041902667      -0.44689673085412       0.32679856871646
    1     -1     67851.0000000000      -0.23127041902667      -0.44689673085412       0.32679856871646
    1     -1     67852.0000000000      -0.23127041902667      -0.44689673085412       0.32679856871646
    1     -1     67852.0000000000       0.00000000000000       0.00000000000000       0.00000000000000
    1     -1     67852.0000000000       0.00000000000000       0.00000000000000       0.00000000000000
    1     -1     67852.0000000000      -0.23517393373275      -0.44563187394804       0.32573831996592
    1     -1     67853.0000000000      -0.23517393373275      -0.44563187394804       0.32573831996592
    1     -1     67854.0000000000      -0.23517393373275      -0.44563187394804       0.32573831996592
    1     -1     67854.0000000000       0.00000000000000       0.00000000000000       0.00000000000000
    1     -1     67854.0000000000       0.00000000000000       0.00000000000000       0.00000000000000
    1     -1     67854.0000000000      -0.23909899340112      -0.44433996242802       0.32464391019089
    1     -1     67855.0000000000      -0.23909899340112      -0.44433996242802       0.32464391019089
    1     -1     67856.0000000000      -0.23909899340112      -0.44433996242802       0.32464391019089
    1     -1     67856.0000000000       0.00000000000000       0.00000000000000       0.00000000000000
    1     -1     67856.0000000000       0.00000000000000       0.00000000000000       0.00000000000000
    1     -1     67856.0000000000      -0.24304471643540      -0.44302089878924       0.32351468023694
    1     -1     67857.0000000000      -0.24304471643540      -0.44302089878924       0.32351468023694
    1     -1     67858.0000000000      -0.24304471643540      -0.44302089878924       0.32351468023694
    1     -1     67858.0000000000       0.00000000000000       0.00000000000000       0.00000000000000
    1     -1     67858.0000000000       0.00000000000000       0.00000000000000       0.00000000000000
    1     -1     67858.0000000000      -0.24701006050397      -0.44167464307521       0.32235002552227
    1     -1     67859.0000000000      -0.24701006050397      -0.44167464307521       0.32235002552227
    1     -1     67860.0000000000      -0.24701006050397      -0.44167464307521       0.32235002552227
    1     -1     67860.0000000000       0.00000000000000       0.00000000000000       0.00000000000000
    1     -1     67860.0000000000       0.00000000000000       0.00000000000000       0.00000000000000
    1     -1     67860.0000000000      -0.25099390039699      -0.44030119498097       0.32114937169771
    1     -1     67861.0000000000      -0.25099390039699      -0.44030119498097       0.32114937169771
    1     -1     67862.0000000000      -0.25099390039699      -0.44030119498097       0.32114937169771
    1     -1     67862.0000000000       0.00000000000000       0.00000000000000       0.00000000000000
    1     -1     67862.0000000000       0.00000000000000       0.00000000000000       0.00000000000000
    1     -1     67862.0000000000      -0.25499504359361      -0.43890059256149       0.31991217055915
    1     -1     67863.0000000000      -0.25499504359361      -0.43890059256149       0.31991217055915
    1     -1     67864.0000000000      -0.25499504359361      -0.43890059256149       0.31991217055915
    1     -1     67864.0000000000       0.00000000000000       0.00000000000000       0.00000000000000
    1     -1     67864.0000000000       0.00000000000000       0.00000000000000       0.00000000000000
    1     -1     67864.0000000000      -0.25901222498437      -0.43747291592812       0.31863790486695
    1     -1     67865.0000000000      -0.25901222498437      -0.43747291592812       0.31863790486695
    1     -1     67866.0000000000      -0.25901222498437      -0.43747291592812       0.31863790486695
    1     -1     67866.0000000000       0.00000000000000       0.00000000000000       0.00000000000000
    1     -1     67866.0000000000       0.00000000000000       0.00000000000000       0.00000000000000
    1     -1     67866.0000000000      -0.26304410654824      -0.43601828966512       0.31732609153320
    1     -1     67867.0000000000      -0.26304410654824      -0.43601828966512       0.31732609153320
    1     -1     67868.0000000000      -0.26304410654824      -0.43601828966512       0.31732609153320
    1     -1     67868.0000000000       0.00000000000000       0.00000000000000       0.00000000000000
    1     -1     67868.0000000000       0.00000000000000       0.00000000000000       0.00000000000000
    1     -1     67868.0000000000      -0.26708927879284      -0.43453688483807       0.31597628415618
    1     -1     67869.0000000000      -0.26708927879284      -0.43453688483807       0.31597628415618
    1     -1     67870.0000000000      -0.26708927879284      -0.43453688483807       0.31597628415618
    1     -1     67870.0000000000       0.00000000000000       0.00000000000000       0.00000000000000
    1     -1     67870.0000000000       0.00000000000000       0.00000000000000       0.00000000000000
    1     -1     67870.0000000000      -0.27114626292883      -0.43302892081054       0.31458807530069
    1     -1     67871.0000000000      -0.27114626292883      -0.43302892081054       0.31458807530069
    1     -1     67872.0000000000      -0.27114626292883      -0.43302892081054       0.31458807530069
    1     -1     67872.0000000000       0.00000000000000       0.00000000000000       0.00000000000000
    1     -1     67872.0000000000       0.00000000000000       0.00000000000000       0.00000000000000
    1     -1     67872.0000000000      -0.27521351351435      -0.43149466690338       0.31316109862661
    1     -1     67873.0000000000      -0.27521351351435      -0.43149466690338       0.31316109862661
    1     -1     67874.0000000000      -0.27521351351435      -0.43149466690338       0.31316109862661
    1     -1     67874.0000000000       0.00000000000000       0.00000000000000       0.00000000000000
    1     -1     67874.0000000000       0.00000000000000       0.00000000000000       0.00000000000000
    1     -1     67874.0000000000      -0.27928942131412      -0.42993444395345       0.31169503095889
    1     -1     67875.0000000000      -0.27928942131412      -0.42993444395345       0.31169503095889
    1     -1     67876.0000000000      -0.27928942131412      -0.42993444395345       0.31169503095889
    1     -1     67876.0000000000       0.00000000000000       0.00000000000000       0.00000000000000
    1     -1     67876.0000000000       0.00000000000000       0.00000000000000       0.00000000000000
    1     -1     67876.0000000000      -0.28337231619965      -0.42834862581614       0.31018959436620
    1     -1     67877.0000000000      -0.28337231619965      -0.42834862581614       0.31018959436620
    1     -1     67878.0000000000      -0.28337231619965      -0.42834862581614       0.31018959436620
    1     -1     67878.0000000000       0.00000000000000       0.00000000000000       0.00000000000000
    1     -1     67878.0000000000       0.00000000000000       0.00000000000000       0.00000000000000
    1     -1     67878.0000000000      -0.28746047015869      -0.42673764078766       0.30864455820754
    1     -1     67879.0000000000      -0.28746047015869      -0.42673764078766       0.30864455820754
    1     -1     67880.0000000000      -0.28746047015869      -0.42673764078766       0.30864455820754
    1     -1     67880.0000000000       0.00000000000000       0.00000000000000       0.00000000000000
    1     -1     67880.0000000000       0.00000000000000       0.00000000000000       0.00000000000000
    1     -1     67880.0000000000      -0.29155210052578      -0.42510197290250       0.30705974108210
    1     -1     67881.0000000000      -0.29155210052578      -0.42510197290250       0.30705974108210
    1     -1     67882.0000000000      -0.29155210052578      -0.42510197290250       0.30705974108210
    1     -1     67882.0000000000       0.00000000000000       0.00000000000000       0.00000000000000
    1     -1     67882.0000000000       0.00000000000000       0.00000000000000       0.00000000000000
    1     -1     67882.0000000000      -0.29564537340098      -0.42344216310375       0.30543501268291
    1     -1     67883.0000000000      -0.29564537340098      -0.42344216310375       0.30543501268291
    1     -1     67884.0000000000      -0.29564537340098      -0.42344216310375       0.30543501268291
    1     -1     67884.0000000000       0.00000000000000       0.00000000000000       0.00000000000000
    1     -1     67884.0000000000       0.00000000000000       0.00000000000000       0.00000000000000
    1     -1     67884.0000000000      -0.29973840744243      -0.42175881020693       0.30377029544825
    1     -1     67885.0000000000      -0.29973840744243      -0.42175881020693       0.30377029544825
    1     -1     67886.0000000000      -0.29973840744243      -0.42175881020693       0.30377029544825
    1     -1     67886.0000000000       0.00000000000000       0.00000000000000       0.00000000000000
    1     -1     67886.0000000000       0.00000000000000       0.00000000000000       0.00000000000000
    1     -1     67886.0000000000      -0.30382927779593      -0.42005257171878       0.30206556610518
    1     -1     67887.0000000000      -0.30382927779593      -0.42005257171878       0.30206556610518
    1     -1     67888.0000000000      -0.30382927779593      -0.42005257171878       0.30206556610518
    1     -1     67888.0000000000       0.00000000000000       0.00000000000000       0.00000000000000
    1     -1     67888.0000000000       0.00000000000000       0.00000000000000       0.00000000000000
    1     -1     67888.0000000000      -0.30791602041064      -0.41832416440487       0.30032085696708
    1     -1     67889.0000000000      -0.30791602041064      -0.41832416440487       0.30032085696708
    1     -1     67890.0000000000      -0.30791602041064      -0.41832416440487       0.30032085696708
    1     -1     67890.0000000000       0.00000000000000       0.00000000000000       0.00000000000000
    1     -1     67890.0000000000       0.00000000000000       0.00000000000000       0.00000000000000
    1     -1     67890.0000000000      -0.31199663655448      -0.41657436464926       0.29853625705390
    1     -1     67891.0000000000      -0.31199663655448      -0.41657436464926       0.29853625705390
    1     -1     67892.0000000000      -0.31199663655448      -0.41657436464926       0.29853625705390
    1     -1     67892.0000000000       0.00000000000000       0.00000000000000       0.00000000000000
    1     -1     67892.0000000000       0.00000000000000       0.00000000000000       0.00000000000000
    1     -1     67892.0000000000      -0.31606909721490      -0.41480400872729       0.29671191315741
    1     -1     67893.0000000000      -0.31606909721490      -0.41480400872729       0.29671191315741
    1     -1     67894.0000000000      -0.31606909721490      -0.41480400872729       0.29671191315741
    1     -1     67894.0000000000       0.00000000000000       0.00000000000000       0.00000000000000
    1     -1     67894.0000000000       0.00000000000000       0.00000000000000       0.00000000000000
    1     -1     67894.0000000000      -0.32013132872947      -0.41301402186186       0.29484801066209
    1     -1     67895.0000000000      -0.32013132872947      -0.41301402186186       0.29484801066209
    1     -1     67896.0000000000      -0.32013132872947      -0.41301402186186       0.29484801066209
    1     -1     67896.0000000000       0.00000000000000       0.00000000000000       0.00000000000000
    1     -1     67896.0000000000       0.00000000000000       0.00000000000000       0.00000000000000
    1     -1     67896.0000000000      -0.32418134006569      -0.41120525402275       0.29294487040619
    1     -1     67897.0000000000      -0.32418134006569      -0.41120525402275       0.29294487040619
    1     -1     67898.0000000000      -0.32418134006569      -0.41120525402275       0.29294487040619
    1     -1     67898.0000000000       0.00000000000000       0.00000000000000       0.00000000000000
    1  23760     68063.0000000000      103491117.495294988      326193841.172454894       -6049388.300368316      -19.7915569750652        3.2787049438505        1.1731719544644        1586.6626205489
    1  23760     68063.0000000000      103491117.495294988      326193841.172454894       -6049388.300368316      -19.7915569750652        3.2787049438505        1.1731719544644        1654.6982126091
    1     -1     68063.0000000000       0.00000000000000       0.00000000000000       0.00000000000000
    1     -1     68063.0000000000      -0.58969307937452      -0.08022854659730      -0.07632464692794
    1     -1     68064.0000000000      -0.58969307937452      -0.08022854659730      -0.07632464692794
    1     -1     68065.0000000000      -0.58969307937452      -0.08022854659730      -0.07632464692794
    1     -1     68065.0000000000       0.00000000000000       0.00000000000000       0.00000000000000
    1     -1     68065.0000000000       0.00000000000000       0.00000000000000       0.00000000000000
    1     -1     68065.0000000000      -0.59132364726501      -0.07256214953633      -0.07121150131738
    1     -1     68066.0000000000      -0.59132364726501      -0.07256214953633      -0.07121150131738
    1     -1     68067.0000000000      -0.59132364726501      -0.07256214953633      -0.07121150131738
    1     -1     68067.0000000000       0.00000000000000       0.00000000000000       0.00000000000000
    1     -1     68067.0000000000       0.00000000000000       0.00000000000000       0.00000000000000
    1     -1     68067.0000000000      -0.59285634042336      -0.06465717735740      -0.06588481096573
    1     -1     68068.0000000000      -0.59285634042336      -0.06465717735740      -0.06588481096573
    1     -1     68069.0000000000      -0.59285634042336      -0.06465717735740      -0.06588481096573
    1     -1     68069.0000000000       0.00000000000000       0.00000000000000       0.00000000000000
    1     -1     68069.0000000000       0.00000000000000       0.00000000000000       0.00000000000000
    1     -1     68069.0000000000      -0.59427871892521      -0.05650102749593      -0.06033603736174
    1     -1     68070.0000000000      -0.59427871892521      -0.05650102749593      -0.06033603736174
    1     -1     68071.0000000000      -0.59427871892521      -0.05650102749593      -0.06033603736174
    1     -1     68071.0000000000       0.00000000000000       0.00000000000000       0.00000000000000
    1     -1     68071.0000000000       0.00000000000000       0.00000000000000       0.00000000000000
    1     -1     68071.0000000000      -0.59557690049174      -0.04808065079103      -0.05455644691659
    1     -1     68072.0000000000      -0.59557690049174      -0.04808065079103      -0.05455644691659
    1     -1     68073.0000000000      -0.59557690049174      -0.04808065079103      -0.05455644691659
    1     -1     68073.0000000000       0.00000000000000       0.00000000000000       0.00000000000000
    1     -1     68073.0000000000       0.00000000000000       0.00000000000000       0.00000000000000
    1     -1     68073.0000000000      -0.59673541554240      -0.03938260405218      -0.04853713645764
    1     -1     68074.0000000000      -0.59673541554240      -0.03938260405218      -0.04853713645764
    1     -1     68075.0000000000      -0.59673541554240      -0.03938260405218      -0.04853713645764
    1     -1     68075.0000000000       0.00000000000000       0.00000000000000       0.00000000000000
    1     -1     68075.0000000000       0.00000000000000       0.00000000000000       0.00000000000000
    1     -1     68075.0000000000      -0.59773705857322      -0.03039305905796      -0.04226901997130
    1     -1     68076.0000000000      -0.59773705857322      -0.03039305905796      -0.04226901997130
    1     -1     68077.0000000000      -0.59773705857322      -0.03039305905796      -0.04226901997130
    1     -1     68077.0000000000       0.00000000000000       0.00000000000000       0.00000000000000
    1     -1     68077.0000000000       0.00000000000000       0.00000000000000       0.00000000000000
    1     -1     68077.0000000000      -0.59856273461165      -0.02109757736370      -0.03574275092382
    1     -1     68078.0000000000      -0.59856273461165      -0.02109757736370      -0.03574275092382
    1     -1     68079.0000000000      -0.59856273461165      -0.02109757736370      -0.03574275092382
    1     -1     68079.0000000000       0.00000000000000       0.00000000000000       0.00000000000000
    1     -1     68079.0000000000       0.00000000000000       0.00000000000000       0.00000000000000
    1     -1     68079.0000000000      -0.59919121184937      -0.01148200021741      -0.02894917258729
    1     -1     68080.0000000000      -0.59919121184937      -0.01148200021741      -0.02894917258729
    1     -1     68081.0000000000      -0.59919121184937      -0.01148200021741      -0.02894917258729
    1     -1     68081.0000000000       0.00000000000000       0.00000000000000       0.00000000000000
    1     -1     68081.0000000000       0.00000000000000       0.00000000000000       0.00000000000000
    1     -1     68081.0000000000      -0.12731498543417      -0.00032554652978      -0.00464589572531
    1     -1     68082.0000000000      -0.12731498543417      -0.00032554652978      -0.00464589572531
    1     -1     68083.0000000000      -0.12731498543417      -0.00032554652978      -0.00464589572531
    1     -1     68083.0000000000       0.00000000000000       0.00000000000000       0.00000000000000
    1     -1     68175.0000000000       0.00000000000000       0.00000000000000       0.00000000000000
    1     -1     68175.0000000000      -0.01704720285609       0.26837675017179       0.17304574660007
    1     -1     68176.0000000000      -0.01704720285609       0.26837675017179       0.17304574660007
    1     -1     68177.0000000000      -0.01704720285609       0.26837675017179       0.17304574660007
    1     -1     68177.0000000000       0.00000000000000       0.00000000000000       0.00000000000000
    1     -1     68177.0000000000       0.00000000000000       0.00000000000000       0.00000000000000
    1     -1     68177.0000000000      -0.01941929995071       0.50460054286321       0.32403885910733
    1     -1     68178.0000000000      -0.01941929995071       0.50460054286321       0.32403885910733
    1     -1     68179.0000000000      -0.01941929995071       0.50460054286321       0.32403885910733
    1     -1     68179.0000000000       0.00000000000000       0.00000000000000       0.00000000000000
    1     -1     68179.0000000000       0.00000000000000       0.00000000000000       0.00000000000000
    1     -1     68179.0000000000      -0.00745688265049       0.50544522481520       0.32321744831096
    1     -1     68180.0000000000      -0.00745688265049       0.50544522481520       0.32321744831096
    1     -1     68181.0000000000      -0.00745688265049       0.50544522481520       0.32321744831096
    1     -1     68181.0000000000       0.00000000000000       0.00000000000000       0.00000000000000
    1     -1     68181.0000000000       0.00000000000000       0.00000000000000       0.00000000000000
    1     -1     68181.0000000000       0.00391976942998       0.50610957876968       0.32223862115704
    1     -1     68182.0000000000       0.00391976942998       0.50610957876968       0.32223862115704
    1     -1     68183.0000000000       0.00391976942998       0.50610957876968       0.32223862115704
    1     -1     68183.0000000000       0.00000000000000       0.00000000000000       0.00000000000000
    1     -1     68183.0000000000       0.00000000000000       0.00000000000000       0.00000000000000
    1     -1     68183.0000000000       0.01472917279521       0.50661935497358       0.32112284240602
    1     -1     68184.0000000000       0.01472917279521       0.50661935497358       0.32112284240602
    1     -1     68185.0000000000       0.01472917279521       0.50661935497358       0.32112284240602
    1     -1     68185.0000000000       0.00000000000000       0.00000000000000       0.00000000000000
    1     -1     68185.0000000000       0.00000000000000       0.00000000000000       0.00000000000000
    1     -1     68185.0000000000       0.02499096505528       0.50699773651440       0.31988864643011
    1     -1     68186.0000000000       0.02499096505528       0.50699773651440       0.31988864643011
    1     -1     68187.0000000000       0.02499096505528       0.50699773651440       0.31988864643011
    1     -1     68187.0000000000       0.00000000000000       0.00000000000000       0.00000000000000
    1     -1     68187.0000000000       0.00000000000000       0.00000000000000       0.00000000000000
    1     -1     68187.0000000000       0.03472549468095       0.50726549594897       0.31855275217585
    1     -1     68188.0000000000       0.03472549468095       0.50726549594897       0.31855275217585
    1     -1     68189.0000000000       0.03472549468095       0.50726549594897       0.31855275217585
    1     -1     68189.0000000000       0.00000000000000       0.00000000000000       0.00000000000000
    1     -1     68189.0000000000       0.00000000000000       0.00000000000000       0.00000000000000
    1     -1     68189.0000000000       0.04395348243441       0.50744116396817       0.31713018741916
    1     -1     68190.0000000000       0.04395348243441       0.50744116396817       0.31713018741916
    1     -1     68191.0000000000       0.04395348243441       0.50744116396817       0.31713018741916
    1     -1     68191.0000000000       0.00000000000000       0.00000000000000       0.00000000000000
    1     -1     68191.0000000000       0.00000000000000       0.00000000000000       0.00000000000000
    1     -1     68191.0000000000       0.05269574425722       0.50754120292594       0.31563441692830
    1     -1     68192.0000000000       0.05269574425722       0.50754120292594       0.31563441692830
    1     -1     68193.0000000000       0.05269574425722       0.50754120292594       0.31563441692830
    1     -1     68193.0000000000       0.00000000000000       0.00000000000000       0.00000000000000
    1     -1     68193.0000000000       0.00000000000000       0.00000000000000       0.00000000000000
    1     -1     68193.0000000000       0.06097296823299       0.50758017986103       0.31407747043859
    1     -1     68194.0000000000       0.06097296823299       0.50758017986103       0.31407747043859
    1     -1     68195.0000000000       0.06097296823299       0.50758017986103       0.31407747043859
    1     -1     68195.0000000000       0.00000000000000       0.00000000000000       0.00000000000000
    1     -1     68195.0000000000       0.00000000000000       0.00000000000000       0.00000000000000
    1     -1     68195.0000000000       0.06880553816852       0.50757093506513       0.31247006748559
    1     -1     68196.0000000000       0.06880553816852       0.50757093506513       0.31247006748559
    1     -1     68197.0000000000       0.06880553816852       0.50757093506513       0.31247006748559
    1     -1     68197.0000000000       0.00000000000000       0.00000000000000       0.00000000000000
    1     -1     68197.0000000000       0.00000000000000       0.00000000000000       0.00000000000000
    1     -1     68197.0000000000       0.07621339692862       0.50752474344533       0.31082173701231
    1     -1     68198.0000000000       0.07621339692862       0.50752474344533       0.31082173701231
    1     -1     68199.0000000000       0.07621339692862       0.50752474344533       0.31082173701231
    1     -1     68199.0000000000       0.00000000000000       0.00000000000000       0.00000000000000
    1     -1     68199.0000000000       0.00000000000000       0.00000000000000       0.00000000000000
    1     -1     68199.0000000000       0.08321594330875       0.50745146687096       0.30914093036954
    1     -1     68200.0000000000       0.08321594330875       0.50745146687096       0.30914093036954
    1     -1     68201.0000000000       0.08321594330875       0.50745146687096       0.30914093036954
    1     -1     68201.0000000000       0.00000000000000       0.00000000000000       0.00000000000000
    1     -1     68201.0000000000       0.00000000000000       0.00000000000000       0.00000000000000
    1     -1     68201.0000000000       0.08983195675780       0.50735969643214       0.30743512691518
    1     -1     68202.0000000000       0.08983195675780       0.50735969643214       0.30743512691518
    1     -1     68203.0000000000       0.08983195675780       0.50735969643214       0.30743512691518
    1     -1     68203.0000000000       0.00000000000000       0.00000000000000       0.00000000000000
    1     -1     68203.0000000000       0.00000000000000       0.00000000000000       0.00000000000000
    1     -1     68203.0000000000       0.09607954514901       0.50725688409934       0.30571093179306
    1     -1     68204.0000000000       0.09607954514901       0.50725688409934       0.30571093179306
    1     -1     68205.0000000000       0.09607954514901       0.50725688409934       0.30571093179306
    1     -1     68205.0000000000       0.00000000000000       0.00000000000000       0.00000000000000
    1     -1     68205.0000000000       0.00000000000000       0.00000000000000       0.00000000000000
    1     -1     68205.0000000000       0.10197611132985       0.50714946368287       0.30397416581714
    1     -1     68206.0000000000       0.10197611132985       0.50714946368287       0.30397416581714
    1     -1     68207.0000000000       0.10197611132985       0.50714946368287       0.30397416581714
    1     -1     68207.0000000000       0.00000000000000       0.00000000000000       0.00000000000000
    1     -1     68207.0000000000       0.00000000000000       0.00000000000000       0.00000000000000
    1     -1     68207.0000000000       0.10753833479846       0.50704296129979       0.30222994759804
    1     -1     68208.0000000000       0.10753833479846       0.50704296129979       0.30222994759804
    1     -1     68209.0000000000       0.10753833479846       0.50704296129979       0.30222994759804
    1     -1     68209.0000000000       0.00000000000000       0.00000000000000       0.00000000000000
    1     -1     68209.0000000000       0.00000000000000       0.00000000000000       0.00000000000000
    1     -1     68209.0000000000       0.11278216548379       0.50694209575087       0.30048276819895
    1     -1     68210.0000000000       0.11278216548379       0.50694209575087       0.30048276819895
    1     -1     68211.0000000000       0.11278216548379       0.50694209575087       0.30048276819895
    1     -1     68211.0000000000       0.00000000000000       0.00000000000000       0.00000000000000
    1     -1     68211.0000000000       0.00000000000000       0.00000000000000       0.00000000000000
    1     -1     68211.0000000000       0.11772282699353       0.50685086935412       0.29873655872629
    1     -1     68212.0000000000       0.11772282699353       0.50685086935412       0.29873655872629
    1     -1     68213.0000000000       0.11772282699353       0.50685086935412       0.29873655872629
    1     -1     68213.0000000000       0.00000000000000       0.00000000000000       0.00000000000000
    1  16118     68213.0000000000     -162753114.252622932      269696923.149457276        9771919.380553063      -18.3996109342650      -11.3841873444007        1.6521183790798        1581.3644712549
    1  16118     68213.0000000000     -162753114.252622932      269696923.149457276        9771919.380553063      -18.3996109342650      -11.3841873444007        1.6521183790798        1661.7203918573
    1     -1     68213.0000000000       0.00000000000000       0.00000000000000       0.00000000000000
    1     -1     68213.0000000000      -0.18180006092539       0.52471561982813      -0.22720531559782
    1     -1     68214.0000000000      -0.18180006092539       0.52471561982813      -0.22720531559782
    1     -1     68215.0000000000      -0.18180006092539       0.52471561982813      -0.22720531559782
    1     -1     68215.0000000000       0.00000000000000       0.00000000000000       0.00000000000000
    1     -1     68215.0000000000       0.00000000000000       0.00000000000000       0.00000000000000
    1     -1     68215.0000000000      -0.17890594215613       0.52412474154344      -0.23083742860129
    1     -1     68216.0000000000      -0.17890594215613       0.52412474154344      -0.23083742860129
    1     -1     68217.0000000000      -0.17890594215613       0.52412474154344      -0.23083742860129
    1     -1     68217.0000000000       0.00000000000000       0.00000000000000       0.00000000000000
    1     -1     68217.0000000000       0.00000000000000       0.00000000000000       0.00000000000000
    1     -1     68217.0000000000      -0.17597423317607       0.52349961326724      -0.23448075282875
    1     -1     68218.0000000000      -0.17597423317607       0.52349961326724      -0.23448075282875
    1     -1     68219.0000000000      -0.17597423317607       0.52349961326724      -0.23448075282875
    1     -1     68219.0000000000       0.00000000000000       0.00000000000000       0.00000000000000
    1     -1     68219.0000000000       0.00000000000000       0.00000000000000       0.00000000000000
    1     -1     68219.0000000000      -0.17300702721776       0.52283882662942      -0.23813468706186
    1     -1     68220.0000000000      -0.17300702721776       0.52283882662942      -0.23813468706186
    1     -1     68221.0000000000      -0.17300702721776       0.52283882662942      -0.23813468706186
    1     -1     68221.0000000000       0.00000000000000       0.00000000000000       0.00000000000000
    1     -1     68221.0000000000       0.00000000000000       0.00000000000000       0.00000000000000
    1     -1     68221.0000000000      -0.17000640072164       0.52214097791548      -0.24179872244316
    1     -1     68222.0000000000      -0.17000640072164       0.52214097791548      -0.24179872244316
    1     -1     68223.0000000000      -0.17000640072164       0.52214097791548      -0.24179872244316
    1     -1     68223.0000000000       0.00000000000000       0.00000000000000       0.00000000000000
    1     -1     68223.0000000000       0.00000000000000       0.00000000000000       0.00000000000000
    1     -1     68223.0000000000      -0.16697439613370       0.52140467471091      -0.24547243329017
    1     -1     68224.0000000000      -0.16697439613370       0.52140467471091      -0.24547243329017
    1     -1     68225.0000000000      -0.16697439613370       0.52140467471091      -0.24547243329017
    1     -1     68225.0000000000       0.00000000000000       0.00000000000000       0.00000000000000
    1     -1     68225.0000000000       0.00000000000000       0.00000000000000       0.00000000000000
    1     -1     68225.0000000000      -0.16391301622028       0.52062852570556      -0.24915549485256
    1     -1     68226.0000000000      -0.16391301622028       0.52062852570556      -0.24915549485256
    1     -1     68227.0000000000      -0.16391301622028       0.52062852570556      -0.24915549485256
    1     -1     68227.0000000000       0.00000000000000       0.00000000000000       0.00000000000000
    1     -1     68227.0000000000       0.00000000000000       0.00000000000000       0.00000000000000
    1     -1     68227.0000000000      -0.16082421677897       0.51981113791122      -0.25284768434945
    1     -1     68228.0000000000      -0.16082421677897       0.51981113791122      -0.25284768434945
    1     -1     68229.0000000000      -0.16082421677897       0.51981113791122      -0.25284768434945
    1     -1     68229.0000000000       0.00000000000000       0.00000000000000       0.00000000000000
    1     -1     68229.0000000000       0.00000000000000       0.00000000000000       0.00000000000000
    1     -1     68229.0000000000      -0.15770988893819       0.51895111546973      -0.25654888416017
    1     -1     68230.0000000000      -0.15770988893819       0.51895111546973      -0.25654888416017
    1     -1     68231.0000000000      -0.15770988893819       0.51895111546973      -0.25654888416017
    1     -1     68231.0000000000       0.00000000000000       0.00000000000000       0.00000000000000
    1     -1     68231.0000000000       0.00000000000000       0.00000000000000       0.00000000000000
    1     -1     68231.0000000000      -0.15457185473070       0.51804705283914      -0.26025908639237
    1     -1     68232.0000000000      -0.15457185473070       0.51804705283914      -0.26025908639237
    1     -1     68233.0000000000      -0.15457185473070       0.51804705283914      -0.26025908639237
    1     -1     68233.0000000000       0.00000000000000       0.00000000000000       0.00000000000000
    1     -1     68233.0000000000       0.00000000000000       0.00000000000000       0.00000000000000
    1     -1     68233.0000000000      -0.15141185563090       0.51709753078357      -0.26397839478249
    1     -1     68234.0000000000      -0.15141185563090       0.51709753078357      -0.26397839478249
    1     -1     68235.0000000000      -0.15141185563090       0.51709753078357      -0.26397839478249
    1     -1     68235.0000000000       0.00000000000000       0.00000000000000       0.00000000000000
    1     -1     68235.0000000000       0.00000000000000       0.00000000000000       0.00000000000000
    1     -1     68235.0000000000      -0.14823154212216       0.51610111019675      -0.26770702877170
    1     -1     68236.0000000000      -0.14823154212216       0.51610111019675      -0.26770702877170
    1     -1     68237.0000000000      -0.14823154212216       0.51610111019675      -0.26770702877170
    1     -1     68237.0000000000       0.00000000000000       0.00000000000000       0.00000000000000
    1     -1     68237.0000000000       0.00000000000000       0.00000000000000       0.00000000000000
    1     -1     68237.0000000000      -0.14503246040226       0.51505632700431      -0.27144532547550
    1     -1     68238.0000000000      -0.14503246040226       0.51505632700431      -0.27144532547550
    1     -1     68239.0000000000      -0.14503246040226       0.51505632700431      -0.27144532547550
    1     -1     68239.0000000000       0.00000000000000       0.00000000000000       0.00000000000000
    1     -1     68239.0000000000       0.00000000000000       0.00000000000000       0.00000000000000
    1     -1     68239.0000000000      -0.14181605488293       0.51396168166894      -0.27519374199549
    1     -1     68240.0000000000      -0.14181605488293       0.51396168166894      -0.27519374199549
    1     -1     68241.0000000000      -0.14181605488293       0.51396168166894      -0.27519374199549
    1     -1     68241.0000000000       0.00000000000000       0.00000000000000       0.00000000000000
    1     -1     68241.0000000000       0.00000000000000       0.00000000000000       0.00000000000000
    1     -1     68241.0000000000      -0.13858364220238       0.51281563623267      -0.27895285735982
    1     -1     68242.0000000000      -0.13858364220238       0.51281563623267      -0.27895285735982
    1     -1     68243.0000000000      -0.13858364220238       0.51281563623267      -0.27895285735982
    1     -1     68243.0000000000       0.00000000000000       0.00000000000000       0.00000000000000
    1     -1     68243.0000000000       0.00000000000000       0.00000000000000       0.00000000000000
    1     -1     68243.0000000000      -0.13533641457689       0.51161660302529      -0.28272337306692
    1     -1     68244.0000000000      -0.13533641457689       0.51161660302529      -0.28272337306692
    1     -1     68245.0000000000      -0.13533641457689       0.51161660302529      -0.28272337306692
    1     -1     68245.0000000000       0.00000000000000       0.00000000000000       0.00000000000000
    1     -1     68245.0000000000       0.00000000000000       0.00000000000000       0.00000000000000
    1     -1     68245.0000000000      -0.13207542707365       0.51036293667402      -0.28650611461675
    1     -1     68246.0000000000      -0.13207542707365       0.51036293667402      -0.28650611461675
    1     -1     68247.0000000000      -0.13207542707365       0.51036293667402      -0.28650611461675
    1     -1     68247.0000000000       0.00000000000000       0.00000000000000       0.00000000000000
    1     -1     68247.0000000000       0.00000000000000       0.00000000000000       0.00000000000000
    1     -1     68247.0000000000      -0.12880159465889       0.50905292609852      -0.29030202707502
    1     -1     68248.0000000000      -0.12880159465889       0.50905292609852      -0.29030202707502
    1     -1     68249.0000000000      -0.12880159465889       0.50905292609852      -0.29030202707502
    1     -1     68249.0000000000       0.00000000000000       0.00000000000000       0.00000000000000
    1     -1     68249.0000000000       0.00000000000000       0.00000000000000       0.00000000000000
    1     -1     68249.0000000000      -0.12551567146826       0.50768478235127      -0.29411218482889
    1     -1     68250.0000000000      -0.12551567146826       0.50768478235127      -0.29411218482889
    1     -1     68251.0000000000      -0.12551567146826       0.50768478235127      -0.29411218482889
    1     -1     68251.0000000000       0.00000000000000       0.00000000000000       0.00000000000000
    1     -1     68251.0000000000       0.00000000000000       0.00000000000000       0.00000000000000
    1     -1     68251.0000000000      -0.12221825670253       0.50625662953084      -0.29793778220405
    1     -1     68252.0000000000      -0.12221825670253       0.50625662953084      -0.29793778220405
    1     -1     68253.0000000000      -0.12221825670253       0.50625662953084      -0.29793778220405
    1     -1     68253.0000000000       0.00000000000000       0.00000000000000       0.00000000000000
    1     -1     68253.0000000000       0.00000000000000       0.00000000000000       0.00000000000000
    1     -1     68253.0000000000      -0.11890978074227       0.50476649358420      -0.30178013565929
    1     -1     68254.0000000000      -0.11890978074227       0.50476649358420      -0.30178013565929
    1     -1     68255.0000000000      -0.11890978074227       0.50476649358420      -0.30178013565929
    1     -1     68255.0000000000       0.00000000000000       0.00000000000000       0.00000000000000
    1     -1     68255.0000000000       0.00000000000000       0.00000000000000       0.00000000000000
    1     -1     68255.0000000000      -0.11559049848804       0.50321228925316      -0.30564068427465
    1     -1     68256.0000000000      -0.11559049848804       0.50321228925316      -0.30564068427465
    1     -1     68257.0000000000      -0.11559049848804       0.50321228925316      -0.30564068427465
    1     -1     68257.0000000000       0.00000000000000       0.00000000000000       0.00000000000000
    1     -1     68257.0000000000       0.00000000000000       0.00000000000000       0.00000000000000
    1     -1     68257.0000000000      -0.11226048631034       0.50159181027799      -0.30952098209235
    1     -1     68258.0000000000      -0.11226048631034       0.50159181027799      -0.30952098209235
    1     -1     68259.0000000000      -0.11226048631034       0.50159181027799      -0.30952098209235
    1     -1     68259.0000000000       0.00000000000000       0.00000000000000       0.00000000000000
    1     -1     68259.0000000000       0.00000000000000       0.00000000000000       0.00000000000000
    1     -1     68259.0000000000      -0.10891963176091       0.49990271323770      -0.31342270242382
    1     -1     68260.0000000000      -0.10891963176091       0.49990271323770      -0.31342270242382
    1     -1     68261.0000000000      -0.10891963176091       0.49990271323770      -0.31342270242382
    1     -1     68261.0000000000       0.00000000000000       0.00000000000000       0.00000000000000
    1     -1     68261.0000000000       0.00000000000000       0.00000000000000       0.00000000000000
    1     -1     68261.0000000000      -0.10556762757245       0.49814250495945      -0.31734763279636
    1     -1     68262.0000000000      -0.10556762757245       0.49814250495945      -0.31734763279636
    1     -1     68263.0000000000      -0.10556762757245       0.49814250495945      -0.31734763279636
    1     -1     68263.0000000000       0.00000000000000       0.00000000000000       0.00000000000000
    1     -1     68263.0000000000       0.00000000000000       0.00000000000000       0.00000000000000
    1     -1     68263.0000000000      -0.10220396725890       0.49630852709522      -0.32129767239915
    1     -1     68264.0000000000      -0.10220396725890       0.49630852709522      -0.32129767239915
    1     -1     68265.0000000000      -0.10220396725890       0.49630852709522      -0.32129767239915
    1     -1     68265.0000000000       0.00000000000000       0.00000000000000       0.00000000000000
    1     -1     68265.0000000000       0.00000000000000       0.00000000000000       0.00000000000000
    1     -1     68265.0000000000      -0.09882793921638       0.49439794076642      -0.32527482822402
    1     -1     68266.0000000000      -0.09882793921638       0.49439794076642      -0.32527482822402
    1     -1     68267.0000000000      -0.09882793921638       0.49439794076642      -0.32527482822402
    1     -1     68267.0000000000       0.00000000000000       0.00000000000000       0.00000000000000
    1     -1     68267.0000000000       0.00000000000000       0.00000000000000       0.00000000000000
    1     -1     68267.0000000000      -0.09543862233861       0.49240771236949      -0.32928120724565
    1     -1     68268.0000000000      -0.09543862233861       0.49240771236949      -0.32928120724565
    1     -1     68269.0000000000      -0.09543862233861       0.49240771236949      -0.32928120724565
    1     -1     68269.0000000000       0.00000000000000       0.00000000000000       0.00000000000000
    1     -1     68269.0000000000       0.00000000000000       0.00000000000000       0.00000000000000
    1     -1     68269.0000000000      -0.01527646269582       0.08138816702290      -0.05532583741190
    1     -1     68270.0000000000      -0.01527646269582       0.08138816702290      -0.05532583741190
    1     -1     68271.0000000000      -0.01527646269582       0.08138816702290      -0.05532583741190
    1     -1     68271.0000000000       0.00000000000000       0.00000000000000       0.00000000000000
    1     -1     68487.0000000000       0.00000000000000       0.00000000000000       0.00000000000000
    1     -1     68487.0000000000       0.08436162614643      -0.13567804385947      -0.01857950661778
    1     -1     68488.0000000000       0.08436162614643      -0.13567804385947      -0.01857950661778
    1     -1     68489.0000000000       0.08436162614643      -0.13567804385947      -0.01857950661778
    1     -1     68489.0000000000       0.00000000000000       0.00000000000000       0.00000000000000
    1     -1     68489.0000000000       0.00000000000000       0.00000000000000       0.00000000000000
    1     -1     68489.0000000000       0.31461927633550      -0.50674051526212      -0.06502891995107
    1     -1     68490.0000000000       0.31461927633550      -0.50674051526212      -0.06502891995107
    1     -1     68491.0000000000       0.31461927633550      -0.50674051526212      -0.06502891995107
    1     -1     68491.0000000000       0.00000000000000       0.00000000000000       0.00000000000000
    1     -1     68491.0000000000       0.00000000000000       0.00000000000000       0.00000000000000
    1     -1     68491.0000000000       0.31454691849090      -0.50730215575679      -0.06086672417987
    1     -1     68492.0000000000       0.31454691849090      -0.50730215575679      -0.06086672417987
    1     -1     68493.0000000000       0.31454691849090      -0.50730215575679      -0.06086672417987
    1     -1     68493.0000000000       0.00000000000000       0.00000000000000       0.00000000000000
    1     -1     68493.0000000000       0.00000000000000       0.00000000000000       0.00000000000000
    1     -1     68493.0000000000       0.31447942058836      -0.50781357994155      -0.05681603060190
    1     -1     68494.0000000000       0.31447942058836      -0.50781357994155      -0.05681603060190
    1     -1     68495.0000000000       0.31447942058836      -0.50781357994155      -0.05681603060190
    1     -1     68495.0000000000       0.00000000000000       0.00000000000000       0.00000000000000
    1     -1     68495.0000000000       0.00000000000000       0.00000000000000       0.00000000000000
    1     -1     68495.0000000000       0.31441607676234      -0.50827851223554      -0.05287233636793
    1     -1     68496.0000000000       0.31441607676234      -0.50827851223554      -0.05287233636793
    1     -1     68497.0000000000       0.31441607676234      -0.50827851223554      -0.05287233636793
    1     -1     68497.0000000000       0.00000000000000       0.00000000000000       0.00000000000000
    1     -1     68497.0000000000       0.00000000000000       0.00000000000000       0.00000000000000
    1     -1     68497.0000000000       0.31435614899548      -0.50870044895644      -0.04903125636008
    1     -1     68498.0000000000       0.31435614899548      -0.50870044895644      -0.04903125636008
    1     -1     68499.0000000000       0.31435614899548      -0.50870044895644      -0.04903125636008
    1     -1     68499.0000000000       0.00000000000000       0.00000000000000       0.00000000000000
    1     -1     68499.0000000000       0.00000000000000       0.00000000000000       0.00000000000000
    1     -1     68499.0000000000       0.31429886813028      -0.50908266026855      -0.04528869379791
    1     -1     68500.0000000000       0.31429886813028      -0.50908266026855      -0.04528869379791
    1     -1     68501.0000000000       0.31429886813028      -0.50908266026855      -0.04528869379791
    1     -1     68501.0000000000       0.00000000000000       0.00000000000000       0.00000000000000
    1     -1     68501.0000000000       0.00000000000000       0.00000000000000       0.00000000000000
    1     -1     68501.0000000000       0.31424344181956      -0.50942822187049      -0.04164066900602
    1     -1     68502.0000000000       0.31424344181956      -0.50942822187049      -0.04164066900602
    1     -1     68503.0000000000       0.31424344181956      -0.50942822187049      -0.04164066900602
    1     -1     68503.0000000000       0.00000000000000       0.00000000000000       0.00000000000000
    1     -1     68503.0000000000       0.00000000000000       0.00000000000000       0.00000000000000
    1     -1     68503.0000000000       0.31418905461706      -0.50974002316500      -0.03808340875744
    1     -1     68504.0000000000       0.31418905461706      -0.50974002316500      -0.03808340875744
    1     -1     68505.0000000000       0.31418905461706      -0.50974002316500      -0.03808340875744
    1     -1     68505.0000000000       0.00000000000000       0.00000000000000       0.00000000000000
    1     -1     68505.0000000000       0.00000000000000       0.00000000000000       0.00000000000000
    1     -1     68505.0000000000       0.31413487350767      -0.51002078345289      -0.03461330629139
    1     -1     68506.0000000000       0.31413487350767      -0.51002078345289      -0.03461330629139
    1     -1     68507.0000000000       0.31413487350767      -0.51002078345289      -0.03461330629139
    1     -1     68507.0000000000       0.00000000000000       0.00000000000000       0.00000000000000
    1     -1     68507.0000000000       0.00000000000000       0.00000000000000       0.00000000000000
    1     -1     68507.0000000000       0.31408005049493      -0.51027306607227      -0.03122689869822
    1     -1     68508.0000000000       0.31408005049493      -0.51027306607227      -0.03122689869822
    1     -1     68509.0000000000       0.31408005049493      -0.51027306607227      -0.03122689869822
    1     -1     68509.0000000000       0.00000000000000       0.00000000000000       0.00000000000000
    1     -1     68509.0000000000       0.00000000000000       0.00000000000000       0.00000000000000
    1     -1     68509.0000000000       0.31402372244007      -0.51049928788747      -0.02792092568781
    1     -1     68510.0000000000       0.31402372244007      -0.51049928788747      -0.02792092568781
    1     -1     68511.0000000000       0.31402372244007      -0.51049928788747      -0.02792092568781
    1     -1     68511.0000000000       0.00000000000000       0.00000000000000       0.00000000000000
    1     -1     68511.0000000000       0.00000000000000       0.00000000000000       0.00000000000000
    1     -1     68511.0000000000       0.31396501849724      -0.51070173405438      -0.02469221079370
    1     -1     68512.0000000000       0.31396501849724      -0.51070173405438      -0.02469221079370
    1     -1     68513.0000000000       0.31396501849724      -0.51070173405438      -0.02469221079370
    1     -1     68513.0000000000       0.00000000000000       0.00000000000000       0.00000000000000
    1   9595     68513.0000000000     -306122206.199600279     -177849633.919371814       13296281.534023119        8.7037088439464      -17.4371292319048       -0.7126019744885        1554.8489562783
    1   9595     68513.0000000000     -306122206.199600279     -177849633.919371814       13296281.534023119        8.7037088439464      -17.4371292319048       -0.7126019744885        1615.4923512133
    1     -1     68513.0000000000       0.00000000000000       0.00000000000000       0.00000000000000
    1     -1     68513.0000000000      -0.42010704169086      -0.25641799211184      -0.34316160350932
    1     -1     68514.0000000000      -0.42010704169086      -0.25641799211184      -0.34316160350932
    1     -1     68515.0000000000      -0.42010704169086      -0.25641799211184      -0.34316160350932
    1     -1     68515.0000000000       0.00000000000000       0.00000000000000       0.00000000000000
    1     -1     68515.0000000000       0.00000000000000       0.00000000000000       0.00000000000000
    1     -1     68515.0000000000      -0.42067871813810      -0.25580232659532      -0.34292066880565
    1     -1     68516.0000000000      -0.42067871813810      -0.25580232659532      -0.34292066880565
    1     -1     68517.0000000000      -0.42067871813810      -0.25580232659532      -0.34292066880565
    1     -1     68517.0000000000       0.00000000000000       0.00000000000000       0.00000000000000
    1     -1     68517.0000000000       0.00000000000000       0.00000000000000       0.00000000000000
    1     -1     68517.0000000000      -0.42130134800923      -0.25519394447935      -0.34260943382615
    1     -1     68518.0000000000      -0.42130134800923      -0.25519394447935      -0.34260943382615
    1     -1     68519.0000000000      -0.42130134800923      -0.25519394447935      -0.34260943382615
    1     -1     68519.0000000000       0.00000000000000       0.00000000000000       0.00000000000000
    1     -1     68519.0000000000       0.00000000000000       0.00000000000000       0.00000000000000
    1     -1     68519.0000000000      -0.42197525139794      -0.25459397439815      -0.34222623319641
    1     -1     68520.0000000000      -0.42197525139794      -0.25459397439815      -0.34222623319641
    1     -1     68521.0000000000      -0.42197525139794      -0.25459397439815      -0.34222623319641
    1     -1     68521.0000000000       0.00000000000000       0.00000000000000       0.00000000000000
    1     -1     68521.0000000000       0.00000000000000       0.00000000000000       0.00000000000000
    1     -1     68521.0000000000      -0.42270073024683      -0.25400354827233      -0.34176935116225
    1     -1     68522.0000000000      -0.42270073024683      -0.25400354827233      -0.34176935116225
    1     -1     68523.0000000000      -0.42270073024683      -0.25400354827233      -0.34176935116225
    1     -1     68523.0000000000       0.00000000000000       0.00000000000000       0.00000000000000
    1     -1     68523.0000000000       0.00000000000000       0.00000000000000       0.00000000000000
    1     -1     68523.0000000000      -0.42347806733374      -0.25342380076065      -0.34123701876453
    1     -1     68524.0000000000      -0.42347806733374      -0.25342380076065      -0.34123701876453
    1     -1     68525.0000000000      -0.42347806733374      -0.25342380076065      -0.34123701876453
    1     -1     68525.0000000000       0.00000000000000       0.00000000000000       0.00000000000000
    1     -1     68525.0000000000       0.00000000000000       0.00000000000000       0.00000000000000
    1     -1     68525.0000000000      -0.42430752518547      -0.25285586864741      -0.34062741087814
    1     -1     68526.0000000000      -0.42430752518547      -0.25285586864741      -0.34062741087814
    1     -1     68527.0000000000      -0.42430752518547      -0.25285586864741      -0.34062741087814
    1     -1     68527.0000000000       0.00000000000000       0.00000000000000       0.00000000000000
    1     -1     68527.0000000000       0.00000000000000       0.00000000000000       0.00000000000000
    1     -1     68527.0000000000      -0.42518934487913      -0.25230089018328      -0.33993864313136
    1     -1     68528.0000000000      -0.42518934487913      -0.25230089018328      -0.33993864313136
    1     -1     68529.0000000000      -0.42518934487913      -0.25230089018328      -0.33993864313136
    1     -1     68529.0000000000       0.00000000000000       0.00000000000000       0.00000000000000
    1     -1     68529.0000000000       0.00000000000000       0.00000000000000       0.00000000000000
    1     -1     68529.0000000000      -0.42612374470060      -0.25176000438418      -0.33916876871967
    1     -1     68530.0000000000      -0.42612374470060      -0.25176000438418      -0.33916876871967
    1     -1     68531.0000000000      -0.42612374470060      -0.25176000438418      -0.33916876871967
    1     -1     68531.0000000000       0.00000000000000       0.00000000000000       0.00000000000000
    1     -1     68531.0000000000       0.00000000000000       0.00000000000000       0.00000000000000
    1     -1     68531.0000000000      -0.42711091864006      -0.25123435029050      -0.33831577511632
    1     -1     68532.0000000000      -0.42711091864006      -0.25123435029050      -0.33831577511632
    1     -1     68533.0000000000      -0.42711091864006      -0.25123435029050      -0.33831577511632
    1     -1     68533.0000000000       0.00000000000000       0.00000000000000       0.00000000000000
    1     -1     68533.0000000000       0.00000000000000       0.00000000000000       0.00000000000000
    1     -1     68533.0000000000      -0.42815103472092      -0.25072506617505      -0.33737758067027
    1     -1     68534.0000000000      -0.42815103472092      -0.25072506617505      -0.33737758067027
    1     -1     68535.0000000000      -0.42815103472092      -0.25072506617505      -0.33737758067027
    1     -1     68535.0000000000       0.00000000000000       0.00000000000000       0.00000000000000
    1     -1     68535.0000000000       0.00000000000000       0.00000000000000       0.00000000000000
    1     -1     68535.0000000000      -0.42924423310832      -0.25023328870964      -0.33635203112930
    1     -1     68536.0000000000      -0.42924423310832      -0.25023328870964      -0.33635203112930
    1     -1     68537.0000000000      -0.42924423310832      -0.25023328870964      -0.33635203112930
    1     -1     68537.0000000000       0.00000000000000       0.00000000000000       0.00000000000000
    1     -1     68537.0000000000       0.00000000000000       0.00000000000000       0.00000000000000
    1     -1     68537.0000000000      -0.43039062399713      -0.24976015207996      -0.33523689607255
    1     -1     68538.0000000000      -0.43039062399713      -0.24976015207996      -0.33523689607255
    1     -1     68539.0000000000      -0.43039062399713      -0.24976015207996      -0.33523689607255
    1     -1     68539.0000000000       0.00000000000000       0.00000000000000       0.00000000000000
    1     -1     68539.0000000000       0.00000000000000       0.00000000000000       0.00000000000000
    1     -1     68539.0000000000      -0.43159028524286      -0.24930678710160      -0.33402986523523
    1     -1     68540.0000000000      -0.43159028524286      -0.24930678710160      -0.33402986523523
    1     -1     68541.0000000000      -0.43159028524286      -0.24930678710160      -0.33402986523523
    1     -1     68541.0000000000       0.00000000000000       0.00000000000000       0.00000000000000
    1     -1     68541.0000000000       0.00000000000000       0.00000000000000       0.00000000000000
    1     -1     68541.0000000000      -0.43284325995997      -0.24887432046680      -0.33272854431115
    1     -1     68542.0000000000      -0.43284325995997      -0.24887432046680      -0.33272854431115
    1     -1     68543.0000000000      -0.43284325995997      -0.24887432046680      -0.33272854431115
    1     -1     68543.0000000000       0.00000000000000       0.00000000000000       0.00000000000000
    1     -1     68543.0000000000       0.00000000000000       0.00000000000000       0.00000000000000
    1     -1     68543.0000000000      -0.43414955541287      -0.24846387409620      -0.33133044847088
    1     -1     68544.0000000000      -0.43414955541287      -0.24846387409620      -0.33133044847088
    1     -1     68545.0000000000      -0.43414955541287      -0.24846387409620      -0.33133044847088
    1     -1     68545.0000000000       0.00000000000000       0.00000000000000       0.00000000000000
    1     -1     68545.0000000000       0.00000000000000       0.00000000000000       0.00000000000000
    1     -1     68545.0000000000      -0.43550914647974      -0.24807656235852      -0.32983299080121
    1     -1     68546.0000000000      -0.43550914647974      -0.24807656235852      -0.32983299080121
    1     -1     68547.0000000000      -0.43550914647974      -0.24807656235852      -0.32983299080121
    1     -1     68547.0000000000       0.00000000000000       0.00000000000000       0.00000000000000
    1     -1     68547.0000000000       0.00000000000000       0.00000000000000       0.00000000000000
    1     -1     68547.0000000000      -0.43692195912366      -0.24771350329431      -0.32823348580120
    1     -1     68548.0000000000      -0.43692195912366      -0.24771350329431      -0.32823348580120
    1     -1     68549.0000000000      -0.43692195912366      -0.24771350329431      -0.32823348580120
    1     -1     68549.0000000000       0.00000000000000       0.00000000000000       0.00000000000000
    1     -1     68549.0000000000       0.00000000000000       0.00000000000000       0.00000000000000
    1     -1     68549.0000000000      -0.21879470411133      -0.12346266057807      -0.16296737528850
    1     -1     68550.0000000000      -0.21879470411133      -0.12346266057807      -0.16296737528850
    1     -1     68551.0000000000      -0.21879470411133      -0.12346266057807      -0.16296737528850
    1     -1     68551.0000000000       0.00000000000000       0.00000000000000       0.00000000000000
    1     -1     68845.0000000000       0.00000000000000       0.00000000000000       0.00000000000000
    1     -1     68845.0000000000       0.00729005575585      -0.05009584322499       0.17264266129101
    1     -1     68846.0000000000       0.00729005575585      -0.05009584322499       0.17264266129101
    1     -1     68847.0000000000       0.00729005575585      -0.05009584322499       0.17264266129101
    1     -1     68847.0000000000       0.00000000000000       0.00000000000000       0.00000000000000
    1     -1     68847.0000000000       0.00000000000000       0.00000000000000       0.00000000000000
    1     -1     68847.0000000000       0.02749101750798      -0.16670612448510       0.57571982013436
    1     -1     68848.0000000000       0.02749101750798      -0.16670612448510       0.57571982013436
    1     -1     68849.0000000000       0.02749101750798      -0.16670612448510       0.57571982013436
    1     -1     68849.0000000000       0.00000000000000       0.00000000000000       0.00000000000000
    1     -1     68849.0000000000       0.00000000000000       0.00000000000000       0.00000000000000
    1     -1     68849.0000000000       0.03062583478706      -0.16636615890729       0.57565993320191
    1     -1     68850.0000000000       0.03062583478706      -0.16636615890729       0.57565993320191
    1     -1     68851.0000000000       0.03062583478706      -0.16636615890729       0.57565993320191
    1     -1     68851.0000000000       0.00000000000000       0.00000000000000       0.00000000000000
    1     -1     68851.0000000000       0.00000000000000       0.00000000000000       0.00000000000000
    1     -1     68851.0000000000       0.03371814333069      -0.16604762587326       0.57557907539467
    1     -1     68852.0000000000       0.03371814333069      -0.16604762587326       0.57557907539467
    1     -1     68853.0000000000       0.03371814333069      -0.16604762587326       0.57557907539467
    1     -1     68853.0000000000       0.00000000000000       0.00000000000000       0.00000000000000
    1     -1     68853.0000000000       0.00000000000000       0.00000000000000       0.00000000000000
    1     -1     68853.0000000000       0.03676933603501      -0.16575049542860       0.57547787835217
    1     -1     68854.0000000000       0.03676933603501      -0.16575049542860       0.57547787835217
    1     -1     68855.0000000000       0.03676933603501      -0.16575049542860       0.57547787835217
    1     -1     68855.0000000000       0.00000000000000       0.00000000000000       0.00000000000000
    1     -1     68855.0000000000       0.00000000000000       0.00000000000000       0.00000000000000
    1     -1     68855.0000000000       0.03978060022130      -0.16547432315316       0.57535706435486
    1     -1     68856.0000000000       0.03978060022130      -0.16547432315316       0.57535706435486
    1     -1     68857.0000000000       0.03978060022130      -0.16547432315316       0.57535706435486
    1     -1     68857.0000000000       0.00000000000000       0.00000000000000       0.00000000000000
    1     -1     68857.0000000000       0.00000000000000       0.00000000000000       0.00000000000000
    1     -1     68857.0000000000       0.04275318466122      -0.16521889073199       0.57521724819986
    1     -1     68858.0000000000       0.04275318466122      -0.16521889073199       0.57521724819986
    1     -1     68859.0000000000       0.04275318466122      -0.16521889073199       0.57521724819986
    1     -1     68859.0000000000       0.00000000000000       0.00000000000000       0.00000000000000
    1     -1     68859.0000000000       0.00000000000000       0.00000000000000       0.00000000000000
    1     -1     68859.0000000000       0.04568830235572      -0.16498396227482       0.57505901479757
    1     -1     68860.0000000000       0.04568830235572      -0.16498396227482       0.57505901479757
    1     -1     68861.0000000000       0.04568830235572      -0.16498396227482       0.57505901479757
    1     -1     68861.0000000000       0.00000000000000       0.00000000000000       0.00000000000000
    1     -1     68861.0000000000       0.00000000000000       0.00000000000000       0.00000000000000
    1     -1     68861.0000000000       0.04858713934341      -0.16476931057686       0.57488291282874
    1     -1     68862.0000000000       0.04858713934341      -0.16476931057686       0.57488291282874
    1     -1     68863.0000000000       0.04858713934341      -0.16476931057686       0.57488291282874
    1     -1     68863.0000000000       0.00000000000000       0.00000000000000       0.00000000000000
    1     -1     68863.0000000000       0.00000000000000       0.00000000000000       0.00000000000000
    1     -1     68863.0000000000       0.05145085864875      -0.16457472544282       0.57468945367888
    1     -1     68864.0000000000       0.05145085864875      -0.16457472544282       0.57468945367888
    1     -1     68865.0000000000       0.05145085864875      -0.16457472544282       0.57468945367888
    1     -1     68865.0000000000       0.00000000000000       0.00000000000000       0.00000000000000
    1     -1     68865.0000000000       0.00000000000000       0.00000000000000       0.00000000000000
    1     -1     68865.0000000000       0.05428059867654      -0.16440001521522       0.57447911266168
    1     -1     68866.0000000000       0.05428059867654      -0.16440001521522       0.57447911266168
    1     -1     68867.0000000000       0.05428059867654      -0.16440001521522       0.57447911266168
    1     -1     68867.0000000000       0.00000000000000       0.00000000000000       0.00000000000000
    1     -1     68867.0000000000       0.00000000000000       0.00000000000000       0.00000000000000
    1     -1     68867.0000000000       0.05707744581868      -0.16424496916757       0.57425234397603
    1     -1     68868.0000000000       0.05707744581868      -0.16424496916757       0.57425234397603
    1     -1     68869.0000000000       0.05707744581868      -0.16424496916757       0.57425234397603
    1     -1     68869.0000000000       0.00000000000000       0.00000000000000       0.00000000000000
    1     -1     68869.0000000000       0.00000000000000       0.00000000000000       0.00000000000000
    1     -1     68869.0000000000       0.05984250396314      -0.16410942540846       0.57400955609774
    1     -1     68870.0000000000       0.05984250396314      -0.16410942540846       0.57400955609774
    1     -1     68871.0000000000       0.05984250396314      -0.16410942540846       0.57400955609774
    1     -1     68871.0000000000       0.00000000000000       0.00000000000000       0.00000000000000
    1     -1     68871.0000000000       0.00000000000000       0.00000000000000       0.00000000000000
    1     -1     68871.0000000000       0.06257680840165      -0.16399323270345       0.57375113242392
    1     -1     68872.0000000000       0.06257680840165      -0.16399323270345       0.57375113242392
    1     -1     68873.0000000000       0.06257680840165      -0.16399323270345       0.57375113242392
    1     -1     68873.0000000000       0.00000000000000       0.00000000000000       0.00000000000000
    1  25792     68873.0000000000      165659510.451384693     -365085947.856183231      -27664452.211410522       15.8073578909173        6.4843760852980       -0.0001224638964        1531.4444260613
    1  25792     68873.0000000000      165659510.451384693     -365085947.856183231      -27664452.211410522       15.8073578909173        6.4843760852980       -0.0001224638964        1611.8003466636
    1     -1     68873.0000000000       0.00000000000000       0.00000000000000       0.00000000000000
    1     -1     68873.0000000000      -0.36174914388216       0.41907288466657       0.23133411663169
    1     -1     68874.0000000000      -0.36174914388216       0.41907288466657       0.23133411663169
    1     -1     68875.0000000000      -0.36174914388216       0.41907288466657       0.23133411663169
    1     -1     68875.0000000000       0.00000000000000       0.00000000000000       0.00000000000000
    1     -1     68875.0000000000       0.00000000000000       0.00000000000000       0.00000000000000
    1     -1     68875.0000000000      -0.36183508463657       0.42034494109787       0.22887879172059
    1     -1     68876.0000000000      -0.36183508463657       0.42034494109787       0.22887879172059
    1     -1     68877.0000000000      -0.36183508463657       0.42034494109787       0.22887879172059
    1     -1     68877.0000000000       0.00000000000000       0.00000000000000       0.00000000000000
    1     -1     68877.0000000000       0.00000000000000       0.00000000000000       0.00000000000000
    1     -1     68877.0000000000      -0.36190216660023       0.42166985570016       0.22632135092356
    1     -1     68878.0000000000      -0.36190216660023       0.42166985570016       0.22632135092356
    1     -1     68879.0000000000      -0.36190216660023       0.42166985570016       0.22632135092356
    1     -1     68879.0000000000       0.00000000000000       0.00000000000000       0.00000000000000
    1     -1     68879.0000000000       0.00000000000000       0.00000000000000       0.00000000000000
    1     -1     68879.0000000000      -0.36194959427240       0.42304779284456       0.22365834537390
    1     -1     68880.0000000000      -0.36194959427240       0.42304779284456       0.22365834537390
    1     -1     68881.0000000000      -0.36194959427240       0.42304779284456       0.22365834537390
    1     -1     68881.0000000000       0.00000000000000       0.00000000000000       0.00000000000000
    1     -1     68881.0000000000       0.00000000000000       0.00000000000000       0.00000000000000
    1     -1     68881.0000000000      -0.36197649842030       0.42447885552933       0.22088620391479
    1     -1     68882.0000000000      -0.36197649842030       0.42447885552933       0.22088620391479
    1     -1     68883.0000000000      -0.36197649842030       0.42447885552933       0.22088620391479
    1     -1     68883.0000000000       0.00000000000000       0.00000000000000       0.00000000000000
    1     -1     68883.0000000000       0.00000000000000       0.00000000000000       0.00000000000000
    1     -1     68883.0000000000      -0.36198193130748       0.42596307827595       0.21800123080520
    1     -1     68884.0000000000      -0.36198193130748       0.42596307827595       0.21800123080520
    1     -1     68885.0000000000      -0.36198193130748       0.42596307827595       0.21800123080520
    1     -1     68885.0000000000       0.00000000000000       0.00000000000000       0.00000000000000
    1     -1     68885.0000000000       0.00000000000000       0.00000000000000       0.00000000000000
    1     -1     68885.0000000000      -0.36196486178130       0.42750041936164       0.21499960363048
    1     -1     68886.0000000000      -0.36196486178130       0.42750041936164       0.21499960363048
    1     -1     68887.0000000000      -0.36196486178130       0.42750041936164       0.21499960363048
    1     -1     68887.0000000000       0.00000000000000       0.00000000000000       0.00000000000000
    1     -1     68887.0000000000       0.00000000000000       0.00000000000000       0.00000000000000
    1     -1     68887.0000000000      -0.36192417005743       0.42909075240582       0.21187737162815
    1     -1     68888.0000000000      -0.36192417005743       0.42909075240582       0.21187737162815
    1     -1     68889.0000000000      -0.36192417005743       0.42909075240582       0.21187737162815
    1     -1     68889.0000000000       0.00000000000000       0.00000000000000       0.00000000000000
    1     -1     68889.0000000000       0.00000000000000       0.00000000000000       0.00000000000000
    1     -1     68889.0000000000      -0.36185864222099       0.43073385725793       0.20863045449237
    1     -1     68890.0000000000      -0.36185864222099       0.43073385725793       0.20863045449237
    1     -1     68891.0000000000      -0.36185864222099       0.43073385725793       0.20863045449237
    1     -1     68891.0000000000       0.00000000000000       0.00000000000000       0.00000000000000
    1     -1     68891.0000000000       0.00000000000000       0.00000000000000       0.00000000000000
    1     -1     68891.0000000000      -0.36176696451175       0.43242941012431       0.20525464167100
    1     -1     68892.0000000000      -0.36176696451175       0.43242941012431       0.20525464167100
    1     -1     68893.0000000000      -0.36176696451175       0.43242941012431       0.20525464167100
    1     -1     68893.0000000000       0.00000000000000       0.00000000000000       0.00000000000000
    1     -1     68893.0000000000       0.00000000000000       0.00000000000000       0.00000000000000
    1     -1     68893.0000000000      -0.36164771748462       0.43417697288815       0.20174559210018
    1     -1     68894.0000000000      -0.36164771748462       0.43417697288815       0.20174559210018
    1     -1     68895.0000000000      -0.36164771748462       0.43417697288815       0.20174559210018
    1     -1     68895.0000000000       0.00000000000000       0.00000000000000       0.00000000000000
    1     -1     68895.0000000000       0.00000000000000       0.00000000000000       0.00000000000000
    1     -1     68895.0000000000      -0.36149936983226       0.43597598164842       0.19809883471785
    1     -1     68896.0000000000      -0.36149936983226       0.43597598164842       0.19809883471785
    1     -1     68897.0000000000      -0.36149936983226       0.43597598164842       0.19809883471785
    1     -1     68897.0000000000       0.00000000000000       0.00000000000000       0.00000000000000
    1     -1     68897.0000000000       0.00000000000000       0.00000000000000       0.00000000000000
    1     -1     68897.0000000000      -0.36132027252654       0.43782573436422       0.19430976884804
    1     -1     68898.0000000000      -0.36132027252654       0.43782573436422       0.19430976884804
    1     -1     68899.0000000000      -0.36132027252654       0.43782573436422       0.19430976884804
    1     -1     68899.0000000000       0.00000000000000       0.00000000000000       0.00000000000000
    1     -1     68899.0000000000       0.00000000000000       0.00000000000000       0.00000000000000
    1     -1     68899.0000000000      -0.36110865392935       0.43972537826077       0.19037366165190
    1     -1     68900.0000000000      -0.36110865392935       0.43972537826077       0.19037366165190
    1     -1     68901.0000000000      -0.36110865392935       0.43972537826077       0.19037366165190
    1     -1     68901.0000000000       0.00000000000000       0.00000000000000       0.00000000000000
    1     -1     68901.0000000000       0.00000000000000       0.00000000000000       0.00000000000000
    1     -1     68901.0000000000      -0.36086261704256       0.44167389385627       0.18628564729210
    1     -1     68902.0000000000      -0.36086261704256       0.44167389385627       0.18628564729210
    1     -1     68903.0000000000      -0.36086261704256       0.44167389385627       0.18628564729210
    1     -1     68903.0000000000       0.00000000000000       0.00000000000000       0.00000000000000
    1     -1     68903.0000000000       0.00000000000000       0.00000000000000       0.00000000000000
    1     -1     68903.0000000000      -0.36058008661653       0.44367009713350       0.18204077929180
    1     -1     68904.0000000000      -0.36058008661653       0.44367009713350       0.18204077929180
    1     -1     68905.0000000000      -0.36058008661653       0.44367009713350       0.18204077929180
    1     -1     68905.0000000000       0.00000000000000       0.00000000000000       0.00000000000000
    1     -1     68905.0000000000       0.00000000000000       0.00000000000000       0.00000000000000
    1     -1     68905.0000000000      -0.36025887864394       0.44571257578813       0.17763400412793
    1     -1     68906.0000000000      -0.36025887864394       0.44571257578813       0.17763400412793
    1     -1     68907.0000000000      -0.36025887864394       0.44571257578813       0.17763400412793
    1     -1     68907.0000000000       0.00000000000000       0.00000000000000       0.00000000000000
    1     -1     68907.0000000000       0.00000000000000       0.00000000000000       0.00000000000000
    1     -1     68907.0000000000      -0.35989664101341       0.44779970370156       0.17306019886751
    1     -1     68908.0000000000      -0.35989664101341       0.44779970370156       0.17306019886751
    1     -1     68909.0000000000      -0.35989664101341       0.44779970370156       0.17306019886751
    1     -1     68909.0000000000       0.00000000000000       0.00000000000000       0.00000000000000
    1     -1     68909.0000000000       0.00000000000000       0.00000000000000       0.00000000000000
    1     -1     68909.0000000000      -0.35949088745330       0.44992967032286       0.16831397114084
    1     -1     68910.0000000000      -0.35949088745330       0.44992967032286       0.16831397114084
    1     -1     68911.0000000000      -0.35949088745330       0.44992967032286       0.16831397114084
    1     -1     68911.0000000000       0.00000000000000       0.00000000000000       0.00000000000000
    1     -1     68911.0000000000       0.00000000000000       0.00000000000000       0.00000000000000
    1     -1     68911.0000000000      -0.35903897348925       0.45210036068743       0.16338995887776
    1     -1     68912.0000000000      -0.35903897348925       0.45210036068743       0.16338995887776
    1     -1     68913.0000000000      -0.35903897348925       0.45210036068743       0.16338995887776
    1     -1     68913.0000000000       0.00000000000000       0.00000000000000       0.00000000000000
    1     -1     68913.0000000000       0.00000000000000       0.00000000000000       0.00000000000000
    1     -1     68913.0000000000      -0.04633844996157       0.05871617305838       0.02045699173986
    1     -1     68914.0000000000      -0.04633844996157       0.05871617305838       0.02045699173986
    1     -1     68915.0000000000      -0.04633844996157       0.05871617305838       0.02045699173986
    1     -1     68915.0000000000       0.00000000000000       0.00000000000000       0.00000000000000
    1     -1     69127.0000000000       0.00000000000000       0.00000000000000       0.00000000000000
    1     -1     69127.0000000000       0.04890835289895       0.08310467257819      -0.38914459250360
    1     -1     69128.0000000000       0.04890835289895       0.08310467257819      -0.38914459250360
    1     -1     69129.0000000000       0.04890835289895       0.08310467257819      -0.38914459250360
    1     -1     69129.0000000000       0.00000000000000       0.00000000000000       0.00000000000000
    1     -1     69129.0000000000       0.00000000000000       0.00000000000000       0.00000000000000
    1     -1     69129.0000000000       0.07569270246115       0.12027318193999      -0.58292793360771
    1     -1     69130.0000000000       0.07569270246115       0.12027318193999      -0.58292793360771
    1     -1     69131.0000000000       0.07569270246115       0.12027318193999      -0.58292793360771
    1     -1     69131.0000000000       0.00000000000000       0.00000000000000       0.00000000000000
    1     -1     69131.0000000000       0.00000000000000       0.00000000000000       0.00000000000000
    1     -1     69131.0000000000       0.07816043093244       0.11623039496791      -0.58342218127361
    1     -1     69132.0000000000       0.07816043093244       0.11623039496791      -0.58342218127361
    1     -1     69133.0000000000       0.07816043093244       0.11623039496791      -0.58342218127361
    1     -1     69133.0000000000       0.00000000000000       0.00000000000000       0.00000000000000
    1     -1     69133.0000000000       0.00000000000000       0.00000000000000       0.00000000000000
    1     -1     69133.0000000000       0.08060038822155       0.11224327618238      -0.58387072511848
    1     -1     69134.0000000000       0.08060038822155       0.11224327618238      -0.58387072511848
    1     -1     69135.0000000000       0.08060038822155       0.11224327618238      -0.58387072511848
    1     -1     69135.0000000000       0.00000000000000       0.00000000000000       0.00000000000000
    1     -1     69135.0000000000       0.00000000000000       0.00000000000000       0.00000000000000
    1     -1     69135.0000000000       0.08301437310709       0.10831068014038      -0.58427511474062
    1     -1     69136.0000000000       0.08301437310709       0.10831068014038      -0.58427511474062
    1     -1     69137.0000000000       0.08301437310709       0.10831068014038      -0.58427511474062
    1     -1     69137.0000000000       0.00000000000000       0.00000000000000       0.00000000000000
    1     -1     69137.0000000000       0.00000000000000       0.00000000000000       0.00000000000000
    1     -1     69137.0000000000       0.08540411277669       0.10443152890647      -0.58463680398268
    1     -1     69138.0000000000       0.08540411277669       0.10443152890647      -0.58463680398268
    1     -1     69139.0000000000       0.08540411277669       0.10443152890647      -0.58463680398268
    1     -1     69139.0000000000       0.00000000000000       0.00000000000000       0.00000000000000
    1     -1     69139.0000000000       0.00000000000000       0.00000000000000       0.00000000000000
    1     -1     69139.0000000000       0.08777131583030       0.10060470433215      -0.58495716840095
    1     -1     69140.0000000000       0.08777131583030       0.10060470433215      -0.58495716840095
    1     -1     69141.0000000000       0.08777131583030       0.10060470433215      -0.58495716840095
    1     -1     69141.0000000000       0.00000000000000       0.00000000000000       0.00000000000000
    1     -1     69141.0000000000       0.00000000000000       0.00000000000000       0.00000000000000
    1     -1     69141.0000000000       0.09011763704676       0.09682916821307      -0.58523749278073
    1     -1     69142.0000000000       0.09011763704676       0.09682916821307      -0.58523749278073
    1     -1     69143.0000000000       0.09011763704676       0.09682916821307      -0.58523749278073
    1     -1     69143.0000000000       0.00000000000000       0.00000000000000       0.00000000000000
    1     -1     69143.0000000000       0.00000000000000       0.00000000000000       0.00000000000000
    1     -1     69143.0000000000       0.09244466782209       0.09310394670525      -0.58547898150076
    1     -1     69144.0000000000       0.09244466782209       0.09310394670525      -0.58547898150076
    1     -1     69145.0000000000       0.09244466782209       0.09310394670525      -0.58547898150076
    1     -1     69145.0000000000       0.00000000000000       0.00000000000000       0.00000000000000
    1     -1     69145.0000000000       0.00000000000000       0.00000000000000       0.00000000000000
    1     -1     69145.0000000000       0.09475395942317       0.08942808269819      -0.58568276778351
    1     -1     69146.0000000000       0.09475395942317       0.08942808269819      -0.58568276778351
    1     -1     69147.0000000000       0.09475395942317       0.08942808269819      -0.58568276778351
    1     -1     69147.0000000000       0.00000000000000       0.00000000000000       0.00000000000000
    1     -1     69147.0000000000       0.00000000000000       0.00000000000000       0.00000000000000
    1     -1     69147.0000000000       0.09704702068732       0.08580065079499      -0.58584991540400
    1     -1     69148.0000000000       0.09704702068732       0.08580065079499      -0.58584991540400
    1     -1     69149.0000000000       0.09704702068732       0.08580065079499      -0.58584991540400
    1     -1     69149.0000000000       0.00000000000000       0.00000000000000       0.00000000000000
    1     -1     69149.0000000000       0.00000000000000       0.00000000000000       0.00000000000000
    1     -1     69149.0000000000       0.09932531874638       0.08222075828167      -0.58598142226825
    1     -1     69150.0000000000       0.09932531874638       0.08222075828167      -0.58598142226825
    1     -1     69151.0000000000       0.09932531874638       0.08222075828167      -0.58598142226825
    1     -1     69151.0000000000       0.00000000000000       0.00000000000000       0.00000000000000
    1     -1     69151.0000000000       0.00000000000000       0.00000000000000       0.00000000000000
    1     -1     69151.0000000000       0.10159027982785       0.07868754558768      -0.58607822386938
    1     -1     69152.0000000000       0.10159027982785       0.07868754558768      -0.58607822386938
    1     -1     69153.0000000000       0.10159027982785       0.07868754558768      -0.58607822386938
    1     -1     69153.0000000000       0.00000000000000       0.00000000000000       0.00000000000000
    1     -1     69153.0000000000       0.00000000000000       0.00000000000000       0.00000000000000
    1     -1     69153.0000000000       0.10384328970982       0.07520018766402      -0.58614119650263
    1     -1     69154.0000000000       0.10384328970982       0.07520018766402      -0.58614119650263
    1     -1     69155.0000000000       0.10384328970982       0.07520018766402      -0.58614119650263
    1     -1     69155.0000000000       0.00000000000000       0.00000000000000       0.00000000000000
    1     -1     69155.0000000000       0.00000000000000       0.00000000000000       0.00000000000000
    1     -1     69155.0000000000       0.10608569446212       0.07175789443308      -0.58617116041052
    1     -1     69156.0000000000       0.10608569446212       0.07175789443308      -0.58617116041052
    1     -1     69157.0000000000       0.10608569446212       0.07175789443308      -0.58617116041052
    1     -1     69157.0000000000       0.00000000000000       0.00000000000000       0.00000000000000
    1     -1     69157.0000000000       0.00000000000000       0.00000000000000       0.00000000000000
    1     -1     69157.0000000000       0.10831880120905       0.06835991118705      -0.58616888276940
    1     -1     69158.0000000000       0.10831880120905       0.06835991118705      -0.58616888276940
    1     -1     69159.0000000000       0.10831880120905       0.06835991118705      -0.58616888276940
    1     -1     69159.0000000000       0.00000000000000       0.00000000000000       0.00000000000000
    1     -1     69159.0000000000       0.00000000000000       0.00000000000000       0.00000000000000
    1     -1     69159.0000000000       0.11054387899896       0.06500551843616      -0.58613508056481
    1     -1     69160.0000000000       0.11054387899896       0.06500551843616      -0.58613508056481
    1     -1     69161.0000000000       0.11054387899896       0.06500551843616      -0.58613508056481
    1     -1     69161.0000000000       0.00000000000000       0.00000000000000       0.00000000000000
    1     -1     69161.0000000000       0.00000000000000       0.00000000000000       0.00000000000000
    1     -1     69161.0000000000       0.11276215957133       0.06169403195959      -0.58607042330199
    1     -1     69162.0000000000       0.11276215957133       0.06169403195959      -0.58607042330199
    1     -1     69163.0000000000       0.11276215957133       0.06169403195959      -0.58607042330199
    1     -1     69163.0000000000       0.00000000000000       0.00000000000000       0.00000000000000
    1     -1     69163.0000000000       0.00000000000000       0.00000000000000       0.00000000000000
    1     -1     69163.0000000000       0.11497483821913       0.05842480236484      -0.58597553560291
    1     -1     69164.0000000000       0.11497483821913       0.05842480236484      -0.58597553560291
    1     -1     69165.0000000000       0.11497483821913       0.05842480236484      -0.58597553560291
    1     -1     69165.0000000000       0.00000000000000       0.00000000000000       0.00000000000000
    1     -1     69165.0000000000       0.00000000000000       0.00000000000000       0.00000000000000
    1     -1     69165.0000000000       0.11718307466945       0.05519721454277      -0.58585099965583
    1     -1     69166.0000000000       0.11718307466945       0.05519721454277      -0.58585099965583
    1     -1     69167.0000000000       0.11718307466945       0.05519721454277      -0.58585099965583
    1     -1     69167.0000000000       0.00000000000000       0.00000000000000       0.00000000000000
    1     -1     69167.0000000000       0.00000000000000       0.00000000000000       0.00000000000000
    1     -1     69167.0000000000       0.11938799424248       0.05201068615097      -0.58569735754642
    1     -1     69168.0000000000       0.11938799424248       0.05201068615097      -0.58569735754642
    1     -1     69169.0000000000       0.11938799424248       0.05201068615097      -0.58569735754642
    1     -1     69169.0000000000       0.00000000000000       0.00000000000000       0.00000000000000
    1     -1     69169.0000000000       0.00000000000000       0.00000000000000       0.00000000000000
    1     -1     69169.0000000000       0.12159068902799       0.04886465891427      -0.58551511400722
    1     -1     69170.0000000000       0.12159068902799       0.04886465891427      -0.58551511400722
    1     -1     69171.0000000000       0.12159068902799       0.04886465891427      -0.58551511400722
    1     -1     69171.0000000000       0.00000000000000       0.00000000000000       0.00000000000000
    1     -1     69171.0000000000       0.00000000000000       0.00000000000000       0.00000000000000
    1     -1     69171.0000000000       0.12379222510746       0.04575856746773      -0.58530473924807
    1     -1     69172.0000000000       0.12379222510746       0.04575856746773      -0.58530473924807
    1     -1     69173.0000000000       0.12379222510746       0.04575856746773      -0.58530473924807
    1     -1     69173.0000000000       0.00000000000000       0.00000000000000       0.00000000000000
    1  57530     69173.0000000000      354419218.731081188       17876949.036566909       -4244911.344857475       -3.5370519067449       19.0921185393668       -0.0630233807404        1498.6822634831
    1  57530     69173.0000000000      354419218.731081188       17876949.036566909       -4244911.344857475       -3.5370519067449       19.0921185393668       -0.0630233807404        1617.6418801840
    1     -1     69173.0000000000       0.00000000000000       0.00000000000000       0.00000000000000
    1     -1     69173.0000000000      -0.28588222645105      -0.52733630757834       0.01370294088996
    1     -1     69174.0000000000      -0.28588222645105      -0.52733630757834       0.01370294088996
    1     -1     69175.0000000000      -0.28588222645105      -0.52733630757834       0.01370294088996
    1     -1     69175.0000000000       0.00000000000000       0.00000000000000       0.00000000000000
    1     -1     69175.0000000000       0.00000000000000       0.00000000000000       0.00000000000000
    1     -1     69175.0000000000      -0.28284249187087      -0.52897908595933       0.01346293764040
    1     -1     69176.0000000000      -0.28284249187087      -0.52897908595933       0.01346293764040
    1     -1     69177.0000000000      -0.28284249187087      -0.52897908595933       0.01346293764040
    1     -1     69177.0000000000       0.00000000000000       0.00000000000000       0.00000000000000
    1     -1     69177.0000000000       0.00000000000000       0.00000000000000       0.00000000000000
    1     -1     69177.0000000000      -0.27979437883013      -0.53060380864181       0.01321753039974
    1     -1     69178.0000000000      -0.27979437883013      -0.53060380864181       0.01321753039974
    1     -1     69179.0000000000      -0.27979437883013      -0.53060380864181       0.01321753039974
    1     -1     69179.0000000000       0.00000000000000       0.00000000000000       0.00000000000000
    1     -1     69179.0000000000       0.00000000000000       0.00000000000000       0.00000000000000
    1     -1     69179.0000000000      -0.27673795624581      -0.53221045697380       0.01296658554271
    1     -1     69180.0000000000      -0.27673795624581      -0.53221045697380       0.01296658554271
    1     -1     69181.0000000000      -0.27673795624581      -0.53221045697380       0.01296658554271
    1     -1     69181.0000000000       0.00000000000000       0.00000000000000       0.00000000000000
    1     -1     69181.0000000000       0.00000000000000       0.00000000000000       0.00000000000000
    1     -1     69181.0000000000      -0.27367329350844      -0.53379901117195       0.01270997136455
    1     -1     69182.0000000000      -0.27367329350844      -0.53379901117195       0.01270997136455
    1     -1     69183.0000000000      -0.27367329350844      -0.53379901117195       0.01270997136455
    1     -1     69183.0000000000       0.00000000000000       0.00000000000000       0.00000000000000
    1     -1     69183.0000000000       0.00000000000000       0.00000000000000       0.00000000000000
    1     -1     69183.0000000000      -0.27060045260524      -0.53536945457814       0.01244754733073
    1     -1     69184.0000000000      -0.27060045260524      -0.53536945457814       0.01244754733073
    1     -1     69185.0000000000      -0.27060045260524      -0.53536945457814       0.01244754733073
    1     -1     69185.0000000000       0.00000000000000       0.00000000000000       0.00000000000000
    1     -1     69185.0000000000       0.00000000000000       0.00000000000000       0.00000000000000
    1     -1     69185.0000000000      -0.26751949316296      -0.53692177072189       0.01217917003360
    1     -1     69186.0000000000      -0.26751949316296      -0.53692177072189       0.01217917003360
    1     -1     69187.0000000000      -0.26751949316296      -0.53692177072189       0.01217917003360
    1     -1     69187.0000000000       0.00000000000000       0.00000000000000       0.00000000000000
    1     -1     69187.0000000000       0.00000000000000       0.00000000000000       0.00000000000000
    1     -1     69187.0000000000      -0.26443047173073      -0.53845594358272       0.01190469322173
    1     -1     69188.0000000000      -0.26443047173073      -0.53845594358272       0.01190469322173
    1     -1     69189.0000000000      -0.26443047173073      -0.53845594358272       0.01190469322173
    1     -1     69189.0000000000       0.00000000000000       0.00000000000000       0.00000000000000
    1     -1     69189.0000000000       0.00000000000000       0.00000000000000       0.00000000000000
    1     -1     69189.0000000000      -0.26133343782807      -0.53997195950553       0.01162396235008
    1     -1     69190.0000000000      -0.26133343782807      -0.53997195950553       0.01162396235008
    1     -1     69191.0000000000      -0.26133343782807      -0.53997195950553       0.01162396235008
    1     -1     69191.0000000000       0.00000000000000       0.00000000000000       0.00000000000000
    1     -1     69191.0000000000       0.00000000000000       0.00000000000000       0.00000000000000
    1     -1     69191.0000000000      -0.25822843843909      -0.54146980467942       0.01133681973685
    1     -1     69192.0000000000      -0.25822843843909      -0.54146980467942       0.01133681973685
    1     -1     69193.0000000000      -0.25822843843909      -0.54146980467942       0.01133681973685
    1     -1     69193.0000000000       0.00000000000000       0.00000000000000       0.00000000000000
    1     -1     69193.0000000000       0.00000000000000       0.00000000000000       0.00000000000000
    1     -1     69193.0000000000      -0.25511551540674      -0.54294946631336       0.01104310231740
    1     -1     69194.0000000000      -0.25511551540674      -0.54294946631336       0.01104310231740
    1     -1     69195.0000000000      -0.25511551540674      -0.54294946631336       0.01104310231740
    1     -1     69195.0000000000       0.00000000000000       0.00000000000000       0.00000000000000
    1     -1     69195.0000000000       0.00000000000000       0.00000000000000       0.00000000000000
    1     -1     69195.0000000000      -0.25199470670521      -0.54441093185101       0.01074264183864
    1     -1     69196.0000000000      -0.25199470670521      -0.54441093185101       0.01074264183864
    1     -1     69197.0000000000      -0.25199470670521      -0.54441093185101       0.01074264183864
    1     -1     69197.0000000000       0.00000000000000       0.00000000000000       0.00000000000000
    1     -1     69197.0000000000       0.00000000000000       0.00000000000000       0.00000000000000
    1     -1     69197.0000000000      -0.24886604445502      -0.54585418974820       0.01043526385173
    1     -1     69198.0000000000      -0.24886604445502      -0.54585418974820       0.01043526385173
    1     -1     69199.0000000000      -0.24886604445502      -0.54585418974820       0.01043526385173
    1     -1     69199.0000000000       0.00000000000000       0.00000000000000       0.00000000000000
    1     -1     69199.0000000000       0.00000000000000       0.00000000000000       0.00000000000000
    1     -1     69199.0000000000      -0.24572955484230      -0.54727922931831       0.01012078622253
    1     -1     69200.0000000000      -0.24572955484230      -0.54727922931831       0.01012078622253
    1     -1     69201.0000000000      -0.24572955484230      -0.54727922931831       0.01012078622253
    1     -1     69201.0000000000       0.00000000000000       0.00000000000000       0.00000000000000
    1     -1     69201.0000000000       0.00000000000000       0.00000000000000       0.00000000000000
    1     -1     69201.0000000000      -0.24258526123626      -0.54868603904376       0.00979902390029
    1     -1     69202.0000000000      -0.24258526123626      -0.54868603904376       0.00979902390029
    1     -1     69203.0000000000      -0.24258526123626      -0.54868603904376       0.00979902390029
    1     -1     69203.0000000000       0.00000000000000       0.00000000000000       0.00000000000000
    1     -1     69203.0000000000       0.00000000000000       0.00000000000000       0.00000000000000
    1     -1     69203.0000000000      -0.23943318085083      -0.55007460800308       0.00946978447043
    1     -1     69204.0000000000      -0.23943318085083      -0.55007460800308       0.00946978447043
    1     -1     69205.0000000000      -0.23943318085083      -0.55007460800308       0.00946978447043
    1     -1     69205.0000000000       0.00000000000000       0.00000000000000       0.00000000000000
    1     -1     69205.0000000000       0.00000000000000       0.00000000000000       0.00000000000000
    1     -1     69205.0000000000      -0.23627332393897      -0.55144492601101       0.00913286655663
    1     -1     69206.0000000000      -0.23627332393897      -0.55144492601101       0.00913286655663
    1     -1     69207.0000000000      -0.23627332393897      -0.55144492601101       0.00913286655663
    1     -1     69207.0000000000       0.00000000000000       0.00000000000000       0.00000000000000
    1     -1     69207.0000000000       0.00000000000000       0.00000000000000       0.00000000000000
    1     -1     69207.0000000000      -0.23310569674860      -0.55279698203561       0.00878806438719
    1     -1     69208.0000000000      -0.23310569674860      -0.55279698203561       0.00878806438719
    1     -1     69209.0000000000      -0.23310569674860      -0.55279698203561       0.00878806438719
    1     -1     69209.0000000000       0.00000000000000       0.00000000000000       0.00000000000000
    1     -1     69209.0000000000       0.00000000000000       0.00000000000000       0.00000000000000
    1     -1     69209.0000000000      -0.22993029831936      -0.55413076544911       0.00843516316069
    1     -1     69210.0000000000      -0.22993029831936      -0.55413076544911       0.00843516316069
    1     -1     69211.0000000000      -0.22993029831936      -0.55413076544911       0.00843516316069
    1     -1     69211.0000000000       0.00000000000000       0.00000000000000       0.00000000000000
    1     -1     69211.0000000000       0.00000000000000       0.00000000000000       0.00000000000000
    1     -1     69211.0000000000      -0.22674712239538      -0.55544626493415       0.00807394179530
    1     -1     69212.0000000000      -0.22674712239538      -0.55544626493415       0.00807394179530
    1     -1     69213.0000000000      -0.22674712239538      -0.55544626493415       0.00807394179530
    1     -1     69213.0000000000       0.00000000000000       0.00000000000000       0.00000000000000
    1     -1     69213.0000000000       0.00000000000000       0.00000000000000       0.00000000000000
    1     -1     69213.0000000000      -0.22355615496148      -0.55674346932687       0.00770416904784
    1     -1     69214.0000000000      -0.22355615496148      -0.55674346932687       0.00770416904784
    1     -1     69215.0000000000      -0.22355615496148      -0.55674346932687       0.00770416904784
    1     -1     69215.0000000000       0.00000000000000       0.00000000000000       0.00000000000000
    1     -1     69215.0000000000       0.00000000000000       0.00000000000000       0.00000000000000
    1     -1     69215.0000000000      -0.22035737695351      -0.55802236619217       0.00732560792416
    1     -1     69216.0000000000      -0.22035737695351      -0.55802236619217       0.00732560792416
    1     -1     69217.0000000000      -0.22035737695351      -0.55802236619217       0.00732560792416
    1     -1     69217.0000000000       0.00000000000000       0.00000000000000       0.00000000000000
    1     -1     69217.0000000000       0.00000000000000       0.00000000000000       0.00000000000000
    1     -1     69217.0000000000      -0.21715076128207      -0.55928294284470       0.00693801106833
    1     -1     69218.0000000000      -0.21715076128207      -0.55928294284470       0.00693801106833
    1     -1     69219.0000000000      -0.21715076128207      -0.55928294284470       0.00693801106833
    1     -1     69219.0000000000       0.00000000000000       0.00000000000000       0.00000000000000
    1     -1     69219.0000000000       0.00000000000000       0.00000000000000       0.00000000000000
    1     -1     69219.0000000000      -0.21393627420739      -0.56052518548991       0.00654112297430
    1     -1     69220.0000000000      -0.21393627420739      -0.56052518548991       0.00654112297430
    1     -1     69221.0000000000      -0.21393627420739      -0.56052518548991       0.00654112297430
    1     -1     69221.0000000000       0.00000000000000       0.00000000000000       0.00000000000000
    1     -1     69221.0000000000       0.00000000000000       0.00000000000000       0.00000000000000
    1     -1     69221.0000000000      -0.21071387275144      -0.56174907997739       0.00613467640943
    1     -1     69222.0000000000      -0.21071387275144      -0.56174907997739       0.00613467640943
    1     -1     69223.0000000000      -0.21071387275144      -0.56174907997739       0.00613467640943
    1     -1     69223.0000000000       0.00000000000000       0.00000000000000       0.00000000000000
    1     -1     69223.0000000000       0.00000000000000       0.00000000000000       0.00000000000000
    1     -1     69223.0000000000      -0.20748350861961      -0.56295460994675       0.00571839755567
    1     -1     69224.0000000000      -0.20748350861961      -0.56295460994675       0.00571839755567
    1     -1     69225.0000000000      -0.20748350861961      -0.56295460994675       0.00571839755567
    1     -1     69225.0000000000       0.00000000000000       0.00000000000000       0.00000000000000
    1     -1     69225.0000000000       0.00000000000000       0.00000000000000       0.00000000000000
    1     -1     69225.0000000000      -0.20424512306826      -0.56414175853875       0.00529199920987
    1     -1     69226.0000000000      -0.20424512306826      -0.56414175853875       0.00529199920987
    1     -1     69227.0000000000      -0.20424512306826      -0.56414175853875       0.00529199920987
    1     -1     69227.0000000000       0.00000000000000       0.00000000000000       0.00000000000000
    1     -1     69227.0000000000       0.00000000000000       0.00000000000000       0.00000000000000
    1     -1     69227.0000000000      -0.20099864934947      -0.56531050709024       0.00485518414365
    1     -1     69228.0000000000      -0.20099864934947      -0.56531050709024       0.00485518414365
    1     -1     69229.0000000000      -0.20099864934947      -0.56531050709024       0.00485518414365
    1     -1     69229.0000000000       0.00000000000000       0.00000000000000       0.00000000000000
    1     -1     69229.0000000000       0.00000000000000       0.00000000000000       0.00000000000000
    1     -1     69229.0000000000      -0.19774401160321      -0.56646083521583       0.00440764354954
    1     -1     69230.0000000000      -0.19774401160321      -0.56646083521583       0.00440764354954
    1     -1     69231.0000000000      -0.19774401160321      -0.56646083521583       0.00440764354954
    1     -1     69231.0000000000       0.00000000000000       0.00000000000000       0.00000000000000
    1     -1     69231.0000000000       0.00000000000000       0.00000000000000       0.00000000000000
    1     -1     69231.0000000000      -0.19448112549076      -0.56759272022109       0.00394905809858
    1     -1     69232.0000000000      -0.19448112549076      -0.56759272022109       0.00394905809858
    1     -1     69233.0000000000      -0.19448112549076      -0.56759272022109       0.00394905809858
    1     -1     69233.0000000000       0.00000000000000       0.00000000000000       0.00000000000000
    1     -1     69233.0000000000       0.00000000000000       0.00000000000000       0.00000000000000
    1     -1     69233.0000000000      -0.19120989513934      -0.56870613781486       0.00347909363325
    1     -1     69234.0000000000      -0.19120989513934      -0.56870613781486       0.00347909363325
    1     -1     69235.0000000000      -0.19120989513934      -0.56870613781486       0.00347909363325
    1     -1     69235.0000000000       0.00000000000000       0.00000000000000       0.00000000000000
    1     -1     69235.0000000000       0.00000000000000       0.00000000000000       0.00000000000000
    1     -1     69235.0000000000      -0.18793021509862      -0.56980106098823       0.00299740382191
    1     -1     69236.0000000000      -0.18793021509862      -0.56980106098823       0.00299740382191
    1     -1     69237.0000000000      -0.18793021509862      -0.56980106098823       0.00299740382191
    1     -1     69237.0000000000       0.00000000000000       0.00000000000000       0.00000000000000
    1     -1     69237.0000000000       0.00000000000000       0.00000000000000       0.00000000000000
    1     -1     69237.0000000000      -0.18464196903373      -0.57087746004969       0.00250362907929
    1     -1     69238.0000000000      -0.18464196903373      -0.57087746004969       0.00250362907929
    1     -1     69239.0000000000      -0.18464196903373      -0.57087746004969       0.00250362907929
    1     -1     69239.0000000000       0.00000000000000       0.00000000000000       0.00000000000000
    1     -1     69239.0000000000       0.00000000000000       0.00000000000000       0.00000000000000
    1     -1     69239.0000000000      -0.18134502790595      -0.57193530277058       0.00199739292920
    1     -1     69240.0000000000      -0.18134502790595      -0.57193530277058       0.00199739292920
    1     -1     69241.0000000000      -0.18134502790595      -0.57193530277058       0.00199739292920
    1     -1     69241.0000000000       0.00000000000000       0.00000000000000       0.00000000000000
    1     -1     69241.0000000000       0.00000000000000       0.00000000000000       0.00000000000000
    1     -1     69241.0000000000      -0.17803925212664      -0.57297455317987       0.00147830663904
    1     -1     69242.0000000000      -0.17803925212664      -0.57297455317987       0.00147830663904
    1     -1     69243.0000000000      -0.17803925212664      -0.57297455317987       0.00147830663904
    1     -1     69243.0000000000       0.00000000000000       0.00000000000000       0.00000000000000
    1     -1     69243.0000000000       0.00000000000000       0.00000000000000       0.00000000000000
    1     -1     69243.0000000000      -0.17472448802979      -0.57399517220688       0.00094596295856
    1     -1     69244.0000000000      -0.17472448802979      -0.57399517220688       0.00094596295856
    1     -1     69245.0000000000      -0.17472448802979      -0.57399517220688       0.00094596295856
    1     -1     69245.0000000000       0.00000000000000       0.00000000000000       0.00000000000000
    1     -1     69245.0000000000       0.00000000000000       0.00000000000000       0.00000000000000
    1     -1     69245.0000000000      -0.17140056886493      -0.57499711679438       0.00039993865061
    1     -1     69246.0000000000      -0.17140056886493      -0.57499711679438       0.00039993865061
    1     -1     69247.0000000000      -0.17140056886493      -0.57499711679438       0.00039993865061
    1     -1     69247.0000000000       0.00000000000000       0.00000000000000       0.00000000000000
    1     -1     69247.0000000000       0.00000000000000       0.00000000000000       0.00000000000000
    1     -1     69247.0000000000      -0.16806731403494      -0.57598033956640      -0.00016020627390
    1     -1     69248.0000000000      -0.16806731403494      -0.57598033956640      -0.00016020627390
    1     -1     69249.0000000000      -0.16806731403494      -0.57598033956640      -0.00016020627390
    1     -1     69249.0000000000       0.00000000000000       0.00000000000000       0.00000000000000
    1     -1     69249.0000000000       0.00000000000000       0.00000000000000       0.00000000000000
    1     -1     69249.0000000000      -0.16472452697676      -0.57694478883683      -0.00073493286030
    1     -1     69250.0000000000      -0.16472452697676      -0.57694478883683      -0.00073493286030
    1     -1     69251.0000000000      -0.16472452697676      -0.57694478883683      -0.00073493286030
    1     -1     69251.0000000000       0.00000000000000       0.00000000000000       0.00000000000000
    1     -1     69251.0000000000       0.00000000000000       0.00000000000000       0.00000000000000
    1     -1     69251.0000000000      -0.16137199574716      -0.57789040776427      -0.00132471983033
    1     -1     69252.0000000000      -0.16137199574716      -0.57789040776427      -0.00132471983033
    1     -1     69253.0000000000      -0.16137199574716      -0.57789040776427      -0.00132471983033
    1     -1     69253.0000000000       0.00000000000000       0.00000000000000       0.00000000000000
    1     -1     69253.0000000000       0.00000000000000       0.00000000000000       0.00000000000000
    1     -1     69253.0000000000      -0.15800949154878      -0.57881713407587      -0.00193006753632
    1     -1     69254.0000000000      -0.15800949154878      -0.57881713407587      -0.00193006753632
    1     -1     69255.0000000000      -0.15800949154878      -0.57881713407587      -0.00193006753632
    1     -1     69255.0000000000       0.00000000000000       0.00000000000000       0.00000000000000
    1     -1     69255.0000000000       0.00000000000000       0.00000000000000       0.00000000000000
    1     -1     69255.0000000000      -0.15463676715315      -0.57972489974017      -0.00255149871139
    1     -1     69256.0000000000      -0.15463676715315      -0.57972489974017      -0.00255149871139
    1     -1     69257.0000000000      -0.15463676715315      -0.57972489974017      -0.00255149871139
    1     -1     69257.0000000000       0.00000000000000       0.00000000000000       0.00000000000000
    1     -1     69257.0000000000       0.00000000000000       0.00000000000000       0.00000000000000
    1     -1     69257.0000000000      -0.15125355703109      -0.58061363012475      -0.00318955777497
    1     -1     69258.0000000000      -0.15125355703109      -0.58061363012475      -0.00318955777497
    1     -1     69259.0000000000      -0.15125355703109      -0.58061363012475      -0.00318955777497
    1     -1     69259.0000000000       0.00000000000000       0.00000000000000       0.00000000000000
    1     -1     69259.0000000000       0.00000000000000       0.00000000000000       0.00000000000000
    1     -1     69259.0000000000      -0.14785957505469      -0.58148324373617      -0.00384481452222
    1     -1     69260.0000000000      -0.14785957505469      -0.58148324373617      -0.00384481452222
    1     -1     69261.0000000000      -0.14785957505469      -0.58148324373617      -0.00384481452222
    1     -1     69261.0000000000       0.00000000000000       0.00000000000000       0.00000000000000
    1     -1     69261.0000000000       0.00000000000000       0.00000000000000       0.00000000000000
    1     -1     69261.0000000000      -0.14445451382342      -0.58233365145459      -0.00451786449564
    1     -1     69262.0000000000      -0.14445451382342      -0.58233365145459      -0.00451786449564
    1     -1     69263.0000000000      -0.14445451382342      -0.58233365145459      -0.00451786449564
    1     -1     69263.0000000000       0.00000000000000       0.00000000000000       0.00000000000000
    1     -1     69263.0000000000       0.00000000000000       0.00000000000000       0.00000000000000
    1     -1     69263.0000000000      -0.14103804314054      -0.58316475592062      -0.00520933000772
    1     -1     69264.0000000000      -0.14103804314054      -0.58316475592062      -0.00520933000772
    1     -1     69265.0000000000      -0.14103804314054      -0.58316475592062      -0.00520933000772
    1     -1     69265.0000000000       0.00000000000000       0.00000000000000       0.00000000000000
    1     -1     69265.0000000000       0.00000000000000       0.00000000000000       0.00000000000000
    1     -1     69265.0000000000      -0.13760980855748      -0.58397645080501      -0.00591986266357
    1     -1     69266.0000000000      -0.13760980855748      -0.58397645080501      -0.00591986266357
    1     -1     69267.0000000000      -0.13760980855748      -0.58397645080501      -0.00591986266357
    1     -1     69267.0000000000       0.00000000000000       0.00000000000000       0.00000000000000
    1     -1     69267.0000000000       0.00000000000000       0.00000000000000       0.00000000000000
    1     -1     69267.0000000000      -0.13416943002995      -0.58476861998208      -0.00665014358480
    1     -1     69268.0000000000      -0.13416943002995      -0.58476861998208      -0.00665014358480
    1     -1     69269.0000000000      -0.13416943002995      -0.58476861998208      -0.00665014358480
    1     -1     69269.0000000000       0.00000000000000       0.00000000000000       0.00000000000000
    1     -1     69269.0000000000       0.00000000000000       0.00000000000000       0.00000000000000
    1     -1     69269.0000000000      -0.13071649967284      -0.58554113678358      -0.00740088693853
    1     -1     69270.0000000000      -0.13071649967284      -0.58554113678358      -0.00740088693853
    1     -1     69271.0000000000      -0.13071649967284      -0.58554113678358      -0.00740088693853
    1     -1     69271.0000000000       0.00000000000000       0.00000000000000       0.00000000000000
    1     -1     69271.0000000000       0.00000000000000       0.00000000000000       0.00000000000000
    1     -1     69271.0000000000      -0.12725058053740      -0.58629386293707      -0.00817284009560
    1     -1     69272.0000000000      -0.12725058053740      -0.58629386293707      -0.00817284009560
    1     -1     69273.0000000000      -0.12725058053740      -0.58629386293707      -0.00817284009560
    1     -1     69273.0000000000       0.00000000000000       0.00000000000000       0.00000000000000
    1     -1     69273.0000000000       0.00000000000000       0.00000000000000       0.00000000000000
    1     -1     69273.0000000000      -0.12377120410143      -0.58702664763735      -0.00896678754832
    1     -1     69274.0000000000      -0.12377120410143      -0.58702664763735      -0.00896678754832
    1     -1     69275.0000000000      -0.12377120410143      -0.58702664763735      -0.00896678754832
    1     -1     69275.0000000000       0.00000000000000       0.00000000000000       0.00000000000000
    1     -1     69275.0000000000       0.00000000000000       0.00000000000000       0.00000000000000
    1     -1     69275.0000000000      -0.12027786849351      -0.58773932637006      -0.00978355092633
    1     -1     69276.0000000000      -0.12027786849351      -0.58773932637006      -0.00978355092633
    1     -1     69277.0000000000      -0.12027786849351      -0.58773932637006      -0.00978355092633
    1     -1     69277.0000000000       0.00000000000000       0.00000000000000       0.00000000000000
    1     -1     69277.0000000000       0.00000000000000       0.00000000000000       0.00000000000000
    1     -1     69277.0000000000      -0.11677003591134      -0.58843171970825      -0.01062399333837
    1     -1     69278.0000000000      -0.11677003591134      -0.58843171970825      -0.01062399333837
    1     -1     69279.0000000000      -0.11677003591134      -0.58843171970825      -0.01062399333837
    1     -1     69279.0000000000       0.00000000000000       0.00000000000000       0.00000000000000
    1     -1     69279.0000000000       0.00000000000000       0.00000000000000       0.00000000000000
    1     -1     69279.0000000000      -0.11324713004206      -0.58910363198311      -0.01148902091304
    1     -1     69280.0000000000      -0.11324713004206      -0.58910363198311      -0.01148902091304
    1     -1     69281.0000000000      -0.11324713004206      -0.58910363198311      -0.01148902091304
    1     -1     69281.0000000000       0.00000000000000       0.00000000000000       0.00000000000000
    1     -1     69281.0000000000       0.00000000000000       0.00000000000000       0.00000000000000
    1     -1     69281.0000000000      -0.10970853367501      -0.58975484973505      -0.01237958532677
    1     -1     69282.0000000000      -0.10970853367501      -0.58975484973505      -0.01237958532677
    1     -1     69283.0000000000      -0.10970853367501      -0.58975484973505      -0.01237958532677
    1     -1     69283.0000000000       0.00000000000000       0.00000000000000       0.00000000000000
    1     -1     69283.0000000000       0.00000000000000       0.00000000000000       0.00000000000000
    1     -1     69283.0000000000      -0.10615358530985      -0.59038514015887      -0.01329668701046
    1     -1     69284.0000000000      -0.10615358530985      -0.59038514015887      -0.01329668701046
    1     -1     69285.0000000000      -0.10615358530985      -0.59038514015887      -0.01329668701046
    1     -1     69285.0000000000       0.00000000000000       0.00000000000000       0.00000000000000
    1     -1     69285.0000000000       0.00000000000000       0.00000000000000       0.00000000000000
    1     -1     69285.0000000000      -0.10258157605209      -0.59099424927047      -0.01424137858137
    1     -1     69286.0000000000      -0.10258157605209      -0.59099424927047      -0.01424137858137
    1     -1     69287.0000000000      -0.10258157605209      -0.59099424927047      -0.01424137858137
    1     -1     69287.0000000000       0.00000000000000       0.00000000000000       0.00000000000000
    1     -1     69287.0000000000       0.00000000000000       0.00000000000000       0.00000000000000
    1     -1     69287.0000000000      -0.09899174613000      -0.59158189992262      -0.01521476789438
    1     -1     69288.0000000000      -0.09899174613000      -0.59158189992262      -0.01521476789438
    1     -1     69289.0000000000      -0.09899174613000      -0.59158189992262      -0.01521476789438
    1     -1     69289.0000000000       0.00000000000000       0.00000000000000       0.00000000000000
    1     -1     69289.0000000000       0.00000000000000       0.00000000000000       0.00000000000000
    1     -1     69289.0000000000      -0.09538328110078      -0.59214778961174      -0.01621802159256
    1     -1     69290.0000000000      -0.09538328110078      -0.59214778961174      -0.01621802159256
    1     -1     69291.0000000000      -0.09538328110078      -0.59214778961174      -0.01621802159256
    1     -1     69291.0000000000       0.00000000000000       0.00000000000000       0.00000000000000
    1     -1     69291.0000000000       0.00000000000000       0.00000000000000       0.00000000000000
    1     -1     69291.0000000000      -0.09175530746041      -0.59269158808931      -0.01725236914231
    1     -1     69292.0000000000      -0.09175530746041      -0.59269158808931      -0.01725236914231
    1     -1     69293.0000000000      -0.09175530746041      -0.59269158808931      -0.01725236914231
    1     -1     69293.0000000000       0.00000000000000       0.00000000000000       0.00000000000000
    1     -1     69293.0000000000       0.00000000000000       0.00000000000000       0.00000000000000
    1     -1     69293.0000000000      -0.08810688832354      -0.59321293463050      -0.01831910742963
    1     -1     69294.0000000000      -0.08810688832354      -0.59321293463050      -0.01831910742963
    1     -1     69295.0000000000      -0.08810688832354      -0.59321293463050      -0.01831910742963
    1     -1     69295.0000000000       0.00000000000000       0.00000000000000       0.00000000000000
    1     -1     69295.0000000000       0.00000000000000       0.00000000000000       0.00000000000000
    1     -1     69295.0000000000      -0.08443701831192      -0.59371143509834      -0.01941960483785
    1     -1     69296.0000000000      -0.08443701831192      -0.59371143509834      -0.01941960483785
    1     -1     69297.0000000000      -0.08443701831192      -0.59371143509834      -0.01941960483785
    1     -1     69297.0000000000       0.00000000000000       0.00000000000000       0.00000000000000
    1     -1     69297.0000000000       0.00000000000000       0.00000000000000       0.00000000000000
    1     -1     69297.0000000000      -0.08074461817094      -0.59418665862395      -0.02055530660771
    1     -1     69298.0000000000      -0.08074461817094      -0.59418665862395      -0.02055530660771
    1     -1     69299.0000000000      -0.08074461817094      -0.59418665862395      -0.02055530660771
    1     -1     69299.0000000000       0.00000000000000       0.00000000000000       0.00000000000000
    1     -1     69299.0000000000       0.00000000000000       0.00000000000000       0.00000000000000
    1     -1     69299.0000000000      -0.07702852889685      -0.59463813393060      -0.02172774013827
    1     -1     69300.0000000000      -0.07702852889685      -0.59463813393060      -0.02172774013827
    1     -1     69301.0000000000      -0.07702852889685      -0.59463813393060      -0.02172774013827
    1     -1     69301.0000000000       0.00000000000000       0.00000000000000       0.00000000000000
    1     -1     69301.0000000000       0.00000000000000       0.00000000000000       0.00000000000000
    1     -1     69301.0000000000      -0.07328750509010      -0.59506534526563      -0.02293852091049
    1     -1     69302.0000000000      -0.07328750509010      -0.59506534526563      -0.02293852091049
    1     -1     69303.0000000000      -0.07328750509010      -0.59506534526563      -0.02293852091049
    1     -1     69303.0000000000       0.00000000000000       0.00000000000000       0.00000000000000
    1     -1     69303.0000000000       0.00000000000000       0.00000000000000       0.00000000000000
    1     -1     69303.0000000000      -0.06952020814368      -0.59546772780878      -0.02418935877422
    1     -1     69304.0000000000      -0.06952020814368      -0.59546772780878      -0.02418935877422
    1     -1     69305.0000000000      -0.06952020814368      -0.59546772780878      -0.02418935877422
    1     -1     69305.0000000000       0.00000000000000       0.00000000000000       0.00000000000000
    1     -1     69305.0000000000       0.00000000000000       0.00000000000000       0.00000000000000
    1     -1     69305.0000000000      -0.06572519817376      -0.59584466261196      -0.02548206510188
    1     -1     69306.0000000000      -0.06572519817376      -0.59584466261196      -0.02548206510188
    1     -1     69307.0000000000      -0.06572519817376      -0.59584466261196      -0.02548206510188
    1     -1     69307.0000000000       0.00000000000000       0.00000000000000       0.00000000000000
    1     -1     69307.0000000000       0.00000000000000       0.00000000000000       0.00000000000000
    1     -1     69307.0000000000      -0.06190092578656      -0.59619547087745      -0.02681856021464
    1     -1     69308.0000000000      -0.06190092578656      -0.59619547087745      -0.02681856021464
    1     -1     69309.0000000000      -0.06190092578656      -0.59619547087745      -0.02681856021464
    1     -1     69309.0000000000       0.00000000000000       0.00000000000000       0.00000000000000
    1     -1     69309.0000000000       0.00000000000000       0.00000000000000       0.00000000000000
    1     -1     69309.0000000000      -0.05804572239807      -0.59651940762017      -0.02820088161326
    1     -1     69310.0000000000      -0.05804572239807      -0.59651940762017      -0.02820088161326
    1     -1     69311.0000000000      -0.05804572239807      -0.59651940762017      -0.02820088161326
    1     -1     69311.0000000000       0.00000000000000       0.00000000000000       0.00000000000000
    1     -1     69311.0000000000       0.00000000000000       0.00000000000000       0.00000000000000
    1     -1     69311.0000000000      -0.05415779046117      -0.59681565445154      -0.02963119325877
    1     -1     69312.0000000000      -0.05415779046117      -0.59681565445154      -0.02963119325877
    1     -1     69313.0000000000      -0.05415779046117      -0.59681565445154      -0.02963119325877
    1     -1     69313.0000000000       0.00000000000000       0.00000000000000       0.00000000000000
    1     -1     69313.0000000000       0.00000000000000       0.00000000000000       0.00000000000000
    1     -1     69313.0000000000      -0.05023519142957      -0.59708331164057      -0.03111179490749
    1     -1     69314.0000000000      -0.05023519142957      -0.59708331164057      -0.03111179490749
    1     -1     69315.0000000000      -0.05023519142957      -0.59708331164057      -0.03111179490749
    1     -1     69315.0000000000       0.00000000000000       0.00000000000000       0.00000000000000
    1     -1     69315.0000000000       0.00000000000000       0.00000000000000       0.00000000000000
    1     -1     69315.0000000000      -0.04627583416113      -0.59732138895248      -0.03264513367373
    1     -1     69316.0000000000      -0.04627583416113      -0.59732138895248      -0.03264513367373
    1     -1     69317.0000000000      -0.04627583416113      -0.59732138895248      -0.03264513367373
    1     -1     69317.0000000000       0.00000000000000       0.00000000000000       0.00000000000000
    1     -1     69317.0000000000       0.00000000000000       0.00000000000000       0.00000000000000
    1     -1     69317.0000000000      -0.04227746067920      -0.59752879553581      -0.03423381521308
    1     -1     69318.0000000000      -0.04227746067920      -0.59752879553581      -0.03423381521308
    1     -1     69319.0000000000      -0.04227746067920      -0.59752879553581      -0.03423381521308
    1     -1     69319.0000000000       0.00000000000000       0.00000000000000       0.00000000000000
    1     -1     69319.0000000000       0.00000000000000       0.00000000000000       0.00000000000000
    1     -1     69319.0000000000      -0.03823763113318      -0.59770432839146      -0.03588061687644
    1     -1     69320.0000000000      -0.03823763113318      -0.59770432839146      -0.03588061687644
    1     -1     69321.0000000000      -0.03823763113318      -0.59770432839146      -0.03588061687644
    1     -1     69321.0000000000       0.00000000000000       0.00000000000000       0.00000000000000
    1     -1     69321.0000000000       0.00000000000000       0.00000000000000       0.00000000000000
    1     -1     69321.0000000000      -0.03415370732695      -0.59784665932108      -0.03758850215757
    1     -1     69322.0000000000      -0.03415370732695      -0.59784665932108      -0.03758850215757
    1     -1     69323.0000000000      -0.03415370732695      -0.59784665932108      -0.03758850215757
    1     -1     69323.0000000000       0.00000000000000       0.00000000000000       0.00000000000000
    1     -1     69323.0000000000       0.00000000000000       0.00000000000000       0.00000000000000
    1     -1     69323.0000000000      -0.03002283391629      -0.59795432020602      -0.03936063605416
    1     -1     69324.0000000000      -0.03002283391629      -0.59795432020602      -0.03936063605416
    1     -1     69325.0000000000      -0.03002283391629      -0.59795432020602      -0.03936063605416
    1     -1     69325.0000000000       0.00000000000000       0.00000000000000       0.00000000000000
    1     -1     69325.0000000000       0.00000000000000       0.00000000000000       0.00000000000000
    1     -1     69325.0000000000      -0.02584191840524      -0.59802568619894      -0.04120040266097
    1     -1     69326.0000000000      -0.02584191840524      -0.59802568619894      -0.04120040266097
    1     -1     69327.0000000000      -0.02584191840524      -0.59802568619894      -0.04120040266097
    1     -1     69327.0000000000       0.00000000000000       0.00000000000000       0.00000000000000
    1     -1     69327.0000000000       0.00000000000000       0.00000000000000       0.00000000000000
    1     -1     69327.0000000000      -0.02160760801396      -0.59805895670905      -0.04311142372967
    1     -1     69328.0000000000      -0.02160760801396      -0.59805895670905      -0.04311142372967
    1     -1     69329.0000000000      -0.02160760801396      -0.59805895670905      -0.04311142372967
    1     -1     69329.0000000000       0.00000000000000       0.00000000000000       0.00000000000000
    1     -1     69329.0000000000       0.00000000000000       0.00000000000000       0.00000000000000
    1     -1     69329.0000000000      -0.01731626519367      -0.59805213358219      -0.04509758039554
    1     -1     69330.0000000000      -0.01731626519367      -0.59805213358219      -0.04509758039554
    1     -1     69331.0000000000      -0.01731626519367      -0.59805213358219      -0.04509758039554
    1     -1     69331.0000000000       0.00000000000000       0.00000000000000       0.00000000000000
    1     -1     69331.0000000000       0.00000000000000       0.00000000000000       0.00000000000000
    1     -1     69331.0000000000      -0.01296393926453      -0.59800299633861      -0.04716303561894
    1     -1     69332.0000000000      -0.01296393926453      -0.59800299633861      -0.04716303561894
    1     -1     69333.0000000000      -0.01296393926453      -0.59800299633861      -0.04716303561894
    1     -1     69333.0000000000       0.00000000000000       0.00000000000000       0.00000000000000
    1     -1     69333.0000000000       0.00000000000000       0.00000000000000       0.00000000000000
    1     -1     69333.0000000000      -0.00854633527812      -0.59790907371906      -0.04931226011581
    1     -1     69334.0000000000      -0.00854633527812      -0.59790907371906      -0.04931226011581
    1     -1     69335.0000000000      -0.00854633527812      -0.59790907371906      -0.04931226011581
    1     -1     69335.0000000000       0.00000000000000       0.00000000000000       0.00000000000000
    1     -1     69335.0000000000       0.00000000000000       0.00000000000000       0.00000000000000
    1     -1     69335.0000000000      -0.00405878082866      -0.59776761094156      -0.05155006195340
    1     -1     69336.0000000000      -0.00405878082866      -0.59776761094156      -0.05155006195340
    1     -1     69337.0000000000      -0.00405878082866      -0.59776761094156      -0.05155006195340
    1     -1     69337.0000000000       0.00000000000000       0.00000000000000       0.00000000000000
    1     -1     69337.0000000000       0.00000000000000       0.00000000000000       0.00000000000000
    1     -1     69337.0000000000       0.00050381446876      -0.59757553240473      -0.05388161580896
    1     -1     69338.0000000000       0.00050381446876      -0.59757553240473      -0.05388161580896
    1     -1     69339.0000000000       0.00050381446876      -0.59757553240473      -0.05388161580896
    1     -1     69339.0000000000       0.00000000000000       0.00000000000000       0.00000000000000
    1     -1     69339.0000000000       0.00000000000000       0.00000000000000       0.00000000000000
    1     -1     69339.0000000000       0.00514699997255      -0.59732939822484      -0.05631250027864
    1     -1     69340.0000000000       0.00514699997255      -0.59732939822484      -0.05631250027864
    1     -1     69341.0000000000       0.00514699997255      -0.59732939822484      -0.05631250027864
    1     -1     69341.0000000000       0.00000000000000       0.00000000000000       0.00000000000000
    1     -1     69341.0000000000       0.00000000000000       0.00000000000000       0.00000000000000
    1     -1     69341.0000000000       0.00987683254093      -0.59702535434703      -0.05884873597423
    1     -1     69342.0000000000       0.00987683254093      -0.59702535434703      -0.05884873597423
    1     -1     69343.0000000000       0.00987683254093      -0.59702535434703      -0.05884873597423
    1     -1     69343.0000000000       0.00000000000000       0.00000000000000       0.00000000000000
    1     -1     69343.0000000000       0.00000000000000       0.00000000000000       0.00000000000000
    1     -1     69343.0000000000       0.01469993030397      -0.59665907467795      -0.06149682864596
    1     -1     69344.0000000000       0.01469993030397      -0.59665907467795      -0.06149682864596
    1     -1     69345.0000000000       0.01469993030397      -0.59665907467795      -0.06149682864596
    1     -1     69345.0000000000       0.00000000000000       0.00000000000000       0.00000000000000
    1     -1     69345.0000000000       0.00000000000000       0.00000000000000       0.00000000000000
    1     -1     69345.0000000000       0.01962353191568      -0.59622569381179      -0.06426381807678
    1     -1     69346.0000000000       0.01962353191568      -0.59622569381179      -0.06426381807678
    1     -1     69347.0000000000       0.01962353191568      -0.59622569381179      -0.06426381807678
    1     -1     69347.0000000000       0.00000000000000       0.00000000000000       0.00000000000000
    1     -1     69347.0000000000       0.00000000000000       0.00000000000000       0.00000000000000
    1     -1     69347.0000000000       0.02465556325899      -0.59571972875174      -0.06715733211154
    1     -1     69348.0000000000       0.02465556325899      -0.59571972875174      -0.06715733211154
    1     -1     69349.0000000000       0.02465556325899      -0.59571972875174      -0.06715733211154
    1     -1     69349.0000000000       0.00000000000000       0.00000000000000       0.00000000000000
    1     -1     69349.0000000000       0.00000000000000       0.00000000000000       0.00000000000000
    1     -1     69349.0000000000       0.02980471294451      -0.59513498755951      -0.07018564631629
    1     -1     69350.0000000000       0.02980471294451      -0.59513498755951      -0.07018564631629
    1     -1     69351.0000000000       0.02980471294451      -0.59513498755951      -0.07018564631629
    1     -1     69351.0000000000       0.00000000000000       0.00000000000000       0.00000000000000
    1     -1     69351.0000000000       0.00000000000000       0.00000000000000       0.00000000000000
    1     -1     69351.0000000000       0.03508051552644      -0.59446446232220      -0.07335775178108
    1     -1     69352.0000000000       0.03508051552644      -0.59446446232220      -0.07335775178108
    1     -1     69353.0000000000       0.03508051552644      -0.59446446232220      -0.07335775178108
    1     -1     69353.0000000000       0.00000000000000       0.00000000000000       0.00000000000000
    1     -1     69353.0000000000       0.00000000000000       0.00000000000000       0.00000000000000
    1     -1     69353.0000000000       0.03097276826102      -0.45411380204645      -0.05865408685830
    1     -1     69354.0000000000       0.03097276826102      -0.45411380204645      -0.05865408685830
    1     -1     69355.0000000000       0.03097276826102      -0.45411380204645      -0.05865408685830
    1     -1     69355.0000000000       0.00000000000000       0.00000000000000       0.00000000000000
    1     -1     69493.0000000000       0.00000000000000       0.00000000000000       0.00000000000000
    1     -1     69493.0000000000       0.00206591081344       0.17105758317910      -0.01773979723426
    1     -1     69494.0000000000       0.00206591081344       0.17105758317910      -0.01773979723426
    1     -1     69495.0000000000       0.00206591081344       0.17105758317910      -0.01773979723426
    1     -1     69495.0000000000       0.00000000000000       0.00000000000000       0.00000000000000
    1     -1     69495.0000000000       0.00000000000000       0.00000000000000       0.00000000000000
    1     -1     69495.0000000000      -0.00505789226115       0.59718174233236      -0.05786521952573
    1     -1     69496.0000000000      -0.00505789226115       0.59718174233236      -0.05786521952573
    1     -1     69497.0000000000      -0.00505789226115       0.59718174233236      -0.05786521952573
    1     -1     69497.0000000000       0.00000000000000       0.00000000000000       0.00000000000000
    1     -1     69497.0000000000       0.00000000000000       0.00000000000000       0.00000000000000
    1     -1     69497.0000000000      -0.01742126813620       0.59731009821467      -0.05401060328593
    1     -1     69498.0000000000      -0.01742126813620       0.59731009821467      -0.05401060328593
    1     -1     69499.0000000000      -0.01742126813620       0.59731009821467      -0.05401060328593
    1     -1     69499.0000000000       0.00000000000000       0.00000000000000       0.00000000000000
    1     -1     69499.0000000000       0.00000000000000       0.00000000000000       0.00000000000000
    1     -1     69499.0000000000      -0.02987708720343       0.59713981553959      -0.05031301658203
    1     -1     69500.0000000000      -0.02987708720343       0.59713981553959      -0.05031301658203
    1     -1     69501.0000000000      -0.02987708720343       0.59713981553959      -0.05031301658203
    1     -1     69501.0000000000       0.00000000000000       0.00000000000000       0.00000000000000
    1     -1     69501.0000000000       0.00000000000000       0.00000000000000       0.00000000000000
    1     -1     69501.0000000000      -0.04241529213401       0.59666923280684      -0.04676290083905
    1     -1     69502.0000000000      -0.04241529213401       0.59666923280684      -0.04676290083905
    1     -1     69503.0000000000      -0.04241529213401       0.59666923280684      -0.04676290083905
    1     -1     69503.0000000000       0.00000000000000       0.00000000000000       0.00000000000000
    1     -3     69503.0000000000     -141936238.521067470       43162745.739749767          -7045.752673774       -8.6630935051923      -34.5669474522869        0.4523695863779        1366.4107530000
    1     -3     69503.0000000000     -141936238.521067470       43162745.739749767          -7045.752673774       -8.6630935051923      -34.5669474522869        0.4523695863779         890.4353936570