    1      0     64328.0000000000      -25267390.158699147      144918560.832322747         -11774.074663435      -29.8303544050158       -5.2187933062469       -0.0003853654899        3000.0000000000
    1      0     64328.0000000000      -25267390.158699147      144918560.832322747         -11774.074663435      -35.5688794732449       -6.9343869872657        0.3546757038372        3000.0000000000
    1     -1     64330.0000000000       0.00000000000000       0.00000000000000       0.00000000000000
    1     -1     64330.0000000000      -0.35393713313754      -0.12015520245720       0.02625246275393
    1     -1     64331.0000000000      -0.35393713313754      -0.12015520245720       0.02625246275393
    1     -1     64332.0000000000      -0.35393713313754      -0.12015520245720       0.02625246275393
    1     -1     64332.0000000000       0.00000000000000       0.00000000000000       0.00000000000000
    1     -1     64332.0000000000       0.00000000000000       0.00000000000000       0.00000000000000
    1     -1     64332.0000000000      -0.56149813246396      -0.20633087426899       0.04634022920614
    1     -1     64333.0000000000      -0.56149813246396      -0.20633087426899       0.04634022920614
    1     -1     64334.0000000000      -0.56149813246396      -0.20633087426899       0.04634022920614
    1     -1     64334.0000000000       0.00000000000000       0.00000000000000       0.00000000000000
    1     -1     64334.0000000000       0.00000000000000       0.00000000000000       0.00000000000000
    1     -1     64334.0000000000      -0.55581527208743      -0.22024703027930       0.05060265059783
    1     -1     64335.0000000000      -0.55581527208743      -0.22024703027930       0.05060265059783
    1     -1     64336.0000000000      -0.55581527208743      -0.22024703027930       0.05060265059783
    1     -1     64336.0000000000       0.00000000000000       0.00000000000000       0.00000000000000
    1     -1     64336.0000000000       0.00000000000000       0.00000000000000       0.00000000000000
    1     -1     64336.0000000000      -0.54971134043788      -0.23411843522529       0.05482699847386
    1     -1     64337.0000000000      -0.54971134043788      -0.23411843522529       0.05482699847386
    1     -1     64338.0000000000      -0.54971134043788      -0.23411843522529       0.05482699847386
    1     -1     64338.0000000000       0.00000000000000       0.00000000000000       0.00000000000000
    1     -1     64338.0000000000       0.00000000000000       0.00000000000000       0.00000000000000
    1     -1     64338.0000000000      -0.54319141876732      -0.24791194089053       0.05901484068800
    1     -1     64339.0000000000      -0.54319141876732      -0.24791194089053       0.05901484068800
    1     -1     64340.0000000000      -0.54319141876732      -0.24791194089053       0.05901484068800
    1     -1     64340.0000000000       0.00000000000000       0.00000000000000       0.00000000000000
    1     -1     64340.0000000000       0.00000000000000       0.00000000000000       0.00000000000000
    1     -1     64340.0000000000      -0.53626261051485      -0.26159562272082       0.06316754059224
    1     -1     64341.0000000000      -0.53626261051485      -0.26159562272082       0.06316754059224
    1     -1     64342.0000000000      -0.53626261051485      -0.26159562272082       0.06316754059224
    1     -1     64342.0000000000       0.00000000000000       0.00000000000000       0.00000000000000
    1     -1     64578.0000000000       0.00000000000000       0.00000000000000       0.00000000000000
    1     -1     64578.0000000000       0.00564459829722       0.00020581182482       0.00072067795819
    1     -1     64579.0000000000       0.00564459829722       0.00020581182482       0.00072067795819
    1     -1     64580.0000000000       0.00564459829722       0.00020581182482       0.00072067795819
    1     -1     64580.0000000000       0.00000000000000       0.00000000000000       0.00000000000000
    1     -1     64580.0000000000       0.00000000000000       0.00000000000000       0.00000000000000
    1     -1     64580.0000000000       0.59475010148003       0.02969340791537       0.07342082535541
    1     -1     64581.0000000000       0.59475010148003       0.02969340791537       0.07342082535541
    1     -1     64582.0000000000       0.59475010148003       0.02969340791537       0.07342082535541
    1     -1     64582.0000000000       0.00000000000000       0.00000000000000       0.00000000000000
    1     -1     64582.0000000000       0.00000000000000       0.00000000000000       0.00000000000000
    1     -1     64582.0000000000       0.59460479285751       0.03758448145357       0.07094044223676
    1     -1     64583.0000000000       0.59460479285751       0.03758448145357       0.07094044223676
    1     -1     64584.0000000000       0.59460479285751       0.03758448145357       0.07094044223676
    1     -1     64584.0000000000       0.00000000000000       0.00000000000000       0.00000000000000
    1     -1     64584.0000000000       0.00000000000000       0.00000000000000       0.00000000000000
    1     -1     64584.0000000000       0.59434881562037       0.04535963686231       0.06849808752356
    1     -1     64585.0000000000       0.59434881562037       0.04535963686231       0.06849808752356
    1     -1     64586.0000000000       0.59434881562037       0.04535963686231       0.06849808752356
    1     -1     64586.0000000000       0.00000000000000       0.00000000000000       0.00000000000000
    1     -1     64586.0000000000       0.00000000000000       0.00000000000000       0.00000000000000
    1     -1     64586.0000000000       0.59398694680339       0.05301958380621       0.06609409988952
    1     -1     64587.0000000000       0.59398694680339       0.05301958380621       0.06609409988952
    1     -1     64588.0000000000       0.59398694680339       0.05301958380621       0.06609409988952
    1     -1     64588.0000000000       0.00000000000000       0.00000000000000       0.00000000000000
    1     -1     64588.0000000000       0.00000000000000       0.00000000000000       0.00000000000000
    1     -1     64588.0000000000       0.59352380563948       0.06056537003946       0.06372854439897
    1     -1     64589.0000000000       0.59352380563948       0.06056537003946       0.06372854439897
    1     -1     64590.0000000000       0.59352380563948       0.06056537003946       0.06372854439897
    1     -1     64590.0000000000       0.00000000000000       0.00000000000000       0.00000000000000
    1     -1     64590.0000000000       0.00000000000000       0.00000000000000       0.00000000000000
    1     -1     64590.0000000000       0.59296385551183       0.06799801846690       0.06140142360831
    1     -1     64591.0000000000       0.59296385551183       0.06799801846690       0.06140142360831
    1     -1     64592.0000000000       0.59296385551183       0.06799801846690       0.06140142360831
    1     -1     64592.0000000000       0.00000000000000       0.00000000000000       0.00000000000000
    1     -1     64592.0000000000       0.00000000000000       0.00000000000000       0.00000000000000
    1     -1     64592.0000000000       0.59231138036970       0.07531873517291       0.05911274055982
    1     -1     64593.0000000000       0.59231138036970       0.07531873517291       0.05911274055982
    1     -1     64594.0000000000       0.59231138036970       0.07531873517291       0.05911274055982
    1     -1     64594.0000000000       0.00000000000000       0.00000000000000       0.00000000000000
    1     -1     64594.0000000000       0.00000000000000       0.00000000000000       0.00000000000000
    1     -1     64594.0000000000       0.59157050098731       0.08252887002809       0.05686235356987
    1     -1     64595.0000000000       0.59157050098731       0.08252887002809       0.05686235356987
    1     -1     64596.0000000000       0.59157050098731       0.08252887002809       0.05686235356987
    1     -1     64596.0000000000       0.00000000000000       0.00000000000000       0.00000000000000
    1     -1     64596.0000000000       0.00000000000000       0.00000000000000       0.00000000000000
    1     -1     64596.0000000000       0.59074519285888       0.08962969035985       0.05465011436515
    1     -1     64597.0000000000       0.59074519285888       0.08962969035985       0.05465011436515
    1     -1     64598.0000000000       0.59074519285888       0.08962969035985       0.05465011436515
    1     -1     64598.0000000000       0.00000000000000       0.00000000000000       0.00000000000000
    1     -1     64598.0000000000       0.00000000000000       0.00000000000000       0.00000000000000
    1     -1     64598.0000000000       0.58983923278748       0.09662276408262       0.05247590119005
    1     -1     64599.0000000000       0.58983923278748       0.09662276408262       0.05247590119005
    1     -1     64600.0000000000       0.58983923278748       0.09662276408262       0.05247590119005
    1     -1     64600.0000000000       0.00000000000000       0.00000000000000       0.00000000000000
    1     -1     64600.0000000000       0.00000000000000       0.00000000000000       0.00000000000000
    1     -1     64600.0000000000       0.58885628507205       0.10350947116731       0.05033948936782
    1     -1     64601.0000000000       0.58885628507205       0.10350947116731       0.05033948936782
    1     -1     64602.0000000000       0.58885628507205       0.10350947116731       0.05033948936782
    1     -1     64602.0000000000       0.00000000000000       0.00000000000000       0.00000000000000
    1     -1     64602.0000000000       0.00000000000000       0.00000000000000       0.00000000000000
    1     -1     64602.0000000000       0.58779984434695       0.11029136514021       0.04824061609485
    1     -1     64603.0000000000       0.58779984434695       0.11029136514021       0.04824061609485
    1     -1     64604.0000000000       0.58779984434695       0.11029136514021       0.04824061609485
    1     -1     64604.0000000000       0.00000000000000       0.00000000000000       0.00000000000000
    1     -1     64604.0000000000       0.00000000000000       0.00000000000000       0.00000000000000
    1     -1     64604.0000000000       0.58667325601613       0.11697004059491       0.04617899477743
    1     -1     64605.0000000000       0.58667325601613       0.11697004059491       0.04617899477743
    1     -1     64606.0000000000       0.58667325601613       0.11697004059491       0.04617899477743
    1     -1     64606.0000000000       0.00000000000000       0.00000000000000       0.00000000000000
    1     -1     64606.0000000000       0.00000000000000       0.00000000000000       0.00000000000000
    1     -1     64606.0000000000       0.58547972625739       0.12354710163421       0.04415431008817
    1     -1     64607.0000000000       0.58547972625739       0.12354710163421       0.04415431008817
    1     -1     64608.0000000000       0.58547972625739       0.12354710163421       0.04415431008817
    1     -1     64608.0000000000       0.00000000000000       0.00000000000000       0.00000000000000
    1     -1     64608.0000000000       0.00000000000000       0.00000000000000       0.00000000000000
    1     -1     64608.0000000000       0.58422232550665       0.13002416507782       0.04216622054931
    1     -1     64609.0000000000       0.58422232550665       0.13002416507782       0.04216622054931
    1     -1     64610.0000000000       0.58422232550665       0.13002416507782       0.04216622054931
    1     -1     64610.0000000000       0.00000000000000       0.00000000000000       0.00000000000000
    1     -1     64610.0000000000       0.00000000000000       0.00000000000000       0.00000000000000
    1     -1     64610.0000000000       0.58290398990638       0.13640286997526       0.04021436178449
    1     -1     64611.0000000000       0.58290398990638       0.13640286997526       0.04021436178449
    1     -1     64612.0000000000       0.58290398990638       0.13640286997526       0.04021436178449
    1     -1     64612.0000000000       0.00000000000000       0.00000000000000       0.00000000000000
    1     -1     64612.0000000000       0.00000000000000       0.00000000000000       0.00000000000000
    1     -1     64612.0000000000       0.58152752531613       0.14268487319174       0.03829834907605
    1     -1     64613.0000000000       0.58152752531613       0.14268487319174       0.03829834907605
    1     -1     64614.0000000000       0.58152752531613       0.14268487319174       0.03829834907605
    1     -1     64614.0000000000       0.00000000000000       0.00000000000000       0.00000000000000
    1     -1     64614.0000000000       0.00000000000000       0.00000000000000       0.00000000000000
    1     -1     64614.0000000000       0.58009561186608       0.14887184324198       0.03641777949652
    1     -1     64615.0000000000       0.58009561186608       0.14887184324198       0.03641777949652
    1     -1     64616.0000000000       0.58009561186608       0.14887184324198       0.03641777949652
    1     -1     64616.0000000000       0.00000000000000       0.00000000000000       0.00000000000000
    1     -1     64616.0000000000       0.00000000000000       0.00000000000000       0.00000000000000
    1     -1     64616.0000000000       0.57861080849314       0.15496545488558       0.03457223404730
    1     -1     64617.0000000000       0.57861080849314       0.15496545488558       0.03457223404730
    1     -1     64618.0000000000       0.57861080849314       0.15496545488558       0.03457223404730
    1     -1     64618.0000000000       0.00000000000000       0.00000000000000       0.00000000000000
    1     -1     64618.0000000000       0.00000000000000       0.00000000000000       0.00000000000000
    1     -1     64618.0000000000       0.57707555733021       0.16096738478709       0.03276127968847
    1     -1     64619.0000000000       0.57707555733021       0.16096738478709       0.03276127968847
    1     -1     64620.0000000000       0.57707555733021       0.16096738478709       0.03276127968847
    1     -1     64620.0000000000       0.00000000000000       0.00000000000000       0.00000000000000
    1     -1     64620.0000000000       0.00000000000000       0.00000000000000       0.00000000000000
    1     -1     64620.0000000000       0.57549218802174       0.16687930772152       0.03098447127738
    1     -1     64621.0000000000       0.57549218802174       0.16687930772152       0.03098447127738
    1     -1     64622.0000000000       0.57549218802174       0.16687930772152       0.03098447127738
    1     -1     64622.0000000000       0.00000000000000       0.00000000000000       0.00000000000000
    1     -1     64622.0000000000       0.00000000000000       0.00000000000000       0.00000000000000
    1     -1     64622.0000000000       0.57386292198422       0.17270289314892       0.02924135341807
    1     -1     64623.0000000000       0.57386292198422       0.17270289314892       0.02924135341807
    1     -1     64624.0000000000       0.57386292198422       0.17270289314892       0.02924135341807
    1     -1     64624.0000000000       0.00000000000000       0.00000000000000       0.00000000000000
    1     -1     64624.0000000000       0.00000000000000       0.00000000000000       0.00000000000000
    1     -1     64624.0000000000       0.57218987655563       0.17843980228915       0.02753146211636
    1     -1     64625.0000000000       0.57218987655563       0.17843980228915       0.02753146211636
    1     -1     64626.0000000000       0.57218987655563       0.17843980228915       0.02753146211636
    1     -1     64626.0000000000       0.00000000000000       0.00000000000000       0.00000000000000
    1     -1     64626.0000000000       0.00000000000000       0.00000000000000       0.00000000000000
    1     -1     64626.0000000000       0.57047506906905       0.18409168547640       0.02585432631349
    1     -1     64627.0000000000       0.57047506906905       0.18409168547640       0.02585432631349
    1     -1     64628.0000000000       0.57047506906905       0.18409168547640       0.02585432631349
    1     -1     64628.0000000000       0.00000000000000       0.00000000000000       0.00000000000000
    1     -1     64628.0000000000       0.00000000000000       0.00000000000000       0.00000000000000
    1     -1     64628.0000000000       0.56872042085101       0.18966017974774       0.02420946932728
    1     -1     64629.0000000000       0.56872042085101       0.18966017974774       0.02420946932728
    1     -1     64630.0000000000       0.56872042085101       0.18966017974774       0.02420946932728
    1     -1     64630.0000000000       0.00000000000000       0.00000000000000       0.00000000000000
    1     -1     64630.0000000000       0.00000000000000       0.00000000000000       0.00000000000000
    1     -1     64630.0000000000       0.56692776110983       0.19514690674299       0.02259641014944
    1     -1     64631.0000000000       0.56692776110983       0.19514690674299       0.02259641014944
    1     -1     64632.0000000000       0.56692776110983       0.19514690674299       0.02259641014944
    1     -1     64632.0000000000       0.00000000000000       0.00000000000000       0.00000000000000
    1     -1     64632.0000000000       0.00000000000000       0.00000000000000       0.00000000000000
    1     -1     64632.0000000000       0.56509883073896       0.20055347079068       0.02101466467184
    1     -1     64633.0000000000       0.56509883073896       0.20055347079068       0.02101466467184
    1     -1     64634.0000000000       0.56509883073896       0.20055347079068       0.02101466467184
    1     -1     64634.0000000000       0.00000000000000       0.00000000000000       0.00000000000000
    1     -1     64634.0000000000       0.00000000000000       0.00000000000000       0.00000000000000
    1     -1     64634.0000000000       0.56323528597645       0.20588145733545       0.01946374672195
    1     -1     64635.0000000000       0.56323528597645       0.20588145733545       0.01946374672195
    1     -1     64636.0000000000       0.56323528597645       0.20588145733545       0.01946374672195
    1     -1     64636.0000000000       0.00000000000000       0.00000000000000       0.00000000000000
    1     -1     64636.0000000000       0.00000000000000       0.00000000000000       0.00000000000000
    1     -1     64636.0000000000       0.56133870200649       0.21113243140615       0.01794316912342
    1     -1     64637.0000000000       0.56133870200649       0.21113243140615       0.01794316912342
    1     -1     64638.0000000000       0.56133870200649       0.21113243140615       0.01794316912342
    1     -1     64638.0000000000       0.00000000000000       0.00000000000000       0.00000000000000
    1     -1     64638.0000000000       0.00000000000000       0.00000000000000       0.00000000000000
    1     -1     64638.0000000000       0.55941057640725       0.21630793640414       0.01645244456877
    1     -1     64639.0000000000       0.55941057640725       0.21630793640414       0.01645244456877
    1     -1     64640.0000000000       0.55941057640725       0.21630793640414       0.01645244456877
    1     -1     64640.0000000000       0.00000000000000       0.00000000000000       0.00000000000000
    1     -1     64640.0000000000       0.00000000000000       0.00000000000000       0.00000000000000
    1     -1     64640.0000000000       0.55745233251032       0.22140949298825       0.01499108646774
    1     -1     64641.0000000000       0.55745233251032       0.22140949298825       0.01499108646774
    1     -1     64642.0000000000       0.55745233251032       0.22140949298825       0.01499108646774
    1     -1     64642.0000000000       0.00000000000000       0.00000000000000       0.00000000000000
    1     -1     64642.0000000000       0.00000000000000       0.00000000000000       0.00000000000000
    1     -1     64642.0000000000       0.55546532262838       0.22643859816970       0.01355860967388
    1     -1     64643.0000000000       0.55546532262838       0.22643859816970       0.01355860967388
    1     -1     64644.0000000000       0.55546532262838       0.22643859816970       0.01355860967388
    1     -1     64644.0000000000       0.00000000000000       0.00000000000000       0.00000000000000
    1     -1     64644.0000000000       0.00000000000000       0.00000000000000       0.00000000000000
    1     -1     64644.0000000000       0.55345083120050       0.23139672446758       0.01215453121869
    1     -1     64645.0000000000       0.55345083120050       0.23139672446758       0.01215453121869
    1     -1     64646.0000000000       0.55345083120050       0.23139672446758       0.01215453121869
    1     -1     64646.0000000000       0.00000000000000       0.00000000000000       0.00000000000000
    1     -1     64646.0000000000       0.00000000000000       0.00000000000000       0.00000000000000
    1     -1     64646.0000000000       0.55141007777482       0.23628531932837       0.01077837085340
    1     -1     64647.0000000000       0.55141007777482       0.23628531932837       0.01077837085340
    1     -1     64648.0000000000       0.55141007777482       0.23628531932837       0.01077837085340
    1     -1     64648.0000000000       0.00000000000000       0.00000000000000       0.00000000000000
    1     -1     64648.0000000000       0.00000000000000       0.00000000000000       0.00000000000000
    1     -1     64648.0000000000       0.54934421992303       0.24110580454879       0.00942965163937
    1     -1     64649.0000000000       0.54934421992303       0.24110580454879       0.00942965163937
    1     -1     64650.0000000000       0.54934421992303       0.24110580454879       0.00942965163937
    1     -1     64650.0000000000       0.00000000000000       0.00000000000000       0.00000000000000
    1     -1     64650.0000000000       0.00000000000000       0.00000000000000       0.00000000000000
    1     -1     64650.0000000000       0.54725435603355       0.24585957584057       0.00810790045592
    1     -1     64651.0000000000       0.54725435603355       0.24585957584057       0.00810790045592
    1     -1     64652.0000000000       0.54725435603355       0.24585957584057       0.00810790045592
    1     -1     64652.0000000000       0.00000000000000       0.00000000000000       0.00000000000000
    1     -1     64652.0000000000       0.00000000000000       0.00000000000000       0.00000000000000
    1     -1     64652.0000000000       0.54514152797878       0.25054800253568       0.00681264840916
    1     -1     64653.0000000000       0.54514152797878       0.25054800253568       0.00681264840916
    1     -1     64654.0000000000       0.54514152797878       0.25054800253568       0.00681264840916
    1     -1     64654.0000000000       0.00000000000000       0.00000000000000       0.00000000000000
    1     -1     64654.0000000000       0.00000000000000       0.00000000000000       0.00000000000000
    1     -1     64654.0000000000       0.54300672369911       0.25517242732614       0.00554343125195
    1     -1     64655.0000000000       0.54300672369911       0.25517242732614       0.00554343125195
    1     -1     64656.0000000000       0.54300672369911       0.25517242732614       0.00554343125195
    1     -1     64656.0000000000       0.00000000000000       0.00000000000000       0.00000000000000
    1     -1     64656.0000000000       0.00000000000000       0.00000000000000       0.00000000000000
    1     -1     64656.0000000000       0.54085087966056       0.25973416613708       0.00429978970143
    1     -1     64657.0000000000       0.54085087966056       0.25973416613708       0.00429978970143
    1     -1     64658.0000000000       0.54085087966056       0.25973416613708       0.00429978970143
    1     -1     64658.0000000000       0.00000000000000       0.00000000000000       0.00000000000000
    1     -1     64658.0000000000       0.00000000000000       0.00000000000000       0.00000000000000
    1     -1     64658.0000000000       0.53867488323506       0.26423450801939       0.00308126977784
    1     -1     64659.0000000000       0.53867488323506       0.26423450801939       0.00308126977784
    1     -1     64660.0000000000       0.53867488323506       0.26423450801939       0.00308126977784
    1     -1     64660.0000000000       0.00000000000000       0.00000000000000       0.00000000000000
    1     -1     64660.0000000000       0.00000000000000       0.00000000000000       0.00000000000000
    1     -1     64660.0000000000       0.53647957495888       0.26867471515978       0.00188742304407
    1     -1     64661.0000000000       0.53647957495888       0.26867471515978       0.00188742304407
    1     -1     64662.0000000000       0.53647957495888       0.26867471515978       0.00188742304407
    1     -1     64662.0000000000       0.00000000000000       0.00000000000000       0.00000000000000
    1     -1     64662.0000000000       0.00000000000000       0.00000000000000       0.00000000000000
    1     -1     64662.0000000000       0.53426575071497       0.27305602290790       0.00071780686438
    1     -1     64663.0000000000       0.53426575071497       0.27305602290790       0.00071780686438
    1     -1     64664.0000000000       0.53426575071497       0.27305602290790       0.00071780686438
    1     -1     64664.0000000000       0.00000000000000       0.00000000000000       0.00000000000000
    1     -1     64664.0000000000       0.00000000000000       0.00000000000000       0.00000000000000
    1     -1     64664.0000000000       0.53203416380551       0.27737963989194      -0.00042801541567
    1     -1     64665.0000000000       0.53203416380551       0.27737963989194      -0.00042801541567
    1     -1     64666.0000000000       0.53203416380551       0.27737963989194      -0.00042801541567
    1     -1     64666.0000000000       0.00000000000000       0.00000000000000       0.00000000000000
    1     -1     64666.0000000000       0.00000000000000       0.00000000000000       0.00000000000000
    1     -1     64666.0000000000       0.52978552693673       0.28164674817537      -0.00155047431895
    1     -1     64667.0000000000       0.52978552693673       0.28164674817537      -0.00155047431895
    1     -1     64668.0000000000       0.52978552693673       0.28164674817537      -0.00155047431895
    1     -1     64668.0000000000       0.00000000000000       0.00000000000000       0.00000000000000
    1     -1     64668.0000000000       0.00000000000000       0.00000000000000       0.00000000000000
    1     -1     64668.0000000000       0.52752051414448       0.28585850340413      -0.00264999401817
    1     -1     64669.0000000000       0.52752051414448       0.28585850340413      -0.00264999401817
    1     -1     64670.0000000000       0.52752051414448       0.28585850340413      -0.00264999401817
    1     -1     64670.0000000000       0.00000000000000       0.00000000000000       0.00000000000000
    1     -1     64670.0000000000       0.00000000000000       0.00000000000000       0.00000000000000
    1     -1     64670.0000000000       0.52523976258024       0.29001603509611      -0.00372699232443
    1     -1     64671.0000000000       0.52523976258024       0.29001603509611      -0.00372699232443
    1     -1     64672.0000000000       0.52523976258024       0.29001603509611      -0.00372699232443
    1     -1     64672.0000000000       0.00000000000000       0.00000000000000       0.00000000000000
    1     -1     64672.0000000000       0.00000000000000       0.00000000000000       0.00000000000000
    1     -1     64672.0000000000       0.52294387427746       0.29412044684884      -0.00478188050068
    1     -1     64673.0000000000       0.52294387427746       0.29412044684884      -0.00478188050068
    1     -1     64674.0000000000       0.52294387427746       0.29412044684884      -0.00478188050068
    1     -1     64674.0000000000       0.00000000000000       0.00000000000000       0.00000000000000
    1     -1     64674.0000000000       0.00000000000000       0.00000000000000       0.00000000000000
    1     -1     64674.0000000000       0.52063341778887       0.29817281666965      -0.00581506326430
    1     -1     64675.0000000000       0.52063341778887       0.29817281666965      -0.00581506326430
    1     -1     64676.0000000000       0.52063341778887       0.29817281666965      -0.00581506326430
    1     -1     64676.0000000000       0.00000000000000       0.00000000000000       0.00000000000000
    1     -1     64676.0000000000       0.00000000000000       0.00000000000000       0.00000000000000
    1     -1     64676.0000000000       0.51830892979227       0.30217419725421      -0.00682693865279
    1     -1     64677.0000000000       0.51830892979227       0.30217419725421      -0.00682693865279
    1     -1     64678.0000000000       0.51830892979227       0.30217419725421      -0.00682693865279
    1     -1     64678.0000000000       0.00000000000000       0.00000000000000       0.00000000000000
    1     -1     64678.0000000000       0.00000000000000       0.00000000000000       0.00000000000000
    1     -1     64678.0000000000       0.51597091658719       0.30612561635089      -0.00781789805288
    1     -1     64679.0000000000       0.51597091658719       0.30612561635089      -0.00781789805288
    1     -1     64680.0000000000       0.51597091658719       0.30612561635089      -0.00781789805288
    1     -1     64680.0000000000       0.00000000000000       0.00000000000000       0.00000000000000
    1     -1     64680.0000000000       0.00000000000000       0.00000000000000       0.00000000000000
    1     -1     64680.0000000000       0.51361985554261       0.31002807710875      -0.00878832615686
    1     -1     64681.0000000000       0.51361985554261       0.31002807710875      -0.00878832615686
    1     -1     64682.0000000000       0.51361985554261       0.31002807710875      -0.00878832615686
    1     -1     64682.0000000000       0.00000000000000       0.00000000000000       0.00000000000000
    1     -1     64682.0000000000       0.00000000000000       0.00000000000000       0.00000000000000
    1     -1     64682.0000000000       0.51125619647484       0.31388255844745      -0.00973860095505
    1     -1     64683.0000000000       0.51125619647484       0.31388255844745      -0.00973860095505
    1     -1     64684.0000000000       0.51125619647484       0.31388255844745      -0.00973860095505
    1     -1     64684.0000000000       0.00000000000000       0.00000000000000       0.00000000000000
    1     -1     64684.0000000000       0.00000000000000       0.00000000000000       0.00000000000000
    1     -1     64684.0000000000       0.50888036296457       0.31769001543657      -0.01066909372724
    1     -1     64685.0000000000       0.50888036296457       0.31769001543657      -0.01066909372724
    1     -1     64686.0000000000       0.50888036296457       0.31769001543657      -0.01066909372724
    1     -1     64686.0000000000       0.00000000000000       0.00000000000000       0.00000000000000
    1     -1     64686.0000000000       0.00000000000000       0.00000000000000       0.00000000000000
    1     -1     64686.0000000000       0.50649275360211       0.32145137970219      -0.01158016908800
    1     -1     64687.0000000000       0.50649275360211       0.32145137970219      -0.01158016908800
    1     -1     64688.0000000000       0.50649275360211       0.32145137970219      -0.01158016908800
    1     -1     64688.0000000000       0.00000000000000       0.00000000000000       0.00000000000000
    1     -1     64688.0000000000       0.00000000000000       0.00000000000000       0.00000000000000
    1     -1     64688.0000000000       0.50409374318393       0.32516755982709      -0.01247218500951
    1     -1     64689.0000000000       0.50409374318393       0.32516755982709      -0.01247218500951
    1     -1     64690.0000000000       0.50409374318393       0.32516755982709      -0.01247218500951
    1     -1     64690.0000000000       0.00000000000000       0.00000000000000       0.00000000000000
    1     -1     64690.0000000000       0.00000000000000       0.00000000000000       0.00000000000000
    1     -1     64690.0000000000       0.50168368385639       0.32883944175458      -0.01334549282790
    1     -1     64691.0000000000       0.50168368385639       0.32883944175458      -0.01334549282790
    1     -1     64692.0000000000       0.50168368385639       0.32883944175458      -0.01334549282790
    1     -1     64692.0000000000       0.00000000000000       0.00000000000000       0.00000000000000
    1     -1     64692.0000000000       0.00000000000000       0.00000000000000       0.00000000000000
    1     -1     64692.0000000000       0.49926290619289       0.33246788921554      -0.01420043733123
    1     -1     64693.0000000000       0.49926290619289       0.33246788921554      -0.01420043733123
    1     -1     64694.0000000000       0.49926290619289       0.33246788921554      -0.01420043733123
    1     -1     64694.0000000000       0.00000000000000       0.00000000000000       0.00000000000000
    1     -1     64694.0000000000       0.00000000000000       0.00000000000000       0.00000000000000
    1     -1     64694.0000000000       0.49683172023298       0.33605374414140      -0.01503735677853
    1     -1     64695.0000000000       0.49683172023298       0.33605374414140      -0.01503735677853
    1     -1     64696.0000000000       0.49683172023298       0.33605374414140      -0.01503735677853
    1     -1     64696.0000000000       0.00000000000000       0.00000000000000       0.00000000000000
    1     -1     64696.0000000000       0.00000000000000       0.00000000000000       0.00000000000000
    1     -1     64696.0000000000       0.49439041646374       0.33959782709058      -0.01585658299140
    1     -1     64697.0000000000       0.49439041646374       0.33959782709058      -0.01585658299140
    1     -1     64698.0000000000       0.49439041646374       0.33959782709058      -0.01585658299140
    1     -1     64698.0000000000       0.00000000000000       0.00000000000000       0.00000000000000
    1     -1     64698.0000000000       0.00000000000000       0.00000000000000       0.00000000000000
    1     -1     64698.0000000000       0.49193926675829       0.34310093767126      -0.01665844141633
    1     -1     64699.0000000000       0.49193926675829       0.34310093767126      -0.01665844141633
    1     -1     64700.0000000000       0.49193926675829       0.34310093767126      -0.01665844141633
    1     -1     64700.0000000000       0.00000000000000       0.00000000000000       0.00000000000000
    1     -1     64700.0000000000       0.00000000000000       0.00000000000000       0.00000000000000
    1     -1     64700.0000000000       0.48947852527531       0.34656385495776      -0.01744325116262
    1     -1     64701.0000000000       0.48947852527531       0.34656385495776      -0.01744325116262
    1     -1     64702.0000000000       0.48947852527531       0.34656385495776      -0.01744325116262
    1     -1     64702.0000000000       0.00000000000000       0.00000000000000       0.00000000000000
    1     -1     64702.0000000000       0.00000000000000       0.00000000000000       0.00000000000000
    1     -1     64702.0000000000       0.48700842930505       0.34998733791881      -0.01821132511199
    1     -1     64703.0000000000       0.48700842930505       0.34998733791881      -0.01821132511199
    1     -1     64704.0000000000       0.48700842930505       0.34998733791881      -0.01821132511199
    1     -1     64704.0000000000       0.00000000000000       0.00000000000000       0.00000000000000
    1     -1     64704.0000000000       0.00000000000000       0.00000000000000       0.00000000000000
    1     -1     64704.0000000000       0.48452920008442       0.35337212583211      -0.01896296997971
    1     -1     64705.0000000000       0.48452920008442       0.35337212583211      -0.01896296997971
    1     -1     64706.0000000000       0.48452920008442       0.35337212583211      -0.01896296997971
    1     -1     64706.0000000000       0.00000000000000       0.00000000000000       0.00000000000000
    1     -1     64706.0000000000       0.00000000000000       0.00000000000000       0.00000000000000
    1     -1     64706.0000000000       0.48204104356561       0.35671893870433      -0.01969848643496
    1     -1     64707.0000000000       0.48204104356561       0.35671893870433      -0.01969848643496
    1     -1     64708.0000000000       0.48204104356561       0.35671893870433      -0.01969848643496
    1     -1     64708.0000000000       0.00000000000000       0.00000000000000       0.00000000000000
    1     -1     64708.0000000000       0.00000000000000       0.00000000000000       0.00000000000000
    1     -1     64708.0000000000       0.47954415115742       0.36002847767961      -0.02041816912491
    1     -1     64709.0000000000       0.47954415115742       0.36002847767961      -0.02041816912491
    1     -1     64710.0000000000       0.47954415115742       0.36002847767961      -0.02041816912491
    1     -1     64710.0000000000       0.00000000000000       0.00000000000000       0.00000000000000
    1     -1     64710.0000000000       0.00000000000000       0.00000000000000       0.00000000000000
    1     -1     64710.0000000000       0.47703870042196       0.36330142545042      -0.02112230682041
    1     -1     64711.0000000000       0.47703870042196       0.36330142545042      -0.02112230682041
    1     -1     64712.0000000000       0.47703870042196       0.36330142545042      -0.02112230682041
    1     -1     64712.0000000000       0.00000000000000       0.00000000000000       0.00000000000000
    1     -1     64712.0000000000       0.00000000000000       0.00000000000000       0.00000000000000
    1     -1     64712.0000000000       0.47452485574318       0.36653844666003      -0.02181118249804
    1     -1     64713.0000000000       0.47452485574318       0.36653844666003      -0.02181118249804
    1     -1     64714.0000000000       0.47452485574318       0.36653844666003      -0.02181118249804
    1     -1     64714.0000000000       0.00000000000000       0.00000000000000       0.00000000000000
    1     -1     64714.0000000000       0.00000000000000       0.00000000000000       0.00000000000000
    1     -1     64714.0000000000       0.47200276896735       0.36974018829782      -0.02248507337433
    1     -1     64715.0000000000       0.47200276896735       0.36974018829782      -0.02248507337433
    1     -1     64716.0000000000       0.47200276896735       0.36974018829782      -0.02248507337433
    1     -1     64716.0000000000       0.00000000000000       0.00000000000000       0.00000000000000
    1     -1     64716.0000000000       0.00000000000000       0.00000000000000       0.00000000000000
    1     -1     64716.0000000000       0.46947258000098       0.37290728009522      -0.02314425110488
    1     -1     64717.0000000000       0.46947258000098       0.37290728009522      -0.02314425110488
    1     -1     64718.0000000000       0.46947258000098       0.37290728009522      -0.02314425110488
    1     -1     64718.0000000000       0.00000000000000       0.00000000000000       0.00000000000000
    1     -1     64718.0000000000       0.00000000000000       0.00000000000000       0.00000000000000
    1     -1     64718.0000000000       0.46693441739468       0.37604033490854      -0.02378898178080
    1     -1     64719.0000000000       0.46693441739468       0.37604033490854      -0.02378898178080
    1     -1     64720.0000000000       0.46693441739468       0.37604033490854      -0.02378898178080
    1     -1     64720.0000000000       0.00000000000000       0.00000000000000       0.00000000000000
    1     -1     64720.0000000000       0.00000000000000       0.00000000000000       0.00000000000000
    1     -1     64720.0000000000       0.46438839888765       0.37913994909924      -0.02441952611317
    1     -1     64721.0000000000       0.46438839888765       0.37913994909924      -0.02441952611317
    1     -1     64722.0000000000       0.46438839888765       0.37913994909924      -0.02441952611317
    1     -1     64722.0000000000       0.00000000000000       0.00000000000000       0.00000000000000
    1     -1     64722.0000000000       0.00000000000000       0.00000000000000       0.00000000000000
    1     -1     64722.0000000000       0.46183463193629       0.38220670290892      -0.02503613939421
    1     -1     64723.0000000000       0.46183463193629       0.38220670290892      -0.02503613939421
    1     -1     64724.0000000000       0.46183463193629       0.38220670290892      -0.02503613939421
    1     -1     64724.0000000000       0.00000000000000       0.00000000000000       0.00000000000000
    1     -1     64724.0000000000       0.00000000000000       0.00000000000000       0.00000000000000
    1     -1     64724.0000000000       0.45927321420803       0.38524116081926      -0.02563907177821
    1     -1     64725.0000000000       0.45927321420803       0.38524116081926      -0.02563907177821
    1     -1     64726.0000000000       0.45927321420803       0.38524116081926      -0.02563907177821
    1     -1     64726.0000000000       0.00000000000000       0.00000000000000       0.00000000000000
    1     -1     64726.0000000000       0.00000000000000       0.00000000000000       0.00000000000000
    1     -1     64726.0000000000       0.45670423405935       0.38824387191653      -0.02622856823243
    1     -1     64727.0000000000       0.45670423405935       0.38824387191653      -0.02622856823243
    1     -1     64728.0000000000       0.45670423405935       0.38824387191653      -0.02622856823243
    1     -1     64728.0000000000       0.00000000000000       0.00000000000000       0.00000000000000
    1     -1     64728.0000000000       0.00000000000000       0.00000000000000       0.00000000000000
    1     -1     64728.0000000000       0.45412777098613       0.39121537024120      -0.02680486870345
    1     -1     64729.0000000000       0.45412777098613       0.39121537024120      -0.02680486870345
    1     -1     64730.0000000000       0.45412777098613       0.39121537024120      -0.02680486870345
    1     -1     64730.0000000000       0.00000000000000       0.00000000000000       0.00000000000000
    1     -1     64730.0000000000       0.00000000000000       0.00000000000000       0.00000000000000
    1     -1     64730.0000000000       0.45154389605772       0.39415617513094      -0.02736820818334
    1     -1     64731.0000000000       0.45154389605772       0.39415617513094      -0.02736820818334
    1     -1     64732.0000000000       0.45154389605772       0.39415617513094      -0.02736820818334
    1     -1     64732.0000000000       0.00000000000000       0.00000000000000       0.00000000000000
    1     -1     64732.0000000000       0.00000000000000       0.00000000000000       0.00000000000000
    1     -1     64732.0000000000       0.44895267232561       0.39706679155932      -0.02791881681737
    1     -1     64733.0000000000       0.44895267232561       0.39706679155932      -0.02791881681737
    1     -1     64734.0000000000       0.44895267232561       0.39706679155932      -0.02791881681737
    1     -1     64734.0000000000       0.00000000000000       0.00000000000000       0.00000000000000
    1     -1     64734.0000000000       0.00000000000000       0.00000000000000       0.00000000000000
    1     -1     64734.0000000000       0.44635415521600       0.39994771046268      -0.02845692002087
    1     -1     64735.0000000000       0.44635415521600       0.39994771046268      -0.02845692002087
    1     -1     64736.0000000000       0.44635415521600       0.39994771046268      -0.02845692002087
    1     -1     64736.0000000000       0.00000000000000       0.00000000000000       0.00000000000000
    1     -1     64736.0000000000       0.00000000000000       0.00000000000000       0.00000000000000
    1     -1     64736.0000000000       0.44374839290295       0.40279940906643      -0.02898273851409
    1     -1     64737.0000000000       0.44374839290295       0.40279940906643      -0.02898273851409
    1     -1     64738.0000000000       0.44374839290295       0.40279940906643      -0.02898273851409
    1     -1     64738.0000000000       0.00000000000000       0.00000000000000       0.00000000000000
    1     -1     64738.0000000000       0.00000000000000       0.00000000000000       0.00000000000000
    1     -1     64738.0000000000       0.44113542666646       0.40562235119413      -0.02949648846129
    1     -1     64739.0000000000       0.44113542666646       0.40562235119413      -0.02949648846129
    1     -1     64740.0000000000       0.44113542666646       0.40562235119413      -0.02949648846129
    1     -1     64740.0000000000       0.00000000000000       0.00000000000000       0.00000000000000
    1     -1     64740.0000000000       0.00000000000000       0.00000000000000       0.00000000000000
    1     -1     64740.0000000000       0.43851529122521       0.40841698757819      -0.02999838161007
    1     -1     64741.0000000000       0.43851529122521       0.40841698757819      -0.02999838161007
    1     -1     64742.0000000000       0.43851529122521       0.40841698757819      -0.02999838161007
    1     -1     64742.0000000000       0.00000000000000       0.00000000000000       0.00000000000000
    1     -1     64742.0000000000       0.00000000000000       0.00000000000000       0.00000000000000
    1     -1     64742.0000000000       0.43588801506900       0.41118375615727      -0.03048862528233
    1     -1     64743.0000000000       0.43588801506900       0.41118375615727      -0.03048862528233
    1     -1     64744.0000000000       0.43588801506900       0.41118375615727      -0.03048862528233
    1     -1     64744.0000000000       0.00000000000000       0.00000000000000       0.00000000000000
    1     -1     64744.0000000000       0.00000000000000       0.00000000000000       0.00000000000000
    1     -1     64744.0000000000       0.43325362076241       0.41392308237235      -0.03096742248935
    1     -1     64745.0000000000       0.43325362076241       0.41392308237235      -0.03096742248935
    1     -1     64746.0000000000       0.43325362076241       0.41392308237235      -0.03096742248935
    1     -1     64746.0000000000       0.00000000000000       0.00000000000000       0.00000000000000
    1     -1     64746.0000000000       0.00000000000000       0.00000000000000       0.00000000000000
    1     -1     64746.0000000000       0.43061212523803       0.41663537944606      -0.03143497211435
    1     -1     64747.0000000000       0.43061212523803       0.41663537944606      -0.03143497211435
    1     -1     64748.0000000000       0.43061212523803       0.41663537944606      -0.03143497211435
    1     -1     64748.0000000000       0.00000000000000       0.00000000000000       0.00000000000000
    1     -1     64748.0000000000       0.00000000000000       0.00000000000000       0.00000000000000
    1     -1     64748.0000000000       0.42796354008145       0.41932104866589      -0.03189146887011
    1     -1     64749.0000000000       0.42796354008145       0.41932104866589      -0.03189146887011
    1     -1     64750.0000000000       0.42796354008145       0.41932104866589      -0.03189146887011
    1     -1     64750.0000000000       0.00000000000000       0.00000000000000       0.00000000000000
    1     -1     64750.0000000000       0.00000000000000       0.00000000000000       0.00000000000000
    1     -1     64750.0000000000       0.42530787179790       0.42198047964940      -0.03233710348196
    1     -1     64751.0000000000       0.42530787179790       0.42198047964940      -0.03233710348196
    1     -1     64752.0000000000       0.42530787179790       0.42198047964940      -0.03233710348196
    1     -1     64752.0000000000       0.00000000000000       0.00000000000000       0.00000000000000
    1     -1     64752.0000000000       0.00000000000000       0.00000000000000       0.00000000000000
    1     -1     64752.0000000000       0.42264512206647       0.42461405061412      -0.03277206271334
    1     -1     64753.0000000000       0.42264512206647       0.42461405061412      -0.03277206271334
    1     -1     64754.0000000000       0.42264512206647       0.42461405061412      -0.03277206271334
    1     -1     64754.0000000000       0.00000000000000       0.00000000000000       0.00000000000000
    1     -1     64754.0000000000       0.00000000000000       0.00000000000000       0.00000000000000
    1     -1     64754.0000000000       0.41997528798684       0.42722212862797      -0.03319652950167
    1     -1     64755.0000000000       0.41997528798684       0.42722212862797      -0.03319652950167
    1     -1     64756.0000000000       0.41997528798684       0.42722212862797      -0.03319652950167
    1     -1     64756.0000000000       0.00000000000000       0.00000000000000       0.00000000000000
    1     -1     64756.0000000000       0.00000000000000       0.00000000000000       0.00000000000000
    1     -1     64756.0000000000       0.41729836231229       0.42980506986253      -0.03361068300327
    1     -1     64757.0000000000       0.41729836231229       0.42980506986253      -0.03361068300327
    1     -1     64758.0000000000       0.41729836231229       0.42980506986253      -0.03361068300327
    1     -1     64758.0000000000       0.00000000000000       0.00000000000000       0.00000000000000
    1     -1     64758.0000000000       0.00000000000000       0.00000000000000       0.00000000000000
    1     -1     64758.0000000000       0.41461433367329       0.43236321983567      -0.03401469867555
    1     -1     64759.0000000000       0.41461433367329       0.43236321983567      -0.03401469867555
    1     -1     64760.0000000000       0.41461433367329       0.43236321983567      -0.03401469867555
    1     -1     64760.0000000000       0.00000000000000       0.00000000000000       0.00000000000000
    1     -1     64760.0000000000       0.00000000000000       0.00000000000000       0.00000000000000
    1     -1     64760.0000000000       0.41192318678853       0.43489691364676      -0.03440874840075
    1     -1     64761.0000000000       0.41192318678853       0.43489691364676      -0.03440874840075
    1     -1     64762.0000000000       0.41192318678853       0.43489691364676      -0.03440874840075
    1     -1     64762.0000000000       0.00000000000000       0.00000000000000       0.00000000000000
    1     -1     64762.0000000000       0.00000000000000       0.00000000000000       0.00000000000000
    1     -1     64762.0000000000       0.40922490267491       0.43740647620812      -0.03479300047289
    1     -1     64763.0000000000       0.40922490267491       0.43740647620812      -0.03479300047289
    1     -1     64764.0000000000       0.40922490267491       0.43740647620812      -0.03479300047289
    1     -1     64764.0000000000       0.00000000000000       0.00000000000000       0.00000000000000
    1     -1     64764.0000000000       0.00000000000000       0.00000000000000       0.00000000000000
    1     -1     64764.0000000000       0.40651945883184       0.43989222246668      -0.03516761982830
    1     -1     64765.0000000000       0.40651945883184       0.43989222246668      -0.03516761982830
    1     -1     64766.0000000000       0.40651945883184       0.43989222246668      -0.03516761982830
    1     -1     64766.0000000000       0.00000000000000       0.00000000000000       0.00000000000000
    1     -1     64766.0000000000       0.00000000000000       0.00000000000000       0.00000000000000
    1     -1     64766.0000000000       0.40380682944167       0.44235445762285      -0.03553276793986
    1     -1     64767.0000000000       0.40380682944167       0.44235445762285      -0.03553276793986
    1     -1     64768.0000000000       0.40380682944167       0.44235445762285      -0.03553276793986
    1     -1     64768.0000000000       0.00000000000000       0.00000000000000       0.00000000000000
    1     -1     64768.0000000000       0.00000000000000       0.00000000000000       0.00000000000000
    1     -1     64768.0000000000       0.40108698553860       0.44479347734135      -0.03588860301199
    1     -1     64769.0000000000       0.40108698553860       0.44479347734135      -0.03588860301199
    1     -1     64770.0000000000       0.40108698553860       0.44479347734135      -0.03588860301199
    1     -1     64770.0000000000       0.00000000000000       0.00000000000000       0.00000000000000
    1     -1     64770.0000000000       0.00000000000000       0.00000000000000       0.00000000000000
    1     -1     64770.0000000000       0.39835989518060       0.44720956795544      -0.03623528005711
    1     -1     64771.0000000000       0.39835989518060       0.44720956795544      -0.03623528005711
    1     -1     64772.0000000000       0.39835989518060       0.44720956795544      -0.03623528005711
    1     -1     64772.0000000000       0.00000000000000       0.00000000000000       0.00000000000000
    1     -1     64772.0000000000       0.00000000000000       0.00000000000000       0.00000000000000
    1     -1     64772.0000000000       0.39562552362080       0.44960300666756      -0.03657295086880
    1     -1     64773.0000000000       0.39562552362080       0.44960300666756      -0.03657295086880
    1     -1     64774.0000000000       0.39562552362080       0.44960300666756      -0.03657295086880
    1     -1     64774.0000000000       0.00000000000000       0.00000000000000       0.00000000000000
    1     -1     64774.0000000000       0.00000000000000       0.00000000000000       0.00000000000000
    1     -1     64774.0000000000       0.39288383345839       0.45197406174162      -0.03690176418311
    1     -1     64775.0000000000       0.39288383345839       0.45197406174162      -0.03690176418311
    1     -1     64776.0000000000       0.39288383345839       0.45197406174162      -0.03690176418311
    1     -1     64776.0000000000       0.00000000000000       0.00000000000000       0.00000000000000
    1     -1     64776.0000000000       0.00000000000000       0.00000000000000       0.00000000000000
    1     -1     64776.0000000000       0.39013478478694       0.45432299269240      -0.03722186575483
    1     -1     64777.0000000000       0.39013478478694       0.45432299269240      -0.03722186575483
    1     -1     64778.0000000000       0.39013478478694       0.45432299269240      -0.03722186575483
    1     -1     64778.0000000000       0.00000000000000       0.00000000000000       0.00000000000000
    1     -1     64778.0000000000       0.00000000000000       0.00000000000000       0.00000000000000
    1     -1     64778.0000000000       0.38737833535161       0.45665005046647      -0.03753339831649
    1     -1     64779.0000000000       0.38737833535161       0.45665005046647      -0.03753339831649
    1     -1     64780.0000000000       0.38737833535161       0.45665005046647      -0.03753339831649
    1     -1     64780.0000000000       0.00000000000000       0.00000000000000       0.00000000000000
    1     -1     64780.0000000000       0.00000000000000       0.00000000000000       0.00000000000000
    1     -1     64780.0000000000       0.38461444067080       0.45895547762167      -0.03783650180118
    1     -1     64781.0000000000       0.38461444067080       0.45895547762167      -0.03783650180118
    1     -1     64782.0000000000       0.38461444067080       0.45895547762167      -0.03783650180118
    1     -1     64782.0000000000       0.00000000000000       0.00000000000000       0.00000000000000
    1     -1     64782.0000000000       0.00000000000000       0.00000000000000       0.00000000000000
    1     -1     64782.0000000000       0.38184305418906       0.46123950849649      -0.03813131324100
    1     -1     64783.0000000000       0.38184305418906       0.46123950849649      -0.03813131324100
    1     -1     64784.0000000000       0.38184305418906       0.46123950849649      -0.03813131324100
    1     -1     64784.0000000000       0.00000000000000       0.00000000000000       0.00000000000000
    1     -1     64784.0000000000       0.00000000000000       0.00000000000000       0.00000000000000
    1     -1     64784.0000000000       0.37906412738880       0.46350236937948      -0.03841796697609
    1     -1     64785.0000000000       0.37906412738880       0.46350236937948      -0.03841796697609
    1     -1     64786.0000000000       0.37906412738880       0.46350236937948      -0.03841796697609
    1     -1     64786.0000000000       0.00000000000000       0.00000000000000       0.00000000000000
    1     -1     64786.0000000000       0.00000000000000       0.00000000000000       0.00000000000000
    1     -1     64786.0000000000       0.37627760992863       0.46574427866903      -0.03869659459784
    1     -1     64787.0000000000       0.37627760992863       0.46574427866903      -0.03869659459784
    1     -1     64788.0000000000       0.37627760992863       0.46574427866903      -0.03869659459784
    1     -1     64788.0000000000       0.00000000000000       0.00000000000000       0.00000000000000
    1     -1     64788.0000000000       0.00000000000000       0.00000000000000       0.00000000000000
    1     -1     64788.0000000000       0.37348344974500       0.46796544703407      -0.03896732514272
    1     -1     64789.0000000000       0.37348344974500       0.46796544703407      -0.03896732514272
    1     -1     64790.0000000000       0.37348344974500       0.46796544703407      -0.03896732514272
    1     -1     64790.0000000000       0.00000000000000       0.00000000000000       0.00000000000000
    1     -1     64790.0000000000       0.00000000000000       0.00000000000000       0.00000000000000
    1     -1     64790.0000000000       0.37068159318452       0.47016607756303      -0.03923028502556
    1     -1     64791.0000000000       0.37068159318452       0.47016607756303      -0.03923028502556
    1     -1     64792.0000000000       0.37068159318452       0.47016607756303      -0.03923028502556
    1     -1     64792.0000000000       0.00000000000000       0.00000000000000       0.00000000000000
    1     -1     64792.0000000000       0.00000000000000       0.00000000000000       0.00000000000000
    1     -1     64792.0000000000       0.36787198511303       0.47234636591287      -0.03948559810746
    1     -1     64793.0000000000       0.36787198511303       0.47234636591287      -0.03948559810746
    1     -1     64794.0000000000       0.36787198511303       0.47234636591287      -0.03948559810746
    1     -1     64794.0000000000       0.00000000000000       0.00000000000000       0.00000000000000
    1     -1     64794.0000000000       0.00000000000000       0.00000000000000       0.00000000000000
    1     -1     64794.0000000000       0.36505456900944       0.47450650045471      -0.03973338585561
    1     -1     64795.0000000000       0.36505456900944       0.47450650045471      -0.03973338585561
    1     -1     64796.0000000000       0.36505456900944       0.47450650045471      -0.03973338585561
    1     -1     64796.0000000000       0.00000000000000       0.00000000000000       0.00000000000000
    1     -1     64796.0000000000       0.00000000000000       0.00000000000000       0.00000000000000
    1     -1     64796.0000000000       0.36222928707978       0.47664666241140      -0.03997376731994
    1     -1     64797.0000000000       0.36222928707978       0.47664666241140      -0.03997376731994
    1     -1     64798.0000000000       0.36222928707978       0.47664666241140      -0.03997376731994
    1     -1     64798.0000000000       0.00000000000000       0.00000000000000       0.00000000000000
    1     -1     64798.0000000000       0.00000000000000       0.00000000000000       0.00000000000000
    1     -1     64798.0000000000       0.35939608035966       0.47876702599247      -0.04020685917151
    1     -1     64799.0000000000       0.35939608035966       0.47876702599247      -0.04020685917151
    1     -1     64800.0000000000       0.35939608035966       0.47876702599247      -0.04020685917151
    1     -1     64800.0000000000       0.00000000000000       0.00000000000000       0.00000000000000
    1     -1     64800.0000000000       0.00000000000000       0.00000000000000       0.00000000000000
    1     -1     64800.0000000000       0.35655488879450       0.48086775852792      -0.04043277587646
    1     -1     64801.0000000000       0.35655488879450       0.48086775852792      -0.04043277587646
    1     -1     64802.0000000000       0.35655488879450       0.48086775852792      -0.04043277587646
    1     -1     64802.0000000000       0.00000000000000       0.00000000000000       0.00000000000000
    1     -1     64802.0000000000       0.00000000000000       0.00000000000000       0.00000000000000
    1     -1     64802.0000000000       0.35370565136582       0.48294902059059      -0.04065162951808
    1     -1     64803.0000000000       0.35370565136582       0.48294902059059      -0.04065162951808
    1     -1     64804.0000000000       0.35370565136582       0.48294902059059      -0.04065162951808
    1     -1     64804.0000000000       0.00000000000000       0.00000000000000       0.00000000000000
    1     -1     64804.0000000000       0.00000000000000       0.00000000000000       0.00000000000000
    1     -1     64804.0000000000       0.35084830614680       0.48501096612431      -0.04086353011033
    1     -1     64805.0000000000       0.35084830614680       0.48501096612431      -0.04086353011033
    1     -1     64806.0000000000       0.35084830614680       0.48501096612431      -0.04086353011033
    1     -1     64806.0000000000       0.00000000000000       0.00000000000000       0.00000000000000
    1     -1     64806.0000000000       0.00000000000000       0.00000000000000       0.00000000000000
    1     -1     64806.0000000000       0.34798279041009       0.48705374256027      -0.04106858551788
    1     -1     64807.0000000000       0.34798279041009       0.48705374256027      -0.04106858551788
    1     -1     64808.0000000000       0.34798279041009       0.48705374256027      -0.04106858551788
    1     -1     64808.0000000000       0.00000000000000       0.00000000000000       0.00000000000000
    1     -1     64808.0000000000       0.00000000000000       0.00000000000000       0.00000000000000
    1     -1     64808.0000000000       0.34510904072526       0.48907749093309      -0.04126690141372
    1     -1     64809.0000000000       0.34510904072526       0.48907749093309      -0.04126690141372
    1     -1     64810.0000000000       0.34510904072526       0.48907749093309      -0.04126690141372
    1     -1     64810.0000000000       0.00000000000000       0.00000000000000       0.00000000000000
    1     -1     64810.0000000000       0.00000000000000       0.00000000000000       0.00000000000000
    1     -1     64810.0000000000       0.34222699301283       0.49108234599179      -0.04145858160375
    1     -1     64811.0000000000       0.34222699301283       0.49108234599179      -0.04145858160375
    1     -1     64812.0000000000       0.34222699301283       0.49108234599179      -0.04145858160375
    1     -1     64812.0000000000       0.00000000000000       0.00000000000000       0.00000000000000
    1     -1     64812.0000000000       0.00000000000000       0.00000000000000       0.00000000000000
    1     -1     64812.0000000000       0.33933658266569       0.49306843630606      -0.04164372778061
    1     -1     64813.0000000000       0.33933658266569       0.49306843630606      -0.04164372778061
    1     -1     64814.0000000000       0.33933658266569       0.49306843630606      -0.04164372778061
    1     -1     64814.0000000000       0.00000000000000       0.00000000000000       0.00000000000000
    1     -1     64814.0000000000       0.00000000000000       0.00000000000000       0.00000000000000
    1     -1     64814.0000000000       0.33643774461857       0.49503588436745      -0.04182243972441
    1     -1     64815.0000000000       0.33643774461857       0.49503588436745      -0.04182243972441
    1     -1     64816.0000000000       0.33643774461857       0.49503588436745      -0.04182243972441
    1     -1     64816.0000000000       0.00000000000000       0.00000000000000       0.00000000000000
    1     -1     64816.0000000000       0.00000000000000       0.00000000000000       0.00000000000000
    1     -1     64816.0000000000       0.33353041344212       0.49698480667936      -0.04199481538245
    1     -1     64817.0000000000       0.33353041344212       0.49698480667936      -0.04199481538245
    1     -1     64818.0000000000       0.33353041344212       0.49698480667936      -0.04199481538245
    1     -1     64818.0000000000       0.00000000000000       0.00000000000000       0.00000000000000
    1     -1     64818.0000000000       0.00000000000000       0.00000000000000       0.00000000000000
    1     -1     64818.0000000000       0.33061452345690       0.49891531383834      -0.04216095085454
    1     -1     64819.0000000000       0.33061452345690       0.49891531383834      -0.04216095085454
    1     -1     64820.0000000000       0.33061452345690       0.49891531383834      -0.04216095085454
    1     -1     64820.0000000000       0.00000000000000       0.00000000000000       0.00000000000000
    1     -1     64820.0000000000       0.00000000000000       0.00000000000000       0.00000000000000
    1     -1     64820.0000000000       0.32769000886254       0.50082751060355      -0.04232094037614
    1     -1     64821.0000000000       0.32769000886254       0.50082751060355      -0.04232094037614
    1     -1     64822.0000000000       0.32769000886254       0.50082751060355      -0.04232094037614
    1     -1     64822.0000000000       0.00000000000000       0.00000000000000       0.00000000000000
    1     -1     64822.0000000000       0.00000000000000       0.00000000000000       0.00000000000000
    1     -1     64822.0000000000       0.32475680388760       0.50272149593538      -0.04247487649423
    1     -1     64823.0000000000       0.32475680388760       0.50272149593538      -0.04247487649423
    1     -1     64824.0000000000       0.32475680388760       0.50272149593538      -0.04247487649423
    1     -1     64824.0000000000       0.00000000000000       0.00000000000000       0.00000000000000
    1     -1     64824.0000000000       0.00000000000000       0.00000000000000       0.00000000000000
    1     -1     64824.0000000000       0.32181484293066       0.50459736304811      -0.04262285014412
    1     -1     64825.0000000000       0.32181484293066       0.50459736304811      -0.04262285014412
    1     -1     64826.0000000000       0.32181484293066       0.50459736304811      -0.04262285014412
    1     -1     64826.0000000000       0.00000000000000       0.00000000000000       0.00000000000000
    1     -1     64826.0000000000       0.00000000000000       0.00000000000000       0.00000000000000
    1     -1     64826.0000000000       0.31886406054564       0.50645519935107      -0.04276495320488
    1     -1     64827.0000000000       0.31886406054564       0.50645519935107      -0.04276495320488
    1     -1     64828.0000000000       0.31886406054564       0.50645519935107      -0.04276495320488
    1     -1     64828.0000000000       0.00000000000000       0.00000000000000       0.00000000000000
    1  57530     64828.0000000000      171651373.517269582     -363709202.491260529         -19475.760097567       15.0124706592440        7.9793809647859       -0.2193023430911        2657.3638397940
    1  57530     64828.0000000000      171651373.517269582     -363709202.491260529         -19475.760097567       15.0124706592440        7.9793809647859       -0.2193023430911        2617.3638397940
    1     -1     64828.0000000000       0.00000000000000       0.00000000000000       0.00000000000000
    1     -1     64828.0000000000       0.25313863304763       0.50011207371727      -0.21402977704281
    1     -1     64829.0000000000       0.25313863304763       0.50011207371727      -0.21402977704281
    1     -1     64830.0000000000       0.25313863304763       0.50011207371727      -0.21402977704281
    1     -1     64830.0000000000       0.00000000000000       0.00000000000000       0.00000000000000
    1     -1     64830.0000000000       0.00000000000000       0.00000000000000       0.00000000000000
    1     -1     64830.0000000000       0.25036387039800       0.49808769003840      -0.22187064860307
    1     -1     64831.0000000000       0.25036387039800       0.49808769003840      -0.22187064860307
    1     -1     64832.0000000000       0.25036387039800       0.49808769003840      -0.22187064860307
    1     -1     64832.0000000000       0.00000000000000       0.00000000000000       0.00000000000000
    1     -1     64832.0000000000       0.00000000000000       0.00000000000000       0.00000000000000
    1     -1     64832.0000000000       0.24737135611112       0.49589439144759      -0.22999166068918
    1     -1     64833.0000000000       0.24737135611112       0.49589439144759      -0.22999166068918
    1     -1     64834.0000000000       0.24737135611112       0.49589439144759      -0.22999166068918
    1     -1     64834.0000000000       0.00000000000000       0.00000000000000       0.00000000000000
    1     -1     64834.0000000000       0.00000000000000       0.00000000000000       0.00000000000000
    1     -1     64834.0000000000       0.24414635865294       0.49351463727467      -0.23840272152842
    1     -1     64835.0000000000       0.24414635865294       0.49351463727467      -0.23840272152842
    1     -1     64836.0000000000       0.24414635865294       0.49351463727467      -0.23840272152842
    1     -1     64836.0000000000       0.00000000000000       0.00000000000000       0.00000000000000
    1     -1     64836.0000000000       0.00000000000000       0.00000000000000       0.00000000000000
    1     -1     64836.0000000000       0.24067303752568       0.49092914002588      -0.24711347142883
    1     -1     64837.0000000000       0.24067303752568       0.49092914002588      -0.24711347142883
    1     -1     64838.0000000000       0.24067303752568       0.49092914002588      -0.24711347142883
    1     -1     64838.0000000000       0.00000000000000       0.00000000000000       0.00000000000000
    1     -1     64838.0000000000       0.00000000000000       0.00000000000000       0.00000000000000
    1     -1     64838.0000000000       0.23693438979752       0.48811671267169      -0.25613310801585
    1     -1     64839.0000000000       0.23693438979752       0.48811671267169      -0.25613310801585
    1     -1     64840.0000000000       0.23693438979752       0.48811671267169      -0.25613310801585
    1     -1     64840.0000000000       0.00000000000000       0.00000000000000       0.00000000000000
    1     -1     64840.0000000000       0.00000000000000       0.00000000000000       0.00000000000000
    1     -1     64840.0000000000       0.23291220468227       0.48505411189212      -0.26547017295092
    1     -1     64841.0000000000       0.23291220468227       0.48505411189212      -0.26547017295092
    1     -1     64842.0000000000       0.23291220468227       0.48505411189212      -0.26547017295092
    1     -1     64842.0000000000       0.00000000000000       0.00000000000000       0.00000000000000
    1     -1     64842.0000000000       0.00000000000000       0.00000000000000       0.00000000000000
    1     -1     64842.0000000000       0.22858703040718       0.48171588045269      -0.27513229423191
    1     -1     64843.0000000000       0.22858703040718       0.48171588045269      -0.27513229423191
    1     -1     64844.0000000000       0.22858703040718       0.48171588045269      -0.27513229423191
    1     -1     64844.0000000000       0.00000000000000       0.00000000000000       0.00000000000000
    1     -1     64844.0000000000       0.00000000000000       0.00000000000000       0.00000000000000
    1     -1     64844.0000000000       0.22393815808401       0.47807419337569      -0.28512587792435
    1     -1     64845.0000000000       0.22393815808401       0.47807419337569      -0.28512587792435
    1     -1     64846.0000000000       0.22393815808401       0.47807419337569      -0.28512587792435
    1     -1     64846.0000000000       0.00000000000000       0.00000000000000       0.00000000000000
    1     -1     64846.0000000000       0.00000000000000       0.00000000000000       0.00000000000000
    1     -1     64846.0000000000       0.21894362932931       0.47409871431131      -0.29545574210780
    1     -1     64847.0000000000       0.21894362932931       0.47409871431131      -0.29545574210780
    1     -1     64848.0000000000       0.21894362932931       0.47409871431131      -0.29545574210780
    1     -1     64848.0000000000       0.00000000000000       0.00000000000000       0.00000000000000
    1     -1     64848.0000000000       0.00000000000000       0.00000000000000       0.00000000000000
    1     -1     64848.0000000000       0.21358027537955       0.46975647078625      -0.30612468604025
    1     -1     64849.0000000000       0.21358027537955       0.46975647078625      -0.30612468604025
    1     -1     64850.0000000000       0.21358027537955       0.46975647078625      -0.30612468604025
    1     -1     64850.0000000000       0.00000000000000       0.00000000000000       0.00000000000000
    1     -1     64850.0000000000       0.00000000000000       0.00000000000000       0.00000000000000
    1     -1     64850.0000000000       0.20782379505330       0.46501175902852      -0.31713299017106
    1     -1     64851.0000000000       0.20782379505330       0.46501175902852      -0.31713299017106
    1     -1     64852.0000000000       0.20782379505330       0.46501175902852      -0.31713299017106
    1     -1     64852.0000000000       0.00000000000000       0.00000000000000       0.00000000000000
    1     -1     64852.0000000000       0.00000000000000       0.00000000000000       0.00000000000000
    1     -1     64852.0000000000       0.20164887702172       0.45982609102831      -0.32847784656732
    1     -1     64853.0000000000       0.20164887702172       0.45982609102831      -0.32847784656732
    1     -1     64854.0000000000       0.20164887702172       0.45982609102831      -0.32847784656732
    1     -1     64854.0000000000       0.00000000000000       0.00000000000000       0.00000000000000
    1     -1     64854.0000000000       0.00000000000000       0.00000000000000       0.00000000000000
    1     -1     64854.0000000000       0.19502942583987       0.45415820187218      -0.34015268631719
    1     -1     64855.0000000000       0.19502942583987       0.45415820187218      -0.34015268631719
    1     -1     64856.0000000000       0.19502942583987       0.45415820187218      -0.34015268631719
    1     -1     64856.0000000000       0.00000000000000       0.00000000000000       0.00000000000000
    1     -1     64856.0000000000       0.00000000000000       0.00000000000000       0.00000000000000
    1     -1     64856.0000000000       0.18793876589383       0.44796413235976      -0.35214649746018
    1     -1     64857.0000000000       0.18793876589383       0.44796413235976      -0.35214649746018
    1     -1     64858.0000000000       0.18793876589383       0.44796413235976      -0.35214649746018
    1     -1     64858.0000000000       0.00000000000000       0.00000000000000       0.00000000000000
    1     -1     64858.0000000000       0.00000000000000       0.00000000000000       0.00000000000000
    1     -1     64858.0000000000       0.05398339632624       0.13206145140795      -0.10908655258575
    1     -1     64859.0000000000       0.05398339632624       0.13206145140795      -0.10908655258575
    1     -1     64860.0000000000       0.05398339632624       0.13206145140795      -0.10908655258575
    1     -1     64860.0000000000       0.00000000000000       0.00000000000000       0.00000000000000
    1     -1     64932.0000000000       0.00000000000000       0.00000000000000       0.00000000000000
    1     -1     64932.0000000000      -0.05782215531067      -0.03824211315824      -0.10475421206589
    1     -1     64933.0000000000      -0.05782215531067      -0.03824211315824      -0.10475421206589
    1     -1     64934.0000000000      -0.05782215531067      -0.03824211315824      -0.10475421206589
    1     -1     64934.0000000000       0.00000000000000       0.00000000000000       0.00000000000000
    1     -1     64934.0000000000       0.00000000000000       0.00000000000000       0.00000000000000
    1     -1     64934.0000000000      -0.28224637343354      -0.19483703020810      -0.49231647913035
    1     -1     64935.0000000000      -0.28224637343354      -0.19483703020810      -0.49231647913035
    1     -1     64936.0000000000      -0.28224637343354      -0.19483703020810      -0.49231647913035
    1     -1     64936.0000000000       0.00000000000000       0.00000000000000       0.00000000000000
    1     -1     64936.0000000000       0.00000000000000       0.00000000000000       0.00000000000000
    1     -1     64936.0000000000      -0.28786849036200      -0.20633985362887      -0.48430940145853
    1     -1     64937.0000000000      -0.28786849036200      -0.20633985362887      -0.48430940145853
    1     -1     64938.0000000000      -0.28786849036200      -0.20633985362887      -0.48430940145853
    1     -1     64938.0000000000       0.00000000000000       0.00000000000000       0.00000000000000
    1     -1     64938.0000000000       0.00000000000000       0.00000000000000       0.00000000000000
    1     -1     64938.0000000000      -0.29308367314305      -0.21720390251837      -0.47636585157604
    1     -1     64939.0000000000      -0.29308367314305      -0.21720390251837      -0.47636585157604
    1     -1     64940.0000000000      -0.29308367314305      -0.21720390251837      -0.47636585157604
    1     -1     64940.0000000000       0.00000000000000       0.00000000000000       0.00000000000000
    1     -1     64940.0000000000       0.00000000000000       0.00000000000000       0.00000000000000
    1     -1     64940.0000000000      -0.29792168079227      -0.22746182551273      -0.46851231502312
    1     -1     64941.0000000000      -0.29792168079227      -0.22746182551273      -0.46851231502312
    1     -1     64942.0000000000      -0.29792168079227      -0.22746182551273      -0.46851231502312
    1     -1     64942.0000000000       0.00000000000000       0.00000000000000       0.00000000000000
    1     -1     64942.0000000000       0.00000000000000       0.00000000000000       0.00000000000000
    1     -1     64942.0000000000      -0.30241087242117      -0.23714619086080      -0.46077038498766
    1     -1     64943.0000000000      -0.30241087242117      -0.23714619086080      -0.46077038498766
    1     -1     64944.0000000000      -0.30241087242117      -0.23714619086080      -0.46077038498766
    1     -1     64944.0000000000       0.00000000000000       0.00000000000000       0.00000000000000
    1     -1     64944.0000000000       0.00000000000000       0.00000000000000       0.00000000000000
    1     -1     64944.0000000000      -0.30657804798997      -0.24628903688595      -0.45315737893192
    1     -1     64945.0000000000      -0.30657804798997      -0.24628903688595      -0.45315737893192
    1     -1     64946.0000000000      -0.30657804798997      -0.24628903688595      -0.45315737893192
    1     -1     64946.0000000000       0.00000000000000       0.00000000000000       0.00000000000000
    1     -1     64946.0000000000       0.00000000000000       0.00000000000000       0.00000000000000
    1     -1     64946.0000000000      -0.31044839486965      -0.25492154104641      -0.44568688707812
    1     -1     64947.0000000000      -0.31044839486965      -0.25492154104641      -0.44568688707812
    1     -1     64948.0000000000      -0.31044839486965      -0.25492154104641      -0.44568688707812
    1     -1     64948.0000000000       0.00000000000000       0.00000000000000       0.00000000000000
    1     -1     64948.0000000000       0.00000000000000       0.00000000000000       0.00000000000000
    1     -1     64948.0000000000      -0.31404546784337      -0.26307377592176      -0.43836928705066
    1     -1     64949.0000000000      -0.31404546784337      -0.26307377592176      -0.43836928705066
    1     -1     64950.0000000000      -0.31404546784337      -0.26307377592176      -0.43836928705066
    1     -1     64950.0000000000       0.00000000000000       0.00000000000000       0.00000000000000
    1     -1     64950.0000000000       0.00000000000000       0.00000000000000       0.00000000000000
    1     -1     64950.0000000000      -0.31739120639388      -0.27077454169293      -0.43121220872654
    1     -1     64951.0000000000      -0.31739120639388      -0.27077454169293      -0.43121220872654
    1     -1     64952.0000000000      -0.31739120639388      -0.27077454169293      -0.43121220872654
    1     -1     64952.0000000000       0.00000000000000       0.00000000000000       0.00000000000000
    1     -1     64952.0000000000       0.00000000000000       0.00000000000000       0.00000000000000
    1     -1     64952.0000000000      -0.32050597908826      -0.27805125908847      -0.42422094946854
    1     -1     64953.0000000000      -0.32050597908826      -0.27805125908847      -0.42422094946854
    1     -1     64954.0000000000      -0.32050597908826      -0.27805125908847      -0.42422094946854
    1     -1     64954.0000000000       0.00000000000000       0.00000000000000       0.00000000000000
    1     -1     64954.0000000000       0.00000000000000       0.00000000000000       0.00000000000000
    1     -1     64954.0000000000      -0.32340864674219      -0.28492991019321      -0.41739884136121
    1     -1     64955.0000000000      -0.32340864674219      -0.28492991019321      -0.41739884136121
    1     -1     64956.0000000000      -0.32340864674219      -0.28492991019321      -0.41739884136121
    1     -1     64956.0000000000       0.00000000000000       0.00000000000000       0.00000000000000
    1     -1     64956.0000000000       0.00000000000000       0.00000000000000       0.00000000000000
    1     -1     64956.0000000000      -0.32611663797694      -0.29143501653669      -0.41074757315275
    1     -1     64957.0000000000      -0.32611663797694      -0.29143501653669      -0.41074757315275
    1     -1     64958.0000000000      -0.32611663797694      -0.29143501653669      -0.41074757315275
    1     -1     64958.0000000000       0.00000000000000       0.00000000000000       0.00000000000000
    1     -1     64958.0000000000       0.00000000000000       0.00000000000000       0.00000000000000
    1     -1     64958.0000000000      -0.32864603218456      -0.29758964566816      -0.40426747037134
    1     -1     64959.0000000000      -0.32864603218456      -0.29758964566816      -0.40426747037134
    1     -1     64960.0000000000      -0.32864603218456      -0.29758964566816      -0.40426747037134
    1     -1     64960.0000000000       0.00000000000000       0.00000000000000       0.00000000000000
    1     -1     64960.0000000000       0.00000000000000       0.00000000000000       0.00000000000000
    1     -1     64960.0000000000      -0.33101164613841      -0.30341543904702      -0.39795773739010
    1     -1     64961.0000000000      -0.33101164613841      -0.30341543904702      -0.39795773739010
    1     -1     64962.0000000000      -0.33101164613841      -0.30341543904702      -0.39795773739010
    1     -1     64962.0000000000       0.00000000000000       0.00000000000000       0.00000000000000
    1     -1     64962.0000000000       0.00000000000000       0.00000000000000       0.00000000000000
    1     -1     64962.0000000000      -0.33322712137870      -0.30893265534806      -0.39181666544095
    1     -1     64963.0000000000      -0.33322712137870      -0.30893265534806      -0.39181666544095
    1     -1     64964.0000000000      -0.33322712137870      -0.30893265534806      -0.39181666544095
    1     -1     64964.0000000000       0.00000000000000       0.00000000000000       0.00000000000000
    1     -1     64964.0000000000       0.00000000000000       0.00000000000000       0.00000000000000
    1     -1     64964.0000000000      -0.33530501041386      -0.31416022459762      -0.38584181026962
    1     -1     64965.0000000000      -0.33530501041386      -0.31416022459762      -0.38584181026962
    1     -1     64966.0000000000      -0.33530501041386      -0.31416022459762      -0.38584181026962
    1     -1     64966.0000000000       0.00000000000000       0.00000000000000       0.00000000000000
    1     -1     64966.0000000000       0.00000000000000       0.00000000000000       0.00000000000000
    1     -1     64966.0000000000      -0.33725686011100      -0.31911580932560      -0.38003014331305
    1     -1     64967.0000000000      -0.33725686011100      -0.31911580932560      -0.38003014331305
    1     -1     64968.0000000000      -0.33725686011100      -0.31911580932560      -0.38003014331305
    1     -1     64968.0000000000       0.00000000000000       0.00000000000000       0.00000000000000
    1     -1     64968.0000000000       0.00000000000000       0.00000000000000       0.00000000000000
    1     -1     64968.0000000000      -0.33909329153500      -0.32381586998262      -0.37437817947012
    1     -1     64969.0000000000      -0.33909329153500      -0.32381586998262      -0.37437817947012
    1     -1     64970.0000000000      -0.33909329153500      -0.32381586998262      -0.37437817947012
    1     -1     64970.0000000000       0.00000000000000       0.00000000000000       0.00000000000000
    1     -1     64970.0000000000       0.00000000000000       0.00000000000000       0.00000000000000
    1     -1     64970.0000000000      -0.34082407532797      -0.32827573232698      -0.36888208484828
    1     -1     64971.0000000000      -0.34082407532797      -0.32827573232698      -0.36888208484828
    1     -1     64972.0000000000      -0.34082407532797      -0.32827573232698      -0.36888208484828
    1     -1     64972.0000000000       0.00000000000000       0.00000000000000       0.00000000000000
    1     -1     64972.0000000000       0.00000000000000       0.00000000000000       0.00000000000000
    1     -1     64972.0000000000      -0.34245820252361      -0.33250965515799      -0.36353776699404
    1     -1     64973.0000000000      -0.34245820252361      -0.33250965515799      -0.36353776699404
    1     -1     64974.0000000000      -0.34245820252361      -0.33250965515799      -0.36353776699404
    1     -1     64974.0000000000       0.00000000000000       0.00000000000000       0.00000000000000
    1     -1     64974.0000000000       0.00000000000000       0.00000000000000       0.00000000000000
    1     -1     64974.0000000000      -0.34400395052375      -0.33653089715892      -0.35834095015985
    1     -1     64975.0000000000      -0.34400395052375      -0.33653089715892      -0.35834095015985
    1     -1     64976.0000000000      -0.34400395052375      -0.33653089715892      -0.35834095015985
    1     -1     64976.0000000000       0.00000000000000       0.00000000000000       0.00000000000000
    1     -1     64976.0000000000       0.00000000000000       0.00000000000000       0.00000000000000
    1     -1     64976.0000000000      -0.34546894425726      -0.34035178194627      -0.35328723775388
    1     -1     64977.0000000000      -0.34546894425726      -0.34035178194627      -0.35328723775388
    1     -1     64978.0000000000      -0.34546894425726      -0.34035178194627      -0.35328723775388
    1     -1     64978.0000000000       0.00000000000000       0.00000000000000       0.00000000000000
    1  53410     64978.0000000000      326443483.589960694     -198771418.280644000       -7082564.363667310        7.4191573240745       16.1958893537817       -1.0477221003777        2518.2244705825
    1  53410     64978.0000000000      326443483.589960694     -198771418.280644000       -7082564.363667310        7.4191573240745       16.1958893537817       -1.0477221003777        2478.2244705825
    1     -1     64978.0000000000       0.00000000000000       0.00000000000000       0.00000000000000
    1     -1     64978.0000000000       0.57631844512720      -0.07521236003365      -0.14899714757112
    1     -1     64979.0000000000       0.57631844512720      -0.07521236003365      -0.14899714757112
    1     -1     64980.0000000000       0.57631844512720      -0.07521236003365      -0.14899714757112
    1     -1     64980.0000000000       0.00000000000000       0.00000000000000       0.00000000000000
    1     -1     64980.0000000000       0.00000000000000       0.00000000000000       0.00000000000000
    1     -1     64980.0000000000       0.57654599531950      -0.07658713703274      -0.14740802217713
    1     -1     64981.0000000000       0.57654599531950      -0.07658713703274      -0.14740802217713
    1     -1     64982.0000000000       0.57654599531950      -0.07658713703274      -0.14740802217713
    1     -1     64982.0000000000       0.00000000000000       0.00000000000000       0.00000000000000
    1     -1     64982.0000000000       0.00000000000000       0.00000000000000       0.00000000000000
    1     -1     64982.0000000000       0.57677259158662      -0.07804824119918      -0.14574583671640
    1     -1     64983.0000000000       0.57677259158662      -0.07804824119918      -0.14574583671640
    1     -1     64984.0000000000       0.57677259158662      -0.07804824119918      -0.14574583671640
    1     -1     64984.0000000000       0.00000000000000       0.00000000000000       0.00000000000000
    1     -1     64984.0000000000       0.00000000000000       0.00000000000000       0.00000000000000
    1     -1     64984.0000000000       0.57699734667297      -0.07959767478135      -0.14400788652625
    1     -1     64985.0000000000       0.57699734667297      -0.07959767478135      -0.14400788652625
    1     -1     64986.0000000000       0.57699734667297      -0.07959767478135      -0.14400788652625
    1     -1     64986.0000000000       0.00000000000000       0.00000000000000       0.00000000000000
    1     -1     64986.0000000000       0.00000000000000       0.00000000000000       0.00000000000000
    1     -1     64986.0000000000       0.57721927132697      -0.08123747865982      -0.14219136454005
    1     -1     64987.0000000000       0.57721927132697      -0.08123747865982      -0.14219136454005
    1     -1     64988.0000000000       0.57721927132697      -0.08123747865982      -0.14219136454005
    1     -1     64988.0000000000       0.00000000000000       0.00000000000000       0.00000000000000
    1     -1     64988.0000000000       0.00000000000000       0.00000000000000       0.00000000000000
    1     -1     64988.0000000000       0.57743726635985      -0.08296973129608      -0.14029335831579
    1     -1     64989.0000000000       0.57743726635985      -0.08296973129608      -0.14029335831579
    1     -1     64990.0000000000       0.57743726635985      -0.08296973129608      -0.14029335831579
    1     -1     64990.0000000000       0.00000000000000       0.00000000000000       0.00000000000000
    1     -1     64990.0000000000       0.00000000000000       0.00000000000000       0.00000000000000
    1     -1     64990.0000000000       0.57765011416236      -0.08479654727836      -0.13831084721698
    1     -1     64991.0000000000       0.57765011416236      -0.08479654727836      -0.13831084721698
    1     -1     64992.0000000000       0.57765011416236      -0.08479654727836      -0.13831084721698
    1     -1     64992.0000000000       0.00000000000000       0.00000000000000       0.00000000000000
    1     -1     64992.0000000000       0.00000000000000       0.00000000000000       0.00000000000000
    1     -1     64992.0000000000       0.57785646967941      -0.08672007561843      -0.13624069955186
    1     -1     64993.0000000000       0.57785646967941      -0.08672007561843      -0.13624069955186
    1     -1     64994.0000000000       0.57785646967941      -0.08672007561843      -0.13624069955186
    1     -1     64994.0000000000       0.00000000000000       0.00000000000000       0.00000000000000
    1     -1     64994.0000000000       0.00000000000000       0.00000000000000       0.00000000000000
    1     -1     64994.0000000000       0.57805485077965      -0.08874249755525      -0.13407966996444
    1     -1     64995.0000000000       0.57805485077965      -0.08874249755525      -0.13407966996444
    1     -1     64996.0000000000       0.57805485077965      -0.08874249755525      -0.13407966996444
    1     -1     64996.0000000000       0.00000000000000       0.00000000000000       0.00000000000000
    1     -1     64996.0000000000       0.00000000000000       0.00000000000000       0.00000000000000
    1     -1     64996.0000000000       0.57824362801221      -0.09086602394613      -0.13182439696620
    1     -1     64997.0000000000       0.57824362801221      -0.09086602394613      -0.13182439696620
    1     -1     64998.0000000000       0.57824362801221      -0.09086602394613      -0.13182439696620
    1     -1     64998.0000000000       0.00000000000000       0.00000000000000       0.00000000000000
    1     -1     64998.0000000000       0.00000000000000       0.00000000000000       0.00000000000000
    1     -1     64998.0000000000       0.57842101372034      -0.09309289214894      -0.12947140069560
    1     -1     64999.0000000000       0.57842101372034      -0.09309289214894      -0.12947140069560
    1     -1     65000.0000000000       0.57842101372034      -0.09309289214894      -0.12947140069560
    1     -1     65000.0000000000       0.00000000000000       0.00000000000000       0.00000000000000
    1     -1     65000.0000000000       0.00000000000000       0.00000000000000       0.00000000000000
    1     -1     65000.0000000000       0.57858505047909      -0.09542536229837      -0.12701708102586
    1     -1     65001.0000000000       0.57858505047909      -0.09542536229837      -0.12701708102586
    1     -1     65002.0000000000       0.57858505047909      -0.09542536229837      -0.12701708102586
    1     -1     65002.0000000000       0.00000000000000       0.00000000000000       0.00000000000000
    1     -1     65002.0000000000       0.00000000000000       0.00000000000000       0.00000000000000
    1     -1     65002.0000000000       0.57873359885176      -0.09786571301272      -0.12445771593839
    1     -1     65003.0000000000       0.57873359885176      -0.09786571301272      -0.12445771593839
    1     -1     65004.0000000000       0.57873359885176      -0.09786571301272      -0.12445771593839
    1     -1     65004.0000000000       0.00000000000000       0.00000000000000       0.00000000000000
    1     -1     65004.0000000000       0.00000000000000       0.00000000000000       0.00000000000000
    1     -1     65004.0000000000       0.57886432442882      -0.10041623634368      -0.12178946039019
    1     -1     65005.0000000000       0.57886432442882      -0.10041623634368      -0.12178946039019
    1     -1     65006.0000000000       0.57886432442882      -0.10041623634368      -0.12178946039019
    1     -1     65006.0000000000       0.00000000000000       0.00000000000000       0.00000000000000
    1     -1     65006.0000000000       0.00000000000000       0.00000000000000       0.00000000000000
    1     -1     65006.0000000000       0.57897468414378      -0.10307923190994      -0.11900834571351
    1     -1     65007.0000000000       0.57897468414378      -0.10307923190994      -0.11900834571351
    1     -1     65008.0000000000       0.57897468414378      -0.10307923190994      -0.11900834571351
    1     -1     65008.0000000000       0.00000000000000       0.00000000000000       0.00000000000000
    1     -1     65008.0000000000       0.00000000000000       0.00000000000000       0.00000000000000
    1     -1     65008.0000000000       0.57906191186428      -0.10585700025387      -0.11611027949903
    1     -1     65009.0000000000       0.57906191186428      -0.10585700025387      -0.11611027949903
    1     -1     65010.0000000000       0.57906191186428      -0.10585700025387      -0.11611027949903
    1     -1     65010.0000000000       0.00000000000000       0.00000000000000       0.00000000000000
    1     -1     65010.0000000000       0.00000000000000       0.00000000000000       0.00000000000000
    1     -1     65010.0000000000       0.57912300323894      -0.10875183505244      -0.11309104638403
    1     -1     65011.0000000000       0.57912300323894      -0.10875183505244      -0.11309104638403
    1     -1     65012.0000000000       0.57912300323894      -0.10875183505244      -0.11309104638403
    1     -1     65012.0000000000       0.00000000000000       0.00000000000000       0.00000000000000
    1     -1     65012.0000000000       0.00000000000000       0.00000000000000       0.00000000000000
    1     -1     65012.0000000000       0.57915469983130      -0.11176601446537      -0.10994630941441
    1     -1     65013.0000000000       0.57915469983130      -0.11176601446537      -0.10994630941441
    1     -1     65014.0000000000       0.57915469983130      -0.11176601446537      -0.10994630941441
    1     -1     65014.0000000000       0.00000000000000       0.00000000000000       0.00000000000000
    1     -1     65014.0000000000       0.00000000000000       0.00000000000000       0.00000000000000
    1     -1     65014.0000000000       0.57915347253578      -0.11490179102521      -0.10667161266683
    1     -1     65015.0000000000       0.57915347253578      -0.11490179102521      -0.10667161266683
    1     -1     65016.0000000000       0.57915347253578      -0.11490179102521      -0.10667161266683
    1     -1     65016.0000000000       0.00000000000000       0.00000000000000       0.00000000000000
    1     -1     65016.0000000000       0.00000000000000       0.00000000000000       0.00000000000000
    1     -1     65016.0000000000       0.57911550432841      -0.11816138051393      -0.10326238463978
    1     -1     65017.0000000000       0.57911550432841      -0.11816138051393      -0.10326238463978
    1     -1     65018.0000000000       0.57911550432841      -0.11816138051393      -0.10326238463978
    1     -1     65018.0000000000       0.00000000000000       0.00000000000000       0.00000000000000
    1     -1     65018.0000000000       0.00000000000000       0.00000000000000       0.00000000000000
    1     -1     65018.0000000000       0.57903667238408      -0.12154694915097      -0.09971394318979
    1     -1     65019.0000000000       0.57903667238408      -0.12154694915097      -0.09971394318979
    1     -1     65020.0000000000       0.57903667238408      -0.12154694915097      -0.09971394318979
    1     -1     65020.0000000000       0.00000000000000       0.00000000000000       0.00000000000000
    1     -1     65020.0000000000       0.00000000000000       0.00000000000000       0.00000000000000
    1     -1     65020.0000000000       0.57891252963464      -0.12506059939714      -0.09602150170898
    1     -1     65021.0000000000       0.57891252963464      -0.12506059939714      -0.09602150170898
    1     -1     65022.0000000000       0.57891252963464      -0.12506059939714      -0.09602150170898
    1     -1     65022.0000000000       0.00000000000000       0.00000000000000       0.00000000000000
    1     -1     65022.0000000000       0.00000000000000       0.00000000000000       0.00000000000000
    1     -1     65022.0000000000       0.57873828585459      -0.12870435395723      -0.09218017703681
    1     -1     65023.0000000000       0.57873828585459      -0.12870435395723      -0.09218017703681
    1     -1     65024.0000000000       0.57873828585459      -0.12870435395723      -0.09218017703681
    1     -1     65024.0000000000       0.00000000000000       0.00000000000000       0.00000000000000
    1     -1     65024.0000000000       0.00000000000000       0.00000000000000       0.00000000000000
    1     -1     65024.0000000000       0.57850878838580      -0.13248013799819      -0.08818499915734
    1     -1     65025.0000000000       0.57850878838580      -0.13248013799819      -0.08818499915734
    1     -1     65026.0000000000       0.57850878838580      -0.13248013799819      -0.08818499915734
    1     -1     65026.0000000000       0.00000000000000       0.00000000000000       0.00000000000000
    1     -1     65026.0000000000       0.00000000000000       0.00000000000000       0.00000000000000
    1     -1     65026.0000000000       0.57821850264195      -0.13638975943263      -0.08403092290584
    1     -1     65027.0000000000       0.57821850264195      -0.13638975943263      -0.08403092290584
    1     -1     65028.0000000000       0.57821850264195      -0.13638975943263      -0.08403092290584
    1     -1     65028.0000000000       0.00000000000000       0.00000000000000       0.00000000000000
    1     -1     65028.0000000000       0.00000000000000       0.00000000000000       0.00000000000000
    1     -1     65028.0000000000       0.57786149256523      -0.14043488712497      -0.07971284192955
    1     -1     65029.0000000000       0.57786149256523      -0.14043488712497      -0.07971284192955
    1     -1     65030.0000000000       0.57786149256523      -0.14043488712497      -0.07971284192955
    1     -1     65030.0000000000       0.00000000000000       0.00000000000000       0.00000000000000
    1     -1     65030.0000000000       0.00000000000000       0.00000000000000       0.00000000000000
    1     -1     65030.0000000000       0.57743140125413      -0.14461702679741      -0.07522560525490
    1     -1     65031.0000000000       0.57743140125413      -0.14461702679741      -0.07522560525490
    1     -1     65032.0000000000       0.57743140125413      -0.14461702679741      -0.07522560525490
    1     -1     65032.0000000000       0.00000000000000       0.00000000000000       0.00000000000000
    1     -1     65032.0000000000       0.00000000000000       0.00000000000000       0.00000000000000
    1     -1     65032.0000000000       0.57692143200341      -0.14893749469927      -0.07056403650472
    1     -1     65033.0000000000       0.57692143200341      -0.14893749469927      -0.07056403650472
    1     -1     65034.0000000000       0.57692143200341      -0.14893749469927      -0.07056403650472
    1     -1     65034.0000000000       0.00000000000000       0.00000000000000       0.00000000000000
    1     -1     65034.0000000000       0.00000000000000       0.00000000000000       0.00000000000000
    1     -1     65034.0000000000       0.57632433005992      -0.15339738883164      -0.06572295611590
    1     -1     65035.0000000000       0.57632433005992      -0.15339738883164      -0.06572295611590
    1     -1     65036.0000000000       0.57632433005992      -0.15339738883164      -0.06572295611590
    1     -1     65036.0000000000       0.00000000000000       0.00000000000000       0.00000000000000
    1     -1     65036.0000000000       0.00000000000000       0.00000000000000       0.00000000000000
    1     -1     65036.0000000000       0.57563236526060      -0.15799755886145      -0.06069720535831
    1     -1     65037.0000000000       0.57563236526060      -0.15799755886145      -0.06069720535831
    1     -1     65038.0000000000       0.57563236526060      -0.15799755886145      -0.06069720535831
    1     -1     65038.0000000000       0.00000000000000       0.00000000000000       0.00000000000000
    1     -1     65038.0000000000       0.00000000000000       0.00000000000000       0.00000000000000
    1     -1     65038.0000000000       0.57483731545945      -0.16273857662103      -0.05548167007882
    1     -1     65039.0000000000       0.57483731545945      -0.16273857662103      -0.05548167007882
    1     -1     65040.0000000000       0.57483731545945      -0.16273857662103      -0.05548167007882
    1     -1     65040.0000000000       0.00000000000000       0.00000000000000       0.00000000000000
    1     -1     65040.0000000000       0.00000000000000       0.00000000000000       0.00000000000000
    1     -1     65040.0000000000       0.57393045250575      -0.16762069734999      -0.05007131700338
    1     -1     65041.0000000000       0.57393045250575      -0.16762069734999      -0.05007131700338
    1     -1     65042.0000000000       0.57393045250575      -0.16762069734999      -0.05007131700338
    1     -1     65042.0000000000       0.00000000000000       0.00000000000000       0.00000000000000
    1     -1     65042.0000000000       0.00000000000000       0.00000000000000       0.00000000000000
    1     -1     65042.0000000000       0.57290256381282      -0.17264366312143      -0.04446141294108
    1     -1     65043.0000000000       0.57290256381282      -0.17264366312143      -0.04446141294108
    1     -1     65044.0000000000       0.57290256381282      -0.17264366312143      -0.04446141294108
    1     -1     65044.0000000000       0.00000000000000       0.00000000000000       0.00000000000000
    1     -1     65044.0000000000       0.00000000000000       0.00000000000000       0.00000000000000
    1     -1     65044.0000000000       0.22770654251313      -0.07081453975380      -0.01539194110634
    1     -1     65045.0000000000       0.22770654251313      -0.07081453975380      -0.01539194110634
    1     -1     65046.0000000000       0.22770654251313      -0.07081453975380      -0.01539194110634
    1     -1     65046.0000000000       0.00000000000000       0.00000000000000       0.00000000000000
    1     -1     65212.0000000000       0.00000000000000       0.00000000000000       0.00000000000000
    1     -1     65212.0000000000      -0.02165896080125      -0.04002517969669       0.05488672326635
    1     -1     65213.0000000000      -0.02165896080125      -0.04002517969669       0.05488672326635
    1     -1     65214.0000000000      -0.02165896080125      -0.04002517969669       0.05488672326635
    1     -1     65214.0000000000       0.00000000000000       0.00000000000000       0.00000000000000
    1     -1     65214.0000000000       0.00000000000000       0.00000000000000       0.00000000000000
    1     -1     65214.0000000000      -0.18938962211040      -0.33402605103760       0.46104031010868
    1     -1     65215.0000000000      -0.18938962211040      -0.33402605103760       0.46104031010868
    1     -1     65216.0000000000      -0.18938962211040      -0.33402605103760       0.46104031010868
    1     -1     65216.0000000000       0.00000000000000       0.00000000000000       0.00000000000000
    1     -1     65216.0000000000       0.00000000000000       0.00000000000000       0.00000000000000
    1     -1     65216.0000000000      -0.19637559915686      -0.33126217455899       0.46011085081993
    1     -1     65217.0000000000      -0.19637559915686      -0.33126217455899       0.46011085081993
    1     -1     65218.0000000000      -0.19637559915686      -0.33126217455899       0.46011085081993
    1     -1     65218.0000000000       0.00000000000000       0.00000000000000       0.00000000000000
    1     -1     65218.0000000000       0.00000000000000       0.00000000000000       0.00000000000000
    1     -1     65218.0000000000      -0.20322508978182      -0.32852866831467       0.45909528015278
    1     -1     65219.0000000000      -0.20322508978182      -0.32852866831467       0.45909528015278
    1     -1     65220.0000000000      -0.20322508978182      -0.32852866831467       0.45909528015278
    1     -1     65220.0000000000       0.00000000000000       0.00000000000000       0.00000000000000
    1     -1     65220.0000000000       0.00000000000000       0.00000000000000       0.00000000000000
    1     -1     65220.0000000000      -0.20994105512593      -0.32582771693038       0.45799678113776
    1     -1     65221.0000000000      -0.20994105512593      -0.32582771693038       0.45799678113776
    1     -1     65222.0000000000      -0.20994105512593      -0.32582771693038       0.45799678113776
    1     -1     65222.0000000000       0.00000000000000       0.00000000000000       0.00000000000000
    1     -1     65222.0000000000       0.00000000000000       0.00000000000000       0.00000000000000
    1     -1     65222.0000000000      -0.21652650193254      -0.32316127492170       0.45681841428716
    1     -1     65223.0000000000      -0.21652650193254      -0.32316127492170       0.45681841428716
    1     -1     65224.0000000000      -0.21652650193254      -0.32316127492170       0.45681841428716
    1     -1     65224.0000000000       0.00000000000000       0.00000000000000       0.00000000000000
    1     -1     65224.0000000000       0.00000000000000       0.00000000000000       0.00000000000000
    1     -1     65224.0000000000      -0.22298402126807      -0.32053138683895       0.45556311921645
    1     -1     65225.0000000000      -0.22298402126807      -0.32053138683895       0.45556311921645
    1     -1     65226.0000000000      -0.22298402126807      -0.32053138683895       0.45556311921645
    1     -1     65226.0000000000       0.00000000000000       0.00000000000000       0.00000000000000
    1     -1     65226.0000000000       0.00000000000000       0.00000000000000       0.00000000000000
    1     -1     65226.0000000000      -0.22931631886487      -0.31793986152012       0.45423371697710
    1     -1     65227.0000000000      -0.22931631886487      -0.31793986152012       0.45423371697710
    1     -1     65228.0000000000      -0.22931631886487      -0.31793986152012       0.45423371697710
    1     -1     65228.0000000000       0.00000000000000       0.00000000000000       0.00000000000000
    1     -1     65228.0000000000       0.00000000000000       0.00000000000000       0.00000000000000
    1     -1     65228.0000000000      -0.23552598077307      -0.31538842090528       0.45283292241152
    1     -1     65229.0000000000      -0.23552598077307      -0.31538842090528       0.45283292241152
    1     -1     65230.0000000000      -0.23552598077307      -0.31538842090528       0.45283292241152
    1     -1     65230.0000000000       0.00000000000000       0.00000000000000       0.00000000000000
    1     -1     65230.0000000000       0.00000000000000       0.00000000000000       0.00000000000000
    1     -1     65230.0000000000      -0.24161548260741      -0.31287870167056       0.45136335239509
    1     -1     65231.0000000000      -0.24161548260741      -0.31287870167056       0.45136335239509
    1     -1     65232.0000000000      -0.24161548260741      -0.31287870167056       0.45136335239509
    1     -1     65232.0000000000       0.00000000000000       0.00000000000000       0.00000000000000
    1     -1     65232.0000000000       0.00000000000000       0.00000000000000       0.00000000000000
    1     -1     65232.0000000000      -0.24758720331330      -0.31041225376352       0.44982753222646
    1     -1     65233.0000000000      -0.24758720331330      -0.31041225376352       0.44982753222646
    1     -1     65234.0000000000      -0.24758720331330      -0.31041225376352       0.44982753222646
    1     -1     65234.0000000000       0.00000000000000       0.00000000000000       0.00000000000000
    1     -1     65234.0000000000       0.00000000000000       0.00000000000000       0.00000000000000
    1     -1     65234.0000000000      -0.25344343426799      -0.30799054188346       0.44822790075672
    1     -1     65235.0000000000      -0.25344343426799      -0.30799054188346       0.44822790075672
    1     -1     65236.0000000000      -0.25344343426799      -0.30799054188346       0.44822790075672
    1     -1     65236.0000000000       0.00000000000000       0.00000000000000       0.00000000000000
    1     -1     65236.0000000000       0.00000000000000       0.00000000000000       0.00000000000000
    1     -1     65236.0000000000      -0.25918638164561      -0.30561495038133       0.44656681577662
    1     -1     65237.0000000000      -0.25918638164561      -0.30561495038133       0.44656681577662
    1     -1     65238.0000000000      -0.25918638164561      -0.30561495038133       0.44656681577662
    1     -1     65238.0000000000       0.00000000000000       0.00000000000000       0.00000000000000
    1     -1     65238.0000000000       0.00000000000000       0.00000000000000       0.00000000000000
    1     -1     65238.0000000000      -0.26481816826564      -0.30328678808970       0.44484655917143
    1     -1     65239.0000000000      -0.26481816826564      -0.30328678808970       0.44484655917143
    1     -1     65240.0000000000      -0.26481816826564      -0.30328678808970       0.44484655917143
    1     -1     65240.0000000000       0.00000000000000       0.00000000000000       0.00000000000000
    1     -1     65240.0000000000       0.00000000000000       0.00000000000000       0.00000000000000
    1     -1     65240.0000000000      -0.27034083589772      -0.30100729256577       0.44306934169309
    1     -1     65241.0000000000      -0.27034083589772      -0.30100729256577       0.44306934169309
    1     -1     65242.0000000000      -0.27034083589772      -0.30100729256577       0.44306934169309
    1     -1     65242.0000000000       0.00000000000000       0.00000000000000       0.00000000000000
    1     -1     65242.0000000000       0.00000000000000       0.00000000000000       0.00000000000000
    1     -1     65242.0000000000      -0.27575634777686      -0.29877763391894       0.44123730736483
    1     -1     65243.0000000000      -0.27575634777686      -0.29877763391894       0.44123730736483
    1     -1     65244.0000000000      -0.27575634777686      -0.29877763391894       0.44123730736483
    1     -1     65244.0000000000       0.00000000000000       0.00000000000000       0.00000000000000
    1     -1     65244.0000000000       0.00000000000000       0.00000000000000       0.00000000000000
    1     -1     65244.0000000000      -0.28106659120877      -0.29659891832192       0.43935253753285
    1     -1     65245.0000000000      -0.28106659120877      -0.29659891832192       0.43935253753285
    1     -1     65246.0000000000      -0.28106659120877      -0.29659891832192       0.43935253753285
    1     -1     65246.0000000000       0.00000000000000       0.00000000000000       0.00000000000000
    1     -1     65246.0000000000       0.00000000000000       0.00000000000000       0.00000000000000
    1     -1     65246.0000000000      -0.28627338025822      -0.29447219121159       0.43741705458130
    1     -1     65247.0000000000      -0.28627338025822      -0.29447219121159       0.43741705458130
    1     -1     65248.0000000000      -0.28627338025822      -0.29447219121159       0.43741705458130
    1     -1     65248.0000000000       0.00000000000000       0.00000000000000       0.00000000000000
    1     -1     65248.0000000000       0.00000000000000       0.00000000000000       0.00000000000000
    1     -1     65248.0000000000      -0.29137845857062      -0.29239844015231       0.43543282531006
    1     -1     65249.0000000000      -0.29137845857062      -0.29239844015231       0.43543282531006
    1     -1     65250.0000000000      -0.29137845857062      -0.29239844015231       0.43543282531006
    1     -1     65250.0000000000       0.00000000000000       0.00000000000000       0.00000000000000
    1     -1     65250.0000000000       0.00000000000000       0.00000000000000       0.00000000000000
    1     -1     65250.0000000000      -0.29638350216026      -0.29037859748183       0.43340176401545
    1     -1     65251.0000000000      -0.29638350216026      -0.29037859748183       0.43340176401545
    1     -1     65252.0000000000      -0.29638350216026      -0.29037859748183       0.43340176401545
    1     -1     65252.0000000000       0.00000000000000       0.00000000000000       0.00000000000000
    1     -1     65252.0000000000       0.00000000000000       0.00000000000000       0.00000000000000
    1     -1     65252.0000000000      -0.30129012226454      -0.28841354267304       0.43132573527278
    1     -1     65253.0000000000      -0.30129012226454      -0.28841354267304       0.43132573527278
    1     -1     65254.0000000000      -0.30129012226454      -0.28841354267304       0.43132573527278
    1     -1     65254.0000000000       0.00000000000000       0.00000000000000       0.00000000000000
    1     -1     65254.0000000000       0.00000000000000       0.00000000000000       0.00000000000000
    1     -1     65254.0000000000      -0.30609986816734      -0.28650410448932       0.42920655644889
    1     -1     65255.0000000000      -0.30609986816734      -0.28650410448932       0.42920655644889
    1     -1     65256.0000000000      -0.30609986816734      -0.28650410448932       0.42920655644889
    1     -1     65256.0000000000       0.00000000000000       0.00000000000000       0.00000000000000
    1     -1     65256.0000000000       0.00000000000000       0.00000000000000       0.00000000000000
    1     -1     65256.0000000000      -0.31081422994535      -0.28465106297577       0.42704599996984
    1     -1     65257.0000000000      -0.31081422994535      -0.28465106297577       0.42704599996984
    1     -1     65258.0000000000      -0.31081422994535      -0.28465106297577       0.42704599996984
    1     -1     65258.0000000000       0.00000000000000       0.00000000000000       0.00000000000000
    1     -1     65258.0000000000       0.00000000000000       0.00000000000000       0.00000000000000
    1     -1     65258.0000000000      -0.31543464118950      -0.28285515125753       0.42484579534783
    1     -1     65259.0000000000      -0.31543464118950      -0.28285515125753       0.42484579534783
    1     -1     65260.0000000000      -0.31543464118950      -0.28285515125753       0.42484579534783
    1     -1     65260.0000000000       0.00000000000000       0.00000000000000       0.00000000000000
    1     -1     65260.0000000000       0.00000000000000       0.00000000000000       0.00000000000000
    1     -1     65260.0000000000      -0.31996248166957      -0.28111705718321       0.42260763098234
    1     -1     65261.0000000000      -0.31996248166957      -0.28111705718321       0.42260763098234
    1     -1     65262.0000000000      -0.31996248166957      -0.28111705718321       0.42260763098234
    1     -1     65262.0000000000       0.00000000000000       0.00000000000000       0.00000000000000
    1     -1     65262.0000000000       0.00000000000000       0.00000000000000       0.00000000000000
    1     -1     65262.0000000000      -0.32439907997097      -0.27943742479857       0.42033315574188
    1     -1     65263.0000000000      -0.32439907997097      -0.27943742479857       0.42033315574188
    1     -1     65264.0000000000      -0.32439907997097      -0.27943742479857       0.42033315574188
    1     -1     65264.0000000000       0.00000000000000       0.00000000000000       0.00000000000000
    1     -1     65264.0000000000       0.00000000000000       0.00000000000000       0.00000000000000
    1     -1     65264.0000000000      -0.32874571618225      -0.27781685558990       0.41802398031926
    1     -1     65265.0000000000      -0.32874571618225      -0.27781685558990       0.41802398031926
    1     -1     65266.0000000000      -0.32874571618225      -0.27781685558990       0.41802398031926
    1     -1     65266.0000000000       0.00000000000000       0.00000000000000       0.00000000000000
    1     -1     65266.0000000000       0.00000000000000       0.00000000000000       0.00000000000000
    1     -1     65266.0000000000      -0.33300362473981      -0.27625590940769       0.41568167833990
    1     -1     65267.0000000000      -0.33300362473981      -0.27625590940769       0.41568167833990
    1     -1     65268.0000000000      -0.33300362473981      -0.27625590940769       0.41568167833990
    1     -1     65268.0000000000       0.00000000000000       0.00000000000000       0.00000000000000
    1     -1     65268.0000000000       0.00000000000000       0.00000000000000       0.00000000000000
    1     -1     65268.0000000000      -0.33717399739082      -0.27475510504545       0.41330778726629
    1     -1     65269.0000000000      -0.33717399739082      -0.27475510504545       0.41330778726629
    1     -1     65270.0000000000      -0.33717399739082      -0.27475510504545       0.41330778726629
    1     -1     65270.0000000000       0.00000000000000       0.00000000000000       0.00000000000000
    1     -1     65270.0000000000       0.00000000000000       0.00000000000000       0.00000000000000
    1     -1     65270.0000000000      -0.34125798592333      -0.27331492069012       0.41090380924458
    1     -1     65271.0000000000      -0.34125798592333      -0.27331492069012       0.41090380924458
    1     -1     65272.0000000000      -0.34125798592333      -0.27331492069012       0.41090380924458
    1     -1     65272.0000000000       0.00000000000000       0.00000000000000       0.00000000000000
    1     -1     65272.0000000000       0.00000000000000       0.00000000000000       0.00000000000000
    1     -1     65272.0000000000      -0.34525670411392      -0.27193579471781       0.40847121207692
    1     -1     65273.0000000000      -0.34525670411392      -0.27193579471781       0.40847121207692
    1     -1     65274.0000000000      -0.34525670411392      -0.27193579471781       0.40847121207692
    1     -1     65274.0000000000       0.00000000000000       0.00000000000000       0.00000000000000
    1     -1     65274.0000000000       0.00000000000000       0.00000000000000       0.00000000000000
    1     -1     65274.0000000000      -0.34917122762341      -0.27061812801837       0.40601143071076
    1     -1     65275.0000000000      -0.34917122762341      -0.27061812801837       0.40601143071076
    1     -1     65276.0000000000      -0.34917122762341      -0.27061812801837       0.40601143071076
    1     -1     65276.0000000000       0.00000000000000       0.00000000000000       0.00000000000000
    1     -1     65276.0000000000       0.00000000000000       0.00000000000000       0.00000000000000
    1     -1     65276.0000000000      -0.35300259320056      -0.26936228719033       0.40352586870395
    1     -1     65277.0000000000      -0.35300259320056      -0.26936228719033       0.40352586870395
    1     -1     65278.0000000000      -0.35300259320056      -0.26936228719033       0.40352586870395
    1     -1     65278.0000000000       0.00000000000000       0.00000000000000       0.00000000000000
    1  16118     65278.0000000000      240589576.300710708      246822269.373349458      -22883369.593464166      -15.6922784389357       12.2279887140298        1.1222610505710        2305.0559342764
    1  16118     65278.0000000000      240589576.300710708      246822269.373349458      -22883369.593464166      -15.6922784389357       12.2279887140298        1.1222610505710        2265.0559342764
    1     -1     65278.0000000000       0.00000000000000       0.00000000000000       0.00000000000000
    1     -1     65278.0000000000       0.58796267854713      -0.00311828115670      -0.11954147497130
    1     -1     65279.0000000000       0.58796267854713      -0.00311828115670      -0.11954147497130
    1     -1     65280.0000000000       0.58796267854713      -0.00311828115670      -0.11954147497130
    1     -1     65280.0000000000       0.00000000000000       0.00000000000000       0.00000000000000
    1     -1     65280.0000000000       0.00000000000000       0.00000000000000       0.00000000000000
    1     -1     65280.0000000000       0.58696671097770      -0.00731005927819      -0.12416377296689
    1     -1     65281.0000000000       0.58696671097770      -0.00731005927819      -0.12416377296689
    1     -1     65282.0000000000       0.58696671097770      -0.00731005927819      -0.12416377296689
    1     -1     65282.0000000000       0.00000000000000       0.00000000000000       0.00000000000000
    1     -1     65282.0000000000       0.00000000000000       0.00000000000000       0.00000000000000
    1     -1     65282.0000000000       0.58589665723096      -0.01146222234804      -0.12881662852454
    1     -1     65283.0000000000       0.58589665723096      -0.01146222234804      -0.12881662852454
    1     -1     65284.0000000000       0.58589665723096      -0.01146222234804      -0.12881662852454
    1     -1     65284.0000000000       0.00000000000000       0.00000000000000       0.00000000000000
    1     -1     65284.0000000000       0.00000000000000       0.00000000000000       0.00000000000000
    1     -1     65284.0000000000       0.58475254654079      -0.01557341895389      -0.13349879106623
    1     -1     65285.0000000000       0.58475254654079      -0.01557341895389      -0.13349879106623
    1     -1     65286.0000000000       0.58475254654079      -0.01557341895389      -0.13349879106623
    1     -1     65286.0000000000       0.00000000000000       0.00000000000000       0.00000000000000
    1     -1     65286.0000000000       0.00000000000000       0.00000000000000       0.00000000000000
    1     -1     65286.0000000000       0.58353486421886      -0.01964120885974      -0.13820739645764
    1     -1     65287.0000000000       0.58353486421886      -0.01964120885974      -0.13820739645764
    1     -1     65288.0000000000       0.58353486421886      -0.01964120885974      -0.13820739645764
    1     -1     65288.0000000000       0.00000000000000       0.00000000000000       0.00000000000000
    1     -1     65288.0000000000       0.00000000000000       0.00000000000000       0.00000000000000
    1     -1     65288.0000000000       0.58224352494363      -0.02366476239239      -0.14294214200901
    1     -1     65289.0000000000       0.58224352494363      -0.02366476239239      -0.14294214200901
    1     -1     65290.0000000000       0.58224352494363      -0.02366476239239      -0.14294214200901
    1     -1     65290.0000000000       0.00000000000000       0.00000000000000       0.00000000000000
    1     -1     65290.0000000000       0.00000000000000       0.00000000000000       0.00000000000000
    1     -1     65290.0000000000       0.58087874616920      -0.02764265041863      -0.14770160935729
    1     -1     65291.0000000000       0.58087874616920      -0.02764265041863      -0.14770160935729
    1     -1     65292.0000000000       0.58087874616920      -0.02764265041863      -0.14770160935729
    1     -1     65292.0000000000       0.00000000000000       0.00000000000000       0.00000000000000
    1     -1     65292.0000000000       0.00000000000000       0.00000000000000       0.00000000000000
    1     -1     65292.0000000000       0.57944078012290      -0.03157363298077      -0.15248438382654
    1     -1     65293.0000000000       0.57944078012290      -0.03157363298077      -0.15248438382654
    1     -1     65294.0000000000       0.57944078012290      -0.03157363298077      -0.15248438382654
    1     -1     65294.0000000000       0.00000000000000       0.00000000000000       0.00000000000000
    1     -1     65294.0000000000       0.00000000000000       0.00000000000000       0.00000000000000
    1     -1     65294.0000000000       0.57792971564244      -0.03545684207157      -0.15728971806116
    1     -1     65295.0000000000       0.57792971564244      -0.03545684207157      -0.15728971806116
    1     -1     65296.0000000000       0.57792971564244      -0.03545684207157      -0.15728971806116
    1     -1     65296.0000000000       0.00000000000000       0.00000000000000       0.00000000000000
    1     -1     65296.0000000000       0.00000000000000       0.00000000000000       0.00000000000000
    1     -1     65296.0000000000       0.57634625456640      -0.03929084368244      -0.16211484734598
    1     -1     65297.0000000000       0.57634625456640      -0.03929084368244      -0.16211484734598
    1     -1     65298.0000000000       0.57634625456640      -0.03929084368244      -0.16211484734598
    1     -1     65298.0000000000       0.00000000000000       0.00000000000000       0.00000000000000
    1     -1     65298.0000000000       0.00000000000000       0.00000000000000       0.00000000000000
    1     -1     65298.0000000000       0.57469015630368      -0.04307541987052      -0.16696026991661
    1     -1     65299.0000000000       0.57469015630368      -0.04307541987052      -0.16696026991661
    1     -1     65300.0000000000       0.57469015630368      -0.04307541987052      -0.16696026991661
    1     -1     65300.0000000000       0.00000000000000       0.00000000000000       0.00000000000000
    1     -1     65300.0000000000       0.00000000000000       0.00000000000000       0.00000000000000
    1     -1     65300.0000000000       0.57296184784129      -0.04680979037826      -0.17182422333024
    1     -1     65301.0000000000       0.57296184784129      -0.04680979037826      -0.17182422333024
    1     -1     65302.0000000000       0.57296184784129      -0.04680979037826      -0.17182422333024
    1     -1     65302.0000000000       0.00000000000000       0.00000000000000       0.00000000000000
    1     -1     65302.0000000000       0.00000000000000       0.00000000000000       0.00000000000000
    1     -1     65302.0000000000       0.57116149599825      -0.05049355743807      -0.17670581605111
    1     -1     65303.0000000000       0.57116149599825      -0.05049355743807      -0.17670581605111
    1     -1     65304.0000000000       0.57116149599825      -0.05049355743807      -0.17670581605111
    1     -1     65304.0000000000       0.00000000000000       0.00000000000000       0.00000000000000
    1     -1     65304.0000000000       0.00000000000000       0.00000000000000       0.00000000000000
    1     -1     65304.0000000000       0.56928930987600      -0.05412636754242      -0.18160401228378
    1     -1     65305.0000000000       0.56928930987600      -0.05412636754242      -0.18160401228378
    1     -1     65306.0000000000       0.56928930987600      -0.05412636754242      -0.18160401228378
    1     -1     65306.0000000000       0.00000000000000       0.00000000000000       0.00000000000000
    1     -1     65306.0000000000       0.00000000000000       0.00000000000000       0.00000000000000
    1     -1     65306.0000000000       0.56734547810705      -0.05770803738267      -0.18651780122264
    1     -1     65307.0000000000       0.56734547810705      -0.05770803738267      -0.18651780122264
    1     -1     65308.0000000000       0.56734547810705      -0.05770803738267      -0.18651780122264
    1     -1     65308.0000000000       0.00000000000000       0.00000000000000       0.00000000000000
    1     -1     65308.0000000000       0.00000000000000       0.00000000000000       0.00000000000000
    1     -1     65308.0000000000       0.21279270787222      -0.02305032257648      -0.07206102310611
    1     -1     65309.0000000000       0.21279270787222      -0.02305032257648      -0.07206102310611
    1     -1     65310.0000000000       0.21279270787222      -0.02305032257648      -0.07206102310611
    1     -1     65310.0000000000       0.00000000000000       0.00000000000000       0.00000000000000
    1     -1     65544.0000000000       0.00000000000000       0.00000000000000       0.00000000000000
    1     -1     65544.0000000000      -0.12330851036659      -0.36782381051006      -0.38786008088712
    1     -1     65545.0000000000      -0.12330851036659      -0.36782381051006      -0.38786008088712
    1     -1     65546.0000000000      -0.12330851036659      -0.36782381051006      -0.38786008088712
    1     -1     65546.0000000000       0.00000000000000       0.00000000000000       0.00000000000000
    1     -1     65546.0000000000       0.00000000000000       0.00000000000000       0.00000000000000
    1     -1     65546.0000000000      -0.13888463785169      -0.40485205269248      -0.42048290343306
    1     -1     65547.0000000000      -0.13888463785169      -0.40485205269248      -0.42048290343306
    1     -1     65548.0000000000      -0.13888463785169      -0.40485205269248      -0.42048290343306
    1     -1     65548.0000000000       0.00000000000000       0.00000000000000       0.00000000000000
    1     -1     65548.0000000000       0.00000000000000       0.00000000000000       0.00000000000000
    1     -1     65548.0000000000      -0.14276533750055      -0.40737408891940      -0.41673061966389
    1     -1     65549.0000000000      -0.14276533750055      -0.40737408891940      -0.41673061966389
    1     -1     65550.0000000000      -0.14276533750055      -0.40737408891940      -0.41673061966389
    1     -1     65550.0000000000       0.00000000000000       0.00000000000000       0.00000000000000
    1     -1     65550.0000000000       0.00000000000000       0.00000000000000       0.00000000000000
    1     -1     65550.0000000000      -0.14651223504876      -0.40987068732418      -0.41296511224729
    1     -1     65551.0000000000      -0.14651223504876      -0.40987068732418      -0.41296511224729
    1     -1     65552.0000000000      -0.14651223504876      -0.40987068732418      -0.41296511224729
    1     -1     65552.0000000000       0.00000000000000       0.00000000000000       0.00000000000000
    1     -1     65552.0000000000       0.00000000000000       0.00000000000000       0.00000000000000
    1     -1     65552.0000000000      -0.15012787938524      -0.41234192077101      -0.40918914878839
    1     -1     65553.0000000000      -0.15012787938524      -0.41234192077101      -0.40918914878839
    1     -1     65554.0000000000      -0.15012787938524      -0.41234192077101      -0.40918914878839
    1     -1     65554.0000000000       0.00000000000000       0.00000000000000       0.00000000000000
    1     -1     65554.0000000000       0.00000000000000       0.00000000000000       0.00000000000000
    1     -1     65554.0000000000      -0.15361488464657      -0.41478783905738      -0.40540537128303
    1     -1     65555.0000000000      -0.15361488464657      -0.41478783905738      -0.40540537128303
    1     -1     65556.0000000000      -0.15361488464657      -0.41478783905738      -0.40540537128303
    1     -1     65556.0000000000       0.00000000000000       0.00000000000000       0.00000000000000
    1     -1     65556.0000000000       0.00000000000000       0.00000000000000       0.00000000000000
    1     -1     65556.0000000000      -0.15697598114858      -0.41720849226826      -0.40161625291027
    1     -1     65557.0000000000      -0.15697598114858      -0.41720849226826      -0.40161625291027
    1     -1     65558.0000000000      -0.15697598114858      -0.41720849226826      -0.40161625291027
    1     -1     65558.0000000000       0.00000000000000       0.00000000000000       0.00000000000000
    1     -1     65558.0000000000       0.00000000000000       0.00000000000000       0.00000000000000
    1     -1     65558.0000000000      -0.16021399565483      -0.41960392927159      -0.39782410361384
    1     -1     65559.0000000000      -0.16021399565483      -0.41960392927159      -0.39782410361384
    1     -1     65560.0000000000      -0.16021399565483      -0.41960392927159      -0.39782410361384
    1     -1     65560.0000000000       0.00000000000000       0.00000000000000       0.00000000000000
    1     -1     65560.0000000000       0.00000000000000       0.00000000000000       0.00000000000000
    1     -1     65560.0000000000      -0.16333183862534      -0.42197419227198      -0.39403107850482
    1     -1     65561.0000000000      -0.16333183862534      -0.42197419227198      -0.39403107850482
    1     -1     65562.0000000000      -0.16333183862534      -0.42197419227198      -0.39403107850482
    1     -1     65562.0000000000       0.00000000000000       0.00000000000000       0.00000000000000
    1     -1     65562.0000000000       0.00000000000000       0.00000000000000       0.00000000000000
    1     -1     65562.0000000000      -0.16633249163569      -0.42431931285642      -0.39023918594026
    1     -1     65563.0000000000      -0.16633249163569      -0.42431931285642      -0.39023918594026
    1     -1     65564.0000000000      -0.16633249163569      -0.42431931285642      -0.39023918594026
    1     -1     65564.0000000000       0.00000000000000       0.00000000000000       0.00000000000000
    1     -1     65564.0000000000       0.00000000000000       0.00000000000000       0.00000000000000
    1     -1     65564.0000000000      -0.16921900010544      -0.42663931190035      -0.38645029023732
    1     -1     65565.0000000000      -0.16921900010544      -0.42663931190035      -0.38645029023732
    1     -1     65566.0000000000      -0.16921900010544      -0.42663931190035      -0.38645029023732
    1     -1     65566.0000000000       0.00000000000000       0.00000000000000       0.00000000000000
    1     -1     65566.0000000000       0.00000000000000       0.00000000000000       0.00000000000000
    1     -1     65566.0000000000      -0.17199446841391      -0.42893419961083      -0.38266611362811
    1     -1     65567.0000000000      -0.17199446841391      -0.42893419961083      -0.38266611362811
    1     -1     65568.0000000000      -0.17199446841391      -0.42893419961083      -0.38266611362811
    1     -1     65568.0000000000       0.00000000000000       0.00000000000000       0.00000000000000
    1     -1     65568.0000000000       0.00000000000000       0.00000000000000       0.00000000000000
    1     -1     65568.0000000000      -0.17466205367891      -0.43120397467833      -0.37888824012666
    1     -1     65569.0000000000      -0.17466205367891      -0.43120397467833      -0.37888824012666
    1     -1     65570.0000000000      -0.17466205367891      -0.43120397467833      -0.37888824012666
    1     -1     65570.0000000000       0.00000000000000       0.00000000000000       0.00000000000000
    1     -1     65570.0000000000       0.00000000000000       0.00000000000000       0.00000000000000
    1     -1     65570.0000000000      -0.17722495532837      -0.43344862204160      -0.37511812344793
    1     -1     65571.0000000000      -0.17722495532837      -0.43344862204160      -0.37511812344793
    1     -1     65572.0000000000      -0.17722495532837      -0.43344862204160      -0.37511812344793
    1     -1     65572.0000000000       0.00000000000000       0.00000000000000       0.00000000000000
    1     -1     65572.0000000000       0.00000000000000       0.00000000000000       0.00000000000000
    1     -1     65572.0000000000      -0.17968640959623      -0.43566811341913      -0.37135709019249
    1     -1     65573.0000000000      -0.17968640959623      -0.43566811341913      -0.37135709019249
    1     -1     65574.0000000000      -0.17968640959623      -0.43566811341913      -0.37135709019249
    1     -1     65574.0000000000       0.00000000000000       0.00000000000000       0.00000000000000
    1     -1     65574.0000000000       0.00000000000000       0.00000000000000       0.00000000000000
    1     -1     65574.0000000000      -0.18204969778791      -0.43786241090914      -0.36760633281837
    1     -1     65575.0000000000      -0.18204969778791      -0.43786241090914      -0.36760633281837
    1     -1     65576.0000000000      -0.18204969778791      -0.43786241090914      -0.36760633281837
    1     -1     65576.0000000000       0.00000000000000       0.00000000000000       0.00000000000000
    1     -1     65576.0000000000       0.00000000000000       0.00000000000000       0.00000000000000
    1     -1     65576.0000000000      -0.18431813245826      -0.44003145891687      -0.36386692689854
    1     -1     65577.0000000000      -0.18431813245826      -0.44003145891687      -0.36386692689854
    1     -1     65578.0000000000      -0.18431813245826      -0.44003145891687      -0.36386692689854
    1     -1     65578.0000000000       0.00000000000000       0.00000000000000       0.00000000000000
    1  23760     65578.0000000000     -237605325.556520373      190562210.310030550       14121901.410918484      -13.4073860259643      -17.8458109284264        0.7897622657516        2179.7082522191
    1  23760     65578.0000000000     -237605325.556520373      190562210.310030550       14121901.410918484      -13.4073860259643      -17.8458109284264        0.7897622657516        2139.7082522191
    1     -1     65578.0000000000       0.00000000000000       0.00000000000000       0.00000000000000
    1     -1     65578.0000000000      -0.47207915531428       0.26186975427616      -0.26185015217315
    1     -1     65579.0000000000      -0.47207915531428       0.26186975427616      -0.26185015217315
    1     -1     65580.0000000000      -0.47207915531428       0.26186975427616      -0.26185015217315
    1     -1     65580.0000000000       0.00000000000000       0.00000000000000       0.00000000000000
    1     -1     65580.0000000000       0.00000000000000       0.00000000000000       0.00000000000000
    1     -1     65580.0000000000      -0.46987092093617       0.26203015398718      -0.26563417577572
    1     -1     65581.0000000000      -0.46987092093617       0.26203015398718      -0.26563417577572
    1     -1     65582.0000000000      -0.46987092093617       0.26203015398718      -0.26563417577572
    1     -1     65582.0000000000       0.00000000000000       0.00000000000000       0.00000000000000
    1     -1     65582.0000000000       0.00000000000000       0.00000000000000       0.00000000000000
    1     -1     65582.0000000000      -0.46760340638740       0.26223180698183      -0.26940960083476
    1     -1     65583.0000000000      -0.46760340638740       0.26223180698183      -0.26940960083476
    1     -1     65584.0000000000      -0.46760340638740       0.26223180698183      -0.26940960083476
    1     -1     65584.0000000000       0.00000000000000       0.00000000000000       0.00000000000000
    1     -1     65584.0000000000       0.00000000000000       0.00000000000000       0.00000000000000
    1     -1     65584.0000000000      -0.46527780209327       0.26247355307741      -0.27317430350267
    1     -1     65585.0000000000      -0.46527780209327       0.26247355307741      -0.27317430350267
    1     -1     65586.0000000000      -0.46527780209327       0.26247355307741      -0.27317430350267
    1     -1     65586.0000000000       0.00000000000000       0.00000000000000       0.00000000000000
    1     -1     65586.0000000000       0.00000000000000       0.00000000000000       0.00000000000000
    1     -1     65586.0000000000      -0.46289542291293       0.26275402400654      -0.27692625298919
    1     -1     65587.0000000000      -0.46289542291293       0.26275402400654      -0.27692625298919
    1     -1     65588.0000000000      -0.46289542291293       0.26275402400654      -0.27692625298919
    1     -1     65588.0000000000       0.00000000000000       0.00000000000000       0.00000000000000
    1     -1     65588.0000000000       0.00000000000000       0.00000000000000       0.00000000000000
    1     -1     65588.0000000000      -0.46045764015964       0.26307181415542      -0.28066346662077
    1     -1     65589.0000000000      -0.46045764015964       0.26307181415542      -0.28066346662077
    1     -1     65590.0000000000      -0.46045764015964       0.26307181415542      -0.28066346662077
    1     -1     65590.0000000000       0.00000000000000       0.00000000000000       0.00000000000000
    1     -1     65590.0000000000       0.00000000000000       0.00000000000000       0.00000000000000
    1     -1     65590.0000000000      -0.45796589603372       0.26342546573176      -0.28438400333711
    1     -1     65591.0000000000      -0.45796589603372       0.26342546573176      -0.28438400333711
    1     -1     65592.0000000000      -0.45796589603372       0.26342546573176      -0.28438400333711
    1     -1     65592.0000000000       0.00000000000000       0.00000000000000       0.00000000000000
    1     -1     65592.0000000000       0.00000000000000       0.00000000000000       0.00000000000000
    1     -1     65592.0000000000      -0.45542170206436       0.26381346841463      -0.28808597059184
    1     -1     65593.0000000000      -0.45542170206436       0.26381346841463      -0.28808597059184
    1     -1     65594.0000000000      -0.45542170206436       0.26381346841463      -0.28808597059184
    1     -1     65594.0000000000       0.00000000000000       0.00000000000000       0.00000000000000
    1     -1     65594.0000000000       0.00000000000000       0.00000000000000       0.00000000000000
    1     -1     65594.0000000000      -0.45282663493400       0.26423426234957      -0.29176753173534
    1     -1     65595.0000000000      -0.45282663493400       0.26423426234957      -0.29176753173534
    1     -1     65596.0000000000      -0.45282663493400       0.26423426234957      -0.29176753173534
    1     -1     65596.0000000000       0.00000000000000       0.00000000000000       0.00000000000000
    1     -1     65596.0000000000       0.00000000000000       0.00000000000000       0.00000000000000
    1     -1     65596.0000000000      -0.45018233115018       0.26468624223226      -0.29542691342048
    1     -1     65597.0000000000      -0.45018233115018       0.26468624223226      -0.29542691342048
    1     -1     65598.0000000000      -0.45018233115018       0.26468624223226      -0.29542691342048
    1     -1     65598.0000000000       0.00000000000000       0.00000000000000       0.00000000000000
    1     -1     65598.0000000000       0.00000000000000       0.00000000000000       0.00000000000000
    1     -1     65598.0000000000      -0.44749048121224       0.26516776156714      -0.29906241276683
    1     -1     65599.0000000000      -0.44749048121224       0.26516776156714      -0.29906241276683
    1     -1     65600.0000000000      -0.44749048121224       0.26516776156714      -0.29906241276683
    1     -1     65600.0000000000       0.00000000000000       0.00000000000000       0.00000000000000
    1     -1     65600.0000000000       0.00000000000000       0.00000000000000       0.00000000000000
    1     -1     65600.0000000000      -0.44475282349865       0.26567713694980      -0.30267240404790
    1     -1     65601.0000000000      -0.44475282349865       0.26567713694980      -0.30267240404790
    1     -1     65602.0000000000      -0.44475282349865       0.26567713694980      -0.30267240404790
    1     -1     65602.0000000000       0.00000000000000       0.00000000000000       0.00000000000000
    1     -1     65602.0000000000       0.00000000000000       0.00000000000000       0.00000000000000
    1     -1     65602.0000000000      -0.44197113723281       0.26621265286478      -0.30625534540288
    1     -1     65603.0000000000      -0.44197113723281       0.26621265286478      -0.30625534540288
    1     -1     65604.0000000000      -0.44197113723281       0.26621265286478      -0.30625534540288
    1     -1     65604.0000000000       0.00000000000000       0.00000000000000       0.00000000000000
    1     -1     65604.0000000000       0.00000000000000       0.00000000000000       0.00000000000000
    1     -1     65604.0000000000      -0.43914723556132       0.26677256607952      -0.30980978481352
    1     -1     65605.0000000000      -0.43914723556132       0.26677256607952      -0.30980978481352
    1     -1     65606.0000000000      -0.43914723556132       0.26677256607952      -0.30980978481352
    1     -1     65606.0000000000       0.00000000000000       0.00000000000000       0.00000000000000
    1     -1     65606.0000000000       0.00000000000000       0.00000000000000       0.00000000000000
    1     -1     65606.0000000000      -0.43628295798826       0.26735511031933      -0.31333436587000
    1     -1     65607.0000000000      -0.43628295798826       0.26735511031933      -0.31333436587000
    1     -1     65608.0000000000      -0.43628295798826       0.26735511031933      -0.31333436587000
    1     -1     65608.0000000000       0.00000000000000       0.00000000000000       0.00000000000000
    1     -1     65608.0000000000       0.00000000000000       0.00000000000000       0.00000000000000
    1     -1     65608.0000000000      -0.43338016224008       0.26795850113636      -0.31682783325572
    1     -1     65609.0000000000      -0.43338016224008       0.26795850113636      -0.31682783325572
    1     -1     65610.0000000000      -0.43338016224008       0.26795850113636      -0.31682783325572
    1     -1     65610.0000000000       0.00000000000000       0.00000000000000       0.00000000000000
    1     -1     65610.0000000000       0.00000000000000       0.00000000000000       0.00000000000000
    1     -1     65610.0000000000      -0.43044071631237       0.26858094039097      -0.32028903740090
    1     -1     65611.0000000000      -0.43044071631237       0.26858094039097      -0.32028903740090
    1     -1     65612.0000000000      -0.43044071631237       0.26858094039097      -0.32028903740090
    1     -1     65612.0000000000       0.00000000000000       0.00000000000000       0.00000000000000
    1     -1     65612.0000000000       0.00000000000000       0.00000000000000       0.00000000000000
    1     -1     65612.0000000000      -0.42746648996494       0.26922062083627      -0.32371693893522
    1     -1     65613.0000000000      -0.42746648996494       0.26922062083627      -0.32371693893522
    1     -1     65614.0000000000      -0.42746648996494       0.26922062083627      -0.32371693893522
    1     -1     65614.0000000000       0.00000000000000       0.00000000000000       0.00000000000000
    1     -1     65614.0000000000       0.00000000000000       0.00000000000000       0.00000000000000
    1     -1     65614.0000000000      -0.42445934567193       0.26987573101848      -0.32711061272756
    1     -1     65615.0000000000      -0.42445934567193       0.26987573101848      -0.32711061272756
    1     -1     65616.0000000000      -0.42445934567193       0.26987573101848      -0.32711061272756
    1     -1     65616.0000000000       0.00000000000000       0.00000000000000       0.00000000000000
    1     -1     65616.0000000000       0.00000000000000       0.00000000000000       0.00000000000000
    1     -1     65616.0000000000      -0.42142113016369       0.27054445927724      -0.33046925104454
    1     -1     65617.0000000000      -0.42142113016369       0.27054445927724      -0.33046925104454
    1     -1     65618.0000000000      -0.42142113016369       0.27054445927724      -0.33046925104454
    1     -1     65618.0000000000       0.00000000000000       0.00000000000000       0.00000000000000
    1     -1     65618.0000000000       0.00000000000000       0.00000000000000       0.00000000000000
    1     -1     65618.0000000000      -0.41835366520441       0.27122499827302      -0.33379216647764
    1     -1     65619.0000000000      -0.41835366520441       0.27122499827302      -0.33379216647764
    1     -1     65620.0000000000      -0.41835366520441       0.27122499827302      -0.33379216647764
    1     -1     65620.0000000000       0.00000000000000       0.00000000000000       0.00000000000000
    1     -1     65620.0000000000       0.00000000000000       0.00000000000000       0.00000000000000
    1     -1     65620.0000000000      -0.41525873875009       0.27191554886930      -0.33707879413395
    1     -1     65621.0000000000      -0.41525873875009       0.27191554886930      -0.33707879413395
    1     -1     65622.0000000000      -0.41525873875009       0.27191554886930      -0.33707879413395
    1     -1     65622.0000000000       0.00000000000000       0.00000000000000       0.00000000000000
    1     -1     65622.0000000000       0.00000000000000       0.00000000000000       0.00000000000000
    1     -1     65622.0000000000      -0.41213809576472       0.27261432411106      -0.34032869345517
    1     -1     65623.0000000000      -0.41213809576472       0.27261432411106      -0.34032869345517
    1     -1     65624.0000000000      -0.41213809576472       0.27261432411106      -0.34032869345517
    1     -1     65624.0000000000       0.00000000000000       0.00000000000000       0.00000000000000
    1     -1     65624.0000000000       0.00000000000000       0.00000000000000       0.00000000000000
    1     -1     65624.0000000000      -0.40899342937117       0.27331955275104      -0.34354154929961
    1     -1     65625.0000000000      -0.40899342937117       0.27331955275104      -0.34354154929961
    1     -1     65626.0000000000      -0.40899342937117       0.27331955275104      -0.34354154929961
    1     -1     65626.0000000000       0.00000000000000       0.00000000000000       0.00000000000000
    1     -1     65626.0000000000       0.00000000000000       0.00000000000000       0.00000000000000
    1     -1     65626.0000000000      -0.40582637210936       0.27402948252375      -0.34671717247393
    1     -1     65627.0000000000      -0.40582637210936       0.27402948252375      -0.34671717247393
    1     -1     65628.0000000000      -0.40582637210936       0.27402948252375      -0.34671717247393
    1     -1     65628.0000000000       0.00000000000000       0.00000000000000       0.00000000000000
    1     -1     65628.0000000000       0.00000000000000       0.00000000000000       0.00000000000000
    1     -1     65628.0000000000      -0.40263848691465       0.27474238340687      -0.34985550002107
    1     -1     65629.0000000000      -0.40263848691465       0.27474238340687      -0.34985550002107
    1     -1     65630.0000000000      -0.40263848691465       0.27474238340687      -0.34985550002107
    1     -1     65630.0000000000       0.00000000000000       0.00000000000000       0.00000000000000
    1     -1     65630.0000000000       0.00000000000000       0.00000000000000       0.00000000000000
    1     -1     65630.0000000000      -0.39943125872271       0.27545655030611      -0.35295659468078
    1     -1     65631.0000000000      -0.39943125872271       0.27545655030611      -0.35295659468078
    1     -1     65632.0000000000      -0.39943125872271       0.27545655030611      -0.35295659468078
    1     -1     65632.0000000000       0.00000000000000       0.00000000000000       0.00000000000000
    1     -1     65632.0000000000       0.00000000000000       0.00000000000000       0.00000000000000
    1     -1     65632.0000000000      -0.39620608578367       0.27617030573807      -0.35602064419992
    1     -1     65633.0000000000      -0.39620608578367       0.27617030573807      -0.35602064419992
    1     -1     65634.0000000000      -0.39620608578367       0.27617030573807      -0.35602064419992
    1     -1     65634.0000000000       0.00000000000000       0.00000000000000       0.00000000000000
    1     -1     65634.0000000000       0.00000000000000       0.00000000000000       0.00000000000000
    1     -1     65634.0000000000      -0.39296427168105       0.27688200188519      -0.35904795988034
    1     -1     65635.0000000000      -0.39296427168105       0.27688200188519      -0.35904795988034
    1     -1     65636.0000000000      -0.39296427168105       0.27688200188519      -0.35904795988034
    1     -1     65636.0000000000       0.00000000000000       0.00000000000000       0.00000000000000
    1     -1     65636.0000000000       0.00000000000000       0.00000000000000       0.00000000000000
    1     -1     65636.0000000000      -0.38970701714549       0.27759002261687      -0.36203897498906
    1     -1     65637.0000000000      -0.38970701714549       0.27759002261687      -0.36203897498906
    1     -1     65638.0000000000      -0.38970701714549       0.27759002261687      -0.36203897498906
    1     -1     65638.0000000000       0.00000000000000       0.00000000000000       0.00000000000000
    1     -1     65638.0000000000       0.00000000000000       0.00000000000000       0.00000000000000
    1     -1     65638.0000000000      -0.38643541228212       0.27829278507277      -0.36499424268170
    1     -1     65639.0000000000      -0.38643541228212       0.27829278507277      -0.36499424268170
    1     -1     65640.0000000000      -0.38643541228212       0.27829278507277      -0.36499424268170
    1     -1     65640.0000000000       0.00000000000000       0.00000000000000       0.00000000000000
    1     -1     65640.0000000000       0.00000000000000       0.00000000000000       0.00000000000000
    1     -1     65640.0000000000      -0.38315042900035       0.27898874093863      -0.36791443362054
    1     -1     65641.0000000000      -0.38315042900035       0.27898874093863      -0.36791443362054
    1     -1     65642.0000000000      -0.38315042900035       0.27898874093863      -0.36791443362054
    1     -1     65642.0000000000       0.00000000000000       0.00000000000000       0.00000000000000
    1     -1     65642.0000000000       0.00000000000000       0.00000000000000       0.00000000000000
    1     -1     65642.0000000000      -0.37985291383838       0.27967637733546      -0.37080033318351
    1     -1     65643.0000000000      -0.37985291383838       0.27967637733546      -0.37080033318351
    1     -1     65644.0000000000      -0.37985291383838       0.27967637733546      -0.37080033318351
    1     -1     65644.0000000000       0.00000000000000       0.00000000000000       0.00000000000000
    1     -1     65644.0000000000       0.00000000000000       0.00000000000000       0.00000000000000
    1     -1     65644.0000000000      -0.37654358073586       0.28035421750811      -0.37365283862434
    1     -1     65645.0000000000      -0.37654358073586       0.28035421750811      -0.37365283862434
    1     -1     65646.0000000000      -0.37654358073586       0.28035421750811      -0.37365283862434
    1     -1     65646.0000000000       0.00000000000000       0.00000000000000       0.00000000000000
    1     -1     65646.0000000000       0.00000000000000       0.00000000000000       0.00000000000000
    1     -1     65646.0000000000      -0.37322300432511       0.28102082105498      -0.37647295580974
    1     -1     65647.0000000000      -0.37322300432511       0.28102082105498      -0.37647295580974
    1     -1     65648.0000000000      -0.37322300432511       0.28102082105498      -0.37647295580974
    1     -1     65648.0000000000       0.00000000000000       0.00000000000000       0.00000000000000
    1     -1     65648.0000000000       0.00000000000000       0.00000000000000       0.00000000000000
    1     -1     65648.0000000000      -0.36989161330989       0.28167478389351      -0.37926179586343
    1     -1     65649.0000000000      -0.36989161330989       0.28167478389351      -0.37926179586343
    1     -1     65650.0000000000      -0.36989161330989       0.28167478389351      -0.37926179586343
    1     -1     65650.0000000000       0.00000000000000       0.00000000000000       0.00000000000000
    1     -1     65650.0000000000       0.00000000000000       0.00000000000000       0.00000000000000
    1     -1     65650.0000000000      -0.36654968402453       0.28231473788129      -0.38202057169285
    1     -1     65651.0000000000      -0.36654968402453       0.28231473788129      -0.38202057169285
    1     -1     65652.0000000000      -0.36654968402453       0.28231473788129      -0.38202057169285
    1     -1     65652.0000000000       0.00000000000000       0.00000000000000       0.00000000000000
    1     -1     65652.0000000000       0.00000000000000       0.00000000000000       0.00000000000000
    1     -1     65652.0000000000      -0.36319733427748       0.28293935007896      -0.38475059432134
    1     -1     65653.0000000000      -0.36319733427748       0.28293935007896      -0.38475059432134
    1     -1     65654.0000000000      -0.36319733427748       0.28293935007896      -0.38475059432134
    1     -1     65654.0000000000       0.00000000000000       0.00000000000000       0.00000000000000
    1     -1     65654.0000000000       0.00000000000000       0.00000000000000       0.00000000000000
    1     -1     65654.0000000000      -0.35983451725681       0.28354732170529      -0.38745326921361
    1     -1     65655.0000000000      -0.35983451725681       0.28354732170529      -0.38745326921361
    1     -1     65656.0000000000      -0.35983451725681       0.28354732170529      -0.38745326921361
    1     -1     65656.0000000000       0.00000000000000       0.00000000000000       0.00000000000000
    1     -1     65656.0000000000       0.00000000000000       0.00000000000000       0.00000000000000
    1     -1     65656.0000000000      -0.35646101559151       0.28413738674801      -0.39013009252746
    1     -1     65657.0000000000      -0.35646101559151       0.28413738674801      -0.39013009252746
    1     -1     65658.0000000000      -0.35646101559151       0.28413738674801      -0.39013009252746
    1     -1     65658.0000000000       0.00000000000000       0.00000000000000       0.00000000000000
    1     -1     65658.0000000000       0.00000000000000       0.00000000000000       0.00000000000000
    1     -1     65658.0000000000      -0.35307643548436       0.28470831024049      -0.39278264735813
    1     -1     65659.0000000000      -0.35307643548436       0.28470831024049      -0.39278264735813
    1     -1     65660.0000000000      -0.35307643548436       0.28470831024049      -0.39278264735813
    1     -1     65660.0000000000       0.00000000000000       0.00000000000000       0.00000000000000
    1     -1     65660.0000000000       0.00000000000000       0.00000000000000       0.00000000000000
    1     -1     65660.0000000000      -0.34968020086458       0.28525888621753      -0.39541259999808
    1     -1     65661.0000000000      -0.34968020086458       0.28525888621753      -0.39541259999808
    1     -1     65662.0000000000      -0.34968020086458       0.28525888621753      -0.39541259999808
    1     -1     65662.0000000000       0.00000000000000       0.00000000000000       0.00000000000000
    1     -1     65662.0000000000       0.00000000000000       0.00000000000000       0.00000000000000
    1     -1     65662.0000000000      -0.34627154750093       0.28578793532829      -0.39802169625801
    1     -1     65663.0000000000      -0.34627154750093       0.28578793532829      -0.39802169625801
    1     -1     65664.0000000000      -0.34627154750093       0.28578793532829      -0.39802169625801
    1     -1     65664.0000000000       0.00000000000000       0.00000000000000       0.00000000000000
    1     -1     65664.0000000000       0.00000000000000       0.00000000000000       0.00000000000000
    1     -1     65664.0000000000      -0.34284951704221       0.28629430212655      -0.40061175783269
    1     -1     65665.0000000000      -0.34284951704221       0.28629430212655      -0.40061175783269
    1     -1     65666.0000000000      -0.34284951704221       0.28629430212655      -0.40061175783269
    1     -1     65666.0000000000       0.00000000000000       0.00000000000000       0.00000000000000
    1     -1     65666.0000000000       0.00000000000000       0.00000000000000       0.00000000000000
    1     -1     65666.0000000000      -0.33941295087197       0.28677685201719      -0.40318467878565
    1     -1     65667.0000000000      -0.33941295087197       0.28677685201719      -0.40318467878565
    1     -1     65668.0000000000      -0.33941295087197       0.28677685201719      -0.40318467878565
    1     -1     65668.0000000000       0.00000000000000       0.00000000000000       0.00000000000000
    1     -1     65668.0000000000       0.00000000000000       0.00000000000000       0.00000000000000
    1     -1     65668.0000000000      -0.33596048375472       0.28723446783439      -0.40574242213896
    1     -1     65669.0000000000      -0.33596048375472       0.28723446783439      -0.40574242213896
    1     -1     65670.0000000000      -0.33596048375472       0.28723446783439      -0.40574242213896
    1     -1     65670.0000000000       0.00000000000000       0.00000000000000       0.00000000000000
    1     -1     65670.0000000000       0.00000000000000       0.00000000000000       0.00000000000000
    1     -1     65670.0000000000      -0.33249053720050       0.28766604610407      -0.40828701653490
    1     -1     65671.0000000000      -0.33249053720050       0.28766604610407      -0.40828701653490
    1     -1     65672.0000000000      -0.33249053720050       0.28766604610407      -0.40828701653490
    1     -1     65672.0000000000       0.00000000000000       0.00000000000000       0.00000000000000
    1     -1     65672.0000000000       0.00000000000000       0.00000000000000       0.00000000000000
    1     -1     65672.0000000000      -0.32900131266185       0.28807049310958      -0.41082055273122
    1     -1     65673.0000000000      -0.32900131266185       0.28807049310958      -0.41082055273122
    1     -1     65674.0000000000      -0.32900131266185       0.28807049310958      -0.41082055273122
    1     -1     65674.0000000000       0.00000000000000       0.00000000000000       0.00000000000000
    1     -1     65674.0000000000       0.00000000000000       0.00000000000000       0.00000000000000
    1     -1     65674.0000000000      -0.32549078494407       0.28844672157472      -0.41334517900816
    1     -1     65675.0000000000      -0.32549078494407       0.28844672157472      -0.41334517900816
    1     -1     65676.0000000000      -0.32549078494407       0.28844672157472      -0.41334517900816
    1     -1     65676.0000000000       0.00000000000000       0.00000000000000       0.00000000000000
    1     -1     65676.0000000000       0.00000000000000       0.00000000000000       0.00000000000000
    1     -1     65676.0000000000      -0.32195669593091       0.28879364996186      -0.41586309401889
    1     -1     65677.0000000000      -0.32195669593091       0.28879364996186      -0.41586309401889
    1     -1     65678.0000000000      -0.32195669593091       0.28879364996186      -0.41586309401889
    1     -1     65678.0000000000       0.00000000000000       0.00000000000000       0.00000000000000
    1     -1     65678.0000000000       0.00000000000000       0.00000000000000       0.00000000000000
    1     -1     65678.0000000000      -0.31839654611043       0.28911019276356      -0.41837654707831
    1     -1     65679.0000000000      -0.31839654611043       0.28911019276356      -0.41837654707831
    1     -1     65680.0000000000      -0.31839654611043       0.28911019276356      -0.41837654707831
    1     -1     65680.0000000000       0.00000000000000       0.00000000000000       0.00000000000000
    1     -1     65680.0000000000       0.00000000000000       0.00000000000000       0.00000000000000
    1     -1     65680.0000000000      -0.11588216830003       0.10652768860709      -0.15493070308513
    1     -1     65681.0000000000      -0.11588216830003       0.10652768860709      -0.15493070308513
    1     -1     65682.0000000000      -0.11588216830003       0.10652768860709      -0.15493070308513
    1     -1     65682.0000000000       0.00000000000000       0.00000000000000       0.00000000000000
    1     -1     65916.0000000000       0.00000000000000       0.00000000000000       0.00000000000000
    1     -1     65916.0000000000       0.41761515005140      -0.16788447492482       0.13378764556155
    1     -1     65917.0000000000       0.41761515005140      -0.16788447492482       0.13378764556155
    1     -1     65918.0000000000       0.41761515005140      -0.16788447492482       0.13378764556155
    1     -1     65918.0000000000       0.00000000000000       0.00000000000000       0.00000000000000
    1     -1     65918.0000000000       0.00000000000000       0.00000000000000       0.00000000000000
    1     -1     65918.0000000000       0.53271213573796      -0.21448728435155       0.17381882685429
    1     -1     65919.0000000000       0.53271213573796      -0.21448728435155       0.17381882685429
    1     -1     65920.0000000000       0.53271213573796      -0.21448728435155       0.17381882685429
    1     -1     65920.0000000000       0.00000000000000       0.00000000000000       0.00000000000000
    1     -1     65920.0000000000       0.00000000000000       0.00000000000000       0.00000000000000
    1     -1     65920.0000000000       0.53181592039004      -0.21443837852454       0.17660126815925
    1     -1     65921.0000000000       0.53181592039004      -0.21443837852454       0.17660126815925
    1     -1     65922.0000000000       0.53181592039004      -0.21443837852454       0.17660126815925
    1     -1     65922.0000000000       0.00000000000000       0.00000000000000       0.00000000000000
    1     -1     65922.0000000000       0.00000000000000       0.00000000000000       0.00000000000000
    1     -1     65922.0000000000       0.53093594044236      -0.21437681056365       0.17930312188899
    1     -1     65923.0000000000       0.53093594044236      -0.21437681056365       0.17930312188899
    1     -1     65924.0000000000       0.53093594044236      -0.21437681056365       0.17930312188899
    1     -1     65924.0000000000       0.00000000000000       0.00000000000000       0.00000000000000
    1     -1     65924.0000000000       0.00000000000000       0.00000000000000       0.00000000000000
    1     -1     65924.0000000000       0.53007145287771      -0.21430375997699       0.18192897675697
    1     -1     65925.0000000000       0.53007145287771      -0.21430375997699       0.18192897675697
    1     -1     65926.0000000000       0.53007145287771      -0.21430375997699       0.18192897675697
    1     -1     65926.0000000000       0.00000000000000       0.00000000000000       0.00000000000000
    1     -1     65926.0000000000       0.00000000000000       0.00000000000000       0.00000000000000
    1     -1     65926.0000000000       0.52922197719367      -0.21422098359551       0.18448162055499
    1     -1     65927.0000000000       0.52922197719367      -0.21422098359551       0.18448162055499
    1     -1     65928.0000000000       0.52922197719367      -0.21422098359551       0.18448162055499
    1     -1     65928.0000000000       0.00000000000000       0.00000000000000       0.00000000000000
    1     -1     65928.0000000000       0.00000000000000       0.00000000000000       0.00000000000000
    1     -1     65928.0000000000       0.52838686365232      -0.21412992549026       0.18696442605265
    1     -1     65929.0000000000       0.52838686365232      -0.21412992549026       0.18696442605265
    1     -1     65930.0000000000       0.52838686365232      -0.21412992549026       0.18696442605265
    1     -1     65930.0000000000       0.00000000000000       0.00000000000000       0.00000000000000
    1     -1     65930.0000000000       0.00000000000000       0.00000000000000       0.00000000000000
    1     -1     65930.0000000000       0.52756552652431      -0.21403195853056       0.18938039822194
    1     -1     65931.0000000000       0.52756552652431      -0.21403195853056       0.18938039822194
    1     -1     65932.0000000000       0.52756552652431      -0.21403195853056       0.18938039822194
    1     -1     65932.0000000000       0.00000000000000       0.00000000000000       0.00000000000000
    1     -1     65932.0000000000       0.00000000000000       0.00000000000000       0.00000000000000
    1     -1     65932.0000000000       0.52675737087727      -0.21392838379965       0.19173241278234
    1     -1     65933.0000000000       0.52675737087727      -0.21392838379965       0.19173241278234
    1     -1     65934.0000000000       0.52675737087727      -0.21392838379965       0.19173241278234
    1     -1     65934.0000000000       0.00000000000000       0.00000000000000       0.00000000000000
    1     -1     65934.0000000000       0.00000000000000       0.00000000000000       0.00000000000000
    1     -1     65934.0000000000       0.52596177082294      -0.21382048397754       0.19402323454785
    1     -1     65935.0000000000       0.52596177082294      -0.21382048397754       0.19402323454785
    1     -1     65936.0000000000       0.52596177082294      -0.21382048397754       0.19402323454785
    1     -1     65936.0000000000       0.00000000000000       0.00000000000000       0.00000000000000
    1     -1     65936.0000000000       0.00000000000000       0.00000000000000       0.00000000000000
    1     -1     65936.0000000000       0.52517813203522      -0.21370948966467       0.19625540231866
    1     -1     65937.0000000000       0.52517813203522      -0.21370948966467       0.19625540231866
    1     -1     65938.0000000000       0.52517813203522      -0.21370948966467       0.19625540231866
    1     -1     65938.0000000000       0.00000000000000       0.00000000000000       0.00000000000000
    1  25792     65938.0000000000     -138514692.840069562     -349829479.654798806      -18716664.004253663       16.1724400564977       -8.5741555102666       -0.9716477019648        1975.4374494928
    1  25792     65938.0000000000     -138514692.840069562     -349829479.654798806      -18716664.004253663       16.1724400564977       -8.5741555102666       -0.9716477019648        1935.4374494928
    1     -1     65938.0000000000       0.00000000000000       0.00000000000000       0.00000000000000
    1     -1     65938.0000000000       0.29297538579101       0.51484895122250       0.09537284742369
    1     -1     65939.0000000000       0.29297538579101       0.51484895122250       0.09537284742369
    1     -1     65940.0000000000       0.29297538579101       0.51484895122250       0.09537284742369
    1     -1     65940.0000000000       0.00000000000000       0.00000000000000       0.00000000000000
    1     -1     65940.0000000000       0.00000000000000       0.00000000000000       0.00000000000000
    1     -1     65940.0000000000       0.29426036908832       0.51457338634989       0.09287122549214
    1     -1     65941.0000000000       0.29426036908832       0.51457338634989       0.09287122549214
    1     -1     65942.0000000000       0.29426036908832       0.51457338634989       0.09287122549214
    1     -1     65942.0000000000       0.00000000000000       0.00000000000000       0.00000000000000
    1     -1     65942.0000000000       0.00000000000000       0.00000000000000       0.00000000000000
    1     -1     65942.0000000000       0.29555450255031       0.51429091640112       0.09029057874181
    1     -1     65943.0000000000       0.29555450255031       0.51429091640112       0.09029057874181
    1     -1     65944.0000000000       0.29555450255031       0.51429091640112       0.09029057874181
    1     -1     65944.0000000000       0.00000000000000       0.00000000000000       0.00000000000000
    1     -1     65944.0000000000       0.00000000000000       0.00000000000000       0.00000000000000
    1     -1     65944.0000000000       0.29685644240327       0.51400127497658       0.08762956810420
    1     -1     65945.0000000000       0.29685644240327       0.51400127497658       0.08762956810420
    1     -1     65946.0000000000       0.29685644240327       0.51400127497658       0.08762956810420
    1     -1     65946.0000000000       0.00000000000000       0.00000000000000       0.00000000000000
    1     -1     65946.0000000000       0.00000000000000       0.00000000000000       0.00000000000000
    1     -1     65946.0000000000       0.29816480667302       0.51370416714298       0.08488684233485
    1     -1     65947.0000000000       0.29816480667302       0.51370416714298       0.08488684233485
    1     -1     65948.0000000000       0.29816480667302       0.51370416714298       0.08488684233485
    1     -1     65948.0000000000       0.00000000000000       0.00000000000000       0.00000000000000
    1     -1     65948.0000000000       0.00000000000000       0.00000000000000       0.00000000000000
    1     -1     65948.0000000000       0.29947817407100       0.51339926809553       0.08206103858758
    1     -1     65949.0000000000       0.29947817407100       0.51339926809553       0.08206103858758
    1     -1     65950.0000000000       0.29947817407100       0.51339926809553       0.08206103858758
    1     -1     65950.0000000000       0.00000000000000       0.00000000000000       0.00000000000000
    1     -1     65950.0000000000       0.00000000000000       0.00000000000000       0.00000000000000
    1     -1     65950.0000000000       0.30079508284458       0.51308622175713       0.07915078306318
    1     -1     65951.0000000000       0.30079508284458       0.51308622175713       0.07915078306318
    1     -1     65952.0000000000       0.30079508284458       0.51308622175713       0.07915078306318
    1     -1     65952.0000000000       0.00000000000000       0.00000000000000       0.00000000000000
    1     -1     65952.0000000000       0.00000000000000       0.00000000000000       0.00000000000000
    1     -1     65952.0000000000       0.30211402959317       0.51276463932480       0.07615469165509
    1     -1     65953.0000000000       0.30211402959317       0.51276463932480       0.07615469165509
    1     -1     65954.0000000000       0.30211402959317       0.51276463932480       0.07615469165509
    1     -1     65954.0000000000       0.00000000000000       0.00000000000000       0.00000000000000
    1     -1     65954.0000000000       0.00000000000000       0.00000000000000       0.00000000000000
    1     -1     65954.0000000000       0.30343346804819       0.51243409773226       0.07307137079303
    1     -1     65955.0000000000       0.30343346804819       0.51243409773226       0.07307137079303
    1     -1     65956.0000000000       0.30343346804819       0.51243409773226       0.07307137079303
    1     -1     65956.0000000000       0.00000000000000       0.00000000000000       0.00000000000000
    1     -1     65956.0000000000       0.00000000000000       0.00000000000000       0.00000000000000
    1     -1     65956.0000000000       0.30475180781681       0.51209413805586       0.06989941831810
    1     -1     65957.0000000000       0.30475180781681       0.51209413805586       0.06989941831810
    1     -1     65958.0000000000       0.30475180781681       0.51209413805586       0.06989941831810
    1     -1     65958.0000000000       0.00000000000000       0.00000000000000       0.00000000000000
    1     -1     65958.0000000000       0.00000000000000       0.00000000000000       0.00000000000000
    1     -1     65958.0000000000       0.30606741309370       0.51174426384908       0.06663742446778
    1     -1     65959.0000000000       0.30606741309370       0.51174426384908       0.06663742446778
    1     -1     65960.0000000000       0.30606741309370       0.51174426384908       0.06663742446778
    1     -1     65960.0000000000       0.00000000000000       0.00000000000000       0.00000000000000
    1     -1     65960.0000000000       0.00000000000000       0.00000000000000       0.00000000000000
    1     -1     65960.0000000000       0.30737860133472       0.51138393940905       0.06328397297887
    1     -1     65961.0000000000       0.30737860133472       0.51138393940905       0.06328397297887
    1     -1     65962.0000000000       0.30737860133472       0.51138393940905       0.06328397297887
    1     -1     65962.0000000000       0.00000000000000       0.00000000000000       0.00000000000000
    1     -1     65962.0000000000       0.00000000000000       0.00000000000000       0.00000000000000
    1     -1     65962.0000000000       0.30868364190112       0.51101258796942       0.05983764232873
    1     -1     65963.0000000000       0.30868364190112       0.51101258796942       0.05983764232873
    1     -1     65964.0000000000       0.30868364190112       0.51101258796942       0.05983764232873
    1     -1     65964.0000000000       0.00000000000000       0.00000000000000       0.00000000000000
    1     -1     65964.0000000000       0.00000000000000       0.00000000000000       0.00000000000000
    1     -1     65964.0000000000       0.30998075466909       0.51062958983031       0.05629700706531
    1     -1     65965.0000000000       0.30998075466909       0.51062958983031       0.05629700706531
    1     -1     65966.0000000000       0.30998075466909       0.51062958983031       0.05629700706531
    1     -1     65966.0000000000       0.00000000000000       0.00000000000000       0.00000000000000
    1     -1     65966.0000000000       0.00000000000000       0.00000000000000       0.00000000000000
    1     -1     65966.0000000000       0.31126810861068       0.51023428041362       0.05266063931179
    1     -1     65967.0000000000       0.31126810861068       0.51023428041362       0.05266063931179
    1     -1     65968.0000000000       0.31126810861068       0.51023428041362       0.05266063931179
    1     -1     65968.0000000000       0.00000000000000       0.00000000000000       0.00000000000000
    1     -1     65968.0000000000       0.00000000000000       0.00000000000000       0.00000000000000
    1     -1     65968.0000000000       0.31254382034730       0.50982594825033       0.04892711041298
    1     -1     65969.0000000000       0.31254382034730       0.50982594825033       0.04892711041298
    1     -1     65970.0000000000       0.31254382034730       0.50982594825033       0.04892711041298
    1     -1     65970.0000000000       0.00000000000000       0.00000000000000       0.00000000000000
    1     -1     65970.0000000000       0.00000000000000       0.00000000000000       0.00000000000000
    1     -1     65970.0000000000       0.31380595267671       0.50940383290065       0.04509499274635
    1     -1     65971.0000000000       0.31380595267671       0.50940383290065       0.04509499274635
    1     -1     65972.0000000000       0.31380595267671       0.50940383290065       0.04509499274635
    1     -1     65972.0000000000       0.00000000000000       0.00000000000000       0.00000000000000
    1     -1     65972.0000000000       0.00000000000000       0.00000000000000       0.00000000000000
    1     -1     65972.0000000000       0.31505251307978       0.50896712280604       0.04116286171605
    1     -1     65973.0000000000       0.31505251307978       0.50896712280604       0.04116286171605
    1     -1     65974.0000000000       0.31505251307978       0.50896712280604       0.04116286171605
    1     -1     65974.0000000000       0.00000000000000       0.00000000000000       0.00000000000000
    1     -1     65974.0000000000       0.00000000000000       0.00000000000000       0.00000000000000
    1     -1     65974.0000000000       0.31628145220861       0.50851495307748       0.03712929793863
    1     -1     65975.0000000000       0.31628145220861       0.50851495307748       0.03712929793863
    1     -1     65976.0000000000       0.31628145220861       0.50851495307748       0.03712929793863
    1     -1     65976.0000000000       0.00000000000000       0.00000000000000       0.00000000000000
    1     -1     65976.0000000000       0.00000000000000       0.00000000000000       0.00000000000000
    1     -1     65976.0000000000       0.31749066236526       0.50804640321882       0.03299288964749
    1     -1     65977.0000000000       0.31749066236526       0.50804640321882       0.03299288964749
    1     -1     65978.0000000000       0.31749066236526       0.50804640321882       0.03299288964749
    1     -1     65978.0000000000       0.00000000000000       0.00000000000000       0.00000000000000
    1     -1     65978.0000000000       0.00000000000000       0.00000000000000       0.00000000000000
    1     -1     65978.0000000000       0.31867797596656       0.50756049479709       0.02875223530774
    1     -1     65979.0000000000       0.31867797596656       0.50756049479709       0.02875223530774
    1     -1     65980.0000000000       0.31867797596656       0.50756049479709       0.02875223530774
    1     -1     65980.0000000000       0.00000000000000       0.00000000000000       0.00000000000000
    1     -1     65980.0000000000       0.00000000000000       0.00000000000000       0.00000000000000
    1     -1     65980.0000000000       0.31984116401241       0.50705618905481       0.02440594649669
    1     -1     65981.0000000000       0.31984116401241       0.50705618905481       0.02440594649669
    1     -1     65982.0000000000       0.31984116401241       0.50705618905481       0.02440594649669
    1     -1     65982.0000000000       0.00000000000000       0.00000000000000       0.00000000000000
    1     -1     65982.0000000000       0.00000000000000       0.00000000000000       0.00000000000000
    1     -1     65982.0000000000       0.32097793456836       0.50653238447043       0.01995265102517
    1     -1     65983.0000000000       0.32097793456836       0.50653238447043       0.01995265102517
    1     -1     65984.0000000000       0.32097793456836       0.50653238447043       0.01995265102517
    1     -1     65984.0000000000       0.00000000000000       0.00000000000000       0.00000000000000
    1     -1     65984.0000000000       0.00000000000000       0.00000000000000       0.00000000000000
    1     -1     65984.0000000000       0.32208593125002       0.50598791428459       0.01539099635294
    1     -1     65985.0000000000       0.32208593125002       0.50598791428459       0.01539099635294
    1     -1     65986.0000000000       0.32208593125002       0.50598791428459       0.01539099635294
    1     -1     65986.0000000000       0.00000000000000       0.00000000000000       0.00000000000000
    1     -1     65986.0000000000       0.00000000000000       0.00000000000000       0.00000000000000
    1     -1     65986.0000000000       0.32316273174899       0.50542154398296       0.01071965327867
    1     -1     65987.0000000000       0.32316273174899       0.50542154398296       0.01071965327867
    1     -1     65988.0000000000       0.32316273174899       0.50542154398296       0.01071965327867
    1     -1     65988.0000000000       0.00000000000000       0.00000000000000       0.00000000000000
    1     -1     65988.0000000000       0.00000000000000       0.00000000000000       0.00000000000000
    1     -1     65988.0000000000       0.32420584639019       0.50483196875626       0.00593731994249
    1     -1     65989.0000000000       0.32420584639019       0.50483196875626       0.00593731994249
    1     -1     65990.0000000000       0.32420584639019       0.50483196875626       0.00593731994249
    1     -1     65990.0000000000       0.00000000000000       0.00000000000000       0.00000000000000
    1     -1     65990.0000000000       0.00000000000000       0.00000000000000       0.00000000000000
    1     -1     65990.0000000000       0.32521271674521       0.50421781094033       0.00104272611229
    1     -1     65991.0000000000       0.32521271674521       0.50421781094033       0.00104272611229
    1     -1     65992.0000000000       0.32521271674521       0.50421781094033       0.00104272611229
    1     -1     65992.0000000000       0.00000000000000       0.00000000000000       0.00000000000000
    1     -1     65992.0000000000       0.00000000000000       0.00000000000000       0.00000000000000
    1     -1     65992.0000000000       0.32618071431249       0.50357761744677      -0.00396536218132
    1     -1     65993.0000000000       0.32618071431249       0.50357761744677      -0.00396536218132
    1     -1     65994.0000000000       0.32618071431249       0.50357761744677      -0.00396536218132
    1     -1     65994.0000000000       0.00000000000000       0.00000000000000       0.00000000000000
    1     -1     65994.0000000000       0.00000000000000       0.00000000000000       0.00000000000000
    1     -1     65994.0000000000       0.32710713926145       0.50290985721421      -0.00908813737681
    1     -1     65995.0000000000       0.32710713926145       0.50290985721421      -0.00908813737681
    1     -1     65996.0000000000       0.32710713926145       0.50290985721421      -0.00908813737681
    1     -1     65996.0000000000       0.00000000000000       0.00000000000000       0.00000000000000
    1     -1     65996.0000000000       0.00000000000000       0.00000000000000       0.00000000000000
    1     -1     65996.0000000000       0.32798921918698       0.50221291881124      -0.01432674269367
    1     -1     65997.0000000000       0.32798921918698       0.50221291881124      -0.01432674269367
    1     -1     65998.0000000000       0.32798921918698       0.50221291881124      -0.01432674269367
    1     -1     65998.0000000000       0.00000000000000       0.00000000000000       0.00000000000000
    1     -1     65998.0000000000       0.00000000000000       0.00000000000000       0.00000000000000
    1     -1     65998.0000000000       0.32882410762521       0.50148510884785      -0.01968225414800
    1     -1     65999.0000000000       0.32882410762521       0.50148510884785      -0.01968225414800
    1     -1     66000.0000000000       0.32882410762521       0.50148510884785      -0.01968225414800
    1     -1     66000.0000000000       0.00000000000000       0.00000000000000       0.00000000000000
    1     -1     66000.0000000000       0.00000000000000       0.00000000000000       0.00000000000000
    1     -1     66000.0000000000       0.32960888533833       0.50072464955355      -0.02515566169861
    1     -1     66001.0000000000       0.32960888533833       0.50072464955355      -0.02515566169861
    1     -1     66002.0000000000       0.32960888533833       0.50072464955355      -0.02515566169861
    1     -1     66002.0000000000       0.00000000000000       0.00000000000000       0.00000000000000
    1     -1     66002.0000000000       0.00000000000000       0.00000000000000       0.00000000000000
    1     -1     66002.0000000000       0.33034056550365       0.49992966402344      -0.03074802582498
    1     -1     66003.0000000000       0.33034056550365       0.49992966402344      -0.03074802582498
    1     -1     66004.0000000000       0.33034056550365       0.49992966402344      -0.03074802582498
    1     -1     66004.0000000000       0.00000000000000       0.00000000000000       0.00000000000000
    1     -1     66004.0000000000       0.00000000000000       0.00000000000000       0.00000000000000
    1     -1     66004.0000000000       0.28951848127181       0.43652910160821      -0.03188936881554
    1     -1     66005.0000000000       0.28951848127181       0.43652910160821      -0.03188936881554
    1     -1     66006.0000000000       0.28951848127181       0.43652910160821      -0.03188936881554
    1     -1     66006.0000000000       0.00000000000000       0.00000000000000       0.00000000000000
    1     -1     66256.0000000000       0.00000000000000       0.00000000000000       0.00000000000000
    1     -1     66256.0000000000      -0.02882273055468      -0.01497238727460      -0.07382202591285
    1     -1     66257.0000000000      -0.02882273055468      -0.01497238727460      -0.07382202591285
    1     -1     66258.0000000000      -0.02882273055468      -0.01497238727460      -0.07382202591285
    1     -1     66258.0000000000       0.00000000000000       0.00000000000000       0.00000000000000
    1     -1     66258.0000000000       0.00000000000000       0.00000000000000       0.00000000000000
    1     -1     66258.0000000000      -0.21752244897897      -0.11467801039460      -0.54729602355775
    1     -1     66259.0000000000      -0.21752244897897      -0.11467801039460      -0.54729602355775
    1     -1     66260.0000000000      -0.21752244897897      -0.11467801039460      -0.54729602355775
    1     -1     66260.0000000000       0.00000000000000       0.00000000000000       0.00000000000000
    1     -1     66260.0000000000       0.00000000000000       0.00000000000000       0.00000000000000
    1     -1     66260.0000000000      -0.22057414519427      -0.11790396045572      -0.54538582843770
    1     -1     66261.0000000000      -0.22057414519427      -0.11790396045572      -0.54538582843770
    1     -1     66262.0000000000      -0.22057414519427      -0.11790396045572      -0.54538582843770
    1     -1     66262.0000000000       0.00000000000000       0.00000000000000       0.00000000000000
    1     -1     66262.0000000000       0.00000000000000       0.00000000000000       0.00000000000000
    1     -1     66262.0000000000      -0.22358174413743      -0.12106521334568      -0.54346519399684
    1     -1     66263.0000000000      -0.22358174413743      -0.12106521334568      -0.54346519399684
    1     -1     66264.0000000000      -0.22358174413743      -0.12106521334568      -0.54346519399684
    1     -1     66264.0000000000       0.00000000000000       0.00000000000000       0.00000000000000
    1     -1     66264.0000000000       0.00000000000000       0.00000000000000       0.00000000000000
    1     -1     66264.0000000000      -0.22654738896928      -0.12416279576487      -0.54153474494168
    1     -1     66265.0000000000      -0.22654738896928      -0.12416279576487      -0.54153474494168
    1     -1     66266.0000000000      -0.22654738896928      -0.12416279576487      -0.54153474494168
    1     -1     66266.0000000000       0.00000000000000       0.00000000000000       0.00000000000000
    1     -1     66266.0000000000       0.00000000000000       0.00000000000000       0.00000000000000
    1     -1     66266.0000000000      -0.22947242443486      -0.12719781807767      -0.53959533057678
    1     -1     66267.0000000000      -0.22947242443486      -0.12719781807767      -0.53959533057678
    1     -1     66268.0000000000      -0.22947242443486      -0.12719781807767      -0.53959533057678
    1     -1     66268.0000000000       0.00000000000000       0.00000000000000       0.00000000000000
    1     -1     66268.0000000000       0.00000000000000       0.00000000000000       0.00000000000000
    1     -1     66268.0000000000      -0.23235815400553      -0.13017123818312      -0.53764778089100
    1     -1     66269.0000000000      -0.23235815400553      -0.13017123818312      -0.53764778089100
    1     -1     66270.0000000000      -0.23235815400553      -0.13017123818312      -0.53764778089100
    1     -1     66270.0000000000       0.00000000000000       0.00000000000000       0.00000000000000
    1     -1     66270.0000000000       0.00000000000000       0.00000000000000       0.00000000000000
    1     -1     66270.0000000000      -0.23520697166163      -0.13308407864024      -0.53569236299787
    1     -1     66271.0000000000      -0.23520697166163      -0.13308407864024      -0.53569236299787
    1     -1     66272.0000000000      -0.23520697166163      -0.13308407864024      -0.53569236299787
    1     -1     66272.0000000000       0.00000000000000       0.00000000000000       0.00000000000000
    1     -1     66272.0000000000       0.00000000000000       0.00000000000000       0.00000000000000
    1     -1     66272.0000000000      -0.23801990621875      -0.13593705478494      -0.53372993232534
    1     -1     66273.0000000000      -0.23801990621875      -0.13593705478494      -0.53372993232534
    1     -1     66274.0000000000      -0.23801990621875      -0.13593705478494      -0.53372993232534
    1     -1     66274.0000000000       0.00000000000000       0.00000000000000       0.00000000000000
    1     -1     66274.0000000000       0.00000000000000       0.00000000000000       0.00000000000000
    1     -1     66274.0000000000      -0.24079860744927      -0.13873122898783      -0.53176091999508
    1     -1     66275.0000000000      -0.24079860744927      -0.13873122898783      -0.53176091999508
    1     -1     66276.0000000000      -0.24079860744927      -0.13873122898783      -0.53176091999508
    1     -1     66276.0000000000       0.00000000000000       0.00000000000000       0.00000000000000
    1     -1     66276.0000000000       0.00000000000000       0.00000000000000       0.00000000000000
    1     -1     66276.0000000000      -0.24354461333273      -0.14146750045335      -0.52978577454674
    1     -1     66277.0000000000      -0.24354461333273      -0.14146750045335      -0.52978577454674
    1     -1     66278.0000000000      -0.24354461333273      -0.14146750045335      -0.52978577454674
    1     -1     66278.0000000000       0.00000000000000       0.00000000000000       0.00000000000000
    1     -1     66278.0000000000       0.00000000000000       0.00000000000000       0.00000000000000
    1     -1     66278.0000000000      -0.24625942508163      -0.14414674584712      -0.52780489813960
    1     -1     66279.0000000000      -0.24625942508163      -0.14414674584712      -0.52780489813960
    1     -1     66280.0000000000      -0.24625942508163      -0.14414674584712      -0.52780489813960
    1     -1     66280.0000000000       0.00000000000000       0.00000000000000       0.00000000000000
    1     -1     66280.0000000000       0.00000000000000       0.00000000000000       0.00000000000000
    1     -1     66280.0000000000      -0.24894451660347      -0.14676982098279      -0.52581864419374
    1     -1     66281.0000000000      -0.24894451660347      -0.14676982098279      -0.52581864419374
    1     -1     66282.0000000000      -0.24894451660347      -0.14676982098279      -0.52581864419374
    1     -1     66282.0000000000       0.00000000000000       0.00000000000000       0.00000000000000
    1     -1     66282.0000000000       0.00000000000000       0.00000000000000       0.00000000000000
    1     -1     66282.0000000000      -0.25160133575649      -0.14933756030784      -0.52382731907266
    1     -1     66283.0000000000      -0.25160133575649      -0.14933756030784      -0.52382731907266
    1     -1     66284.0000000000      -0.25160133575649      -0.14933756030784      -0.52382731907266
    1     -1     66284.0000000000       0.00000000000000       0.00000000000000       0.00000000000000
    1     -1     66284.0000000000       0.00000000000000       0.00000000000000       0.00000000000000
    1     -1     66284.0000000000      -0.25423130484760      -0.15185077674304      -0.52183118392640
    1     -1     66285.0000000000      -0.25423130484760      -0.15185077674304      -0.52183118392640
    1     -1     66286.0000000000      -0.25423130484760      -0.15185077674304      -0.52183118392640
    1     -1     66286.0000000000       0.00000000000000       0.00000000000000       0.00000000000000
    1     -1     66286.0000000000       0.00000000000000       0.00000000000000       0.00000000000000
    1     -1     66286.0000000000      -0.25683582140234      -0.15431026144003      -0.51983045634023
    1     -1     66287.0000000000      -0.25683582140234      -0.15431026144003      -0.51983045634023
    1     -1     66288.0000000000      -0.25683582140234      -0.15431026144003      -0.51983045634023
    1     -1     66288.0000000000       0.00000000000000       0.00000000000000       0.00000000000000
    1     -1     66288.0000000000       0.00000000000000       0.00000000000000       0.00000000000000
    1     -1     66288.0000000000      -0.25941625920975      -0.15671678280134      -0.51782531197887
    1     -1     66289.0000000000      -0.25941625920975      -0.15671678280134      -0.51782531197887
    1     -1     66290.0000000000      -0.25941625920975      -0.15671678280134      -0.51782531197887
    1     -1     66290.0000000000       0.00000000000000       0.00000000000000       0.00000000000000
    1     -1     66290.0000000000       0.00000000000000       0.00000000000000       0.00000000000000
    1     -1     66290.0000000000      -0.26197396857972      -0.15907108304106      -0.51581588731517
    1     -1     66291.0000000000      -0.26197396857972      -0.15907108304106      -0.51581588731517
    1     -1     66292.0000000000      -0.26197396857972      -0.15907108304106      -0.51581588731517
    1     -1     66292.0000000000       0.00000000000000       0.00000000000000       0.00000000000000
    1     -1     66292.0000000000       0.00000000000000       0.00000000000000       0.00000000000000
    1     -1     66292.0000000000      -0.26451026915336      -0.16137387695205      -0.51380228554365
    1     -1     66293.0000000000      -0.26451026915336      -0.16137387695205      -0.51380228554365
    1     -1     66294.0000000000      -0.26451026915336      -0.16137387695205      -0.51380228554365
    1     -1     66294.0000000000       0.00000000000000       0.00000000000000       0.00000000000000
    1     -1     66294.0000000000       0.00000000000000       0.00000000000000       0.00000000000000
    1     -1     66294.0000000000      -0.26702644033263      -0.16362587609029      -0.51178457588810
    1     -1     66295.0000000000      -0.26702644033263      -0.16362587609029      -0.51178457588810
    1     -1     66296.0000000000      -0.26702644033263      -0.16362587609029      -0.51178457588810
    1     -1     66296.0000000000       0.00000000000000       0.00000000000000       0.00000000000000
    1     -1     66296.0000000000       0.00000000000000       0.00000000000000       0.00000000000000
    1     -1     66296.0000000000      -0.26952373993232      -0.16582789295708      -0.50976275149359
    1     -1     66297.0000000000      -0.26952373993232      -0.16582789295708      -0.50976275149359
    1     -1     66298.0000000000      -0.26952373993232      -0.16582789295708      -0.50976275149359
    1     -1     66298.0000000000       0.00000000000000       0.00000000000000       0.00000000000000
    1   9595     66298.0000000000      342975695.468981445     -163373995.017211825      -20290627.993364893        7.3352674024868       16.5826676262123       -0.1353473651797        1792.6858791604
    1   9595     66298.0000000000      342975695.468981445     -163373995.017211825      -20290627.993364893        7.3352674024868       16.5826676262123       -0.1353473651797        1752.6858791604
    1     -1     66413.0000000000       0.00000000000000       0.00000000000000       0.00000000000000
    1     -1     66413.0000000000      -0.53497932136785      -0.15638126292662      -0.22213064983084
    1     -1     66414.0000000000      -0.53497932136785      -0.15638126292662      -0.22213064983084
    1     -1     66415.0000000000      -0.53497932136785      -0.15638126292662      -0.22213064983084
    1     -1     66415.0000000000       0.00000000000000       0.00000000000000       0.00000000000000
    1     -1     66415.0000000000       0.00000000000000       0.00000000000000       0.00000000000000
    1     -1     66415.0000000000      -0.53573787057323      -0.15432001252354      -0.22174369675008
    1     -1     66416.0000000000      -0.53573787057323      -0.15432001252354      -0.22174369675008
    1     -1     66417.0000000000      -0.53573787057323      -0.15432001252354      -0.22174369675008
    1     -1     66417.0000000000       0.00000000000000       0.00000000000000       0.00000000000000
    1     -1     66417.0000000000       0.00000000000000       0.00000000000000       0.00000000000000
    1     -1     66417.0000000000      -0.53653109999779      -0.15218879772903      -0.22129832322219
    1     -1     66418.0000000000      -0.53653109999779      -0.15218879772903      -0.22129832322219
    1     -1     66419.0000000000      -0.53653109999779      -0.15218879772903      -0.22129832322219
    1     -1     66419.0000000000       0.00000000000000       0.00000000000000       0.00000000000000
    1     -1     66419.0000000000       0.00000000000000       0.00000000000000       0.00000000000000
    1     -1     66419.0000000000      -0.53735875517071      -0.14998715182444      -0.22079271230947
    1     -1     66420.0000000000      -0.53735875517071      -0.14998715182444      -0.22079271230947
    1     -1     66421.0000000000      -0.53735875517071      -0.14998715182444      -0.22079271230947
    1     -1     66421.0000000000       0.00000000000000       0.00000000000000       0.00000000000000
    1     -1     66421.0000000000       0.00000000000000       0.00000000000000       0.00000000000000
    1     -1     66421.0000000000      -0.53822052241590      -0.14771463544948      -0.22022500994298
    1     -1     66422.0000000000      -0.53822052241590      -0.14771463544948      -0.22022500994298
    1     -1     66423.0000000000      -0.53822052241590      -0.14771463544948      -0.22022500994298
    1     -1     66423.0000000000       0.00000000000000       0.00000000000000       0.00000000000000
    1     -1     66423.0000000000       0.00000000000000       0.00000000000000       0.00000000000000
    1     -1     66423.0000000000      -0.53911602588700      -0.14537083978905      -0.21959332606168
    1     -1     66424.0000000000      -0.53911602588700      -0.14537083978905      -0.21959332606168
    1     -1     66425.0000000000      -0.53911602588700      -0.14537083978905      -0.21959332606168
    1     -1     66425.0000000000       0.00000000000000       0.00000000000000       0.00000000000000
    1     -1     66425.0000000000       0.00000000000000       0.00000000000000       0.00000000000000
    1     -1     66425.0000000000      -0.54004482455751      -0.14295538995335      -0.21889573598390
    1     -1     66426.0000000000      -0.54004482455751      -0.14295538995335      -0.21889573598390
    1     -1     66427.0000000000      -0.54004482455751      -0.14295538995335      -0.21889573598390
    1     -1     66427.0000000000       0.00000000000000       0.00000000000000       0.00000000000000
    1     -1     66427.0000000000       0.00000000000000       0.00000000000000       0.00000000000000
    1     -1     66427.0000000000      -0.54100640919630      -0.14046794853448      -0.21813028199458
    1     -1     66428.0000000000      -0.54100640919630      -0.14046794853448      -0.21813028199458
    1     -1     66429.0000000000      -0.54100640919630      -0.14046794853448      -0.21813028199458
    1     -1     66429.0000000000       0.00000000000000       0.00000000000000       0.00000000000000
    1     -1     66429.0000000000       0.00000000000000       0.00000000000000       0.00000000000000
    1     -1     66429.0000000000      -0.54200019932255      -0.13790821935909      -0.21729497520081
    1     -1     66430.0000000000      -0.54200019932255      -0.13790821935909      -0.21729497520081
    1     -1     66431.0000000000      -0.54200019932255      -0.13790821935909      -0.21729497520081
    1     -1     66431.0000000000       0.00000000000000       0.00000000000000       0.00000000000000
    1     -1     66431.0000000000       0.00000000000000       0.00000000000000       0.00000000000000
    1     -1     66431.0000000000      -0.54302554017062      -0.13527595142045      -0.21638779764511
    1     -1     66432.0000000000      -0.54302554017062      -0.13527595142045      -0.21638779764511
    1     -1     66433.0000000000      -0.54302554017062      -0.13527595142045      -0.21638779764511
    1     -1     66433.0000000000       0.00000000000000       0.00000000000000       0.00000000000000
    1     -1     66433.0000000000       0.00000000000000       0.00000000000000       0.00000000000000
    1     -1     66433.0000000000      -0.54408169969001      -0.13257094298206      -0.21540670467579
    1     -1     66434.0000000000      -0.54408169969001      -0.13257094298206      -0.21540670467579
    1     -1     66435.0000000000      -0.54408169969001      -0.13257094298206      -0.21540670467579
    1     -1     66435.0000000000       0.00000000000000       0.00000000000000       0.00000000000000
    1     -1     66435.0000000000       0.00000000000000       0.00000000000000       0.00000000000000
    1     -1     66435.0000000000      -0.54516786560208      -0.12979304586439      -0.21434962757167
    1     -1     66436.0000000000      -0.54516786560208      -0.12979304586439      -0.21434962757167
    1     -1     66437.0000000000      -0.54516786560208      -0.12979304586439      -0.21434962757167
    1     -1     66437.0000000000       0.00000000000000       0.00000000000000       0.00000000000000
    1     -1     66437.0000000000       0.00000000000000       0.00000000000000       0.00000000000000
    1     -1     66437.0000000000      -0.54628314250565      -0.12694216996813      -0.21321447647365
    1     -1     66438.0000000000      -0.54628314250565      -0.12694216996813      -0.21321447647365
    1     -1     66439.0000000000      -0.54628314250565      -0.12694216996813      -0.21321447647365
    1     -1     66439.0000000000       0.00000000000000       0.00000000000000       0.00000000000000
    1     -1     66439.0000000000       0.00000000000000       0.00000000000000       0.00000000000000
    1     -1     66439.0000000000      -0.54742654894116      -0.12401828811007      -0.21199914388653
    1     -1     66440.0000000000      -0.54742654894116      -0.12401828811007      -0.21199914388653
    1     -1     66441.0000000000      -0.54742654894116      -0.12401828811007      -0.21199914388653
    1     -1     66441.0000000000       0.00000000000000       0.00000000000000       0.00000000000000
    1     -1     66441.0000000000       0.00000000000000       0.00000000000000       0.00000000000000
    1     -1     66441.0000000000      -0.54859701450110      -0.12102144091358      -0.21070150877409
    1     -1     66442.0000000000      -0.54859701450110      -0.12102144091358      -0.21070150877409
    1     -1     66443.0000000000      -0.54859701450110      -0.12102144091358      -0.21070150877409
    1     -1     66443.0000000000       0.00000000000000       0.00000000000000       0.00000000000000
    1     -1     66443.0000000000       0.00000000000000       0.00000000000000       0.00000000000000
    1     -1     66443.0000000000      -0.54979337726723      -0.11795174150424      -0.20931944073404
    1     -1     66444.0000000000      -0.54979337726723      -0.11795174150424      -0.20931944073404
    1     -1     66445.0000000000      -0.54979337726723      -0.11795174150424      -0.20931944073404
    1     -1     66445.0000000000       0.00000000000000       0.00000000000000       0.00000000000000
    1     -1     66445.0000000000       0.00000000000000       0.00000000000000       0.00000000000000
    1     -1     66445.0000000000      -0.55101438146472      -0.11480938059472      -0.20785080424791
    1     -1     66446.0000000000      -0.55101438146472      -0.11480938059472      -0.20785080424791
    1     -1     66447.0000000000      -0.55101438146472      -0.11480938059472      -0.20785080424791
    1     -1     66447.0000000000       0.00000000000000       0.00000000000000       0.00000000000000
    1     -1     66447.0000000000       0.00000000000000       0.00000000000000       0.00000000000000
    1     -1     66447.0000000000      -0.55225867526356      -0.11159463190337      -0.20629346331498
    1     -1     66448.0000000000      -0.55225867526356      -0.11159463190337      -0.20629346331498
    1     -1     66449.0000000000      -0.55225867526356      -0.11159463190337      -0.20629346331498
    1     -1     66449.0000000000       0.00000000000000       0.00000000000000       0.00000000000000
    1     -1     66449.0000000000       0.00000000000000       0.00000000000000       0.00000000000000
    1     -1     66449.0000000000      -0.55352480877505      -0.10830785752731      -0.20464528665080
    1     -1     66450.0000000000      -0.55352480877505      -0.10830785752731      -0.20464528665080
    1     -1     66451.0000000000      -0.55352480877505      -0.10830785752731      -0.20464528665080
    1     -1     66451.0000000000       0.00000000000000       0.00000000000000       0.00000000000000
    1     -1     66451.0000000000       0.00000000000000       0.00000000000000       0.00000000000000
    1     -1     66451.0000000000      -0.55481123227485      -0.10494951334886      -0.20290415340624
    1     -1     66452.0000000000      -0.55481123227485      -0.10494951334886      -0.20290415340624
    1     -1     66453.0000000000      -0.55481123227485      -0.10494951334886      -0.20290415340624
    1     -1     66453.0000000000       0.00000000000000       0.00000000000000       0.00000000000000
    1     -1     66453.0000000000       0.00000000000000       0.00000000000000       0.00000000000000
    1     -1     66453.0000000000      -0.55611629471969      -0.10152015451765      -0.20106795929226
    1     -1     66454.0000000000      -0.55611629471969      -0.10152015451765      -0.20106795929226
    1     -1     66455.0000000000      -0.55611629471969      -0.10152015451765      -0.20106795929226
    1     -1     66455.0000000000       0.00000000000000       0.00000000000000       0.00000000000000
    1     -1     66455.0000000000       0.00000000000000       0.00000000000000       0.00000000000000
    1     -1     66455.0000000000      -0.55743824260554      -0.09802044097115      -0.19913462308868
    1     -1     66456.0000000000      -0.55743824260554      -0.09802044097115      -0.19913462308868
    1     -1     66457.0000000000      -0.55743824260554      -0.09802044097115      -0.19913462308868
    1     -1     66457.0000000000       0.00000000000000       0.00000000000000       0.00000000000000
    1     -1     66457.0000000000       0.00000000000000       0.00000000000000       0.00000000000000
    1     -1     66457.0000000000      -0.55877521921153      -0.09445114294883      -0.19710209352204
    1     -1     66458.0000000000      -0.55877521921153      -0.09445114294883      -0.19710209352204
    1     -1     66459.0000000000      -0.55877521921153      -0.09445114294883      -0.19710209352204
    1     -1     66459.0000000000       0.00000000000000       0.00000000000000       0.00000000000000
    1     -1     66459.0000000000       0.00000000000000       0.00000000000000       0.00000000000000
    1     -1     66459.0000000000      -0.56012526426887      -0.09081314645850      -0.19496835650442
    1     -1     66460.0000000000      -0.56012526426887      -0.09081314645850      -0.19496835650442
    1     -1     66461.0000000000      -0.56012526426887      -0.09081314645850      -0.19496835650442
    1     -1     66461.0000000000       0.00000000000000       0.00000000000000       0.00000000000000
    1     -1     66461.0000000000       0.00000000000000       0.00000000000000       0.00000000000000
    1     -1     66461.0000000000      -0.56148631409386      -0.08710745865293      -0.19273144271842
    1     -1     66462.0000000000      -0.56148631409386      -0.08710745865293      -0.19273144271842
    1     -1     66463.0000000000      -0.56148631409386      -0.08710745865293      -0.19273144271842
    1     -1     66463.0000000000       0.00000000000000       0.00000000000000       0.00000000000000
    1     -1     66463.0000000000       0.00000000000000       0.00000000000000       0.00000000000000
    1     -1     66463.0000000000      -0.56285620221025      -0.08333521308068      -0.19038943556365
    1     -1     66464.0000000000      -0.56285620221025      -0.08333521308068      -0.19038943556365
    1     -1     66465.0000000000      -0.56285620221025      -0.08333521308068      -0.19038943556365
    1     -1     66465.0000000000       0.00000000000000       0.00000000000000       0.00000000000000
    1     -1     66465.0000000000       0.00000000000000       0.00000000000000       0.00000000000000
    1     -1     66465.0000000000      -0.56423266041044      -0.07949767481686      -0.18794047968672
    1     -1     66466.0000000000      -0.56423266041044      -0.07949767481686      -0.18794047968672
    1     -1     66467.0000000000      -0.56423266041044      -0.07949767481686      -0.18794047968672
    1     -1     66467.0000000000       0.00000000000000       0.00000000000000       0.00000000000000
    1     -1     66467.0000000000       0.00000000000000       0.00000000000000       0.00000000000000
    1     -1     66467.0000000000      -0.56561332026468      -0.07559624541256      -0.18538279019015
    1     -1     66468.0000000000      -0.56561332026468      -0.07559624541256      -0.18538279019015
    1     -1     66469.0000000000      -0.56561332026468      -0.07559624541256      -0.18538279019015
    1     -1     66469.0000000000       0.00000000000000       0.00000000000000       0.00000000000000
    1     -1     66469.0000000000       0.00000000000000       0.00000000000000       0.00000000000000
    1     -1     66469.0000000000      -0.56699571551019      -0.07163246737352      -0.18271466140152
    1     -1     66470.0000000000      -0.56699571551019      -0.07163246737352      -0.18271466140152
    1     -1     66471.0000000000      -0.56699571551019      -0.07163246737352      -0.18271466140152
    1     -1     66471.0000000000       0.00000000000000       0.00000000000000       0.00000000000000
    1     -1     66471.0000000000       0.00000000000000       0.00000000000000       0.00000000000000
    1     -1     66471.0000000000      -0.56837728503567      -0.06760802836899      -0.17993447595038
    1     -1     66472.0000000000      -0.56837728503567      -0.06760802836899      -0.17993447595038
    1     -1     66473.0000000000      -0.56837728503567      -0.06760802836899      -0.17993447595038
    1     -1     66473.0000000000       0.00000000000000       0.00000000000000       0.00000000000000
    1     -1     66473.0000000000       0.00000000000000       0.00000000000000       0.00000000000000
    1     -1     66473.0000000000      -0.56975537597734      -0.06352476541375      -0.17704071566747
    1     -1     66474.0000000000      -0.56975537597734      -0.06352476541375      -0.17704071566747
    1     -1     66475.0000000000      -0.56975537597734      -0.06352476541375      -0.17704071566747
    1     -1     66475.0000000000       0.00000000000000       0.00000000000000       0.00000000000000
    1     -1     66475.0000000000       0.00000000000000       0.00000000000000       0.00000000000000
    1     -1     66475.0000000000      -0.57112725385719      -0.05938466492694      -0.17403195325301
    1     -1     66476.0000000000      -0.57112725385719      -0.05938466492694      -0.17403195325301
    1     -1     66477.0000000000      -0.57112725385719      -0.05938466492694      -0.17403195325301
    1     -1     66477.0000000000       0.00000000000000       0.00000000000000       0.00000000000000
    1     -1     66477.0000000000       0.00000000000000       0.00000000000000       0.00000000000000
    1     -1     66477.0000000000      -0.57249008926905      -0.05518987516873      -0.17090691807992
    1     -1     66478.0000000000      -0.57249008926905      -0.05518987516873      -0.17090691807992
    1     -1     66479.0000000000      -0.57249008926905      -0.05518987516873      -0.17090691807992
    1     -1     66479.0000000000       0.00000000000000       0.00000000000000       0.00000000000000
    1     -1     66479.0000000000       0.00000000000000       0.00000000000000       0.00000000000000
    1     -1     66479.0000000000      -0.57384098434510      -0.05094270081221      -0.16766444226431
    1     -1     66480.0000000000      -0.57384098434510      -0.05094270081221      -0.16766444226431
    1     -1     66481.0000000000      -0.57384098434510      -0.05094270081221      -0.16766444226431
    1     -1     66481.0000000000       0.00000000000000       0.00000000000000       0.00000000000000
    1     -1     66481.0000000000       0.00000000000000       0.00000000000000       0.00000000000000
    1     -1     66481.0000000000      -0.26662222420142      -0.02162261283897      -0.07616265117283
    1     -1     66482.0000000000      -0.26662222420142      -0.02162261283897      -0.07616265117283
    1     -1     66483.0000000000      -0.26662222420142      -0.02162261283897      -0.07616265117283
    1     -1     66483.0000000000       0.00000000000000       0.00000000000000       0.00000000000000
    1     -1     66923.0000000000       0.00000000000000       0.00000000000000       0.00000000000000
    1     -1     66923.0000000000       0.00000000024727       0.00000000148710       0.00000000138658
    1     -1     66924.0000000000       0.00000000024727       0.00000000148710       0.00000000138658
    1     -1     66925.0000000000       0.00000000024727       0.00000000148710       0.00000000138658
    1     -1     66925.0000000000       0.00000000000000       0.00000000000000       0.00000000000000
    1     -1     66925.0000000000       0.00000000000000       0.00000000000000       0.00000000000000
    1     -1     66925.0000000000       0.04117290414414       0.25181523068255       0.23193532606938
    1     -1     66926.0000000000       0.04117290414414       0.25181523068255       0.23193532606938
    1     -1     66927.0000000000       0.04117290414414       0.25181523068255       0.23193532606938
    1     -1     66927.0000000000       0.00000000000000       0.00000000000000       0.00000000000000
    1     -1     66927.0000000000       0.00000000000000       0.00000000000000       0.00000000000000
    1     -1     66927.0000000000       0.07245363052957       0.44089251378195       0.40045506533870
    1     -1     66928.0000000000       0.07245363052957       0.44089251378195       0.40045506533870
    1     -1     66929.0000000000       0.07245363052957       0.44089251378195       0.40045506533870
    1     -1     66929.0000000000       0.00000000000000       0.00000000000000       0.00000000000000
    1     -1     66929.0000000000       0.00000000000000       0.00000000000000       0.00000000000000
    1     -1     66929.0000000000       0.07324314708812       0.44359571043764       0.39731383862880
    1     -1     66930.0000000000       0.07324314708812       0.44359571043764       0.39731383862880
    1     -1     66931.0000000000       0.07324314708812       0.44359571043764       0.39731383862880
    1     -1     66931.0000000000       0.00000000000000       0.00000000000000       0.00000000000000
    1     -1     66931.0000000000       0.00000000000000       0.00000000000000       0.00000000000000
    1     -1     66931.0000000000       0.07401321908983       0.44627938444483       0.39415321094659
    1     -1     66932.0000000000       0.07401321908983       0.44627938444483       0.39415321094659
    1     -1     66933.0000000000       0.07401321908983       0.44627938444483       0.39415321094659
    1     -1     66933.0000000000       0.00000000000000       0.00000000000000       0.00000000000000
    1     -1     66933.0000000000       0.00000000000000       0.00000000000000       0.00000000000000
    1     -1     66933.0000000000       0.07476533036275       0.44894307870380       0.39097347319185
    1     -1     66934.0000000000       0.07476533036275       0.44894307870380       0.39097347319185
    1     -1     66935.0000000000       0.07476533036275       0.44894307870380       0.39097347319185
    1     -1     66935.0000000000       0.00000000000000       0.00000000000000       0.00000000000000
    1     -1     66935.0000000000       0.00000000000000       0.00000000000000       0.00000000000000
    1     -1     66935.0000000000       0.07550126973235       0.45158665656498       0.38777448234930
    1     -1     66936.0000000000       0.07550126973235       0.45158665656498       0.38777448234930
    1     -1     66937.0000000000       0.07550126973235       0.45158665656498       0.38777448234930
    1     -1     66937.0000000000       0.00000000000000       0.00000000000000       0.00000000000000
    1     -1     66937.0000000000       0.00000000000000       0.00000000000000       0.00000000000000
    1     -1     66937.0000000000       0.07622294632155       0.45421010031615       0.38455590814329
    1     -1     66938.0000000000       0.07622294632155       0.45421010031615       0.38455590814329
    1     -1     66939.0000000000       0.07622294632155       0.45421010031615       0.38455590814329
    1     -1     66939.0000000000       0.00000000000000       0.00000000000000       0.00000000000000
    1     -1     66939.0000000000       0.00000000000000       0.00000000000000       0.00000000000000
    1     -1     66939.0000000000       0.07693214830567       0.45681318088886       0.38131766448434
    1     -1     66940.0000000000       0.07693214830567       0.45681318088886       0.38131766448434
    1     -1     66941.0000000000       0.07693214830567       0.45681318088886       0.38131766448434
    1     -1     66941.0000000000       0.00000000000000       0.00000000000000       0.00000000000000
    1     -1     66941.0000000000       0.00000000000000       0.00000000000000       0.00000000000000
    1     -1     66941.0000000000       0.01202974320238       0.07118854528181       0.05858468720928
    1     -1     66942.0000000000       0.01202974320238       0.07118854528181       0.05858468720928
    1     -1     66943.0000000000       0.01202974320238       0.07118854528181       0.05858468720928
    1     -1     66943.0000000000       0.00000000000000       0.00000000000000       0.00000000000000
    1     -1     66943.0000000000       0.00000000000000       0.00000000000000       0.00000000000000
    1     -1     66943.0000000000       0.00000000034418       0.00000000196643       0.00000000159200
    1     -1     66944.0000000000       0.00000000034418       0.00000000196643       0.00000000159200
    1     -1     66945.0000000000       0.00000000034418       0.00000000196643       0.00000000159200
    1     -1     66945.0000000000       0.00000000000000       0.00000000000000       0.00000000000000
    1  53410     67448.0000000000      138965482.210883230     -377393045.551575243        9518961.721134415       15.6279287667812        6.2165605266636       -1.0125804988350        1641.1648249649
    1  53410     67448.0000000000      138965482.210883230     -377393045.551575243        9518961.721134415       15.6279287667812        6.2165605266636       -1.0125804988350        1708.7897394070
    1     -1     67448.0000000000       0.00000000000000       0.00000000000000       0.00000000000000
    1     -1     67448.0000000000       0.54594029290202      -0.24821204544900       0.01843844787620
    1     -1     67449.0000000000       0.54594029290202      -0.24821204544900       0.01843844787620
    1     -1     67450.0000000000       0.54594029290202      -0.24821204544900       0.01843844787620
    1     -1     67450.0000000000       0.00000000000000       0.00000000000000       0.00000000000000
    1     -1     67450.0000000000       0.00000000000000       0.00000000000000       0.00000000000000
    1     -1     67450.0000000000       0.54559309124306      -0.24879250399925       0.02074772328760
    1     -1     67451.0000000000       0.54559309124306      -0.24879250399925       0.02074772328760
    1     -1     67452.0000000000       0.54559309124306      -0.24879250399925       0.02074772328760
    1     -1     67452.0000000000       0.00000000000000       0.00000000000000       0.00000000000000
    1     -1     67452.0000000000       0.00000000000000       0.00000000000000       0.00000000000000
    1     -1     67452.0000000000       0.54520740899845      -0.24942994619869       0.02309940242760
    1     -1     67453.0000000000       0.54520740899845      -0.24942994619869       0.02309940242760
    1     -1     67454.0000000000       0.54520740899845      -0.24942994619869       0.02309940242760
    1     -1     67454.0000000000       0.00000000000000       0.00000000000000       0.00000000000000
    1     -1     67454.0000000000       0.00000000000000       0.00000000000000       0.00000000000000
    1     -1     67454.0000000000       0.54478198847194      -0.25012523805579       0.02549410920372
    1     -1     67455.0000000000       0.54478198847194      -0.25012523805579       0.02549410920372
    1     -1     67456.0000000000       0.54478198847194      -0.25012523805579       0.02549410920372
    1     -1     67456.0000000000       0.00000000000000       0.00000000000000       0.00000000000000
    1     -1     67456.0000000000       0.00000000000000       0.00000000000000       0.00000000000000
    1     -1     67456.0000000000       0.54431552221182      -0.25087923264158       0.02793245761559
    1     -1     67457.0000000000       0.54431552221182      -0.25087923264158       0.02793245761559
    1     -1     67458.0000000000       0.54431552221182      -0.25087923264158       0.02793245761559
    1     -1     67458.0000000000       0.00000000000000       0.00000000000000       0.00000000000000
    1     -1     67458.0000000000       0.00000000000000       0.00000000000000       0.00000000000000
    1     -1     67458.0000000000       0.54380665197461      -0.25169276766390       0.03041504979198
    1     -1     67459.0000000000       0.54380665197461      -0.25169276766390       0.03041504979198
    1     -1     67460.0000000000       0.54380665197461      -0.25169276766390       0.03041504979198
    1     -1     67460.0000000000       0.00000000000000       0.00000000000000       0.00000000000000
    1     -1     67460.0000000000       0.00000000000000       0.00000000000000       0.00000000000000
    1     -1     67460.0000000000       0.54325396778372      -0.25256666285061       0.03294247385591
    1     -1     67461.0000000000       0.54325396778372      -0.25256666285061       0.03294247385591
    1     -1     67462.0000000000       0.54325396778372      -0.25256666285061       0.03294247385591
    1     -1     67462.0000000000       0.00000000000000       0.00000000000000       0.00000000000000
    1     -1     67462.0000000000       0.00000000000000       0.00000000000000       0.00000000000000
    1     -1     67462.0000000000       0.54265600708893      -0.25350171715491       0.03551530162917
    1     -1     67463.0000000000       0.54265600708893      -0.25350171715491       0.03551530162917
    1     -1     67464.0000000000       0.54265600708893      -0.25350171715491       0.03551530162917
    1     -1     67464.0000000000       0.00000000000000       0.00000000000000       0.00000000000000
    1     -1     67464.0000000000       0.00000000000000       0.00000000000000       0.00000000000000
    1     -1     67464.0000000000       0.54201125412991      -0.25449870561982       0.03813408599093
    1     -1     67465.0000000000       0.54201125412991      -0.25449870561982       0.03813408599093
    1     -1     67466.0000000000       0.54201125412991      -0.25449870561982       0.03813408599093
    1     -1     67466.0000000000       0.00000000000000       0.00000000000000       0.00000000000000
    1     -1     67466.0000000000       0.00000000000000       0.00000000000000       0.00000000000000
    1     -1     67466.0000000000       0.54131813985812      -0.25555837530248       0.04079935726576
    1     -1     67467.0000000000       0.54131813985812      -0.25555837530248       0.04079935726576
    1     -1     67468.0000000000       0.54131813985812      -0.25555837530248       0.04079935726576
    1     -1     67468.0000000000       0.00000000000000       0.00000000000000       0.00000000000000
    1     -1     67468.0000000000       0.00000000000000       0.00000000000000       0.00000000000000
    1     -1     67468.0000000000       0.54057504440716      -0.25668143682882       0.04351161490559
    1     -1     67469.0000000000       0.54057504440716      -0.25668143682882       0.04351161490559
    1     -1     67470.0000000000       0.54057504440716      -0.25668143682882       0.04351161490559
    1     -1     67470.0000000000       0.00000000000000       0.00000000000000       0.00000000000000
    1     -1     67470.0000000000       0.00000000000000       0.00000000000000       0.00000000000000
    1     -1     67470.0000000000       0.53978029822835      -0.25786855895896       0.04627132184137
    1     -1     67471.0000000000       0.53978029822835      -0.25786855895896       0.04627132184137
    1     -1     67472.0000000000       0.53978029822835      -0.25786855895896       0.04627132184137
    1     -1     67472.0000000000       0.00000000000000       0.00000000000000       0.00000000000000
    1     -1     67472.0000000000       0.00000000000000       0.00000000000000       0.00000000000000
    1     -1     67472.0000000000       0.53893212142072      -0.25912046966398       0.04907901773751
    1     -1     67473.0000000000       0.53893212142072      -0.25912046966398       0.04907901773751
    1     -1     67474.0000000000       0.53893212142072      -0.25912046966398       0.04907901773751
    1     -1     67474.0000000000       0.00000000000000       0.00000000000000       0.00000000000000
    1     -1     67474.0000000000       0.00000000000000       0.00000000000000       0.00000000000000
    1     -1     67474.0000000000       0.53802880363001      -0.26043764023611       0.05193497176964
    1     -1     67475.0000000000       0.53802880363001      -0.26043764023611       0.05193497176964
    1     -1     67476.0000000000       0.53802880363001      -0.26043764023611       0.05193497176964
    1     -1     67476.0000000000       0.00000000000000       0.00000000000000       0.00000000000000
    1     -1     67476.0000000000       0.00000000000000       0.00000000000000       0.00000000000000
    1     -1     67476.0000000000       0.53706844032911      -0.26182073896213       0.05483967844350
    1     -1     67477.0000000000       0.53706844032911      -0.26182073896213       0.05483967844350
    1     -1     67478.0000000000       0.53706844032911      -0.26182073896213       0.05483967844350
    1     -1     67478.0000000000       0.00000000000000       0.00000000000000       0.00000000000000
    1     -1     67478.0000000000       0.00000000000000       0.00000000000000       0.00000000000000
    1     -1     67478.0000000000       0.53604913509474      -0.26327027459141       0.05779348199184
    1     -1     67479.0000000000       0.53604913509474      -0.26327027459141       0.05779348199184
    1     -1     67480.0000000000       0.53604913509474      -0.26327027459141       0.05779348199184
    1     -1     67480.0000000000       0.00000000000000       0.00000000000000       0.00000000000000
    1     -1     67480.0000000000       0.00000000000000       0.00000000000000       0.00000000000000
    1     -1     67480.0000000000       0.53496897408852      -0.26478664675059       0.06079660965261
    1     -1     67481.0000000000       0.53496897408852      -0.26478664675059       0.06079660965261
    1     -1     67482.0000000000       0.53496897408852      -0.26478664675059       0.06079660965261
    1     -1     67482.0000000000       0.00000000000000       0.00000000000000       0.00000000000000
    1     -1     67482.0000000000       0.00000000000000       0.00000000000000       0.00000000000000
    1     -1     67482.0000000000       0.53382595351709      -0.26637026010977       0.06384931605447
    1     -1     67483.0000000000       0.53382595351709      -0.26637026010977       0.06384931605447
    1     -1     67484.0000000000       0.53382595351709      -0.26637026010977       0.06384931605447
    1     -1     67484.0000000000       0.00000000000000       0.00000000000000       0.00000000000000
    1     -1     67484.0000000000       0.00000000000000       0.00000000000000       0.00000000000000
    1     -1     67484.0000000000       0.53261801843672      -0.26802145744373       0.06695180405546
    1     -1     67485.0000000000       0.53261801843672      -0.26802145744373       0.06695180405546
    1     -1     67486.0000000000       0.53261801843672      -0.26802145744373       0.06695180405546
    1     -1     67486.0000000000       0.00000000000000       0.00000000000000       0.00000000000000
    1     -1     67486.0000000000       0.00000000000000       0.00000000000000       0.00000000000000
    1     -1     67486.0000000000       0.53134307137213      -0.26974050563206       0.07010420391238
    1     -1     67487.0000000000       0.53134307137213      -0.26974050563206       0.07010420391238
    1     -1     67488.0000000000       0.53134307137213      -0.26974050563206       0.07010420391238
    1     -1     67488.0000000000       0.00000000000000       0.00000000000000       0.00000000000000
    1     -1     67488.0000000000       0.00000000000000       0.00000000000000       0.00000000000000
    1     -1     67488.0000000000       0.35396335719747      -0.18134145596021       0.04895821022462
    1     -1     67489.0000000000       0.35396335719747      -0.18134145596021       0.04895821022462
    1     -1     67490.0000000000       0.35396335719747      -0.18134145596021       0.04895821022462
    1     -1     67490.0000000000       0.00000000000000       0.00000000000000       0.00000000000000
    1     -1     67846.0000000000       0.00000000000000       0.00000000000000       0.00000000000000
    1     -1     67846.0000000000      -0.12027792083527      -0.24178459786244       0.17693153876834
    1     -1     67847.0000000000      -0.12027792083527      -0.24178459786244       0.17693153876834
    1     -1     67848.0000000000      -0.12027792083527      -0.24178459786244       0.17693153876834
    1     -1     67848.0000000000       0.00000000000000       0.00000000000000       0.00000000000000
    1     -1     67848.0000000000       0.00000000000000       0.00000000000000       0.00000000000000
    1     -1     67848.0000000000      -0.22738952147479      -0.44813459971818       0.32782523597017
    1     -1     67849.0000000000      -0.22738952147479      -0.44813459971818       0.32782523597017
    1     -1     67850.0000000000      -0.22738952147479      -0.44813459971818       0.32782523597017
    1     -1     67850.0000000000       0.00000000000000       0.00000000000000       0.00000000000000
    1     -1     67850.0000000000       0.00000000000000       0.00000000000000       0.00000000000000
    1     -1     67850.0000000000      -0.23127041903358      -0.44689673085283       0.32679856871334
    1     -1     67851.0000000000      -0.23127041903358      -0.44689673085283       0.32679856871334
    1     -1     67852.0000000000      -0.23127041903358      -0.44689673085283       0.32679856871334
    1     -1     67852.0000000000       0.00000000000000       0.00000000000000       0.00000000000000
    1     -1     67852.0000000000       0.00000000000000       0.00000000000000       0.00000000000000
    1     -1     67852.0000000000      -0.23517393373756      -0.44563187394723       0.32573831996355
    1     -1     67853.0000000000      -0.23517393373756      -0.44563187394723       0.32573831996355
    1     -1     67854.0000000000      -0.23517393373756      -0.44563187394723       0.32573831996355
    1     -1     67854.0000000000       0.00000000000000       0.00000000000000       0.00000000000000
    1     -1     67854.0000000000       0.00000000000000       0.00000000000000       0.00000000000000
    1     -1     67854.0000000000      -0.23909899340452      -0.44433996242744       0.32464391018919
    1     -1     67855.0000000000      -0.23909899340452      -0.44433996242744       0.32464391018919
    1     -1     67856.0000000000      -0.23909899340452      -0.44433996242744       0.32464391018919
    1     -1     67856.0000000000       0.00000000000000       0.00000000000000       0.00000000000000
    1     -1     67856.0000000000       0.00000000000000       0.00000000000000       0.00000000000000
    1     -1     67856.0000000000      -0.24304471643916      -0.44302089878850       0.32351468023513
    1     -1     67857.0000000000      -0.24304471643916      -0.44302089878850       0.32351468023513
    1     -1     67858.0000000000      -0.24304471643916      -0.44302089878850       0.32351468023513
    1     -1     67858.0000000000       0.00000000000000       0.00000000000000       0.00000000000000
    1     -1     67858.0000000000       0.00000000000000       0.00000000000000       0.00000000000000
    1     -1     67858.0000000000      -0.24701006050476      -0.44167464307520       0.32235002552168
    1     -1     67859.0000000000      -0.24701006050476      -0.44167464307520       0.32235002552168
    1     -1     67860.0000000000      -0.24701006050476      -0.44167464307520       0.32235002552168
    1     -1     67860.0000000000       0.00000000000000       0.00000000000000       0.00000000000000
    1     -1     67860.0000000000       0.00000000000000       0.00000000000000       0.00000000000000
    1     -1     67860.0000000000      -0.25099390039881      -0.44030119498062       0.32114937169677
    1     -1     67861.0000000000      -0.25099390039881      -0.44030119498062       0.32114937169677
    1     -1     67862.0000000000      -0.25099390039881      -0.44030119498062       0.32114937169677
    1     -1     67862.0000000000       0.00000000000000       0.00000000000000       0.00000000000000
    1     -1     67862.0000000000       0.00000000000000       0.00000000000000       0.00000000000000
    1     -1     67862.0000000000      -0.25499504359656      -0.43890059256103       0.31991217055742
    1     -1     67863.0000000000      -0.25499504359656      -0.43890059256103       0.31991217055742
    1     -1     67864.0000000000      -0.25499504359656      -0.43890059256103       0.31991217055742
    1     -1     67864.0000000000       0.00000000000000       0.00000000000000       0.00000000000000
    1     -1     67864.0000000000       0.00000000000000       0.00000000000000       0.00000000000000
    1     -1     67864.0000000000      -0.25901222499276      -0.43747291592610       0.31863790486290
    1     -1     67865.0000000000      -0.25901222499276      -0.43747291592610       0.31863790486290
    1     -1     67866.0000000000      -0.25901222499276      -0.43747291592610       0.31863790486290
    1     -1     67866.0000000000       0.00000000000000       0.00000000000000       0.00000000000000
    1     -1     67866.0000000000       0.00000000000000       0.00000000000000       0.00000000000000
    1     -1     67866.0000000000      -0.26304410655167      -0.43601828966436       0.31732609153141
    1     -1     67867.0000000000      -0.26304410655167      -0.43601828966436       0.31732609153141
    1     -1     67868.0000000000      -0.26304410655167      -0.43601828966436       0.31732609153141
    1     -1     67868.0000000000       0.00000000000000       0.00000000000000       0.00000000000000
    1     -1     67868.0000000000       0.00000000000000       0.00000000000000       0.00000000000000
    1     -1     67868.0000000000      -0.26708927879830      -0.43453688483676       0.31597628415336
    1     -1     67869.0000000000      -0.26708927879830      -0.43453688483676       0.31597628415336
    1     -1     67870.0000000000      -0.26708927879830      -0.43453688483676       0.31597628415336
    1     -1     67870.0000000000       0.00000000000000       0.00000000000000       0.00000000000000
    1     -1     67870.0000000000       0.00000000000000       0.00000000000000       0.00000000000000
    1     -1     67870.0000000000      -0.27114626293305      -0.43302892080949       0.31458807529849
    1     -1     67871.0000000000      -0.27114626293305      -0.43302892080949       0.31458807529849
    1     -1     67872.0000000000      -0.27114626293305      -0.43302892080949       0.31458807529849
    1     -1     67872.0000000000       0.00000000000000       0.00000000000000       0.00000000000000
    1     -1     67872.0000000000       0.00000000000000       0.00000000000000       0.00000000000000
    1     -1     67872.0000000000      -0.27521351352190      -0.43149466690131       0.31316109862282
    1     -1     67873.0000000000      -0.27521351352190      -0.43149466690131       0.31316109862282
    1     -1     67874.0000000000      -0.27521351352190      -0.43149466690131       0.31316109862282
    1     -1     67874.0000000000       0.00000000000000       0.00000000000000       0.00000000000000
    1     -1     67874.0000000000       0.00000000000000       0.00000000000000       0.00000000000000
    1     -1     67874.0000000000      -0.27928942132417      -0.42993444395053       0.31169503095392
    1     -1     67875.0000000000      -0.27928942132417      -0.42993444395053       0.31169503095392
    1     -1     67876.0000000000      -0.27928942132417      -0.42993444395053       0.31169503095392
    1     -1     67876.0000000000       0.00000000000000       0.00000000000000       0.00000000000000
    1     -1     67876.0000000000       0.00000000000000       0.00000000000000       0.00000000000000
    1     -1     67876.0000000000      -0.28337231620819      -0.42834862581359       0.31018959436193
    1     -1     67877.0000000000      -0.28337231620819      -0.42834862581359       0.31018959436193
    1     -1     67878.0000000000      -0.28337231620819      -0.42834862581359       0.31018959436193
    1     -1     67878.0000000000       0.00000000000000       0.00000000000000       0.00000000000000
    1     -1     67878.0000000000       0.00000000000000       0.00000000000000       0.00000000000000
    1     -1     67878.0000000000      -0.28746047016908      -0.42673764078442       0.30864455820235
    1     -1     67879.0000000000      -0.28746047016908      -0.42673764078442       0.30864455820235
    1     -1     67880.0000000000      -0.28746047016908      -0.42673764078442       0.30864455820235
    1     -1     67880.0000000000       0.00000000000000       0.00000000000000       0.00000000000000
    1     -1     67880.0000000000       0.00000000000000       0.00000000000000       0.00000000000000
    1     -1     67880.0000000000      -0.29155210053642      -0.42510197289909       0.30705974107673
    1     -1     67881.0000000000      -0.29155210053642      -0.42510197289909       0.30705974107673
    1     -1     67882.0000000000      -0.29155210053642      -0.42510197289909       0.30705974107673
    1     -1     67882.0000000000       0.00000000000000       0.00000000000000       0.00000000000000
    1     -1     67882.0000000000       0.00000000000000       0.00000000000000       0.00000000000000
    1     -1     67882.0000000000      -0.29564537341585      -0.42344216309874       0.30543501267547
    1     -1     67883.0000000000      -0.29564537341585      -0.42344216309874       0.30543501267547
    1     -1     67884.0000000000      -0.29564537341585      -0.42344216309874       0.30543501267547
    1     -1     67884.0000000000       0.00000000000000       0.00000000000000       0.00000000000000
    1     -1     67884.0000000000       0.00000000000000       0.00000000000000       0.00000000000000
    1     -1     67884.0000000000      -0.29973840743881      -0.42175881020850       0.30377029544962
    1     -1     67885.0000000000      -0.29973840743881      -0.42175881020850       0.30377029544962
    1     -1     67886.0000000000      -0.29973840743881      -0.42175881020850       0.30377029544962
    1     -1     67886.0000000000       0.00000000000000       0.00000000000000       0.00000000000000
    1     -1     67886.0000000000       0.00000000000000       0.00000000000000       0.00000000000000
    1     -1     67886.0000000000      -0.30382927779159      -0.42005257172063       0.30206556610697
    1     -1     67887.0000000000      -0.30382927779159      -0.42005257172063       0.30206556610697
    1     -1     67888.0000000000      -0.30382927779159      -0.42005257172063       0.30206556610697
    1     -1     67888.0000000000       0.00000000000000       0.00000000000000       0.00000000000000
    1     -1     67888.0000000000       0.00000000000000       0.00000000000000       0.00000000000000
    1     -1     67888.0000000000      -0.30791602042082      -0.41832416440116       0.30032085696180
    1     -1     67889.0000000000      -0.30791602042082      -0.41832416440116       0.30032085696180
    1     -1     67890.0000000000      -0.30791602042082      -0.41832416440116       0.30032085696180
    1     -1     67890.0000000000       0.00000000000000       0.00000000000000       0.00000000000000
    1     -1     67890.0000000000       0.00000000000000       0.00000000000000       0.00000000000000
    1     -1     67890.0000000000      -0.31199663657072      -0.41657436464297       0.29853625704571
    1     -1     67891.0000000000      -0.31199663657072      -0.41657436464297       0.29853625704571
    1     -1     67892.0000000000      -0.31199663657072      -0.41657436464297       0.29853625704571
    1     -1     67892.0000000000       0.00000000000000       0.00000000000000       0.00000000000000
    1     -1     67892.0000000000       0.00000000000000       0.00000000000000       0.00000000000000
    1     -1     67892.0000000000      -0.31606909721218      -0.41480400872870       0.29671191315833
    1     -1     67893.0000000000      -0.31606909721218      -0.41480400872870       0.29671191315833
    1     -1     67894.0000000000      -0.31606909721218      -0.41480400872870       0.29671191315833
    1     -1     67894.0000000000       0.00000000000000       0.00000000000000       0.00000000000000
    1     -1     67894.0000000000       0.00000000000000       0.00000000000000       0.00000000000000
    1     -1     67894.0000000000      -0.32013132875090      -0.41301402185029       0.29484801065504
    1     -1     67895.0000000000      -0.32013132875090      -0.41301402185029       0.29484801065504
    1     -1     67896.0000000000      -0.32013132875090      -0.41301402185029       0.29484801065504
    1     -1     67896.0000000000       0.00000000000000       0.00000000000000       0.00000000000000
    1     -1     67896.0000000000       0.00000000000000       0.00000000000000       0.00000000000000
    1     -1     67896.0000000000      -0.32418134006211      -0.41120525402422       0.29294487040809
    1     -1     67897.0000000000      -0.32418134006211      -0.41120525402422       0.29294487040809
    1     -1     67898.0000000000      -0.32418134006211      -0.41120525402422       0.29294487040809
    1     -1     67898.0000000000       0.00000000000000       0.00000000000000       0.00000000000000
    1  23760     68063.0000000000      103491117.495294988      326193841.172454894       -6049388.300368316      -19.7915569750652        3.2787049438505        1.1731719544644        1586.6626205561
    1  23760     68063.0000000000      103491117.495294988      326193841.172454894       -6049388.300368316      -19.7915569750652        3.2787049438505        1.1731719544644        1654.6982126163
    1     -1     68063.0000000000       0.00000000000000       0.00000000000000       0.00000000000000
    1     -1     68063.0000000000      -0.58969307937043      -0.08022854661566      -0.07632464694027
    1     -1     68064.0000000000      -0.58969307937043      -0.08022854661566      -0.07632464694027
    1     -1     68065.0000000000      -0.58969307937043      -0.08022854661566      -0.07632464694027
    1     -1     68065.0000000000       0.00000000000000       0.00000000000000       0.00000000000000
    1     -1     68065.0000000000       0.00000000000000       0.00000000000000       0.00000000000000
    1     -1     68065.0000000000      -0.59132364726041      -0.07256214955963      -0.07121150133179
    1     -1     68066.0000000000      -0.59132364726041      -0.07256214955963      -0.07121150133179
    1     -1     68067.0000000000      -0.59132364726041      -0.07256214955963      -0.07121150133179
    1     -1     68067.0000000000       0.00000000000000       0.00000000000000       0.00000000000000
    1     -1     68067.0000000000       0.00000000000000       0.00000000000000       0.00000000000000
    1     -1     68067.0000000000      -0.59285634042139      -0.06465717736552      -0.06588481097551
    1     -1     68068.0000000000      -0.59285634042139      -0.06465717736552      -0.06588481097551
    1     -1     68069.0000000000      -0.59285634042139      -0.06465717736552      -0.06588481097551
    1     -1     68069.0000000000       0.00000000000000       0.00000000000000       0.00000000000000
    1     -1     68069.0000000000       0.00000000000000       0.00000000000000       0.00000000000000
    1     -1     68069.0000000000      -0.59427871892490      -0.05650102749481      -0.06033603736580
    1     -1     68070.0000000000      -0.59427871892490      -0.05650102749481      -0.06033603736580
    1     -1     68071.0000000000      -0.59427871892490      -0.05650102749481      -0.06033603736580
    1     -1     68071.0000000000       0.00000000000000       0.00000000000000       0.00000000000000
    1     -1     68071.0000000000       0.00000000000000       0.00000000000000       0.00000000000000
    1     -1     68071.0000000000      -0.59557690049234      -0.04808065078421      -0.05455644691608
    1     -1     68072.0000000000      -0.59557690049234      -0.04808065078421      -0.05455644691608
    1     -1     68073.0000000000      -0.59557690049234      -0.04808065078421      -0.05455644691608
    1     -1     68073.0000000000       0.00000000000000       0.00000000000000       0.00000000000000
    1     -1     68073.0000000000       0.00000000000000       0.00000000000000       0.00000000000000
    1     -1     68073.0000000000      -0.59673541554496      -0.03938260402735      -0.04853713644637
    1     -1     68074.0000000000      -0.59673541554496      -0.03938260402735      -0.04853713644637
    1     -1     68075.0000000000      -0.59673541554496      -0.03938260402735      -0.04853713644637
    1     -1     68075.0000000000       0.00000000000000       0.00000000000000       0.00000000000000
    1     -1     68075.0000000000       0.00000000000000       0.00000000000000       0.00000000000000
    1     -1     68075.0000000000      -0.59773705857608      -0.03039305903303      -0.04226901994877
    1     -1     68076.0000000000      -0.59773705857608      -0.03039305903303      -0.04226901994877
    1     -1     68077.0000000000      -0.59773705857608      -0.03039305903303      -0.04226901994877
    1     -1     68077.0000000000       0.00000000000000       0.00000000000000       0.00000000000000
    1     -1     68077.0000000000       0.00000000000000       0.00000000000000       0.00000000000000
    1     -1     68077.0000000000      -0.59856273460969      -0.02109757738906      -0.03574275094170
    1     -1     68078.0000000000      -0.59856273460969      -0.02109757738906      -0.03574275094170
    1     -1     68079.0000000000      -0.59856273460969      -0.02109757738906      -0.03574275094170
    1     -1     68079.0000000000       0.00000000000000       0.00000000000000       0.00000000000000
    1     -1     68079.0000000000       0.00000000000000       0.00000000000000       0.00000000000000
    1     -1     68079.0000000000      -0.59919121185048      -0.01148200020571      -0.02894917256891
    1     -1     68080.0000000000      -0.59919121185048      -0.01148200020571      -0.02894917256891
    1     -1     68081.0000000000      -0.59919121185048      -0.01148200020571      -0.02894917256891
    1     -1     68081.0000000000       0.00000000000000       0.00000000000000       0.00000000000000
    1     -1     68081.0000000000       0.00000000000000       0.00000000000000       0.00000000000000
    1     -1     68081.0000000000      -0.12731498546359      -0.00032554652749      -0.00464589572515
    1     -1     68082.0000000000      -0.12731498546359      -0.00032554652749      -0.00464589572515
    1     -1     68083.0000000000      -0.12731498546359      -0.00032554652749      -0.00464589572515
    1     -1     68083.0000000000       0.00000000000000       0.00000000000000       0.00000000000000
    1     -1     68175.0000000000       0.00000000000000       0.00000000000000       0.00000000000000
    1     -1     68175.0000000000      -0.01704720285789       0.26837675021832       0.17304574663005
    1     -1     68176.0000000000      -0.01704720285789       0.26837675021832       0.17304574663005
    1     -1     68177.0000000000      -0.01704720285789       0.26837675021832       0.17304574663005
    1     -1     68177.0000000000       0.00000000000000       0.00000000000000       0.00000000000000
    1     -1     68177.0000000000       0.00000000000000       0.00000000000000       0.00000000000000
    1     -1     68177.0000000000      -0.01941929994965       0.50460054286348       0.32403885910697
    1     -1     68178.0000000000      -0.01941929994965       0.50460054286348       0.32403885910697
    1     -1     68179.0000000000      -0.01941929994965       0.50460054286348       0.32403885910697
    1     -1     68179.0000000000       0.00000000000000       0.00000000000000       0.00000000000000
    1     -1     68179.0000000000       0.00000000000000       0.00000000000000       0.00000000000000
    1     -1     68179.0000000000      -0.00745688265681       0.50544522481427       0.32321744831227
    1     -1     68180.0000000000      -0.00745688265681       0.50544522481427       0.32321744831227
    1     -1     68181.0000000000      -0.00745688265681       0.50544522481427       0.32321744831227
    1     -1     68181.0000000000       0.00000000000000       0.00000000000000       0.00000000000000
    1     -1     68181.0000000000       0.00000000000000       0.00000000000000       0.00000000000000
    1     -1     68181.0000000000       0.00391976942744       0.50610957876927       0.32223862115772
    1     -1     68182.0000000000       0.00391976942744       0.50610957876927       0.32223862115772
    1     -1     68183.0000000000       0.00391976942744       0.50610957876927       0.32223862115772
    1     -1     68183.0000000000       0.00000000000000       0.00000000000000       0.00000000000000
    1     -1     68183.0000000000       0.00000000000000       0.00000000000000       0.00000000000000
    1     -1     68183.0000000000       0.01472917279489       0.50661935497340       0.32112284240631
    1     -1     68184.0000000000       0.01472917279489       0.50661935497340       0.32112284240631
    1     -1     68185.0000000000       0.01472917279489       0.50661935497340       0.32112284240631
    1     -1     68185.0000000000       0.00000000000000       0.00000000000000       0.00000000000000
    1     -1     68185.0000000000       0.00000000000000       0.00000000000000       0.00000000000000
    1     -1     68185.0000000000       0.02499096505554       0.50699773651434       0.31988864643017
    1     -1     68186.0000000000       0.02499096505554       0.50699773651434       0.31988864643017
    1     -1     68187.0000000000       0.02499096505554       0.50699773651434       0.31988864643017
    1     -1     68187.0000000000       0.00000000000000       0.00000000000000       0.00000000000000
    1     -1     68187.0000000000       0.00000000000000       0.00000000000000       0.00000000000000
    1     -1     68187.0000000000       0.03472549468059       0.50726549594887       0.31855275217606
    1     -1     68188.0000000000       0.03472549468059       0.50726549594887       0.31855275217606
    1     -1     68189.0000000000       0.03472549468059       0.50726549594887       0.31855275217606
    1     -1     68189.0000000000       0.00000000000000       0.00000000000000       0.00000000000000
    1     -1     68189.0000000000       0.00000000000000       0.00000000000000       0.00000000000000
    1     -1     68189.0000000000       0.04395348243316       0.50744116396802       0.31713018741957
    1     -1     68190.0000000000       0.04395348243316       0.50744116396802       0.31713018741957
    1     -1     68191.0000000000       0.04395348243316       0.50744116396802       0.31713018741957
    1     -1     68191.0000000000       0.00000000000000       0.00000000000000       0.00000000000000
    1     -1     68191.0000000000       0.00000000000000       0.00000000000000       0.00000000000000
    1     -1     68191.0000000000       0.05269574425725       0.50754120292586       0.31563441692842
    1     -1     68192.0000000000       0.05269574425725       0.50754120292586       0.31563441692842
    1     -1     68193.0000000000       0.05269574425725       0.50754120292586       0.31563441692842
    1     -1     68193.0000000000       0.00000000000000       0.00000000000000       0.00000000000000
    1     -1     68193.0000000000       0.00000000000000       0.00000000000000       0.00000000000000
    1     -1     68193.0000000000       0.06097296823505       0.50758017986098       0.31407747043826
    1     -1     68194.0000000000       0.06097296823505       0.50758017986098       0.31407747043826
    1     -1     68195.0000000000       0.06097296823505       0.50758017986098       0.31407747043826
    1     -1     68195.0000000000       0.00000000000000       0.00000000000000       0.00000000000000
    1     -1     68195.0000000000       0.00000000000000       0.00000000000000       0.00000000000000
    1     -1     68195.0000000000       0.06880553816780       0.50757093506509       0.31247006748581
    1     -1     68196.0000000000       0.06880553816780       0.50757093506509       0.31247006748581
    1     -1     68197.0000000000       0.06880553816780       0.50757093506509       0.31247006748581
    1     -1     68197.0000000000       0.00000000000000       0.00000000000000       0.00000000000000
    1     -1     68197.0000000000       0.00000000000000       0.00000000000000       0.00000000000000
    1     -1     68197.0000000000       0.07621339692924       0.50752474344534       0.31082173701215
    1     -1     68198.0000000000       0.07621339692924       0.50752474344534       0.31082173701215
    1     -1     68199.0000000000       0.07621339692924       0.50752474344534       0.31082173701215
    1     -1     68199.0000000000       0.00000000000000       0.00000000000000       0.00000000000000
    1     -1     68199.0000000000       0.00000000000000       0.00000000000000       0.00000000000000
    1     -1     68199.0000000000       0.08321594331031       0.50745146687096       0.30914093036912
    1     -1     68200.0000000000       0.08321594331031       0.50745146687096       0.30914093036912
    1     -1     68201.0000000000       0.08321594331031       0.50745146687096       0.30914093036912
    1     -1     68201.0000000000       0.00000000000000       0.00000000000000       0.00000000000000
    1     -1     68201.0000000000       0.00000000000000       0.00000000000000       0.00000000000000
    1     -1     68201.0000000000       0.08983195675786       0.50735969643235       0.30743512691481
    1     -1     68202.0000000000       0.08983195675786       0.50735969643235       0.30743512691481
    1     -1     68203.0000000000       0.08983195675786       0.50735969643235       0.30743512691481
    1     -1     68203.0000000000       0.00000000000000       0.00000000000000       0.00000000000000
    1     -1     68203.0000000000       0.00000000000000       0.00000000000000       0.00000000000000
    1     -1     68203.0000000000       0.09607954515135       0.50725688409934       0.30571093179234
    1     -1     68204.0000000000       0.09607954515135       0.50725688409934       0.30571093179234
    1     -1     68205.0000000000       0.09607954515135       0.50725688409934       0.30571093179234
    1     -1     68205.0000000000       0.00000000000000       0.00000000000000       0.00000000000000
    1     -1     68205.0000000000       0.00000000000000       0.00000000000000       0.00000000000000
    1     -1     68205.0000000000       0.10197611133232       0.50714946368297       0.30397416581613
    1     -1     68206.0000000000       0.10197611133232       0.50714946368297       0.30397416581613
    1     -1     68207.0000000000       0.10197611133232       0.50714946368297       0.30397416581613
    1     -1     68207.0000000000       0.00000000000000       0.00000000000000       0.00000000000000
    1     -1     68207.0000000000       0.00000000000000       0.00000000000000       0.00000000000000
    1     -1     68207.0000000000       0.10753833480108       0.50704296129980       0.30222994759709
    1     -1     68208.0000000000       0.10753833480108       0.50704296129980       0.30222994759709
    1     -1     68209.0000000000       0.10753833480108       0.50704296129980       0.30222994759709
    1     -1     68209.0000000000       0.00000000000000       0.00000000000000       0.00000000000000
    1     -1     68209.0000000000       0.00000000000000       0.00000000000000       0.00000000000000
    1     -1     68209.0000000000       0.11278216548766       0.50694209575058       0.30048276819799
    1     -1     68210.0000000000       0.11278216548766       0.50694209575058       0.30048276819799
    1     -1     68211.0000000000       0.11278216548766       0.50694209575058       0.30048276819799
    1     -1     68211.0000000000       0.00000000000000       0.00000000000000       0.00000000000000
    1     -1     68211.0000000000       0.00000000000000       0.00000000000000       0.00000000000000
    1     -1     68211.0000000000       0.11772282699466       0.50685086935481       0.29873655872467
    1     -1     68212.0000000000       0.11772282699466       0.50685086935481       0.29873655872467
    1     -1     68213.0000000000       0.11772282699466       0.50685086935481       0.29873655872467
    1     -1     68213.0000000000       0.00000000000000       0.00000000000000       0.00000000000000
    1  16118     68213.0000000000     -162753114.252622932      269696923.149457276        9771919.380553063      -18.3996109342650      -11.3841873444007        1.6521183790798        1581.3644712618
    1  16118     68213.0000000000     -162753114.252622932      269696923.149457276        9771919.380553063      -18.3996109342650      -11.3841873444007        1.6521183790798        1661.7203918641
    1     -1     68213.0000000000       0.00000000000000       0.00000000000000       0.00000000000000
    1     -1     68213.0000000000      -0.18180005240705       0.52471562339184      -0.22720531418368
    1     -1     68214.0000000000      -0.18180005240705       0.52471562339184      -0.22720531418368
    1     -1     68215.0000000000      -0.18180005240705       0.52471562339184      -0.22720531418368
    1     -1     68215.0000000000       0.00000000000000       0.00000000000000       0.00000000000000
    1     -1     68215.0000000000       0.00000000000000       0.00000000000000       0.00000000000000
    1     -1     68215.0000000000      -0.17890585695370       0.52412471587258      -0.23083755292229
    1     -1     68216.0000000000      -0.17890585695370       0.52412471587258      -0.23083755292229
    1     -1     68217.0000000000      -0.17890585695370       0.52412471587258      -0.23083755292229
    1     -1     68217.0000000000       0.00000000000000       0.00000000000000       0.00000000000000
    1     -1     68217.0000000000       0.00000000000000       0.00000000000000       0.00000000000000
    1     -1     68217.0000000000      -0.17597417693544       0.52349957872971      -0.23448087214463
    1     -1     68218.0000000000      -0.17597417693544       0.52349957872971      -0.23448087214463
    1     -1     68219.0000000000      -0.17597417693544       0.52349957872971      -0.23448087214463
    1     -1     68219.0000000000       0.00000000000000       0.00000000000000       0.00000000000000
    1     -1     68219.0000000000       0.00000000000000       0.00000000000000       0.00000000000000
    1     -1     68219.0000000000      -0.17300698300674       0.52283878940863      -0.23813480090197
    1     -1     68220.0000000000      -0.17300698300674       0.52283878940863      -0.23813480090197
    1     -1     68221.0000000000      -0.17300698300674       0.52283878940863      -0.23813480090197
    1     -1     68221.0000000000       0.00000000000000       0.00000000000000       0.00000000000000
    1     -1     68221.0000000000       0.00000000000000       0.00000000000000       0.00000000000000
    1     -1     68221.0000000000      -0.17000636443682       0.52214094126110      -0.24179882710622
    1     -1     68222.0000000000      -0.17000636443682       0.52214094126110      -0.24179882710622
    1     -1     68223.0000000000      -0.17000636443682       0.52214094126110      -0.24179882710622
    1     -1     68223.0000000000       0.00000000000000       0.00000000000000       0.00000000000000
    1     -1     68223.0000000000       0.00000000000000       0.00000000000000       0.00000000000000
    1     -1     68223.0000000000      -0.16697436823684       0.52140463889012      -0.24547252835250
    1     -1     68224.0000000000      -0.16697436823684       0.52140463889012      -0.24547252835250
    1     -1     68225.0000000000      -0.16697436823684       0.52140463889012      -0.24547252835250
    1     -1     68225.0000000000       0.00000000000000       0.00000000000000       0.00000000000000
    1     -1     68225.0000000000       0.00000000000000       0.00000000000000       0.00000000000000
    1     -1     68225.0000000000      -0.16391299890352       0.52062849064974      -0.24915557949649
    1     -1     68226.0000000000      -0.16391299890352       0.52062849064974      -0.24915557949649
    1     -1     68227.0000000000      -0.16391299890352       0.52062849064974      -0.24915557949649
    1     -1     68227.0000000000       0.00000000000000       0.00000000000000       0.00000000000000
    1     -1     68227.0000000000       0.00000000000000       0.00000000000000       0.00000000000000
    1     -1     68227.0000000000      -0.16082420959147       0.51981110464194      -0.25284775731694
    1     -1     68228.0000000000      -0.16082420959147       0.51981110464194      -0.25284775731694
    1     -1     68229.0000000000      -0.16082420959147       0.51981110464194      -0.25284775731694
    1     -1     68229.0000000000       0.00000000000000       0.00000000000000       0.00000000000000
    1     -1     68229.0000000000       0.00000000000000       0.00000000000000       0.00000000000000
    1     -1     68229.0000000000      -0.15770989242111       0.51895108461230      -0.25654894443798
    1     -1     68230.0000000000      -0.15770989242111       0.51895108461230      -0.25654894443798
    1     -1     68231.0000000000      -0.15770989242111       0.51895108461230      -0.25654894443798
    1     -1     68231.0000000000       0.00000000000000       0.00000000000000       0.00000000000000
    1     -1     68231.0000000000       0.00000000000000       0.00000000000000       0.00000000000000
    1     -1     68231.0000000000      -0.15457186858497       0.51804702535333      -0.26025913287475
    1     -1     68232.0000000000      -0.15457186858497       0.51804702535333      -0.26025913287475
    1     -1     68233.0000000000      -0.15457186858497       0.51804702535333      -0.26025913287475
    1     -1     68233.0000000000       0.00000000000000       0.00000000000000       0.00000000000000
    1     -1     68233.0000000000       0.00000000000000       0.00000000000000       0.00000000000000
    1     -1     68233.0000000000      -0.15141187842810       0.51709750758287      -0.26397842715355
    1     -1     68234.0000000000      -0.15141187842810       0.51709750758287      -0.26397842715355
    1     -1     68235.0000000000      -0.15141187842810       0.51709750758287      -0.26397842715355
    1     -1     68235.0000000000       0.00000000000000       0.00000000000000       0.00000000000000
    1     -1     68235.0000000000       0.00000000000000       0.00000000000000       0.00000000000000
    1     -1     68235.0000000000      -0.14823157158918       0.51610109221201      -0.26770704712758
    1     -1     68236.0000000000      -0.14823157158918       0.51610109221201      -0.26770704712758
    1     -1     68237.0000000000      -0.14823157158918       0.51610109221201      -0.26770704712758
    1     -1     68237.0000000000       0.00000000000000       0.00000000000000       0.00000000000000
    1     -1     68237.0000000000       0.00000000000000       0.00000000000000       0.00000000000000
    1     -1     68237.0000000000      -0.14503249729475       0.51505631402463      -0.27144533039235
    1     -1     68238.0000000000      -0.14503249729475       0.51505631402463      -0.27144533039235
    1     -1     68239.0000000000      -0.14503249729475       0.51505631402463      -0.27144533039235
    1     -1     68239.0000000000       0.00000000000000       0.00000000000000       0.00000000000000
    1     -1     68239.0000000000       0.00000000000000       0.00000000000000       0.00000000000000
    1     -1     68239.0000000000      -0.14181609487987       0.51396167474466      -0.27519373431583
    1     -1     68240.0000000000      -0.14181609487987       0.51396167474466      -0.27519373431583
    1     -1     68241.0000000000      -0.14181609487987       0.51396167474466      -0.27519373431583
    1     -1     68241.0000000000       0.00000000000000       0.00000000000000       0.00000000000000
    1     -1     68241.0000000000       0.00000000000000       0.00000000000000       0.00000000000000
    1     -1     68241.0000000000      -0.13858368458748       0.51281563549947      -0.27895283765080
    1     -1     68242.0000000000      -0.13858368458748       0.51281563549947      -0.27895283765080
    1     -1     68243.0000000000      -0.13858368458748       0.51281563549947      -0.27895283765080
    1     -1     68243.0000000000       0.00000000000000       0.00000000000000       0.00000000000000
    1     -1     68243.0000000000       0.00000000000000       0.00000000000000       0.00000000000000
    1     -1     68243.0000000000      -0.13533645867357       0.51161660868341      -0.28272334171939
    1     -1     68244.0000000000      -0.13533645867357       0.51161660868341      -0.28272334171939
    1     -1     68245.0000000000      -0.13533645867357       0.51161660868341      -0.28272334171939
    1     -1     68245.0000000000       0.00000000000000       0.00000000000000       0.00000000000000
    1     -1     68245.0000000000       0.00000000000000       0.00000000000000       0.00000000000000
    1     -1     68245.0000000000      -0.13207547284098       0.51036294922128      -0.28650607116777
    1     -1     68246.0000000000      -0.13207547284098       0.51036294922128      -0.28650607116777
    1     -1     68247.0000000000      -0.13207547284098       0.51036294922128      -0.28650607116777
    1     -1     68247.0000000000       0.00000000000000       0.00000000000000       0.00000000000000
    1     -1     68247.0000000000       0.00000000000000       0.00000000000000       0.00000000000000
    1     -1     68247.0000000000      -0.12880163799831       0.50905294522904      -0.29030197430020
    1     -1     68248.0000000000      -0.12880163799831       0.50905294522904      -0.29030197430020
    1     -1     68249.0000000000      -0.12880163799831       0.50905294522904      -0.29030197430020
    1     -1     68249.0000000000       0.00000000000000       0.00000000000000       0.00000000000000
    1     -1     68249.0000000000       0.00000000000000       0.00000000000000       0.00000000000000
    1     -1     68249.0000000000      -0.12551571235083       0.50768480806429      -0.29411212299698
    1     -1     68250.0000000000      -0.12551571235083       0.50768480806429      -0.29411212299698
    1     -1     68251.0000000000      -0.12551571235083       0.50768480806429      -0.29411212299698
    1     -1     68251.0000000000       0.00000000000000       0.00000000000000       0.00000000000000
    1     -1     68251.0000000000       0.00000000000000       0.00000000000000       0.00000000000000
    1     -1     68251.0000000000      -0.12221829381507       0.50625666175882      -0.29793771221808
    1     -1     68252.0000000000      -0.12221829381507       0.50625666175882      -0.29793771221808
    1     -1     68253.0000000000      -0.12221829381507       0.50625666175882      -0.29793771221808
    1     -1     68253.0000000000       0.00000000000000       0.00000000000000       0.00000000000000
    1     -1     68253.0000000000       0.00000000000000       0.00000000000000       0.00000000000000
    1     -1     68253.0000000000      -0.11890981272218       0.50476653180262      -0.30178005913302
    1     -1     68254.0000000000      -0.11890981272218       0.50476653180262      -0.30178005913302
    1     -1     68255.0000000000      -0.11890981272218       0.50476653180262      -0.30178005913302
    1     -1     68255.0000000000       0.00000000000000       0.00000000000000       0.00000000000000
    1     -1     68255.0000000000       0.00000000000000       0.00000000000000       0.00000000000000
    1     -1     68255.0000000000      -0.11559052478758       0.50321233324726      -0.30564060189572
    1     -1     68256.0000000000      -0.11559052478758       0.50321233324726      -0.30564060189572
    1     -1     68257.0000000000      -0.11559052478758       0.50321233324726      -0.30564060189572
    1     -1     68257.0000000000       0.00000000000000       0.00000000000000       0.00000000000000
    1     -1     68257.0000000000       0.00000000000000       0.00000000000000       0.00000000000000
    1     -1     68257.0000000000      -0.11226050426506       0.50159185803578      -0.30952089818680
    1     -1     68258.0000000000      -0.11226050426506       0.50159185803578      -0.30952089818680
    1     -1     68259.0000000000      -0.11226050426506       0.50159185803578      -0.30952089818680
    1     -1     68259.0000000000       0.00000000000000       0.00000000000000       0.00000000000000
    1     -1     68259.0000000000       0.00000000000000       0.00000000000000       0.00000000000000
    1     -1     68259.0000000000      -0.10891963718877       0.49990276136010      -0.31342262378330
    1     -1     68260.0000000000      -0.10891963718877       0.49990276136010      -0.31342262378330
    1     -1     68261.0000000000      -0.10891963718877       0.49990276136010      -0.31342262378330
    1     -1     68261.0000000000       0.00000000000000       0.00000000000000       0.00000000000000
    1     -1     68261.0000000000       0.00000000000000       0.00000000000000       0.00000000000000
    1     -1     68261.0000000000      -0.10556761515232       0.49814254711170      -0.31734757076133
    1     -1     68262.0000000000      -0.10556761515232       0.49814254711170      -0.31734757076133
    1     -1     68263.0000000000      -0.10556761515232       0.49814254711170      -0.31734757076133
    1     -1     68263.0000000000       0.00000000000000       0.00000000000000       0.00000000000000
    1     -1     68263.0000000000       0.00000000000000       0.00000000000000       0.00000000000000
    1     -1     68263.0000000000      -0.10220393504964       0.49630855805429      -0.32129763482236
    1     -1     68264.0000000000      -0.10220393504964       0.49630855805429      -0.32129763482236
    1     -1     68265.0000000000      -0.10220393504964       0.49630855805429      -0.32129763482236
    1     -1     68265.0000000000       0.00000000000000       0.00000000000000       0.00000000000000
    1     -1     68265.0000000000       0.00000000000000       0.00000000000000       0.00000000000000
    1     -1     68265.0000000000      -0.09882792932536       0.49439800376927      -0.32527473546869
    1     -1     68266.0000000000      -0.09882792932536       0.49439800376927      -0.32527473546869
    1     -1     68267.0000000000      -0.09882792932536       0.49439800376927      -0.32527473546869
    1     -1     68267.0000000000       0.00000000000000       0.00000000000000       0.00000000000000
    1     -1     68267.0000000000       0.00000000000000       0.00000000000000       0.00000000000000
    1     -1     68267.0000000000      -0.09543858474570       0.49240777887843      -0.32928111868395
    1     -1     68268.0000000000      -0.09543858474570       0.49240777887843      -0.32928111868395
    1     -1     68269.0000000000      -0.09543858474570       0.49240777887843      -0.32928111868395
    1     -1     68269.0000000000       0.00000000000000       0.00000000000000       0.00000000000000
    1     -1     68269.0000000000       0.00000000000000       0.00000000000000       0.00000000000000
    1     -1     68269.0000000000      -0.01527642586083       0.08138809325867      -0.05532583255709
    1     -1     68270.0000000000      -0.01527642586083       0.08138809325867      -0.05532583255709
    1     -1     68271.0000000000      -0.01527642586083       0.08138809325867      -0.05532583255709
    1     -1     68271.0000000000       0.00000000000000       0.00000000000000       0.00000000000000
    1     -1     68487.0000000000       0.00000000000000       0.00000000000000       0.00000000000000
    1     -1     68487.0000000000       0.08436167222600      -0.13567808536411      -0.01857958880336
    1     -1     68488.0000000000       0.08436167222600      -0.13567808536411      -0.01857958880336
    1     -1     68489.0000000000       0.08436167222600      -0.13567808536411      -0.01857958880336
    1     -1     68489.0000000000       0.00000000000000       0.00000000000000       0.00000000000000
    1     -1     68489.0000000000       0.00000000000000       0.00000000000000       0.00000000000000
    1     -1     68489.0000000000       0.31461928587489      -0.50674051745365      -0.06502885672055
    1     -1     68490.0000000000       0.31461928587489      -0.50674051745365      -0.06502885672055
    1     -1     68491.0000000000       0.31461928587489      -0.50674051745365      -0.06502885672055
    1     -1     68491.0000000000       0.00000000000000       0.00000000000000       0.00000000000000
    1     -1     68491.0000000000       0.00000000000000       0.00000000000000       0.00000000000000
    1     -1     68491.0000000000       0.31454696747177      -0.50730209260595      -0.06086699739542
    1     -1     68492.0000000000       0.31454696747177      -0.50730209260595      -0.06086699739542
    1     -1     68493.0000000000       0.31454696747177      -0.50730209260595      -0.06086699739542
    1     -1     68493.0000000000       0.00000000000000       0.00000000000000       0.00000000000000
    1     -1     68493.0000000000       0.00000000000000       0.00000000000000       0.00000000000000
    1     -1     68493.0000000000       0.31447947421527      -0.50781355952449      -0.05681591625908
    1     -1     68494.0000000000       0.31447947421527      -0.50781355952449      -0.05681591625908
    1     -1     68495.0000000000       0.31447947421527      -0.50781355952449      -0.05681591625908
    1     -1     68495.0000000000       0.00000000000000       0.00000000000000       0.00000000000000
    1     -1     68495.0000000000       0.00000000000000       0.00000000000000       0.00000000000000
    1     -1     68495.0000000000       0.31441605744031      -0.50827852496374      -0.05287232891007
    1     -1     68496.0000000000       0.31441605744031      -0.50827852496374      -0.05287232891007
    1     -1     68497.0000000000       0.31441605744031      -0.50827852496374      -0.05287232891007
    1     -1     68497.0000000000       0.00000000000000       0.00000000000000       0.00000000000000
    1     -1     68497.0000000000       0.00000000000000       0.00000000000000       0.00000000000000
    1     -1     68497.0000000000       0.31435613194284      -0.50870045991007      -0.04903125204624
    1     -1     68498.0000000000       0.31435613194284      -0.50870045991007      -0.04903125204624
    1     -1     68499.0000000000       0.31435613194284      -0.50870045991007      -0.04903125204624
    1     -1     68499.0000000000       0.00000000000000       0.00000000000000       0.00000000000000
    1     -1     68499.0000000000       0.00000000000000       0.00000000000000       0.00000000000000
    1     -1     68499.0000000000       0.31429885422613      -0.50908266962479      -0.04528868511928
    1     -1     68500.0000000000       0.31429885422613      -0.50908266962479      -0.04528868511928
    1     -1     68501.0000000000       0.31429885422613      -0.50908266962479      -0.04528868511928
    1     -1     68501.0000000000       0.00000000000000       0.00000000000000       0.00000000000000
    1     -1     68501.0000000000       0.00000000000000       0.00000000000000       0.00000000000000
    1     -1     68501.0000000000       0.31424342900283      -0.50942823052555      -0.04164065984285
    1     -1     68502.0000000000       0.31424342900283      -0.50942823052555      -0.04164065984285
    1     -1     68503.0000000000       0.31424342900283      -0.50942823052555      -0.04164065984285
    1     -1     68503.0000000000       0.00000000000000       0.00000000000000       0.00000000000000
    1     -1     68503.0000000000       0.00000000000000       0.00000000000000       0.00000000000000
    1     -1     68503.0000000000       0.31418904182618      -0.50974003170787      -0.03808339993763
    1     -1     68504.0000000000       0.31418904182618      -0.50974003170787      -0.03808339993763
    1     -1     68505.0000000000       0.31418904182618      -0.50974003170787      -0.03808339993763
    1     -1     68505.0000000000       0.00000000000000       0.00000000000000       0.00000000000000
    1     -1     68505.0000000000       0.00000000000000       0.00000000000000       0.00000000000000
    1     -1     68505.0000000000       0.31413485979029      -0.51002079250929      -0.03461329733981
    1     -1     68506.0000000000       0.31413485979029      -0.51002079250929      -0.03461329733981
    1     -1     68507.0000000000       0.31413485979029      -0.51002079250929      -0.03461329733981
    1     -1     68507.0000000000       0.00000000000000       0.00000000000000       0.00000000000000
    1     -1     68507.0000000000       0.00000000000000       0.00000000000000       0.00000000000000
    1     -1     68507.0000000000       0.31408003466605      -0.51027307541776      -0.03122690519209
    1     -1     68508.0000000000       0.31408003466605      -0.51027307541776      -0.03122690519209
    1     -1     68509.0000000000       0.31408003466605      -0.51027307541776      -0.03122690519209
    1     -1     68509.0000000000       0.00000000000000       0.00000000000000       0.00000000000000
    1     -1     68509.0000000000       0.00000000000000       0.00000000000000       0.00000000000000
    1     -1     68509.0000000000       0.31402370562677      -0.51049929798456      -0.02792093017259
    1     -1     68510.0000000000       0.31402370562677      -0.51049929798456      -0.02792093017259
    1     -1     68511.0000000000       0.31402370562677      -0.51049929798456      -0.02792093017259
    1     -1     68511.0000000000       0.00000000000000       0.00000000000000       0.00000000000000
    1     -1     68511.0000000000       0.00000000000000       0.00000000000000       0.00000000000000
    1     -1     68511.0000000000       0.31396500143309      -0.51070174390239      -0.02469222408326
    1     -1     68512.0000000000       0.31396500143309      -0.51070174390239      -0.02469222408326
    1     -1     68513.0000000000       0.31396500143309      -0.51070174390239      -0.02469222408326
    1     -1     68513.0000000000       0.00000000000000       0.00000000000000       0.00000000000000
    1   9595     68513.0000000000     -306122206.199600279     -177849633.919371814       13296281.534023119        8.7037088439464      -17.4371292319048       -0.7126019744885        1554.8489562850
    1   9595     68513.0000000000     -306122206.199600279     -177849633.919371814       13296281.534023119        8.7037088439464      -17.4371292319048       -0.7126019744885        1615.4923512200
    1     -1     68513.0000000000       0.00000000000000       0.00000000000000       0.00000000000000
    1     -1     68513.0000000000      -0.42010704169431      -0.25641799211707      -0.34316160350119
    1     -1     68514.0000000000      -0.42010704169431      -0.25641799211707      -0.34316160350119
    1     -1     68515.0000000000      -0.42010704169431      -0.25641799211707      -0.34316160350119
    1     -1     68515.0000000000       0.00000000000000       0.00000000000000       0.00000000000000
    1     -1     68515.0000000000       0.00000000000000       0.00000000000000       0.00000000000000
    1     -1     68515.0000000000      -0.42067871814072      -0.25580232660152      -0.34292066879780
    1     -1     68516.0000000000      -0.42067871814072      -0.25580232660152      -0.34292066879780
    1     -1     68517.0000000000      -0.42067871814072      -0.25580232660152      -0.34292066879780
    1     -1     68517.0000000000       0.00000000000000       0.00000000000000       0.00000000000000
    1     -1     68517.0000000000       0.00000000000000       0.00000000000000       0.00000000000000
    1     -1     68517.0000000000      -0.42130134800902      -0.25519394448435      -0.34260943382269
    1     -1     68518.0000000000      -0.42130134800902      -0.25519394448435      -0.34260943382269
    1     -1     68519.0000000000      -0.42130134800902      -0.25519394448435      -0.34260943382269
    1     -1     68519.0000000000       0.00000000000000       0.00000000000000       0.00000000000000
    1     -1     68519.0000000000       0.00000000000000       0.00000000000000       0.00000000000000
    1     -1     68519.0000000000      -0.42197525139690      -0.25459397440202      -0.34222623319480
    1     -1     68520.0000000000      -0.42197525139690      -0.25459397440202      -0.34222623319480
    1     -1     68521.0000000000      -0.42197525139690      -0.25459397440202      -0.34222623319480
    1     -1     68521.0000000000       0.00000000000000       0.00000000000000       0.00000000000000
    1     -1     68521.0000000000       0.00000000000000       0.00000000000000       0.00000000000000
    1     -1     68521.0000000000      -0.42270073024489      -0.25400354827493      -0.34176935116272
    1     -1     68522.0000000000      -0.42270073024489      -0.25400354827493      -0.34176935116272
    1     -1     68523.0000000000      -0.42270073024489      -0.25400354827493      -0.34176935116272
    1     -1     68523.0000000000       0.00000000000000       0.00000000000000       0.00000000000000
    1     -1     68523.0000000000       0.00000000000000       0.00000000000000       0.00000000000000
    1     -1     68523.0000000000      -0.42347806733150      -0.25342380076189      -0.34123701876639
    1     -1     68524.0000000000      -0.42347806733150      -0.25342380076189      -0.34123701876639
    1     -1     68525.0000000000      -0.42347806733150      -0.25342380076189      -0.34123701876639
    1     -1     68525.0000000000       0.00000000000000       0.00000000000000       0.00000000000000
    1     -1     68525.0000000000       0.00000000000000       0.00000000000000       0.00000000000000
    1     -1     68525.0000000000      -0.42430752518287      -0.25285586864729      -0.34062741088147
    1     -1     68526.0000000000      -0.42430752518287      -0.25285586864729      -0.34062741088147
    1     -1     68527.0000000000      -0.42430752518287      -0.25285586864729      -0.34062741088147
    1     -1     68527.0000000000       0.00000000000000       0.00000000000000       0.00000000000000
    1     -1     68527.0000000000       0.00000000000000       0.00000000000000       0.00000000000000
    1     -1     68527.0000000000      -0.42518934487721      -0.25230089018168      -0.33993864313494
    1     -1     68528.0000000000      -0.42518934487721      -0.25230089018168      -0.33993864313494
    1     -1     68529.0000000000      -0.42518934487721      -0.25230089018168      -0.33993864313494
    1     -1     68529.0000000000       0.00000000000000       0.00000000000000       0.00000000000000
    1     -1     68529.0000000000       0.00000000000000       0.00000000000000       0.00000000000000
    1     -1     68529.0000000000      -0.42612374469717      -0.25176000438244      -0.33916876872527
    1     -1     68530.0000000000      -0.42612374469717      -0.25176000438244      -0.33916876872527
    1     -1     68531.0000000000      -0.42612374469717      -0.25176000438244      -0.33916876872527
    1     -1     68531.0000000000       0.00000000000000       0.00000000000000       0.00000000000000
    1     -1     68531.0000000000       0.00000000000000       0.00000000000000       0.00000000000000
    1     -1     68531.0000000000      -0.42711091863814      -0.25123435028735      -0.33831577512108
    1     -1     68532.0000000000      -0.42711091863814      -0.25123435028735      -0.33831577512108
    1     -1     68533.0000000000      -0.42711091863814      -0.25123435028735      -0.33831577512108
    1     -1     68533.0000000000       0.00000000000000       0.00000000000000       0.00000000000000
    1     -1     68533.0000000000       0.00000000000000       0.00000000000000       0.00000000000000
    1     -1     68533.0000000000      -0.42815103471898      -0.25072506617140      -0.33737758067544
    1     -1     68534.0000000000      -0.42815103471898      -0.25072506617140      -0.33737758067544
    1     -1     68535.0000000000      -0.42815103471898      -0.25072506617140      -0.33737758067544
    1     -1     68535.0000000000       0.00000000000000       0.00000000000000       0.00000000000000
    1     -1     68535.0000000000       0.00000000000000       0.00000000000000       0.00000000000000
    1     -1     68535.0000000000      -0.42924423310801      -0.25023328870445      -0.33635203113356
    1     -1     68536.0000000000      -0.42924423310801      -0.25023328870445      -0.33635203113356
    1     -1     68537.0000000000      -0.42924423310801      -0.25023328870445      -0.33635203113356
    1     -1     68537.0000000000       0.00000000000000       0.00000000000000       0.00000000000000
    1     -1     68537.0000000000       0.00000000000000       0.00000000000000       0.00000000000000
    1     -1     68537.0000000000      -0.43039062399726      -0.24976015207350      -0.33523689607720
    1     -1     68538.0000000000      -0.43039062399726      -0.24976015207350      -0.33523689607720
    1     -1     68539.0000000000      -0.43039062399726      -0.24976015207350      -0.33523689607720
    1     -1     68539.0000000000       0.00000000000000       0.00000000000000       0.00000000000000
    1     -1     68539.0000000000       0.00000000000000       0.00000000000000       0.00000000000000
    1     -1     68539.0000000000      -0.43159028524065      -0.24930678709505      -0.33402986524297
    1     -1     68540.0000000000      -0.43159028524065      -0.24930678709505      -0.33402986524297
    1     -1     68541.0000000000      -0.43159028524065      -0.24930678709505      -0.33402986524297
    1     -1     68541.0000000000       0.00000000000000       0.00000000000000       0.00000000000000
    1     -1     68541.0000000000       0.00000000000000       0.00000000000000       0.00000000000000
    1     -1     68541.0000000000      -0.43284325995592      -0.24887432045808      -0.33272854432294
    1     -1     68542.0000000000      -0.43284325995592      -0.24887432045808      -0.33272854432294
    1     -1     68543.0000000000      -0.43284325995592      -0.24887432045808      -0.33272854432294
    1     -1     68543.0000000000       0.00000000000000       0.00000000000000       0.00000000000000
    1     -1     68543.0000000000       0.00000000000000       0.00000000000000       0.00000000000000
    1     -1     68543.0000000000      -0.43414955540484      -0.24846387408758      -0.33133044848787
    1     -1     68544.0000000000      -0.43414955540484      -0.24846387408758      -0.33133044848787
    1     -1     68545.0000000000      -0.43414955540484      -0.24846387408758      -0.33133044848787
    1     -1     68545.0000000000       0.00000000000000       0.00000000000000       0.00000000000000
    1     -1     68545.0000000000       0.00000000000000       0.00000000000000       0.00000000000000
    1     -1     68545.0000000000      -0.43550914647792      -0.24807656235089      -0.32983299080935
    1     -1     68546.0000000000      -0.43550914647792      -0.24807656235089      -0.32983299080935
    1     -1     68547.0000000000      -0.43550914647792      -0.24807656235089      -0.32983299080935
    1     -1     68547.0000000000       0.00000000000000       0.00000000000000       0.00000000000000
    1     -1     68547.0000000000       0.00000000000000       0.00000000000000       0.00000000000000
    1     -1     68547.0000000000      -0.43692195916823      -0.24771350329942      -0.32823348573801
    1     -1     68548.0000000000      -0.43692195916823      -0.24771350329942      -0.32823348573801
    1     -1     68549.0000000000      -0.43692195916823      -0.24771350329942      -0.32823348573801
    1     -1     68549.0000000000       0.00000000000000       0.00000000000000       0.00000000000000
    1     -1     68549.0000000000       0.00000000000000       0.00000000000000       0.00000000000000
    1     -1     68549.0000000000      -0.21879470415074      -0.12346266060702      -0.16296737531314
    1     -1     68550.0000000000      -0.21879470415074      -0.12346266060702      -0.16296737531314
    1     -1     68551.0000000000      -0.21879470415074      -0.12346266060702      -0.16296737531314
    1     -1     68551.0000000000       0.00000000000000       0.00000000000000       0.00000000000000
    1     -1     68845.0000000000       0.00000000000000       0.00000000000000       0.00000000000000
    1     -1     68845.0000000000       0.00729005577602      -0.05009584327591       0.17264266130689
    1     -1     68846.0000000000       0.00729005577602      -0.05009584327591       0.17264266130689
    1     -1     68847.0000000000       0.00729005577602      -0.05009584327591       0.17264266130689
    1     -1     68847.0000000000       0.00000000000000       0.00000000000000       0.00000000000000
    1     -1     68847.0000000000       0.00000000000000       0.00000000000000       0.00000000000000
    1     -1     68847.0000000000       0.02749101755818      -0.16670612453821       0.57571982011658
    1     -1     68848.0000000000       0.02749101755818      -0.16670612453821       0.57571982011658
    1     -1     68849.0000000000       0.02749101755818      -0.16670612453821       0.57571982011658
    1     -1     68849.0000000000       0.00000000000000       0.00000000000000       0.00000000000000
    1     -1     68849.0000000000       0.00000000000000       0.00000000000000       0.00000000000000
    1     -1     68849.0000000000       0.03062583485053      -0.16636615901607       0.57565993316710
    1     -1     68850.0000000000       0.03062583485053      -0.16636615901607       0.57565993316710
    1     -1     68851.0000000000       0.03062583485053      -0.16636615901607       0.57565993316710
    1     -1     68851.0000000000       0.00000000000000       0.00000000000000       0.00000000000000
    1     -1     68851.0000000000       0.00000000000000       0.00000000000000       0.00000000000000
    1     -1     68851.0000000000       0.03371814335365      -0.16604762587870       0.57557907539176
    1     -1     68852.0000000000       0.03371814335365      -0.16604762587870       0.57557907539176
    1     -1     68853.0000000000       0.03371814335365      -0.16604762587870       0.57557907539176
    1     -1     68853.0000000000       0.00000000000000       0.00000000000000       0.00000000000000
    1     -1     68853.0000000000       0.00000000000000       0.00000000000000       0.00000000000000
    1     -1     68853.0000000000       0.03676933608691      -0.16575049548664       0.57547787833214
    1     -1     68854.0000000000       0.03676933608691      -0.16575049548664       0.57547787833214
    1     -1     68855.0000000000       0.03676933608691      -0.16575049548664       0.57547787833214
    1     -1     68855.0000000000       0.00000000000000       0.00000000000000       0.00000000000000
    1     -1     68855.0000000000       0.00000000000000       0.00000000000000       0.00000000000000
    1     -1     68855.0000000000       0.03978060027622      -0.16547432321177       0.57535706433420
    1     -1     68856.0000000000       0.03978060027622      -0.16547432321177       0.57535706433420
    1     -1     68857.0000000000       0.03978060027622      -0.16547432321177       0.57535706433420
    1     -1     68857.0000000000       0.00000000000000       0.00000000000000       0.00000000000000
    1     -1     68857.0000000000       0.00000000000000       0.00000000000000       0.00000000000000
    1     -1     68857.0000000000       0.04275318470336      -0.16521889077613       0.57521724818405
    1     -1     68858.0000000000       0.04275318470336      -0.16521889077613       0.57521724818405
    1     -1     68859.0000000000       0.04275318470336      -0.16521889077613       0.57521724818405
    1     -1     68859.0000000000       0.00000000000000       0.00000000000000       0.00000000000000
    1     -1     68859.0000000000       0.00000000000000       0.00000000000000       0.00000000000000
    1     -1     68859.0000000000       0.04568830237679      -0.16498396229728       0.57505901478945
    1     -1     68860.0000000000       0.04568830237679      -0.16498396229728       0.57505901478945
    1     -1     68861.0000000000       0.04568830237679      -0.16498396229728       0.57505901478945
    1     -1     68861.0000000000       0.00000000000000       0.00000000000000       0.00000000000000
    1     -1     68861.0000000000       0.00000000000000       0.00000000000000       0.00000000000000
    1     -1     68861.0000000000       0.04858713933872      -0.16476931057342       0.57488291283012
    1     -1     68862.0000000000       0.04858713933872      -0.16476931057342       0.57488291283012
    1     -1     68863.0000000000       0.04858713933872      -0.16476931057342       0.57488291283012
    1     -1     68863.0000000000       0.00000000000000       0.00000000000000       0.00000000000000
    1     -1     68863.0000000000       0.00000000000000       0.00000000000000       0.00000000000000
    1     -1     68863.0000000000       0.05145085863236      -0.16457472542841       0.57468945368447
    1     -1     68864.0000000000       0.05145085863236      -0.16457472542841       0.57468945368447
    1     -1     68865.0000000000       0.05145085863236      -0.16457472542841       0.57468945368447
    1     -1     68865.0000000000       0.00000000000000       0.00000000000000       0.00000000000000
    1     -1     68865.0000000000       0.00000000000000       0.00000000000000       0.00000000000000
    1     -1     68865.0000000000       0.05428059869055      -0.16440001524263       0.57447911265251
    1     -1     68866.0000000000       0.05428059869055      -0.16440001524263       0.57447911265251
    1     -1     68867.0000000000       0.05428059869055      -0.16440001524263       0.57447911265251
    1     -1     68867.0000000000       0.00000000000000       0.00000000000000       0.00000000000000
    1     -1     68867.0000000000       0.00000000000000       0.00000000000000       0.00000000000000
    1     -1     68867.0000000000       0.05707744582469      -0.16424496918513       0.57425234397041
    1     -1     68868.0000000000       0.05707744582469      -0.16424496918513       0.57425234397041
    1     -1     68869.0000000000       0.05707744582469      -0.16424496918513       0.57425234397041
    1     -1     68869.0000000000       0.00000000000000       0.00000000000000       0.00000000000000
    1     -1     68869.0000000000       0.00000000000000       0.00000000000000       0.00000000000000
    1     -1     68869.0000000000       0.05984250348493      -0.16410942473941       0.57400955633888
    1     -1     68870.0000000000       0.05984250348493      -0.16410942473941       0.57400955633888
    1     -1     68871.0000000000       0.05984250348493      -0.16410942473941       0.57400955633888
    1     -1     68871.0000000000       0.00000000000000       0.00000000000000       0.00000000000000
    1     -1     68871.0000000000       0.00000000000000       0.00000000000000       0.00000000000000
    1     -1     68871.0000000000       0.06257680857443      -0.16399323299529       0.57375113232167
    1     -1     68872.0000000000       0.06257680857443      -0.16399323299529       0.57375113232167
    1     -1     68873.0000000000       0.06257680857443      -0.16399323299529       0.57375113232167
    1     -1     68873.0000000000       0.00000000000000       0.00000000000000       0.00000000000000
    1  25792     68873.0000000000      165659510.451384693     -365085947.856183231      -27664452.211410522       15.8073578909173        6.4843760852980       -0.0001224638964        1531.4444260675
    1  25792     68873.0000000000      165659510.451384693     -365085947.856183231      -27664452.211410522       15.8073578909173        6.4843760852980       -0.0001224638964        1611.8003466699
    1     -1     68873.0000000000       0.00000000000000       0.00000000000000       0.00000000000000
    1     -1     68873.0000000000      -0.36174914388950       0.41907288465824       0.23133411663531
    1     -1     68874.0000000000      -0.36174914388950       0.41907288465824       0.23133411663531
    1     -1     68875.0000000000      -0.36174914388950       0.41907288465824       0.23133411663531
    1     -1     68875.0000000000       0.00000000000000       0.00000000000000       0.00000000000000
    1     -1     68875.0000000000       0.00000000000000       0.00000000000000       0.00000000000000
    1     -1     68875.0000000000      -0.36183508464965       0.42034494108735       0.22887879171923
    1     -1     68876.0000000000      -0.36183508464965       0.42034494108735       0.22887879171923
    1     -1     68877.0000000000      -0.36183508464965       0.42034494108735       0.22887879171923
    1     -1     68877.0000000000       0.00000000000000       0.00000000000000       0.00000000000000
    1     -1     68877.0000000000       0.00000000000000       0.00000000000000       0.00000000000000
    1     -1     68877.0000000000      -0.36190216660820       0.42166985569206       0.22632135092591
    1     -1     68878.0000000000      -0.36190216660820       0.42166985569206       0.22632135092591
    1     -1     68879.0000000000      -0.36190216660820       0.42166985569206       0.22632135092591
    1     -1     68879.0000000000       0.00000000000000       0.00000000000000       0.00000000000000
    1     -1     68879.0000000000       0.00000000000000       0.00000000000000       0.00000000000000
    1     -1     68879.0000000000      -0.36194959427712       0.42304779283838       0.22365834537797
    1     -1     68880.0000000000      -0.36194959427712       0.42304779283838       0.22365834537797
    1     -1     68881.0000000000      -0.36194959427712       0.42304779283838       0.22365834537797
    1     -1     68881.0000000000       0.00000000000000       0.00000000000000       0.00000000000000
    1     -1     68881.0000000000       0.00000000000000       0.00000000000000       0.00000000000000
    1     -1     68881.0000000000      -0.36197649841580       0.42447885552672       0.22088620392719
    1     -1     68882.0000000000      -0.36197649841580       0.42447885552672       0.22088620392719
    1     -1     68883.0000000000      -0.36197649841580       0.42447885552672       0.22088620392719
    1     -1     68883.0000000000       0.00000000000000       0.00000000000000       0.00000000000000
    1     -1     68883.0000000000       0.00000000000000       0.00000000000000       0.00000000000000
    1     -1     68883.0000000000      -0.36198193130518       0.42596307827289       0.21800123081500
    1     -1     68884.0000000000      -0.36198193130518       0.42596307827289       0.21800123081500
    1     -1     68885.0000000000      -0.36198193130518       0.42596307827289       0.21800123081500
    1     -1     68885.0000000000       0.00000000000000       0.00000000000000       0.00000000000000
    1     -1     68885.0000000000       0.00000000000000       0.00000000000000       0.00000000000000
    1     -1     68885.0000000000      -0.36196486178694       0.42750041935647       0.21499960363127
    1     -1     68886.0000000000      -0.36196486178694       0.42750041935647       0.21499960363127
    1     -1     68887.0000000000      -0.36196486178694       0.42750041935647       0.21499960363127
    1     -1     68887.0000000000       0.00000000000000       0.00000000000000       0.00000000000000
    1     -1     68887.0000000000       0.00000000000000       0.00000000000000       0.00000000000000
    1     -1     68887.0000000000      -0.36192417006896       0.42909075239948       0.21187737162128
    1     -1     68888.0000000000      -0.36192417006896       0.42909075239948       0.21187737162128
    1     -1     68889.0000000000      -0.36192417006896       0.42909075239948       0.21187737162128
    1     -1     68889.0000000000       0.00000000000000       0.00000000000000       0.00000000000000
    1     -1     68889.0000000000       0.00000000000000       0.00000000000000       0.00000000000000
    1     -1     68889.0000000000      -0.36185864222833       0.43073385725364       0.20863045448847
    1     -1     68890.0000000000      -0.36185864222833       0.43073385725364       0.20863045448847
    1     -1     68891.0000000000      -0.36185864222833       0.43073385725364       0.20863045448847
    1     -1     68891.0000000000       0.00000000000000       0.00000000000000       0.00000000000000
    1     -1     68891.0000000000       0.00000000000000       0.00000000000000       0.00000000000000
    1     -1     68891.0000000000      -0.36176696451285       0.43242941012237       0.20525464167316
    1     -1     68892.0000000000      -0.36176696451285       0.43242941012237       0.20525464167316
    1     -1     68893.0000000000      -0.36176696451285       0.43242941012237       0.20525464167316
    1     -1     68893.0000000000       0.00000000000000       0.00000000000000       0.00000000000000
    1     -1     68893.0000000000       0.00000000000000       0.00000000000000       0.00000000000000
    1     -1     68893.0000000000      -0.36164771749464       0.43417697288621       0.20174559208638
    1     -1     68894.0000000000      -0.36164771749464       0.43417697288621       0.20174559208638
    1     -1     68895.0000000000      -0.36164771749464       0.43417697288621       0.20174559208638
    1     -1     68895.0000000000       0.00000000000000       0.00000000000000       0.00000000000000
    1     -1     68895.0000000000       0.00000000000000       0.00000000000000       0.00000000000000
    1     -1     68895.0000000000      -0.36149936983632       0.43597598164881       0.19809883470961
    1     -1     68896.0000000000      -0.36149936983632       0.43597598164881       0.19809883470961
    1     -1     68897.0000000000      -0.36149936983632       0.43597598164881       0.19809883470961
    1     -1     68897.0000000000       0.00000000000000       0.00000000000000       0.00000000000000
    1     -1     68897.0000000000       0.00000000000000       0.00000000000000       0.00000000000000
    1     -1     68897.0000000000      -0.36132027252313       0.43782573436596       0.19430976885047
    1     -1     68898.0000000000      -0.36132027252313       0.43782573436596       0.19430976885047
    1     -1     68899.0000000000      -0.36132027252313       0.43782573436596       0.19430976885047
    1     -1     68899.0000000000       0.00000000000000       0.00000000000000       0.00000000000000
    1     -1     68899.0000000000       0.00000000000000       0.00000000000000       0.00000000000000
    1     -1     68899.0000000000      -0.36110865390703       0.43972537826559       0.19037366168310
    1     -1     68900.0000000000      -0.36110865390703       0.43972537826559       0.19037366168310
    1     -1     68901.0000000000      -0.36110865390703       0.43972537826559       0.19037366168310
    1     -1     68901.0000000000       0.00000000000000       0.00000000000000       0.00000000000000
    1     -1     68901.0000000000       0.00000000000000       0.00000000000000       0.00000000000000
    1     -1     68901.0000000000      -0.36086261710678       0.44167389387096       0.18628564713286
    1     -1     68902.0000000000      -0.36086261710678       0.44167389387096       0.18628564713286
    1     -1     68903.0000000000      -0.36086261710678       0.44167389387096       0.18628564713286
    1     -1     68903.0000000000       0.00000000000000       0.00000000000000       0.00000000000000
    1     -1     68903.0000000000       0.00000000000000       0.00000000000000       0.00000000000000
    1     -1     68903.0000000000      -0.36058008658791       0.44367009714294       0.18204077932547
    1     -1     68904.0000000000      -0.36058008658791       0.44367009714294       0.18204077932547
    1     -1     68905.0000000000      -0.36058008658791       0.44367009714294       0.18204077932547
    1     -1     68905.0000000000       0.00000000000000       0.00000000000000       0.00000000000000
    1     -1     68905.0000000000       0.00000000000000       0.00000000000000       0.00000000000000
    1     -1     68905.0000000000      -0.36025887862470       0.44571257579108       0.17763400415957
    1     -1     68906.0000000000      -0.36025887862470       0.44571257579108       0.17763400415957
    1     -1     68907.0000000000      -0.36025887862470       0.44571257579108       0.17763400415957
    1     -1     68907.0000000000       0.00000000000000       0.00000000000000       0.00000000000000
    1     -1     68907.0000000000       0.00000000000000       0.00000000000000       0.00000000000000
    1     -1     68907.0000000000      -0.35989664099285       0.44779970371076       0.17306019888646
    1     -1     68908.0000000000      -0.35989664099285       0.44779970371076       0.17306019888646
    1     -1     68909.0000000000      -0.35989664099285       0.44779970371076       0.17306019888646
    1     -1     68909.0000000000       0.00000000000000       0.00000000000000       0.00000000000000
    1     -1     68909.0000000000       0.00000000000000       0.00000000000000       0.00000000000000
    1     -1     68909.0000000000      -0.35949088744731       0.44992967032703       0.16831397114250
    1     -1     68910.0000000000      -0.35949088744731       0.44992967032703       0.16831397114250
    1     -1     68911.0000000000      -0.35949088744731       0.44992967032703       0.16831397114250
    1     -1     68911.0000000000       0.00000000000000       0.00000000000000       0.00000000000000
    1     -1     68911.0000000000       0.00000000000000       0.00000000000000       0.00000000000000
    1     -1     68911.0000000000      -0.35903897346053       0.45210036069453       0.16338995892125
    1     -1     68912.0000000000      -0.35903897346053       0.45210036069453       0.16338995892125
    1     -1     68913.0000000000      -0.35903897346053       0.45210036069453       0.16338995892125
    1     -1     68913.0000000000       0.00000000000000       0.00000000000000       0.00000000000000
    1     -1     68913.0000000000       0.00000000000000       0.00000000000000       0.00000000000000
    1     -1     68913.0000000000      -0.04633844998994       0.05871617309673       0.02045699175893
    1     -1     68914.0000000000      -0.04633844998994       0.05871617309673       0.02045699175893
    1     -1     68915.0000000000      -0.04633844998994       0.05871617309673       0.02045699175893
    1     -1     68915.0000000000       0.00000000000000       0.00000000000000       0.00000000000000
    1     -1     69127.0000000000       0.00000000000000       0.00000000000000       0.00000000000000
    1     -1     69127.0000000000       0.04890835290528       0.08310467260114      -0.38914459256165
    1     -1     69128.0000000000       0.04890835290528       0.08310467260114      -0.38914459256165
    1     -1     69129.0000000000       0.04890835290528       0.08310467260114      -0.38914459256165
    1     -1     69129.0000000000       0.00000000000000       0.00000000000000       0.00000000000000
    1     -1     69129.0000000000       0.00000000000000       0.00000000000000       0.00000000000000
    1     -1     69129.0000000000       0.07569270246790       0.12027318193898      -0.58292793360704
    1     -1     69130.0000000000       0.07569270246790       0.12027318193898      -0.58292793360704
    1     -1     69131.0000000000       0.07569270246790       0.12027318193898      -0.58292793360704
    1     -1     69131.0000000000       0.00000000000000       0.00000000000000       0.00000000000000
    1     -1     69131.0000000000       0.00000000000000       0.00000000000000       0.00000000000000
    1     -1     69131.0000000000       0.07816043092429       0.11623039499439      -0.58342218126943
    1     -1     69132.0000000000       0.07816043092429       0.11623039499439      -0.58342218126943
    1     -1     69133.0000000000       0.07816043092429       0.11623039499439      -0.58342218126943
    1     -1     69133.0000000000       0.00000000000000       0.00000000000000       0.00000000000000
    1     -1     69133.0000000000       0.00000000000000       0.00000000000000       0.00000000000000
    1     -1     69133.0000000000       0.08060038821648       0.11224327620138      -0.58387072511553
    1     -1     69134.0000000000       0.08060038821648       0.11224327620138      -0.58387072511553
    1     -1     69135.0000000000       0.08060038821648       0.11224327620138      -0.58387072511553
    1     -1     69135.0000000000       0.00000000000000       0.00000000000000       0.00000000000000
    1     -1     69135.0000000000       0.00000000000000       0.00000000000000       0.00000000000000
    1     -1     69135.0000000000       0.08301437310196       0.10831068015326      -0.58427511473896
    1     -1     69136.0000000000       0.08301437310196       0.10831068015326      -0.58427511473896
    1     -1     69137.0000000000       0.08301437310196       0.10831068015326      -0.58427511473896
    1     -1     69137.0000000000       0.00000000000000       0.00000000000000       0.00000000000000
    1     -1     69137.0000000000       0.00000000000000       0.00000000000000       0.00000000000000
    1     -1     69137.0000000000       0.08540411277626       0.10443152890329      -0.58463680398331
    1     -1     69138.0000000000       0.08540411277626       0.10443152890329      -0.58463680398331
    1     -1     69139.0000000000       0.08540411277626       0.10443152890329      -0.58463680398331
    1     -1     69139.0000000000       0.00000000000000       0.00000000000000       0.00000000000000
    1     -1     69139.0000000000       0.00000000000000       0.00000000000000       0.00000000000000
    1     -1     69139.0000000000       0.08777131583574       0.10060470431269      -0.58495716840348
    1     -1     69140.0000000000       0.08777131583574       0.10060470431269      -0.58495716840348
    1     -1     69141.0000000000       0.08777131583574       0.10060470431269      -0.58495716840348
    1     -1     69141.0000000000       0.00000000000000       0.00000000000000       0.00000000000000
    1     -1     69141.0000000000       0.00000000000000       0.00000000000000       0.00000000000000
    1     -1     69141.0000000000       0.09011763704758       0.09682916821273      -0.58523749278066
    1     -1     69142.0000000000       0.09011763704758       0.09682916821273      -0.58523749278066
    1     -1     69143.0000000000       0.09011763704758       0.09682916821273      -0.58523749278066
    1     -1     69143.0000000000       0.00000000000000       0.00000000000000       0.00000000000000
    1     -1     69143.0000000000       0.00000000000000       0.00000000000000       0.00000000000000
    1     -1     69143.0000000000       0.09244466782572       0.09310394669508      -0.58547898150181
    1     -1     69144.0000000000       0.09244466782572       0.09310394669508      -0.58547898150181
    1     -1     69145.0000000000       0.09244466782572       0.09310394669508      -0.58547898150181
    1     -1     69145.0000000000       0.00000000000000       0.00000000000000       0.00000000000000
    1     -1     69145.0000000000       0.00000000000000       0.00000000000000       0.00000000000000
    1     -1     69145.0000000000       0.09475395942943       0.08942808267783      -0.58568276778561
    1     -1     69146.0000000000       0.09475395942943       0.08942808267783      -0.58568276778561
    1     -1     69147.0000000000       0.09475395942943       0.08942808267783      -0.58568276778561
    1     -1     69147.0000000000       0.00000000000000       0.00000000000000       0.00000000000000
    1     -1     69147.0000000000       0.00000000000000       0.00000000000000       0.00000000000000
    1     -1     69147.0000000000       0.09704702068851       0.08580065078919      -0.58584991540465
    1     -1     69148.0000000000       0.09704702068851       0.08580065078919      -0.58584991540465
    1     -1     69149.0000000000       0.09704702068851       0.08580065078919      -0.58584991540465
    1     -1     69149.0000000000       0.00000000000000       0.00000000000000       0.00000000000000
    1     -1     69149.0000000000       0.00000000000000       0.00000000000000       0.00000000000000
    1     -1     69149.0000000000       0.09932531874632       0.08222075827896      -0.58598142226864
    1     -1     69150.0000000000       0.09932531874632       0.08222075827896      -0.58598142226864
    1     -1     69151.0000000000       0.09932531874632       0.08222075827896      -0.58598142226864
    1     -1     69151.0000000000       0.00000000000000       0.00000000000000       0.00000000000000
    1     -1     69151.0000000000       0.00000000000000       0.00000000000000       0.00000000000000
    1     -1     69151.0000000000       0.10159027982360       0.07868754559985      -0.58607822386848
    1     -1     69152.0000000000       0.10159027982360       0.07868754559985      -0.58607822386848
    1     -1     69153.0000000000       0.10159027982360       0.07868754559985      -0.58607822386848
    1     -1     69153.0000000000       0.00000000000000       0.00000000000000       0.00000000000000
    1     -1     69153.0000000000       0.00000000000000       0.00000000000000       0.00000000000000
    1     -1     69153.0000000000       0.10384328970898       0.07520018766179      -0.58614119650307
    1     -1     69154.0000000000       0.10384328970898       0.07520018766179      -0.58614119650307
    1     -1     69155.0000000000       0.10384328970898       0.07520018766179      -0.58614119650307
    1     -1     69155.0000000000       0.00000000000000       0.00000000000000       0.00000000000000
    1     -1     69155.0000000000       0.00000000000000       0.00000000000000       0.00000000000000
    1     -1     69155.0000000000       0.10608569445698       0.07175789444661      -0.58617116040980
    1     -1     69156.0000000000       0.10608569445698       0.07175789444661      -0.58617116040980
    1     -1     69157.0000000000       0.10608569445698       0.07175789444661      -0.58617116040980
    1     -1     69157.0000000000       0.00000000000000       0.00000000000000       0.00000000000000
    1     -1     69157.0000000000       0.00000000000000       0.00000000000000       0.00000000000000
    1     -1     69157.0000000000       0.10831880120999       0.06835991117913      -0.58616888277015
    1     -1     69158.0000000000       0.10831880120999       0.06835991117913      -0.58616888277015
    1     -1     69159.0000000000       0.10831880120999       0.06835991117913      -0.58616888277015
    1     -1     69159.0000000000       0.00000000000000       0.00000000000000       0.00000000000000
    1     -1     69159.0000000000       0.00000000000000       0.00000000000000       0.00000000000000
    1     -1     69159.0000000000       0.11054387899723       0.06500551843557      -0.58613508056520
    1     -1     69160.0000000000       0.11054387899723       0.06500551843557      -0.58613508056520
    1     -1     69161.0000000000       0.11054387899723       0.06500551843557      -0.58613508056520
    1     -1     69161.0000000000       0.00000000000000       0.00000000000000       0.00000000000000
    1     -1     69161.0000000000       0.00000000000000       0.00000000000000       0.00000000000000
    1     -1     69161.0000000000       0.11276215957083       0.06169403195435      -0.58607042330264
    1     -1     69162.0000000000       0.11276215957083       0.06169403195435      -0.58607042330264
    1     -1     69163.0000000000       0.11276215957083       0.06169403195435      -0.58607042330264
    1     -1     69163.0000000000       0.00000000000000       0.00000000000000       0.00000000000000
    1     -1     69163.0000000000       0.00000000000000       0.00000000000000       0.00000000000000
    1     -1     69163.0000000000       0.11497483821941       0.05842480235802      -0.58597553560353
    1     -1     69164.0000000000       0.11497483821941       0.05842480235802      -0.58597553560353
    1     -1     69165.0000000000       0.11497483821941       0.05842480235802      -0.58597553560353
    1     -1     69165.0000000000       0.00000000000000       0.00000000000000       0.00000000000000
    1     -1     69165.0000000000       0.00000000000000       0.00000000000000       0.00000000000000
    1     -1     69165.0000000000       0.11718307466974       0.05519721453395      -0.58585099965660
    1     -1     69166.0000000000       0.11718307466974       0.05519721453395      -0.58585099965660
    1     -1     69167.0000000000       0.11718307466974       0.05519721453395      -0.58585099965660
    1     -1     69167.0000000000       0.00000000000000       0.00000000000000       0.00000000000000
    1     -1     69167.0000000000       0.00000000000000       0.00000000000000       0.00000000000000
    1     -1     69167.0000000000       0.11938799424347       0.05201068613975      -0.58569735754722
    1     -1     69168.0000000000       0.11938799424347       0.05201068613975      -0.58569735754722
    1     -1     69169.0000000000       0.11938799424347       0.05201068613975      -0.58569735754722
    1     -1     69169.0000000000       0.00000000000000       0.00000000000000       0.00000000000000
    1     -1     69169.0000000000       0.00000000000000       0.00000000000000       0.00000000000000
    1     -1     69169.0000000000       0.12159068903187       0.04886465890032      -0.58551511400758
    1     -1     69170.0000000000       0.12159068903187       0.04886465890032      -0.58551511400758
    1     -1     69171.0000000000       0.12159068903187       0.04886465890032      -0.58551511400758
    1     -1     69171.0000000000       0.00000000000000       0.00000000000000       0.00000000000000
    1     -1     69171.0000000000       0.00000000000000       0.00000000000000       0.00000000000000
    1     -1     69171.0000000000       0.12379222510496       0.04575856748466      -0.58530473924727
    1     -1     69172.0000000000       0.12379222510496       0.04575856748466      -0.58530473924727
    1     -1     69173.0000000000       0.12379222510496       0.04575856748466      -0.58530473924727
    1     -1     69173.0000000000       0.00000000000000       0.00000000000000       0.00000000000000
    1  57530     69173.0000000000      354419218.731081188       17876949.036566909       -4244911.344857475       -3.5370519067449       19.0921185393668       -0.0630233807404        1498.6822634889
    1  57530     69173.0000000000      354419218.731081188       17876949.036566909       -4244911.344857475       -3.5370519067449       19.0921185393668       -0.0630233807404        1617.6418801898
    1     -1     69173.0000000000       0.00000000000000       0.00000000000000       0.00000000000000
    1     -1     69173.0000000000      -0.28588219099315      -0.52733632715633       0.01370292721393
    1     -1     69174.0000000000      -0.28588219099315      -0.52733632715633       0.01370292721393
    1     -1     69175.0000000000      -0.28588219099315      -0.52733632715633       0.01370292721393
    1     -1     69175.0000000000       0.00000000000000       0.00000000000000       0.00000000000000
    1     -1     69175.0000000000       0.00000000000000       0.00000000000000       0.00000000000000
    1     -1     69175.0000000000      -0.28284245760967      -0.52897910458994       0.01346292540829
    1     -1     69176.0000000000      -0.28284245760967      -0.52897910458994       0.01346292540829
    1     -1     69177.0000000000      -0.28284245760967      -0.52897910458994       0.01346292540829
    1     -1     69177.0000000000       0.00000000000000       0.00000000000000       0.00000000000000
    1     -1     69177.0000000000       0.00000000000000       0.00000000000000       0.00000000000000
    1     -1     69177.0000000000      -0.27979434487878      -0.53060382684887       0.01321751819337
    1     -1     69178.0000000000      -0.27979434487878      -0.53060382684887       0.01321751819337
    1     -1     69179.0000000000      -0.27979434487878      -0.53060382684887       0.01321751819337
    1     -1     69179.0000000000       0.00000000000000       0.00000000000000       0.00000000000000
    1     -1     69179.0000000000       0.00000000000000       0.00000000000000       0.00000000000000
    1     -1     69179.0000000000      -0.27673792382023      -0.53221047408995       0.01296657505346
    1     -1     69180.0000000000      -0.27673792382023      -0.53221047408995       0.01296657505346
    1     -1     69181.0000000000      -0.27673792382023      -0.53221047408995       0.01296657505346
    1     -1     69181.0000000000       0.00000000000000       0.00000000000000       0.00000000000000
    1     -1     69181.0000000000       0.00000000000000       0.00000000000000       0.00000000000000
    1     -1     69181.0000000000      -0.27367326171601      -0.53379902771016       0.01270996134593
    1     -1     69182.0000000000      -0.27367326171601      -0.53379902771016       0.01270996134593
    1     -1     69183.0000000000      -0.27367326171601      -0.53379902771016       0.01270996134593
    1     -1     69183.0000000000       0.00000000000000       0.00000000000000       0.00000000000000
    1     -1     69183.0000000000       0.00000000000000       0.00000000000000       0.00000000000000
    1     -1     69183.0000000000      -0.27060042216003      -0.53536947017273       0.01244753846280
    1     -1     69184.0000000000      -0.27060042216003      -0.53536947017273       0.01244753846280
    1     -1     69185.0000000000      -0.27060042216003      -0.53536947017273       0.01244753846280
    1     -1     69185.0000000000       0.00000000000000       0.00000000000000       0.00000000000000
    1     -1     69185.0000000000       0.00000000000000       0.00000000000000       0.00000000000000
    1     -1     69185.0000000000      -0.26751946423820      -0.53692178530140       0.01217916263375
    1     -1     69186.0000000000      -0.26751946423820      -0.53692178530140       0.01217916263375
    1     -1     69187.0000000000      -0.26751946423820      -0.53692178530140       0.01217916263375
    1     -1     69187.0000000000       0.00000000000000       0.00000000000000       0.00000000000000
    1     -1     69187.0000000000       0.00000000000000       0.00000000000000       0.00000000000000
    1     -1     69187.0000000000      -0.26443044349405      -0.53845595760368       0.01190468624706
    1     -1     69188.0000000000      -0.26443044349405      -0.53845595760368       0.01190468624706
    1     -1     69189.0000000000      -0.26443044349405      -0.53845595760368       0.01190468624706
    1     -1     69189.0000000000       0.00000000000000       0.00000000000000       0.00000000000000
    1     -1     69189.0000000000       0.00000000000000       0.00000000000000       0.00000000000000
    1     -1     69189.0000000000      -0.26133341064156      -0.53997197279836       0.01162395606917
    1     -1     69190.0000000000      -0.26133341064156      -0.53997197279836       0.01162395606917
    1     -1     69191.0000000000      -0.26133341064156      -0.53997197279836       0.01162395606917
    1     -1     69191.0000000000       0.00000000000000       0.00000000000000       0.00000000000000
    1     -1     69191.0000000000       0.00000000000000       0.00000000000000       0.00000000000000
    1     -1     69191.0000000000      -0.25822841234782      -0.54146981723546       0.01133681433731
    1     -1     69192.0000000000      -0.25822841234782      -0.54146981723546       0.01133681433731
    1     -1     69193.0000000000      -0.25822841234782      -0.54146981723546       0.01133681433731
    1     -1     69193.0000000000       0.00000000000000       0.00000000000000       0.00000000000000
    1     -1     69193.0000000000       0.00000000000000       0.00000000000000       0.00000000000000
    1     -1     69193.0000000000      -0.25511549038803      -0.54294947816702       0.01104309749292
    1     -1     69194.0000000000      -0.25511549038803      -0.54294947816702       0.01104309749292
    1     -1     69195.0000000000      -0.25511549038803      -0.54294947816702       0.01104309749292
    1     -1     69195.0000000000       0.00000000000000       0.00000000000000       0.00000000000000
    1     -1     69195.0000000000       0.00000000000000       0.00000000000000       0.00000000000000
    1     -1     69195.0000000000      -0.25199468205873      -0.54441094335785       0.01074263684281
    1     -1     69196.0000000000      -0.25199468205873      -0.54441094335785       0.01074263684281
    1     -1     69197.0000000000      -0.25199468205873      -0.54441094335785       0.01074263684281
    1     -1     69197.0000000000       0.00000000000000       0.00000000000000       0.00000000000000
    1     -1     69197.0000000000       0.00000000000000       0.00000000000000       0.00000000000000
    1     -1     69197.0000000000      -0.24886601993642      -0.54585420103487       0.01043525819456
    1     -1     69198.0000000000      -0.24886601993642      -0.54585420103487       0.01043525819456
    1     -1     69199.0000000000      -0.24886601993642      -0.54585420103487       0.01043525819456
    1     -1     69199.0000000000       0.00000000000000       0.00000000000000       0.00000000000000
    1     -1     69199.0000000000       0.00000000000000       0.00000000000000       0.00000000000000
    1     -1     69199.0000000000      -0.24572953129370      -0.54727923998922       0.01012078094836
    1     -1     69200.0000000000      -0.24572953129370      -0.54727923998922       0.01012078094836
    1     -1     69201.0000000000      -0.24572953129370      -0.54727923998922       0.01012078094836
    1     -1     69201.0000000000       0.00000000000000       0.00000000000000       0.00000000000000
    1     -1     69201.0000000000       0.00000000000000       0.00000000000000       0.00000000000000
    1     -1     69201.0000000000      -0.24258523827151      -0.54868604929521       0.00979901839839
    1     -1     69202.0000000000      -0.24258523827151      -0.54868604929521       0.00979901839839
    1     -1     69203.0000000000      -0.24258523827151      -0.54868604929521       0.00979901839839
    1     -1     69203.0000000000       0.00000000000000       0.00000000000000       0.00000000000000
    1     -1     69203.0000000000       0.00000000000000       0.00000000000000       0.00000000000000
    1     -1     69203.0000000000      -0.23943315783232      -0.55007461813943       0.00946977767434
    1     -1     69204.0000000000      -0.23943315783232      -0.55007461813943       0.00946977767434
    1     -1     69205.0000000000      -0.23943315783232      -0.55007461813943       0.00946977767434
    1     -1     69205.0000000000       0.00000000000000       0.00000000000000       0.00000000000000
    1     -1     69205.0000000000       0.00000000000000       0.00000000000000       0.00000000000000
    1     -1     69205.0000000000      -0.23627330094837      -0.55144493599572       0.00913285845944
    1     -1     69206.0000000000      -0.23627330094837      -0.55144493599572       0.00913285845944
    1     -1     69207.0000000000      -0.23627330094837      -0.55144493599572       0.00913285845944
    1     -1     69207.0000000000       0.00000000000000       0.00000000000000       0.00000000000000
    1     -1     69207.0000000000       0.00000000000000       0.00000000000000       0.00000000000000
    1     -1     69207.0000000000      -0.23310567345637      -0.55279699201528       0.00878805446688
    1     -1     69208.0000000000      -0.23310567345637      -0.55279699201528       0.00878805446688
    1     -1     69209.0000000000      -0.23310567345637      -0.55279699201528       0.00878805446688
    1     -1     69209.0000000000       0.00000000000000       0.00000000000000       0.00000000000000
    1     -1     69209.0000000000       0.00000000000000       0.00000000000000       0.00000000000000
    1     -1     69209.0000000000      -0.22993027467826      -0.55413077544145       0.00843515115701
    1     -1     69210.0000000000      -0.22993027467826      -0.55413077544145       0.00843515115701
    1     -1     69211.0000000000      -0.22993027467826      -0.55413077544145       0.00843515115701
    1     -1     69211.0000000000       0.00000000000000       0.00000000000000       0.00000000000000
    1     -1     69211.0000000000       0.00000000000000       0.00000000000000       0.00000000000000
    1     -1     69211.0000000000      -0.22674709798250      -0.55544627511853       0.00807392676901
    1     -1     69212.0000000000      -0.22674709798250      -0.55544627511853       0.00807392676901
    1     -1     69213.0000000000      -0.22674709798250      -0.55544627511853       0.00807392676901
    1     -1     69213.0000000000       0.00000000000000       0.00000000000000       0.00000000000000
    1     -1     69213.0000000000       0.00000000000000       0.00000000000000       0.00000000000000
    1     -1     69213.0000000000      -0.22355613019085      -0.55674347951787       0.00770415137637
    1     -1     69214.0000000000      -0.22355613019085      -0.55674347951787       0.00770415137637
    1     -1     69215.0000000000      -0.22355613019085      -0.55674347951787       0.00770415137637
    1     -1     69215.0000000000       0.00000000000000       0.00000000000000       0.00000000000000
    1     -1     69215.0000000000       0.00000000000000       0.00000000000000       0.00000000000000
    1     -1     69215.0000000000      -0.22035735163305      -0.55802237646456       0.00732558708335
    1     -1     69216.0000000000      -0.22035735163305      -0.55802237646456       0.00732558708335
    1     -1     69217.0000000000      -0.22035735163305      -0.55802237646456       0.00732558708335
    1     -1     69217.0000000000       0.00000000000000       0.00000000000000       0.00000000000000
    1     -1     69217.0000000000       0.00000000000000       0.00000000000000       0.00000000000000
    1     -1     69217.0000000000      -0.21715073529120      -0.55928295323960       0.00693798660153
    1     -1     69218.0000000000      -0.21715073529120      -0.55928295323960       0.00693798660153
    1     -1     69219.0000000000      -0.21715073529120      -0.55928295323960       0.00693798660153
    1     -1     69219.0000000000       0.00000000000000       0.00000000000000       0.00000000000000
    1     -1     69219.0000000000       0.00000000000000       0.00000000000000       0.00000000000000
    1     -1     69219.0000000000      -0.21393624722643      -0.56052519612381       0.00654109417713
    1     -1     69220.0000000000      -0.21393624722643      -0.56052519612381       0.00654109417713
    1     -1     69221.0000000000      -0.21393624722643      -0.56052519612381       0.00654109417713
    1     -1     69221.0000000000       0.00000000000000       0.00000000000000       0.00000000000000
    1     -1     69221.0000000000       0.00000000000000       0.00000000000000       0.00000000000000
    1     -1     69221.0000000000      -0.21071384559069      -0.56174909052074       0.00613464387733
    1     -1     69222.0000000000      -0.21071384559069      -0.56174909052074       0.00613464387733
    1     -1     69223.0000000000      -0.21071384559069      -0.56174909052074       0.00613464387733
    1     -1     69223.0000000000       0.00000000000000       0.00000000000000       0.00000000000000
    1     -1     69223.0000000000       0.00000000000000       0.00000000000000       0.00000000000000
    1     -1     69223.0000000000      -0.20748348097820      -0.56295462051028       0.00571836054279
    1     -1     69224.0000000000      -0.20748348097820      -0.56295462051028       0.00571836054279
    1     -1     69225.0000000000      -0.20748348097820      -0.56295462051028       0.00571836054279
    1     -1     69225.0000000000       0.00000000000000       0.00000000000000       0.00000000000000
    1     -1     69225.0000000000       0.00000000000000       0.00000000000000       0.00000000000000
    1     -1     69225.0000000000      -0.20424509531910      -0.56414176897414       0.00529195774956
    1     -1     69226.0000000000      -0.20424509531910      -0.56414176897414       0.00529195774956
    1     -1     69227.0000000000      -0.20424509531910      -0.56414176897414       0.00529195774956
    1     -1     69227.0000000000       0.00000000000000       0.00000000000000       0.00000000000000
    1     -1     69227.0000000000       0.00000000000000       0.00000000000000       0.00000000000000
    1     -1     69227.0000000000      -0.20099862215793      -0.56531051714816       0.00485513875146
    1     -1     69228.0000000000      -0.20099862215793      -0.56531051714816       0.00485513875146
    1     -1     69229.0000000000      -0.20099862215793      -0.56531051714816       0.00485513875146
    1     -1     69229.0000000000       0.00000000000000       0.00000000000000       0.00000000000000
    1     -1     69229.0000000000       0.00000000000000       0.00000000000000       0.00000000000000
    1     -1     69229.0000000000      -0.19774398582941      -0.56646084459063       0.00440759503304
    1     -1     69230.0000000000      -0.19774398582941      -0.56646084459063       0.00440759503304
    1     -1     69231.0000000000      -0.19774398582941      -0.56646084459063       0.00440759503304
    1     -1     69231.0000000000       0.00000000000000       0.00000000000000       0.00000000000000
    1     -1     69231.0000000000       0.00000000000000       0.00000000000000       0.00000000000000
    1     -1     69231.0000000000      -0.19448110115473      -0.56759272892160       0.00394900607395
    1     -1     69232.0000000000      -0.19448110115473      -0.56759272892160       0.00394900607395
    1     -1     69233.0000000000      -0.19448110115473      -0.56759272892160       0.00394900607395
    1     -1     69233.0000000000       0.00000000000000       0.00000000000000       0.00000000000000
    1     -1     69233.0000000000       0.00000000000000       0.00000000000000       0.00000000000000
    1     -1     69233.0000000000      -0.19120987297963      -0.56870614560095       0.00347903877872
    1     -1     69234.0000000000      -0.19120987297963      -0.56870614560095       0.00347903877872
    1     -1     69235.0000000000      -0.19120987297963      -0.56870614560095       0.00347903877872
    1     -1     69235.0000000000       0.00000000000000       0.00000000000000       0.00000000000000
    1     -1     69235.0000000000       0.00000000000000       0.00000000000000       0.00000000000000
    1     -1     69235.0000000000      -0.18793019564930      -0.56980106770295       0.00299734679158
    1     -1     69236.0000000000      -0.18793019564930      -0.56980106770295       0.00299734679158
    1     -1     69237.0000000000      -0.18793019564930      -0.56980106770295       0.00299734679158
    1     -1     69237.0000000000       0.00000000000000       0.00000000000000       0.00000000000000
    1     -1     69237.0000000000       0.00000000000000       0.00000000000000       0.00000000000000
    1     -1     69237.0000000000      -0.18464195248124      -0.57087746566313       0.00250356984375
    1     -1     69238.0000000000      -0.18464195248124      -0.57087746566313       0.00250356984375
    1     -1     69239.0000000000      -0.18464195248124      -0.57087746566313       0.00250356984375
    1     -1     69239.0000000000       0.00000000000000       0.00000000000000       0.00000000000000
    1     -1     69239.0000000000       0.00000000000000       0.00000000000000       0.00000000000000
    1     -1     69239.0000000000      -0.18134501519416      -0.57193530701026       0.00199733304942
    1     -1     69240.0000000000      -0.18134501519416      -0.57193530701026       0.00199733304942
    1     -1     69241.0000000000      -0.18134501519416      -0.57193530701026       0.00199733304942
    1     -1     69241.0000000000       0.00000000000000       0.00000000000000       0.00000000000000
    1     -1     69241.0000000000       0.00000000000000       0.00000000000000       0.00000000000000
    1     -1     69241.0000000000      -0.17803924331247      -0.57297455607437       0.00147824629447
    1     -1     69242.0000000000      -0.17803924331247      -0.57297455607437       0.00147824629447
    1     -1     69243.0000000000      -0.17803924331247      -0.57297455607437       0.00147824629447
    1     -1     69243.0000000000       0.00000000000000       0.00000000000000       0.00000000000000
    1     -1     69243.0000000000       0.00000000000000       0.00000000000000       0.00000000000000
    1     -1     69243.0000000000      -0.17472448349752      -0.57399517368514       0.00094590311138
    1     -1     69244.0000000000      -0.17472448349752      -0.57399517368514       0.00094590311138
    1     -1     69245.0000000000      -0.17472448349752      -0.57399517368514       0.00094590311138
    1     -1     69245.0000000000       0.00000000000000       0.00000000000000       0.00000000000000
    1     -1     69245.0000000000       0.00000000000000       0.00000000000000       0.00000000000000
    1     -1     69245.0000000000      -0.17140056888258      -0.57499711682969       0.00039988032875
    1     -1     69246.0000000000      -0.17140056888258      -0.57499711682969       0.00039988032875
    1     -1     69247.0000000000      -0.17140056888258      -0.57499711682969       0.00039988032875
    1     -1     69247.0000000000       0.00000000000000       0.00000000000000       0.00000000000000
    1     -1     69247.0000000000       0.00000000000000       0.00000000000000       0.00000000000000
    1     -1     69247.0000000000      -0.16806731831941      -0.57598033830038      -0.00016026324427
    1     -1     69248.0000000000      -0.16806731831941      -0.57598033830038      -0.00016026324427
    1     -1     69249.0000000000      -0.16806731831941      -0.57598033830038      -0.00016026324427
    1     -1     69249.0000000000       0.00000000000000       0.00000000000000       0.00000000000000
    1     -1     69249.0000000000       0.00000000000000       0.00000000000000       0.00000000000000
    1     -1     69249.0000000000      -0.16472453558051      -0.57694478631084      -0.00073498742792
    1     -1     69250.0000000000      -0.16472453558051      -0.57694478631084      -0.00073498742792
    1     -1     69251.0000000000      -0.16472453558051      -0.57694478631084      -0.00073498742792
    1     -1     69251.0000000000       0.00000000000000       0.00000000000000       0.00000000000000
    1     -1     69251.0000000000       0.00000000000000       0.00000000000000       0.00000000000000
    1     -1     69251.0000000000      -0.16137200848416      -0.57789040408847      -0.00132477177185
    1     -1     69252.0000000000      -0.16137200848416      -0.57789040408847      -0.00132477177185
    1     -1     69253.0000000000      -0.16137200848416      -0.57789040408847      -0.00132477177185
    1     -1     69253.0000000000       0.00000000000000       0.00000000000000       0.00000000000000
    1     -1     69253.0000000000       0.00000000000000       0.00000000000000       0.00000000000000
    1     -1     69253.0000000000      -0.15800950800164      -0.57881712942060      -0.00193011667523
    1     -1     69254.0000000000      -0.15800950800164      -0.57881712942060      -0.00193011667523
    1     -1     69255.0000000000      -0.15800950800164      -0.57881712942060      -0.00193011667523
    1     -1     69255.0000000000       0.00000000000000       0.00000000000000       0.00000000000000
    1     -1     69255.0000000000       0.00000000000000       0.00000000000000       0.00000000000000
    1     -1     69255.0000000000      -0.15463678723429      -0.57972489418255      -0.00255154441237
    1     -1     69256.0000000000      -0.15463678723429      -0.57972489418255      -0.00255154441237
    1     -1     69257.0000000000      -0.15463678723429      -0.57972489418255      -0.00255154441237
    1     -1     69257.0000000000       0.00000000000000       0.00000000000000       0.00000000000000
    1     -1     69257.0000000000       0.00000000000000       0.00000000000000       0.00000000000000
    1     -1     69257.0000000000      -0.15125358028953      -0.58061362383237      -0.00318960026381
    1     -1     69258.0000000000      -0.15125358028953      -0.58061362383237      -0.00318960026381
    1     -1     69259.0000000000      -0.15125358028953      -0.58061362383237      -0.00318960026381
    1     -1     69259.0000000000       0.00000000000000       0.00000000000000       0.00000000000000
    1     -1     69259.0000000000       0.00000000000000       0.00000000000000       0.00000000000000
    1     -1     69259.0000000000      -0.14785960116906      -0.58148323683539      -0.00384485390699
    1     -1     69260.0000000000      -0.14785960116906      -0.58148323683539      -0.00384485390699
    1     -1     69261.0000000000      -0.14785960116906      -0.58148323683539      -0.00384485390699
    1     -1     69261.0000000000       0.00000000000000       0.00000000000000       0.00000000000000
    1     -1     69261.0000000000       0.00000000000000       0.00000000000000       0.00000000000000
    1     -1     69261.0000000000      -0.14445454247052      -0.58233364406738      -0.00451790071104
    1     -1     69262.0000000000      -0.14445454247052      -0.58233364406738      -0.00451790071104
    1     -1     69263.0000000000      -0.14445454247052      -0.58233364406738      -0.00451790071104
    1     -1     69263.0000000000       0.00000000000000       0.00000000000000       0.00000000000000
    1     -1     69263.0000000000       0.00000000000000       0.00000000000000       0.00000000000000
    1     -1     69263.0000000000      -0.14103807403939      -0.58316474815114      -0.00520936321205
    1     -1     69264.0000000000      -0.14103807403939      -0.58316474815114      -0.00520936321205
    1     -1     69265.0000000000      -0.14103807403939      -0.58316474815114      -0.00520936321205
    1     -1     69265.0000000000       0.00000000000000       0.00000000000000       0.00000000000000
    1     -1     69265.0000000000       0.00000000000000       0.00000000000000       0.00000000000000
    1     -1     69265.0000000000      -0.13760984152667      -0.58397644273180      -0.00591989267773
    1     -1     69266.0000000000      -0.13760984152667      -0.58397644273180      -0.00591989267773
    1     -1     69267.0000000000      -0.13760984152667      -0.58397644273180      -0.00591989267773
    1     -1     69267.0000000000       0.00000000000000       0.00000000000000       0.00000000000000
    1     -1     69267.0000000000       0.00000000000000       0.00000000000000       0.00000000000000
    1     -1     69267.0000000000      -0.13416946472460      -0.58476861171334      -0.00665017070230
    1     -1     69268.0000000000      -0.13416946472460      -0.58476861171334      -0.00665017070230
    1     -1     69269.0000000000      -0.13416946472460      -0.58476861171334      -0.00665017070230
    1     -1     69269.0000000000       0.00000000000000       0.00000000000000       0.00000000000000
    1     -1     69269.0000000000       0.00000000000000       0.00000000000000       0.00000000000000
    1     -1     69269.0000000000      -0.13071653596474      -0.58554112837672      -0.00740091107211
    1     -1     69270.0000000000      -0.13071653596474      -0.58554112837672      -0.00740091107211
    1     -1     69271.0000000000      -0.13071653596474      -0.58554112837672      -0.00740091107211
    1     -1     69271.0000000000       0.00000000000000       0.00000000000000       0.00000000000000
    1     -1     69271.0000000000       0.00000000000000       0.00000000000000       0.00000000000000
    1     -1     69271.0000000000      -0.12725061818275      -0.58629385446659      -0.00817286160543
    1     -1     69272.0000000000      -0.12725061818275      -0.58629385446659      -0.00817286160543
    1     -1     69273.0000000000      -0.12725061818275      -0.58629385446659      -0.00817286160543
    1     -1     69273.0000000000       0.00000000000000       0.00000000000000       0.00000000000000
    1     -1     69273.0000000000       0.00000000000000       0.00000000000000       0.00000000000000
    1     -1     69273.0000000000      -0.12377124298817      -0.58702663915303      -0.00896680622423
    1     -1     69274.0000000000      -0.12377124298817      -0.58702663915303      -0.00896680622423
    1     -1     69275.0000000000      -0.12377124298817      -0.58702663915303      -0.00896680622423
    1     -1     69275.0000000000       0.00000000000000       0.00000000000000       0.00000000000000
    1     -1     69275.0000000000       0.00000000000000       0.00000000000000       0.00000000000000
    1     -1     69275.0000000000      -0.12027790842553      -0.58773931792884      -0.00978356710598
    1     -1     69276.0000000000      -0.12027790842553      -0.58773931792884      -0.00978356710598
    1     -1     69277.0000000000      -0.12027790842553      -0.58773931792884      -0.00978356710598
    1     -1     69277.0000000000       0.00000000000000       0.00000000000000       0.00000000000000
    1     -1     69277.0000000000       0.00000000000000       0.00000000000000       0.00000000000000
    1     -1     69277.0000000000      -0.11677007671266      -0.58843171136365      -0.01062400706730
    1     -1     69278.0000000000      -0.11677007671266      -0.58843171136365      -0.01062400706730
    1     -1     69279.0000000000      -0.11677007671266      -0.58843171136365      -0.01062400706730
    1     -1     69279.0000000000       0.00000000000000       0.00000000000000       0.00000000000000
    1     -1     69279.0000000000       0.00000000000000       0.00000000000000       0.00000000000000
    1     -1     69279.0000000000      -0.11324717167759      -0.58910362376175      -0.01148903206549
    1     -1     69280.0000000000      -0.11324717167759      -0.58910362376175      -0.01148903206549
    1     -1     69281.0000000000      -0.11324717167759      -0.58910362376175      -0.01148903206549
    1     -1     69281.0000000000       0.00000000000000       0.00000000000000       0.00000000000000
    1     -1     69281.0000000000       0.00000000000000       0.00000000000000       0.00000000000000
    1     -1     69281.0000000000      -0.10970857596302      -0.58975484168850      -0.01237959390032
    1     -1     69282.0000000000      -0.10970857596302      -0.58975484168850      -0.01237959390032
    1     -1     69283.0000000000      -0.10970857596302      -0.58975484168850      -0.01237959390032
    1     -1     69283.0000000000       0.00000000000000       0.00000000000000       0.00000000000000
    1     -1     69283.0000000000       0.00000000000000       0.00000000000000       0.00000000000000
    1     -1     69283.0000000000      -0.10615362811440      -0.59038513232443      -0.01329669313844
    1     -1     69284.0000000000      -0.10615362811440      -0.59038513232443      -0.01329669313844
    1     -1     69285.0000000000      -0.10615362811440      -0.59038513232443      -0.01329669313844
    1     -1     69285.0000000000       0.00000000000000       0.00000000000000       0.00000000000000
    1     -1     69285.0000000000       0.00000000000000       0.00000000000000       0.00000000000000
    1     -1     69285.0000000000      -0.10258161924529      -0.59099424168500      -0.01424138224302
    1     -1     69286.0000000000      -0.10258161924529      -0.59099424168500      -0.01424138224302
    1     -1     69287.0000000000      -0.10258161924529      -0.59099424168500      -0.01424138224302
    1     -1     69287.0000000000       0.00000000000000       0.00000000000000       0.00000000000000
    1     -1     69287.0000000000       0.00000000000000       0.00000000000000       0.00000000000000
    1     -1     69287.0000000000      -0.09899178962468      -0.59158189261688      -0.01521476896729
    1     -1     69288.0000000000      -0.09899178962468      -0.59158189261688      -0.01521476896729
    1     -1     69289.0000000000      -0.09899178962468      -0.59158189261688      -0.01521476896729
    1     -1     69289.0000000000       0.00000000000000       0.00000000000000       0.00000000000000
    1     -1     69289.0000000000       0.00000000000000       0.00000000000000       0.00000000000000
    1     -1     69289.0000000000      -0.09538332468959      -0.59214778263412      -0.01621801999806
    1     -1     69290.0000000000      -0.09538332468959      -0.59214778263412      -0.01621801999806
    1     -1     69291.0000000000      -0.09538332468959      -0.59214778263412      -0.01621801999806
    1     -1     69291.0000000000       0.00000000000000       0.00000000000000       0.00000000000000
    1     -1     69291.0000000000       0.00000000000000       0.00000000000000       0.00000000000000
    1     -1     69291.0000000000      -0.09175535103663      -0.59269158146685      -0.01725236489478
    1     -1     69292.0000000000      -0.09175535103663      -0.59269158146685      -0.01725236489478
    1     -1     69293.0000000000      -0.09175535103663      -0.59269158146685      -0.01725236489478
    1     -1     69293.0000000000       0.00000000000000       0.00000000000000       0.00000000000000
    1     -1     69293.0000000000       0.00000000000000       0.00000000000000       0.00000000000000
    1     -1     69293.0000000000      -0.08810693169747      -0.59321292840646      -0.01831910036786
    1     -1     69294.0000000000      -0.08810693169747      -0.59321292840646      -0.01831910036786
    1     -1     69295.0000000000      -0.08810693169747      -0.59321292840646      -0.01831910036786
    1     -1     69295.0000000000       0.00000000000000       0.00000000000000       0.00000000000000
    1     -1     69295.0000000000       0.00000000000000       0.00000000000000       0.00000000000000
    1     -1     69295.0000000000      -0.08443706128935      -0.59371142931188      -0.01941959487900
    1     -1     69296.0000000000      -0.08443706128935      -0.59371142931188      -0.01941959487900
    1     -1     69297.0000000000      -0.08443706128935      -0.59371142931188      -0.01941959487900
    1     -1     69297.0000000000       0.00000000000000       0.00000000000000       0.00000000000000
    1     -1     69297.0000000000       0.00000000000000       0.00000000000000       0.00000000000000
    1     -1     69297.0000000000      -0.08074466056472      -0.59418665331171      -0.02055529363749
    1     -1     69298.0000000000      -0.08074466056472      -0.59418665331171      -0.02055529363749
    1     -1     69299.0000000000      -0.08074466056472      -0.59418665331171      -0.02055529363749
    1     -1     69299.0000000000       0.00000000000000       0.00000000000000       0.00000000000000
    1     -1     69299.0000000000       0.00000000000000       0.00000000000000       0.00000000000000
    1     -1     69299.0000000000      -0.07702857043117      -0.59463812913833      -0.02172772404557
    1     -1     69300.0000000000      -0.07702857043117      -0.59463812913833      -0.02172772404557
    1     -1     69301.0000000000      -0.07702857043117      -0.59463812913833      -0.02172772404557
    1     -1     69301.0000000000       0.00000000000000       0.00000000000000       0.00000000000000
    1     -1     69301.0000000000       0.00000000000000       0.00000000000000       0.00000000000000
    1     -1     69301.0000000000      -0.07328754557763      -0.59506534102598      -0.02293850153869
    1     -1     69302.0000000000      -0.07328754557763      -0.59506534102598      -0.02293850153869
    1     -1     69303.0000000000      -0.07328754557763      -0.59506534102598      -0.02293850153869
    1     -1     69303.0000000000       0.00000000000000       0.00000000000000       0.00000000000000
    1     -1     69303.0000000000       0.00000000000000       0.00000000000000       0.00000000000000
    1     -1     69303.0000000000      -0.06952024729318      -0.59546772416236      -0.02418933602228
    1     -1     69304.0000000000      -0.06952024729318      -0.59546772416236      -0.02418933602228
    1     -1     69305.0000000000      -0.06952024729318      -0.59546772416236      -0.02418933602228
    1     -1     69305.0000000000       0.00000000000000       0.00000000000000       0.00000000000000
    1     -1     69305.0000000000       0.00000000000000       0.00000000000000       0.00000000000000
    1     -1     69305.0000000000      -0.06572523570569      -0.59584465959519      -0.02548203883761
    1     -1     69306.0000000000      -0.06572523570569      -0.59584465959519      -0.02548203883761
    1     -1     69307.0000000000      -0.06572523570569      -0.59584465959519      -0.02548203883761
    1     -1     69307.0000000000       0.00000000000000       0.00000000000000       0.00000000000000
    1     -1     69307.0000000000       0.00000000000000       0.00000000000000       0.00000000000000
    1     -1     69307.0000000000      -0.06190096136472      -0.59619546853048      -0.02681853026995
    1     -1     69308.0000000000      -0.06190096136472      -0.59619546853048      -0.02681853026995
    1     -1     69309.0000000000      -0.06190096136472      -0.59619546853048      -0.02681853026995
    1     -1     69309.0000000000       0.00000000000000       0.00000000000000       0.00000000000000
    1     -1     69309.0000000000       0.00000000000000       0.00000000000000       0.00000000000000
    1     -1     69309.0000000000      -0.05804575576909      -0.59651940596666      -0.02820084790184
    1     -1     69310.0000000000      -0.05804575576909      -0.59651940596666      -0.02820084790184
    1     -1     69311.0000000000      -0.05804575576909      -0.59651940596666      -0.02820084790184
    1     -1     69311.0000000000       0.00000000000000       0.00000000000000       0.00000000000000
    1     -1     69311.0000000000       0.00000000000000       0.00000000000000       0.00000000000000
    1     -1     69311.0000000000      -0.05415782115679      -0.59681565353530      -0.02963115561002
    1     -1     69312.0000000000      -0.05415782115679      -0.59681565353530      -0.02963115561002
    1     -1     69313.0000000000      -0.05415782115679      -0.59681565353530      -0.02963115561002
    1     -1     69313.0000000000       0.00000000000000       0.00000000000000       0.00000000000000
    1     -1     69313.0000000000       0.00000000000000       0.00000000000000       0.00000000000000
    1     -1     69313.0000000000      -0.05023521922675      -0.59708331146450      -0.03111175340326
    1     -1     69314.0000000000      -0.05023521922675      -0.59708331146450      -0.03111175340326
    1     -1     69315.0000000000      -0.05023521922675      -0.59708331146450      -0.03111175340326
    1     -1     69315.0000000000       0.00000000000000       0.00000000000000       0.00000000000000
    1     -1     69315.0000000000       0.00000000000000       0.00000000000000       0.00000000000000
    1     -1     69315.0000000000      -0.04627585869696      -0.59732138953576      -0.03264508822052
    1     -1     69316.0000000000      -0.04627585869696      -0.59732138953576      -0.03264508822052
    1     -1     69317.0000000000      -0.04627585869696      -0.59732138953576      -0.03264508822052
    1     -1     69317.0000000000       0.00000000000000       0.00000000000000       0.00000000000000
    1     -1     69317.0000000000       0.00000000000000       0.00000000000000       0.00000000000000
    1     -1     69317.0000000000      -0.04227748158152      -0.59752879688729      -0.03423376581025
    1     -1     69318.0000000000      -0.04227748158152      -0.59752879688729      -0.03423376581025
    1     -1     69319.0000000000      -0.04227748158152      -0.59752879688729      -0.03423376581025
    1     -1     69319.0000000000       0.00000000000000       0.00000000000000       0.00000000000000
    1     -1     69319.0000000000       0.00000000000000       0.00000000000000       0.00000000000000
    1     -1     69319.0000000000      -0.03823764810554      -0.59770433050041      -0.03588056365804
    1     -1     69320.0000000000      -0.03823764810554      -0.59770433050041      -0.03588056365804
    1     -1     69321.0000000000      -0.03823764810554      -0.59770433050041      -0.03588056365804
    1     -1     69321.0000000000       0.00000000000000       0.00000000000000       0.00000000000000
    1     -1     69321.0000000000       0.00000000000000       0.00000000000000       0.00000000000000
    1     -1     69321.0000000000      -0.03415372002420      -0.59784666217617      -0.03758844521021
    1     -1     69322.0000000000      -0.03415372002420      -0.59784666217617      -0.03758844521021
    1     -1     69323.0000000000      -0.03415372002420      -0.59784666217617      -0.03758844521021
    1     -1     69323.0000000000       0.00000000000000       0.00000000000000       0.00000000000000
    1     -1     69323.0000000000       0.00000000000000       0.00000000000000       0.00000000000000
    1     -1     69323.0000000000      -0.03002284213088      -0.59795432376811      -0.03936057567430
    1     -1     69324.0000000000      -0.03002284213088      -0.59795432376811      -0.03936057567430
    1     -1     69325.0000000000      -0.03002284213088      -0.59795432376811      -0.03936057567430
    1     -1     69325.0000000000       0.00000000000000       0.00000000000000       0.00000000000000
    1     -1     69325.0000000000       0.00000000000000       0.00000000000000       0.00000000000000
    1     -1     69325.0000000000      -0.02584192188528      -0.59802569042502      -0.04120033913633
    1     -1     69326.0000000000      -0.02584192188528      -0.59802569042502      -0.04120033913633
    1     -1     69327.0000000000      -0.02584192188528      -0.59802569042502      -0.04120033913633
    1     -1     69327.0000000000       0.00000000000000       0.00000000000000       0.00000000000000
    1     -1     69327.0000000000       0.00000000000000       0.00000000000000       0.00000000000000
    1     -1     69327.0000000000      -0.02160760676454      -0.59805896151514      -0.04311135768383
    1     -1     69328.0000000000      -0.02160760676454      -0.59805896151514      -0.04311135768383
    1     -1     69329.0000000000      -0.02160760676454      -0.59805896151514      -0.04311135768383
    1     -1     69329.0000000000       0.00000000000000       0.00000000000000       0.00000000000000
    1     -1     69329.0000000000       0.00000000000000       0.00000000000000       0.00000000000000
    1     -1     69329.0000000000      -0.01731625917103      -0.59805213888620      -0.04509751237001
    1     -1     69330.0000000000      -0.01731625917103      -0.59805213888620      -0.04509751237001
    1     -1     69331.0000000000      -0.01731625917103      -0.59805213888620      -0.04509751237001
    1     -1     69331.0000000000       0.00000000000000       0.00000000000000       0.00000000000000
    1     -1     69331.0000000000       0.00000000000000       0.00000000000000       0.00000000000000
    1     -1     69331.0000000000      -0.01296392857483      -0.59800300201787      -0.04716296654708
    1     -1     69332.0000000000      -0.01296392857483      -0.59800300201787      -0.04716296654708
    1     -1     69333.0000000000      -0.01296392857483      -0.59800300201787      -0.04716296654708
    1     -1     69333.0000000000       0.00000000000000       0.00000000000000       0.00000000000000
    1     -1     69333.0000000000       0.00000000000000       0.00000000000000       0.00000000000000
    1     -1     69333.0000000000      -0.00854632052299      -0.59790907960338      -0.04931219132584
    1     -1     69334.0000000000      -0.00854632052299      -0.59790907960338      -0.04931219132584
    1     -1     69335.0000000000      -0.00854632052299      -0.59790907960338      -0.04931219132584
    1     -1     69335.0000000000       0.00000000000000       0.00000000000000       0.00000000000000
    1     -1     69335.0000000000       0.00000000000000       0.00000000000000       0.00000000000000
    1     -1     69335.0000000000      -0.00405876217283      -0.59776761689940      -0.05154999433593
    1     -1     69336.0000000000      -0.00405876217283      -0.59776761689940      -0.05154999433593
    1     -1     69337.0000000000      -0.00405876217283      -0.59776761689940      -0.05154999433593
    1     -1     69337.0000000000       0.00000000000000       0.00000000000000       0.00000000000000
    1     -1     69337.0000000000       0.00000000000000       0.00000000000000       0.00000000000000
    1     -1     69337.0000000000       0.00050383611409      -0.59757553821114      -0.05388155121038
    1     -1     69338.0000000000       0.00050383611409      -0.59757553821114      -0.05388155121038
    1     -1     69339.0000000000       0.00050383611409      -0.59757553821114      -0.05388155121038
    1     -1     69339.0000000000       0.00000000000000       0.00000000000000       0.00000000000000
    1     -1     69339.0000000000       0.00000000000000       0.00000000000000       0.00000000000000
    1     -1     69339.0000000000       0.00514702359911      -0.59732940363794      -0.05631244070016
    1     -1     69340.0000000000       0.00514702359911      -0.59732940363794      -0.05631244070016
    1     -1     69341.0000000000       0.00514702359911      -0.59732940363794      -0.05631244070016
    1     -1     69341.0000000000       0.00000000000000       0.00000000000000       0.00000000000000
    1     -1     69341.0000000000       0.00000000000000       0.00000000000000       0.00000000000000
    1     -1     69341.0000000000       0.00987685698304      -0.59702535909206      -0.05884868373327
    1     -1     69342.0000000000       0.00987685698304      -0.59702535909206      -0.05884868373327
    1     -1     69343.0000000000       0.00987685698304      -0.59702535909206      -0.05884868373327
    1     -1     69343.0000000000       0.00000000000000       0.00000000000000       0.00000000000000
    1     -1     69343.0000000000       0.00000000000000       0.00000000000000       0.00000000000000
    1     -1     69343.0000000000       0.01469995387177      -0.59665907841870      -0.06149678671864
    1     -1     69344.0000000000       0.01469995387177      -0.59665907841870      -0.06149678671864
    1     -1     69345.0000000000       0.01469995387177      -0.59665907841870      -0.06149678671864
    1     -1     69345.0000000000       0.00000000000000       0.00000000000000       0.00000000000000
    1     -1     69345.0000000000       0.00000000000000       0.00000000000000       0.00000000000000
    1     -1     69345.0000000000       0.01962355249266      -0.59622569614782      -0.06426379012024
    1     -1     69346.0000000000       0.01962355249266      -0.59622569614782      -0.06426379012024
    1     -1     69347.0000000000       0.01962355249266      -0.59622569614782      -0.06426379012024
    1     -1     69347.0000000000       0.00000000000000       0.00000000000000       0.00000000000000
    1     -1     69347.0000000000       0.00000000000000       0.00000000000000       0.00000000000000
    1     -1     69347.0000000000       0.02465557870953      -0.59571972924260      -0.06715732208492
    1     -1     69348.0000000000       0.02465557870953      -0.59571972924260      -0.06715732208492
    1     -1     69349.0000000000       0.02465557870953      -0.59571972924260      -0.06715732208492
    1     -1     69349.0000000000       0.00000000000000       0.00000000000000       0.00000000000000
    1     -1     69349.0000000000       0.00000000000000       0.00000000000000       0.00000000000000
    1     -1     69349.0000000000       0.02980472197881      -0.59513498596185      -0.07018565602713
    1     -1     69350.0000000000       0.02980472197881      -0.59513498596185      -0.07018565602713
    1     -1     69351.0000000000       0.02980472197881      -0.59513498596185      -0.07018565602713
    1     -1     69351.0000000000       0.00000000000000       0.00000000000000       0.00000000000000
    1     -1     69351.0000000000       0.00000000000000       0.00000000000000       0.00000000000000
    1     -1     69351.0000000000       0.03508052243274      -0.59446445963273      -0.07335777027293
    1     -1     69352.0000000000       0.03508052243274      -0.59446445963273      -0.07335777027293
    1     -1     69353.0000000000       0.03508052243274      -0.59446445963273      -0.07335777027293
    1     -1     69353.0000000000       0.00000000000000       0.00000000000000       0.00000000000000
    1     -1     69353.0000000000       0.00000000000000       0.00000000000000       0.00000000000000
    1     -1     69353.0000000000       0.03097277831544      -0.45411371571670      -0.05865401884460
    1     -1     69354.0000000000       0.03097277831544      -0.45411371571670      -0.05865401884460
    1     -1     69355.0000000000       0.03097277831544      -0.45411371571670      -0.05865401884460
    1     -1     69355.0000000000       0.00000000000000       0.00000000000000       0.00000000000000
    1     -1     69493.0000000000       0.00000000000000       0.00000000000000       0.00000000000000
    1     -1     69493.0000000000       0.00206586248504       0.17105767719733      -0.01773980790257
    1     -1     69494.0000000000       0.00206586248504       0.17105767719733      -0.01773980790257
    1     -1     69495.0000000000       0.00206586248504       0.17105767719733      -0.01773980790257
    1     -1     69495.0000000000       0.00000000000000       0.00000000000000       0.00000000000000
    1     -1     69495.0000000000       0.00000000000000       0.00000000000000       0.00000000000000
    1     -1     69495.0000000000      -0.00505790989845       0.59718173802532      -0.05786526243372
    1     -1     69496.0000000000      -0.00505790989845       0.59718173802532      -0.05786526243372
    1     -1     69497.0000000000      -0.00505790989845       0.59718173802532      -0.05786526243372
    1     -1     69497.0000000000       0.00000000000000       0.00000000000000       0.00000000000000
    1     -1     69497.0000000000       0.00000000000000       0.00000000000000       0.00000000000000
    1     -1     69497.0000000000      -0.01742132728654       0.59731009238539      -0.05401064867352
    1     -1     69498.0000000000      -0.01742132728654       0.59731009238539      -0.05401064867352
    1     -1     69499.0000000000      -0.01742132728654       0.59731009238539      -0.05401064867352
    1     -1     69499.0000000000       0.00000000000000       0.00000000000000       0.00000000000000
    1     -1     69499.0000000000       0.00000000000000       0.00000000000000       0.00000000000000
    1     -1     69499.0000000000      -0.02987715940062       0.59713980815007      -0.05031306141205
    1     -1     69500.0000000000      -0.02987715940062       0.59713980815007      -0.05031306141205
    1     -1     69501.0000000000      -0.02987715940062       0.59713980815007      -0.05031306141205
    1     -1     69501.0000000000       0.00000000000000       0.00000000000000       0.00000000000000
    1     -1     69501.0000000000       0.00000000000000       0.00000000000000       0.00000000000000
    1     -1     69501.0000000000      -0.04241538970199       0.59666922103071      -0.04676296259899
    1     -1     69502.0000000000      -0.04241538970199       0.59666922103071      -0.04676296259899
    1     -1     69503.0000000000      -0.04241538970199       0.59666922103071      -0.04676296259899
    1     -1     69503.0000000000       0.00000000000000       0.00000000000000       0.00000000000000
    1     -3     69503.0000000000     -141936238.521067470       43162745.739749767          -7045.752673774       -8.6630935935099      -34.5669474485676        0.4523697307090        1366.4107530031
    1     -3     69503.0000000000     -141936238.521067470       43162745.739749767          -7045.752673774       -8.6630935935099      -34.5669474485676        0.4523697307090         890.4353936602