    1      0     64343.0000000000      -62598671.647145219      133190036.146134615         -11857.928355634      -27.4437476989771      -12.7734909873904        0.0002565812559        3000.0000000000
    1      0     64343.0000000000      -62598671.647145219      133190036.146134615         -11857.928355634      -33.4084883118959      -13.3638688072720        0.2710396131984        3000.0000000000
    1     -1     64343.0000000000       0.00000000000000       0.00000000000000       0.00000000000000
    1     -1     64343.0000000000      -0.59582816274443      -0.06496801405257       0.02771203548386
    1     -1     64344.0000000000      -0.59582816274443      -0.06496801405257       0.02771203548386
    1     -1     64345.0000000000      -0.59582816274443      -0.06496801405257       0.02771203548386
    1     -1     64345.0000000000       0.00000000000000       0.00000000000000       0.00000000000000
    1     -1     64345.0000000000       0.00000000000000       0.00000000000000       0.00000000000000
    1     -1     64345.0000000000      -0.59436876944066      -0.07671052768449       0.02900448475610
    1     -1     64346.0000000000      -0.59436876944066      -0.07671052768449       0.02900448475610
    1     -1     64347.0000000000      -0.59436876944066      -0.07671052768449       0.02900448475610
    1     -1     64347.0000000000       0.00000000000000       0.00000000000000       0.00000000000000
    1     -1     64347.0000000000       0.00000000000000       0.00000000000000       0.00000000000000
    1     -1     64347.0000000000      -0.59270604357476      -0.08820201661794       0.03033066854661
    1     -1     64348.0000000000      -0.59270604357476      -0.08820201661794       0.03033066854661
    1     -1     64349.0000000000      -0.59270604357476      -0.08820201661794       0.03033066854661
    1     -1     64349.0000000000       0.00000000000000       0.00000000000000       0.00000000000000
    1     -1     64349.0000000000       0.00000000000000       0.00000000000000       0.00000000000000
    1     -1     64349.0000000000      -0.59085600118929      -0.09942220412734       0.03169243545491
    1     -1     64350.0000000000      -0.59085600118929      -0.09942220412734       0.03169243545491
    1     -1     64351.0000000000      -0.59085600118929      -0.09942220412734       0.03169243545491
    1     -1     64351.0000000000       0.00000000000000       0.00000000000000       0.00000000000000
    1     -1     64351.0000000000       0.00000000000000       0.00000000000000       0.00000000000000
    1     -1     64351.0000000000      -0.58883544617671      -0.11035286965993       0.03309170233905
    1     -1     64352.0000000000      -0.58883544617671      -0.11035286965993       0.03309170233905
    1     -1     64353.0000000000      -0.58883544617671      -0.11035286965993       0.03309170233905
    1     -1     64353.0000000000       0.00000000000000       0.00000000000000       0.00000000000000
    1     -1     64353.0000000000       0.00000000000000       0.00000000000000       0.00000000000000
    1     -1     64353.0000000000      -0.58666172293239      -0.12097797087657       0.03453046030079
    1     -1     64354.0000000000      -0.58666172293239      -0.12097797087657       0.03453046030079
    1     -1     64355.0000000000      -0.58666172293239      -0.12097797087657       0.03453046030079
    1     -1     64355.0000000000       0.00000000000000       0.00000000000000       0.00000000000000
    1     -1     64355.0000000000       0.00000000000000       0.00000000000000       0.00000000000000
    1     -1     64355.0000000000      -0.58435246892669      -0.13128371860374       0.03601078406331
    1     -1     64356.0000000000      -0.58435246892669      -0.13128371860374       0.03601078406331
    1     -1     64357.0000000000      -0.58435246892669      -0.13128371860374       0.03601078406331
    1     -1     64357.0000000000       0.00000000000000       0.00000000000000       0.00000000000000
    1     -1     64357.0000000000       0.00000000000000       0.00000000000000       0.00000000000000
    1     -1     64357.0000000000      -0.58192537283286      -0.14125861080093       0.03753484524980
    1     -1     64358.0000000000      -0.58192537283286      -0.14125861080093       0.03753484524980
    1     -1     64359.0000000000      -0.58192537283286      -0.14125861080093       0.03753484524980
    1     -1     64359.0000000000       0.00000000000000       0.00000000000000       0.00000000000000
    1     -1     64359.0000000000       0.00000000000000       0.00000000000000       0.00000000000000
    1     -1     64359.0000000000      -0.57939794048613      -0.15089344073300       0.03910492787605
    1     -1     64360.0000000000      -0.57939794048613      -0.15089344073300       0.03910492787605
    1     -1     64361.0000000000      -0.57939794048613      -0.15089344073300       0.03910492787605
    1     -1     64361.0000000000       0.00000000000000       0.00000000000000       0.00000000000000
    1     -1     64361.0000000000       0.00000000000000       0.00000000000000       0.00000000000000
    1     -1     64361.0000000000      -0.57678727301014      -0.16018127805216       0.04072344699432
    1     -1     64362.0000000000      -0.57678727301014      -0.16018127805216       0.04072344699432
    1     -1     64363.0000000000      -0.57678727301014      -0.16018127805216       0.04072344699432
    1     -1     64363.0000000000       0.00000000000000       0.00000000000000       0.00000000000000
    1     -1     64363.0000000000       0.00000000000000       0.00000000000000       0.00000000000000
    1     -1     64363.0000000000      -0.57410986060931      -0.16911742438502       0.04239297112188
    1     -1     64364.0000000000      -0.57410986060931      -0.16911742438502       0.04239297112188
    1     -1     64365.0000000000      -0.57410986060931      -0.16911742438502       0.04239297112188
    1     -1     64365.0000000000       0.00000000000000       0.00000000000000       0.00000000000000
    1     -1     64365.0000000000       0.00000000000000       0.00000000000000       0.00000000000000
    1     -1     64365.0000000000      -0.57138139452046      -0.17769934679686       0.04411624897720
    1     -1     64366.0000000000      -0.57138139452046      -0.17769934679686       0.04411624897720
    1     -1     64367.0000000000      -0.57138139452046      -0.17769934679686       0.04411624897720
    1     -1     64367.0000000000       0.00000000000000       0.00000000000000       0.00000000000000
    1     -1     64367.0000000000       0.00000000000000       0.00000000000000       0.00000000000000
    1     -1     64367.0000000000      -0.56861659870123      -0.18592659309070       0.04589624105658
    1     -1     64368.0000000000      -0.56861659870123      -0.18592659309070       0.04589624105658
    1     -1     64369.0000000000      -0.56861659870123      -0.18592659309070       0.04589624105658
    1     -1     64369.0000000000       0.00000000000000       0.00000000000000       0.00000000000000
    1     -1     64369.0000000000       0.00000000000000       0.00000000000000       0.00000000000000
    1     -1     64369.0000000000      -0.56582908213506      -0.19380069252592       0.04773615680663
    1     -1     64370.0000000000      -0.56582908213506      -0.19380069252592       0.04773615680663
    1     -1     64371.0000000000      -0.56582908213506      -0.19380069252592       0.04773615680663
    1     -1     64371.0000000000       0.00000000000000       0.00000000000000       0.00000000000000
    1     -1     64371.0000000000       0.00000000000000       0.00000000000000       0.00000000000000
    1     -1     64371.0000000000      -0.56303121169423      -0.20132504603896       0.04963949813948
    1     -1     64372.0000000000      -0.56303121169423      -0.20132504603896       0.04963949813948
    1     -1     64373.0000000000      -0.56303121169423      -0.20132504603896       0.04963949813948
    1     -1     64373.0000000000       0.00000000000000       0.00000000000000       0.00000000000000
    1     -1     64373.0000000000       0.00000000000000       0.00000000000000       0.00000000000000
    1     -1     64373.0000000000      -0.56023400484912      -0.20850480955252       0.05161011029037
    1     -1     64374.0000000000      -0.56023400484912      -0.20850480955252       0.05161011029037
    1     -1     64375.0000000000      -0.56023400484912      -0.20850480955252       0.05161011029037
    1     -1     64375.0000000000       0.00000000000000       0.00000000000000       0.00000000000000
    1     -1     64375.0000000000       0.00000000000000       0.00000000000000       0.00000000000000
    1     -1     64375.0000000000      -0.55744704063753      -0.21534677428125       0.05365224106340
    1     -1     64376.0000000000      -0.55744704063753      -0.21534677428125       0.05365224106340
    1     -1     64377.0000000000      -0.55744704063753      -0.21534677428125       0.05365224106340
    1     -1     64377.0000000000       0.00000000000000       0.00000000000000       0.00000000000000
    1     -1     64377.0000000000       0.00000000000000       0.00000000000000       0.00000000000000
    1     -1     64377.0000000000      -0.55467838709255      -0.22185924641625       0.05577061010984
    1     -1     64378.0000000000      -0.55467838709255      -0.22185924641625       0.05577061010984
    1     -1     64379.0000000000      -0.55467838709255      -0.22185924641625       0.05577061010984
    1     -1     64379.0000000000       0.00000000000000       0.00000000000000       0.00000000000000
    1     -1     64379.0000000000       0.00000000000000       0.00000000000000       0.00000000000000
    1     -1     64379.0000000000      -0.55193454197829      -0.22805193046820       0.05797048956960
    1     -1     64380.0000000000      -0.55193454197829      -0.22805193046820       0.05797048956960
    1     -1     64381.0000000000      -0.55193454197829      -0.22805193046820       0.05797048956960
    1     -1     64381.0000000000       0.00000000000000       0.00000000000000       0.00000000000000
    1     -1     64381.0000000000       0.00000000000000       0.00000000000000       0.00000000000000
    1     -1     64381.0000000000      -0.54922038397288      -0.23393581776590       0.06025779845699
    1     -1     64382.0000000000      -0.54922038397288      -0.23393581776590       0.06025779845699
    1     -1     64383.0000000000      -0.54922038397288      -0.23393581776590       0.06025779845699
    1     -1     64383.0000000000       0.00000000000000       0.00000000000000       0.00000000000000
    1     -1     64383.0000000000       0.00000000000000       0.00000000000000       0.00000000000000
    1     -1     64383.0000000000      -0.54653913032545      -0.23952308302256       0.06263921297769
    1     -1     64384.0000000000      -0.54653913032545      -0.23952308302256       0.06263921297769
    1     -1     64385.0000000000      -0.54653913032545      -0.23952308302256       0.06263921297769
    1     -1     64385.0000000000       0.00000000000000       0.00000000000000       0.00000000000000
    1     -1     64385.0000000000       0.00000000000000       0.00000000000000       0.00000000000000
    1     -1     64385.0000000000      -0.54389229733788      -0.24482698976647       0.06512229463411
    1     -1     64386.0000000000      -0.54389229733788      -0.24482698976647       0.06512229463411
    1     -1     64387.0000000000      -0.54389229733788      -0.24482698976647       0.06512229463411
    1     -1     64387.0000000000       0.00000000000000       0.00000000000000       0.00000000000000
    1     -1     64387.0000000000       0.00000000000000       0.00000000000000       0.00000000000000
    1     -1     64387.0000000000      -0.54127966729464      -0.24986179003106       0.06771563287665
    1     -1     64388.0000000000      -0.54127966729464      -0.24986179003106       0.06771563287665
    1     -1     64389.0000000000      -0.54127966729464      -0.24986179003106       0.06771563287665
    1     -1     64389.0000000000       0.00000000000000       0.00000000000000       0.00000000000000
    1     -1     64389.0000000000       0.00000000000000       0.00000000000000       0.00000000000000
    1     -1     64389.0000000000      -0.53869899173334      -0.25464307420773       0.07042939971008
    1     -1     64390.0000000000      -0.53869899173334      -0.25464307420773       0.07042939971008
    1     -1     64391.0000000000      -0.53869899173334      -0.25464307420773       0.07042939971008
    1     -1     64391.0000000000       0.00000000000000       0.00000000000000       0.00000000000000
    1     -1     64391.0000000000       0.00000000000000       0.00000000000000       0.00000000000000
    1     -1     64391.0000000000      -0.50771509428459      -0.24544146095109       0.06938832116750
    1     -1     64392.0000000000      -0.50771509428459      -0.24544146095109       0.06938832116750
    1     -1     64393.0000000000      -0.50771509428459      -0.24544146095109       0.06938832116750
    1     -1     64393.0000000000       0.00000000000000       0.00000000000000       0.00000000000000
    1     -1     64507.0000000000       0.00000000000000       0.00000000000000       0.00000000000000
    1     -1     64507.0000000000       0.28325274879648       0.13010762673103       0.01253478695423
    1     -1     64508.0000000000       0.28325274879648       0.13010762673103       0.01253478695423
    1     -1     64509.0000000000       0.28325274879648       0.13010762673103       0.01253478695423
    1     -1     64509.0000000000       0.00000000000000       0.00000000000000       0.00000000000000
    1     -1     64509.0000000000       0.00000000000000       0.00000000000000       0.00000000000000
    1     -1     64509.0000000000       0.54408008841547       0.25197344356705       0.02205085954750
    1     -1     64510.0000000000       0.54408008841547       0.25197344356705       0.02205085954750
    1     -1     64511.0000000000       0.54408008841547       0.25197344356705       0.02205085954750
    1     -1     64511.0000000000       0.00000000000000       0.00000000000000       0.00000000000000
    1     -1     64511.0000000000       0.00000000000000       0.00000000000000       0.00000000000000
    1     -1     64511.0000000000       0.54336811105006       0.25366540335109       0.02012357613886
    1     -1     64512.0000000000       0.54336811105006       0.25366540335109       0.02012357613886
    1     -1     64513.0000000000       0.54336811105006       0.25366540335109       0.02012357613886
    1     -1     64513.0000000000       0.00000000000000       0.00000000000000       0.00000000000000
    1     -1     64513.0000000000       0.00000000000000       0.00000000000000       0.00000000000000
    1     -1     64513.0000000000       0.54265512287190       0.25532326084684       0.01831527699555
    1     -1     64514.0000000000       0.54265512287190       0.25532326084684       0.01831527699555
    1     -1     64515.0000000000       0.54265512287190       0.25532326084684       0.01831527699555
    1     -1     64515.0000000000       0.00000000000000       0.00000000000000       0.00000000000000
    1     -1     64515.0000000000       0.00000000000000       0.00000000000000       0.00000000000000
    1     -1     64515.0000000000       0.54194050538651       0.25695213956080       0.01661583210506
    1     -1     64516.0000000000       0.54194050538651       0.25695213956080       0.01661583210506
    1     -1     64517.0000000000       0.54194050538651       0.25695213956080       0.01661583210506
    1     -1     64517.0000000000       0.00000000000000       0.00000000000000       0.00000000000000
    1     -1     64517.0000000000       0.00000000000000       0.00000000000000       0.00000000000000
    1     -1     64517.0000000000       0.54122366083339       0.25855649440578       0.01501623903287
    1     -1     64518.0000000000       0.54122366083339       0.25855649440578       0.01501623903287
    1     -1     64519.0000000000       0.54122366083339       0.25855649440578       0.01501623903287
    1     -1     64519.0000000000       0.00000000000000       0.00000000000000       0.00000000000000
    1     -1     64519.0000000000       0.00000000000000       0.00000000000000       0.00000000000000
    1     -1     64519.0000000000       0.54050401752853       0.26014020748963       0.01350847003793
    1     -1     64520.0000000000       0.54050401752853       0.26014020748963       0.01350847003793
    1     -1     64521.0000000000       0.54050401752853       0.26014020748963       0.01350847003793
    1     -1     64521.0000000000       0.00000000000000       0.00000000000000       0.00000000000000
    1     -1     64521.0000000000       0.00000000000000       0.00000000000000       0.00000000000000
    1     -1     64521.0000000000       0.53978103313174       0.26170666793128       0.01208534283932
    1     -1     64522.0000000000       0.53978103313174       0.26170666793128       0.01208534283932
    1     -1     64523.0000000000       0.53978103313174       0.26170666793128       0.01208534283932
    1     -1     64523.0000000000       0.00000000000000       0.00000000000000       0.00000000000000
    1     -1     64523.0000000000       0.00000000000000       0.00000000000000       0.00000000000000
    1     -1     64523.0000000000       0.53905419627230       0.26325883902427       0.01074041138953
    1     -1     64524.0000000000       0.53905419627230       0.26325883902427       0.01074041138953
    1     -1     64525.0000000000       0.53905419627230       0.26325883902427       0.01074041138953
    1     -1     64525.0000000000       0.00000000000000       0.00000000000000       0.00000000000000
    1     -1     64525.0000000000       0.00000000000000       0.00000000000000       0.00000000000000
    1     -1     64525.0000000000       0.53832302708122       0.26479931490126       0.00946787314751
    1     -1     64526.0000000000       0.53832302708122       0.26479931490126       0.00946787314751
    1     -1     64527.0000000000       0.53832302708122       0.26479931490126       0.00946787314751
    1     -1     64527.0000000000       0.00000000000000       0.00000000000000       0.00000000000000
    1     -1     64527.0000000000       0.00000000000000       0.00000000000000       0.00000000000000
    1     -1     64527.0000000000       0.53758707691055       0.26633036867157       0.00826249006299
    1     -1     64528.0000000000       0.53758707691055       0.26633036867157       0.00826249006299
    1     -1     64529.0000000000       0.53758707691055       0.26633036867157       0.00826249006299
    1     -1     64529.0000000000       0.00000000000000       0.00000000000000       0.00000000000000
    1     -1     64529.0000000000       0.00000000000000       0.00000000000000       0.00000000000000
    1     -1     64529.0000000000       0.53684592752915       0.26785399343074       0.00711952095098
    1     -1     64530.0000000000       0.53684592752915       0.26785399343074       0.00711952095098
    1     -1     64531.0000000000       0.53684592752915       0.26785399343074       0.00711952095098
    1     -1     64531.0000000000       0.00000000000000       0.00000000000000       0.00000000000000
    1     -1     64531.0000000000       0.00000000000000       0.00000000000000       0.00000000000000
    1     -1     64531.0000000000       0.53609918996365       0.26937193736177       0.00603466339440
    1     -1     64532.0000000000       0.53609918996365       0.26937193736177       0.00603466339440
    1     -1     64533.0000000000       0.53609918996365       0.26937193736177       0.00603466339440
    1     -1     64533.0000000000       0.00000000000000       0.00000000000000       0.00000000000000
    1     -1     64533.0000000000       0.00000000000000       0.00000000000000       0.00000000000000
    1     -1     64533.0000000000       0.53534650310793       0.27088573391297       0.00500400365115
    1     -1     64534.0000000000       0.53534650310793       0.27088573391297       0.00500400365115
    1     -1     64535.0000000000       0.53534650310793       0.27088573391297       0.00500400365115
    1     -1     64535.0000000000       0.00000000000000       0.00000000000000       0.00000000000000
    1     -1     64535.0000000000       0.00000000000000       0.00000000000000       0.00000000000000
    1     -1     64535.0000000000       0.53458753221943       0.27239672779689       0.00402397329628
    1     -1     64536.0000000000       0.53458753221943       0.27239672779689       0.00402397329628
    1     -1     64537.0000000000       0.53458753221943       0.27239672779689       0.00402397329628
    1     -1     64537.0000000000       0.00000000000000       0.00000000000000       0.00000000000000
    1     -1     64537.0000000000       0.00000000000000       0.00000000000000       0.00000000000000
    1     -1     64537.0000000000       0.53382196734807       0.27390609750309       0.00309131157666
    1     -1     64538.0000000000       0.53382196734807       0.27390609750309       0.00309131157666
    1     -1     64539.0000000000       0.53382196734807       0.27390609750309       0.00309131157666
    1     -1     64539.0000000000       0.00000000000000       0.00000000000000       0.00000000000000
    1     -1     64539.0000000000       0.00000000000000       0.00000000000000       0.00000000000000
    1     -1     64539.0000000000       0.53304952175461       0.27541487484245       0.00220303261493
    1     -1     64540.0000000000       0.53304952175461       0.27541487484245       0.00220303261493
    1     -1     64541.0000000000       0.53304952175461       0.27541487484245       0.00220303261493
    1     -1     64541.0000000000       0.00000000000000       0.00000000000000       0.00000000000000
    1     -1     64541.0000000000       0.00000000000000       0.00000000000000       0.00000000000000
    1     -1     64541.0000000000       0.53226993037633       0.27692396191929       0.00135639673512
    1     -1     64542.0000000000       0.53226993037633       0.27692396191929       0.00135639673512
    1     -1     64543.0000000000       0.53226993037633       0.27692396191929       0.00135639673512
    1     -1     64543.0000000000       0.00000000000000       0.00000000000000       0.00000000000000
    1     -1     64543.0000000000       0.00000000000000       0.00000000000000       0.00000000000000
    1     -1     64543.0000000000       0.53148294829053       0.27843414604045       0.00054888535199
    1     -1     64544.0000000000       0.53148294829053       0.27843414604045       0.00054888535199
    1     -1     64545.0000000000       0.53148294829053       0.27843414604045       0.00054888535199
    1     -1     64545.0000000000       0.00000000000000       0.00000000000000       0.00000000000000
    1     -1     64545.0000000000       0.00000000000000       0.00000000000000       0.00000000000000
    1     -1     64545.0000000000       0.53068834928562       0.27994611268580      -0.00022182112571
    1     -1     64546.0000000000       0.53068834928562       0.27994611268580      -0.00022182112571
    1     -1     64547.0000000000       0.53068834928562       0.27994611268580      -0.00022182112571
    1     -1     64547.0000000000       0.00000000000000       0.00000000000000       0.00000000000000
    1     -1     64547.0000000000       0.00000000000000       0.00000000000000       0.00000000000000
    1     -1     64547.0000000000       0.52988592448681       0.28146045692011      -0.00095786276701
    1     -1     64548.0000000000       0.52988592448681       0.28146045692011      -0.00095786276701
    1     -1     64549.0000000000       0.52988592448681       0.28146045692011      -0.00095786276701
    1     -1     64549.0000000000       0.00000000000000       0.00000000000000       0.00000000000000
    1     -1     64549.0000000000       0.00000000000000       0.00000000000000       0.00000000000000
    1     -1     64549.0000000000       0.52907548104514       0.28297769345632      -0.00166121732393
    1     -1     64550.0000000000       0.52907548104514       0.28297769345632      -0.00166121732393
    1     -1     64551.0000000000       0.52907548104514       0.28297769345632      -0.00166121732393
    1     -1     64551.0000000000       0.00000000000000       0.00000000000000       0.00000000000000
    1     -1     64551.0000000000       0.00000000000000       0.00000000000000       0.00000000000000
    1     -1     64551.0000000000       0.52825684092415       0.28449826549359      -0.00233371548684
    1     -1     64552.0000000000       0.52825684092415       0.28449826549359      -0.00233371548684
    1     -1     64553.0000000000       0.52825684092415       0.28449826549359      -0.00233371548684
    1     -1     64553.0000000000       0.00000000000000       0.00000000000000       0.00000000000000
    1     -1     64553.0000000000       0.00000000000000       0.00000000000000       0.00000000000000
    1     -1     64553.0000000000       0.52742983975389       0.28602255254455      -0.00297705443110
    1     -1     64554.0000000000       0.52742983975389       0.28602255254455      -0.00297705443110
    1     -1     64555.0000000000       0.52742983975389       0.28602255254455      -0.00297705443110
    1     -1     64555.0000000000       0.00000000000000       0.00000000000000       0.00000000000000
    1     -1     64555.0000000000       0.00000000000000       0.00000000000000       0.00000000000000
    1     -1     64555.0000000000       0.52659432576050       0.28755087736610      -0.00359280988042
    1     -1     64556.0000000000       0.52659432576050       0.28755087736610      -0.00359280988042
    1     -1     64557.0000000000       0.52659432576050       0.28755087736610      -0.00359280988042
    1     -1     64557.0000000000       0.00000000000000       0.00000000000000       0.00000000000000
    1     -1     64557.0000000000       0.00000000000000       0.00000000000000       0.00000000000000
    1     -1     64557.0000000000       0.52575015877779       0.28908351209167      -0.00418244687616
    1     -1     64558.0000000000       0.52575015877779       0.28908351209167      -0.00418244687616
    1     -1     64559.0000000000       0.52575015877779       0.28908351209167      -0.00418244687616
    1     -1     64559.0000000000       0.00000000000000       0.00000000000000       0.00000000000000
    1     -1     64559.0000000000       0.00000000000000       0.00000000000000       0.00000000000000
    1     -1     64559.0000000000       0.52489720931648       0.29062068370179      -0.00474732940474
    1     -1     64560.0000000000       0.52489720931648       0.29062068370179      -0.00474732940474
    1     -1     64561.0000000000       0.52489720931648       0.29062068370179      -0.00474732940474
    1     -1     64561.0000000000       0.00000000000000       0.00000000000000       0.00000000000000
    1     -1     64561.0000000000       0.00000000000000       0.00000000000000       0.00000000000000
    1     -1     64561.0000000000       0.52403535770727       0.29216257888007      -0.00528872903006
    1     -1     64562.0000000000       0.52403535770727       0.29216257888007      -0.00528872903006
    1     -1     64563.0000000000       0.52403535770727       0.29216257888007      -0.00528872903006
    1     -1     64563.0000000000       0.00000000000000       0.00000000000000       0.00000000000000
    1     -1     64563.0000000000       0.00000000000000       0.00000000000000       0.00000000000000
    1     -1     64563.0000000000       0.52316449331439       0.29370934832757      -0.00580783265055
    1     -1     64564.0000000000       0.52316449331439       0.29370934832757      -0.00580783265055
    1     -1     64565.0000000000       0.52316449331439       0.29370934832757      -0.00580783265055
    1     -1     64565.0000000000       0.00000000000000       0.00000000000000       0.00000000000000
    1     -1     64565.0000000000       0.00000000000000       0.00000000000000       0.00000000000000
    1     -1     64565.0000000000       0.52228451379582       0.29526111063366      -0.00630574947515
    1     -1     64566.0000000000       0.52228451379582       0.29526111063366      -0.00630574947515
    1     -1     64567.0000000000       0.52228451379582       0.29526111063366      -0.00630574947515
    1     -1     64567.0000000000       0.00000000000000       0.00000000000000       0.00000000000000
    1     -1     64567.0000000000       0.00000000000000       0.00000000000000       0.00000000000000
    1     -1     64567.0000000000       0.52139532442298       0.29681795572824      -0.00678351731512
    1     -1     64568.0000000000       0.52139532442298       0.29681795572824      -0.00678351731512
    1     -1     64569.0000000000       0.52139532442298       0.29681795572824      -0.00678351731512
    1     -1     64569.0000000000       0.00000000000000       0.00000000000000       0.00000000000000
    1     -1     64569.0000000000       0.00000000000000       0.00000000000000       0.00000000000000
    1     -1     64569.0000000000       0.52049683745312       0.29837994796757      -0.00724210826847
    1     -1     64570.0000000000       0.52049683745312       0.29837994796757      -0.00724210826847
    1     -1     64571.0000000000       0.52049683745312       0.29837994796757      -0.00724210826847
    1     -1     64571.0000000000       0.00000000000000       0.00000000000000       0.00000000000000
    1     -1     64571.0000000000       0.00000000000000       0.00000000000000       0.00000000000000
    1     -1     64571.0000000000       0.51958897155302       0.29994712889168      -0.00768243386606
    1     -1     64572.0000000000       0.51958897155302       0.29994712889168      -0.00768243386606
    1     -1     64573.0000000000       0.51958897155302       0.29994712889168      -0.00768243386606
    1     -1     64573.0000000000       0.00000000000000       0.00000000000000       0.00000000000000
    1     -1     64573.0000000000       0.00000000000000       0.00000000000000       0.00000000000000
    1     -1     64573.0000000000       0.51867165125708       0.30151951971301      -0.00810534973262
    1     -1     64574.0000000000       0.51867165125708       0.30151951971301      -0.00810534973262
    1     -1     64575.0000000000       0.51867165125708       0.30151951971301      -0.00810534973262
    1     -1     64575.0000000000       0.00000000000000       0.00000000000000       0.00000000000000
    1     -1     64575.0000000000       0.00000000000000       0.00000000000000       0.00000000000000
    1     -1     64575.0000000000       0.51774480648098       0.30309712352479      -0.00851165982461
    1     -1     64576.0000000000       0.51774480648098       0.30309712352479      -0.00851165982461
    1     -1     64577.0000000000       0.51774480648098       0.30309712352479      -0.00851165982461
    1     -1     64577.0000000000       0.00000000000000       0.00000000000000       0.00000000000000
    1     -1     64577.0000000000       0.00000000000000       0.00000000000000       0.00000000000000
    1     -1     64577.0000000000       0.51680837205654       0.30467992731193      -0.00890212027911
    1     -1     64578.0000000000       0.51680837205654       0.30467992731193      -0.00890212027911
    1     -1     64579.0000000000       0.51680837205654       0.30467992731193      -0.00890212027911
    1     -1     64579.0000000000       0.00000000000000       0.00000000000000       0.00000000000000
    1     -1     64579.0000000000       0.00000000000000       0.00000000000000       0.00000000000000
    1     -1     64579.0000000000       0.51586228731849       0.30626790373021      -0.00927744292561
    1     -1     64580.0000000000       0.51586228731849       0.30626790373021      -0.00927744292561
    1     -1     64581.0000000000       0.51586228731849       0.30626790373021      -0.00927744292561
    1     -1     64581.0000000000       0.00000000000000       0.00000000000000       0.00000000000000
    1     -1     64581.0000000000       0.00000000000000       0.00000000000000       0.00000000000000
    1     -1     64581.0000000000       0.51490649571062       0.30786101272703      -0.00963829848576
    1     -1     64582.0000000000       0.51490649571062       0.30786101272703      -0.00963829848576
    1     -1     64583.0000000000       0.51490649571062       0.30786101272703      -0.00963829848576
    1     -1     64583.0000000000       0.00000000000000       0.00000000000000       0.00000000000000
    1     -1     64583.0000000000       0.00000000000000       0.00000000000000       0.00000000000000
    1     -1     64583.0000000000       0.51394094442945       0.30945920298718      -0.00998531949955
    1     -1     64584.0000000000       0.51394094442945       0.30945920298718      -0.00998531949955
    1     -1     64585.0000000000       0.51394094442945       0.30945920298718      -0.00998531949955
    1     -1     64585.0000000000       0.00000000000000       0.00000000000000       0.00000000000000
    1     -1     64585.0000000000       0.00000000000000       0.00000000000000       0.00000000000000
    1     -1     64585.0000000000       0.51296558409025       0.31106241324243      -0.01031910300105
    1     -1     64586.0000000000       0.51296558409025       0.31106241324243      -0.01031910300105
    1     -1     64587.0000000000       0.51296558409025       0.31106241324243      -0.01031910300105
    1     -1     64587.0000000000       0.00000000000000       0.00000000000000       0.00000000000000
    1     -1     64587.0000000000       0.00000000000000       0.00000000000000       0.00000000000000
    1     -1     64587.0000000000       0.51198036842568       0.31267057343890      -0.01064021297227
    1     -1     64588.0000000000       0.51198036842568       0.31267057343890      -0.01064021297227
    1     -1     64589.0000000000       0.51198036842568       0.31267057343890      -0.01064021297227
    1     -1     64589.0000000000       0.00000000000000       0.00000000000000       0.00000000000000
    1     -1     64589.0000000000       0.00000000000000       0.00000000000000       0.00000000000000
    1     -1     64589.0000000000       0.51098525400036       0.31428360580014      -0.01094918259251
    1     -1     64590.0000000000       0.51098525400036       0.31428360580014      -0.01094918259251
    1     -1     64591.0000000000       0.51098525400036       0.31428360580014      -0.01094918259251
    1     -1     64591.0000000000       0.00000000000000       0.00000000000000       0.00000000000000
    1     -1     64591.0000000000       0.00000000000000       0.00000000000000       0.00000000000000
    1     -1     64591.0000000000       0.50998019995223       0.31590142577655      -0.01124651630639
    1     -1     64592.0000000000       0.50998019995223       0.31590142577655      -0.01124651630639
    1     -1     64593.0000000000       0.50998019995223       0.31590142577655      -0.01124651630639
    1     -1     64593.0000000000       0.00000000000000       0.00000000000000       0.00000000000000
    1     -1     64593.0000000000       0.00000000000000       0.00000000000000       0.00000000000000
    1     -1     64593.0000000000       0.50896516775045       0.31752394290562      -0.01153269172492
    1     -1     64594.0000000000       0.50896516775045       0.31752394290562      -0.01153269172492
    1     -1     64595.0000000000       0.50896516775045       0.31752394290562      -0.01153269172492
    1     -1     64595.0000000000       0.00000000000000       0.00000000000000       0.00000000000000
    1     -1     64595.0000000000       0.00000000000000       0.00000000000000       0.00000000000000
    1     -1     64595.0000000000       0.50794012097469       0.31915106158229      -0.01180816137764
    1     -1     64596.0000000000       0.50794012097469       0.31915106158229      -0.01180816137764
    1     -1     64597.0000000000       0.50794012097469       0.31915106158229      -0.01180816137764
    1     -1     64597.0000000000       0.00000000000000       0.00000000000000       0.00000000000000
    1     -1     64597.0000000000       0.00000000000000       0.00000000000000       0.00000000000000
    1     -1     64597.0000000000       0.50690502510888       0.32078268175614      -0.01207335432711
    1     -1     64598.0000000000       0.50690502510888       0.32078268175614      -0.01207335432711
    1     -1     64599.0000000000       0.50690502510888       0.32078268175614      -0.01207335432711
    1     -1     64599.0000000000       0.00000000000000       0.00000000000000       0.00000000000000
    1     -1     64599.0000000000       0.00000000000000       0.00000000000000       0.00000000000000
    1     -1     64599.0000000000       0.50585984735246       0.32241869955647      -0.01232867766044
    1     -1     64600.0000000000       0.50585984735246       0.32241869955647      -0.01232867766044
    1     -1     64601.0000000000       0.50585984735246       0.32241869955647      -0.01232867766044
    1     -1     64601.0000000000       0.00000000000000       0.00000000000000       0.00000000000000
    1     -1     64601.0000000000       0.00000000000000       0.00000000000000       0.00000000000000
    1     -1     64601.0000000000       0.50480455644418       0.32405900785755      -0.01257451786663
    1     -1     64602.0000000000       0.50480455644418       0.32405900785755      -0.01257451786663
    1     -1     64603.0000000000       0.50480455644418       0.32405900785755      -0.01257451786663
    1     -1     64603.0000000000       0.00000000000000       0.00000000000000       0.00000000000000
    1     -1     64603.0000000000       0.00000000000000       0.00000000000000       0.00000000000000
    1     -1     64603.0000000000       0.50373912250160       0.32570349678328      -0.01281124211218
    1     -1     64604.0000000000       0.50373912250160       0.32570349678328      -0.01281124211218
    1     -1     64605.0000000000       0.50373912250160       0.32570349678328      -0.01281124211218
    1     -1     64605.0000000000       0.00000000000000       0.00000000000000       0.00000000000000
    1     -1     64605.0000000000       0.00000000000000       0.00000000000000       0.00000000000000
    1     -1     64605.0000000000       0.50266351686886       0.32735205416722      -0.01303919942048
    1     -1     64606.0000000000       0.50266351686886       0.32735205416722      -0.01303919942048
    1     -1     64607.0000000000       0.50266351686886       0.32735205416722      -0.01303919942048
    1     -1     64607.0000000000       0.00000000000000       0.00000000000000       0.00000000000000
    1     -1     64607.0000000000       0.00000000000000       0.00000000000000       0.00000000000000
    1     -1     64607.0000000000       0.50157771198211       0.32900456595593      -0.01325872176898
    1     -1     64608.0000000000       0.50157771198211       0.32900456595593      -0.01325872176898
    1     -1     64609.0000000000       0.50157771198211       0.32900456595593      -0.01325872176898
    1     -1     64609.0000000000       0.00000000000000       0.00000000000000       0.00000000000000
    1     -1     64609.0000000000       0.00000000000000       0.00000000000000       0.00000000000000
    1     -1     64609.0000000000       0.50048168123648       0.33066091658441      -0.01347012510203
    1     -1     64610.0000000000       0.50048168123648       0.33066091658441      -0.01347012510203
    1     -1     64611.0000000000       0.50048168123648       0.33066091658441      -0.01347012510203
    1     -1     64611.0000000000       0.00000000000000       0.00000000000000       0.00000000000000
    1     -1     64611.0000000000       0.00000000000000       0.00000000000000       0.00000000000000
    1     -1     64611.0000000000       0.49937539887351       0.33232098929671      -0.01367371027842
    1     -1     64612.0000000000       0.49937539887351       0.33232098929671      -0.01367371027842
    1     -1     64613.0000000000       0.49937539887351       0.33232098929671      -0.01367371027842
    1     -1     64613.0000000000       0.00000000000000       0.00000000000000       0.00000000000000
    1     -1     64613.0000000000       0.00000000000000       0.00000000000000       0.00000000000000
    1     -1     64613.0000000000       0.49825883986806       0.33398466644653      -0.01386976394668
    1     -1     64614.0000000000       0.49825883986806       0.33398466644653      -0.01386976394668
    1     -1     64615.0000000000       0.49825883986806       0.33398466644653      -0.01386976394668
    1     -1     64615.0000000000       0.00000000000000       0.00000000000000       0.00000000000000
    1     -1     64615.0000000000       0.00000000000000       0.00000000000000       0.00000000000000
    1     -1     64615.0000000000       0.49713197982592       0.33565182976269      -0.01405855936163
    1     -1     64616.0000000000       0.49713197982592       0.33565182976269      -0.01405855936163
    1     -1     64617.0000000000       0.49713197982592       0.33565182976269      -0.01405855936163
    1     -1     64617.0000000000       0.00000000000000       0.00000000000000       0.00000000000000
    1     -1     64617.0000000000       0.00000000000000       0.00000000000000       0.00000000000000
    1     -1     64617.0000000000       0.49599479489254       0.33732236058086      -0.01424035714669
    1     -1     64618.0000000000       0.49599479489254       0.33732236058086      -0.01424035714669
    1     -1     64619.0000000000       0.49599479489254       0.33732236058086      -0.01424035714669
    1     -1     64619.0000000000       0.00000000000000       0.00000000000000       0.00000000000000
    1     -1     64619.0000000000       0.00000000000000       0.00000000000000       0.00000000000000
    1     -1     64619.0000000000       0.49484726166778       0.33899614005124      -0.01441540600410
    1     -1     64620.0000000000       0.49484726166778       0.33899614005124      -0.01441540600410
    1     -1     64621.0000000000       0.49484726166778       0.33899614005124      -0.01441540600410
    1     -1     64621.0000000000       0.00000000000000       0.00000000000000       0.00000000000000
    1     -1     64621.0000000000       0.00000000000000       0.00000000000000       0.00000000000000
    1     -1     64621.0000000000       0.49368935712111       0.34067304933175      -0.01458394337466
    1     -1     64622.0000000000       0.49368935712111       0.34067304933175      -0.01458394337466
    1     -1     64623.0000000000       0.49368935712111       0.34067304933175      -0.01458394337466
    1     -1     64623.0000000000       0.00000000000000       0.00000000000000       0.00000000000000
    1     -1     64623.0000000000       0.00000000000000       0.00000000000000       0.00000000000000
    1     -1     64623.0000000000       0.49252105852131       0.34235296974739      -0.01474619605834
    1     -1     64624.0000000000       0.49252105852131       0.34235296974739      -0.01474619605834
    1     -1     64625.0000000000       0.49252105852131       0.34235296974739      -0.01474619605834
    1     -1     64625.0000000000       0.00000000000000       0.00000000000000       0.00000000000000
    1     -1     64625.0000000000       0.00000000000000       0.00000000000000       0.00000000000000
    1     -1     64625.0000000000       0.49134234336474       0.34403578294070      -0.01490238079058
    1     -1     64626.0000000000       0.49134234336474       0.34403578294070      -0.01490238079058
    1     -1     64627.0000000000       0.49134234336474       0.34403578294070      -0.01490238079058
    1     -1     64627.0000000000       0.00000000000000       0.00000000000000       0.00000000000000
    1     -1     64627.0000000000       0.00000000000000       0.00000000000000       0.00000000000000
    1     -1     64627.0000000000       0.49015318931713       0.34572137099242      -0.01505270478578
    1     -1     64628.0000000000       0.49015318931713       0.34572137099242      -0.01505270478578
    1     -1     64629.0000000000       0.49015318931713       0.34572137099242      -0.01505270478578
    1     -1     64629.0000000000       0.00000000000000       0.00000000000000       0.00000000000000
    1     -1     64629.0000000000       0.00000000000000       0.00000000000000       0.00000000000000
    1     -1     64629.0000000000       0.48895357414542       0.34740961654770      -0.01519736623885
    1     -1     64630.0000000000       0.48895357414542       0.34740961654770      -0.01519736623885
    1     -1     64631.0000000000       0.48895357414542       0.34740961654770      -0.01519736623885
    1     -1     64631.0000000000       0.00000000000000       0.00000000000000       0.00000000000000
    1     -1     64631.0000000000       0.00000000000000       0.00000000000000       0.00000000000000
    1     -1     64631.0000000000       0.48774347567390       0.34910040289904      -0.01533655480459
    1     -1     64632.0000000000       0.48774347567390       0.34910040289904      -0.01533655480459
    1     -1     64633.0000000000       0.48774347567390       0.34910040289904      -0.01533655480459
    1     -1     64633.0000000000       0.00000000000000       0.00000000000000       0.00000000000000
    1     -1     64633.0000000000       0.00000000000000       0.00000000000000       0.00000000000000
    1     -1     64633.0000000000       0.48652287172404       0.35079361408546      -0.01547045203774
    1     -1     64634.0000000000       0.48652287172404       0.35079361408546      -0.01547045203774
    1     -1     64635.0000000000       0.48652287172404       0.35079361408546      -0.01547045203774
    1     -1     64635.0000000000       0.00000000000000       0.00000000000000       0.00000000000000
    1     -1     64635.0000000000       0.00000000000000       0.00000000000000       0.00000000000000
    1     -1     64635.0000000000       0.48529174008154       0.35248913494655      -0.01559923181661
    1     -1     64636.0000000000       0.48529174008154       0.35248913494655      -0.01559923181661
    1     -1     64637.0000000000       0.48529174008154       0.35248913494655      -0.01559923181661
    1     -1     64637.0000000000       0.00000000000000       0.00000000000000       0.00000000000000
    1     -1     64637.0000000000       0.00000000000000       0.00000000000000       0.00000000000000
    1     -1     64637.0000000000       0.48405005843603       0.35418685120917      -0.01572306072636
    1     -1     64638.0000000000       0.48405005843603       0.35418685120917      -0.01572306072636
    1     -1     64639.0000000000       0.48405005843603       0.35418685120917      -0.01572306072636
    1     -1     64639.0000000000       0.00000000000000       0.00000000000000       0.00000000000000
    1     -1     64639.0000000000       0.00000000000000       0.00000000000000       0.00000000000000
    1     -1     64639.0000000000       0.48279780435433       0.35588664952183      -0.01584209843323
    1     -1     64640.0000000000       0.48279780435433       0.35588664952183      -0.01584209843323
    1     -1     64641.0000000000       0.48279780435433       0.35588664952183      -0.01584209843323
    1     -1     64641.0000000000       0.00000000000000       0.00000000000000       0.00000000000000
    1     -1     64641.0000000000       0.00000000000000       0.00000000000000       0.00000000000000
    1     -1     64641.0000000000       0.48153495524265       0.35758841749988      -0.01595649803027
    1     -1     64642.0000000000       0.48153495524265       0.35758841749988      -0.01595649803027
    1     -1     64643.0000000000       0.48153495524265       0.35758841749988      -0.01595649803027
    1     -1     64643.0000000000       0.00000000000000       0.00000000000000       0.00000000000000
    1     -1     64643.0000000000       0.00000000000000       0.00000000000000       0.00000000000000
    1     -1     64643.0000000000       0.48026148829527       0.35929204378511      -0.01606640635396
    1     -1     64644.0000000000       0.48026148829527       0.35929204378511      -0.01606640635396
    1     -1     64645.0000000000       0.48026148829527       0.35929204378511      -0.01606640635396
    1     -1     64645.0000000000       0.00000000000000       0.00000000000000       0.00000000000000
    1     -1     64645.0000000000       0.00000000000000       0.00000000000000       0.00000000000000
    1     -1     64645.0000000000       0.47897738049694       0.36099741802779      -0.01617196430752
    1     -1     64646.0000000000       0.47897738049694       0.36099741802779      -0.01617196430752
    1     -1     64647.0000000000       0.47897738049694       0.36099741802779      -0.01617196430752
    1     -1     64647.0000000000       0.00000000000000       0.00000000000000       0.00000000000000
    1     -1     64647.0000000000       0.00000000000000       0.00000000000000       0.00000000000000
    1     -1     64647.0000000000       0.47768260856757       0.36270443094473      -0.01627330713609
    1     -1     64648.0000000000       0.47768260856757       0.36270443094473      -0.01627330713609
    1     -1     64649.0000000000       0.47768260856757       0.36270443094473      -0.01627330713609
    1     -1     64649.0000000000       0.00000000000000       0.00000000000000       0.00000000000000
    1     -1     64649.0000000000       0.00000000000000       0.00000000000000       0.00000000000000
    1     -1     64649.0000000000       0.47637714893870       0.36441297433054      -0.01637056470040
    1     -1     64650.0000000000       0.47637714893870       0.36441297433054      -0.01637056470040
    1     -1     64651.0000000000       0.47637714893870       0.36441297433054      -0.01637056470040
    1     -1     64651.0000000000       0.00000000000000       0.00000000000000       0.00000000000000
    1     -1     64651.0000000000       0.00000000000000       0.00000000000000       0.00000000000000
    1     -1     64651.0000000000       0.47506097773503       0.36612294105964      -0.01646386173631
    1     -1     64652.0000000000       0.47506097773503       0.36612294105964      -0.01646386173631
    1     -1     64653.0000000000       0.47506097773503       0.36612294105964      -0.01646386173631
    1     -1     64653.0000000000       0.00000000000000       0.00000000000000       0.00000000000000
    1     -1     64653.0000000000       0.00000000000000       0.00000000000000       0.00000000000000
    1     -1     64653.0000000000       0.47373407075365       0.36783422508942      -0.01655331809763
    1     -1     64654.0000000000       0.47373407075365       0.36783422508942      -0.01655331809763
    1     -1     64655.0000000000       0.47373407075365       0.36783422508942      -0.01655331809763
    1     -1     64655.0000000000       0.00000000000000       0.00000000000000       0.00000000000000
    1     -1     64655.0000000000       0.00000000000000       0.00000000000000       0.00000000000000
    1     -1     64655.0000000000       0.47239640344320       0.36954672146133      -0.01663904898447
    1     -1     64656.0000000000       0.47239640344320       0.36954672146133      -0.01663904898447
    1     -1     64657.0000000000       0.47239640344320       0.36954672146133      -0.01663904898447
    1     -1     64657.0000000000       0.00000000000000       0.00000000000000       0.00000000000000
    1     -1     64657.0000000000       0.00000000000000       0.00000000000000       0.00000000000000
    1     -1     64657.0000000000       0.47104795087312       0.37126032631315      -0.01672116515343
    1     -1     64658.0000000000       0.47104795087312       0.37126032631315      -0.01672116515343
    1     -1     64659.0000000000       0.47104795087312       0.37126032631315      -0.01672116515343
    1     -1     64659.0000000000       0.00000000000000       0.00000000000000       0.00000000000000
    1     -1     64659.0000000000       0.00000000000000       0.00000000000000       0.00000000000000
    1     -1     64659.0000000000       0.46968868773291       0.37297493685036      -0.01679977312971
    1     -1     64660.0000000000       0.46968868773291       0.37297493685036      -0.01679977312971
    1     -1     64661.0000000000       0.46968868773291       0.37297493685036      -0.01679977312971
    1     -1     64661.0000000000       0.00000000000000       0.00000000000000       0.00000000000000
    1     -1     64661.0000000000       0.00000000000000       0.00000000000000       0.00000000000000
    1     -1     64661.0000000000       0.46831858830326       0.37469045135298      -0.01687497539369
    1     -1     64662.0000000000       0.46831858830326       0.37469045135298      -0.01687497539369
    1     -1     64663.0000000000       0.46831858830326       0.37469045135298      -0.01687497539369
    1     -1     64663.0000000000       0.00000000000000       0.00000000000000       0.00000000000000
    1     -1     64663.0000000000       0.00000000000000       0.00000000000000       0.00000000000000
    1     -1     64663.0000000000       0.46693762645530       0.37640676914499      -0.01694687057016
    1     -1     64664.0000000000       0.46693762645530       0.37640676914499      -0.01694687057016
    1     -1     64665.0000000000       0.46693762645530       0.37640676914499      -0.01694687057016
    1     -1     64665.0000000000       0.00000000000000       0.00000000000000       0.00000000000000
    1     -1     64665.0000000000       0.00000000000000       0.00000000000000       0.00000000000000
    1     -1     64665.0000000000       0.46554577561896       0.37812379060210      -0.01701555359195
    1     -1     64666.0000000000       0.46554577561896       0.37812379060210      -0.01701555359195
    1     -1     64667.0000000000       0.46554577561896       0.37812379060210      -0.01701555359195
    1     -1     64667.0000000000       0.00000000000000       0.00000000000000       0.00000000000000
    1     -1     64667.0000000000       0.00000000000000       0.00000000000000       0.00000000000000
    1     -1     64667.0000000000       0.46414300880003       0.37984141709720      -0.01708111587827
    1     -1     64668.0000000000       0.46414300880003       0.37984141709720      -0.01708111587827
    1     -1     64669.0000000000       0.46414300880003       0.37984141709720      -0.01708111587827
    1     -1     64669.0000000000       0.00000000000000       0.00000000000000       0.00000000000000
    1     -1     64669.0000000000       0.00000000000000       0.00000000000000       0.00000000000000
    1     -1     64669.0000000000       0.46272929853132       0.38155955102802      -0.01714364547019
    1     -1     64670.0000000000       0.46272929853132       0.38155955102802      -0.01714364547019
    1     -1     64671.0000000000       0.46272929853132       0.38155955102802      -0.01714364547019
    1     -1     64671.0000000000       0.00000000000000       0.00000000000000       0.00000000000000
    1     -1     64671.0000000000       0.00000000000000       0.00000000000000       0.00000000000000
    1     -1     64671.0000000000       0.46130461689095       0.38327809575982      -0.01720322719182
    1     -1     64672.0000000000       0.46130461689095       0.38327809575982      -0.01720322719182
    1     -1     64673.0000000000       0.46130461689095       0.38327809575982      -0.01720322719182
    1     -1     64673.0000000000       0.00000000000000       0.00000000000000       0.00000000000000
    1     -1     64673.0000000000       0.00000000000000       0.00000000000000       0.00000000000000
    1     -1     64673.0000000000       0.45986893549558       0.38499695559965      -0.01725994279124
    1     -1     64674.0000000000       0.45986893549558       0.38499695559965      -0.01725994279124
    1     -1     64675.0000000000       0.45986893549558       0.38499695559965      -0.01725994279124
    1     -1     64675.0000000000       0.00000000000000       0.00000000000000       0.00000000000000
    1     -1     64675.0000000000       0.00000000000000       0.00000000000000       0.00000000000000
    1     -1     64675.0000000000       0.45842222548261       0.38671603578368      -0.01731387106710
    1     -1     64676.0000000000       0.45842222548261       0.38671603578368      -0.01731387106710
    1     -1     64677.0000000000       0.45842222548261       0.38671603578368      -0.01731387106710
    1     -1     64677.0000000000       0.00000000000000       0.00000000000000       0.00000000000000
    1     -1     64677.0000000000       0.00000000000000       0.00000000000000       0.00000000000000
    1     -1     64677.0000000000       0.45696445748558       0.38843524247189      -0.01736508798463
    1     -1     64678.0000000000       0.45696445748558       0.38843524247189      -0.01736508798463
    1     -1     64679.0000000000       0.45696445748558       0.38843524247189      -0.01736508798463
    1     -1     64679.0000000000       0.00000000000000       0.00000000000000       0.00000000000000
    1     -1     64679.0000000000       0.00000000000000       0.00000000000000       0.00000000000000
    1     -1     64679.0000000000       0.45549560167702       0.39015448266133      -0.01741366682121
    1     -1     64680.0000000000       0.45549560167702       0.39015448266133      -0.01741366682121
    1     -1     64681.0000000000       0.45549560167702       0.39015448266133      -0.01741366682121
    1     -1     64681.0000000000       0.00000000000000       0.00000000000000       0.00000000000000
    1     -1     64681.0000000000       0.00000000000000       0.00000000000000       0.00000000000000
    1     -1     64681.0000000000       0.45401562771725       0.39187366421304      -0.01745967825458
    1     -1     64682.0000000000       0.45401562771725       0.39187366421304      -0.01745967825458
    1     -1     64683.0000000000       0.45401562771725       0.39187366421304      -0.01745967825458
    1     -1     64683.0000000000       0.00000000000000       0.00000000000000       0.00000000000000
    1     -1     64683.0000000000       0.00000000000000       0.00000000000000       0.00000000000000
    1     -1     64683.0000000000       0.45252450476733       0.39359269580127      -0.01750319047978
    1     -1     64684.0000000000       0.45252450476733       0.39359269580127      -0.01750319047978
    1     -1     64685.0000000000       0.45252450476733       0.39359269580127      -0.01750319047978
    1     -1     64685.0000000000       0.00000000000000       0.00000000000000       0.00000000000000
    1     -1     64685.0000000000       0.00000000000000       0.00000000000000       0.00000000000000
    1     -1     64685.0000000000       0.45102220149782       0.39531148686843      -0.01754426931880
    1     -1     64686.0000000000       0.45102220149782       0.39531148686843      -0.01754426931880
    1     -1     64687.0000000000       0.45102220149782       0.39531148686843      -0.01754426931880
    1     -1     64687.0000000000       0.00000000000000       0.00000000000000       0.00000000000000
    1     -1     64687.0000000000       0.00000000000000       0.00000000000000       0.00000000000000
    1     -1     64687.0000000000       0.44950868606693       0.39702994761636      -0.01758297830668
    1     -1     64688.0000000000       0.44950868606693       0.39702994761636      -0.01758297830668
    1     -1     64689.0000000000       0.44950868606693       0.39702994761636      -0.01758297830668
    1     -1     64689.0000000000       0.00000000000000       0.00000000000000       0.00000000000000
    1     -1     64689.0000000000       0.00000000000000       0.00000000000000       0.00000000000000
    1     -1     64689.0000000000       0.44798392612706       0.39874798896402      -0.01761937878965
    1     -1     64690.0000000000       0.44798392612706       0.39874798896402      -0.01761937878965
    1     -1     64691.0000000000       0.44798392612706       0.39874798896402      -0.01761937878965
    1     -1     64691.0000000000       0.00000000000000       0.00000000000000       0.00000000000000
    1     -1     64691.0000000000       0.00000000000000       0.00000000000000       0.00000000000000
    1     -1     64691.0000000000       0.44644788883106       0.40046552250625      -0.01765353001770
    1     -1     64692.0000000000       0.44644788883106       0.40046552250625      -0.01765353001770
    1     -1     64693.0000000000       0.44644788883106       0.40046552250625      -0.01765353001770
    1     -1     64693.0000000000       0.00000000000000       0.00000000000000       0.00000000000000
    1     -1     64693.0000000000       0.00000000000000       0.00000000000000       0.00000000000000
    1     -1     64693.0000000000       0.44490054080803       0.40218246050762      -0.01768548921468
    1     -1     64694.0000000000       0.44490054080803       0.40218246050762      -0.01768548921468
    1     -1     64695.0000000000       0.44490054080803       0.40218246050762      -0.01768548921468
    1     -1     64695.0000000000       0.00000000000000       0.00000000000000       0.00000000000000
    1     -1     64695.0000000000       0.00000000000000       0.00000000000000       0.00000000000000
    1     -1     64695.0000000000       0.44334184820425       0.40389871582217      -0.01771531168348
    1     -1     64696.0000000000       0.44334184820425       0.40389871582217      -0.01771531168348
    1     -1     64697.0000000000       0.44334184820425       0.40389871582217      -0.01771531168348
    1     -1     64697.0000000000       0.00000000000000       0.00000000000000       0.00000000000000
    1     -1     64697.0000000000       0.00000000000000       0.00000000000000       0.00000000000000
    1     -1     64697.0000000000       0.44177177664115       0.40561420190821      -0.01774305085623
    1     -1     64698.0000000000       0.44177177664115       0.40561420190821      -0.01774305085623
    1     -1     64699.0000000000       0.44177177664115       0.40561420190821      -0.01774305085623
    1     -1     64699.0000000000       0.00000000000000       0.00000000000000       0.00000000000000
    1     -1     64699.0000000000       0.00000000000000       0.00000000000000       0.00000000000000
    1     -1     64699.0000000000       0.44019029123099       0.40732883277733      -0.01776875837624
    1     -1     64700.0000000000       0.44019029123099       0.40732883277733      -0.01776875837624
    1     -1     64701.0000000000       0.44019029123099       0.40732883277733      -0.01776875837624
    1     -1     64701.0000000000       0.00000000000000       0.00000000000000       0.00000000000000
    1     -1     64701.0000000000       0.00000000000000       0.00000000000000       0.00000000000000
    1     -1     64701.0000000000       0.43859735660076       0.40904252293554      -0.01779248418167
    1     -1     64702.0000000000       0.43859735660076       0.40904252293554      -0.01779248418167
    1     -1     64703.0000000000       0.43859735660076       0.40904252293554      -0.01779248418167
    1     -1     64703.0000000000       0.00000000000000       0.00000000000000       0.00000000000000
    1     -1     64703.0000000000       0.00000000000000       0.00000000000000       0.00000000000000
    1     -1     64703.0000000000       0.43699293685139       0.41075518739660      -0.01781427654383
    1     -1     64704.0000000000       0.43699293685139       0.41075518739660      -0.01781427654383
    1     -1     64705.0000000000       0.43699293685139       0.41075518739660      -0.01781427654383
    1     -1     64705.0000000000       0.00000000000000       0.00000000000000       0.00000000000000
    1     -1     64705.0000000000       0.00000000000000       0.00000000000000       0.00000000000000
    1     -1     64705.0000000000       0.43537699560657       0.41246674159650      -0.01783418216149
    1     -1     64706.0000000000       0.43537699560657       0.41246674159650      -0.01783418216149
    1     -1     64707.0000000000       0.43537699560657       0.41246674159650      -0.01783418216149
    1     -1     64707.0000000000       0.00000000000000       0.00000000000000       0.00000000000000
    1     -1     64707.0000000000       0.00000000000000       0.00000000000000       0.00000000000000
    1     -1     64707.0000000000       0.43374949598655       0.41417710139139      -0.01785224620153
    1     -1     64708.0000000000       0.43374949598655       0.41417710139139      -0.01785224620153
    1     -1     64709.0000000000       0.43374949598655       0.41417710139139      -0.01785224620153
    1     -1     64709.0000000000       0.00000000000000       0.00000000000000       0.00000000000000
    1     -1     64709.0000000000       0.00000000000000       0.00000000000000       0.00000000000000
    1     -1     64709.0000000000       0.43211040061253       0.41588618302206      -0.01786851235602
    1     -1     64710.0000000000       0.43211040061253       0.41588618302206      -0.01786851235602
    1     -1     64711.0000000000       0.43211040061253       0.41588618302206      -0.01786851235602
    1     -1     64711.0000000000       0.00000000000000       0.00000000000000       0.00000000000000
    1     -1     64711.0000000000       0.00000000000000       0.00000000000000       0.00000000000000
    1     -1     64711.0000000000       0.43045967163683       0.41759390305131      -0.01788302291799
    1     -1     64712.0000000000       0.43045967163683       0.41759390305131      -0.01788302291799
    1     -1     64713.0000000000       0.43045967163683       0.41759390305131      -0.01788302291799
    1     -1     64713.0000000000       0.00000000000000       0.00000000000000       0.00000000000000
    1     -1     64713.0000000000       0.00000000000000       0.00000000000000       0.00000000000000
    1     -1     64713.0000000000       0.42879727070770       0.41930017837223      -0.01789581880333
    1     -1     64714.0000000000       0.42879727070770       0.41930017837223      -0.01789581880333
    1     -1     64715.0000000000       0.42879727070770       0.41930017837223      -0.01789581880333
    1     -1     64715.0000000000       0.00000000000000       0.00000000000000       0.00000000000000
    1     -1     64715.0000000000       0.00000000000000       0.00000000000000       0.00000000000000
    1     -1     64715.0000000000       0.42712315899788       0.42100492614832      -0.01790693961886
    1     -1     64716.0000000000       0.42712315899788       0.42100492614832      -0.01790693961886
    1     -1     64717.0000000000       0.42712315899788       0.42100492614832      -0.01790693961886
    1     -1     64717.0000000000       0.00000000000000       0.00000000000000       0.00000000000000
    1     -1     64717.0000000000       0.00000000000000       0.00000000000000       0.00000000000000
    1     -1     64717.0000000000       0.42543729722860       0.42270806376001      -0.01791642372497
    1     -1     64718.0000000000       0.42543729722860       0.42270806376001      -0.01791642372497
    1     -1     64719.0000000000       0.42543729722860       0.42270806376001      -0.01791642372497
    1     -1     64719.0000000000       0.00000000000000       0.00000000000000       0.00000000000000
    1     -1     64719.0000000000       0.00000000000000       0.00000000000000       0.00000000000000
    1     -1     64719.0000000000       0.42373964564089       0.42440950880686      -0.01792430825580
    1     -1     64720.0000000000       0.42373964564089       0.42440950880686      -0.01792430825580
    1     -1     64721.0000000000       0.42373964564089       0.42440950880686      -0.01792430825580
    1     -1     64721.0000000000       0.00000000000000       0.00000000000000       0.00000000000000
    1     -1     64721.0000000000       0.00000000000000       0.00000000000000       0.00000000000000
    1     -1     64721.0000000000       0.42203016400693       0.42610917906802      -0.01793062916541
    1     -1     64722.0000000000       0.42203016400693       0.42610917906802      -0.01793062916541
    1     -1     64723.0000000000       0.42203016400693       0.42610917906802      -0.01793062916541
    1     -1     64723.0000000000       0.00000000000000       0.00000000000000       0.00000000000000
    1     -1     64723.0000000000       0.00000000000000       0.00000000000000       0.00000000000000
    1     -1     64723.0000000000       0.42030881166662       0.42780699243746      -0.01793542129426
    1     -1     64724.0000000000       0.42030881166662       0.42780699243746      -0.01793542129426
    1     -1     64725.0000000000       0.42030881166662       0.42780699243746      -0.01793542129426
    1     -1     64725.0000000000       0.00000000000000       0.00000000000000       0.00000000000000
    1     -1     64725.0000000000       0.00000000000000       0.00000000000000       0.00000000000000
    1     -1     64725.0000000000       0.41857554750596       0.42950286692022      -0.01793871838784
    1     -1     64726.0000000000       0.41857554750596       0.42950286692022      -0.01793871838784
    1     -1     64727.0000000000       0.41857554750596       0.42950286692022      -0.01793871838784
    1     -1     64727.0000000000       0.00000000000000       0.00000000000000       0.00000000000000
    1     -1     64727.0000000000       0.00000000000000       0.00000000000000       0.00000000000000
    1     -1     64727.0000000000       0.41683032996778       0.43119672059538      -0.01794055313365
    1     -1     64728.0000000000       0.41683032996778       0.43119672059538      -0.01794055313365
    1     -1     64729.0000000000       0.41683032996778       0.43119672059538      -0.01794055313365
    1     -1     64729.0000000000       0.00000000000000       0.00000000000000       0.00000000000000
    1     -1     64729.0000000000       0.00000000000000       0.00000000000000       0.00000000000000
    1     -1     64729.0000000000       0.41507311708170       0.43288847156058      -0.01794095722154
    1     -1     64730.0000000000       0.41507311708170       0.43288847156058      -0.01794095722154
    1     -1     64731.0000000000       0.41507311708170       0.43288847156058      -0.01794095722154
    1     -1     64731.0000000000       0.00000000000000       0.00000000000000       0.00000000000000
    1     -1     64731.0000000000       0.00000000000000       0.00000000000000       0.00000000000000
    1     -1     64731.0000000000       0.41330386644274       0.43457803792902      -0.01793996135028
    1     -1     64732.0000000000       0.41330386644274       0.43457803792902      -0.01793996135028
    1     -1     64733.0000000000       0.41330386644274       0.43457803792902      -0.01793996135028
    1     -1     64733.0000000000       0.00000000000000       0.00000000000000       0.00000000000000
    1     -1     64733.0000000000       0.00000000000000       0.00000000000000       0.00000000000000
    1     -1     64733.0000000000       0.41152253525382       0.43626533776296      -0.01793759529141
    1     -1     64734.0000000000       0.41152253525382       0.43626533776296      -0.01793759529141
    1     -1     64735.0000000000       0.41152253525382       0.43626533776296      -0.01793759529141
    1     -1     64735.0000000000       0.00000000000000       0.00000000000000       0.00000000000000
    1     -1     64735.0000000000       0.00000000000000       0.00000000000000       0.00000000000000
    1     -1     64735.0000000000       0.40972908029055       0.43795028908515      -0.01793388788015
    1     -1     64736.0000000000       0.40972908029055       0.43795028908515      -0.01793388788015
    1     -1     64737.0000000000       0.40972908029055       0.43795028908515      -0.01793388788015
    1     -1     64737.0000000000       0.00000000000000       0.00000000000000       0.00000000000000
    1     -1     64737.0000000000       0.00000000000000       0.00000000000000       0.00000000000000
    1     -1     64737.0000000000       0.40792345797710       0.43963280978112      -0.01792886711312
    1     -1     64738.0000000000       0.40792345797710       0.43963280978112      -0.01792886711312
    1     -1     64739.0000000000       0.40792345797710       0.43963280978112      -0.01792886711312
    1     -1     64739.0000000000       0.00000000000000       0.00000000000000       0.00000000000000
    1     -1     64739.0000000000       0.00000000000000       0.00000000000000       0.00000000000000
    1     -1     64739.0000000000       0.40610562432061       0.44131281764154      -0.01792256009750
    1     -1     64740.0000000000       0.40610562432061       0.44131281764154      -0.01792256009750
    1     -1     64741.0000000000       0.40610562432061       0.44131281764154      -0.01792256009750
    1     -1     64741.0000000000       0.00000000000000       0.00000000000000       0.00000000000000
    1     -1     64741.0000000000       0.00000000000000       0.00000000000000       0.00000000000000
    1     -1     64741.0000000000       0.40427553498498       0.44299023026823      -0.01791499314838
    1     -1     64742.0000000000       0.40427553498498       0.44299023026823      -0.01791499314838
    1     -1     64743.0000000000       0.40427553498498       0.44299023026823      -0.01791499314838
    1     -1     64743.0000000000       0.00000000000000       0.00000000000000       0.00000000000000
    1     -1     64743.0000000000       0.00000000000000       0.00000000000000       0.00000000000000
    1     -1     64743.0000000000       0.40243314526736       0.44466496507624      -0.01790619177751
    1     -1     64744.0000000000       0.40243314526736       0.44466496507624      -0.01790619177751
    1     -1     64745.0000000000       0.40243314526736       0.44466496507624      -0.01790619177751
    1     -1     64745.0000000000       0.00000000000000       0.00000000000000       0.00000000000000
    1     -1     64745.0000000000       0.00000000000000       0.00000000000000       0.00000000000000
    1     -1     64745.0000000000       0.40057841012546       0.44633693924706      -0.01789618073579
    1     -1     64746.0000000000       0.40057841012546       0.44633693924706      -0.01789618073579
    1     -1     64747.0000000000       0.40057841012546       0.44633693924706      -0.01789618073579
    1     -1     64747.0000000000       0.00000000000000       0.00000000000000       0.00000000000000
    1     -1     64747.0000000000       0.00000000000000       0.00000000000000       0.00000000000000
    1     -1     64747.0000000000       0.39871128418532       0.44800606970131      -0.01788498403906
    1     -1     64748.0000000000       0.39871128418532       0.44800606970131      -0.01788498403906
    1     -1     64749.0000000000       0.39871128418532       0.44800606970131      -0.01788498403906
    1     -1     64749.0000000000       0.00000000000000       0.00000000000000       0.00000000000000
    1     -1     64749.0000000000       0.00000000000000       0.00000000000000       0.00000000000000
    1     -1     64749.0000000000       0.39683172175258       0.44967227306915      -0.01787262498080
    1     -1     64750.0000000000       0.39683172175258       0.44967227306915      -0.01787262498080
    1     -1     64751.0000000000       0.39683172175258       0.44967227306915      -0.01787262498080
    1     -1     64751.0000000000       0.00000000000000       0.00000000000000       0.00000000000000
    1     -1     64751.0000000000       0.00000000000000       0.00000000000000       0.00000000000000
    1     -1     64751.0000000000       0.39493967682962       0.45133546565518      -0.01785912616950
    1     -1     64752.0000000000       0.39493967682962       0.45133546565518      -0.01785912616950
    1     -1     64753.0000000000       0.39493967682962       0.45133546565518      -0.01785912616950
    1     -1     64753.0000000000       0.00000000000000       0.00000000000000       0.00000000000000
    1     -1     64753.0000000000       0.00000000000000       0.00000000000000       0.00000000000000
    1     -1     64753.0000000000       0.39303510312615       0.45299556341081      -0.01784450954057
    1     -1     64754.0000000000       0.39303510312615       0.45299556341081      -0.01784450954057
    1     -1     64755.0000000000       0.39303510312615       0.45299556341081      -0.01784450954057
    1     -1     64755.0000000000       0.00000000000000       0.00000000000000       0.00000000000000
    1     -1     64755.0000000000       0.00000000000000       0.00000000000000       0.00000000000000
    1     -1     64755.0000000000       0.39111795408296       0.45465248189472      -0.01782879639588
    1     -1     64756.0000000000       0.39111795408296       0.45465248189472      -0.01782879639588
    1     -1     64757.0000000000       0.39111795408296       0.45465248189472      -0.01782879639588
    1     -1     64757.0000000000       0.00000000000000       0.00000000000000       0.00000000000000
    1     -1     64757.0000000000       0.00000000000000       0.00000000000000       0.00000000000000
    1     -1     64757.0000000000       0.38918818287550       0.45630613625319      -0.01781200740386
    1     -1     64758.0000000000       0.38918818287550       0.45630613625319      -0.01781200740386
    1     -1     64759.0000000000       0.38918818287550       0.45630613625319      -0.01781200740386
    1     -1     64759.0000000000       0.00000000000000       0.00000000000000       0.00000000000000
    1     -1     64759.0000000000       0.00000000000000       0.00000000000000       0.00000000000000
    1     -1     64759.0000000000       0.38724574243247       0.45795644118669      -0.01779416262556
    1     -1     64760.0000000000       0.38724574243247       0.45795644118669      -0.01779416262556
    1     -1     64761.0000000000       0.38724574243247       0.45795644118669      -0.01779416262556
    1     -1     64761.0000000000       0.00000000000000       0.00000000000000       0.00000000000000
    1     -1     64761.0000000000       0.00000000000000       0.00000000000000       0.00000000000000
    1     -1     64761.0000000000       0.38529058545758       0.45960331091467      -0.01777528154547
    1     -1     64762.0000000000       0.38529058545758       0.45960331091467      -0.01777528154547
    1     -1     64763.0000000000       0.38529058545758       0.45960331091467      -0.01777528154547
    1     -1     64763.0000000000       0.00000000000000       0.00000000000000       0.00000000000000
    1     -1     64763.0000000000       0.00000000000000       0.00000000000000       0.00000000000000
    1     -1     64763.0000000000       0.38332266444279       0.46124665914897      -0.01775538308199
    1     -1     64764.0000000000       0.38332266444279       0.46124665914897      -0.01775538308199
    1     -1     64765.0000000000       0.38332266444279       0.46124665914897      -0.01775538308199
    1     -1     64765.0000000000       0.00000000000000       0.00000000000000       0.00000000000000
    1     -1     64765.0000000000       0.00000000000000       0.00000000000000       0.00000000000000
    1     -1     64765.0000000000       0.38134193168285       0.46288639906681      -0.01773448559592
    1     -1     64766.0000000000       0.38134193168285       0.46288639906681      -0.01773448559592
    1     -1     64767.0000000000       0.38134193168285       0.46288639906681      -0.01773448559592
    1     -1     64767.0000000000       0.00000000000000       0.00000000000000       0.00000000000000
    1     -1     64767.0000000000       0.00000000000000       0.00000000000000       0.00000000000000
    1     -1     64767.0000000000       0.37934833930160       0.46452244327344      -0.01771260693396
    1     -1     64768.0000000000       0.37934833930160       0.46452244327344      -0.01771260693396
    1     -1     64769.0000000000       0.37934833930160       0.46452244327344      -0.01771260693396
    1     -1     64769.0000000000       0.00000000000000       0.00000000000000       0.00000000000000
    1     -1     64769.0000000000       0.00000000000000       0.00000000000000       0.00000000000000
    1     -1     64769.0000000000       0.37734183926033       0.46615470378256      -0.01768976441397
    1     -1     64770.0000000000       0.37734183926033       0.46615470378256      -0.01768976441397
    1     -1     64771.0000000000       0.37734183926033       0.46615470378256      -0.01768976441397
    1     -1     64771.0000000000       0.00000000000000       0.00000000000000       0.00000000000000
    1     -1     64771.0000000000       0.00000000000000       0.00000000000000       0.00000000000000
    1     -1     64771.0000000000       0.37532238338120       0.46778309198303      -0.01766597486267
    1     -1     64772.0000000000       0.37532238338120       0.46778309198303      -0.01766597486267
    1     -1     64773.0000000000       0.37532238338120       0.46778309198303      -0.01766597486267
    1     -1     64773.0000000000       0.00000000000000       0.00000000000000       0.00000000000000
    1     -1     64773.0000000000       0.00000000000000       0.00000000000000       0.00000000000000
    1     -1     64773.0000000000       0.37328992337669       0.46940751860214      -0.01764125463794
    1     -1     64774.0000000000       0.37328992337669       0.46940751860214      -0.01764125463794
    1     -1     64775.0000000000       0.37328992337669       0.46940751860214      -0.01764125463794
    1     -1     64775.0000000000       0.00000000000000       0.00000000000000       0.00000000000000
    1     -1     64775.0000000000       0.00000000000000       0.00000000000000       0.00000000000000
    1     -1     64775.0000000000       0.37124441084984       0.47102789369490      -0.01761561960591
    1     -1     64776.0000000000       0.37124441084984       0.47102789369490      -0.01761561960591
    1     -1     64777.0000000000       0.37124441084984       0.47102789369490      -0.01761561960591
    1     -1     64777.0000000000       0.00000000000000       0.00000000000000       0.00000000000000
    1     -1     64777.0000000000       0.00000000000000       0.00000000000000       0.00000000000000
    1     -1     64777.0000000000       0.36918579733891       0.47264412659500      -0.01758908520888
    1     -1     64778.0000000000       0.36918579733891       0.47264412659500      -0.01758908520888
    1     -1     64779.0000000000       0.36918579733891       0.47264412659500      -0.01758908520888
    1     -1     64779.0000000000       0.00000000000000       0.00000000000000       0.00000000000000
    1     -1     64779.0000000000       0.00000000000000       0.00000000000000       0.00000000000000
    1     -1     64779.0000000000       0.36711403431652       0.47425612590685      -0.01756166642645
    1     -1     64780.0000000000       0.36711403431652       0.47425612590685      -0.01756166642645
    1     -1     64781.0000000000       0.36711403431652       0.47425612590685      -0.01756166642645
    1     -1     64781.0000000000       0.00000000000000       0.00000000000000       0.00000000000000
    1     -1     64781.0000000000       0.00000000000000       0.00000000000000       0.00000000000000
    1     -1     64781.0000000000       0.36502907323067       0.47586379946192      -0.01753337782695
    1     -1     64782.0000000000       0.36502907323067       0.47586379946192      -0.01753337782695
    1     -1     64783.0000000000       0.36502907323067       0.47586379946192      -0.01753337782695
    1     -1     64783.0000000000       0.00000000000000       0.00000000000000       0.00000000000000
    1     -1     64783.0000000000       0.00000000000000       0.00000000000000       0.00000000000000
    1     -1     64783.0000000000       0.36293086551988       0.47746705429799      -0.01750423357335
    1     -1     64784.0000000000       0.36293086551988       0.47746705429799      -0.01750423357335
    1     -1     64785.0000000000       0.36293086551988       0.47746705429799      -0.01750423357335
    1     -1     64785.0000000000       0.00000000000000       0.00000000000000       0.00000000000000
    1     -1     64785.0000000000       0.00000000000000       0.00000000000000       0.00000000000000
    1     -1     64785.0000000000       0.36081936263720       0.47906579663269      -0.01747424741651
    1     -1     64786.0000000000       0.36081936263720       0.47906579663269      -0.01747424741651
    1     -1     64787.0000000000       0.36081936263720       0.47906579663269      -0.01747424741651
    1     -1     64787.0000000000       0.00000000000000       0.00000000000000       0.00000000000000
    1     -1     64787.0000000000       0.00000000000000       0.00000000000000       0.00000000000000
    1     -1     64787.0000000000       0.35869451608082       0.48065993183139      -0.01744343272945
    1     -1     64788.0000000000       0.35869451608082       0.48065993183139      -0.01744343272945
    1     -1     64789.0000000000       0.35869451608082       0.48065993183139      -0.01744343272945
    1     -1     64789.0000000000       0.00000000000000       0.00000000000000       0.00000000000000
    1     -1     64789.0000000000       0.00000000000000       0.00000000000000       0.00000000000000
    1     -1     64789.0000000000       0.35655627741696       0.48224936438313      -0.01741180250944
    1     -1     64790.0000000000       0.35655627741696       0.48224936438313      -0.01741180250944
    1     -1     64791.0000000000       0.35655627741696       0.48224936438313      -0.01741180250944
    1     -1     64791.0000000000       0.00000000000000       0.00000000000000       0.00000000000000
    1     -1     64791.0000000000       0.00000000000000       0.00000000000000       0.00000000000000
    1     -1     64791.0000000000       0.35440459830903       0.48383399787223      -0.01737936938985
    1     -1     64792.0000000000       0.35440459830903       0.48383399787223      -0.01737936938985
    1     -1     64793.0000000000       0.35440459830903       0.48383399787223      -0.01737936938985
    1     -1     64793.0000000000       0.00000000000000       0.00000000000000       0.00000000000000
    1     -1     64793.0000000000       0.00000000000000       0.00000000000000       0.00000000000000
    1     -1     64793.0000000000       0.35223943054641       0.48541373495155      -0.01734614564483
    1     -1     64794.0000000000       0.35223943054641       0.48541373495155      -0.01734614564483
    1     -1     64795.0000000000       0.35223943054641       0.48541373495155      -0.01734614564483
    1     -1     64795.0000000000       0.00000000000000       0.00000000000000       0.00000000000000
    1     -1     64795.0000000000       0.00000000000000       0.00000000000000       0.00000000000000
    1     -1     64795.0000000000       0.35006072609893       0.48698847729691      -0.01731214322743
    1     -1     64796.0000000000       0.35006072609893       0.48698847729691      -0.01731214322743
    1     -1     64797.0000000000       0.35006072609893       0.48698847729691      -0.01731214322743
    1     -1     64797.0000000000       0.00000000000000       0.00000000000000       0.00000000000000
    1     -1     64797.0000000000       0.00000000000000       0.00000000000000       0.00000000000000
    1     -1     64797.0000000000       0.34786843713464       0.48855812559150      -0.01727737375959
    1     -1     64798.0000000000       0.34786843713464       0.48855812559150      -0.01727737375959
    1     -1     64799.0000000000       0.34786843713464       0.48855812559150      -0.01727737375959
    1     -1     64799.0000000000       0.00000000000000       0.00000000000000       0.00000000000000
    1     -1     64799.0000000000       0.00000000000000       0.00000000000000       0.00000000000000
    1     -1     64799.0000000000       0.34566251608799       0.49012257947387      -0.01724184855516
    1     -1     64800.0000000000       0.34566251608799       0.49012257947387      -0.01724184855516
    1     -1     64801.0000000000       0.34566251608799       0.49012257947387      -0.01724184855516
    1     -1     64801.0000000000       0.00000000000000       0.00000000000000       0.00000000000000
    1     -1     64801.0000000000       0.00000000000000       0.00000000000000       0.00000000000000
    1     -1     64801.0000000000       0.34344291570957       0.49168173750052      -0.01720557867024
    1     -1     64802.0000000000       0.34344291570957       0.49168173750052      -0.01720557867024
    1     -1     64803.0000000000       0.34344291570957       0.49168173750052      -0.01720557867024
    1     -1     64803.0000000000       0.00000000000000       0.00000000000000       0.00000000000000
    1     -1     64803.0000000000       0.00000000000000       0.00000000000000       0.00000000000000
    1     -1     64803.0000000000       0.34120958910317       0.49323549711795      -0.01716857498040
    1     -1     64804.0000000000       0.34120958910317       0.49323549711795      -0.01716857498040
    1     -1     64805.0000000000       0.34120958910317       0.49323549711795      -0.01716857498040
    1     -1     64805.0000000000       0.00000000000000       0.00000000000000       0.00000000000000
    1     -1     64805.0000000000       0.00000000000000       0.00000000000000       0.00000000000000
    1     -1     64805.0000000000       0.33896248969928       0.49478375467339      -0.01713084843696
    1     -1     64806.0000000000       0.33896248969928       0.49478375467339      -0.01713084843696
    1     -1     64807.0000000000       0.33896248969928       0.49478375467339      -0.01713084843696
    1     -1     64807.0000000000       0.00000000000000       0.00000000000000       0.00000000000000
    1     -1     64807.0000000000       0.00000000000000       0.00000000000000       0.00000000000000
    1     -1     64807.0000000000       0.33726955056243       0.49594028578826      -0.01710211904037
    1     -1     64808.0000000000       0.33726955056243       0.49594028578826      -0.01710211904037
    1     -1     64808.0000000000       0.00000000000000       0.00000000000000       0.00000000000000
    1  57530     64808.0000000000      145215176.369033158     -376380024.952837169         359155.019990534       15.5686613743514        6.6805157767681       -0.2187072111682        2537.5442166358
    1  57530     64808.0000000000      145215176.369033158     -376380024.952837169         359155.019990534       15.5686613743514        6.6805157767681       -0.2187072111682        2497.5442166358
    1     -1     64808.0000000000       0.00000000000000       0.00000000000000       0.00000000000000
    1     -1     64808.0000000000       0.32102529291251       0.50481486201288      -0.04587718039895
    1     -1     64809.0000000000       0.32102529291251       0.50481486201288      -0.04587718039895
    1     -1     64810.0000000000       0.32102529291251       0.50481486201288      -0.04587718039895
    1     -1     64810.0000000000       0.00000000000000       0.00000000000000       0.00000000000000
    1     -1     64810.0000000000       0.00000000000000       0.00000000000000       0.00000000000000
    1     -1     64810.0000000000       0.31961428413208       0.50490847725024      -0.05398275891050
    1     -1     64811.0000000000       0.31961428413208       0.50490847725024      -0.05398275891050
    1     -1     64812.0000000000       0.31961428413208       0.50490847725024      -0.05398275891050
    1     -1     64812.0000000000       0.00000000000000       0.00000000000000       0.00000000000000
    1     -1     64812.0000000000       0.00000000000000       0.00000000000000       0.00000000000000
    1     -1     64812.0000000000       0.31802153668781       0.50493294962046      -0.06249014218499
    1     -1     64813.0000000000       0.31802153668781       0.50493294962046      -0.06249014218499
    1     -1     64814.0000000000       0.31802153668781       0.50493294962046      -0.06249014218499
    1     -1     64814.0000000000       0.00000000000000       0.00000000000000       0.00000000000000
    1     -1     64814.0000000000       0.00000000000000       0.00000000000000       0.00000000000000
    1     -1     64814.0000000000       0.31622972603501       0.50487359532508      -0.07142417234631
    1     -1     64815.0000000000       0.31622972603501       0.50487359532508      -0.07142417234631
    1     -1     64816.0000000000       0.31622972603501       0.50487359532508      -0.07142417234631
    1     -1     64816.0000000000       0.00000000000000       0.00000000000000       0.00000000000000
    1     -1     64816.0000000000       0.00000000000000       0.00000000000000       0.00000000000000
    1     -1     64816.0000000000       0.31421960087610       0.50471341900747      -0.08081092982423
    1     -1     64817.0000000000       0.31421960087610       0.50471341900747      -0.08081092982423
    1     -1     64818.0000000000       0.31421960087610       0.50471341900747      -0.08081092982423
    1     -1     64818.0000000000       0.00000000000000       0.00000000000000       0.00000000000000
    1     -1     64818.0000000000       0.00000000000000       0.00000000000000       0.00000000000000
    1     -1     64818.0000000000       0.31196968846601       0.50443280157599      -0.09067778919128
    1     -1     64819.0000000000       0.31196968846601       0.50443280157599      -0.09067778919128
    1     -1     64820.0000000000       0.31196968846601       0.50443280157599      -0.09067778919128
    1     -1     64820.0000000000       0.00000000000000       0.00000000000000       0.00000000000000
    1     -1     64820.0000000000       0.00000000000000       0.00000000000000       0.00000000000000
    1     -1     64820.0000000000       0.30945604103574       0.50400910666066      -0.10105334407931
    1     -1     64821.0000000000       0.30945604103574       0.50400910666066      -0.10105334407931
    1     -1     64822.0000000000       0.30945604103574       0.50400910666066      -0.10105334407931
    1     -1     64822.0000000000       0.00000000000000       0.00000000000000       0.00000000000000
    1     -1     64822.0000000000       0.00000000000000       0.00000000000000       0.00000000000000
    1     -1     64822.0000000000       0.30665197547717       0.50341623431191      -0.11196722845178
    1     -1     64823.0000000000       0.30665197547717       0.50341623431191      -0.11196722845178
    1     -1     64824.0000000000       0.30665197547717       0.50341623431191      -0.11196722845178
    1     -1     64824.0000000000       0.00000000000000       0.00000000000000       0.00000000000000
    1     -1     64824.0000000000       0.00000000000000       0.00000000000000       0.00000000000000
    1     -1     64824.0000000000       0.30352779586705       0.50262412322607      -0.12344985689465
    1     -1     64825.0000000000       0.30352779586705       0.50262412322607      -0.12344985689465
    1     -1     64826.0000000000       0.30352779586705       0.50262412322607      -0.12344985689465
    1     -1     64826.0000000000       0.00000000000000       0.00000000000000       0.00000000000000
    1     -1     64826.0000000000       0.00000000000000       0.00000000000000       0.00000000000000
    1     -1     64826.0000000000       0.30005050766927       0.50159819976280      -0.13553205569950
    1     -1     64827.0000000000       0.30005050766927       0.50159819976280      -0.13553205569950
    1     -1     64828.0000000000       0.30005050766927       0.50159819976280      -0.13553205569950
    1     -1     64828.0000000000       0.00000000000000       0.00000000000000       0.00000000000000
    1     -1     64828.0000000000       0.00000000000000       0.00000000000000       0.00000000000000
    1     -1     64828.0000000000       0.29618353329751       0.50029877666286      -0.14824455454770
    1     -1     64829.0000000000       0.29618353329751       0.50029877666286      -0.14824455454770
    1     -1     64830.0000000000       0.29618353329751       0.50029877666286      -0.14824455454770
    1     -1     64830.0000000000       0.00000000000000       0.00000000000000       0.00000000000000
    1     -1     64830.0000000000       0.00000000000000       0.00000000000000       0.00000000000000
    1     -1     64830.0000000000       0.29188643346660       0.49868040198046      -0.16161734411491
    1     -1     64831.0000000000       0.29188643346660       0.49868040198046      -0.16161734411491
    1     -1     64832.0000000000       0.29188643346660       0.49868040198046      -0.16161734411491
    1     -1     64832.0000000000       0.00000000000000       0.00000000000000       0.00000000000000
    1     -1     64832.0000000000       0.00000000000000       0.00000000000000       0.00000000000000
    1     -1     64832.0000000000       0.28711479107782       0.49669119847184      -0.17567853991009
    1     -1     64833.0000000000       0.28711479107782       0.49669119847184      -0.17567853991009
    1     -1     64834.0000000000       0.28711479107782       0.49669119847184      -0.17567853991009
    1     -1     64834.0000000000       0.00000000000000       0.00000000000000       0.00000000000000
    1     -1     64834.0000000000       0.00000000000000       0.00000000000000       0.00000000000000
    1     -1     64834.0000000000       0.15022451518921       0.26347254687060      -0.10152134828451
    1     -1     64835.0000000000       0.15022451518921       0.26347254687060      -0.10152134828451
    1     -1     64836.0000000000       0.15022451518921       0.26347254687060      -0.10152134828451
    1     -1     64836.0000000000       0.00000000000000       0.00000000000000       0.00000000000000
    1     -1     64908.0000000000       0.00000000000000       0.00000000000000       0.00000000000000
    1     -1     64908.0000000000      -0.11171772615839      -0.05889085522770      -0.24021378699721
    1     -1     64909.0000000000      -0.11171772615839      -0.05889085522770      -0.24021378699721
    1     -1     64910.0000000000      -0.11171772615839      -0.05889085522770      -0.24021378699721
    1     -1     64910.0000000000       0.00000000000000       0.00000000000000       0.00000000000000
    1     -1     64910.0000000000       0.00000000000000       0.00000000000000       0.00000000000000
    1     -1     64910.0000000000      -0.25403999577781      -0.14268196572809      -0.52450503951933
    1     -1     64911.0000000000      -0.25403999577781      -0.14268196572809      -0.52450503951933
    1     -1     64912.0000000000      -0.25403999577781      -0.14268196572809      -0.52450503951933
    1     -1     64912.0000000000       0.00000000000000       0.00000000000000       0.00000000000000
    1     -1     64912.0000000000       0.00000000000000       0.00000000000000       0.00000000000000
    1     -1     64912.0000000000      -0.26054394914970      -0.15437075825207      -0.51796382000885
    1     -1     64913.0000000000      -0.26054394914970      -0.15437075825207      -0.51796382000885
    1     -1     64914.0000000000      -0.26054394914970      -0.15437075825207      -0.51796382000885
    1     -1     64914.0000000000       0.00000000000000       0.00000000000000       0.00000000000000
    1     -1     64914.0000000000       0.00000000000000       0.00000000000000       0.00000000000000
    1     -1     64914.0000000000      -0.26655066599856      -0.16531913927042      -0.51148834192639
    1     -1     64915.0000000000      -0.26655066599856      -0.16531913927042      -0.51148834192639
    1     -1     64916.0000000000      -0.26655066599856      -0.16531913927042      -0.51148834192639
    1     -1     64916.0000000000       0.00000000000000       0.00000000000000       0.00000000000000
    1     -1     64916.0000000000       0.00000000000000       0.00000000000000       0.00000000000000
    1     -1     64916.0000000000      -0.27210362456246      -0.17557820510356      -0.50510584105966
    1     -1     64917.0000000000      -0.27210362456246      -0.17557820510356      -0.50510584105966
    1     -1     64918.0000000000      -0.27210362456246      -0.17557820510356      -0.50510584105966
    1     -1     64918.0000000000       0.00000000000000       0.00000000000000       0.00000000000000
    1     -1     64918.0000000000       0.00000000000000       0.00000000000000       0.00000000000000
    1     -1     64918.0000000000      -0.27724284124975      -0.18519657251123      -0.49883728387707
    1     -1     64919.0000000000      -0.27724284124975      -0.18519657251123      -0.49883728387707
    1     -1     64920.0000000000      -0.27724284124975      -0.18519657251123      -0.49883728387707
    1     -1     64920.0000000000       0.00000000000000       0.00000000000000       0.00000000000000
    1     -1     64920.0000000000       0.00000000000000       0.00000000000000       0.00000000000000
    1     -1     64920.0000000000      -0.28200499453505      -0.19422010929959      -0.49269841838689
    1     -1     64921.0000000000      -0.28200499453505      -0.19422010929959      -0.49269841838689
    1     -1     64922.0000000000      -0.28200499453505      -0.19422010929959      -0.49269841838689
    1     -1     64922.0000000000       0.00000000000000       0.00000000000000       0.00000000000000
    1     -1     64922.0000000000       0.00000000000000       0.00000000000000       0.00000000000000
    1     -1     64922.0000000000      -0.28642358358583      -0.20269180157329      -0.48670069202830
    1     -1     64923.0000000000      -0.28642358358583      -0.20269180157329      -0.48670069202830
    1     -1     64924.0000000000      -0.28642358358583      -0.20269180157329      -0.48670069202830
    1     -1     64924.0000000000       0.00000000000000       0.00000000000000       0.00000000000000
    1     -1     64924.0000000000       0.00000000000000       0.00000000000000       0.00000000000000
    1     -1     64924.0000000000      -0.29052912250020      -0.21065172519172      -0.48085203434426
    1     -1     64925.0000000000      -0.29052912250020      -0.21065172519172      -0.48085203434426
    1     -1     64926.0000000000      -0.29052912250020      -0.21065172519172      -0.48085203434426
    1     -1     64926.0000000000       0.00000000000000       0.00000000000000       0.00000000000000
    1     -1     64926.0000000000       0.00000000000000       0.00000000000000       0.00000000000000
    1     -1     64926.0000000000      -0.29434935319685      -0.21813709118526      -0.47515751809461
    1     -1     64927.0000000000      -0.29434935319685      -0.21813709118526      -0.47515751809461
    1     -1     64928.0000000000      -0.29434935319685      -0.21813709118526      -0.47515751809461
    1     -1     64928.0000000000       0.00000000000000       0.00000000000000       0.00000000000000
    1     -1     64928.0000000000       0.00000000000000       0.00000000000000       0.00000000000000
    1     -1     64928.0000000000      -0.29790946445107      -0.22518234176416      -0.46961991357702
    1     -1     64929.0000000000      -0.29790946445107      -0.22518234176416      -0.46961991357702
    1     -1     64930.0000000000      -0.29790946445107      -0.22518234176416      -0.46961991357702
    1     -1     64930.0000000000       0.00000000000000       0.00000000000000       0.00000000000000
    1     -1     64930.0000000000       0.00000000000000       0.00000000000000       0.00000000000000
    1     -1     64930.0000000000      -0.30123230857045      -0.23181927927085      -0.46424015047351
    1     -1     64931.0000000000      -0.30123230857045      -0.23181927927085      -0.46424015047351
    1     -1     64932.0000000000      -0.30123230857045      -0.23181927927085      -0.46424015047351
    1     -1     64932.0000000000       0.00000000000000       0.00000000000000       0.00000000000000
    1     -1     64932.0000000000       0.00000000000000       0.00000000000000       0.00000000000000
    1     -1     64932.0000000000      -0.30433861013620      -0.23807721497485      -0.45901770049769
    1     -1     64933.0000000000      -0.30433861013620      -0.23807721497485      -0.45901770049769
    1     -1     64934.0000000000      -0.30433861013620      -0.23807721497485      -0.45901770049769
    1     -1     64934.0000000000       0.00000000000000       0.00000000000000       0.00000000000000
    1     -1     64934.0000000000       0.00000000000000       0.00000000000000       0.00000000000000
    1     -1     64934.0000000000      -0.30724716335847      -0.24398312790500      -0.45395089292331
    1     -1     64935.0000000000      -0.30724716335847      -0.24398312790500      -0.45395089292331
    1     -1     64936.0000000000      -0.30724716335847      -0.24398312790500      -0.45395089292331
    1     -1     64936.0000000000       0.00000000000000       0.00000000000000       0.00000000000000
    1     -1     64936.0000000000       0.00000000000000       0.00000000000000       0.00000000000000
    1     -1     64936.0000000000      -0.30997501609544      -0.24956182690015      -0.44903717355125
    1     -1     64937.0000000000      -0.30997501609544      -0.24956182690015      -0.44903717355125
    1     -1     64938.0000000000      -0.30997501609544      -0.24956182690015      -0.44903717355125
    1     -1     64938.0000000000       0.00000000000000       0.00000000000000       0.00000000000000
    1     -1     64938.0000000000       0.00000000000000       0.00000000000000       0.00000000000000
    1     -1     64938.0000000000      -0.31253763967665      -0.25483611092975      -0.44427331636229
    1     -1     64939.0000000000      -0.31253763967665      -0.25483611092975      -0.44427331636229
    1     -1     64940.0000000000      -0.31253763967665      -0.25483611092975      -0.44427331636229
    1     -1     64940.0000000000       0.00000000000000       0.00000000000000       0.00000000000000
    1     -1     64940.0000000000       0.00000000000000       0.00000000000000       0.00000000000000
    1     -1     64940.0000000000      -0.31494908438476      -0.25982692440540      -0.43965559575562
    1     -1     64941.0000000000      -0.31494908438476      -0.25982692440540      -0.43965559575562
    1     -1     64942.0000000000      -0.31494908438476      -0.25982692440540      -0.43965559575562
    1     -1     64942.0000000000       0.00000000000000       0.00000000000000       0.00000000000000
    1     -1     64942.0000000000       0.00000000000000       0.00000000000000       0.00000000000000
    1     -1     64942.0000000000      -0.31722212094791      -0.26455350533845      -0.43517992609316
    1     -1     64943.0000000000      -0.31722212094791      -0.26455350533845      -0.43517992609316
    1     -1     64944.0000000000      -0.31722212094791      -0.26455350533845      -0.43517992609316
    1     -1     64944.0000000000       0.00000000000000       0.00000000000000       0.00000000000000
    1     -1     64944.0000000000       0.00000000000000       0.00000000000000       0.00000000000000
    1     -1     64944.0000000000      -0.31936836870219      -0.26903352504240      -0.43084197422694
    1     -1     64945.0000000000      -0.31936836870219      -0.26903352504240      -0.43084197422694
    1     -1     64946.0000000000      -0.31936836870219      -0.26903352504240      -0.43084197422694
    1     -1     64946.0000000000       0.00000000000000       0.00000000000000       0.00000000000000
    1     -1     64946.0000000000       0.00000000000000       0.00000000000000       0.00000000000000
    1     -1     64946.0000000000      -0.32139841126408      -0.27328321870718      -0.42663724976843
    1     -1     64947.0000000000      -0.32139841126408      -0.27328321870718      -0.42663724976843
    1     -1     64948.0000000000      -0.32139841126408      -0.27328321870718      -0.42663724976843
    1     -1     64948.0000000000       0.00000000000000       0.00000000000000       0.00000000000000
    1     -1     64948.0000000000       0.00000000000000       0.00000000000000       0.00000000000000
    1     -1     64948.0000000000      -0.32332190064984      -0.27731750661189      -0.42256117706995
    1     -1     64949.0000000000      -0.32332190064984      -0.27731750661189      -0.42256117706995
    1     -1     64950.0000000000      -0.32332190064984      -0.27731750661189      -0.42256117706995
    1     -1     64950.0000000000       0.00000000000000       0.00000000000000       0.00000000000000
    1     -1     64950.0000000000       0.00000000000000       0.00000000000000       0.00000000000000
    1     -1     64950.0000000000      -0.32514765081558      -0.28115010603971      -0.41860915222074
    1     -1     64951.0000000000      -0.32514765081558      -0.28115010603971      -0.41860915222074
    1     -1     64952.0000000000      -0.32514765081558      -0.28115010603971      -0.41860915222074
    1     -1     64952.0000000000       0.00000000000000       0.00000000000000       0.00000000000000
    1     -1     64952.0000000000       0.00000000000000       0.00000000000000       0.00000000000000
    1     -1     64952.0000000000      -0.32688372153971      -0.28479363424596      -0.41477658777387
    1     -1     64953.0000000000      -0.32688372153971      -0.28479363424596      -0.41477658777387
    1     -1     64954.0000000000      -0.32688372153971      -0.28479363424596      -0.41477658777387
    1     -1     64954.0000000000       0.00000000000000       0.00000000000000       0.00000000000000
    1     -1     64954.0000000000       0.00000000000000       0.00000000000000       0.00000000000000
    1     -1     64954.0000000000      -0.32853749363382      -0.28825970273357      -0.41105894752063
    1     -1     64955.0000000000      -0.32853749363382      -0.28825970273357      -0.41105894752063
    1     -1     64956.0000000000      -0.32853749363382      -0.28825970273357      -0.41105894752063
    1     -1     64956.0000000000       0.00000000000000       0.00000000000000       0.00000000000000
    1     -1     64956.0000000000       0.00000000000000       0.00000000000000       0.00000000000000
    1     -1     64956.0000000000      -0.33011573625520      -0.29155900350474      -0.40745177313642
    1     -1     64957.0000000000      -0.33011573625520      -0.29155900350474      -0.40745177313642
    1     -1     64958.0000000000      -0.33011573625520      -0.29155900350474      -0.40745177313642
    1     -1     64958.0000000000       0.00000000000000       0.00000000000000       0.00000000000000
    1  53410     64958.0000000000      312491375.669758081     -226027027.150294811       -5249331.388104743        8.7138985056474       15.3354068727422       -1.0727257135642        2397.1449294939
    1  53410     64958.0000000000      312491375.669758081     -226027027.150294811       -5249331.388104743        8.7138985056474       15.3354068727422       -1.0727257135642        2357.1449294939
    1     -1     64958.0000000000       0.00000000000000       0.00000000000000       0.00000000000000
    1     -1     64958.0000000000       0.55718468900940      -0.00715128026042      -0.22247265181170
    1     -1     64959.0000000000       0.55718468900940      -0.00715128026042      -0.22247265181170
    1     -1     64960.0000000000       0.55718468900940      -0.00715128026042      -0.22247265181170
    1     -1     64960.0000000000       0.00000000000000       0.00000000000000       0.00000000000000
    1     -1     64960.0000000000       0.00000000000000       0.00000000000000       0.00000000000000
    1     -1     64960.0000000000       0.55755959262121      -0.00817233277706      -0.22149607882093
    1     -1     64961.0000000000       0.55755959262121      -0.00817233277706      -0.22149607882093
    1     -1     64962.0000000000       0.55755959262121      -0.00817233277706      -0.22149607882093
    1     -1     64962.0000000000       0.00000000000000       0.00000000000000       0.00000000000000
    1     -1     64962.0000000000       0.00000000000000       0.00000000000000       0.00000000000000
    1     -1     64962.0000000000       0.55795234399985      -0.00928068916850      -0.22046099408656
    1     -1     64963.0000000000       0.55795234399985      -0.00928068916850      -0.22046099408656
    1     -1     64964.0000000000       0.55795234399985      -0.00928068916850      -0.22046099408656
    1     -1     64964.0000000000       0.00000000000000       0.00000000000000       0.00000000000000
    1     -1     64964.0000000000       0.00000000000000       0.00000000000000       0.00000000000000
    1     -1     64964.0000000000       0.55836307296364      -0.01047925342506      -0.21936468101829
    1     -1     64965.0000000000       0.55836307296364      -0.01047925342506      -0.21936468101829
    1     -1     64966.0000000000       0.55836307296364      -0.01047925342506      -0.21936468101829
    1     -1     64966.0000000000       0.00000000000000       0.00000000000000       0.00000000000000
    1     -1     64966.0000000000       0.00000000000000       0.00000000000000       0.00000000000000
    1     -1     64966.0000000000       0.55879185519121      -0.01177105857117      -0.21820427134243
    1     -1     64967.0000000000       0.55879185519121      -0.01177105857117      -0.21820427134243
    1     -1     64968.0000000000       0.55879185519121      -0.01177105857117      -0.21820427134243
    1     -1     64968.0000000000       0.00000000000000       0.00000000000000       0.00000000000000
    1     -1     64968.0000000000       0.00000000000000       0.00000000000000       0.00000000000000
    1     -1     64968.0000000000       0.55923870469346      -0.01315927305729      -0.21697673604648
    1     -1     64969.0000000000       0.55923870469346      -0.01315927305729      -0.21697673604648
    1     -1     64970.0000000000       0.55923870469346      -0.01315927305729      -0.21697673604648
    1     -1     64970.0000000000       0.00000000000000       0.00000000000000       0.00000000000000
    1     -1     64970.0000000000       0.00000000000000       0.00000000000000       0.00000000000000
    1     -1     64970.0000000000       0.55970356555210      -0.01464720742652      -0.21567887542101
    1     -1     64971.0000000000       0.55970356555210      -0.01464720742652      -0.21567887542101
    1     -1     64972.0000000000       0.55970356555210      -0.01464720742652      -0.21567887542101
    1     -1     64972.0000000000       0.00000000000000       0.00000000000000       0.00000000000000
    1     -1     64972.0000000000       0.00000000000000       0.00000000000000       0.00000000000000
    1     -1     64972.0000000000       0.56018630274916      -0.01623832126414      -0.21430730835590
    1     -1     64973.0000000000       0.56018630274916      -0.01623832126414      -0.21430730835590
    1     -1     64974.0000000000       0.56018630274916      -0.01623832126414      -0.21430730835590
    1     -1     64974.0000000000       0.00000000000000       0.00000000000000       0.00000000000000
    1     -1     64974.0000000000       0.00000000000000       0.00000000000000       0.00000000000000
    1     -1     64974.0000000000       0.56068669195389      -0.01793623034732      -0.21285846092352
    1     -1     64975.0000000000       0.56068669195389      -0.01793623034732      -0.21285846092352
    1     -1     64976.0000000000       0.56068669195389      -0.01793623034732      -0.21285846092352
    1     -1     64976.0000000000       0.00000000000000       0.00000000000000       0.00000000000000
    1     -1     64976.0000000000       0.00000000000000       0.00000000000000       0.00000000000000
    1     -1     64976.0000000000       0.56120440813930      -0.01974471403943      -0.21132855422900
    1     -1     64977.0000000000       0.56120440813930      -0.01974471403943      -0.21132855422900
    1     -1     64978.0000000000       0.56120440813930      -0.01974471403943      -0.21132855422900
    1     -1     64978.0000000000       0.00000000000000       0.00000000000000       0.00000000000000
    1     -1     64978.0000000000       0.00000000000000       0.00000000000000       0.00000000000000
    1     -1     64978.0000000000       0.56173901290016      -0.02166772285243      -0.20971359148216
    1     -1     64979.0000000000       0.56173901290016      -0.02166772285243      -0.20971359148216
    1     -1     64980.0000000000       0.56173901290016      -0.02166772285243      -0.20971359148216
    1     -1     64980.0000000000       0.00000000000000       0.00000000000000       0.00000000000000
    1     -1     64980.0000000000       0.00000000000000       0.00000000000000       0.00000000000000
    1     -1     64980.0000000000       0.56228994031951      -0.02370938620363      -0.20800934426445
    1     -1     64981.0000000000       0.56228994031951      -0.02370938620363      -0.20800934426445
    1     -1     64982.0000000000       0.56228994031951      -0.02370938620363      -0.20800934426445
    1     -1     64982.0000000000       0.00000000000000       0.00000000000000       0.00000000000000
    1     -1     64982.0000000000       0.00000000000000       0.00000000000000       0.00000000000000
    1     -1     64982.0000000000       0.56285648121219      -0.02587402026697      -0.20621133798280
    1     -1     64983.0000000000       0.56285648121219      -0.02587402026697      -0.20621133798280
    1     -1     64984.0000000000       0.56285648121219      -0.02587402026697      -0.20621133798280
    1     -1     64984.0000000000       0.00000000000000       0.00000000000000       0.00000000000000
    1     -1     64984.0000000000       0.00000000000000       0.00000000000000       0.00000000000000
    1     -1     64984.0000000000       0.56343776557403      -0.02816613590481      -0.20431483644889
    1     -1     64985.0000000000       0.56343776557403      -0.02816613590481      -0.20431483644889
    1     -1     64986.0000000000       0.56343776557403      -0.02816613590481      -0.20431483644889
    1     -1     64986.0000000000       0.00000000000000       0.00000000000000       0.00000000000000
    1     -1     64986.0000000000       0.00000000000000       0.00000000000000       0.00000000000000
    1     -1     64986.0000000000       0.56403274303024      -0.03059044661438      -0.20231482557074
    1     -1     64987.0000000000       0.56403274303024      -0.03059044661438      -0.20231482557074
    1     -1     64988.0000000000       0.56403274303024      -0.03059044661438      -0.20231482557074
    1     -1     64988.0000000000       0.00000000000000       0.00000000000000       0.00000000000000
    1     -1     64988.0000000000       0.00000000000000       0.00000000000000       0.00000000000000
    1     -1     64988.0000000000       0.56464016104060      -0.03315187628748      -0.20020599621056
    1     -1     64989.0000000000       0.56464016104060      -0.03315187628748      -0.20020599621056
    1     -1     64990.0000000000       0.56464016104060      -0.03315187628748      -0.20020599621056
    1     -1     64990.0000000000       0.00000000000000       0.00000000000000       0.00000000000000
    1     -1     64990.0000000000       0.00000000000000       0.00000000000000       0.00000000000000
    1     -1     64990.0000000000       0.56525854064219      -0.03585556680969      -0.19798272611473
    1     -1     64991.0000000000       0.56525854064219      -0.03585556680969      -0.19798272611473
    1     -1     64992.0000000000       0.56525854064219      -0.03585556680969      -0.19798272611473
    1     -1     64992.0000000000       0.00000000000000       0.00000000000000       0.00000000000000
    1     -1     64992.0000000000       0.00000000000000       0.00000000000000       0.00000000000000
    1     -1     64992.0000000000       0.56588614942569      -0.03870688517116      -0.19563906104997
    1     -1     64993.0000000000       0.56588614942569      -0.03870688517116      -0.19563906104997
    1     -1     64994.0000000000       0.56588614942569      -0.03870688517116      -0.19563906104997
    1     -1     64994.0000000000       0.00000000000000       0.00000000000000       0.00000000000000
    1     -1     64994.0000000000       0.00000000000000       0.00000000000000       0.00000000000000
    1     -1     64994.0000000000       0.56652097147536      -0.04171143005642      -0.19316869508610
    1     -1     64995.0000000000       0.56652097147536      -0.04171143005642      -0.19316869508610
    1     -1     64996.0000000000       0.56652097147536      -0.04171143005642      -0.19316869508610
    1     -1     64996.0000000000       0.00000000000000       0.00000000000000       0.00000000000000
    1     -1     64996.0000000000       0.00000000000000       0.00000000000000       0.00000000000000
    1     -1     64996.0000000000       0.56716067392650      -0.04487503755563      -0.19056495017609
    1     -1     64997.0000000000       0.56716067392650      -0.04487503755563      -0.19056495017609
    1     -1     64998.0000000000       0.56716067392650      -0.04487503755563      -0.19056495017609
    1     -1     64998.0000000000       0.00000000000000       0.00000000000000       0.00000000000000
    1     -1     64998.0000000000       0.00000000000000       0.00000000000000       0.00000000000000
    1     -1     64998.0000000000       0.56780256979859      -0.04820378575850      -0.18782075510620
    1     -1     64999.0000000000       0.56780256979859      -0.04820378575850      -0.18782075510620
    1     -1     65000.0000000000       0.56780256979859      -0.04820378575850      -0.18782075510620
    1     -1     65000.0000000000       0.00000000000000       0.00000000000000       0.00000000000000
    1     -1     65000.0000000000       0.00000000000000       0.00000000000000       0.00000000000000
    1     -1     65000.0000000000       0.56844357674420      -0.05170399807396      -0.18492862385642
    1     -1     65001.0000000000       0.56844357674420      -0.05170399807396      -0.18492862385642
    1     -1     65002.0000000000       0.56844357674420      -0.05170399807396      -0.18492862385642
    1     -1     65002.0000000000       0.00000000000000       0.00000000000000       0.00000000000000
    1     -1     65002.0000000000       0.00000000000000       0.00000000000000       0.00000000000000
    1     -1     65002.0000000000       0.56908017129172      -0.05538224481365      -0.18188063360895
    1     -1     65003.0000000000       0.56908017129172      -0.05538224481365      -0.18188063360895
    1     -1     65004.0000000000       0.56908017129172      -0.05538224481365      -0.18188063360895
    1     -1     65004.0000000000       0.00000000000000       0.00000000000000       0.00000000000000
    1     -1     65004.0000000000       0.00000000000000       0.00000000000000       0.00000000000000
    1     -1     65004.0000000000       0.56970833813563      -0.05924534241481      -0.17866840274904
    1     -1     65005.0000000000       0.56970833813563      -0.05924534241481      -0.17866840274904
    1     -1     65006.0000000000       0.56970833813563      -0.05924534241481      -0.17866840274904
    1     -1     65006.0000000000       0.00000000000000       0.00000000000000       0.00000000000000
    1     -1     65006.0000000000       0.00000000000000       0.00000000000000       0.00000000000000
    1     -1     65006.0000000000       0.57032351407101      -0.06330035036780      -0.17528306883728
    1     -1     65007.0000000000       0.57032351407101      -0.06330035036780      -0.17528306883728
    1     -1     65008.0000000000       0.57032351407101      -0.06330035036780      -0.17528306883728
    1     -1     65008.0000000000       0.00000000000000       0.00000000000000       0.00000000000000
    1     -1     65008.0000000000       0.00000000000000       0.00000000000000       0.00000000000000
    1     -1     65008.0000000000       0.57092052603387      -0.06755456386265      -0.17171526762213
    1     -1     65009.0000000000       0.57092052603387      -0.06755456386265      -0.17171526762213
    1     -1     65010.0000000000       0.57092052603387      -0.06755456386265      -0.17171526762213
    1     -1     65010.0000000000       0.00000000000000       0.00000000000000       0.00000000000000
    1     -1     65010.0000000000       0.00000000000000       0.00000000000000       0.00000000000000
    1     -1     65010.0000000000       0.57149352311271      -0.07201550082728      -0.16795511293442
    1     -1     65011.0000000000       0.57149352311271      -0.07201550082728      -0.16795511293442
    1     -1     65012.0000000000       0.57149352311271      -0.07201550082728      -0.16795511293442
    1     -1     65012.0000000000       0.00000000000000       0.00000000000000       0.00000000000000
    1     -1     65012.0000000000       0.00000000000000       0.00000000000000       0.00000000000000
    1     -1     65012.0000000000       0.57203590346847      -0.07669089256113      -0.16399216878006
    1     -1     65013.0000000000       0.57203590346847      -0.07669089256113      -0.16399216878006
    1     -1     65014.0000000000       0.57203590346847      -0.07669089256113      -0.16399216878006
    1     -1     65014.0000000000       0.00000000000000       0.00000000000000       0.00000000000000
    1     -1     65014.0000000000       0.00000000000000       0.00000000000000       0.00000000000000
    1     -1     65014.0000000000       0.57254024218736      -0.08158846846363      -0.15981549414808
    1     -1     65015.0000000000       0.57254024218736      -0.08158846846363      -0.15981549414808
    1     -1     65016.0000000000       0.57254024218736      -0.08158846846363      -0.15981549414808
    1     -1     65016.0000000000       0.00000000000000       0.00000000000000       0.00000000000000
    1     -1     65016.0000000000       0.00000000000000       0.00000000000000       0.00000000000000
    1     -1     65016.0000000000       0.35407899194561      -0.05358564457053      -0.09603648899931
    1     -1     65017.0000000000       0.35407899194561      -0.05358564457053      -0.09603648899931
    1     -1     65018.0000000000       0.35407899194561      -0.05358564457053      -0.09603648899931
    1     -1     65018.0000000000       0.00000000000000       0.00000000000000       0.00000000000000
    1     -1     65172.0000000000       0.00000000000000       0.00000000000000       0.00000000000000
    1     -1     65172.0000000000      -0.10367919564617      -0.18945020235425       0.22360654550159
    1     -1     65173.0000000000      -0.10367919564617      -0.18945020235425       0.22360654550159
    1     -1     65174.0000000000      -0.10367919564617      -0.18945020235425       0.22360654550159
    1     -1     65174.0000000000       0.00000000000000       0.00000000000000       0.00000000000000
    1     -1     65174.0000000000       0.00000000000000       0.00000000000000       0.00000000000000
    1     -1     65174.0000000000      -0.20671781290825      -0.36256581242628       0.43106122159863
    1     -1     65175.0000000000      -0.20671781290825      -0.36256581242628       0.43106122159863
    1     -1     65176.0000000000      -0.20671781290825      -0.36256581242628       0.43106122159863
    1     -1     65176.0000000000       0.00000000000000       0.00000000000000       0.00000000000000
    1     -1     65176.0000000000       0.00000000000000       0.00000000000000       0.00000000000000
    1     -1     65176.0000000000      -0.21314449374401      -0.35952773358582       0.43047558914444
    1     -1     65177.0000000000      -0.21314449374401      -0.35952773358582       0.43047558914444
    1     -1     65178.0000000000      -0.21314449374401      -0.35952773358582       0.43047558914444
    1     -1     65178.0000000000       0.00000000000000       0.00000000000000       0.00000000000000
    1     -1     65178.0000000000       0.00000000000000       0.00000000000000       0.00000000000000
    1     -1     65178.0000000000      -0.21939669498952      -0.35653689334658       0.42982151317779
    1     -1     65179.0000000000      -0.21939669498952      -0.35653689334658       0.42982151317779
    1     -1     65180.0000000000      -0.21939669498952      -0.35653689334658       0.42982151317779
    1     -1     65180.0000000000       0.00000000000000       0.00000000000000       0.00000000000000
    1     -1     65180.0000000000       0.00000000000000       0.00000000000000       0.00000000000000
    1     -1     65180.0000000000      -0.22548230287962      -0.35359407076345       0.42910250930172
    1     -1     65181.0000000000      -0.22548230287962      -0.35359407076345       0.42910250930172
    1     -1     65182.0000000000      -0.22548230287962      -0.35359407076345       0.42910250930172
    1     -1     65182.0000000000       0.00000000000000       0.00000000000000       0.00000000000000
    1     -1     65182.0000000000       0.00000000000000       0.00000000000000       0.00000000000000
    1     -1     65182.0000000000      -0.23140911220026      -0.35069972879021       0.42832175090364
    1     -1     65183.0000000000      -0.23140911220026      -0.35069972879021       0.42832175090364
    1     -1     65184.0000000000      -0.23140911220026      -0.35069972879021       0.42832175090364
    1     -1     65184.0000000000       0.00000000000000       0.00000000000000       0.00000000000000
    1     -1     65184.0000000000       0.00000000000000       0.00000000000000       0.00000000000000
    1     -1     65184.0000000000      -0.23718435960217      -0.34785427272026       0.42748214441117
    1     -1     65185.0000000000      -0.23718435960217      -0.34785427272026       0.42748214441117
    1     -1     65186.0000000000      -0.23718435960217      -0.34785427272026       0.42748214441117
    1     -1     65186.0000000000       0.00000000000000       0.00000000000000       0.00000000000000
    1     -1     65186.0000000000       0.00000000000000       0.00000000000000       0.00000000000000
    1     -1     65186.0000000000      -0.24281487510301      -0.34505800605230       0.42658634315684
    1     -1     65187.0000000000      -0.24281487510301      -0.34505800605230       0.42658634315684
    1     -1     65188.0000000000      -0.24281487510301      -0.34505800605230       0.42658634315684
    1     -1     65188.0000000000       0.00000000000000       0.00000000000000       0.00000000000000
    1     -1     65188.0000000000       0.00000000000000       0.00000000000000       0.00000000000000
    1     -1     65188.0000000000      -0.24830708674771      -0.34231115388153       0.42563677458505
    1     -1     65189.0000000000      -0.24830708674771      -0.34231115388153       0.42563677458505
    1     -1     65190.0000000000      -0.24830708674771      -0.34231115388153       0.42563677458505
    1     -1     65190.0000000000       0.00000000000000       0.00000000000000       0.00000000000000
    1     -1     65190.0000000000       0.00000000000000       0.00000000000000       0.00000000000000
    1     -1     65190.0000000000      -0.25366703834940      -0.33961387822955       0.42463566342092
    1     -1     65191.0000000000      -0.25366703834940      -0.33961387822955       0.42463566342092
    1     -1     65192.0000000000      -0.25366703834940      -0.33961387822955       0.42463566342092
    1     -1     65192.0000000000       0.00000000000000       0.00000000000000       0.00000000000000
    1     -1     65192.0000000000       0.00000000000000       0.00000000000000       0.00000000000000
    1     -1     65192.0000000000      -0.25890040963135      -0.33696629036276       0.42358505206379
    1     -1     65193.0000000000      -0.25890040963135      -0.33696629036276       0.42358505206379
    1     -1     65194.0000000000      -0.25890040963135      -0.33696629036276       0.42358505206379
    1     -1     65194.0000000000       0.00000000000000       0.00000000000000       0.00000000000000
    1     -1     65194.0000000000       0.00000000000000       0.00000000000000       0.00000000000000
    1     -1     65194.0000000000      -0.26401253574788      -0.33436846144580       0.42248681901137
    1     -1     65195.0000000000      -0.26401253574788      -0.33436846144580       0.42248681901137
    1     -1     65196.0000000000      -0.26401253574788      -0.33436846144580       0.42248681901137
    1     -1     65196.0000000000       0.00000000000000       0.00000000000000       0.00000000000000
    1     -1     65196.0000000000       0.00000000000000       0.00000000000000       0.00000000000000
    1     -1     65196.0000000000      -0.26900842584236      -0.33182043178250       0.42134269562613
    1     -1     65197.0000000000      -0.26900842584236      -0.33182043178250       0.42134269562613
    1     -1     65198.0000000000      -0.26900842584236      -0.33182043178250       0.42134269562613
    1     -1     65198.0000000000       0.00000000000000       0.00000000000000       0.00000000000000
    1     -1     65198.0000000000       0.00000000000000       0.00000000000000       0.00000000000000
    1     -1     65198.0000000000      -0.27389278104600      -0.32932221859023       0.42015428132259
    1     -1     65199.0000000000      -0.27389278104600      -0.32932221859023       0.42015428132259
    1     -1     65200.0000000000      -0.27389278104600      -0.32932221859023       0.42015428132259
    1     -1     65200.0000000000       0.00000000000000       0.00000000000000       0.00000000000000
    1     -1     65200.0000000000       0.00000000000000       0.00000000000000       0.00000000000000
    1     -1     65200.0000000000      -0.27867001146346      -0.32687382272953       0.41892305738064
    1     -1     65201.0000000000      -0.27867001146346      -0.32687382272953       0.41892305738064
    1     -1     65202.0000000000      -0.27867001146346      -0.32687382272953       0.41892305738064
    1     -1     65202.0000000000       0.00000000000000       0.00000000000000       0.00000000000000
    1     -1     65202.0000000000       0.00000000000000       0.00000000000000       0.00000000000000
    1     -1     65202.0000000000      -0.28334425248803      -0.32447523434843       0.41765039944495
    1     -1     65203.0000000000      -0.28334425248803      -0.32447523434843       0.41765039944495
    1     -1     65204.0000000000      -0.28334425248803      -0.32447523434843       0.41765039944495
    1     -1     65204.0000000000       0.00000000000000       0.00000000000000       0.00000000000000
    1     -1     65204.0000000000       0.00000000000000       0.00000000000000       0.00000000000000
    1     -1     65204.0000000000      -0.28791938036255      -0.32212643761599       0.41633758883925
    1     -1     65205.0000000000      -0.28791938036255      -0.32212643761599       0.41633758883925
    1     -1     65206.0000000000      -0.28791938036255      -0.32212643761599       0.41633758883925
    1     -1     65206.0000000000       0.00000000000000       0.00000000000000       0.00000000000000
    1     -1     65206.0000000000       0.00000000000000       0.00000000000000       0.00000000000000
    1     -1     65206.0000000000      -0.29239902677372      -0.31982741480498       0.41498582284332
    1     -1     65207.0000000000      -0.29239902677372      -0.31982741480498       0.41498582284332
    1     -1     65208.0000000000      -0.29239902677372      -0.31982741480498       0.41498582284332
    1     -1     65208.0000000000       0.00000000000000       0.00000000000000       0.00000000000000
    1     -1     65208.0000000000       0.00000000000000       0.00000000000000       0.00000000000000
    1     -1     65208.0000000000      -0.29678659301223      -0.31757814950106       0.41359622392821
    1     -1     65209.0000000000      -0.29678659301223      -0.31757814950106       0.41359622392821
    1     -1     65210.0000000000      -0.29678659301223      -0.31757814950106       0.41359622392821
    1     -1     65210.0000000000       0.00000000000000       0.00000000000000       0.00000000000000
    1     -1     65210.0000000000       0.00000000000000       0.00000000000000       0.00000000000000
    1     -1     65210.0000000000      -0.30108526322496      -0.31537862933525       0.41216984812984
    1     -1     65211.0000000000      -0.30108526322496      -0.31537862933525       0.41216984812984
    1     -1     65212.0000000000      -0.30108526322496      -0.31537862933525       0.41216984812984
    1     -1     65212.0000000000       0.00000000000000       0.00000000000000       0.00000000000000
    1     -1     65212.0000000000       0.00000000000000       0.00000000000000       0.00000000000000
    1     -1     65212.0000000000      -0.30529801708907      -0.31322884812968       0.41070769257568
    1     -1     65213.0000000000      -0.30529801708907      -0.31322884812968       0.41070769257568
    1     -1     65214.0000000000      -0.30529801708907      -0.31322884812968       0.41070769257568
    1     -1     65214.0000000000       0.00000000000000       0.00000000000000       0.00000000000000
    1     -1     65214.0000000000       0.00000000000000       0.00000000000000       0.00000000000000
    1     -1     65214.0000000000      -0.30942764211438      -0.31112880737513       0.40921070220226
    1     -1     65215.0000000000      -0.30942764211438      -0.31112880737513       0.40921070220226
    1     -1     65216.0000000000      -0.30942764211438      -0.31112880737513       0.40921070220226
    1     -1     65216.0000000000       0.00000000000000       0.00000000000000       0.00000000000000
    1     -1     65216.0000000000       0.00000000000000       0.00000000000000       0.00000000000000
    1     -1     65216.0000000000      -0.31347674525023      -0.30907851731818       0.40767977580414
    1     -1     65217.0000000000      -0.31347674525023      -0.30907851731818       0.40767977580414
    1     -1     65218.0000000000      -0.31347674525023      -0.30907851731818       0.40767977580414
    1     -1     65218.0000000000       0.00000000000000       0.00000000000000       0.00000000000000
    1     -1     65218.0000000000       0.00000000000000       0.00000000000000       0.00000000000000
    1     -1     65218.0000000000      -0.31744776389040      -0.30707799765767       0.40611577146861
    1     -1     65219.0000000000      -0.31744776389040      -0.30707799765767       0.40611577146861
    1     -1     65220.0000000000      -0.31744776389040      -0.30707799765767       0.40611577146861
    1     -1     65220.0000000000       0.00000000000000       0.00000000000000       0.00000000000000
    1     -1     65220.0000000000       0.00000000000000       0.00000000000000       0.00000000000000
    1     -1     65220.0000000000      -0.32134297625930      -0.30512727788507       0.40451951149390
    1     -1     65221.0000000000      -0.32134297625930      -0.30512727788507       0.40451951149390
    1     -1     65222.0000000000      -0.32134297625930      -0.30512727788507       0.40451951149390
    1     -1     65222.0000000000       0.00000000000000       0.00000000000000       0.00000000000000
    1     -1     65222.0000000000       0.00000000000000       0.00000000000000       0.00000000000000
    1     -1     65222.0000000000      -0.32516451069016      -0.30322639775483       0.40289178692580
    1     -1     65223.0000000000      -0.32516451069016      -0.30322639775483       0.40289178692580
    1     -1     65224.0000000000      -0.32516451069016      -0.30322639775483       0.40289178692580
    1     -1     65224.0000000000       0.00000000000000       0.00000000000000       0.00000000000000
    1     -1     65224.0000000000       0.00000000000000       0.00000000000000       0.00000000000000
    1     -1     65224.0000000000      -0.32891435422669      -0.30137540766666       0.40123336167048
    1     -1     65225.0000000000      -0.32891435422669      -0.30137540766666       0.40123336167048
    1     -1     65226.0000000000      -0.32891435422669      -0.30137540766666       0.40123336167048
    1     -1     65226.0000000000       0.00000000000000       0.00000000000000       0.00000000000000
    1     -1     65226.0000000000       0.00000000000000       0.00000000000000       0.00000000000000
    1     -1     65226.0000000000      -0.33259436068510      -0.29957436896665       0.39954497616502
    1     -1     65227.0000000000      -0.33259436068510      -0.29957436896665       0.39954497616502
    1     -1     65228.0000000000      -0.33259436068510      -0.29957436896665       0.39954497616502
    1     -1     65228.0000000000       0.00000000000000       0.00000000000000       0.00000000000000
    1     -1     65228.0000000000       0.00000000000000       0.00000000000000       0.00000000000000
    1     -1     65228.0000000000      -0.33620625848430      -0.29782335396077       0.39782735058257
    1     -1     65229.0000000000      -0.33620625848430      -0.29782335396077       0.39782735058257
    1     -1     65230.0000000000      -0.33620625848430      -0.29782335396077       0.39782735058257
    1     -1     65230.0000000000       0.00000000000000       0.00000000000000       0.00000000000000
    1     -1     65230.0000000000       0.00000000000000       0.00000000000000       0.00000000000000
    1     -1     65230.0000000000      -0.33975165829429      -0.29612244561325       0.39608118759960
    1     -1     65231.0000000000      -0.33975165829429      -0.29612244561325       0.39608118759960
    1     -1     65232.0000000000      -0.33975165829429      -0.29612244561325       0.39608118759960
    1     -1     65232.0000000000       0.00000000000000       0.00000000000000       0.00000000000000
    1     -1     65232.0000000000       0.00000000000000       0.00000000000000       0.00000000000000
    1     -1     65232.0000000000      -0.34323206040406      -0.29447173699206       0.39430717480621
    1     -1     65233.0000000000      -0.34323206040406      -0.29447173699206       0.39430717480621
    1     -1     65234.0000000000      -0.34323206040406      -0.29447173699206       0.39430717480621
    1     -1     65234.0000000000       0.00000000000000       0.00000000000000       0.00000000000000
    1     -1     65234.0000000000       0.00000000000000       0.00000000000000       0.00000000000000
    1     -1     65234.0000000000      -0.34664886167190      -0.29287133057588       0.39250598684389
    1     -1     65235.0000000000      -0.34664886167190      -0.29287133057588       0.39250598684389
    1     -1     65236.0000000000      -0.34664886167190      -0.29287133057588       0.39250598684389
    1     -1     65236.0000000000       0.00000000000000       0.00000000000000       0.00000000000000
    1     -1     65236.0000000000       0.00000000000000       0.00000000000000       0.00000000000000
    1     -1     65236.0000000000      -0.35000336202853      -0.29132133750874       0.39067828729128
    1     -1     65237.0000000000      -0.35000336202853      -0.29132133750874       0.39067828729128
    1     -1     65238.0000000000      -0.35000336202853      -0.29132133750874       0.39067828729128
    1     -1     65238.0000000000       0.00000000000000       0.00000000000000       0.00000000000000
    1     -1     65238.0000000000       0.00000000000000       0.00000000000000       0.00000000000000
    1     -1     65238.0000000000      -0.35329677051755      -0.28982187684503       0.38882473033990
    1     -1     65239.0000000000      -0.35329677051755      -0.28982187684503       0.38882473033990
    1     -1     65240.0000000000      -0.35329677051755      -0.28982187684503       0.38882473033990
    1     -1     65240.0000000000       0.00000000000000       0.00000000000000       0.00000000000000
    1     -1     65240.0000000000       0.00000000000000       0.00000000000000       0.00000000000000
    1     -1     65240.0000000000      -0.35653021095239      -0.28837307477086       0.38694596225500
    1     -1     65241.0000000000      -0.35653021095239      -0.28837307477086       0.38694596225500
    1     -1     65242.0000000000      -0.35653021095239      -0.28837307477086       0.38694596225500
    1     -1     65242.0000000000       0.00000000000000       0.00000000000000       0.00000000000000
    1     -1     65242.0000000000       0.00000000000000       0.00000000000000       0.00000000000000
    1     -1     65242.0000000000      -0.35891498466365      -0.28731910215116       0.38552271865993
    1     -1     65243.0000000000      -0.35891498466365      -0.28731910215116       0.38552271865993
    1     -1     65243.0000000000       0.00000000000000       0.00000000000000       0.00000000000000
    1  16118     65243.0000000000      284353227.872283578      206466890.730814546      -25931462.710956749      -13.2076183860244       14.3771692979321        0.8911626182260        2186.3050764174
    1  16118     65243.0000000000      284353227.872283578      206466890.730814546      -25931462.710956749      -13.2076183860244       14.3771692979321        0.8911626182260        2146.3050764174
    1     -1     65243.0000000000       0.00000000000000       0.00000000000000       0.00000000000000
    1     -1     65243.0000000000       0.40185220376855       0.36924110018863       0.24935078812357
    1     -1     65244.0000000000       0.40185220376855       0.36924110018863       0.24935078812357
    1     -1     65245.0000000000       0.40185220376855       0.36924110018863       0.24935078812357
    1     -1     65245.0000000000       0.00000000000000       0.00000000000000       0.00000000000000
    1     -1     65245.0000000000       0.00000000000000       0.00000000000000       0.00000000000000
    1     -1     65245.0000000000       0.40515417183513       0.36546192023139       0.24957500112265
    1     -1     65246.0000000000       0.40515417183513       0.36546192023139       0.24957500112265
    1     -1     65247.0000000000       0.40515417183513       0.36546192023139       0.24957500112265
    1     -1     65247.0000000000       0.00000000000000       0.00000000000000       0.00000000000000
    1     -1     65247.0000000000       0.00000000000000       0.00000000000000       0.00000000000000
    1     -1     65247.0000000000       0.40861132910415       0.36148739745902       0.24972713606264
    1     -1     65248.0000000000       0.40861132910415       0.36148739745902       0.24972713606264
    1     -1     65249.0000000000       0.40861132910415       0.36148739745902       0.24972713606264
    1     -1     65249.0000000000       0.00000000000000       0.00000000000000       0.00000000000000
    1     -1     65249.0000000000       0.00000000000000       0.00000000000000       0.00000000000000
    1     -1     65249.0000000000       0.41222847421233       0.35730497735411       0.24980159624501
    1     -1     65250.0000000000       0.41222847421233       0.35730497735411       0.24980159624501
    1     -1     65251.0000000000       0.41222847421233       0.35730497735411       0.24980159624501
    1     -1     65251.0000000000       0.00000000000000       0.00000000000000       0.00000000000000
    1     -1     65251.0000000000       0.00000000000000       0.00000000000000       0.00000000000000
    1     -1     65251.0000000000       0.41601045823092       0.35290100382725       0.24979227253903
    1     -1     65252.0000000000       0.41601045823092       0.35290100382725       0.24979227253903
    1     -1     65253.0000000000       0.41601045823092       0.35290100382725       0.24979227253903
    1     -1     65253.0000000000       0.00000000000000       0.00000000000000       0.00000000000000
    1     -1     65253.0000000000       0.00000000000000       0.00000000000000       0.00000000000000
    1     -1     65253.0000000000       0.41996215442243       0.34826062607445       0.24969245975620
    1     -1     65254.0000000000       0.41996215442243       0.34826062607445       0.24969245975620
    1     -1     65255.0000000000       0.41996215442243       0.34826062607445       0.24969245975620
    1     -1     65255.0000000000       0.00000000000000       0.00000000000000       0.00000000000000
    1     -1     65255.0000000000       0.00000000000000       0.00000000000000       0.00000000000000
    1     -1     65255.0000000000       0.42408839039656       0.34336770014963       0.24949480737043
    1     -1     65256.0000000000       0.42408839039656       0.34336770014963       0.24949480737043
    1     -1     65257.0000000000       0.42408839039656       0.34336770014963       0.24949480737043
    1     -1     65257.0000000000       0.00000000000000       0.00000000000000       0.00000000000000
    1     -1     65257.0000000000       0.00000000000000       0.00000000000000       0.00000000000000
    1     -1     65257.0000000000       0.42839390901259       0.33820464450931       0.24919124469622
    1     -1     65258.0000000000       0.42839390901259       0.33820464450931       0.24919124469622
    1     -1     65259.0000000000       0.42839390901259       0.33820464450931       0.24919124469622
    1     -1     65259.0000000000       0.00000000000000       0.00000000000000       0.00000000000000
    1     -1     65259.0000000000       0.00000000000000       0.00000000000000       0.00000000000000
    1     -1     65259.0000000000       0.43288329652722       0.33275230615763       0.24877289565889
    1     -1     65260.0000000000       0.43288329652722       0.33275230615763       0.24877289565889
    1     -1     65261.0000000000       0.43288329652722       0.33275230615763       0.24877289565889
    1     -1     65261.0000000000       0.00000000000000       0.00000000000000       0.00000000000000
    1     -1     65261.0000000000       0.00000000000000       0.00000000000000       0.00000000000000
    1     -1     65261.0000000000       0.43756089215420       0.32698981484191       0.24822998595431
    1     -1     65262.0000000000       0.43756089215420       0.32698981484191       0.24822998595431
    1     -1     65263.0000000000       0.43756089215420       0.32698981484191       0.24822998595431
    1     -1     65263.0000000000       0.00000000000000       0.00000000000000       0.00000000000000
    1     -1     65263.0000000000       0.00000000000000       0.00000000000000       0.00000000000000
    1     -1     65263.0000000000       0.44243067648643       0.32089442636879       0.24755173784323
    1     -1     65264.0000000000       0.44243067648643       0.32089442636879       0.24755173784323
    1     -1     65265.0000000000       0.44243067648643       0.32089442636879       0.24755173784323
    1     -1     65265.0000000000       0.00000000000000       0.00000000000000       0.00000000000000
    1     -1     65265.0000000000       0.00000000000000       0.00000000000000       0.00000000000000
    1     -1     65265.0000000000       0.44749613087702       0.31444135895339       0.24672625298019
    1     -1     65266.0000000000       0.44749613087702       0.31444135895339       0.24672625298019
    1     -1     65267.0000000000       0.44749613087702       0.31444135895339       0.24672625298019
    1     -1     65267.0000000000       0.00000000000000       0.00000000000000       0.00000000000000
    1     -1     65267.0000000000       0.00000000000000       0.00000000000000       0.00000000000000
    1     -1     65267.0000000000       0.45276007229194       0.30760360745633       0.24574038515890
    1     -1     65268.0000000000       0.45276007229194       0.30760360745633       0.24574038515890
    1     -1     65269.0000000000       0.45276007229194       0.30760360745633       0.24574038515890
    1     -1     65269.0000000000       0.00000000000000       0.00000000000000       0.00000000000000
    1     -1     65269.0000000000       0.00000000000000       0.00000000000000       0.00000000000000
    1     -1     65269.0000000000       0.45822443960555       0.30035176432636       0.24457959827880
    1     -1     65270.0000000000       0.45822443960555       0.30035176432636       0.24457959827880
    1     -1     65271.0000000000       0.45822443960555       0.30035176432636       0.24457959827880
    1     -1     65271.0000000000       0.00000000000000       0.00000000000000       0.00000000000000
    1     -1     65271.0000000000       0.00000000000000       0.00000000000000       0.00000000000000
    1     -1     65271.0000000000       0.46389004078700       0.29265382471534       0.24322781135823
    1     -1     65272.0000000000       0.46389004078700       0.29265382471534       0.24322781135823
    1     -1     65273.0000000000       0.46389004078700       0.29265382471534       0.24322781135823
    1     -1     65273.0000000000       0.00000000000000       0.00000000000000       0.00000000000000
    1     -1     65273.0000000000       0.00000000000000       0.00000000000000       0.00000000000000
    1     -1     65273.0000000000       0.46975624288442       0.28447499712910       0.24166722483512
    1     -1     65274.0000000000       0.46975624288442       0.28447499712910       0.24166722483512
    1     -1     65275.0000000000       0.46975624288442       0.28447499712910       0.24166722483512
    1     -1     65275.0000000000       0.00000000000000       0.00000000000000       0.00000000000000
    1     -1     65275.0000000000       0.00000000000000       0.00000000000000       0.00000000000000
    1     -1     65275.0000000000       0.43795280375003       0.25383009397316       0.22078767880483
    1     -1     65276.0000000000       0.43795280375003       0.25383009397316       0.22078767880483
    1     -1     65277.0000000000       0.43795280375003       0.25383009397316       0.22078767880483
    1     -1     65277.0000000000       0.00000000000000       0.00000000000000       0.00000000000000
    1     -1     65379.0000000000       0.00000000000000       0.00000000000000       0.00000000000000
    1     -1     65379.0000000000       0.03285243035303      -0.18876424090207      -0.07981376802883
    1     -1     65380.0000000000       0.03285243035303      -0.18876424090207      -0.07981376802883
    1     -1     65381.0000000000       0.03285243035303      -0.18876424090207      -0.07981376802883
    1     -1     65381.0000000000       0.00000000000000       0.00000000000000       0.00000000000000
    1     -1     65381.0000000000       0.00000000000000       0.00000000000000       0.00000000000000
    1     -1     65381.0000000000       0.08431592932888      -0.54648433393278      -0.23290705465368
    1     -1     65382.0000000000       0.08431592932888      -0.54648433393278      -0.23290705465368
    1     -1     65383.0000000000       0.08431592932888      -0.54648433393278      -0.23290705465368
    1     -1     65383.0000000000       0.00000000000000       0.00000000000000       0.00000000000000
    1     -1     65383.0000000000       0.00000000000000       0.00000000000000       0.00000000000000
    1     -1     65383.0000000000       0.07416023954406      -0.54712472078078      -0.23485058667442
    1     -1     65384.0000000000       0.07416023954406      -0.54712472078078      -0.23485058667442
    1     -1     65385.0000000000       0.07416023954406      -0.54712472078078      -0.23485058667442
    1     -1     65385.0000000000       0.00000000000000       0.00000000000000       0.00000000000000
    1     -1     65385.0000000000       0.00000000000000       0.00000000000000       0.00000000000000
    1     -1     65385.0000000000       0.06447420887887      -0.54761122168643      -0.23656928277471
    1     -1     65386.0000000000       0.06447420887887      -0.54761122168643      -0.23656928277471
    1     -1     65387.0000000000       0.06447420887887      -0.54761122168643      -0.23656928277471
    1     -1     65387.0000000000       0.00000000000000       0.00000000000000       0.00000000000000
    1     -1     65387.0000000000       0.00000000000000       0.00000000000000       0.00000000000000
    1     -1     65387.0000000000       0.05523374500299      -0.54796609922226      -0.23808063087131
    1     -1     65388.0000000000       0.05523374500299      -0.54796609922226      -0.23808063087131
    1     -1     65389.0000000000       0.05523374500299      -0.54796609922226      -0.23808063087131
    1     -1     65389.0000000000       0.00000000000000       0.00000000000000       0.00000000000000
    1     -1     65389.0000000000       0.00000000000000       0.00000000000000       0.00000000000000
    1     -1     65389.0000000000       0.04641591392140      -0.54820886338797      -0.23940051027037
    1     -1     65390.0000000000       0.04641591392140      -0.54820886338797      -0.23940051027037
    1     -1     65391.0000000000       0.04641591392140      -0.54820886338797      -0.23940051027037
    1     -1     65391.0000000000       0.00000000000000       0.00000000000000       0.00000000000000
    1     -1     65391.0000000000       0.00000000000000       0.00000000000000       0.00000000000000
    1     -1     65391.0000000000       0.03799898223709      -0.54835661417172      -0.24054334395920
    1     -1     65392.0000000000       0.03799898223709      -0.54835661417172      -0.24054334395920
    1     -1     65393.0000000000       0.03799898223709      -0.54835661417172      -0.24054334395920
    1     -1     65393.0000000000       0.00000000000000       0.00000000000000       0.00000000000000
    1     -1     65393.0000000000       0.00000000000000       0.00000000000000       0.00000000000000
    1     -1     65393.0000000000       0.02996243068455      -0.54842434247109      -0.24152224040992
    1     -1     65394.0000000000       0.02996243068455      -0.54842434247109      -0.24152224040992
    1     -1     65395.0000000000       0.02996243068455      -0.54842434247109      -0.24152224040992
    1     -1     65395.0000000000       0.00000000000000       0.00000000000000       0.00000000000000
    1     -1     65395.0000000000       0.00000000000000       0.00000000000000       0.00000000000000
    1     -1     65395.0000000000       0.02228694383526      -0.54842519453058      -0.24234912299941
    1     -1     65396.0000000000       0.02228694383526      -0.54842519453058      -0.24234912299941
    1     -1     65397.0000000000       0.02228694383526      -0.54842519453058      -0.24234912299941
    1     -1     65397.0000000000       0.00000000000000       0.00000000000000       0.00000000000000
    1     -1     65397.0000000000       0.00000000000000       0.00000000000000       0.00000000000000
    1     -1     65397.0000000000       0.01495438231820      -0.54837070309401      -0.24303484877206
    1     -1     65398.0000000000       0.01495438231820      -0.54837070309401      -0.24303484877206
    1     -1     65399.0000000000       0.01495438231820      -0.54837070309401      -0.24303484877206
    1     -1     65399.0000000000       0.00000000000000       0.00000000000000       0.00000000000000
    1     -1     65399.0000000000       0.00000000000000       0.00000000000000       0.00000000000000
    1     -1     65399.0000000000       0.00794774330841      -0.54827098979913      -0.24358931503862
    1     -1     65400.0000000000       0.00794774330841      -0.54827098979913      -0.24358931503862
    1     -1     65401.0000000000       0.00794774330841      -0.54827098979913      -0.24358931503862
    1     -1     65401.0000000000       0.00000000000000       0.00000000000000       0.00000000000000
    1     -1     65401.0000000000       0.00000000000000       0.00000000000000       0.00000000000000
    1     -1     65401.0000000000       0.00125111268305      -0.54813494131876      -0.24402155663493
    1     -1     65402.0000000000       0.00125111268305      -0.54813494131876      -0.24402155663493
    1     -1     65403.0000000000       0.00125111268305      -0.54813494131876      -0.24402155663493
    1     -1     65403.0000000000       0.00000000000000       0.00000000000000       0.00000000000000
    1     -1     65403.0000000000       0.00000000000000       0.00000000000000       0.00000000000000
    1     -1     65403.0000000000      -0.00515038767420      -0.54797036310096      -0.24433983291678
    1     -1     65404.0000000000      -0.00515038767420      -0.54797036310096      -0.24433983291678
    1     -1     65405.0000000000      -0.00515038767420      -0.54797036310096      -0.24433983291678
    1     -1     65405.0000000000       0.00000000000000       0.00000000000000       0.00000000000000
    1     -1     65405.0000000000       0.00000000000000       0.00000000000000       0.00000000000000
    1     -1     65405.0000000000      -0.01127065524052      -0.54778411331076      -0.24455170581043
    1     -1     65406.0000000000      -0.01127065524052      -0.54778411331076      -0.24455170581043
    1     -1     65407.0000000000      -0.01127065524052      -0.54778411331076      -0.24455170581043
    1     -1     65407.0000000000       0.00000000000000       0.00000000000000       0.00000000000000
    1     -1     65407.0000000000       0.00000000000000       0.00000000000000       0.00000000000000
    1     -1     65407.0000000000      -0.01712266329995      -0.54758221933462      -0.24466411005720
    1     -1     65408.0000000000      -0.01712266329995      -0.54758221933462      -0.24466411005720
    1     -1     65409.0000000000      -0.01712266329995      -0.54758221933462      -0.24466411005720
    1     -1     65409.0000000000       0.00000000000000       0.00000000000000       0.00000000000000
    1     -1     65409.0000000000       0.00000000000000       0.00000000000000       0.00000000000000
    1     -1     65409.0000000000      -0.02271851708789      -0.54736997931208      -0.24468341588514
    1     -1     65410.0000000000      -0.02271851708789      -0.54736997931208      -0.24468341588514
    1     -1     65411.0000000000      -0.02271851708789      -0.54736997931208      -0.24468341588514
    1     -1     65411.0000000000       0.00000000000000       0.00000000000000       0.00000000000000
    1     -1     65411.0000000000       0.00000000000000       0.00000000000000       0.00000000000000
    1     -1     65411.0000000000      -0.02806950875878      -0.54715205054031      -0.24461548509358
    1     -1     65412.0000000000      -0.02806950875878      -0.54715205054031      -0.24461548509358
    1     -1     65413.0000000000      -0.02806950875878      -0.54715205054031      -0.24461548509358
    1     -1     65413.0000000000       0.00000000000000       0.00000000000000       0.00000000000000
    1     -1     65413.0000000000       0.00000000000000       0.00000000000000       0.00000000000000
    1     -1     65413.0000000000      -0.03318617058544      -0.54693252643912      -0.24446572128787
    1     -1     65414.0000000000      -0.03318617058544      -0.54693252643912      -0.24446572128787
    1     -1     65415.0000000000      -0.03318617058544      -0.54693252643912      -0.24446572128787
    1     -1     65415.0000000000       0.00000000000000       0.00000000000000       0.00000000000000
    1     -1     65415.0000000000       0.00000000000000       0.00000000000000       0.00000000000000
    1     -1     65415.0000000000      -0.03807832592803      -0.54671500377869      -0.24423911443048
    1     -1     65416.0000000000      -0.03807832592803      -0.54671500377869      -0.24423911443048
    1     -1     65417.0000000000      -0.03807832592803      -0.54671500377869      -0.24423911443048
    1     -1     65417.0000000000       0.00000000000000       0.00000000000000       0.00000000000000
    1     -1     65417.0000000000       0.00000000000000       0.00000000000000       0.00000000000000
    1     -1     65417.0000000000      -0.04275513773211      -0.54650264106807      -0.24394028118196
    1     -1     65418.0000000000      -0.04275513773211      -0.54650264106807      -0.24394028118196
    1     -1     65419.0000000000      -0.04275513773211      -0.54650264106807      -0.24394028118196
    1     -1     65419.0000000000       0.00000000000000       0.00000000000000       0.00000000000000
    1     -1     65419.0000000000       0.00000000000000       0.00000000000000       0.00000000000000
    1     -1     65419.0000000000      -0.04722515440646      -0.54629820974160      -0.24357350041499
    1     -1     65420.0000000000      -0.04722515440646      -0.54629820974160      -0.24357350041499
    1     -1     65421.0000000000      -0.04722515440646      -0.54629820974160      -0.24357350041499
    1     -1     65421.0000000000       0.00000000000000       0.00000000000000       0.00000000000000
    1     -1     65421.0000000000       0.00000000000000       0.00000000000000       0.00000000000000
    1     -1     65421.0000000000      -0.05149635294774      -0.54610413870064      -0.24314274533104
    1     -1     65422.0000000000      -0.05149635294774      -0.54610413870064      -0.24314274533104
    1     -1     65423.0000000000      -0.05149635294774      -0.54610413870064      -0.24314274533104
    1     -1     65423.0000000000       0.00000000000000       0.00000000000000       0.00000000000000
    1     -1     65423.0000000000       0.00000000000000       0.00000000000000       0.00000000000000
    1     -1     65423.0000000000      -0.05557617958673      -0.54592255337596      -0.24265171183820
    1     -1     65424.0000000000      -0.05557617958673      -0.54592255337596      -0.24265171183820
    1     -1     65425.0000000000      -0.05557617958673      -0.54592255337596      -0.24265171183820
    1     -1     65425.0000000000       0.00000000000000       0.00000000000000       0.00000000000000
    1     -1     65425.0000000000       0.00000000000000       0.00000000000000       0.00000000000000
    1     -1     65425.0000000000      -0.05947158748857      -0.54575530975791      -0.24210384431612
    1     -1     65426.0000000000      -0.05947158748857      -0.54575530975791      -0.24210384431612
    1     -1     65427.0000000000      -0.05947158748857      -0.54575530975791      -0.24210384431612
    1     -1     65427.0000000000       0.00000000000000       0.00000000000000       0.00000000000000
    1     -1     65427.0000000000       0.00000000000000       0.00000000000000       0.00000000000000
    1     -1     65427.0000000000      -0.06318907220825      -0.54560402431658      -0.24150235833842
    1     -1     65428.0000000000      -0.06318907220825      -0.54560402431658      -0.24150235833842
    1     -1     65429.0000000000      -0.06318907220825      -0.54560402431658      -0.24150235833842
    1     -1     65429.0000000000       0.00000000000000       0.00000000000000       0.00000000000000
    1     -1     65429.0000000000       0.00000000000000       0.00000000000000       0.00000000000000
    1     -1     65429.0000000000      -0.06673470458140      -0.54547010014884      -0.24085026121648
    1     -1     65430.0000000000      -0.06673470458140      -0.54547010014884      -0.24085026121648
    1     -1     65431.0000000000      -0.06673470458140      -0.54547010014884      -0.24085026121648
    1     -1     65431.0000000000       0.00000000000000       0.00000000000000       0.00000000000000
    1     -1     65431.0000000000       0.00000000000000       0.00000000000000       0.00000000000000
    1     -1     65431.0000000000      -0.07011416129198      -0.54535474994347      -0.24015037035246
    1     -1     65432.0000000000      -0.07011416129198      -0.54535474994347      -0.24015037035246
    1     -1     65433.0000000000      -0.07011416129198      -0.54535474994347      -0.24015037035246
    1     -1     65433.0000000000       0.00000000000000       0.00000000000000       0.00000000000000
    1     -1     65433.0000000000       0.00000000000000       0.00000000000000       0.00000000000000
    1     -1     65433.0000000000      -0.07333275321490      -0.54525901619451      -0.23940532960759
    1     -1     65434.0000000000      -0.07333275321490      -0.54525901619451      -0.23940532960759
    1     -1     65435.0000000000      -0.07333275321490      -0.54525901619451      -0.23940532960759
    1     -1     65435.0000000000       0.00000000000000       0.00000000000000       0.00000000000000
    1     -1     65435.0000000000       0.00000000000000       0.00000000000000       0.00000000000000
    1     -1     65435.0000000000      -0.07639545194974      -0.54518378880084      -0.23861762430751
    1     -1     65436.0000000000      -0.07639545194974      -0.54518378880084      -0.23861762430751
    1     -1     65437.0000000000      -0.07639545194974      -0.54518378880084      -0.23861762430751
    1     -1     65437.0000000000       0.00000000000000       0.00000000000000       0.00000000000000
    1     -1     65437.0000000000       0.00000000000000       0.00000000000000       0.00000000000000
    1     -1     65437.0000000000      -0.07930691399659      -0.54512982084211      -0.23778959418146
    1     -1     65438.0000000000      -0.07930691399659      -0.54512982084211      -0.23778959418146
    1     -1     65439.0000000000      -0.07930691399659      -0.54512982084211      -0.23778959418146
    1     -1     65439.0000000000       0.00000000000000       0.00000000000000       0.00000000000000
    1     -1     65439.0000000000       0.00000000000000       0.00000000000000       0.00000000000000
    1     -1     65439.0000000000      -0.08207150357227      -0.54509774216895      -0.23692344557620
    1     -1     65440.0000000000      -0.08207150357227      -0.54509774216895      -0.23692344557620
    1     -1     65441.0000000000      -0.08207150357227      -0.54509774216895      -0.23692344557620
    1     -1     65441.0000000000       0.00000000000000       0.00000000000000       0.00000000000000
    1     -1     65441.0000000000       0.00000000000000       0.00000000000000       0.00000000000000
    1     -1     65441.0000000000      -0.08469331353327      -0.54508807149483      -0.23602126225577
    1     -1     65442.0000000000      -0.08469331353327      -0.54508807149483      -0.23602126225577
    1     -1     65443.0000000000      -0.08469331353327      -0.54508807149483      -0.23602126225577
    1     -1     65443.0000000000       0.00000000000000       0.00000000000000       0.00000000000000
    1     -1     65443.0000000000       0.00000000000000       0.00000000000000       0.00000000000000
    1     -1     65443.0000000000      -0.08717618465873      -0.54510122728498      -0.23508501466651
    1     -1     65444.0000000000      -0.08717618465873      -0.54510122728498      -0.23508501466651
    1     -1     65445.0000000000      -0.08717618465873      -0.54510122728498      -0.23508501466651
    1     -1     65445.0000000000       0.00000000000000       0.00000000000000       0.00000000000000
    1     -1     65445.0000000000       0.00000000000000       0.00000000000000       0.00000000000000
    1     -1     65445.0000000000      -0.08952372374968      -0.54513753699282      -0.23411656910050
    1     -1     65446.0000000000      -0.08952372374968      -0.54513753699282      -0.23411656910050
    1     -1     65447.0000000000      -0.08952372374968      -0.54513753699282      -0.23411656910050
    1     -1     65447.0000000000       0.00000000000000       0.00000000000000       0.00000000000000
    1     -1     65447.0000000000       0.00000000000000       0.00000000000000       0.00000000000000
    1     -1     65447.0000000000      -0.09173932020189      -0.54519724547490      -0.23311769545764
    1     -1     65448.0000000000      -0.09173932020189      -0.54519724547490      -0.23311769545764
    1     -1     65449.0000000000      -0.09173932020189      -0.54519724547490      -0.23311769545764
    1     -1     65449.0000000000       0.00000000000000       0.00000000000000       0.00000000000000
    1     -1     65449.0000000000       0.00000000000000       0.00000000000000       0.00000000000000
    1     -1     65449.0000000000      -0.09382616139381      -0.54528052252172      -0.23209007405863
    1     -1     65450.0000000000      -0.09382616139381      -0.54528052252172      -0.23209007405863
    1     -1     65451.0000000000      -0.09382616139381      -0.54528052252172      -0.23209007405863
    1     -1     65451.0000000000       0.00000000000000       0.00000000000000       0.00000000000000
    1     -1     65451.0000000000       0.00000000000000       0.00000000000000       0.00000000000000
    1     -1     65451.0000000000      -0.09578724697657      -0.54538746908853      -0.23103530283889
    1     -1     65452.0000000000      -0.09578724697657      -0.54538746908853      -0.23103530283889
    1     -1     65453.0000000000      -0.09578724697657      -0.54538746908853      -0.23103530283889
    1     -1     65453.0000000000       0.00000000000000       0.00000000000000       0.00000000000000
    1  23760     65453.0000000000      -45164943.254962839      319452517.013743341        2754622.422261110      -20.5135066709866       -5.3605623030418        1.2137932235408        2005.5165499313
    1  23760     65453.0000000000      -45164943.254962839      319452517.013743341        2754622.422261110      -20.5135066709866       -5.3605623030418        1.2137932235408        1965.5165499313
    1     -1     65453.0000000000       0.00000000000000       0.00000000000000       0.00000000000000
    1     -1     65453.0000000000      -0.57294289798007      -0.00740808966142      -0.17799313228822
    1     -1     65454.0000000000      -0.57294289798007      -0.00740808966142      -0.17799313228822
    1     -1     65455.0000000000      -0.57294289798007      -0.00740808966142      -0.17799313228822
    1     -1     65455.0000000000       0.00000000000000       0.00000000000000       0.00000000000000
    1     -1     65455.0000000000       0.00000000000000       0.00000000000000       0.00000000000000
    1     -1     65455.0000000000      -0.57107066219401      -0.00691791717130      -0.18393053167787
    1     -1     65456.0000000000      -0.57107066219401      -0.00691791717130      -0.18393053167787
    1     -1     65457.0000000000      -0.57107066219401      -0.00691791717130      -0.18393053167787
    1     -1     65457.0000000000       0.00000000000000       0.00000000000000       0.00000000000000
    1     -1     65457.0000000000       0.00000000000000       0.00000000000000       0.00000000000000
    1     -1     65457.0000000000      -0.56909297708585      -0.00638708641168      -0.18997996694056
    1     -1     65458.0000000000      -0.56909297708585      -0.00638708641168      -0.18997996694056
    1     -1     65459.0000000000      -0.56909297708585      -0.00638708641168      -0.18997996694056
    1     -1     65459.0000000000       0.00000000000000       0.00000000000000       0.00000000000000
    1     -1     65459.0000000000       0.00000000000000       0.00000000000000       0.00000000000000
    1     -1     65459.0000000000      -0.56700434355574      -0.00581221525544      -0.19614354902151
    1     -1     65460.0000000000      -0.56700434355574      -0.00581221525544      -0.19614354902151
    1     -1     65461.0000000000      -0.56700434355574      -0.00581221525544      -0.19614354902151
    1     -1     65461.0000000000       0.00000000000000       0.00000000000000       0.00000000000000
    1     -1     65461.0000000000       0.00000000000000       0.00000000000000       0.00000000000000
    1     -1     65461.0000000000      -0.56479897095537      -0.00518983623674      -0.20242328741424
    1     -1     65462.0000000000      -0.56479897095537      -0.00518983623674      -0.20242328741424
    1     -1     65463.0000000000      -0.56479897095537      -0.00518983623674      -0.20242328741424
    1     -1     65463.0000000000       0.00000000000000       0.00000000000000       0.00000000000000
    1     -1     65463.0000000000       0.00000000000000       0.00000000000000       0.00000000000000
    1     -1     65463.0000000000      -0.56247076162398      -0.00451638678559      -0.20882108094862
    1     -1     65464.0000000000      -0.56247076162398      -0.00451638678559      -0.20882108094862
    1     -1     65465.0000000000      -0.56247076162398      -0.00451638678559      -0.20882108094862
    1     -1     65465.0000000000       0.00000000000000       0.00000000000000       0.00000000000000
    1     -1     65465.0000000000       0.00000000000000       0.00000000000000       0.00000000000000
    1     -1     65465.0000000000      -0.56001321291552      -0.00378812866499      -0.21533892059090
    1     -1     65466.0000000000      -0.56001321291552      -0.00378812866499      -0.21533892059090
    1     -1     65467.0000000000      -0.56001321291552      -0.00378812866499      -0.21533892059090
    1     -1     65467.0000000000       0.00000000000000       0.00000000000000       0.00000000000000
    1     -1     65467.0000000000       0.00000000000000       0.00000000000000       0.00000000000000
    1     -1     65467.0000000000      -0.55741982253946      -0.00300184736120      -0.22197776832939
    1     -1     65468.0000000000      -0.55741982253946      -0.00300184736120      -0.22197776832939
    1     -1     65469.0000000000      -0.55741982253946      -0.00300184736120      -0.22197776832939
    1     -1     65469.0000000000       0.00000000000000       0.00000000000000       0.00000000000000
    1     -1     65469.0000000000       0.00000000000000       0.00000000000000       0.00000000000000
    1     -1     65469.0000000000      -0.55468339628766      -0.00215308400150      -0.22873935689353
    1     -1     65470.0000000000      -0.55468339628766      -0.00215308400150      -0.22873935689353
    1     -1     65471.0000000000      -0.55468339628766      -0.00215308400150      -0.22873935689353
    1     -1     65471.0000000000       0.00000000000000       0.00000000000000       0.00000000000000
    1     -1     65471.0000000000       0.00000000000000       0.00000000000000       0.00000000000000
    1     -1     65471.0000000000      -0.55179654230857      -0.00123801509448      -0.23562479176634
    1     -1     65472.0000000000      -0.55179654230857      -0.00123801509448      -0.23562479176634
    1     -1     65473.0000000000      -0.55179654230857      -0.00123801509448      -0.23562479176634
    1     -1     65473.0000000000       0.00000000000000       0.00000000000000       0.00000000000000
    1     -1     65473.0000000000       0.00000000000000       0.00000000000000       0.00000000000000
    1     -1     65473.0000000000      -0.54875169294381      -0.00025312950836      -0.24263452906945
    1     -1     65474.0000000000      -0.54875169294381      -0.00025312950836      -0.24263452906945
    1     -1     65475.0000000000      -0.54875169294381      -0.00025312950836      -0.24263452906945
    1     -1     65475.0000000000       0.00000000000000       0.00000000000000       0.00000000000000
    1     -1     65475.0000000000       0.00000000000000       0.00000000000000       0.00000000000000
    1     -1     65475.0000000000      -0.54554054027979       0.00080571129281      -0.24976963190217
    1     -1     65476.0000000000      -0.54554054027979       0.00080571129281      -0.24976963190217
    1     -1     65477.0000000000      -0.54554054027979       0.00080571129281      -0.24976963190217
    1     -1     65477.0000000000       0.00000000000000       0.00000000000000       0.00000000000000
    1     -1     65477.0000000000       0.00000000000000       0.00000000000000       0.00000000000000
    1     -1     65477.0000000000      -0.54215473554927       0.00194248956631      -0.25703009305484
    1     -1     65478.0000000000      -0.54215473554927       0.00194248956631      -0.25703009305484
    1     -1     65479.0000000000      -0.54215473554927       0.00194248956631      -0.25703009305484
    1     -1     65479.0000000000       0.00000000000000       0.00000000000000       0.00000000000000
    1     -1     65479.0000000000       0.00000000000000       0.00000000000000       0.00000000000000
    1     -1     65479.0000000000      -0.53858553312052       0.00316122937107      -0.26441563762787
    1     -1     65480.0000000000      -0.53858553312052       0.00316122937107      -0.26441563762787
    1     -1     65481.0000000000      -0.53858553312052       0.00316122937107      -0.26441563762787
    1     -1     65481.0000000000       0.00000000000000       0.00000000000000       0.00000000000000
    1     -1     65481.0000000000       0.00000000000000       0.00000000000000       0.00000000000000
    1     -1     65481.0000000000      -0.53482383327442       0.00446598273541      -0.27192558106928
    1     -1     65482.0000000000      -0.53482383327442       0.00446598273541      -0.27192558106928
    1     -1     65483.0000000000      -0.53482383327442       0.00446598273541      -0.27192558106928
    1     -1     65483.0000000000       0.00000000000000       0.00000000000000       0.00000000000000
    1     -1     65483.0000000000       0.00000000000000       0.00000000000000       0.00000000000000
    1     -1     65483.0000000000      -0.53086020778104       0.00586080711265      -0.27955874161732
    1     -1     65484.0000000000      -0.53086020778104       0.00586080711265      -0.27955874161732
    1     -1     65485.0000000000      -0.53086020778104       0.00586080711265      -0.27955874161732
    1     -1     65485.0000000000       0.00000000000000       0.00000000000000       0.00000000000000
    1     -1     65485.0000000000       0.00000000000000       0.00000000000000       0.00000000000000
    1     -1     65485.0000000000      -0.52668491447782       0.00734974595918      -0.28731338530571
    1     -1     65486.0000000000      -0.52668491447782       0.00734974595918      -0.28731338530571
    1     -1     65487.0000000000      -0.52668491447782       0.00734974595918      -0.28731338530571
    1     -1     65487.0000000000       0.00000000000000       0.00000000000000       0.00000000000000
    1     -1     65487.0000000000       0.00000000000000       0.00000000000000       0.00000000000000
    1     -1     65487.0000000000      -0.52228791883048       0.00893680986655      -0.29518716529201
    1     -1     65488.0000000000      -0.52228791883048       0.00893680986655      -0.29518716529201
    1     -1     65489.0000000000      -0.52228791883048       0.00893680986655      -0.29518716529201
    1     -1     65489.0000000000       0.00000000000000       0.00000000000000       0.00000000000000
    1     -1     65489.0000000000       0.00000000000000       0.00000000000000       0.00000000000000
    1     -1     65489.0000000000      -0.51765892077447       0.01062593944716      -0.30317706119276
    1     -1     65490.0000000000      -0.51765892077447       0.01062593944716      -0.30317706119276
    1     -1     65491.0000000000      -0.51765892077447       0.01062593944716      -0.30317706119276
    1     -1     65491.0000000000       0.00000000000000       0.00000000000000       0.00000000000000
    1     -1     65491.0000000000       0.00000000000000       0.00000000000000       0.00000000000000
    1     -1     65491.0000000000      -0.51278716055175       0.01242117130404      -0.31127968413745
    1     -1     65492.0000000000      -0.51278716055175       0.01242117130404      -0.31127968413745
    1     -1     65493.0000000000      -0.51278716055175       0.01242117130404      -0.31127968413745
    1     -1     65493.0000000000       0.00000000000000       0.00000000000000       0.00000000000000
    1     -1     65493.0000000000       0.00000000000000       0.00000000000000       0.00000000000000
    1     -1     65493.0000000000      -0.50766250637592       0.01432550139971      -0.31948952863867
    1     -1     65494.0000000000      -0.50766250637592       0.01432550139971      -0.31948952863867
    1     -1     65495.0000000000      -0.50766250637592       0.01432550139971      -0.31948952863867
    1     -1     65495.0000000000       0.00000000000000       0.00000000000000       0.00000000000000
    1     -1     65495.0000000000       0.00000000000000       0.00000000000000       0.00000000000000
    1     -1     65495.0000000000      -0.30795375843707       0.01002044123858      -0.20098143593197
    1     -1     65496.0000000000      -0.30795375843707       0.01002044123858      -0.20098143593197
    1     -1     65497.0000000000      -0.30795375843707       0.01002044123858      -0.20098143593197
    1     -1     65497.0000000000       0.00000000000000       0.00000000000000       0.00000000000000
    1     -1     65625.0000000000       0.00000000000000       0.00000000000000       0.00000000000000
    1     -1     65625.0000000000       0.06682544060506       0.06042168463355      -0.13043464931123
    1     -1     65626.0000000000       0.06682544060506       0.06042168463355      -0.13043464931123
    1     -1     65627.0000000000       0.06682544060506       0.06042168463355      -0.13043464931123
    1     -1     65627.0000000000       0.00000000000000       0.00000000000000       0.00000000000000
    1     -1     65627.0000000000       0.00000000000000       0.00000000000000       0.00000000000000
    1     -1     65627.0000000000       0.26145378985923       0.22930456827585      -0.48893898393979
    1     -1     65628.0000000000       0.26145378985923       0.22930456827585      -0.48893898393979
    1     -1     65629.0000000000       0.26145378985923       0.22930456827585      -0.48893898393979
    1     -1     65629.0000000000       0.00000000000000       0.00000000000000       0.00000000000000
    1     -1     65629.0000000000       0.00000000000000       0.00000000000000       0.00000000000000
    1     -1     65629.0000000000       0.26977997222097       0.22981363362107      -0.48415334313659
    1     -1     65630.0000000000       0.26977997222097       0.22981363362107      -0.48415334313659
    1     -1     65631.0000000000       0.26977997222097       0.22981363362107      -0.48415334313659
    1     -1     65631.0000000000       0.00000000000000       0.00000000000000       0.00000000000000
    1     -1     65631.0000000000       0.00000000000000       0.00000000000000       0.00000000000000
    1     -1     65631.0000000000       0.27791493027924       0.23022174969830      -0.47933415982354
    1     -1     65632.0000000000       0.27791493027924       0.23022174969830      -0.47933415982354
    1     -1     65633.0000000000       0.27791493027924       0.23022174969830      -0.47933415982354
    1     -1     65633.0000000000       0.00000000000000       0.00000000000000       0.00000000000000
    1     -1     65633.0000000000       0.00000000000000       0.00000000000000       0.00000000000000
    1     -1     65633.0000000000       0.28586448572807       0.23053136191711      -0.47448581248765
    1     -1     65634.0000000000       0.28586448572807       0.23053136191711      -0.47448581248765
    1     -1     65635.0000000000       0.28586448572807       0.23053136191711      -0.47448581248765
    1     -1     65635.0000000000       0.00000000000000       0.00000000000000       0.00000000000000
    1     -1     65635.0000000000       0.00000000000000       0.00000000000000       0.00000000000000
    1     -1     65635.0000000000       0.29363436057918       0.23074487279826      -0.46961224988768
    1     -1     65636.0000000000       0.29363436057918       0.23074487279826      -0.46961224988768
    1     -1     65637.0000000000       0.29363436057918       0.23074487279826      -0.46961224988768
    1     -1     65637.0000000000       0.00000000000000       0.00000000000000       0.00000000000000
    1     -1     65637.0000000000       0.00000000000000       0.00000000000000       0.00000000000000
    1     -1     65637.0000000000       0.30123013176054       0.23086467923844      -0.46471701806547
    1     -1     65638.0000000000       0.30123013176054       0.23086467923844      -0.46471701806547
    1     -1     65639.0000000000       0.30123013176054       0.23086467923844      -0.46471701806547
    1     -1     65639.0000000000       0.00000000000000       0.00000000000000       0.00000000000000
    1     -1     65639.0000000000       0.00000000000000       0.00000000000000       0.00000000000000
    1     -1     65639.0000000000       0.30865718961951       0.23089315739415      -0.45980331495624
    1     -1     65640.0000000000       0.30865718961951       0.23089315739415      -0.45980331495624
    1     -1     65641.0000000000       0.30865718961951       0.23089315739415      -0.45980331495624
    1     -1     65641.0000000000       0.00000000000000       0.00000000000000       0.00000000000000
    1     -1     65641.0000000000       0.00000000000000       0.00000000000000       0.00000000000000
    1     -1     65641.0000000000       0.31592072748363       0.23083266422216      -0.45487402031146
    1     -1     65642.0000000000       0.31592072748363       0.23083266422216      -0.45487402031146
    1     -1     65643.0000000000       0.31592072748363       0.23083266422216      -0.45487402031146
    1     -1     65643.0000000000       0.00000000000000       0.00000000000000       0.00000000000000
    1     -1     65643.0000000000       0.00000000000000       0.00000000000000       0.00000000000000
    1     -1     65643.0000000000       0.32302573246808       0.23068554040317      -0.44993172470094
    1     -1     65644.0000000000       0.32302573246808       0.23068554040317      -0.44993172470094
    1     -1     65645.0000000000       0.32302573246808       0.23068554040317      -0.44993172470094
    1     -1     65645.0000000000       0.00000000000000       0.00000000000000       0.00000000000000
    1     -1     65645.0000000000       0.00000000000000       0.00000000000000       0.00000000000000
    1     -1     65645.0000000000       0.32997697766199       0.23045411319339      -0.44497875815066
    1     -1     65646.0000000000       0.32997697766199       0.23045411319339      -0.44497875815066
    1     -1     65647.0000000000       0.32997697766199       0.23045411319339      -0.44497875815066
    1     -1     65647.0000000000       0.00000000000000       0.00000000000000       0.00000000000000
    1     -1     65647.0000000000       0.00000000000000       0.00000000000000       0.00000000000000
    1     -1     65647.0000000000       0.33677901662897       0.23014069934517      -0.44001721755329
    1     -1     65648.0000000000       0.33677901662897       0.23014069934517      -0.44001721755329
    1     -1     65649.0000000000       0.33677901662897       0.23014069934517      -0.44001721755329
    1     -1     65649.0000000000       0.00000000000000       0.00000000000000       0.00000000000000
    1     -1     65649.0000000000       0.00000000000000       0.00000000000000       0.00000000000000
    1     -1     65649.0000000000       0.34343618027147       0.22974760816152      -0.43504899253372
    1     -1     65650.0000000000       0.34343618027147       0.22974760816152      -0.43504899253372
    1     -1     65651.0000000000       0.34343618027147       0.22974760816152      -0.43504899253372
    1     -1     65651.0000000000       0.00000000000000       0.00000000000000       0.00000000000000
    1     -1     65651.0000000000       0.00000000000000       0.00000000000000       0.00000000000000
    1     -1     65651.0000000000       0.34995257584122       0.22927714464000      -0.43007578970203
    1     -1     65652.0000000000       0.34995257584122       0.22927714464000      -0.43007578970203
    1     -1     65653.0000000000       0.34995257584122       0.22927714464000      -0.43007578970203
    1     -1     65653.0000000000       0.00000000000000       0.00000000000000       0.00000000000000
    1     -1     65653.0000000000       0.00000000000000       0.00000000000000       0.00000000000000
    1     -1     65653.0000000000       0.35633208785025       0.22873161263381      -0.42509915529229
    1     -1     65654.0000000000       0.35633208785025       0.22873161263381      -0.42509915529229
    1     -1     65655.0000000000       0.35633208785025       0.22873161263381      -0.42509915529229
    1     -1     65655.0000000000       0.00000000000000       0.00000000000000       0.00000000000000
    1     -1     65655.0000000000       0.00000000000000       0.00000000000000       0.00000000000000
    1     -1     65655.0000000000       0.36257838065227       0.22811331795931      -0.42012049620695
    1     -1     65656.0000000000       0.36257838065227       0.22811331795931      -0.42012049620695
    1     -1     65657.0000000000       0.36257838065227       0.22811331795931      -0.42012049620695
    1     -1     65657.0000000000       0.00000000000000       0.00000000000000       0.00000000000000
    1     -1     65657.0000000000       0.00000000000000       0.00000000000000       0.00000000000000
    1     -1     65657.0000000000       0.36869490248949       0.22742457139139      -0.41514109948992
    1     -1     65658.0000000000       0.36869490248949       0.22742457139139      -0.41514109948992
    1     -1     65659.0000000000       0.36869490248949       0.22742457139139      -0.41514109948992
    1     -1     65659.0000000000       0.00000000000000       0.00000000000000       0.00000000000000
    1     -1     65659.0000000000       0.00000000000000       0.00000000000000       0.00000000000000
    1     -1     65659.0000000000       0.37468489080973       0.22666769149393      -0.41016215026708
    1     -1     65660.0000000000       0.37468489080973       0.22666769149393      -0.41016215026708
    1     -1     65661.0000000000       0.37468489080973       0.22666769149393      -0.41016215026708
    1     -1     65661.0000000000       0.00000000000000       0.00000000000000       0.00000000000000
    1     -1     65661.0000000000       0.00000000000000       0.00000000000000       0.00000000000000
    1     -1     65661.0000000000       0.38055137867907       0.22584500723859      -0.40518474819625
    1     -1     65662.0000000000       0.38055137867907       0.22584500723859      -0.40518474819625
    1     -1     65663.0000000000       0.38055137867907       0.22584500723859      -0.40518474819625
    1     -1     65663.0000000000       0.00000000000000       0.00000000000000       0.00000000000000
    1     -1     65663.0000000000       0.00000000000000       0.00000000000000       0.00000000000000
    1     -1     65663.0000000000       0.38629720212185       0.22495886037241      -0.40020992248166
    1     -1     65664.0000000000       0.38629720212185       0.22495886037241      -0.40020992248166
    1     -1     65665.0000000000       0.38629720212185       0.22495886037241      -0.40020992248166
    1     -1     65665.0000000000       0.00000000000000       0.00000000000000       0.00000000000000
    1     -1     65665.0000000000       0.00000000000000       0.00000000000000       0.00000000000000
    1     -1     65665.0000000000       0.39192500824947       0.22401160750445      -0.39523864549400
    1     -1     65666.0000000000       0.39192500824947       0.22401160750445      -0.39523864549400
    1     -1     65667.0000000000       0.39192500824947       0.22401160750445      -0.39523864549400
    1     -1     65667.0000000000       0.00000000000000       0.00000000000000       0.00000000000000
    1     -1     65667.0000000000       0.00000000000000       0.00000000000000       0.00000000000000
    1     -1     65667.0000000000       0.39743726404249       0.22300562188813      -0.39027184504741
    1     -1     65668.0000000000       0.39743726404249       0.22300562188813      -0.39027184504741
    1     -1     65669.0000000000       0.39743726404249       0.22300562188813      -0.39027184504741
    1     -1     65669.0000000000       0.00000000000000       0.00000000000000       0.00000000000000
    1     -1     65669.0000000000       0.00000000000000       0.00000000000000       0.00000000000000
    1     -1     65669.0000000000       0.40283626564216       0.22194329486510      -0.38531041541580
    1     -1     65670.0000000000       0.40283626564216       0.22194329486510      -0.38531041541580
    1     -1     65671.0000000000       0.40283626564216       0.22194329486510      -0.38531041541580
    1     -1     65671.0000000000       0.00000000000000       0.00000000000000       0.00000000000000
    1     -1     65671.0000000000       0.00000000000000       0.00000000000000       0.00000000000000
    1     -1     65671.0000000000       0.40812414806670       0.22082703697170      -0.38035522710636
    1     -1     65672.0000000000       0.40812414806670       0.22082703697170      -0.38035522710636
    1     -1     65673.0000000000       0.40812414806670       0.22082703697170      -0.38035522710636
    1     -1     65673.0000000000       0.00000000000000       0.00000000000000       0.00000000000000
    1     -1     65673.0000000000       0.00000000000000       0.00000000000000       0.00000000000000
    1     -1     65673.0000000000       0.41330289522907       0.21965927868584      -0.37540713547092
    1     -1     65674.0000000000       0.41330289522907       0.21965927868584      -0.37540713547092
    1     -1     65675.0000000000       0.41330289522907       0.21965927868584      -0.37540713547092
    1     -1     65675.0000000000       0.00000000000000       0.00000000000000       0.00000000000000
    1     -1     65675.0000000000       0.00000000000000       0.00000000000000       0.00000000000000
    1     -1     65675.0000000000       0.41837435015859       0.21844247080769      -0.37046698821462
    1     -1     65676.0000000000       0.41837435015859       0.21844247080769      -0.37046698821462
    1     -1     65677.0000000000       0.41837435015859       0.21844247080769      -0.37046698821462
    1     -1     65677.0000000000       0.00000000000000       0.00000000000000       0.00000000000000
    1     -1     65677.0000000000       0.00000000000000       0.00000000000000       0.00000000000000
    1     -1     65677.0000000000       0.42334022535615       0.21717908447922      -0.36553563183385
    1     -1     65678.0000000000       0.42334022535615       0.21717908447922      -0.36553563183385
    1     -1     65679.0000000000       0.42334022535615       0.21717908447922      -0.36553563183385
    1     -1     65679.0000000000       0.00000000000000       0.00000000000000       0.00000000000000
    1     -1     65679.0000000000       0.00000000000000       0.00000000000000       0.00000000000000
    1     -1     65679.0000000000       0.42820211317427       0.21587161083244      -0.36061391707711
    1     -1     65680.0000000000       0.42820211317427       0.21587161083244      -0.36061391707711
    1     -1     65681.0000000000       0.42820211317427       0.21587161083244      -0.36061391707711
    1     -1     65681.0000000000       0.00000000000000       0.00000000000000       0.00000000000000
    1     -1     65681.0000000000       0.00000000000000       0.00000000000000       0.00000000000000
    1     -1     65681.0000000000       0.43296149617625       0.21452256028347      -0.35570270344523
    1     -1     65682.0000000000       0.43296149617625       0.21452256028347      -0.35570270344523
    1     -1     65683.0000000000       0.43296149617625       0.21452256028347      -0.35570270344523
    1     -1     65683.0000000000       0.00000000000000       0.00000000000000       0.00000000000000
    1     -1     65683.0000000000       0.00000000000000       0.00000000000000       0.00000000000000
    1     -1     65683.0000000000       0.43761975737772       0.21313446147184      -0.35080286282437
    1     -1     65684.0000000000       0.43761975737772       0.21313446147184      -0.35080286282437
    1     -1     65685.0000000000       0.43761975737772       0.21313446147184      -0.35080286282437
    1     -1     65685.0000000000       0.00000000000000       0.00000000000000       0.00000000000000
    1     -1     65685.0000000000       0.00000000000000       0.00000000000000       0.00000000000000
    1     -1     65685.0000000000       0.44217819031482       0.21170985986067      -0.34591528229855
    1     -1     65686.0000000000       0.44217819031482       0.21170985986067      -0.34591528229855
    1     -1     65687.0000000000       0.44217819031482       0.21170985986067      -0.34591528229855
    1     -1     65687.0000000000       0.00000000000000       0.00000000000000       0.00000000000000
    1     -1     65687.0000000000       0.00000000000000       0.00000000000000       0.00000000000000
    1     -1     65687.0000000000       0.44663800888148       0.21025131601491      -0.34104086619698
    1     -1     65688.0000000000       0.44663800888148       0.21025131601491      -0.34104086619698
    1     -1     65689.0000000000       0.44663800888148       0.21025131601491      -0.34104086619698
    1     -1     65689.0000000000       0.00000000000000       0.00000000000000       0.00000000000000
    1     -1     65689.0000000000       0.00000000000000       0.00000000000000       0.00000000000000
    1     -1     65689.0000000000       0.45100035687606       0.20876140357357      -0.33618053744329
    1     -1     65690.0000000000       0.45100035687606       0.20876140357357      -0.33618053744329
    1     -1     65691.0000000000       0.45100035687606       0.20876140357357      -0.33618053744329
    1     -1     65691.0000000000       0.00000000000000       0.00000000000000       0.00000000000000
    1     -1     65691.0000000000       0.00000000000000       0.00000000000000       0.00000000000000
    1     -1     65691.0000000000       0.45526631719020       0.20724270693357      -0.33133523829336
    1     -1     65692.0000000000       0.45526631719020       0.20724270693357      -0.33133523829336
    1     -1     65693.0000000000       0.45526631719020       0.20724270693357      -0.33133523829336
    1     -1     65693.0000000000       0.00000000000000       0.00000000000000       0.00000000000000
    1  25792     65693.0000000000     -329609751.467608213       -8018980.216168790        8127658.209599966       -1.3682797015804      -20.8010078097205       -1.2929250363672        1820.4700505963
    1  25792     65693.0000000000     -329609751.467608213       -8018980.216168790        8127658.209599966       -1.3682797015804      -20.8010078097205       -1.2929250363672        1780.4700505963
    1     -1     65693.0000000000       0.00000000000000       0.00000000000000       0.00000000000000
    1     -1     65693.0000000000       0.03054193100181      -0.03312443196117       0.59830590983036
    1     -1     65694.0000000000       0.03054193100181      -0.03312443196117       0.59830590983036
    1     -1     65695.0000000000       0.03054193100181      -0.03312443196117       0.59830590983036
    1     -1     65695.0000000000       0.00000000000000       0.00000000000000       0.00000000000000
    1     -1     65695.0000000000       0.00000000000000       0.00000000000000       0.00000000000000
    1     -1     65695.0000000000       0.03234037424094      -0.03085473414600       0.59833275428873
    1     -1     65696.0000000000       0.03234037424094      -0.03085473414600       0.59833275428873
    1     -1     65697.0000000000       0.03234037424094      -0.03085473414600       0.59833275428873
    1     -1     65697.0000000000       0.00000000000000       0.00000000000000       0.00000000000000
    1     -1     65697.0000000000       0.00000000000000       0.00000000000000       0.00000000000000
    1     -1     65697.0000000000       0.03419682422080      -0.02851697356876       0.59834551783371
    1     -1     65698.0000000000       0.03419682422080      -0.02851697356876       0.59834551783371
    1     -1     65699.0000000000       0.03419682422080      -0.02851697356876       0.59834551783371
    1     -1     65699.0000000000       0.00000000000000       0.00000000000000       0.00000000000000
    1     -1     65699.0000000000       0.00000000000000       0.00000000000000       0.00000000000000
    1     -1     65699.0000000000       0.03611469592436      -0.02610760765498       0.59834281214102
    1     -1     65700.0000000000       0.03611469592436      -0.02610760765498       0.59834281214102
    1     -1     65701.0000000000       0.03611469592436      -0.02610760765498       0.59834281214102
    1     -1     65701.0000000000       0.00000000000000       0.00000000000000       0.00000000000000
    1     -1     65701.0000000000       0.00000000000000       0.00000000000000       0.00000000000000
    1     -1     65701.0000000000       0.03809762497707      -0.02362285258999       0.59832309900296
    1     -1     65702.0000000000       0.03809762497707      -0.02362285258999       0.59832309900296
    1     -1     65703.0000000000       0.03809762497707      -0.02362285258999       0.59832309900296
    1     -1     65703.0000000000       0.00000000000000       0.00000000000000       0.00000000000000
    1     -1     65703.0000000000       0.00000000000000       0.00000000000000       0.00000000000000
    1     -1     65703.0000000000       0.04014948349310      -0.02105866323185       0.59828467384526
    1     -1     65704.0000000000       0.04014948349310      -0.02105866323185       0.59828467384526
    1     -1     65705.0000000000       0.04014948349310      -0.02105866323185       0.59828467384526
    1     -1     65705.0000000000       0.00000000000000       0.00000000000000       0.00000000000000
    1     -1     65705.0000000000       0.00000000000000       0.00000000000000       0.00000000000000
    1     -1     65705.0000000000       0.04227439593240      -0.01841071871543       0.59822564318569
    1     -1     65706.0000000000       0.04227439593240      -0.01841071871543       0.59822564318569
    1     -1     65707.0000000000       0.04227439593240      -0.01841071871543       0.59822564318569
    1     -1     65707.0000000000       0.00000000000000       0.00000000000000       0.00000000000000
    1     -1     65707.0000000000       0.00000000000000       0.00000000000000       0.00000000000000
    1     -1     65707.0000000000       0.04447676043360      -0.01567439475349       0.59814390410574
    1     -1     65708.0000000000       0.04447676043360      -0.01567439475349       0.59814390410574
    1     -1     65709.0000000000       0.04447676043360      -0.01567439475349       0.59814390410574
    1     -1     65709.0000000000       0.00000000000000       0.00000000000000       0.00000000000000
    1     -1     65709.0000000000       0.00000000000000       0.00000000000000       0.00000000000000
    1     -1     65709.0000000000       0.04676126782868      -0.01284474546477       0.59803711893577
    1     -1     65710.0000000000       0.04676126782868      -0.01284474546477       0.59803711893577
    1     -1     65711.0000000000       0.04676126782868      -0.01284474546477       0.59803711893577
    1     -1     65711.0000000000       0.00000000000000       0.00000000000000       0.00000000000000
    1     -1     65711.0000000000       0.00000000000000       0.00000000000000       0.00000000000000
    1     -1     65711.0000000000       0.04913292548384      -0.00991647481258       0.59790268308538
    1     -1     65712.0000000000       0.04913292548384      -0.00991647481258       0.59790268308538
    1     -1     65713.0000000000       0.04913292548384      -0.00991647481258       0.59790268308538
    1     -1     65713.0000000000       0.00000000000000       0.00000000000000       0.00000000000000
    1     -1     65713.0000000000       0.00000000000000       0.00000000000000       0.00000000000000
    1     -1     65713.0000000000       0.05159708235218      -0.00688390637544       0.59773769515211
    1     -1     65714.0000000000       0.05159708235218      -0.00688390637544       0.59773769515211
    1     -1     65715.0000000000       0.05159708235218      -0.00688390637544       0.59773769515211
    1     -1     65715.0000000000       0.00000000000000       0.00000000000000       0.00000000000000
    1     -1     65715.0000000000       0.00000000000000       0.00000000000000       0.00000000000000
    1     -1     65715.0000000000       0.05415945410655      -0.00374095693074       0.59753891760464
    1     -1     65716.0000000000       0.05415945410655      -0.00374095693074       0.59753891760464
    1     -1     65717.0000000000       0.05415945410655      -0.00374095693074       0.59753891760464
    1     -1     65717.0000000000       0.00000000000000       0.00000000000000       0.00000000000000
    1     -1     65717.0000000000       0.00000000000000       0.00000000000000       0.00000000000000
    1     -1     65717.0000000000       0.05682615236792      -0.00048110139055       0.59730273415456
    1     -1     65718.0000000000       0.05682615236792      -0.00048110139055       0.59730273415456
    1     -1     65719.0000000000       0.05682615236792      -0.00048110139055       0.59730273415456
    1     -1     65719.0000000000       0.00000000000000       0.00000000000000       0.00000000000000
    1     -1     65719.0000000000       0.00000000000000       0.00000000000000       0.00000000000000
    1     -1     65719.0000000000       0.05960371541224       0.00290266244426       0.59702510076193
    1     -1     65720.0000000000       0.05960371541224       0.00290266244426       0.59702510076193
    1     -1     65721.0000000000       0.05960371541224       0.00290266244426       0.59702510076193
    1     -1     65721.0000000000       0.00000000000000       0.00000000000000       0.00000000000000
    1     -1     65721.0000000000       0.00000000000000       0.00000000000000       0.00000000000000
    1     -1     65721.0000000000       0.06249914055696       0.00641785250936       0.59670148896441
    1     -1     65722.0000000000       0.06249914055696       0.00641785250936       0.59670148896441
    1     -1     65723.0000000000       0.06249914055696       0.00641785250936       0.59670148896441
    1     -1     65723.0000000000       0.00000000000000       0.00000000000000       0.00000000000000
    1     -1     65723.0000000000       0.00000000000000       0.00000000000000       0.00000000000000
    1     -1     65723.0000000000       0.06551991983990       0.01007254265805       0.59632682588374
    1     -1     65724.0000000000       0.06551991983990       0.01007254265805       0.59632682588374
    1     -1     65725.0000000000       0.06551991983990       0.01007254265805       0.59632682588374
    1     -1     65725.0000000000       0.00000000000000       0.00000000000000       0.00000000000000
    1     -1     65725.0000000000       0.00000000000000       0.00000000000000       0.00000000000000
    1     -1     65725.0000000000       0.06867407670123       0.01387540750756       0.59589541325281
    1     -1     65726.0000000000       0.06867407670123       0.01387540750756       0.59589541325281
    1     -1     65727.0000000000       0.06867407670123       0.01387540750756       0.59589541325281
    1     -1     65727.0000000000       0.00000000000000       0.00000000000000       0.00000000000000
    1     -1     65727.0000000000       0.00000000000000       0.00000000000000       0.00000000000000
    1     -1     65727.0000000000       0.07197020696482       0.01783577122914       0.59540085140526
    1     -1     65728.0000000000       0.07197020696482       0.01783577122914       0.59540085140526
    1     -1     65729.0000000000       0.07197020696482       0.01783577122914       0.59540085140526
    1     -1     65729.0000000000       0.00000000000000       0.00000000000000       0.00000000000000
    1     -1     65729.0000000000       0.00000000000000       0.00000000000000       0.00000000000000
    1     -1     65729.0000000000       0.07541751962115       0.02196365517491       0.59483593945352
    1     -1     65730.0000000000       0.07541751962115       0.02196365517491       0.59483593945352
    1     -1     65731.0000000000       0.07541751962115       0.02196365517491       0.59483593945352
    1     -1     65731.0000000000       0.00000000000000       0.00000000000000       0.00000000000000
    1     -1     65731.0000000000       0.00000000000000       0.00000000000000       0.00000000000000
    1     -1     65731.0000000000       0.07902588127554       0.02626983424377       0.59419256573726
    1     -1     65732.0000000000       0.07902588127554       0.02626983424377       0.59419256573726
    1     -1     65733.0000000000       0.07902588127554       0.02626983424377       0.59419256573726
    1     -1     65733.0000000000       0.00000000000000       0.00000000000000       0.00000000000000
    1     -1     65733.0000000000       0.00000000000000       0.00000000000000       0.00000000000000
    1     -1     65733.0000000000       0.08280586197101       0.03076589163592       0.59346158124607
    1     -1     65734.0000000000       0.08280586197101       0.03076589163592       0.59346158124607
    1     -1     65735.0000000000       0.08280586197101       0.03076589163592       0.59346158124607
    1     -1     65735.0000000000       0.00000000000000       0.00000000000000       0.00000000000000
    1     -1     65735.0000000000       0.00000000000000       0.00000000000000       0.00000000000000
    1     -1     65735.0000000000       0.08676878050569       0.03546427635720       0.59263265401207
    1     -1     65736.0000000000       0.08676878050569       0.03546427635720       0.59263265401207
    1     -1     65737.0000000000       0.08676878050569       0.03546427635720       0.59263265401207
    1     -1     65737.0000000000       0.00000000000000       0.00000000000000       0.00000000000000
    1     -1     65737.0000000000       0.00000000000000       0.00000000000000       0.00000000000000
    1     -1     65737.0000000000       0.09092675172825       0.04037836482082       0.59169410403903
    1     -1     65738.0000000000       0.09092675172825       0.04037836482082       0.59169410403903
    1     -1     65739.0000000000       0.09092675172825       0.04037836482082       0.59169410403903
    1     -1     65739.0000000000       0.00000000000000       0.00000000000000       0.00000000000000
    1     -1     65739.0000000000       0.00000000000000       0.00000000000000       0.00000000000000
    1     -1     65739.0000000000       0.09529273347631       0.04552252072558       0.59063270679281
    1     -1     65740.0000000000       0.09529273347631       0.04552252072558       0.59063270679281
    1     -1     65741.0000000000       0.09529273347631       0.04552252072558       0.59063270679281
    1     -1     65741.0000000000       0.00000000000000       0.00000000000000       0.00000000000000
    1     -1     65741.0000000000       0.00000000000000       0.00000000000000       0.00000000000000
    1     -1     65741.0000000000       0.09988056670512       0.05091215371141       0.58943347739938
    1     -1     65742.0000000000       0.09988056670512       0.05091215371141       0.58943347739938
    1     -1     65743.0000000000       0.09988056670512       0.05091215371141       0.58943347739938
    1     -1     65743.0000000000       0.00000000000000       0.00000000000000       0.00000000000000
    1     -1     65743.0000000000       0.00000000000000       0.00000000000000       0.00000000000000
    1     -1     65743.0000000000       0.10470501548819       0.05656377683831       0.58807941353179
    1     -1     65744.0000000000       0.10470501548819       0.05656377683831       0.58807941353179
    1     -1     65745.0000000000       0.10470501548819       0.05656377683831       0.58807941353179
    1     -1     65745.0000000000       0.00000000000000       0.00000000000000       0.00000000000000
    1     -1     65745.0000000000       0.00000000000000       0.00000000000000       0.00000000000000
    1     -1     65745.0000000000       0.09657002302411       0.05497399576029       0.51596266119967
    1     -1     65746.0000000000       0.09657002302411       0.05497399576029       0.51596266119967
    1     -1     65747.0000000000       0.09657002302411       0.05497399576029       0.51596266119967
    1     -1     65747.0000000000       0.00000000000000       0.00000000000000       0.00000000000000
    1     -1     65859.0000000000       0.00000000000000       0.00000000000000       0.00000000000000
    1     -1     65859.0000000000       0.04043677133695       0.04527083427960      -0.04902209323139
    1     -1     65860.0000000000       0.04043677133695       0.04527083427960      -0.04902209323139
    1     -1     65861.0000000000       0.04043677133695       0.04527083427960      -0.04902209323139
    1     -1     65861.0000000000       0.00000000000000       0.00000000000000       0.00000000000000
    1     -1     65861.0000000000       0.00000000000000       0.00000000000000       0.00000000000000
    1     -1     65861.0000000000       0.30730340702287       0.34462310639093      -0.38314426767682
    1     -1     65862.0000000000       0.30730340702287       0.34462310639093      -0.38314426767682
    1     -1     65863.0000000000       0.30730340702287       0.34462310639093      -0.38314426767682
    1     -1     65863.0000000000       0.00000000000000       0.00000000000000       0.00000000000000
    1     -1     65863.0000000000       0.00000000000000       0.00000000000000       0.00000000000000
    1     -1     65863.0000000000       0.30382302492024       0.34128288617402      -0.38886702150356
    1     -1     65864.0000000000       0.30382302492024       0.34128288617402      -0.38886702150356
    1     -1     65865.0000000000       0.30382302492024       0.34128288617402      -0.38886702150356
    1     -1     65865.0000000000       0.00000000000000       0.00000000000000       0.00000000000000
    1     -1     65865.0000000000       0.00000000000000       0.00000000000000       0.00000000000000
    1     -1     65865.0000000000       0.30050861168437       0.33810531783909      -0.39418189663208
    1     -1     65866.0000000000       0.30050861168437       0.33810531783909      -0.39418189663208
    1     -1     65867.0000000000       0.30050861168437       0.33810531783909      -0.39418189663208
    1     -1     65867.0000000000       0.00000000000000       0.00000000000000       0.00000000000000
    1     -1     65867.0000000000       0.00000000000000       0.00000000000000       0.00000000000000
    1     -1     65867.0000000000       0.29735374641131       0.33508625702202      -0.39912147164758
    1     -1     65868.0000000000       0.29735374641131       0.33508625702202      -0.39912147164758
    1     -1     65869.0000000000       0.29735374641131       0.33508625702202      -0.39912147164758
    1     -1     65869.0000000000       0.00000000000000       0.00000000000000       0.00000000000000
    1     -1     65869.0000000000       0.00000000000000       0.00000000000000       0.00000000000000
    1     -1     65869.0000000000       0.29435188862486       0.33222121016622      -0.40371528638221
    1     -1     65870.0000000000       0.29435188862486       0.33222121016622      -0.40371528638221
    1     -1     65871.0000000000       0.29435188862486       0.33222121016622      -0.40371528638221
    1     -1     65871.0000000000       0.00000000000000       0.00000000000000       0.00000000000000
    1     -1     65871.0000000000       0.00000000000000       0.00000000000000       0.00000000000000
    1     -1     65871.0000000000       0.29149648080869       0.32950546377729      -0.40799013504871
    1     -1     65872.0000000000       0.29149648080869       0.32950546377729      -0.40799013504871
    1     -1     65873.0000000000       0.29149648080869       0.32950546377729      -0.40799013504871
    1     -1     65873.0000000000       0.00000000000000       0.00000000000000       0.00000000000000
    1     -1     65873.0000000000       0.00000000000000       0.00000000000000       0.00000000000000
    1     -1     65873.0000000000       0.28878102615165       0.32693418706974      -0.41197033332492
    1     -1     65874.0000000000       0.28878102615165       0.32693418706974      -0.41197033332492
    1     -1     65875.0000000000       0.28878102615165       0.32693418706974      -0.41197033332492
    1     -1     65875.0000000000       0.00000000000000       0.00000000000000       0.00000000000000
    1     -1     65875.0000000000       0.00000000000000       0.00000000000000       0.00000000000000
    1     -1     65875.0000000000       0.28619914602909       0.32450251013643      -0.41567796310049
    1     -1     65876.0000000000       0.28619914602909       0.32450251013643      -0.41567796310049
    1     -1     65877.0000000000       0.28619914602909       0.32450251013643      -0.41567796310049
    1     -1     65877.0000000000       0.00000000000000       0.00000000000000       0.00000000000000
    1     -1     65877.0000000000       0.00000000000000       0.00000000000000       0.00000000000000
    1     -1     65877.0000000000       0.28374462055894       0.32220558544473      -0.41913309376865
    1     -1     65878.0000000000       0.28374462055894       0.32220558544473      -0.41913309376865
    1     -1     65879.0000000000       0.28374462055894       0.32220558544473      -0.41913309376865
    1     -1     65879.0000000000       0.00000000000000       0.00000000000000       0.00000000000000
    1     -1     65879.0000000000       0.00000000000000       0.00000000000000       0.00000000000000
    1     -1     65879.0000000000       0.28141141827760       0.32003863194299      -0.42235398306048
    1     -1     65880.0000000000       0.28141141827760       0.32003863194299      -0.42235398306048
    1     -1     65881.0000000000       0.28141141827760       0.32003863194299      -0.42235398306048
    1     -1     65881.0000000000       0.00000000000000       0.00000000000000       0.00000000000000
    1     -1     65881.0000000000       0.00000000000000       0.00000000000000       0.00000000000000
    1     -1     65881.0000000000       0.27919371586465       0.31799697139798      -0.42535725512022
    1     -1     65882.0000000000       0.27919371586465       0.31799697139798      -0.42535725512022
    1     -1     65883.0000000000       0.27919371586465       0.31799697139798      -0.42535725512022
    1     -1     65883.0000000000       0.00000000000000       0.00000000000000       0.00000000000000
    1     -1     65883.0000000000       0.00000000000000       0.00000000000000       0.00000000000000
    1     -1     65883.0000000000       0.27708590977013       0.31607605158133      -0.42815806369098
    1     -1     65884.0000000000       0.27708590977013       0.31607605158133      -0.42815806369098
    1     -1     65885.0000000000       0.27708590977013       0.31607605158133      -0.42815806369098
    1     -1     65885.0000000000       0.00000000000000       0.00000000000000       0.00000000000000
    1     -1     65885.0000000000       0.00000000000000       0.00000000000000       0.00000000000000
    1     -1     65885.0000000000       0.27508262411031       0.31427146453661      -0.43077023547432
    1     -1     65886.0000000000       0.27508262411031       0.31427146453661      -0.43077023547432
    1     -1     65887.0000000000       0.27508262411031       0.31427146453661      -0.43077023547432
    1     -1     65887.0000000000       0.00000000000000       0.00000000000000       0.00000000000000
    1     -1     65887.0000000000       0.00000000000000       0.00000000000000       0.00000000000000
    1     -1     65887.0000000000       0.27317871087725       0.31257895778427      -0.43320640156160
    1     -1     65888.0000000000       0.27317871087725       0.31257895778427      -0.43320640156160
    1     -1     65889.0000000000       0.27317871087725       0.31257895778427      -0.43320640156160
    1     -1     65889.0000000000       0.00000000000000       0.00000000000000       0.00000000000000
    1     -1     65889.0000000000       0.00000000000000       0.00000000000000       0.00000000000000
    1     -1     65889.0000000000       0.27136924986953       0.31099444211235      -0.43547811251597
    1     -1     65890.0000000000       0.27136924986953       0.31099444211235      -0.43547811251597
    1     -1     65891.0000000000       0.27136924986953       0.31099444211235      -0.43547811251597
    1     -1     65891.0000000000       0.00000000000000       0.00000000000000       0.00000000000000
    1     -1     65891.0000000000       0.00000000000000       0.00000000000000       0.00000000000000
    1     -1     65891.0000000000       0.26964954369965       0.30951399394673      -0.43759594423819
    1     -1     65892.0000000000       0.26964954369965       0.30951399394673      -0.43759594423819
    1     -1     65893.0000000000       0.26964954369965       0.30951399394673      -0.43759594423819
    1     -1     65893.0000000000       0.00000000000000       0.00000000000000       0.00000000000000
    1     -1     65893.0000000000       0.00000000000000       0.00000000000000       0.00000000000000
    1     -1     65893.0000000000       0.26801511535253       0.30813385778132      -0.43956958824669
    1     -1     65894.0000000000       0.26801511535253       0.30813385778132      -0.43956958824669
    1     -1     65895.0000000000       0.26801511535253       0.30813385778132      -0.43956958824669
    1     -1     65895.0000000000       0.00000000000000       0.00000000000000       0.00000000000000
    1     -1     65895.0000000000       0.00000000000000       0.00000000000000       0.00000000000000
    1     -1     65895.0000000000       0.26646169481849       0.30685044255735      -0.44140794099882
    1     -1     65896.0000000000       0.26646169481849       0.30685044255735      -0.44140794099882
    1     -1     65897.0000000000       0.26646169481849       0.30685044255735      -0.44140794099882
    1     -1     65897.0000000000       0.00000000000000       0.00000000000000       0.00000000000000
    1     -1     65897.0000000000       0.00000000000000       0.00000000000000       0.00000000000000
    1     -1     65897.0000000000       0.26498521849315       0.30566032179354      -0.44311917239182
    1     -1     65898.0000000000       0.26498521849315       0.30566032179354      -0.44311917239182
    1     -1     65899.0000000000       0.26498521849315       0.30566032179354      -0.44311917239182
    1     -1     65899.0000000000       0.00000000000000       0.00000000000000       0.00000000000000
    1     -1     65899.0000000000       0.00000000000000       0.00000000000000       0.00000000000000
    1     -1     65899.0000000000       0.26358181670874       0.30456022639765      -0.44471079779688
    1     -1     65900.0000000000       0.26358181670874       0.30456022639765      -0.44471079779688
    1     -1     65901.0000000000       0.26358181670874       0.30456022639765      -0.44471079779688
    1     -1     65901.0000000000       0.00000000000000       0.00000000000000       0.00000000000000
    1     -1     65901.0000000000       0.00000000000000       0.00000000000000       0.00000000000000
    1     -1     65901.0000000000       0.26224780724829       0.30354704394736      -0.44618973428832
    1     -1     65902.0000000000       0.26224780724829       0.30354704394736      -0.44618973428832
    1     -1     65903.0000000000       0.26224780724829       0.30354704394736      -0.44618973428832
    1     -1     65903.0000000000       0.00000000000000       0.00000000000000       0.00000000000000
    1   9595     65903.0000000000     -181588137.488441378     -318015903.428455949        4726328.219744380       15.7505445640374      -10.3361390718151       -0.9739544173359        1653.5754137343
    1   9595     65903.0000000000     -181588137.488441378     -318015903.428455949        4726328.219744380       15.7505445640374      -10.3361390718151       -0.9739544173359        1613.5754137343
    1     -1     65903.0000000000       0.00000000000000       0.00000000000000       0.00000000000000
    1     -1     65903.0000000000      -0.37115847601925      -0.31968337122888       0.34647355904716
    1     -1     65904.0000000000      -0.37115847601925      -0.31968337122888       0.34647355904716
    1     -1     65905.0000000000      -0.37115847601925      -0.31968337122888       0.34647355904716
    1     -1     65905.0000000000       0.00000000000000       0.00000000000000       0.00000000000000
    1     -1     65905.0000000000       0.00000000000000       0.00000000000000       0.00000000000000
    1     -1     65905.0000000000      -0.37101188055930      -0.31984456540188       0.34648180002236
    1     -1     65906.0000000000      -0.37101188055930      -0.31984456540188       0.34648180002236
    1     -1     65907.0000000000      -0.37101188055930      -0.31984456540188       0.34648180002236
    1     -1     65907.0000000000       0.00000000000000       0.00000000000000       0.00000000000000
    1     -1     65907.0000000000       0.00000000000000       0.00000000000000       0.00000000000000
    1     -1     65907.0000000000      -0.37086221982925      -0.32006226804055       0.34644098741353
    1     -1     65908.0000000000      -0.37086221982925      -0.32006226804055       0.34644098741353
    1     -1     65909.0000000000      -0.37086221982925      -0.32006226804055       0.34644098741353
    1     -1     65909.0000000000       0.00000000000000       0.00000000000000       0.00000000000000
    1     -1     65909.0000000000       0.00000000000000       0.00000000000000       0.00000000000000
    1     -1     65909.0000000000      -0.37070867924822      -0.32033827166417       0.34635020732960
    1     -1     65910.0000000000      -0.37070867924822      -0.32033827166417       0.34635020732960
    1     -1     65911.0000000000      -0.37070867924822      -0.32033827166417       0.34635020732960
    1     -1     65911.0000000000       0.00000000000000       0.00000000000000       0.00000000000000
    1     -1     65911.0000000000       0.00000000000000       0.00000000000000       0.00000000000000
    1     -1     65911.0000000000      -0.37055040928418      -0.32067440204053       0.34620849402531
    1     -1     65912.0000000000      -0.37055040928418      -0.32067440204053       0.34620849402531
    1     -1     65913.0000000000      -0.37055040928418      -0.32067440204053       0.34620849402531
    1     -1     65913.0000000000       0.00000000000000       0.00000000000000       0.00000000000000
    1     -1     65913.0000000000       0.00000000000000       0.00000000000000       0.00000000000000
    1     -1     65913.0000000000      -0.37038652269868      -0.32107252113872       0.34601482519222
    1     -1     65914.0000000000      -0.37038652269868      -0.32107252113872       0.34601482519222
    1     -1     65915.0000000000      -0.37038652269868      -0.32107252113872       0.34601482519222
    1     -1     65915.0000000000       0.00000000000000       0.00000000000000       0.00000000000000
    1     -1     65915.0000000000       0.00000000000000       0.00000000000000       0.00000000000000
    1     -1     65915.0000000000      -0.37021609167728      -0.32153453005840       0.34576811698495
    1     -1     65916.0000000000      -0.37021609167728      -0.32153453005840       0.34576811698495
    1     -1     65917.0000000000      -0.37021609167728      -0.32153453005840       0.34576811698495
    1     -1     65917.0000000000       0.00000000000000       0.00000000000000       0.00000000000000
    1     -1     65917.0000000000       0.00000000000000       0.00000000000000       0.00000000000000
    1     -1     65917.0000000000      -0.37003814478067      -0.32206237180534       0.34546721892879
    1     -1     65918.0000000000      -0.37003814478067      -0.32206237180534       0.34546721892879
    1     -1     65919.0000000000      -0.37003814478067      -0.32206237180534       0.34546721892879
    1     -1     65919.0000000000       0.00000000000000       0.00000000000000       0.00000000000000
    1     -1     65919.0000000000       0.00000000000000       0.00000000000000       0.00000000000000
    1     -1     65919.0000000000      -0.36985166371786      -0.32265803392513       0.34511090864923
    1     -1     65920.0000000000      -0.36985166371786      -0.32265803392513       0.34511090864923
    1     -1     65921.0000000000      -0.36985166371786      -0.32265803392513       0.34511090864923
    1     -1     65921.0000000000       0.00000000000000       0.00000000000000       0.00000000000000
    1     -1     65921.0000000000       0.00000000000000       0.00000000000000       0.00000000000000
    1     -1     65921.0000000000      -0.36965557989772      -0.32332355110184       0.34469788631986
    1     -1     65922.0000000000      -0.36965557989772      -0.32332355110184       0.34469788631986
    1     -1     65923.0000000000      -0.36965557989772      -0.32332355110184       0.34469788631986
    1     -1     65923.0000000000       0.00000000000000       0.00000000000000       0.00000000000000
    1     -1     65923.0000000000       0.00000000000000       0.00000000000000       0.00000000000000
    1     -1     65923.0000000000      -0.36944877064786      -0.32406100797714       0.34422676865058
    1     -1     65924.0000000000      -0.36944877064786      -0.32406100797714       0.34422676865058
    1     -1     65925.0000000000      -0.36944877064786      -0.32406100797714       0.34422676865058
    1     -1     65925.0000000000       0.00000000000000       0.00000000000000       0.00000000000000
    1     -1     65925.0000000000       0.00000000000000       0.00000000000000       0.00000000000000
    1     -1     65925.0000000000      -0.36923005500543      -0.32487254230671       0.34369608234001
    1     -1     65926.0000000000      -0.36923005500543      -0.32487254230671       0.34369608234001
    1     -1     65927.0000000000      -0.36923005500543      -0.32487254230671       0.34369608234001
    1     -1     65927.0000000000       0.00000000000000       0.00000000000000       0.00000000000000
    1     -1     65927.0000000000       0.00000000000000       0.00000000000000       0.00000000000000
    1     -1     65927.0000000000      -0.36899818907256      -0.32576034837432       0.34310425699518
    1     -1     65928.0000000000      -0.36899818907256      -0.32576034837432       0.34310425699518
    1     -1     65929.0000000000      -0.36899818907256      -0.32576034837432       0.34310425699518
    1     -1     65929.0000000000       0.00000000000000       0.00000000000000       0.00000000000000
    1     -1     65929.0000000000       0.00000000000000       0.00000000000000       0.00000000000000
    1     -1     65929.0000000000      -0.36875186092979      -0.32672668048064       0.34244961761246
    1     -1     65930.0000000000      -0.36875186092979      -0.32672668048064       0.34244961761246
    1     -1     65931.0000000000      -0.36875186092979      -0.32672668048064       0.34244961761246
    1     -1     65931.0000000000       0.00000000000000       0.00000000000000       0.00000000000000
    1     -1     65931.0000000000       0.00000000000000       0.00000000000000       0.00000000000000
    1     -1     65931.0000000000      -0.36848968509122      -0.32777385648557       0.34173037656309
    1     -1     65932.0000000000      -0.36848968509122      -0.32777385648557       0.34173037656309
    1     -1     65933.0000000000      -0.36848968509122      -0.32777385648557       0.34173037656309
    1     -1     65933.0000000000       0.00000000000000       0.00000000000000       0.00000000000000
    1     -1     65933.0000000000       0.00000000000000       0.00000000000000       0.00000000000000
    1     -1     65933.0000000000      -0.36821019650469      -0.32890426130944       0.34094462506757
    1     -1     65934.0000000000      -0.36821019650469      -0.32890426130944       0.34094462506757
    1     -1     65935.0000000000      -0.36821019650469      -0.32890426130944       0.34094462506757
    1     -1     65935.0000000000       0.00000000000000       0.00000000000000       0.00000000000000
    1     -1     65935.0000000000       0.00000000000000       0.00000000000000       0.00000000000000
    1     -1     65935.0000000000      -0.36791184400299      -0.33012035042071       0.34009032412056
    1     -1     65936.0000000000      -0.36791184400299      -0.33012035042071       0.34009032412056
    1     -1     65937.0000000000      -0.36791184400299      -0.33012035042071       0.34009032412056
    1     -1     65937.0000000000       0.00000000000000       0.00000000000000       0.00000000000000
    1     -1     65937.0000000000       0.00000000000000       0.00000000000000       0.00000000000000
    1     -1     65937.0000000000      -0.36759298320970      -0.33142465325331       0.33916529479138
    1     -1     65938.0000000000      -0.36759298320970      -0.33142465325331       0.33916529479138
    1     -1     65939.0000000000      -0.36759298320970      -0.33142465325331       0.33916529479138
    1     -1     65939.0000000000       0.00000000000000       0.00000000000000       0.00000000000000
    1     -1     65939.0000000000       0.00000000000000       0.00000000000000       0.00000000000000
    1     -1     65939.0000000000      -0.36725186880746      -0.33281977654845       0.33816720786567
    1     -1     65940.0000000000      -0.36725186880746      -0.33281977654845       0.33816720786567
    1     -1     65941.0000000000      -0.36725186880746      -0.33281977654845       0.33816720786567
    1     -1     65941.0000000000       0.00000000000000       0.00000000000000       0.00000000000000
    1     -1     65941.0000000000       0.00000000000000       0.00000000000000       0.00000000000000
    1     -1     65941.0000000000      -0.36688664613701      -0.33430840754606       0.33709357278114
    1     -1     65942.0000000000      -0.36688664613701      -0.33430840754606       0.33709357278114
    1     -1     65943.0000000000      -0.36688664613701      -0.33430840754606       0.33709357278114
    1     -1     65943.0000000000       0.00000000000000       0.00000000000000       0.00000000000000
    1     -1     65943.0000000000       0.00000000000000       0.00000000000000       0.00000000000000
    1     -1     65943.0000000000      -0.36649534202488      -0.33589331704583       0.33594172577698
    1     -1     65944.0000000000      -0.36649534202488      -0.33589331704583       0.33594172577698
    1     -1     65945.0000000000      -0.36649534202488      -0.33589331704583       0.33594172577698
    1     -1     65945.0000000000       0.00000000000000       0.00000000000000       0.00000000000000
    1     -1     65945.0000000000       0.00000000000000       0.00000000000000       0.00000000000000
    1     -1     65945.0000000000      -0.36607585473432      -0.33757736238690       0.33470881712982
    1     -1     65946.0000000000      -0.36607585473432      -0.33757736238690       0.33470881712982
    1     -1     65947.0000000000      -0.36607585473432      -0.33757736238690       0.33470881712982
    1     -1     65947.0000000000       0.00000000000000       0.00000000000000       0.00000000000000
    1     -1     65947.0000000000       0.00000000000000       0.00000000000000       0.00000000000000
    1     -1     65947.0000000000      -0.36562594280044      -0.33936349053074       0.33339179732873
    1     -1     65948.0000000000      -0.36562594280044      -0.33936349053074       0.33339179732873
    1     -1     65949.0000000000      -0.36562594280044      -0.33936349053074       0.33339179732873
    1     -1     65949.0000000000       0.00000000000000       0.00000000000000       0.00000000000000
    1     -1     65949.0000000000       0.00000000000000       0.00000000000000       0.00000000000000
    1     -1     65949.0000000000      -0.36514321262429      -0.34125474093745       0.33198740238468
    1     -1     65950.0000000000      -0.36514321262429      -0.34125474093745       0.33198740238468
    1     -1     65951.0000000000      -0.36514321262429      -0.34125474093745       0.33198740238468
    1     -1     65951.0000000000       0.00000000000000       0.00000000000000       0.00000000000000
    1     -1     65951.0000000000       0.00000000000000       0.00000000000000       0.00000000000000
    1     -1     65951.0000000000      -0.36462510529309      -0.34325424850705       0.33049213720128
    1     -1     65952.0000000000      -0.36462510529309      -0.34325424850705       0.33049213720128
    1     -1     65953.0000000000      -0.36462510529309      -0.34325424850705       0.33049213720128
    1     -1     65953.0000000000       0.00000000000000       0.00000000000000       0.00000000000000
    1     -1     65953.0000000000       0.00000000000000       0.00000000000000       0.00000000000000
    1     -1     65953.0000000000      -0.31045157257152      -0.29450238991708       0.28046403601360
    1     -1     65954.0000000000      -0.31045157257152      -0.29450238991708       0.28046403601360
    1     -1     65955.0000000000      -0.31045157257152      -0.29450238991708       0.28046403601360
    1     -1     65955.0000000000       0.00000000000000       0.00000000000000       0.00000000000000
    1     -1     66165.0000000000       0.00000000000000       0.00000000000000       0.00000000000000
    1     -1     66165.0000000000       0.12215622178101      -0.08595374849096      -0.15229385018831
    1     -1     66166.0000000000       0.12215622178101      -0.08595374849096      -0.15229385018831
    1     -1     66167.0000000000       0.12215622178101      -0.08595374849096      -0.15229385018831
    1     -1     66167.0000000000       0.00000000000000       0.00000000000000       0.00000000000000
    1     -1     66167.0000000000       0.00000000000000       0.00000000000000       0.00000000000000
    1     -1     66167.0000000000       0.34542782695814      -0.23917322457801      -0.42834073386492
    1     -1     66168.0000000000       0.34542782695814      -0.23917322457801      -0.42834073386492
    1     -1     66169.0000000000       0.34542782695814      -0.23917322457801      -0.42834073386492
    1     -1     66169.0000000000       0.00000000000000       0.00000000000000       0.00000000000000
    1     -1     66169.0000000000       0.00000000000000       0.00000000000000       0.00000000000000
    1     -1     66169.0000000000       0.34720911365136      -0.23669705943513      -0.42827600064935
    1     -1     66170.0000000000       0.34720911365136      -0.23669705943513      -0.42827600064935
    1     -1     66171.0000000000       0.34720911365136      -0.23669705943513      -0.42827600064935
    1     -1     66171.0000000000       0.00000000000000       0.00000000000000       0.00000000000000
    1     -1     66171.0000000000       0.00000000000000       0.00000000000000       0.00000000000000
    1     -1     66171.0000000000       0.34893984492474      -0.23433204656425      -0.42816991470316
    1     -1     66172.0000000000       0.34893984492474      -0.23433204656425      -0.42816991470316
    1     -1     66173.0000000000       0.34893984492474      -0.23433204656425      -0.42816991470316
    1     -1     66173.0000000000       0.00000000000000       0.00000000000000       0.00000000000000
    1     -1     66173.0000000000       0.00000000000000       0.00000000000000       0.00000000000000
    1     -1     66173.0000000000       0.35062325685868      -0.23207424920630      -0.42802438468520
    1     -1     66174.0000000000       0.35062325685868      -0.23207424920630      -0.42802438468520
    1     -1     66175.0000000000       0.35062325685868      -0.23207424920630      -0.42802438468520
    1     -1     66175.0000000000       0.00000000000000       0.00000000000000       0.00000000000000
    1     -1     66175.0000000000       0.00000000000000       0.00000000000000       0.00000000000000
    1     -1     66175.0000000000       0.35226201313030      -0.22992045058360      -0.42784116186831
    1     -1     66176.0000000000       0.35226201313030      -0.22992045058360      -0.42784116186831
    1     -1     66177.0000000000       0.35226201313030      -0.22992045058360      -0.42784116186831
    1     -1     66177.0000000000       0.00000000000000       0.00000000000000       0.00000000000000
    1     -1     66177.0000000000       0.00000000000000       0.00000000000000       0.00000000000000
    1     -1     66177.0000000000       0.35385882624253      -0.22786710234366      -0.42762192885745
    1     -1     66178.0000000000       0.35385882624253      -0.22786710234366      -0.42762192885745
    1     -1     66179.0000000000       0.35385882624253      -0.22786710234366      -0.42762192885745
    1     -1     66179.0000000000       0.00000000000000       0.00000000000000       0.00000000000000
    1     -1     66179.0000000000       0.00000000000000       0.00000000000000       0.00000000000000
    1     -1     66179.0000000000       0.35541618854504      -0.22591099336851      -0.42736817297895
    1     -1     66180.0000000000       0.35541618854504      -0.22591099336851      -0.42736817297895
    1     -1     66181.0000000000       0.35541618854504      -0.22591099336851      -0.42736817297895
    1     -1     66181.0000000000       0.00000000000000       0.00000000000000       0.00000000000000
    1     -1     66181.0000000000       0.00000000000000       0.00000000000000       0.00000000000000
    1     -1     66181.0000000000       0.35693645567283      -0.22404901891261      -0.42708126043648
    1     -1     66182.0000000000       0.35693645567283      -0.22404901891261      -0.42708126043648
    1     -1     66183.0000000000       0.35693645567283      -0.22404901891261      -0.42708126043648
    1     -1     66183.0000000000       0.00000000000000       0.00000000000000       0.00000000000000
    1     -1     66183.0000000000       0.00000000000000       0.00000000000000       0.00000000000000
    1     -1     66183.0000000000       0.35842184466729      -0.22227819363460      -0.42676244584059
    1     -1     66184.0000000000       0.35842184466729      -0.22227819363460      -0.42676244584059
    1     -1     66185.0000000000       0.35842184466729      -0.22227819363460      -0.42676244584059
    1     -1     66185.0000000000       0.00000000000000       0.00000000000000       0.00000000000000
    1     -1     66185.0000000000       0.00000000000000       0.00000000000000       0.00000000000000
    1     -1     66185.0000000000       0.35987443810053      -0.22059566276296      -0.42641287697723
    1     -1     66186.0000000000       0.35987443810053      -0.22059566276296      -0.42641287697723
    1     -1     66187.0000000000       0.35987443810053      -0.22059566276296      -0.42641287697723
    1     -1     66187.0000000000       0.00000000000000       0.00000000000000       0.00000000000000
    1     -1     66187.0000000000       0.00000000000000       0.00000000000000       0.00000000000000
    1     -1     66187.0000000000       0.36129620176962      -0.21899867353307      -0.42603360766212
    1     -1     66188.0000000000       0.36129620176962      -0.21899867353307      -0.42603360766212
    1     -1     66189.0000000000       0.36129620176962      -0.21899867353307      -0.42603360766212
    1     -1     66189.0000000000       0.00000000000000       0.00000000000000       0.00000000000000
    1     -1     66189.0000000000       0.00000000000000       0.00000000000000       0.00000000000000
    1     -1     66189.0000000000       0.36268899318814      -0.21748456939247      -0.42562560493507
    1     -1     66190.0000000000       0.36268899318814      -0.21748456939247      -0.42562560493507
    1     -1     66191.0000000000       0.36268899318814      -0.21748456939247      -0.42562560493507
    1     -1     66191.0000000000       0.00000000000000       0.00000000000000       0.00000000000000
    1     -1     66191.0000000000       0.00000000000000       0.00000000000000       0.00000000000000
    1     -1     66191.0000000000       0.36405456662957      -0.21605079092778      -0.42518975473974
    1     -1     66192.0000000000       0.36405456662957      -0.21605079092778      -0.42518975473974
    1     -1     66193.0000000000       0.36405456662957      -0.21605079092778      -0.42518975473974
    1     -1     66193.0000000000       0.00000000000000       0.00000000000000       0.00000000000000
    1     -1     66193.0000000000       0.00000000000000       0.00000000000000       0.00000000000000
    1     -1     66193.0000000000       0.36539457864609      -0.21469487357431      -0.42472686804223
    1     -1     66194.0000000000       0.36539457864609      -0.21469487357431      -0.42472686804223
    1     -1     66195.0000000000       0.36539457864609      -0.21469487357431      -0.42472686804223
    1     -1     66195.0000000000       0.00000000000000       0.00000000000000       0.00000000000000
    1     -1     66195.0000000000       0.00000000000000       0.00000000000000       0.00000000000000
    1     -1     66195.0000000000       0.36671059370694      -0.21341444358954      -0.42423768692853
    1     -1     66196.0000000000       0.36671059370694      -0.21341444358954      -0.42423768692853
    1     -1     66197.0000000000       0.36671059370694      -0.21341444358954      -0.42423768692853
    1     -1     66197.0000000000       0.00000000000000       0.00000000000000       0.00000000000000
    1     -1     66197.0000000000       0.00000000000000       0.00000000000000       0.00000000000000
    1     -1     66197.0000000000       0.36800408910855      -0.21220721526058      -0.42372288995373
    1     -1     66198.0000000000       0.36800408910855      -0.21220721526058      -0.42372288995373
    1     -1     66199.0000000000       0.36800408910855      -0.21220721526058      -0.42372288995373
    1     -1     66199.0000000000       0.00000000000000       0.00000000000000       0.00000000000000
    1     -1     66199.0000000000       0.00000000000000       0.00000000000000       0.00000000000000
    1     -1     66199.0000000000       0.36927645879390      -0.21107099203596      -0.42318309581267
    1     -1     66200.0000000000       0.36927645879390      -0.21107099203596      -0.42318309581267
    1     -1     66201.0000000000       0.36927645879390      -0.21107099203596      -0.42318309581267
    1     -1     66201.0000000000       0.00000000000000       0.00000000000000       0.00000000000000
    1     -1     66201.0000000000       0.00000000000000       0.00000000000000       0.00000000000000
    1     -1     66201.0000000000       0.37052901859979      -0.21000366736973      -0.42261886534647
    1     -1     66202.0000000000       0.37052901859979      -0.21000366736973      -0.42261886534647
    1     -1     66203.0000000000       0.37052901859979      -0.21000366736973      -0.42261886534647
    1     -1     66203.0000000000       0.00000000000000       0.00000000000000       0.00000000000000
    1   4928     66203.0000000000      240038247.473575771     -313543595.250735939       -1014851.377232782       13.9592667797391       10.1448122722370       -1.0099172102863        1496.7283827962
    1   4928     66203.0000000000      240038247.473575771     -313543595.250735939       -1014851.377232782       13.9592667797391       10.1448122722370       -1.0099172102863        1456.7283827962
    1     -1     66203.0000000000       0.00000000000000       0.00000000000000       0.00000000000000
    1     -1     66203.0000000000      -0.25945581079145       0.52635751383892       0.12502179470743
    1     -1     66204.0000000000      -0.25945581079145       0.52635751383892       0.12502179470743
    1     -1     66205.0000000000      -0.25945581079145       0.52635751383892       0.12502179470743
    1     -1     66205.0000000000       0.00000000000000       0.00000000000000       0.00000000000000
    1     -1     66205.0000000000       0.00000000000000       0.00000000000000       0.00000000000000
    1     -1     66205.0000000000      -0.25926957754408       0.52690412745868       0.12309072226257
    1     -1     66206.0000000000      -0.25926957754408       0.52690412745868       0.12309072226257
    1     -1     66207.0000000000      -0.25926957754408       0.52690412745868       0.12309072226257
    1     -1     66207.0000000000       0.00000000000000       0.00000000000000       0.00000000000000
    1     -1     66207.0000000000       0.00000000000000       0.00000000000000       0.00000000000000
    1     -1     66207.0000000000      -0.25909857113574       0.52745151947322       0.12109014956141
    1     -1     66208.0000000000      -0.25909857113574       0.52745151947322       0.12109014956141
    1     -1     66209.0000000000      -0.25909857113574       0.52745151947322       0.12109014956141
    1     -1     66209.0000000000       0.00000000000000       0.00000000000000       0.00000000000000
    1     -1     66209.0000000000       0.00000000000000       0.00000000000000       0.00000000000000
    1     -1     66209.0000000000      -0.25894366355755       0.52799878871140       0.11901872752928
    1     -1     66210.0000000000      -0.25894366355755       0.52799878871140       0.11901872752928
    1     -1     66211.0000000000      -0.25894366355755       0.52799878871140       0.11901872752928
    1     -1     66211.0000000000       0.00000000000000       0.00000000000000       0.00000000000000
    1     -1     66211.0000000000       0.00000000000000       0.00000000000000       0.00000000000000
    1     -1     66211.0000000000      -0.25880573394338       0.52854499104686       0.11687507774246
    1     -1     66212.0000000000      -0.25880573394338       0.52854499104686       0.11687507774246
    1     -1     66213.0000000000      -0.25880573394338       0.52854499104686       0.11687507774246
    1     -1     66213.0000000000       0.00000000000000       0.00000000000000       0.00000000000000
    1     -1     66213.0000000000       0.00000000000000       0.00000000000000       0.00000000000000
    1     -1     66213.0000000000      -0.25868566822933       0.52908913684205       0.11465779349212
    1     -1     66214.0000000000      -0.25868566822933       0.52908913684205       0.11465779349212
    1     -1     66215.0000000000      -0.25868566822933       0.52908913684205       0.11465779349212
    1     -1     66215.0000000000       0.00000000000000       0.00000000000000       0.00000000000000
    1     -1     66215.0000000000       0.00000000000000       0.00000000000000       0.00000000000000
    1     -1     66215.0000000000      -0.25858435842817       0.52963018819746       0.11236544222409
    1     -1     66216.0000000000      -0.25858435842817       0.52963018819746       0.11236544222409
    1     -1     66217.0000000000      -0.25858435842817       0.52963018819746       0.11236544222409
    1     -1     66217.0000000000       0.00000000000000       0.00000000000000       0.00000000000000
    1     -1     66217.0000000000       0.00000000000000       0.00000000000000       0.00000000000000
    1     -1     66217.0000000000      -0.25850270184929       0.53016705623092       0.10999656769216
    1     -1     66218.0000000000      -0.25850270184929       0.53016705623092       0.10999656769216
    1     -1     66219.0000000000      -0.25850270184929       0.53016705623092       0.10999656769216
    1     -1     66219.0000000000       0.00000000000000       0.00000000000000       0.00000000000000
    1     -1     66219.0000000000       0.00000000000000       0.00000000000000       0.00000000000000
    1     -1     66219.0000000000      -0.25844160035112       0.53069859842988       0.10754969136408
    1     -1     66220.0000000000      -0.25844160035112       0.53069859842988       0.10754969136408
    1     -1     66221.0000000000      -0.25844160035112       0.53069859842988       0.10754969136408
    1     -1     66221.0000000000       0.00000000000000       0.00000000000000       0.00000000000000
    1     -1     66221.0000000000       0.00000000000000       0.00000000000000       0.00000000000000
    1     -1     66221.0000000000      -0.25840195926942       0.53122361636180       0.10502331238930
    1     -1     66222.0000000000      -0.25840195926942       0.53122361636180       0.10502331238930
    1     -1     66223.0000000000      -0.25840195926942       0.53122361636180       0.10502331238930
    1     -1     66223.0000000000       0.00000000000000       0.00000000000000       0.00000000000000
    1     -1     66223.0000000000       0.00000000000000       0.00000000000000       0.00000000000000
    1     -1     66223.0000000000      -0.25838468728107       0.53174085779629       0.10241588162356
    1     -1     66224.0000000000      -0.25838468728107       0.53174085779629       0.10241588162356
    1     -1     66225.0000000000      -0.25838468728107       0.53174085779629       0.10241588162356
    1     -1     66225.0000000000       0.00000000000000       0.00000000000000       0.00000000000000
    1     -1     66225.0000000000       0.00000000000000       0.00000000000000       0.00000000000000
    1     -1     66225.0000000000      -0.25839070365597       0.53224901529334       0.09972577030763
    1     -1     66226.0000000000      -0.25839070365597       0.53224901529334       0.09972577030763
    1     -1     66227.0000000000      -0.25839070365597       0.53224901529334       0.09972577030763
    1     -1     66227.0000000000       0.00000000000000       0.00000000000000       0.00000000000000
    1     -1     66227.0000000000       0.00000000000000       0.00000000000000       0.00000000000000
    1     -1     66227.0000000000      -0.25842093268158       0.53274671019322       0.09695134661410
    1     -1     66228.0000000000      -0.25842093268158       0.53274671019322       0.09695134661410
    1     -1     66229.0000000000      -0.25842093268158       0.53274671019322       0.09695134661410
    1     -1     66229.0000000000       0.00000000000000       0.00000000000000       0.00000000000000
    1     -1     66229.0000000000       0.00000000000000       0.00000000000000       0.00000000000000
    1     -1     66229.0000000000      -0.25847627096677       0.53323246503918       0.09409120498406
    1     -1     66230.0000000000      -0.25847627096677       0.53323246503918       0.09409120498406
    1     -1     66231.0000000000      -0.25847627096677       0.53323246503918       0.09409120498406
    1     -1     66231.0000000000       0.00000000000000       0.00000000000000       0.00000000000000
    1     -1     66231.0000000000       0.00000000000000       0.00000000000000       0.00000000000000
    1     -1     66231.0000000000      -0.25016280489098       0.51637650270139       0.08818425492531
    1     -1     66232.0000000000      -0.25016280489098       0.51637650270139       0.08818425492531
    1     -1     66233.0000000000      -0.25016280489098       0.51637650270139       0.08818425492531
    1     -1     66233.0000000000       0.00000000000000       0.00000000000000       0.00000000000000
    1     -1     66551.0000000000       0.00000000000000       0.00000000000000       0.00000000000000
    1     -1     66551.0000000000      -0.10259877684925      -0.09513263598594      -0.14266268601454
    1     -1     66552.0000000000      -0.10259877684925      -0.09513263598594      -0.14266268601454
    1     -1     66553.0000000000      -0.10259877684925      -0.09513263598594      -0.14266268601454
    1     -1     66553.0000000000       0.00000000000000       0.00000000000000       0.00000000000000
    1     -1     66553.0000000000       0.00000000000000       0.00000000000000       0.00000000000000
    1     -1     66553.0000000000      -0.30882979596626      -0.28869086313173      -0.42577193654314
    1     -1     66554.0000000000      -0.30882979596626      -0.28869086313173      -0.42577193654314
    1     -1     66555.0000000000      -0.30882979596626      -0.28869086313173      -0.42577193654314
    1     -1     66555.0000000000       0.00000000000000       0.00000000000000       0.00000000000000
    1     -1     66555.0000000000       0.00000000000000       0.00000000000000       0.00000000000000
    1     -1     66555.0000000000      -0.30961784427901      -0.29168912184692      -0.42314801899595
    1     -1     66556.0000000000      -0.30961784427901      -0.29168912184692      -0.42314801899595
    1     -1     66557.0000000000      -0.30961784427901      -0.29168912184692      -0.42314801899595
    1     -1     66557.0000000000       0.00000000000000       0.00000000000000       0.00000000000000
    1     -1     66557.0000000000       0.00000000000000       0.00000000000000       0.00000000000000
    1     -1     66557.0000000000      -0.31043174562619      -0.29464623478172      -0.42049462174495
    1     -1     66558.0000000000      -0.31043174562619      -0.29464623478172      -0.42049462174495
    1     -1     66559.0000000000      -0.31043174562619      -0.29464623478172      -0.42049462174495
    1     -1     66559.0000000000       0.00000000000000       0.00000000000000       0.00000000000000
    1     -1     66559.0000000000       0.00000000000000       0.00000000000000       0.00000000000000
    1     -1     66559.0000000000      -0.31127067458406      -0.29756322157199      -0.41781179446215
    1     -1     66560.0000000000      -0.31127067458406      -0.29756322157199      -0.41781179446215
    1     -1     66561.0000000000      -0.31127067458406      -0.29756322157199      -0.41781179446215
    1     -1     66561.0000000000       0.00000000000000       0.00000000000000       0.00000000000000
    1     -1     66561.0000000000       0.00000000000000       0.00000000000000       0.00000000000000
    1     -1     66561.0000000000      -0.31213381610674      -0.30044150069025      -0.41509924691047
    1     -1     66562.0000000000      -0.31213381610674      -0.30044150069025      -0.41509924691047
    1     -1     66563.0000000000      -0.31213381610674      -0.30044150069025      -0.41509924691047
    1     -1     66563.0000000000       0.00000000000000       0.00000000000000       0.00000000000000
    1     -1     66563.0000000000       0.00000000000000       0.00000000000000       0.00000000000000
    1     -1     66563.0000000000      -0.31302023282315      -0.30328171414306      -0.41235729045306
    1     -1     66564.0000000000      -0.31302023282315      -0.30328171414306      -0.41235729045306
    1     -1     66565.0000000000      -0.31302023282315      -0.30328171414306      -0.41235729045306
    1     -1     66565.0000000000       0.00000000000000       0.00000000000000       0.00000000000000
    1     -1     66565.0000000000       0.00000000000000       0.00000000000000       0.00000000000000
    1     -1     66565.0000000000      -0.31392900412476      -0.30608485008873      -0.40958594238010
    1     -1     66566.0000000000      -0.31392900412476      -0.30608485008873      -0.40958594238010
    1     -1     66567.0000000000      -0.31392900412476      -0.30608485008873      -0.40958594238010
    1     -1     66567.0000000000       0.00000000000000       0.00000000000000       0.00000000000000
    1     -1     66567.0000000000       0.00000000000000       0.00000000000000       0.00000000000000
    1     -1     66567.0000000000      -0.31485920464339      -0.30885202452114      -0.40678508758376
    1     -1     66568.0000000000      -0.31485920464339      -0.30885202452114      -0.40678508758376
    1     -1     66569.0000000000      -0.31485920464339      -0.30885202452114      -0.40678508758376
    1     -1     66569.0000000000       0.00000000000000       0.00000000000000       0.00000000000000
    1     -1     66569.0000000000       0.00000000000000       0.00000000000000       0.00000000000000
    1     -1     66569.0000000000      -0.31580987069478      -0.31158421815582      -0.40395470024245
    1     -1     66570.0000000000      -0.31580987069478      -0.31158421815582      -0.40395470024245
    1     -1     66571.0000000000      -0.31580987069478      -0.31158421815582      -0.40395470024245
    1     -1     66571.0000000000       0.00000000000000       0.00000000000000       0.00000000000000
    1     -1     66571.0000000000       0.00000000000000       0.00000000000000       0.00000000000000
    1     -1     66571.0000000000      -0.31677999295775      -0.31428224457977      -0.40109488414039
    1     -1     66572.0000000000      -0.31677999295775      -0.31428224457977      -0.40109488414039
    1     -1     66573.0000000000      -0.31677999295775      -0.31428224457977      -0.40109488414039
    1     -1     66573.0000000000       0.00000000000000       0.00000000000000       0.00000000000000
    1     -1     66573.0000000000       0.00000000000000       0.00000000000000       0.00000000000000
    1     -1     66573.0000000000      -0.31776855184780      -0.31694706493398      -0.39820560614623
    1     -1     66574.0000000000      -0.31776855184780      -0.31694706493398      -0.39820560614623
    1     -1     66575.0000000000      -0.31776855184780      -0.31694706493398      -0.39820560614623
    1     -1     66575.0000000000       0.00000000000000       0.00000000000000       0.00000000000000
    1     -1     66575.0000000000       0.00000000000000       0.00000000000000       0.00000000000000
    1     -1     66575.0000000000      -0.31877447359894      -0.31957944787657      -0.39528699796050
    1     -1     66576.0000000000      -0.31877447359894      -0.31957944787657      -0.39528699796050
    1     -1     66577.0000000000      -0.31877447359894      -0.31957944787657      -0.39528699796050
    1     -1     66577.0000000000       0.00000000000000       0.00000000000000       0.00000000000000
    1     -1     66577.0000000000       0.00000000000000       0.00000000000000       0.00000000000000
    1     -1     66577.0000000000      -0.31953801504250      -0.32153153596495      -0.39308132441356
    1     -1     66578.0000000000      -0.31953801504250      -0.32153153596495      -0.39308132441356
    1     -1     66578.0000000000       0.00000000000000       0.00000000000000       0.00000000000000
    1  10664     66578.0000000000      271264932.205920756      218238783.948742718      -16996048.870909195      -14.2254368686271       13.9210131018192       -0.4848134154218        1383.2485707431
    1  10664     66578.0000000000      271264932.205920756      218238783.948742718      -16996048.870909195      -14.2254368686271       13.9210131018192       -0.4848134154218        1343.2485707431
    1  10664     67058.0000000000     -340263789.404709041      -63585395.840160474        9917599.207282783        1.4209836372196      -19.9564900028781        1.0556408395101        1343.2485707431
    1  10664     67058.0000000000     -340263789.404709041      -63585395.840160474        9917599.207282783        1.4209836372196      -19.9564900028781        1.0556408395101        1356.3902545213
    1     -1     67058.0000000000       0.00000000000000       0.00000000000000       0.00000000000000
    1     -1     67058.0000000000       0.43389864038363       0.27261441369431      -0.31211111899344
    1     -1     67059.0000000000       0.43389864038363       0.27261441369431      -0.31211111899344
    1     -1     67060.0000000000       0.43389864038363       0.27261441369431      -0.31211111899344
    1     -1     67060.0000000000       0.00000000000000       0.00000000000000       0.00000000000000
    1     -1     67060.0000000000       0.00000000000000       0.00000000000000       0.00000000000000
    1     -1     67060.0000000000       0.43333498766936       0.26865986934362      -0.31629521391552
    1     -1     67061.0000000000       0.43333498766936       0.26865986934362      -0.31629521391552
    1     -1     67062.0000000000       0.43333498766936       0.26865986934362      -0.31629521391552
    1     -1     67062.0000000000       0.00000000000000       0.00000000000000       0.00000000000000
    1     -1     67062.0000000000       0.00000000000000       0.00000000000000       0.00000000000000
    1     -1     67062.0000000000       0.43277476031510       0.26458322233353      -0.32047109787594
    1     -1     67063.0000000000       0.43277476031510       0.26458322233353      -0.32047109787594
    1     -1     67064.0000000000       0.43277476031510       0.26458322233353      -0.32047109787594
    1     -1     67064.0000000000       0.00000000000000       0.00000000000000       0.00000000000000
    1     -1     67064.0000000000       0.00000000000000       0.00000000000000       0.00000000000000
    1     -1     67064.0000000000       0.43221669775972       0.26038494678303      -0.32463580354989
    1     -1     67065.0000000000       0.43221669775972       0.26038494678303      -0.32463580354989
    1     -1     67066.0000000000       0.43221669775972       0.26038494678303      -0.32463580354989
    1     -1     67066.0000000000       0.00000000000000       0.00000000000000       0.00000000000000
    1     -1     67066.0000000000       0.00000000000000       0.00000000000000       0.00000000000000
    1     -1     67066.0000000000       0.43165953064320       0.25606558450171      -0.32878635208702
    1     -1     67067.0000000000       0.43165953064320       0.25606558450171      -0.32878635208702
    1     -1     67068.0000000000       0.43165953064320       0.25606558450171      -0.32878635208702
    1     -1     67068.0000000000       0.00000000000000       0.00000000000000       0.00000000000000
    1     -1     67068.0000000000       0.00000000000000       0.00000000000000       0.00000000000000
    1     -1     67068.0000000000       0.43110197227949       0.25162591614553      -0.33291964060515
    1     -1     67069.0000000000       0.43110197227949       0.25162591614553      -0.33291964060515
    1     -1     67070.0000000000       0.43110197227949       0.25162591614553      -0.33291964060515
    1     -1     67070.0000000000       0.00000000000000       0.00000000000000       0.00000000000000
    1     -1     67070.0000000000       0.00000000000000       0.00000000000000       0.00000000000000
    1     -1     67070.0000000000       0.43054272987383       0.24706685504542      -0.33703252984061
    1     -1     67071.0000000000       0.43054272987383       0.24706685504542      -0.33703252984061
    1     -1     67072.0000000000       0.43054272987383       0.24706685504542      -0.33703252984061
    1     -1     67072.0000000000       0.00000000000000       0.00000000000000       0.00000000000000
    1     -1     67072.0000000000       0.00000000000000       0.00000000000000       0.00000000000000
    1     -1     67072.0000000000       0.42998050611039       0.24238949755692      -0.34112181859148
    1     -1     67073.0000000000       0.42998050611039       0.24238949755692      -0.34112181859148
    1     -1     67074.0000000000       0.42998050611039       0.24238949755692      -0.34112181859148
    1     -1     67074.0000000000       0.00000000000000       0.00000000000000       0.00000000000000
    1     -1     67074.0000000000       0.00000000000000       0.00000000000000       0.00000000000000
    1     -1     67074.0000000000       0.42941400404925       0.23759512333419      -0.34518425481792
    1     -1     67075.0000000000       0.42941400404925       0.23759512333419      -0.34518425481792
    1     -1     67076.0000000000       0.42941400404925       0.23759512333419      -0.34518425481792
    1     -1     67076.0000000000       0.00000000000000       0.00000000000000       0.00000000000000
    1     -1     67076.0000000000       0.00000000000000       0.00000000000000       0.00000000000000
    1     -1     67076.0000000000       0.42884193164937       0.23268520030387      -0.34921654385035
    1     -1     67077.0000000000       0.42884193164937       0.23268520030387      -0.34921654385035
    1     -1     67078.0000000000       0.42884193164937       0.23268520030387      -0.34921654385035
    1     -1     67078.0000000000       0.00000000000000       0.00000000000000       0.00000000000000
    1     -1     67078.0000000000       0.00000000000000       0.00000000000000       0.00000000000000
    1     -1     67078.0000000000       0.42826300735034       0.22766135721619      -0.35321537657033
    1     -1     67079.0000000000       0.42826300735034       0.22766135721619      -0.35321537657033
    1     -1     67080.0000000000       0.42826300735034       0.22766135721619      -0.35321537657033
    1     -1     67080.0000000000       0.00000000000000       0.00000000000000       0.00000000000000
    1     -1     67080.0000000000       0.00000000000000       0.00000000000000       0.00000000000000
    1     -1     67080.0000000000       0.02221008212968       0.01155623769087      -0.01854891280451
    1     -1     67081.0000000000       0.02221008212968       0.01155623769087      -0.01854891280451
    1     -1     67082.0000000000       0.02221008212968       0.01155623769087      -0.01854891280451
    1     -1     67082.0000000000       0.00000000000000       0.00000000000000       0.00000000000000
    1     -1     67370.0000000000       0.00000000000000       0.00000000000000       0.00000000000000
    1     -1     67370.0000000000       0.02747522879186      -0.23342118090554      -0.09225567487721
    1     -1     67371.0000000000       0.02747522879186      -0.23342118090554      -0.09225567487721
    1     -1     67372.0000000000       0.02747522879186      -0.23342118090554      -0.09225567487721
    1     -1     67372.0000000000       0.00000000000000       0.00000000000000       0.00000000000000
    1     -1     67372.0000000000       0.00000000000000       0.00000000000000       0.00000000000000
    1     -1     67372.0000000000       0.06116500627876      -0.55692831557117      -0.21468510102468
    1     -1     67373.0000000000       0.06116500627876      -0.55692831557117      -0.21468510102468
    1     -1     67374.0000000000       0.06116500627876      -0.55692831557117      -0.21468510102468
    1     -1     67374.0000000000       0.00000000000000       0.00000000000000       0.00000000000000
    1     -1     67374.0000000000       0.00000000000000       0.00000000000000       0.00000000000000
    1     -1     67374.0000000000       0.05708881020157      -0.55908767553693      -0.21014718197608
    1     -1     67375.0000000000       0.05708881020157      -0.55908767553693      -0.21014718197608
    1     -1     67376.0000000000       0.05708881020157      -0.55908767553693      -0.21014718197608
    1     -1     67376.0000000000       0.00000000000000       0.00000000000000       0.00000000000000
    1     -1     67376.0000000000       0.00000000000000       0.00000000000000       0.00000000000000
    1     -1     67376.0000000000       0.05306382599192      -0.56116428741293      -0.20561826811700
    1     -1     67377.0000000000       0.05306382599192      -0.56116428741293      -0.20561826811700
    1     -1     67378.0000000000       0.05306382599192      -0.56116428741293      -0.20561826811700
    1     -1     67378.0000000000       0.00000000000000       0.00000000000000       0.00000000000000
    1     -1     67378.0000000000       0.00000000000000       0.00000000000000       0.00000000000000
    1     -1     67378.0000000000       0.04909263560611      -0.56315917208647      -0.20110111711308
    1     -1     67379.0000000000       0.04909263560611      -0.56315917208647      -0.20110111711308
    1     -1     67380.0000000000       0.04909263560611      -0.56315917208647      -0.20110111711308
    1     -1     67380.0000000000       0.00000000000000       0.00000000000000       0.00000000000000
    1     -1     67380.0000000000       0.00000000000000       0.00000000000000       0.00000000000000
    1     -1     67380.0000000000       0.04517771022467      -0.56507347312321      -0.19659843272856
    1     -1     67381.0000000000       0.04517771022467      -0.56507347312321      -0.19659843272856
    1     -1     67382.0000000000       0.04517771022467      -0.56507347312321      -0.19659843272856
    1     -1     67382.0000000000       0.00000000000000       0.00000000000000       0.00000000000000
    1     -1     67382.0000000000       0.00000000000000       0.00000000000000       0.00000000000000
    1     -1     67382.0000000000       0.04132140534067      -0.56690845003974      -0.19211285749323
    1     -1     67383.0000000000       0.04132140534067      -0.56690845003974      -0.19211285749323
    1     -1     67384.0000000000       0.04132140534067      -0.56690845003974      -0.19211285749323
    1     -1     67384.0000000000       0.00000000000000       0.00000000000000       0.00000000000000
    1     -1     67384.0000000000       0.00000000000000       0.00000000000000       0.00000000000000
    1     -1     67384.0000000000       0.03752595732427      -0.56866547073495      -0.18764696693712
    1     -1     67385.0000000000       0.03752595732427      -0.56866547073495      -0.18764696693712
    1     -1     67386.0000000000       0.03752595732427      -0.56866547073495      -0.18764696693712
    1     -1     67386.0000000000       0.00000000000000       0.00000000000000       0.00000000000000
    1     -1     67386.0000000000       0.00000000000000       0.00000000000000       0.00000000000000
    1     -1     67386.0000000000       0.03379347919346      -0.57034600428707      -0.18320326262862
    1     -1     67387.0000000000       0.03379347919346      -0.57034600428707      -0.18320326262862
    1     -1     67388.0000000000       0.03379347919346      -0.57034600428707      -0.18320326262862
    1     -1     67388.0000000000       0.00000000000000       0.00000000000000       0.00000000000000
    1     -1     67388.0000000000       0.00000000000000       0.00000000000000       0.00000000000000
    1     -1     67388.0000000000       0.03012595801700      -0.57195161303325      -0.17878416675484
    1     -1     67389.0000000000       0.03012595801700      -0.57195161303325      -0.17878416675484
    1     -1     67390.0000000000       0.03012595801700      -0.57195161303325      -0.17878416675484
    1     -1     67390.0000000000       0.00000000000000       0.00000000000000       0.00000000000000
    1     -1     67390.0000000000       0.00000000000000       0.00000000000000       0.00000000000000
    1     -1     67390.0000000000       0.02652525254900      -0.57348394461134      -0.17439201681908
    1     -1     67391.0000000000       0.02652525254900      -0.57348394461134      -0.17439201681908
    1     -1     67392.0000000000       0.02652525254900      -0.57348394461134      -0.17439201681908
    1     -1     67392.0000000000       0.00000000000000       0.00000000000000       0.00000000000000
    1     -1     67392.0000000000       0.00000000000000       0.00000000000000       0.00000000000000
    1     -1     67392.0000000000       0.02299309114500      -0.57494472397412      -0.17002906049827
    1     -1     67393.0000000000       0.02299309114500      -0.57494472397412      -0.17002906049827
    1     -1     67394.0000000000       0.02299309114500      -0.57494472397412      -0.17002906049827
    1     -1     67394.0000000000       0.00000000000000       0.00000000000000       0.00000000000000
    1     -1     67394.0000000000       0.00000000000000       0.00000000000000       0.00000000000000
    1     -1     67394.0000000000       0.01953107209876      -0.57633574465068      -0.16569745302996
    1     -1     67395.0000000000       0.01953107209876      -0.57633574465068      -0.16569745302996
    1     -1     67396.0000000000       0.01953107209876      -0.57633574465068      -0.16569745302996
    1     -1     67396.0000000000       0.00000000000000       0.00000000000000       0.00000000000000
    1     -1     67396.0000000000       0.00000000000000       0.00000000000000       0.00000000000000
    1     -1     67396.0000000000       0.01614066168872      -0.57765886106968      -0.16139925200548
    1     -1     67397.0000000000       0.01614066168872      -0.57765886106968      -0.16139925200548
    1     -1     67398.0000000000       0.01614066168872      -0.57765886106968      -0.16139925200548
    1     -1     67398.0000000000       0.00000000000000       0.00000000000000       0.00000000000000
    1     -1     67398.0000000000       0.00000000000000       0.00000000000000       0.00000000000000
    1     -1     67398.0000000000       0.01282319636684      -0.57891597963925      -0.15713641663622
    1     -1     67399.0000000000       0.01282319636684      -0.57891597963925      -0.15713641663622
    1     -1     67400.0000000000       0.01282319636684      -0.57891597963925      -0.15713641663622
    1     -1     67400.0000000000       0.00000000000000       0.00000000000000       0.00000000000000
    1     -1     67400.0000000000       0.00000000000000       0.00000000000000       0.00000000000000
    1     -1     67400.0000000000       0.00957988169893      -0.58010905125428      -0.15291080341002
    1     -1     67401.0000000000       0.00957988169893      -0.58010905125428      -0.15291080341002
    1     -1     67402.0000000000       0.00957988169893      -0.58010905125428      -0.15291080341002
    1     -1     67402.0000000000       0.00000000000000       0.00000000000000       0.00000000000000
    1     -1     67402.0000000000       0.00000000000000       0.00000000000000       0.00000000000000
    1     -1     67402.0000000000       0.00719670729484      -0.58096262123170      -0.14976861959603
    1     -1     67403.0000000000       0.00719670729484      -0.58096262123170      -0.14976861959603
    1     -1     67403.0000000000       0.00000000000000       0.00000000000000       0.00000000000000
    1   4928     67403.0000000000       46079846.501082323     -380380900.430629253       10533943.419732520       17.8297549040503        0.6485140331137       -0.8774887474078        1285.0984610653
    1   4928     67403.0000000000       46079846.501082323     -380380900.430629253       10533943.419732520       17.8297549040503        0.6485140331137       -0.8774887474078        1317.9526705109
    1     -1     67403.0000000000       0.00000000000000       0.00000000000000       0.00000000000000
    1     -1     67403.0000000000       0.10467472963942       0.58912222574393       0.04447699843097
    1     -1     67404.0000000000       0.10467472963942       0.58912222574393       0.04447699843097
    1     -1     67405.0000000000       0.10467472963942       0.58912222574393       0.04447699843097
    1     -1     67405.0000000000       0.00000000000000       0.00000000000000       0.00000000000000
    1     -1     67405.0000000000       0.00000000000000       0.00000000000000       0.00000000000000
    1     -1     67405.0000000000       0.10149208727936       0.58970121994840       0.04417948269335
    1     -1     67406.0000000000       0.10149208727936       0.58970121994840       0.04417948269335
    1     -1     67407.0000000000       0.10149208727936       0.58970121994840       0.04417948269335
    1     -1     67407.0000000000       0.00000000000000       0.00000000000000       0.00000000000000
    1     -1     67407.0000000000       0.00000000000000       0.00000000000000       0.00000000000000
    1     -1     67407.0000000000       0.09818814165614       0.59028407544814       0.04386112618761
    1     -1     67408.0000000000       0.09818814165614       0.59028407544814       0.04386112618761
    1     -1     67409.0000000000       0.09818814165614       0.59028407544814       0.04386112618761
    1     -1     67409.0000000000       0.00000000000000       0.00000000000000       0.00000000000000
    1     -1     67409.0000000000       0.00000000000000       0.00000000000000       0.00000000000000
    1     -1     67409.0000000000       0.09475929411251       0.59086932608952       0.04352143087968
    1     -1     67410.0000000000       0.09475929411251       0.59086932608952       0.04352143087968
    1     -1     67411.0000000000       0.09475929411251       0.59086932608952       0.04352143087968
    1     -1     67411.0000000000       0.00000000000000       0.00000000000000       0.00000000000000
    1     -1     67411.0000000000       0.00000000000000       0.00000000000000       0.00000000000000
    1     -1     67411.0000000000       0.09120188042873       0.59145535831931       0.04315988185393
    1     -1     67412.0000000000       0.09120188042873       0.59145535831931       0.04315988185393
    1     -1     67413.0000000000       0.09120188042873       0.59145535831931       0.04315988185393
    1     -1     67413.0000000000       0.00000000000000       0.00000000000000       0.00000000000000
    1     -1     67413.0000000000       0.00000000000000       0.00000000000000       0.00000000000000
    1     -1     67413.0000000000       0.08751217433552       0.59204040145291       0.04277594733660
    1     -1     67414.0000000000       0.08751217433552       0.59204040145291       0.04277594733660
    1     -1     67415.0000000000       0.08751217433552       0.59204040145291       0.04277594733660
    1     -1     67415.0000000000       0.00000000000000       0.00000000000000       0.00000000000000
    1     -1     67415.0000000000       0.00000000000000       0.00000000000000       0.00000000000000
    1     -1     67415.0000000000       0.08368639117694       0.59262251761108       0.04236907872601
    1     -1     67416.0000000000       0.08368639117694       0.59262251761108       0.04236907872601
    1     -1     67417.0000000000       0.08368639117694       0.59262251761108       0.04236907872601
    1     -1     67417.0000000000       0.00000000000000       0.00000000000000       0.00000000000000
    1     -1     67417.0000000000       0.00000000000000       0.00000000000000       0.00000000000000
    1     -1     67417.0000000000       0.07972069152082       0.59319959134830       0.04193871061026
    1     -1     67418.0000000000       0.07972069152082       0.59319959134830       0.04193871061026
    1     -1     67419.0000000000       0.07972069152082       0.59319959134830       0.04193871061026
    1     -1     67419.0000000000       0.00000000000000       0.00000000000000       0.00000000000000
    1     -1     67419.0000000000       0.00000000000000       0.00000000000000       0.00000000000000
    1     -1     67419.0000000000       0.07561118654318       0.59376931870644       0.04148426102052
    1     -1     67420.0000000000       0.07561118654318       0.59376931870644       0.04148426102052
    1     -1     67421.0000000000       0.07561118654318       0.59376931870644       0.04148426102052
    1     -1     67421.0000000000       0.00000000000000       0.00000000000000       0.00000000000000
    1     -1     67421.0000000000       0.00000000000000       0.00000000000000       0.00000000000000
    1     -1     67421.0000000000       0.07135394946092       0.59432919521677       0.04100513247524
    1     -1     67422.0000000000       0.07135394946092       0.59432919521677       0.04100513247524
    1     -1     67423.0000000000       0.07135394946092       0.59432919521677       0.04100513247524
    1     -1     67423.0000000000       0.00000000000000       0.00000000000000       0.00000000000000
    1     -1     67423.0000000000       0.00000000000000       0.00000000000000       0.00000000000000
    1     -1     67423.0000000000       0.06694502495930       0.59487650414511       0.04050071270103
    1     -1     67424.0000000000       0.06694502495930       0.59487650414511       0.04050071270103
    1     -1     67425.0000000000       0.06694502495930       0.59487650414511       0.04050071270103
    1     -1     67425.0000000000       0.00000000000000       0.00000000000000       0.00000000000000
    1     -1     67425.0000000000       0.00000000000000       0.00000000000000       0.00000000000000
    1     -1     67425.0000000000       0.06238043062884       0.59540830555654       0.03997037438969
    1     -1     67426.0000000000       0.06238043062884       0.59540830555654       0.03997037438969
    1     -1     67427.0000000000       0.06238043062884       0.59540830555654       0.03997037438969
    1     -1     67427.0000000000       0.00000000000000       0.00000000000000       0.00000000000000
    1     -1     67427.0000000000       0.00000000000000       0.00000000000000       0.00000000000000
    1     -1     67427.0000000000       0.05765612622298       0.59592142832445       0.03941347044734
    1     -1     67428.0000000000       0.05765612622298       0.59592142832445       0.03941347044734
    1     -1     67429.0000000000       0.05765612622298       0.59592142832445       0.03941347044734
    1     -1     67429.0000000000       0.00000000000000       0.00000000000000       0.00000000000000
    1     -1     67429.0000000000       0.00000000000000       0.00000000000000       0.00000000000000
    1     -1     67429.0000000000       0.05276832541262       0.59641242666217       0.03882937594259
    1     -1     67430.0000000000       0.05276832541262       0.59641242666217       0.03882937594259
    1     -1     67431.0000000000       0.05276832541262       0.59641242666217       0.03882937594259
    1     -1     67431.0000000000       0.00000000000000       0.00000000000000       0.00000000000000
    1     -1     67431.0000000000       0.00000000000000       0.00000000000000       0.00000000000000
    1     -1     67431.0000000000       0.01060110705180       0.13261614193565       0.00849127530963
    1     -1     67432.0000000000       0.01060110705180       0.13261614193565       0.00849127530963
    1     -1     67433.0000000000       0.01060110705180       0.13261614193565       0.00849127530963
    1     -1     67433.0000000000       0.00000000000000       0.00000000000000       0.00000000000000
    1     -1     67603.0000000000       0.00000000000000       0.00000000000000       0.00000000000000
    1     -1     67603.0000000000      -0.07993524460246       0.02615788806570      -0.00881893482369
    1     -1     67604.0000000000      -0.07993524460246       0.02615788806570      -0.00881893482369
    1     -1     67605.0000000000      -0.07993524460246       0.02615788806570      -0.00881893482369
    1     -1     67605.0000000000       0.00000000000000       0.00000000000000       0.00000000000000
    1     -1     67605.0000000000       0.00000000000000       0.00000000000000       0.00000000000000
    1     -1     67605.0000000000      -0.56866618893228       0.18075040936954      -0.06283354484648
    1     -1     67606.0000000000      -0.56866618893228       0.18075040936954      -0.06283354484648
    1     -1     67607.0000000000      -0.56866618893228       0.18075040936954      -0.06283354484648
    1     -1     67607.0000000000       0.00000000000000       0.00000000000000       0.00000000000000
    1     -1     67607.0000000000       0.00000000000000       0.00000000000000       0.00000000000000
    1     -1     67607.0000000000      -0.57010969138950       0.17605886160032      -0.06307310295026
    1     -1     67608.0000000000      -0.57010969138950       0.17605886160032      -0.06307310295026
    1     -1     67609.0000000000      -0.57010969138950       0.17605886160032      -0.06307310295026
    1     -1     67609.0000000000       0.00000000000000       0.00000000000000       0.00000000000000
    1     -1     67609.0000000000       0.00000000000000       0.00000000000000       0.00000000000000
    1     -1     67609.0000000000      -0.57147061396607       0.17151038367178      -0.06328921666444
    1     -1     67610.0000000000      -0.57147061396607       0.17151038367178      -0.06328921666444
    1     -1     67611.0000000000      -0.57147061396607       0.17151038367178      -0.06328921666444
    1     -1     67611.0000000000       0.00000000000000       0.00000000000000       0.00000000000000
    1     -1     67611.0000000000       0.00000000000000       0.00000000000000       0.00000000000000
    1     -1     67611.0000000000      -0.57275350325106       0.16710291100171      -0.06348260335234
    1     -1     67612.0000000000      -0.57275350325106       0.16710291100171      -0.06348260335234
    1     -1     67613.0000000000      -0.57275350325106       0.16710291100171      -0.06348260335234
    1     -1     67613.0000000000       0.00000000000000       0.00000000000000       0.00000000000000
    1     -1     67613.0000000000       0.00000000000000       0.00000000000000       0.00000000000000
    1     -1     67613.0000000000      -0.57396279582259       0.16283390272881      -0.06365397405987
    1     -1     67614.0000000000      -0.57396279582259       0.16283390272881      -0.06365397405987
    1     -1     67615.0000000000      -0.57396279582259       0.16283390272881      -0.06365397405987
    1     -1     67615.0000000000       0.00000000000000       0.00000000000000       0.00000000000000
    1     -1     67615.0000000000       0.00000000000000       0.00000000000000       0.00000000000000
    1     -1     67615.0000000000      -0.57510269119884       0.15870079452061      -0.06380400986129
    1     -1     67616.0000000000      -0.57510269119884       0.15870079452061      -0.06380400986129
    1     -1     67617.0000000000      -0.57510269119884       0.15870079452061      -0.06380400986129
    1     -1     67617.0000000000       0.00000000000000       0.00000000000000       0.00000000000000
    1     -1     67617.0000000000       0.00000000000000       0.00000000000000       0.00000000000000
    1     -1     67617.0000000000      -0.57617720117839       0.15470086131057      -0.06393336868962
    1     -1     67618.0000000000      -0.57617720117839       0.15470086131057      -0.06393336868962
    1     -1     67619.0000000000      -0.57617720117839       0.15470086131057      -0.06393336868962
    1     -1     67619.0000000000       0.00000000000000       0.00000000000000       0.00000000000000
    1     -1     67619.0000000000       0.00000000000000       0.00000000000000       0.00000000000000
    1     -1     67619.0000000000      -0.57719007738849       0.15083152935893      -0.06404267011543
    1     -1     67620.0000000000      -0.57719007738849       0.15083152935893      -0.06404267011543
    1     -1     67621.0000000000      -0.57719007738849       0.15083152935893      -0.06404267011543
    1     -1     67621.0000000000       0.00000000000000       0.00000000000000       0.00000000000000
    1     -1     67621.0000000000       0.00000000000000       0.00000000000000       0.00000000000000
    1     -1     67621.0000000000      -0.57814491027607       0.14709004921067      -0.06413251457002
    1     -1     67622.0000000000      -0.57814491027607       0.14709004921067      -0.06413251457002
    1     -1     67623.0000000000      -0.57814491027607       0.14709004921067      -0.06413251457002
    1     -1     67623.0000000000       0.00000000000000       0.00000000000000       0.00000000000000
    1     -1     67623.0000000000       0.00000000000000       0.00000000000000       0.00000000000000
    1     -1     67623.0000000000      -0.57904509919310       0.14347364227483      -0.06420347617417
    1     -1     67624.0000000000      -0.57904509919310       0.14347364227483      -0.06420347617417
    1     -1     67625.0000000000      -0.57904509919310       0.14347364227483      -0.06420347617417
    1     -1     67625.0000000000       0.00000000000000       0.00000000000000       0.00000000000000
    1     -1     67625.0000000000       0.00000000000000       0.00000000000000       0.00000000000000
    1     -1     67625.0000000000      -0.57989384387452       0.13997957989853      -0.06425609953826
    1     -1     67626.0000000000      -0.57989384387452       0.13997957989853      -0.06425609953826
    1     -1     67627.0000000000      -0.57989384387452       0.13997957989853      -0.06425609953826
    1     -1     67627.0000000000       0.00000000000000       0.00000000000000       0.00000000000000
    1     -1     67627.0000000000       0.00000000000000       0.00000000000000       0.00000000000000
    1     -1     67627.0000000000      -0.58069417182997       0.13660511570012      -0.06429090485643
    1     -1     67628.0000000000      -0.58069417182997       0.13660511570012      -0.06429090485643
    1     -1     67629.0000000000      -0.58069417182997       0.13660511570012      -0.06429090485643
    1     -1     67629.0000000000       0.00000000000000       0.00000000000000       0.00000000000000
    1     -1     67629.0000000000       0.00000000000000       0.00000000000000       0.00000000000000
    1     -1     67629.0000000000      -0.58144895089424       0.13334747006953      -0.06430838988844
    1     -1     67630.0000000000      -0.58144895089424       0.13334747006953      -0.06430838988844
    1     -1     67631.0000000000      -0.58144895089424       0.13334747006953      -0.06430838988844
    1     -1     67631.0000000000       0.00000000000000       0.00000000000000       0.00000000000000
    1     -1     67631.0000000000       0.00000000000000       0.00000000000000       0.00000000000000
    1     -1     67631.0000000000      -0.58216089091480       0.13020385980989      -0.06430902938070
    1     -1     67632.0000000000      -0.58216089091480       0.13020385980989      -0.06430902938070
    1     -1     67633.0000000000      -0.58216089091480       0.13020385980989      -0.06430902938070
    1     -1     67633.0000000000       0.00000000000000       0.00000000000000       0.00000000000000
    1     -1     67633.0000000000       0.00000000000000       0.00000000000000       0.00000000000000
    1     -1     67633.0000000000      -0.58283254576490       0.12717152879699      -0.06429327445890
    1     -1     67634.0000000000      -0.58283254576490       0.12717152879699      -0.06429327445890
    1     -1     67635.0000000000      -0.58283254576490       0.12717152879699      -0.06429327445890
    1     -1     67635.0000000000       0.00000000000000       0.00000000000000       0.00000000000000
    1     -1     67635.0000000000       0.00000000000000       0.00000000000000       0.00000000000000
    1     -1     67635.0000000000      -0.58346632243159       0.12424774673290      -0.06426155382458
    1     -1     67636.0000000000      -0.58346632243159       0.12424774673290      -0.06426155382458
    1     -1     67637.0000000000      -0.58346632243159       0.12424774673290      -0.06426155382458
    1     -1     67637.0000000000       0.00000000000000       0.00000000000000       0.00000000000000
    1     -1     67637.0000000000       0.00000000000000       0.00000000000000       0.00000000000000
    1     -1     67637.0000000000      -0.58406449044932       0.12142980333840      -0.06421427518377
    1     -1     67638.0000000000      -0.58406449044932       0.12142980333840      -0.06421427518377
    1     -1     67639.0000000000      -0.58406449044932       0.12142980333840      -0.06421427518377
    1     -1     67639.0000000000       0.00000000000000       0.00000000000000       0.00000000000000
    1     -1     67639.0000000000       0.00000000000000       0.00000000000000       0.00000000000000
    1     -1     67639.0000000000      -0.58462918965727       0.11871500772572      -0.06415182632918
    1     -1     67640.0000000000      -0.58462918965727       0.11871500772572      -0.06415182632918
    1     -1     67641.0000000000      -0.58462918965727       0.11871500772572      -0.06415182632918
    1     -1     67641.0000000000       0.00000000000000       0.00000000000000       0.00000000000000
    1     -1     67641.0000000000       0.00000000000000       0.00000000000000       0.00000000000000
    1     -1     67641.0000000000      -0.58516243715199       0.11610068963209      -0.06407457602900
    1     -1     67642.0000000000      -0.58516243715199       0.11610068963209      -0.06407457602900
    1     -1     67643.0000000000      -0.58516243715199       0.11610068963209      -0.06407457602900
    1     -1     67643.0000000000       0.00000000000000       0.00000000000000       0.00000000000000
    1  53410     67643.0000000000      336229360.718344271     -175186383.439182699       -8559663.639086468        6.2815018344005       16.8376889014365       -1.0208594964074        1229.7704370504
    1  53410     67643.0000000000      336229360.718344271     -175186383.439182699       -8559663.639086468        6.2815018344005       16.8376889014365       -1.0208594964074        1303.2817306849
    1     -1     67643.0000000000       0.00000000000000       0.00000000000000       0.00000000000000
    1     -1     67643.0000000000       0.54966585353741      -0.23951749490390       0.02233424209496
    1     -1     67644.0000000000       0.54966585353741      -0.23951749490390       0.02233424209496
    1     -1     67645.0000000000       0.54966585353741      -0.23951749490390       0.02233424209496
    1     -1     67645.0000000000       0.00000000000000       0.00000000000000       0.00000000000000
    1     -1     67645.0000000000       0.00000000000000       0.00000000000000       0.00000000000000
    1     -1     67645.0000000000       0.54912960504905      -0.24055360818526       0.02430303947517
    1     -1     67646.0000000000       0.54912960504905      -0.24055360818526       0.02430303947517
    1     -1     67647.0000000000       0.54912960504905      -0.24055360818526       0.02430303947517
    1     -1     67647.0000000000       0.00000000000000       0.00000000000000       0.00000000000000
    1     -1     67647.0000000000       0.00000000000000       0.00000000000000       0.00000000000000
    1     -1     67647.0000000000       0.54856878047673      -0.24161934307601       0.02631321754922
    1     -1     67648.0000000000       0.54856878047673      -0.24161934307601       0.02631321754922
    1     -1     67649.0000000000       0.54856878047673      -0.24161934307601       0.02631321754922
    1     -1     67649.0000000000       0.00000000000000       0.00000000000000       0.00000000000000
    1     -1     67649.0000000000       0.00000000000000       0.00000000000000       0.00000000000000
    1     -1     67649.0000000000       0.54798293496860      -0.24271406103137       0.02836524001070
    1     -1     67650.0000000000       0.54798293496860      -0.24271406103137       0.02836524001070
    1     -1     67651.0000000000       0.54798293496860      -0.24271406103137       0.02836524001070
    1     -1     67651.0000000000       0.00000000000000       0.00000000000000       0.00000000000000
    1     -1     67651.0000000000       0.00000000000000       0.00000000000000       0.00000000000000
    1     -1     67651.0000000000       0.54737162090347      -0.24383708276082       0.03045956303368
    1     -1     67652.0000000000       0.54737162090347      -0.24383708276082       0.03045956303368
    1     -1     67653.0000000000       0.54737162090347      -0.24383708276082       0.03045956303368
    1     -1     67653.0000000000       0.00000000000000       0.00000000000000       0.00000000000000
    1     -1     67653.0000000000       0.00000000000000       0.00000000000000       0.00000000000000
    1     -1     67653.0000000000       0.54673438828717      -0.24498768811712       0.03259663503006
    1     -1     67654.0000000000       0.54673438828717      -0.24498768811712       0.03259663503006
    1     -1     67655.0000000000       0.54673438828717      -0.24498768811712       0.03259663503006
    1     -1     67655.0000000000       0.00000000000000       0.00000000000000       0.00000000000000
    1     -1     67655.0000000000       0.00000000000000       0.00000000000000       0.00000000000000
    1     -1     67655.0000000000       0.54607078514990      -0.24616511606284       0.03477689634711
    1     -1     67656.0000000000       0.54607078514990      -0.24616511606284       0.03477689634711
    1     -1     67657.0000000000       0.54607078514990      -0.24616511606284       0.03477689634711
    1     -1     67657.0000000000       0.00000000000000       0.00000000000000       0.00000000000000
    1     -1     67657.0000000000       0.00000000000000       0.00000000000000       0.00000000000000
    1     -1     67657.0000000000       0.54538035791150      -0.24736856476445       0.03700077905527
    1     -1     67658.0000000000       0.54538035791150      -0.24736856476445       0.03700077905527
    1     -1     67659.0000000000       0.54538035791150      -0.24736856476445       0.03700077905527
    1     -1     67659.0000000000       0.00000000000000       0.00000000000000       0.00000000000000
    1     -1     67659.0000000000       0.00000000000000       0.00000000000000       0.00000000000000
    1     -1     67659.0000000000       0.54466265172539      -0.24859719178180       0.03926870679907
    1     -1     67660.0000000000       0.54466265172539      -0.24859719178180       0.03926870679907
    1     -1     67661.0000000000       0.54466265172539      -0.24859719178180       0.03926870679907
    1     -1     67661.0000000000       0.00000000000000       0.00000000000000       0.00000000000000
    1     -1     67661.0000000000       0.00000000000000       0.00000000000000       0.00000000000000
    1     -1     67661.0000000000       0.54391721080939      -0.24985011433374       0.04158109465551
    1     -1     67662.0000000000       0.54391721080939      -0.24985011433374       0.04158109465551
    1     -1     67663.0000000000       0.54391721080939      -0.24985011433374       0.04158109465551
    1     -1     67663.0000000000       0.00000000000000       0.00000000000000       0.00000000000000
    1     -1     67663.0000000000       0.00000000000000       0.00000000000000       0.00000000000000
    1     -1     67663.0000000000       0.54314357875580      -0.25112640964798       0.04393834900917
    1     -1     67664.0000000000       0.54314357875580      -0.25112640964798       0.04393834900917
    1     -1     67665.0000000000       0.54314357875580      -0.25112640964798       0.04393834900917
    1     -1     67665.0000000000       0.00000000000000       0.00000000000000       0.00000000000000
    1     -1     67665.0000000000       0.00000000000000       0.00000000000000       0.00000000000000
    1     -1     67665.0000000000       0.54234129879669      -0.25242511541465       0.04634086757300
    1     -1     67666.0000000000       0.54234129879669      -0.25242511541465       0.04634086757300
    1     -1     67667.0000000000       0.54234129879669      -0.25242511541465       0.04634086757300
    1     -1     67667.0000000000       0.00000000000000       0.00000000000000       0.00000000000000
    1     -1     67667.0000000000       0.00000000000000       0.00000000000000       0.00000000000000
    1     -1     67667.0000000000       0.54150991404988      -0.25374523030948       0.04878903935186
    1     -1     67668.0000000000       0.54150991404988      -0.25374523030948       0.04878903935186
    1     -1     67669.0000000000       0.54150991404988      -0.25374523030948       0.04878903935186
    1     -1     67669.0000000000       0.00000000000000       0.00000000000000       0.00000000000000
    1     -1     67669.0000000000       0.00000000000000       0.00000000000000       0.00000000000000
    1     -1     67669.0000000000       0.54064896771378      -0.25508571461418       0.05128324472762
    1     -1     67670.0000000000       0.54064896771378      -0.25508571461418       0.05128324472762
    1     -1     67671.0000000000       0.54064896771378      -0.25508571461418       0.05128324472762
    1     -1     67671.0000000000       0.00000000000000       0.00000000000000       0.00000000000000
    1     -1     67671.0000000000       0.00000000000000       0.00000000000000       0.00000000000000
    1     -1     67671.0000000000       0.53975800321999      -0.25644549091989       0.05382385555515
    1     -1     67672.0000000000       0.53975800321999      -0.25644549091989       0.05382385555515
    1     -1     67673.0000000000       0.53975800321999      -0.25644549091989       0.05382385555515
    1     -1     67673.0000000000       0.00000000000000       0.00000000000000       0.00000000000000
    1     -1     67673.0000000000       0.00000000000000       0.00000000000000       0.00000000000000
    1     -1     67673.0000000000       0.53883656432586      -0.25782344491545       0.05641123538300
    1     -1     67674.0000000000       0.53883656432586      -0.25782344491545       0.05641123538300
    1     -1     67675.0000000000       0.53883656432586      -0.25782344491545       0.05641123538300
    1     -1     67675.0000000000       0.00000000000000       0.00000000000000       0.00000000000000
    1     -1     67675.0000000000       0.00000000000000       0.00000000000000       0.00000000000000
    1     -1     67675.0000000000       0.53788419516021      -0.25921842625449       0.05904573961765
    1     -1     67676.0000000000       0.53788419516021      -0.25921842625449       0.05904573961765
    1     -1     67677.0000000000       0.53788419516021      -0.25921842625449       0.05904573961765
    1     -1     67677.0000000000       0.00000000000000       0.00000000000000       0.00000000000000
    1     -1     67677.0000000000       0.00000000000000       0.00000000000000       0.00000000000000
    1     -1     67677.0000000000       0.53690044019386      -0.26062924950054       0.06172771585297
    1     -1     67678.0000000000       0.53690044019386      -0.26062924950054       0.06172771585297
    1     -1     67679.0000000000       0.53690044019386      -0.26062924950054       0.06172771585297
    1     -1     67679.0000000000       0.00000000000000       0.00000000000000       0.00000000000000
    1     -1     67679.0000000000       0.00000000000000       0.00000000000000       0.00000000000000
    1     -1     67679.0000000000       0.53588484414328      -0.26205469514733       0.06445750420842
    1     -1     67680.0000000000       0.53588484414328      -0.26205469514733       0.06445750420842
    1     -1     67681.0000000000       0.53588484414328      -0.26205469514733       0.06445750420842
    1     -1     67681.0000000000       0.00000000000000       0.00000000000000       0.00000000000000
    1     -1     67681.0000000000       0.00000000000000       0.00000000000000       0.00000000000000
    1     -1     67681.0000000000       0.53483695180078      -0.26349351070262       0.06723543772492
    1     -1     67682.0000000000       0.53483695180078      -0.26349351070262       0.06723543772492
    1     -1     67683.0000000000       0.53483695180078      -0.26349351070262       0.06723543772492
    1     -1     67683.0000000000       0.00000000000000       0.00000000000000       0.00000000000000
    1     -1     67683.0000000000       0.00000000000000       0.00000000000000       0.00000000000000
    1     -1     67683.0000000000       0.53375630777842      -0.26494441183844       0.07006184284143
    1     -1     67684.0000000000       0.53375630777842      -0.26494441183844       0.07006184284143
    1     -1     67685.0000000000       0.53375630777842      -0.26494441183844       0.07006184284143
    1     -1     67685.0000000000       0.00000000000000       0.00000000000000       0.00000000000000
    1     -1     67685.0000000000       0.00000000000000       0.00000000000000       0.00000000000000
    1     -1     67685.0000000000       0.53264245616949      -0.26640608359759       0.07293703989012
    1     -1     67686.0000000000       0.53264245616949      -0.26640608359759       0.07293703989012
    1     -1     67687.0000000000       0.53264245616949      -0.26640608359759       0.07293703989012
    1     -1     67687.0000000000       0.00000000000000       0.00000000000000       0.00000000000000
    1     -1     67687.0000000000       0.00000000000000       0.00000000000000       0.00000000000000
    1     -1     67687.0000000000       0.53149494011295      -0.26787718164551       0.07586134370016
    1     -1     67688.0000000000       0.53149494011295      -0.26787718164551       0.07586134370016
    1     -1     67689.0000000000       0.53149494011295      -0.26787718164551       0.07586134370016
    1     -1     67689.0000000000       0.00000000000000       0.00000000000000       0.00000000000000
    1     -1     67689.0000000000       0.00000000000000       0.00000000000000       0.00000000000000
    1     -1     67689.0000000000       0.53031330126383      -0.26935633357061       0.07883506420405
    1     -1     67690.0000000000       0.53031330126383      -0.26935633357061       0.07883506420405
    1     -1     67691.0000000000       0.53031330126383      -0.26935633357061       0.07883506420405
    1     -1     67691.0000000000       0.00000000000000       0.00000000000000       0.00000000000000
    1     -1     67691.0000000000       0.00000000000000       0.00000000000000       0.00000000000000
    1     -1     67691.0000000000       0.52909707915921      -0.27084214021372       0.08185850713054
    1     -1     67692.0000000000       0.52909707915921      -0.27084214021372       0.08185850713054
    1     -1     67693.0000000000       0.52909707915921      -0.27084214021372       0.08185850713054
    1     -1     67693.0000000000       0.00000000000000       0.00000000000000       0.00000000000000
    1     -1     67693.0000000000       0.00000000000000       0.00000000000000       0.00000000000000
    1     -1     67693.0000000000       0.52784581047714      -0.27233317702529       0.08493197473888
    1     -1     67694.0000000000       0.52784581047714      -0.27233317702529       0.08493197473888
    1     -1     67695.0000000000       0.52784581047714      -0.27233317702529       0.08493197473888
    1     -1     67695.0000000000       0.00000000000000       0.00000000000000       0.00000000000000
    1     -1     67695.0000000000       0.00000000000000       0.00000000000000       0.00000000000000
    1     -1     67695.0000000000       0.52655902818502      -0.27382799544123       0.08805576658846
    1     -1     67696.0000000000       0.52655902818502      -0.27382799544123       0.08805576658846
    1     -1     67697.0000000000       0.52655902818502      -0.27382799544123       0.08805576658846
    1     -1     67697.0000000000       0.00000000000000       0.00000000000000       0.00000000000000
    1     -1     67697.0000000000       0.00000000000000       0.00000000000000       0.00000000000000
    1     -1     67697.0000000000       0.52523626057262      -0.27532512426323       0.09123018036335
    1     -1     67698.0000000000       0.52523626057262      -0.27532512426323       0.09123018036335
    1     -1     67699.0000000000       0.52523626057262      -0.27532512426323       0.09123018036335
    1     -1     67699.0000000000       0.00000000000000       0.00000000000000       0.00000000000000
    1     -1     67699.0000000000       0.00000000000000       0.00000000000000       0.00000000000000
    1     -1     67699.0000000000       0.52387703016616      -0.27682307103927       0.09445551272782
    1     -1     67700.0000000000       0.52387703016616      -0.27682307103927       0.09445551272782
    1     -1     67701.0000000000       0.52387703016616      -0.27682307103927       0.09445551272782
    1     -1     67701.0000000000       0.00000000000000       0.00000000000000       0.00000000000000
    1     -1     67701.0000000000       0.00000000000000       0.00000000000000       0.00000000000000
    1     -1     67701.0000000000       0.52248085251927      -0.27832032343532       0.09773206021360
    1     -1     67702.0000000000       0.52248085251927      -0.27832032343532       0.09773206021360
    1     -1     67703.0000000000       0.52248085251927      -0.27832032343532       0.09773206021360
    1     -1     67703.0000000000       0.00000000000000       0.00000000000000       0.00000000000000
    1     -1     67703.0000000000       0.00000000000000       0.00000000000000       0.00000000000000
    1     -1     67703.0000000000       0.52104723488277      -0.27981535057586       0.10106012014206
    1     -1     67704.0000000000       0.52104723488277      -0.27981535057586       0.10106012014206
    1     -1     67705.0000000000       0.52104723488277      -0.27981535057586       0.10106012014206
    1     -1     67705.0000000000       0.00000000000000       0.00000000000000       0.00000000000000
    1     -1     67705.0000000000       0.00000000000000       0.00000000000000       0.00000000000000
    1     -1     67705.0000000000       0.51957567474381      -0.28130660436203       0.10443999155889
    1     -1     67706.0000000000       0.51957567474381      -0.28130660436203       0.10443999155889
    1     -1     67707.0000000000       0.51957567474381      -0.28130660436203       0.10443999155889
    1     -1     67707.0000000000       0.00000000000000       0.00000000000000       0.00000000000000
    1     -1     67707.0000000000       0.00000000000000       0.00000000000000       0.00000000000000
    1     -1     67707.0000000000       0.51806565824024      -0.28279252073941       0.10787197618456
    1     -1     67708.0000000000       0.51806565824024      -0.28279252073941       0.10787197618456
    1     -1     67709.0000000000       0.51806565824024      -0.28279252073941       0.10787197618456
    1     -1     67709.0000000000       0.00000000000000       0.00000000000000       0.00000000000000
    1     -1     67709.0000000000       0.00000000000000       0.00000000000000       0.00000000000000
    1     -1     67709.0000000000       0.51651665844130      -0.28427152091726       0.11135637937731
    1     -1     67710.0000000000       0.51651665844130      -0.28427152091726       0.11135637937731
    1     -1     67711.0000000000       0.51651665844130      -0.28427152091726       0.11135637937731
    1     -1     67711.0000000000       0.00000000000000       0.00000000000000       0.00000000000000
    1     -1     67711.0000000000       0.00000000000000       0.00000000000000       0.00000000000000
    1     -1     67711.0000000000       0.51492813350248      -0.28574201251881       0.11489351108463
    1     -1     67712.0000000000       0.51492813350248      -0.28574201251881       0.11489351108463
    1     -1     67713.0000000000       0.51492813350248      -0.28574201251881       0.11489351108463
    1     -1     67713.0000000000       0.00000000000000       0.00000000000000       0.00000000000000
    1     -1     67713.0000000000       0.00000000000000       0.00000000000000       0.00000000000000
    1     -1     67713.0000000000       0.51329952468399      -0.28720239066091       0.11848368680054
    1     -1     67714.0000000000       0.51329952468399      -0.28720239066091       0.11848368680054
    1     -1     67715.0000000000       0.51329952468399      -0.28720239066091       0.11848368680054
    1     -1     67715.0000000000       0.00000000000000       0.00000000000000       0.00000000000000
    1     -1     67715.0000000000       0.00000000000000       0.00000000000000       0.00000000000000
    1     -1     67715.0000000000       0.51163025424643      -0.28865103894389       0.12212722848056
    1     -1     67716.0000000000       0.51163025424643      -0.28865103894389       0.12212722848056
    1     -1     67717.0000000000       0.51163025424643      -0.28865103894389       0.12212722848056
    1     -1     67717.0000000000       0.00000000000000       0.00000000000000       0.00000000000000
    1     -1     67717.0000000000       0.00000000000000       0.00000000000000       0.00000000000000
    1     -1     67717.0000000000       0.50991972320541      -0.29008633035094       0.12582446546536
    1     -1     67718.0000000000       0.50991972320541      -0.29008633035094       0.12582446546536
    1     -1     67719.0000000000       0.50991972320541      -0.29008633035094       0.12582446546536
    1     -1     67719.0000000000       0.00000000000000       0.00000000000000       0.00000000000000
    1     -1     67719.0000000000       0.00000000000000       0.00000000000000       0.00000000000000
    1     -1     67719.0000000000       0.50816730897274      -0.29150662803653       0.12957573531403
    1     -1     67720.0000000000       0.50816730897274      -0.29150662803653       0.12957573531403
    1     -1     67721.0000000000       0.50816730897274      -0.29150662803653       0.12957573531403
    1     -1     67721.0000000000       0.00000000000000       0.00000000000000       0.00000000000000
    1     -1     67721.0000000000       0.00000000000000       0.00000000000000       0.00000000000000
    1     -1     67721.0000000000       0.50637236285625      -0.29291028600423       0.13338138463930
    1     -1     67722.0000000000       0.50637236285625      -0.29291028600423       0.13338138463930
    1     -1     67723.0000000000       0.50637236285625      -0.29291028600423       0.13338138463930
    1     -1     67723.0000000000       0.00000000000000       0.00000000000000       0.00000000000000
    1     -1     67723.0000000000       0.00000000000000       0.00000000000000       0.00000000000000
    1     -1     67723.0000000000       0.50453420744514      -0.29429564965807       0.13724176984444
    1     -1     67724.0000000000       0.50453420744514      -0.29429564965807       0.13724176984444
    1     -1     67725.0000000000       0.50453420744514      -0.29429564965807       0.13724176984444
    1     -1     67725.0000000000       0.00000000000000       0.00000000000000       0.00000000000000
    1     -1     67725.0000000000       0.00000000000000       0.00000000000000       0.00000000000000
    1     -1     67725.0000000000       0.50265213386720      -0.29566105622182       0.14115725781037
    1     -1     67726.0000000000       0.50265213386720      -0.29566105622182       0.14115725781037
    1     -1     67727.0000000000       0.50265213386720      -0.29566105622182       0.14115725781037
    1     -1     67727.0000000000       0.00000000000000       0.00000000000000       0.00000000000000
    1     -1     67727.0000000000       0.00000000000000       0.00000000000000       0.00000000000000
    1     -1     67727.0000000000       0.50072539893523      -0.29700483501810       0.14512822646549
    1     -1     67728.0000000000       0.50072539893523      -0.29700483501810       0.14512822646549
    1     -1     67729.0000000000       0.50072539893523      -0.29700483501810       0.14512822646549
    1     -1     67729.0000000000       0.00000000000000       0.00000000000000       0.00000000000000
    1     -1     67729.0000000000       0.00000000000000       0.00000000000000       0.00000000000000
    1     -1     67729.0000000000       0.49875322217723      -0.29832530760203       0.14915506525756
    1     -1     67730.0000000000       0.49875322217723      -0.29832530760203       0.14915506525756
    1     -1     67731.0000000000       0.49875322217723      -0.29832530760203       0.14915506525756
    1     -1     67731.0000000000       0.00000000000000       0.00000000000000       0.00000000000000
    1     -1     67731.0000000000       0.00000000000000       0.00000000000000       0.00000000000000
    1     -1     67731.0000000000       0.49673478277154      -0.29962078774780       0.15323817544690
    1     -1     67732.0000000000       0.49673478277154      -0.29962078774780       0.15323817544690
    1     -1     67733.0000000000       0.49673478277154      -0.29962078774780       0.15323817544690
    1     -1     67733.0000000000       0.00000000000000       0.00000000000000       0.00000000000000
    1     -1     67733.0000000000       0.00000000000000       0.00000000000000       0.00000000000000
    1     -1     67733.0000000000       0.49466921642332      -0.30088958129013       0.15737797010444
    1     -1     67734.0000000000       0.49466921642332      -0.30088958129013       0.15737797010444
    1     -1     67735.0000000000       0.49466921642332      -0.30088958129013       0.15737797010444
    1     -1     67735.0000000000       0.00000000000000       0.00000000000000       0.00000000000000
    1     -1     67735.0000000000       0.00000000000000       0.00000000000000       0.00000000000000
    1     -1     67735.0000000000       0.49255561213361      -0.30212998581775       0.16157487399175
    1     -1     67736.0000000000       0.49255561213361      -0.30212998581775       0.16157487399175
    1     -1     67737.0000000000       0.49255561213361      -0.30212998581775       0.16157487399175
    1     -1     67737.0000000000       0.00000000000000       0.00000000000000       0.00000000000000
    1     -1     67737.0000000000       0.00000000000000       0.00000000000000       0.00000000000000
    1     -1     67737.0000000000       0.48628881365823      -0.30080157286202       0.16444145796058
    1     -1     67738.0000000000       0.48628881365823      -0.30080157286202       0.16444145796058
    1     -1     67739.0000000000       0.48628881365823      -0.30080157286202       0.16444145796058
    1     -1     67739.0000000000       0.00000000000000       0.00000000000000       0.00000000000000
    1     -1     68053.0000000000       0.00000000000000       0.00000000000000       0.00000000000000
    1     -1     68053.0000000000      -0.05979364785902       0.02120809233074       0.03349220723995
    1     -1     68054.0000000000      -0.05979364785902       0.02120809233074       0.03349220723995
    1     -1     68055.0000000000      -0.05979364785902       0.02120809233074       0.03349220723995
    1     -1     68055.0000000000       0.00000000000000       0.00000000000000       0.00000000000000
    1     -1     68055.0000000000       0.00000000000000       0.00000000000000       0.00000000000000
    1     -1     68055.0000000000      -0.50169380058695       0.17789038763427       0.27687242499019
    1     -1     68056.0000000000      -0.50169380058695       0.17789038763427       0.27687242499019
    1     -1     68057.0000000000      -0.50169380058695       0.17789038763427       0.27687242499019
    1     -1     68057.0000000000       0.00000000000000       0.00000000000000       0.00000000000000
    1     -1     68057.0000000000       0.00000000000000       0.00000000000000       0.00000000000000
    1     -1     68057.0000000000      -0.50326761145072       0.17839360963212       0.27367394941264
    1     -1     68058.0000000000      -0.50326761145072       0.17839360963212       0.27367394941264
    1     -1     68059.0000000000      -0.50326761145072       0.17839360963212       0.27367394941264
    1     -1     68059.0000000000       0.00000000000000       0.00000000000000       0.00000000000000
    1     -1     68059.0000000000       0.00000000000000       0.00000000000000       0.00000000000000
    1     -1     68059.0000000000      -0.50480098156824       0.17888346925205       0.27051187167312
    1     -1     68060.0000000000      -0.50480098156824       0.17888346925205       0.27051187167312
    1     -1     68061.0000000000      -0.50480098156824       0.17888346925205       0.27051187167312
    1     -1     68061.0000000000       0.00000000000000       0.00000000000000       0.00000000000000
    1     -1     68061.0000000000       0.00000000000000       0.00000000000000       0.00000000000000
    1     -1     68061.0000000000      -0.50629481262265       0.17936196239090       0.26738520609540
    1     -1     68062.0000000000      -0.50629481262265       0.17936196239090       0.26738520609540
    1     -1     68063.0000000000      -0.50629481262265       0.17936196239090       0.26738520609540
    1     -1     68063.0000000000       0.00000000000000       0.00000000000000       0.00000000000000
    1     -1     68063.0000000000       0.00000000000000       0.00000000000000       0.00000000000000
    1     -1     68063.0000000000      -0.50774986814520       0.17983091617456       0.26429323159391
    1     -1     68064.0000000000      -0.50774986814520       0.17983091617456       0.26429323159391
    1     -1     68065.0000000000      -0.50774986814520       0.17983091617456       0.26429323159391
    1     -1     68065.0000000000       0.00000000000000       0.00000000000000       0.00000000000000
    1     -1     68065.0000000000       0.00000000000000       0.00000000000000       0.00000000000000
    1     -1     68065.0000000000      -0.50916694351913       0.18029226940918       0.26123499095389
    1     -1     68066.0000000000      -0.50916694351913       0.18029226940918       0.26123499095389
    1     -1     68067.0000000000      -0.50916694351913       0.18029226940918       0.26123499095389
    1     -1     68067.0000000000       0.00000000000000       0.00000000000000       0.00000000000000
    1     -1     68067.0000000000       0.00000000000000       0.00000000000000       0.00000000000000
    1     -1     68067.0000000000      -0.51054677737667       0.18074786244369       0.25820960015525
    1     -1     68068.0000000000      -0.51054677737667       0.18074786244369       0.25820960015525
    1     -1     68069.0000000000      -0.51054677737667       0.18074786244369       0.25820960015525
    1     -1     68069.0000000000       0.00000000000000       0.00000000000000       0.00000000000000
    1     -1     68069.0000000000       0.00000000000000       0.00000000000000       0.00000000000000
    1     -1     68069.0000000000      -0.51189003031219       0.18119964842391       0.25521615066064
    1     -1     68070.0000000000      -0.51189003031219       0.18119964842391       0.25521615066064
    1     -1     68071.0000000000      -0.51189003031219       0.18119964842391       0.25521615066064
    1     -1     68071.0000000000       0.00000000000000       0.00000000000000       0.00000000000000
    1     -1     68071.0000000000       0.00000000000000       0.00000000000000       0.00000000000000
    1     -1     68071.0000000000      -0.51319729905033       0.18164963482938       0.25225372483633
    1     -1     68072.0000000000      -0.51319729905033       0.18164963482938       0.25225372483633
    1     -1     68073.0000000000      -0.51319729905033       0.18164963482938       0.25225372483633
    1     -1     68073.0000000000       0.00000000000000       0.00000000000000       0.00000000000000
    1     -1     68073.0000000000       0.00000000000000       0.00000000000000       0.00000000000000
    1     -1     68073.0000000000      -0.51446916731973       0.18209964748299       0.24932146627178
    1     -1     68074.0000000000      -0.51446916731973       0.18209964748299       0.24932146627178
    1     -1     68075.0000000000      -0.51446916731973       0.18209964748299       0.24932146627178
    1     -1     68075.0000000000       0.00000000000000       0.00000000000000       0.00000000000000
    1     -1     68075.0000000000       0.00000000000000       0.00000000000000       0.00000000000000
    1     -1     68075.0000000000      -0.51570617474355       0.18255138875512       0.24641860943311
    1     -1     68076.0000000000      -0.51570617474355       0.18255138875512       0.24641860943311
    1     -1     68077.0000000000      -0.51570617474355       0.18255138875512       0.24641860943311
    1     -1     68077.0000000000       0.00000000000000       0.00000000000000       0.00000000000000
    1     -1     68077.0000000000       0.00000000000000       0.00000000000000       0.00000000000000
    1     -1     68077.0000000000      -0.51661136272530       0.18289223881631       0.24426036961380
    1     -1     68078.0000000000      -0.51661136272530       0.18289223881631       0.24426036961380
    1     -1     68078.0000000000       0.00000000000000       0.00000000000000       0.00000000000000
    1  23760     68078.0000000000       77574721.533961296      329522817.904145181       -4513397.318413340      -20.1861966334044        1.8483912132008        1.1961936477487        1145.7231060702
    1  23760     68078.0000000000       77574721.533961296      329522817.904145181       -4513397.318413340      -20.1861966334044        1.8483912132008        1.1961936477487        1217.5916892324
    1     -1     68078.0000000000       0.00000000000000       0.00000000000000       0.00000000000000
    1     -1     68078.0000000000      -0.59401502566128       0.07422788410440       0.04045206780888
    1     -1     68079.0000000000      -0.59401502566128       0.07422788410440       0.04045206780888
    1     -1     68080.0000000000      -0.59401502566128       0.07422788410440       0.04045206780888
    1     -1     68080.0000000000       0.00000000000000       0.00000000000000       0.00000000000000
    1     -1     68080.0000000000       0.00000000000000       0.00000000000000       0.00000000000000
    1     -1     68080.0000000000      -0.59285201148432       0.08020245301311       0.04576088165314
    1     -1     68081.0000000000      -0.59285201148432       0.08020245301311       0.04576088165314
    1     -1     68082.0000000000      -0.59285201148432       0.08020245301311       0.04576088165314
    1     -1     68082.0000000000       0.00000000000000       0.00000000000000       0.00000000000000
    1     -1     68082.0000000000       0.00000000000000       0.00000000000000       0.00000000000000
    1     -1     68082.0000000000      -0.59154671523850       0.08631374937429       0.05120956589834
    1     -1     68083.0000000000      -0.59154671523850       0.08631374937429       0.05120956589834
    1     -1     68084.0000000000      -0.59154671523850       0.08631374937429       0.05120956589834
    1     -1     68084.0000000000       0.00000000000000       0.00000000000000       0.00000000000000
    1     -1     68084.0000000000       0.00000000000000       0.00000000000000       0.00000000000000
    1     -1     68084.0000000000      -0.59008866908425       0.09256858585006       0.05680157402840
    1     -1     68085.0000000000      -0.59008866908425       0.09256858585006       0.05680157402840
    1     -1     68086.0000000000      -0.59008866908425       0.09256858585006       0.05680157402840
    1     -1     68086.0000000000       0.00000000000000       0.00000000000000       0.00000000000000
    1     -1     68086.0000000000       0.00000000000000       0.00000000000000       0.00000000000000
    1     -1     68086.0000000000      -0.58846652616253       0.09897396381195       0.06254039777256
    1     -1     68087.0000000000      -0.58846652616253       0.09897396381195       0.06254039777256
    1     -1     68088.0000000000      -0.58846652616253       0.09897396381195       0.06254039777256
    1     -1     68088.0000000000       0.00000000000000       0.00000000000000       0.00000000000000
    1     -1     68088.0000000000       0.00000000000000       0.00000000000000       0.00000000000000
    1     -1     68088.0000000000      -0.58666810534901       0.10553665379306       0.06842914695045
    1     -1     68089.0000000000      -0.58666810534901       0.10553665379306       0.06842914695045
    1     -1     68090.0000000000      -0.58666810534901       0.10553665379306       0.06842914695045
    1     -1     68090.0000000000       0.00000000000000       0.00000000000000       0.00000000000000
    1     -1     68090.0000000000       0.00000000000000       0.00000000000000       0.00000000000000
    1     -1     68090.0000000000      -0.58468022757540       0.11226359687239       0.07447090424892
    1     -1     68091.0000000000      -0.58468022757540       0.11226359687239       0.07447090424892
    1     -1     68092.0000000000      -0.58468022757540       0.11226359687239       0.07447090424892
    1     -1     68092.0000000000       0.00000000000000       0.00000000000000       0.00000000000000
    1     -1     68092.0000000000       0.00000000000000       0.00000000000000       0.00000000000000
    1     -1     68092.0000000000      -0.08053406297453       0.01647491155123       0.01115293678425
    1     -1     68093.0000000000      -0.08053406297453       0.01647491155123       0.01115293678425
    1     -1     68094.0000000000      -0.08053406297453       0.01647491155123       0.01115293678425
    1     -1     68094.0000000000       0.00000000000000       0.00000000000000       0.00000000000000
    1     -1     68204.0000000000       0.00000000000000       0.00000000000000       0.00000000000000
    1     -1     68204.0000000000       0.02127807186326       0.17359143441714       0.11900775434089
    1     -1     68205.0000000000       0.02127807186326       0.17359143441714       0.11900775434089
    1     -1     68206.0000000000       0.02127807186326       0.17359143441714       0.11900775434089
    1     -1     68206.0000000000       0.00000000000000       0.00000000000000       0.00000000000000
    1     -1     68206.0000000000       0.00000000000000       0.00000000000000       0.00000000000000
    1     -1     68206.0000000000       0.06997852483655       0.49256487565780       0.33538462786764
    1     -1     68207.0000000000       0.06997852483655       0.49256487565780       0.33538462786764
    1     -1     68208.0000000000       0.06997852483655       0.49256487565780       0.33538462786764
    1     -1     68208.0000000000       0.00000000000000       0.00000000000000       0.00000000000000
    1     -1     68208.0000000000       0.00000000000000       0.00000000000000       0.00000000000000
    1     -1     68208.0000000000       0.07917050501812       0.49268264702658       0.33316038139920
    1     -1     68209.0000000000       0.07917050501812       0.49268264702658       0.33316038139920
    1     -1     68210.0000000000       0.07917050501812       0.49268264702658       0.33316038139920
    1     -1     68210.0000000000       0.00000000000000       0.00000000000000       0.00000000000000
    1     -1     68210.0000000000       0.00000000000000       0.00000000000000       0.00000000000000
    1     -1     68210.0000000000       0.08794187128503       0.49272885797493       0.33088441950870
    1     -1     68211.0000000000       0.08794187128503       0.49272885797493       0.33088441950870
    1     -1     68212.0000000000       0.08794187128503       0.49272885797493       0.33088441950870
    1     -1     68212.0000000000       0.00000000000000       0.00000000000000       0.00000000000000
    1     -1     68212.0000000000       0.00000000000000       0.00000000000000       0.00000000000000
    1     -1     68212.0000000000       0.09630641778381       0.49271526051477       0.32856771787489
    1     -1     68213.0000000000       0.09630641778381       0.49271526051477       0.32856771787489
    1     -1     68214.0000000000       0.09630641778381       0.49271526051477       0.32856771787489
    1     -1     68214.0000000000       0.00000000000000       0.00000000000000       0.00000000000000
    1     -1     68214.0000000000       0.00000000000000       0.00000000000000       0.00000000000000
    1     -1     68214.0000000000       0.10427820444095       0.49265244029302       0.32622021462795
    1     -1     68215.0000000000       0.10427820444095       0.49265244029302       0.32622021462795
    1     -1     68216.0000000000       0.10427820444095       0.49265244029302       0.32622021462795
    1     -1     68216.0000000000       0.00000000000000       0.00000000000000       0.00000000000000
    1     -1     68216.0000000000       0.00000000000000       0.00000000000000       0.00000000000000
    1     -1     68216.0000000000       0.11187163840101       0.49254989648909       0.32385079167737
    1     -1     68217.0000000000       0.11187163840101       0.49254989648909       0.32385079167737
    1     -1     68218.0000000000       0.11187163840101       0.49254989648909       0.32385079167737
    1     -1     68218.0000000000       0.00000000000000       0.00000000000000       0.00000000000000
    1     -1     68218.0000000000       0.00000000000000       0.00000000000000       0.00000000000000
    1     -1     68218.0000000000       0.11910115141657       0.49241610942283       0.32146740144551
    1     -1     68219.0000000000       0.11910115141657       0.49241610942283       0.32146740144551
    1     -1     68220.0000000000       0.11910115141657       0.49241610942283       0.32146740144551
    1     -1     68220.0000000000       0.00000000000000       0.00000000000000       0.00000000000000
    1     -1     68220.0000000000       0.00000000000000       0.00000000000000       0.00000000000000
    1     -1     68220.0000000000       0.12598114192181       0.49225861277058       0.31907712126265
    1     -1     68221.0000000000       0.12598114192181       0.49225861277058       0.31907712126265
    1     -1     68222.0000000000       0.12598114192181       0.49225861277058       0.31907712126265
    1     -1     68222.0000000000       0.00000000000000       0.00000000000000       0.00000000000000
    1     -1     68222.0000000000       0.00000000000000       0.00000000000000       0.00000000000000
    1     -1     68222.0000000000       0.13252588338402       0.49208406511584       0.31668622068595
    1     -1     68223.0000000000       0.13252588338402       0.49208406511584       0.31668622068595
    1     -1     68224.0000000000       0.13252588338402       0.49208406511584       0.31668622068595
    1     -1     68224.0000000000       0.00000000000000       0.00000000000000       0.00000000000000
    1     -1     68224.0000000000       0.00000000000000       0.00000000000000       0.00000000000000
    1     -1     68224.0000000000       0.13874943990676       0.49189832033749       0.31430023012196
    1     -1     68225.0000000000       0.13874943990676       0.49189832033749       0.31430023012196
    1     -1     68226.0000000000       0.13874943990676       0.49189832033749       0.31430023012196
    1     -1     68226.0000000000       0.00000000000000       0.00000000000000       0.00000000000000
    1     -1     68226.0000000000       0.00000000000000       0.00000000000000       0.00000000000000
    1     -1     68226.0000000000       0.14466560015452       0.49170649582755       0.31192400576570
    1     -1     68227.0000000000       0.14466560015452       0.49170649582755       0.31192400576570
    1     -1     68228.0000000000       0.14466560015452       0.49170649582755       0.31192400576570
    1     -1     68228.0000000000       0.00000000000000       0.00000000000000       0.00000000000000
    1  16118     68228.0000000000     -185991198.914750099      254000256.269349128       11875728.638966283      -17.4401619165836      -12.8249337462309        1.5925620604382        1168.7185032110
    1  16118     68228.0000000000     -185991198.914750099      254000256.269349128       11875728.638966283      -17.4401619165836      -12.8249337462309        1.5925620604382        1250.4433492069
    1     -1     68228.0000000000       0.00000000000000       0.00000000000000       0.00000000000000
    1     -1     68228.0000000000      -0.18649336445638       0.52028183961012      -0.23351023888826
    1     -1     68229.0000000000      -0.18649336445638       0.52028183961012      -0.23351023888826
    1     -1     68230.0000000000      -0.18649336445638       0.52028183961012      -0.23351023888826
    1     -1     68230.0000000000       0.00000000000000       0.00000000000000       0.00000000000000
    1     -1     68230.0000000000       0.00000000000000       0.00000000000000       0.00000000000000
    1     -1     68230.0000000000      -0.18364554016075       0.51973785011891      -0.23695333298530
    1     -1     68231.0000000000      -0.18364554016075       0.51973785011891      -0.23695333298530
    1     -1     68232.0000000000      -0.18364554016075       0.51973785011891      -0.23695333298530
    1     -1     68232.0000000000       0.00000000000000       0.00000000000000       0.00000000000000
    1     -1     68232.0000000000       0.00000000000000       0.00000000000000       0.00000000000000
    1     -1     68232.0000000000      -0.18077213611504       0.51915841921443      -0.24040792383610
    1     -1     68233.0000000000      -0.18077213611504       0.51915841921443      -0.24040792383610
    1     -1     68234.0000000000      -0.18077213611504       0.51915841921443      -0.24040792383610
    1     -1     68234.0000000000       0.00000000000000       0.00000000000000       0.00000000000000
    1     -1     68234.0000000000       0.00000000000000       0.00000000000000       0.00000000000000
    1     -1     68234.0000000000      -0.17787493048604       0.51854211233173      -0.24387411942051
    1     -1     68235.0000000000      -0.17787493048604       0.51854211233173      -0.24387411942051
    1     -1     68236.0000000000      -0.17787493048604       0.51854211233173      -0.24387411942051
    1     -1     68236.0000000000       0.00000000000000       0.00000000000000       0.00000000000000
    1     -1     68236.0000000000       0.00000000000000       0.00000000000000       0.00000000000000
    1     -1     68236.0000000000      -0.17495563102387       0.51788748210328      -0.24735214236744
    1     -1     68237.0000000000      -0.17495563102387       0.51788748210328      -0.24735214236744
    1     -1     68238.0000000000      -0.17495563102387       0.51788748210328      -0.24735214236744
    1     -1     68238.0000000000       0.00000000000000       0.00000000000000       0.00000000000000
    1     -1     68238.0000000000       0.00000000000000       0.00000000000000       0.00000000000000
    1     -1     68238.0000000000      -0.17201586478598       0.51719306354941      -0.25084233406327
    1     -1     68239.0000000000      -0.17201586478598       0.51719306354941      -0.25084233406327
    1     -1     68240.0000000000      -0.17201586478598       0.51719306354941      -0.25084233406327
    1     -1     68240.0000000000       0.00000000000000       0.00000000000000       0.00000000000000
    1     -1     68240.0000000000       0.00000000000000       0.00000000000000       0.00000000000000
    1     -1     68240.0000000000      -0.16905716808712       0.51645736866329      -0.25434515830218
    1     -1     68241.0000000000      -0.16905716808712       0.51645736866329      -0.25434515830218
    1     -1     68242.0000000000      -0.16905716808712       0.51645736866329      -0.25434515830218
    1     -1     68242.0000000000       0.00000000000000       0.00000000000000       0.00000000000000
    1     -1     68242.0000000000       0.00000000000000       0.00000000000000       0.00000000000000
    1     -1     68242.0000000000      -0.16608097664077       0.51567888036209      -0.25786120457825
    1     -1     68243.0000000000      -0.16608097664077       0.51567888036209      -0.25786120457825
    1     -1     68244.0000000000      -0.16608097664077       0.51567888036209      -0.25786120457825
    1     -1     68244.0000000000       0.00000000000000       0.00000000000000       0.00000000000000
    1     -1     68244.0000000000       0.00000000000000       0.00000000000000       0.00000000000000
    1     -1     68244.0000000000      -0.16308861589315       0.51485604579169      -0.26139119104860
    1     -1     68245.0000000000      -0.16308861589315       0.51485604579169      -0.26139119104860
    1     -1     68246.0000000000      -0.16308861589315       0.51485604579169      -0.26139119104860
    1     -1     68246.0000000000       0.00000000000000       0.00000000000000       0.00000000000000
    1     -1     68246.0000000000       0.00000000000000       0.00000000000000       0.00000000000000
    1     -1     68246.0000000000      -0.16008129156808       0.51398726897390      -0.26493596717443
    1     -1     68247.0000000000      -0.16008129156808       0.51398726897390      -0.26493596717443
    1     -1     68248.0000000000      -0.16008129156808       0.51398726897390      -0.26493596717443
    1     -1     68248.0000000000       0.00000000000000       0.00000000000000       0.00000000000000
    1     -1     68248.0000000000       0.00000000000000       0.00000000000000       0.00000000000000
    1     -1     68248.0000000000      -0.15706008043059       0.51307090277796      -0.26849651606257
    1     -1     68249.0000000000      -0.15706008043059       0.51307090277796      -0.26849651606257
    1     -1     68250.0000000000      -0.15706008043059       0.51307090277796      -0.26849651606257
    1     -1     68250.0000000000       0.00000000000000       0.00000000000000       0.00000000000000
    1     -1     68250.0000000000       0.00000000000000       0.00000000000000       0.00000000000000
    1     -1     68250.0000000000      -0.15402592128235       0.51210524020319      -0.27207395650734
    1     -1     68251.0000000000      -0.15402592128235       0.51210524020319      -0.27207395650734
    1     -1     68252.0000000000      -0.15402592128235       0.51210524020319      -0.27207395650734
    1     -1     68252.0000000000       0.00000000000000       0.00000000000000       0.00000000000000
    1     -1     68252.0000000000       0.00000000000000       0.00000000000000       0.00000000000000
    1     -1     68252.0000000000      -0.15097960618553       0.51108850494684      -0.27566954475833
    1     -1     68253.0000000000      -0.15097960618553       0.51108850494684      -0.27566954475833
    1     -1     68254.0000000000      -0.15097960618553       0.51108850494684      -0.27566954475833
    1     -1     68254.0000000000       0.00000000000000       0.00000000000000       0.00000000000000
    1     -1     68254.0000000000       0.00000000000000       0.00000000000000       0.00000000000000
    1     -1     68254.0000000000      -0.14792177191078       0.51001884123565      -0.27928467601969
    1     -1     68255.0000000000      -0.14792177191078       0.51001884123565      -0.27928467601969
    1     -1     68256.0000000000      -0.14792177191078       0.51001884123565      -0.27928467601969
    1     -1     68256.0000000000       0.00000000000000       0.00000000000000       0.00000000000000
    1     -1     68256.0000000000       0.00000000000000       0.00000000000000       0.00000000000000
    1     -1     68256.0000000000      -0.14485289159532       0.50889430288696      -0.28292088570070
    1     -1     68257.0000000000      -0.14485289159532       0.50889430288696      -0.28292088570070
    1     -1     68258.0000000000      -0.14485289159532       0.50889430288696      -0.28292088570070
    1     -1     68258.0000000000       0.00000000000000       0.00000000000000       0.00000000000000
    1     -1     68258.0000000000       0.00000000000000       0.00000000000000       0.00000000000000
    1     -1     68258.0000000000      -0.14177326659497       0.50771284156286      -0.28657985042769
    1     -1     68259.0000000000      -0.14177326659497       0.50771284156286      -0.28657985042769
    1     -1     68260.0000000000      -0.14177326659497       0.50771284156286      -0.28657985042769
    1     -1     68260.0000000000       0.00000000000000       0.00000000000000       0.00000000000000
    1     -1     68260.0000000000       0.00000000000000       0.00000000000000       0.00000000000000
    1     -1     68260.0000000000      -0.13868301848877       0.50647229416972      -0.29026338884073
    1     -1     68261.0000000000      -0.13868301848877       0.50647229416972      -0.29026338884073
    1     -1     68262.0000000000      -0.13868301848877       0.50647229416972      -0.29026338884073
    1     -1     68262.0000000000       0.00000000000000       0.00000000000000       0.00000000000000
    1     -1     68262.0000000000       0.00000000000000       0.00000000000000       0.00000000000000
    1     -1     68262.0000000000      -0.13558208120018       0.50517036932801      -0.29397346222138
    1     -1     68263.0000000000      -0.13558208120018       0.50517036932801      -0.29397346222138
    1     -1     68264.0000000000      -0.13558208120018       0.50517036932801      -0.29397346222138
    1     -1     68264.0000000000       0.00000000000000       0.00000000000000       0.00000000000000
    1     -1     68264.0000000000       0.00000000000000       0.00000000000000       0.00000000000000
    1     -1     68264.0000000000      -0.13247019311149       0.50380463280558      -0.29771217506283
    1     -1     68265.0000000000      -0.13247019311149       0.50380463280558      -0.29771217506283
    1     -1     68266.0000000000      -0.13247019311149       0.50380463280558      -0.29771217506283
    1     -1     68266.0000000000       0.00000000000000       0.00000000000000       0.00000000000000
    1     -1     68266.0000000000       0.00000000000000       0.00000000000000       0.00000000000000
    1     -1     68266.0000000000      -0.12934688925855       0.50237249234371      -0.30148177466557
    1     -1     68267.0000000000      -0.12934688925855       0.50237249234371      -0.30148177466557
    1     -1     68268.0000000000      -0.12934688925855       0.50237249234371      -0.30148177466557
    1     -1     68268.0000000000       0.00000000000000       0.00000000000000       0.00000000000000
    1     -1     68268.0000000000       0.00000000000000       0.00000000000000       0.00000000000000
    1     -1     68268.0000000000      -0.12621150038537       0.50087119160876      -0.30528463090515
    1     -1     68269.0000000000      -0.12621150038537       0.50087119160876      -0.30528463090515
    1     -1     68270.0000000000      -0.12621150038537       0.50087119160876      -0.30528463090515
    1     -1     68270.0000000000       0.00000000000000       0.00000000000000       0.00000000000000
    1     -1     68270.0000000000       0.00000000000000       0.00000000000000       0.00000000000000
    1     -1     68270.0000000000      -0.10410065893733       0.42236204041910      -0.26149106326147
    1     -1     68271.0000000000      -0.10410065893733       0.42236204041910      -0.26149106326147
    1     -1     68272.0000000000      -0.10410065893733       0.42236204041910      -0.26149106326147
    1     -1     68272.0000000000       0.00000000000000       0.00000000000000       0.00000000000000
    1     -1     68492.0000000000       0.00000000000000       0.00000000000000       0.00000000000000
    1     -1     68492.0000000000       0.09234094160559      -0.16128021010072      -0.01054108801465
    1     -1     68493.0000000000       0.09234094160559      -0.16128021010072      -0.01054108801465
    1     -1     68494.0000000000       0.09234094160559      -0.16128021010072      -0.01054108801465
    1     -1     68494.0000000000       0.00000000000000       0.00000000000000       0.00000000000000
    1     -1     68494.0000000000       0.00000000000000       0.00000000000000       0.00000000000000
    1     -1     68494.0000000000       0.29751006882248      -0.52016397597917      -0.03028524926066
    1     -1     68495.0000000000       0.29751006882248      -0.52016397597917      -0.03028524926066
    1     -1     68496.0000000000       0.29751006882248      -0.52016397597917      -0.03028524926066
    1     -1     68496.0000000000       0.00000000000000       0.00000000000000       0.00000000000000
    1     -1     68496.0000000000       0.00000000000000       0.00000000000000       0.00000000000000
    1     -1     68496.0000000000       0.29737918076969      -0.52043527802110      -0.02669725671021
    1     -1     68497.0000000000       0.29737918076969      -0.52043527802110      -0.02669725671021
    1     -1     68498.0000000000       0.29737918076969      -0.52043527802110      -0.02669725671021
    1     -1     68498.0000000000       0.00000000000000       0.00000000000000       0.00000000000000
    1     -1     68498.0000000000       0.00000000000000       0.00000000000000       0.00000000000000
    1     -1     68498.0000000000       0.29725129142222      -0.52067556751041      -0.02320824046621
    1     -1     68499.0000000000       0.29725129142222      -0.52067556751041      -0.02320824046621
    1     -1     68500.0000000000       0.29725129142222      -0.52067556751041      -0.02320824046621
    1     -1     68500.0000000000       0.00000000000000       0.00000000000000       0.00000000000000
    1     -1     68500.0000000000       0.00000000000000       0.00000000000000       0.00000000000000
    1     -1     68500.0000000000       0.29712541542785      -0.52088761356222      -0.01981365247205
    1     -1     68501.0000000000       0.29712541542785      -0.52088761356222      -0.01981365247205
    1     -1     68502.0000000000       0.29712541542785      -0.52088761356222      -0.01981365247205
    1     -1     68502.0000000000       0.00000000000000       0.00000000000000       0.00000000000000
    1     -1     68502.0000000000       0.00000000000000       0.00000000000000       0.00000000000000
    1     -1     68502.0000000000       0.29700059648863      -0.52107397078200      -0.01650944998717
    1     -1     68503.0000000000       0.29700059648863      -0.52107397078200      -0.01650944998717
    1     -1     68504.0000000000       0.29700059648863      -0.52107397078200      -0.01650944998717
    1     -1     68504.0000000000       0.00000000000000       0.00000000000000       0.00000000000000
    1     -1     68504.0000000000       0.00000000000000       0.00000000000000       0.00000000000000
    1     -1     68504.0000000000       0.29687587100270      -0.52123703356303      -0.01329177711202
    1     -1     68505.0000000000       0.29687587100270      -0.52123703356303      -0.01329177711202
    1     -1     68506.0000000000       0.29687587100270      -0.52123703356303      -0.01329177711202
    1     -1     68506.0000000000       0.00000000000000       0.00000000000000       0.00000000000000
    1     -1     68506.0000000000       0.00000000000000       0.00000000000000       0.00000000000000
    1     -1     68506.0000000000       0.29675026237079      -0.52137905349522      -0.01015695029518
    1     -1     68507.0000000000       0.29675026237079      -0.52137905349522      -0.01015695029518
    1     -1     68508.0000000000       0.29675026237079      -0.52137905349522      -0.01015695029518
    1     -1     68508.0000000000       0.00000000000000       0.00000000000000       0.00000000000000
    1     -1     68508.0000000000       0.00000000000000       0.00000000000000       0.00000000000000
    1     -1     68508.0000000000       0.29662279177362      -0.52150214542033      -0.00710147888978
    1     -1     68509.0000000000       0.29662279177362      -0.52150214542033      -0.00710147888978
    1     -1     68510.0000000000       0.29662279177362      -0.52150214542033      -0.00710147888978
    1     -1     68510.0000000000       0.00000000000000       0.00000000000000       0.00000000000000
    1     -1     68510.0000000000       0.00000000000000       0.00000000000000       0.00000000000000
    1     -1     68510.0000000000       0.29649240895668      -0.52160834149235      -0.00412174679755
    1     -1     68511.0000000000       0.29649240895668      -0.52160834149235      -0.00412174679755
    1     -1     68512.0000000000       0.29649240895668      -0.52160834149235      -0.00412174679755
    1     -1     68512.0000000000       0.00000000000000       0.00000000000000       0.00000000000000
    1     -1     68512.0000000000       0.00000000000000       0.00000000000000       0.00000000000000
    1     -1     68512.0000000000       0.29639229847911      -0.52167792490918      -0.00193580596086
    1     -1     68513.0000000000       0.29639229847911      -0.52167792490918      -0.00193580596086
    1     -1     68513.0000000000       0.00000000000000       0.00000000000000       0.00000000000000
    1   9595     68513.0000000000     -306122206.199600279     -177849633.919371814       13296281.534023119        8.7037088439464      -17.4371292319048       -0.7126019744885        1166.7728374130
    1   9595     68513.0000000000     -306122206.199600279     -177849633.919371814       13296281.534023119        8.7037088439464      -17.4371292319048       -0.7126019744885        1238.2307429572
    1     -1     68513.0000000000       0.00000000000000       0.00000000000000       0.00000000000000
    1     -1     68513.0000000000      -0.39736847511421      -0.21525660296540      -0.39466807464654
    1     -1     68514.0000000000      -0.39736847511421      -0.21525660296540      -0.39466807464654
    1     -1     68515.0000000000      -0.39736847511421      -0.21525660296540      -0.39466807464654
    1     -1     68515.0000000000       0.00000000000000       0.00000000000000       0.00000000000000
    1     -1     68515.0000000000       0.00000000000000       0.00000000000000       0.00000000000000
    1     -1     68515.0000000000      -0.39779970118734      -0.21506572441954      -0.39433758531893
    1     -1     68516.0000000000      -0.39779970118734      -0.21506572441954      -0.39433758531893
    1     -1     68517.0000000000      -0.39779970118734      -0.21506572441954      -0.39433758531893
    1     -1     68517.0000000000       0.00000000000000       0.00000000000000       0.00000000000000
    1     -1     68517.0000000000       0.00000000000000       0.00000000000000       0.00000000000000
    1     -1     68517.0000000000      -0.39828534883741      -0.21489972709656      -0.39393766953071
    1     -1     68518.0000000000      -0.39828534883741      -0.21489972709656      -0.39393766953071
    1     -1     68519.0000000000      -0.39828534883741      -0.21489972709656      -0.39393766953071
    1     -1     68519.0000000000       0.00000000000000       0.00000000000000       0.00000000000000
    1     -1     68519.0000000000       0.00000000000000       0.00000000000000       0.00000000000000
    1     -1     68519.0000000000      -0.39882602077161      -0.21476005821793      -0.39346654474010
    1     -1     68520.0000000000      -0.39882602077161      -0.21476005821793      -0.39346654474010
    1     -1     68521.0000000000      -0.39882602077161      -0.21476005821793      -0.39346654474010
    1     -1     68521.0000000000       0.00000000000000       0.00000000000000       0.00000000000000
    1     -1     68521.0000000000       0.00000000000000       0.00000000000000       0.00000000000000
    1     -1     68521.0000000000      -0.39942231801760      -0.21464818359087      -0.39292234402053
    1     -1     68522.0000000000      -0.39942231801760      -0.21464818359087      -0.39292234402053
    1     -1     68523.0000000000      -0.39942231801760      -0.21464818359087      -0.39292234402053
    1     -1     68523.0000000000       0.00000000000000       0.00000000000000       0.00000000000000
    1     -1     68523.0000000000       0.00000000000000       0.00000000000000       0.00000000000000
    1     -1     68523.0000000000      -0.40007483940589      -0.21456558816332      -0.39230311052869
    1     -1     68524.0000000000      -0.40007483940589      -0.21456558816332      -0.39230311052869
    1     -1     68525.0000000000      -0.40007483940589      -0.21456558816332      -0.39230311052869
    1     -1     68525.0000000000       0.00000000000000       0.00000000000000       0.00000000000000
    1     -1     68525.0000000000       0.00000000000000       0.00000000000000       0.00000000000000
    1     -1     68525.0000000000      -0.40078418103706      -0.21451377664997      -0.39160679148582
    1     -1     68526.0000000000      -0.40078418103706      -0.21451377664997      -0.39160679148582
    1     -1     68527.0000000000      -0.40078418103706      -0.21451377664997      -0.39160679148582
    1     -1     68527.0000000000       0.00000000000000       0.00000000000000       0.00000000000000
    1     -1     68527.0000000000       0.00000000000000       0.00000000000000       0.00000000000000
    1     -1     68527.0000000000      -0.40155093562834      -0.21449427420038      -0.39083123175004
    1     -1     68528.0000000000      -0.40155093562834      -0.21449427420038      -0.39083123175004
    1     -1     68529.0000000000      -0.40155093562834      -0.21449427420038      -0.39083123175004
    1     -1     68529.0000000000       0.00000000000000       0.00000000000000       0.00000000000000
    1     -1     68529.0000000000       0.00000000000000       0.00000000000000       0.00000000000000
    1     -1     68529.0000000000      -0.40237569165444      -0.21450862706981      -0.38997416703961
    1     -1     68530.0000000000      -0.40237569165444      -0.21450862706981      -0.38997416703961
    1     -1     68531.0000000000      -0.40237569165444      -0.21450862706981      -0.38997416703961
    1     -1     68531.0000000000       0.00000000000000       0.00000000000000       0.00000000000000
    1     -1     68531.0000000000       0.00000000000000       0.00000000000000       0.00000000000000
    1     -1     68531.0000000000      -0.40325903179108      -0.21455840312061      -0.38903321735972
    1     -1     68532.0000000000      -0.40325903179108      -0.21455840312061      -0.38903321735972
    1     -1     68533.0000000000      -0.40325903179108      -0.21455840312061      -0.38903321735972
    1     -1     68533.0000000000       0.00000000000000       0.00000000000000       0.00000000000000
    1     -1     68533.0000000000       0.00000000000000       0.00000000000000       0.00000000000000
    1     -1     68533.0000000000      -0.40420152812664      -0.21464519075059      -0.38800588401174
    1     -1     68534.0000000000      -0.40420152812664      -0.21464519075059      -0.38800588401174
    1     -1     68535.0000000000      -0.40420152812664      -0.21464519075059      -0.38800588401174
    1     -1     68535.0000000000       0.00000000000000       0.00000000000000       0.00000000000000
    1     -1     68535.0000000000       0.00000000000000       0.00000000000000       0.00000000000000
    1     -1     68535.0000000000      -0.40520372600651      -0.21477059038452      -0.38688956204106
    1     -1     68536.0000000000      -0.40520372600651      -0.21477059038452      -0.38688956204106
    1     -1     68537.0000000000      -0.40520372600651      -0.21477059038452      -0.38688956204106
    1     -1     68537.0000000000       0.00000000000000       0.00000000000000       0.00000000000000
    1     -1     68537.0000000000       0.00000000000000       0.00000000000000       0.00000000000000
    1     -1     68537.0000000000      -0.40626613749899      -0.21493622278259      -0.38568153305234
    1     -1     68538.0000000000      -0.40626613749899      -0.21493622278259      -0.38568153305234
    1     -1     68539.0000000000      -0.40626613749899      -0.21493622278259      -0.38568153305234
    1     -1     68539.0000000000       0.00000000000000       0.00000000000000       0.00000000000000
    1     -1     68539.0000000000       0.00000000000000       0.00000000000000       0.00000000000000
    1     -1     68539.0000000000      -0.40738941973738      -0.21514379918517      -0.38437872682839
    1     -1     68540.0000000000      -0.40738941973738      -0.21514379918517      -0.38437872682839
    1     -1     68541.0000000000      -0.40738941973738      -0.21514379918517      -0.38437872682839
    1     -1     68541.0000000000       0.00000000000000       0.00000000000000       0.00000000000000
    1     -1     68541.0000000000       0.00000000000000       0.00000000000000       0.00000000000000
    1     -1     68541.0000000000      -0.40857410767664      -0.21539499936453      -0.38297805689750
    1     -1     68542.0000000000      -0.40857410767664      -0.21539499936453      -0.38297805689750
    1     -1     68543.0000000000      -0.40857410767664      -0.21539499936453      -0.38297805689750
    1     -1     68543.0000000000       0.00000000000000       0.00000000000000       0.00000000000000
    1     -1     68543.0000000000       0.00000000000000       0.00000000000000       0.00000000000000
    1     -1     68543.0000000000      -0.05831112537702      -0.03068956712475      -0.05427825970367
    1     -1     68544.0000000000      -0.05831112537702      -0.03068956712475      -0.05427825970367
    1     -1     68545.0000000000      -0.05831112537702      -0.03068956712475      -0.05427825970367
    1     -1     68545.0000000000       0.00000000000000       0.00000000000000       0.00000000000000
    1     -1     68805.0000000000       0.00000000000000       0.00000000000000       0.00000000000000
    1     -1     68805.0000000000       0.00583092359679      -0.05134433632505       0.14650101035179
    1     -1     68806.0000000000       0.00583092359679      -0.05134433632505       0.14650101035179
    1     -1     68807.0000000000       0.00583092359679      -0.05134433632505       0.14650101035179
    1     -1     68807.0000000000       0.00000000000000       0.00000000000000       0.00000000000000
    1     -1     68807.0000000000       0.00000000000000       0.00000000000000       0.00000000000000
    1     -1     68807.0000000000       0.02551692339021      -0.19771083297086       0.56591458050369
    1     -1     68808.0000000000       0.02551692339021      -0.19771083297086       0.56591458050369
    1     -1     68809.0000000000       0.02551692339021      -0.19771083297086       0.56591458050369
    1     -1     68809.0000000000       0.00000000000000       0.00000000000000       0.00000000000000
    1     -1     68809.0000000000       0.00000000000000       0.00000000000000       0.00000000000000
    1     -1     68809.0000000000       0.02845584897664      -0.19714776995630       0.56597086562850
    1     -1     68810.0000000000       0.02845584897664      -0.19714776995630       0.56597086562850
    1     -1     68811.0000000000       0.02845584897664      -0.19714776995630       0.56597086562850
    1     -1     68811.0000000000       0.00000000000000       0.00000000000000       0.00000000000000
    1     -1     68811.0000000000       0.00000000000000       0.00000000000000       0.00000000000000
    1     -1     68811.0000000000       0.03133976614574      -0.19661847075383       0.56600264601533
    1     -1     68812.0000000000       0.03133976614574      -0.19661847075383       0.56600264601533
    1     -1     68813.0000000000       0.03133976614574      -0.19661847075383       0.56600264601533
    1     -1     68813.0000000000       0.00000000000000       0.00000000000000       0.00000000000000
    1     -1     68813.0000000000       0.00000000000000       0.00000000000000       0.00000000000000
    1     -1     68813.0000000000       0.03417080150798      -0.19612201518608       0.56601105180345
    1     -1     68814.0000000000       0.03417080150798      -0.19612201518608       0.56601105180345
    1     -1     68815.0000000000       0.03417080150798      -0.19612201518608       0.56601105180345
    1     -1     68815.0000000000       0.00000000000000       0.00000000000000       0.00000000000000
    1     -1     68815.0000000000       0.00000000000000       0.00000000000000       0.00000000000000
    1     -1     68815.0000000000       0.03695060678086      -0.19565778715157       0.56599706913153
    1     -1     68816.0000000000       0.03695060678086      -0.19565778715157       0.56599706913153
    1     -1     68817.0000000000       0.03695060678086      -0.19565778715157       0.56599706913153
    1     -1     68817.0000000000       0.00000000000000       0.00000000000000       0.00000000000000
    1     -1     68817.0000000000       0.00000000000000       0.00000000000000       0.00000000000000
    1     -1     68817.0000000000       0.03968138696532      -0.19522539623409       0.56596151059392
    1     -1     68818.0000000000       0.03968138696532      -0.19522539623409       0.56596151059392
    1     -1     68819.0000000000       0.03968138696532      -0.19522539623409       0.56596151059392
    1     -1     68819.0000000000       0.00000000000000       0.00000000000000       0.00000000000000
    1     -1     68819.0000000000       0.00000000000000       0.00000000000000       0.00000000000000
    1     -1     68819.0000000000       0.04236501250145      -0.19482346845623       0.56590548781085
    1     -1     68820.0000000000       0.04236501250145      -0.19482346845623       0.56590548781085
    1     -1     68821.0000000000       0.04236501250145      -0.19482346845623       0.56590548781085
    1     -1     68821.0000000000       0.00000000000000       0.00000000000000       0.00000000000000
    1     -1     68821.0000000000       0.00000000000000       0.00000000000000       0.00000000000000
    1     -1     68821.0000000000       0.04500274202400      -0.19445191213147       0.56582966196439
    1     -1     68822.0000000000       0.04500274202400      -0.19445191213147       0.56582966196439
    1     -1     68823.0000000000       0.04500274202400      -0.19445191213147       0.56582966196439
    1     -1     68823.0000000000       0.00000000000000       0.00000000000000       0.00000000000000
    1     -1     68823.0000000000       0.00000000000000       0.00000000000000       0.00000000000000
    1     -1     68823.0000000000       0.04759643130047      -0.19411010777102       0.56573478332924
    1     -1     68824.0000000000       0.04759643130047      -0.19411010777102       0.56573478332924
    1     -1     68825.0000000000       0.04759643130047      -0.19411010777102       0.56573478332924
    1     -1     68825.0000000000       0.00000000000000       0.00000000000000       0.00000000000000
    1     -1     68825.0000000000       0.00000000000000       0.00000000000000       0.00000000000000
    1     -1     68825.0000000000       0.05014762614323      -0.19379762434080       0.56562151273803
    1     -1     68826.0000000000       0.05014762614323      -0.19379762434080       0.56562151273803
    1     -1     68827.0000000000       0.05014762614323      -0.19379762434080       0.56562151273803
    1     -1     68827.0000000000       0.00000000000000       0.00000000000000       0.00000000000000
    1     -1     68827.0000000000       0.00000000000000       0.00000000000000       0.00000000000000
    1     -1     68827.0000000000       0.05203347971325      -0.19358125669059       0.56552525436714
    1     -1     68828.0000000000       0.05203347971325      -0.19358125669059       0.56552525436714
    1     -1     68828.0000000000       0.00000000000000       0.00000000000000       0.00000000000000
    1  25792     68828.0000000000      101948433.193912104     -384498702.086832821      -27234528.998118252       16.8846459463947        3.4636957521897       -0.2213253238950        1169.7711752288
    1  25792     68828.0000000000      101948433.193912104     -384498702.086832821      -27234528.998118252       16.8846459463947        3.4636957521897       -0.2213253238950        1255.6027974054
    1     -1     68828.0000000000       0.00000000000000       0.00000000000000       0.00000000000000
    1     -1     68828.0000000000      -0.32423928962810       0.30685047005978       0.40088860218963
    1     -1     68829.0000000000      -0.32423928962810       0.30685047005978       0.40088860218963
    1     -1     68830.0000000000      -0.32423928962810       0.30685047005978       0.40088860218963
    1     -1     68830.0000000000       0.00000000000000       0.00000000000000       0.00000000000000
    1     -1     68830.0000000000       0.00000000000000       0.00000000000000       0.00000000000000
    1     -1     68830.0000000000      -0.32490221068188       0.30787350153420       0.39956533862073
    1     -1     68831.0000000000      -0.32490221068188       0.30787350153420       0.39956533862073
    1     -1     68832.0000000000      -0.32490221068188       0.30787350153420       0.39956533862073
    1     -1     68832.0000000000       0.00000000000000       0.00000000000000       0.00000000000000
    1     -1     68832.0000000000       0.00000000000000       0.00000000000000       0.00000000000000
    1     -1     68832.0000000000      -0.32557298907169       0.30897050506711       0.39817013331677
    1     -1     68833.0000000000      -0.32557298907169       0.30897050506711       0.39817013331677
    1     -1     68834.0000000000      -0.32557298907169       0.30897050506711       0.39817013331677
    1     -1     68834.0000000000       0.00000000000000       0.00000000000000       0.00000000000000
    1     -1     68834.0000000000       0.00000000000000       0.00000000000000       0.00000000000000
    1     -1     68834.0000000000      -0.32625197516887       0.31014347690894       0.39669972486661
    1     -1     68835.0000000000      -0.32625197516887       0.31014347690894       0.39669972486661
    1     -1     68836.0000000000      -0.32625197516887       0.31014347690894       0.39669972486661
    1     -1     68836.0000000000       0.00000000000000       0.00000000000000       0.00000000000000
    1     -1     68836.0000000000       0.00000000000000       0.00000000000000       0.00000000000000
    1     -1     68836.0000000000      -0.32693949705479       0.31139448163961       0.39515065652224
    1     -1     68837.0000000000      -0.32693949705479       0.31139448163961       0.39515065652224
    1     -1     68838.0000000000      -0.32693949705479       0.31139448163961       0.39515065652224
    1     -1     68838.0000000000       0.00000000000000       0.00000000000000       0.00000000000000
    1     -1     68838.0000000000       0.00000000000000       0.00000000000000       0.00000000000000
    1     -1     68838.0000000000      -0.32763585604406       0.31272565141142       0.39351926517463
    1     -1     68839.0000000000      -0.32763585604406       0.31272565141142       0.39351926517463
    1     -1     68840.0000000000      -0.32763585604406       0.31272565141142       0.39351926517463
    1     -1     68840.0000000000       0.00000000000000       0.00000000000000       0.00000000000000
    1     -1     68840.0000000000       0.00000000000000       0.00000000000000       0.00000000000000
    1     -1     68840.0000000000      -0.32834132211403       0.31413918492205       0.39180166917578
    1     -1     68841.0000000000      -0.32834132211403       0.31413918492205       0.39180166917578
    1     -1     68842.0000000000      -0.32834132211403       0.31413918492205       0.39180166917578
    1     -1     68842.0000000000       0.00000000000000       0.00000000000000       0.00000000000000
    1     -1     68842.0000000000       0.00000000000000       0.00000000000000       0.00000000000000
    1     -1     68842.0000000000      -0.32905613006667       0.31563735111504       0.38999375011227
    1     -1     68843.0000000000      -0.32905613006667       0.31563735111504       0.38999375011227
    1     -1     68844.0000000000      -0.32905613006667       0.31563735111504       0.38999375011227
    1     -1     68844.0000000000       0.00000000000000       0.00000000000000       0.00000000000000
    1     -1     68844.0000000000       0.00000000000000       0.00000000000000       0.00000000000000
    1     -1     68844.0000000000      -0.32978047381688       0.31722248201949       0.38809114299415
    1     -1     68845.0000000000      -0.32978047381688       0.31722248201949       0.38809114299415
    1     -1     68846.0000000000      -0.32978047381688       0.31722248201949       0.38809114299415
    1     -1     68846.0000000000       0.00000000000000       0.00000000000000       0.00000000000000
    1     -1     68846.0000000000       0.00000000000000       0.00000000000000       0.00000000000000
    1     -1     68846.0000000000      -0.33051450818747       0.31889698401412       0.38608920309210
    1     -1     68847.0000000000      -0.33051450818747       0.31889698401412       0.38608920309210
    1     -1     68848.0000000000      -0.33051450818747       0.31889698401412       0.38608920309210
    1     -1     68848.0000000000       0.00000000000000       0.00000000000000       0.00000000000000
    1     -1     68848.0000000000       0.00000000000000       0.00000000000000       0.00000000000000
    1     -1     68848.0000000000      -0.33125836144936       0.32066345529160       0.38398287161062
    1     -1     68849.0000000000      -0.33125836144936       0.32066345529160       0.38398287161062
    1     -1     68850.0000000000      -0.33125836144936       0.32066345529160       0.38398287161062
    1     -1     68850.0000000000       0.00000000000000       0.00000000000000       0.00000000000000
    1     -1     68850.0000000000       0.00000000000000       0.00000000000000       0.00000000000000
    1     -1     68850.0000000000      -0.33201209114376       0.32252450889920       0.38176682906412
    1     -1     68851.0000000000      -0.33201209114376       0.32252450889920       0.38176682906412
    1     -1     68852.0000000000      -0.33201209114376       0.32252450889920       0.38176682906412
    1     -1     68852.0000000000       0.00000000000000       0.00000000000000       0.00000000000000
    1     -1     68852.0000000000       0.00000000000000       0.00000000000000       0.00000000000000
    1     -1     68852.0000000000      -0.33277559809558       0.32448251640545       0.37943576154511
    1     -1     68853.0000000000      -0.33277559809558       0.32448251640545       0.37943576154511
    1     -1     68854.0000000000      -0.33277559809558       0.32448251640545       0.37943576154511
    1     -1     68854.0000000000       0.00000000000000       0.00000000000000       0.00000000000000
    1     -1     68854.0000000000       0.00000000000000       0.00000000000000       0.00000000000000
    1     -1     68854.0000000000      -0.30604851133628       0.29961777870043       0.34590227889271
    1     -1     68855.0000000000      -0.30604851133628       0.29961777870043       0.34590227889271
    1     -1     68856.0000000000      -0.30604851133628       0.29961777870043       0.34590227889271
    1     -1     68856.0000000000       0.00000000000000       0.00000000000000       0.00000000000000
    1     -1     69074.0000000000       0.00000000000000       0.00000000000000       0.00000000000000
    1     -1     69074.0000000000       0.00278569420508       0.00647274416419      -0.02315477767756
    1     -1     69075.0000000000       0.00278569420508       0.00647274416419      -0.02315477767756
    1     -1     69076.0000000000       0.00278569420508       0.00647274416419      -0.02315477767756
    1     -1     69076.0000000000       0.00000000000000       0.00000000000000       0.00000000000000
    1     -1     69076.0000000000       0.00000000000000       0.00000000000000       0.00000000000000
    1     -1     69076.0000000000       0.07097839597193       0.15740929122295      -0.57461672584597
    1     -1     69077.0000000000       0.07097839597193       0.15740929122295      -0.57461672584597
    1     -1     69078.0000000000       0.07097839597193       0.15740929122295      -0.57461672584597
    1     -1     69078.0000000000       0.00000000000000       0.00000000000000       0.00000000000000
    1     -1     69078.0000000000       0.00000000000000       0.00000000000000       0.00000000000000
    1     -1     69078.0000000000       0.07285514808156       0.15442414693489      -0.57519154159414
    1     -1     69079.0000000000       0.07285514808156       0.15442414693489      -0.57519154159414
    1     -1     69080.0000000000       0.07285514808156       0.15442414693489      -0.57519154159414
    1     -1     69080.0000000000       0.00000000000000       0.00000000000000       0.00000000000000
    1     -1     69080.0000000000       0.00000000000000       0.00000000000000       0.00000000000000
    1     -1     69080.0000000000       0.07469055469733       0.15150080365185      -0.57573329486130
    1     -1     69081.0000000000       0.07469055469733       0.15150080365185      -0.57573329486130
    1     -1     69082.0000000000       0.07469055469733       0.15150080365185      -0.57573329486130
    1     -1     69082.0000000000       0.00000000000000       0.00000000000000       0.00000000000000
    1     -1     69082.0000000000       0.00000000000000       0.00000000000000       0.00000000000000
    1     -1     69082.0000000000       0.07648719663146       0.14863666000025      -0.57624374299026
    1     -1     69083.0000000000       0.07648719663146       0.14863666000025      -0.57624374299026
    1     -1     69084.0000000000       0.07648719663146       0.14863666000025      -0.57624374299026
    1     -1     69084.0000000000       0.00000000000000       0.00000000000000       0.00000000000000
    1     -1     69084.0000000000       0.00000000000000       0.00000000000000       0.00000000000000
    1     -1     69084.0000000000       0.07824731011617       0.14582963469709      -0.57672443626371
    1     -1     69085.0000000000       0.07824731011617       0.14582963469709      -0.57672443626371
    1     -1     69086.0000000000       0.07824731011617       0.14582963469709      -0.57672443626371
    1     -1     69086.0000000000       0.00000000000000       0.00000000000000       0.00000000000000
    1     -1     69086.0000000000       0.00000000000000       0.00000000000000       0.00000000000000
    1     -1     69086.0000000000       0.07997317476874       0.14307749827121      -0.57717685338712
    1     -1     69087.0000000000       0.07997317476874       0.14307749827121      -0.57717685338712
    1     -1     69088.0000000000       0.07997317476874       0.14307749827121      -0.57717685338712
    1     -1     69088.0000000000       0.00000000000000       0.00000000000000       0.00000000000000
    1     -1     69088.0000000000       0.00000000000000       0.00000000000000       0.00000000000000
    1     -1     69088.0000000000       0.08166696315437       0.14037814828448      -0.57760235620482
    1     -1     69089.0000000000       0.08166696315437       0.14037814828448      -0.57760235620482
    1     -1     69090.0000000000       0.08166696315437       0.14037814828448      -0.57760235620482
    1     -1     69090.0000000000       0.00000000000000       0.00000000000000       0.00000000000000
    1     -1     69090.0000000000       0.00000000000000       0.00000000000000       0.00000000000000
    1     -1     69090.0000000000       0.08333076475036       0.13772957440819      -0.57800220350744
    1     -1     69091.0000000000       0.08333076475036       0.13772957440819      -0.57800220350744
    1     -1     69092.0000000000       0.08333076475036       0.13772957440819      -0.57800220350744
    1     -1     69092.0000000000       0.00000000000000       0.00000000000000       0.00000000000000
    1     -1     69092.0000000000       0.00000000000000       0.00000000000000       0.00000000000000
    1     -1     69092.0000000000       0.08496659158755       0.13512985268451      -0.57837755878618
    1     -1     69093.0000000000       0.08496659158755       0.13512985268451      -0.57837755878618
    1     -1     69094.0000000000       0.08496659158755       0.13512985268451      -0.57837755878618
    1     -1     69094.0000000000       0.00000000000000       0.00000000000000       0.00000000000000
    1     -1     69094.0000000000       0.00000000000000       0.00000000000000       0.00000000000000
    1     -1     69094.0000000000       0.08657638066039       0.13257714447471      -0.57872949670349
    1     -1     69095.0000000000       0.08657638066039       0.13257714447471      -0.57872949670349
    1     -1     69096.0000000000       0.08657638066039       0.13257714447471      -0.57872949670349
    1     -1     69096.0000000000       0.00000000000000       0.00000000000000       0.00000000000000
    1     -1     69096.0000000000       0.00000000000000       0.00000000000000       0.00000000000000
    1     -1     69096.0000000000       0.08816199842435       0.13006969232243      -0.57905900947397
    1     -1     69097.0000000000       0.08816199842435       0.13006969232243      -0.57905900947397
    1     -1     69098.0000000000       0.08816199842435       0.13006969232243      -0.57905900947397
    1     -1     69098.0000000000       0.00000000000000       0.00000000000000       0.00000000000000
    1     -1     69098.0000000000       0.00000000000000       0.00000000000000       0.00000000000000
    1     -1     69098.0000000000       0.08972524482483       0.12760581658048      -0.57936701260596
    1     -1     69099.0000000000       0.08972524482483       0.12760581658048      -0.57936701260596
    1     -1     69100.0000000000       0.08972524482483       0.12760581658048      -0.57936701260596
    1     -1     69100.0000000000       0.00000000000000       0.00000000000000       0.00000000000000
    1     -1     69100.0000000000       0.00000000000000       0.00000000000000       0.00000000000000
    1     -1     69100.0000000000       0.09126785606193       0.12518391354657      -0.57965435003890
    1     -1     69101.0000000000       0.09126785606193       0.12518391354657      -0.57965435003890
    1     -1     69102.0000000000       0.09126785606193       0.12518391354657      -0.57965435003890
    1     -1     69102.0000000000       0.00000000000000       0.00000000000000       0.00000000000000
    1     -1     69102.0000000000       0.00000000000000       0.00000000000000       0.00000000000000
    1     -1     69102.0000000000       0.09279150422924       0.12280245681011      -0.57992179871451
    1     -1     69103.0000000000       0.09279150422924       0.12280245681011      -0.57992179871451
    1     -1     69104.0000000000       0.09279150422924       0.12280245681011      -0.57992179871451
    1     -1     69104.0000000000       0.00000000000000       0.00000000000000       0.00000000000000
    1     -1     69104.0000000000       0.00000000000000       0.00000000000000       0.00000000000000
    1     -1     69104.0000000000       0.09429778967868       0.12046000353112      -0.58017007307426
    1     -1     69105.0000000000       0.09429778967868       0.12046000353112      -0.58017007307426
    1     -1     69106.0000000000       0.09429778967868       0.12046000353112      -0.58017007307426
    1     -1     69106.0000000000       0.00000000000000       0.00000000000000       0.00000000000000
    1     -1     69106.0000000000       0.00000000000000       0.00000000000000       0.00000000000000
    1     -1     69106.0000000000       0.09578838004660       0.11815503333061      -0.58039983944406
    1     -1     69107.0000000000       0.09578838004660       0.11815503333061      -0.58039983944406
    1     -1     69108.0000000000       0.09578838004660       0.11815503333061      -0.58039983944406
    1     -1     69108.0000000000       0.00000000000000       0.00000000000000       0.00000000000000
    1     -1     69108.0000000000       0.00000000000000       0.00000000000000       0.00000000000000
    1     -1     69108.0000000000       0.09726476967556       0.11588627247123      -0.58061169098864
    1     -1     69109.0000000000       0.09726476967556       0.11588627247123      -0.58061169098864
    1     -1     69110.0000000000       0.09726476967556       0.11588627247123      -0.58061169098864
    1     -1     69110.0000000000       0.00000000000000       0.00000000000000       0.00000000000000
    1     -1     69110.0000000000       0.00000000000000       0.00000000000000       0.00000000000000
    1     -1     69110.0000000000       0.09872847890136       0.11365239711261      -0.58080618054940
    1     -1     69111.0000000000       0.09872847890136       0.11365239711261      -0.58080618054940
    1     -1     69112.0000000000       0.09872847890136       0.11365239711261      -0.58080618054940
    1     -1     69112.0000000000       0.00000000000000       0.00000000000000       0.00000000000000
    1     -1     69112.0000000000       0.00000000000000       0.00000000000000       0.00000000000000
    1     -1     69112.0000000000       0.09981799446063       0.11199960715486      -0.58094100841567
    1     -1     69113.0000000000       0.09981799446063       0.11199960715486      -0.58094100841567
    1     -1     69113.0000000000       0.00000000000000       0.00000000000000       0.00000000000000
    1  57530     69113.0000000000      358979248.872998357      -80538566.073585615       -3760053.007932161        1.6945830595723       18.6455516986655       -0.1217978236840        1169.8132014298
    1  57530     69113.0000000000      358979248.872998357      -80538566.073585615       -3760053.007932161        1.6945830595723       18.6455516986655       -0.1217978236840        1287.6776778158
    1     -1     69113.0000000000       0.00000000000000       0.00000000000000       0.00000000000000
    1     -1     69113.0000000000      -0.06854669894213      -0.58704728066735       0.10332879368890
    1     -1     69114.0000000000      -0.06854669894213      -0.58704728066735       0.10332879368890
    1     -1     69115.0000000000      -0.06854669894213      -0.58704728066735       0.10332879368890
    1     -1     69115.0000000000       0.00000000000000       0.00000000000000       0.00000000000000
    1     -1     69115.0000000000       0.00000000000000       0.00000000000000       0.00000000000000
    1     -1     69115.0000000000      -0.06539084758378      -0.58822902749280       0.09854261792315
    1     -1     69116.0000000000      -0.06539084758378      -0.58822902749280       0.09854261792315
    1     -1     69117.0000000000      -0.06539084758378      -0.58822902749280       0.09854261792315
    1     -1     69117.0000000000       0.00000000000000       0.00000000000000       0.00000000000000
    1     -1     69117.0000000000       0.00000000000000       0.00000000000000       0.00000000000000
    1     -1     69117.0000000000      -0.06221048207203      -0.58935796578778       0.09373923065003
    1     -1     69118.0000000000      -0.06221048207203      -0.58935796578778       0.09373923065003
    1     -1     69119.0000000000      -0.06221048207203      -0.58935796578778       0.09373923065003
    1     -1     69119.0000000000       0.00000000000000       0.00000000000000       0.00000000000000
    1     -1     69119.0000000000       0.00000000000000       0.00000000000000       0.00000000000000
    1     -1     69119.0000000000      -0.05900629703000      -0.59043342694836       0.08891920227278
    1     -1     69120.0000000000      -0.05900629703000      -0.59043342694836       0.08891920227278
    1     -1     69121.0000000000      -0.05900629703000      -0.59043342694836       0.08891920227278
    1     -1     69121.0000000000       0.00000000000000       0.00000000000000       0.00000000000000
    1     -1     69121.0000000000       0.00000000000000       0.00000000000000       0.00000000000000
    1     -1     69121.0000000000      -0.05577899850943      -0.59145475974107       0.08408311236458
    1     -1     69122.0000000000      -0.05577899850943      -0.59145475974107       0.08408311236458
    1     -1     69123.0000000000      -0.05577899850943      -0.59145475974107       0.08408311236458
    1     -1     69123.0000000000       0.00000000000000       0.00000000000000       0.00000000000000
    1     -1     69123.0000000000       0.00000000000000       0.00000000000000       0.00000000000000
    1     -1     69123.0000000000      -0.05252930349947      -0.59242133059809       0.07923155057329
    1     -1     69124.0000000000      -0.05252930349947      -0.59242133059809       0.07923155057329
    1     -1     69125.0000000000      -0.05252930349947      -0.59242133059809       0.07923155057329
    1     -1     69125.0000000000       0.00000000000000       0.00000000000000       0.00000000000000
    1     -1     69125.0000000000       0.00000000000000       0.00000000000000       0.00000000000000
    1     -1     69125.0000000000      -0.04925793923353      -0.59333252412502       0.07436511627035
    1     -1     69126.0000000000      -0.04925793923353      -0.59333252412502       0.07436511627035
    1     -1     69127.0000000000      -0.04925793923353      -0.59333252412502       0.07436511627035
    1     -1     69127.0000000000       0.00000000000000       0.00000000000000       0.00000000000000
    1     -1     69127.0000000000       0.00000000000000       0.00000000000000       0.00000000000000
    1     -1     69127.0000000000      -0.04596564280579      -0.59418774354626       0.06948441825942
    1     -1     69128.0000000000      -0.04596564280579      -0.59418774354626       0.06948441825942
    1     -1     69129.0000000000      -0.04596564280579      -0.59418774354626       0.06948441825942
    1     -1     69129.0000000000       0.00000000000000       0.00000000000000       0.00000000000000
    1     -1     69129.0000000000       0.00000000000000       0.00000000000000       0.00000000000000
    1     -1     69129.0000000000      -0.04265316094298      -0.59498641112808       0.06459007442711
    1     -1     69130.0000000000      -0.04265316094298      -0.59498641112808       0.06459007442711
    1     -1     69131.0000000000      -0.04265316094298      -0.59498641112808       0.06459007442711
    1     -1     69131.0000000000       0.00000000000000       0.00000000000000       0.00000000000000
    1     -1     69131.0000000000       0.00000000000000       0.00000000000000       0.00000000000000
    1     -1     69131.0000000000      -0.03932124934679      -0.59572796861336       0.05968271141299
    1     -1     69132.0000000000      -0.03932124934679      -0.59572796861336       0.05968271141299
    1     -1     69133.0000000000      -0.03932124934679      -0.59572796861336       0.05968271141299
    1     -1     69133.0000000000       0.00000000000000       0.00000000000000       0.00000000000000
    1     -1     69133.0000000000       0.00000000000000       0.00000000000000       0.00000000000000
    1     -1     69133.0000000000      -0.03597067235348      -0.59641187761021       0.05476296427246
    1     -1     69134.0000000000      -0.03597067235348      -0.59641187761021       0.05476296427246
    1     -1     69135.0000000000      -0.03597067235348      -0.59641187761021       0.05476296427246
    1     -1     69135.0000000000       0.00000000000000       0.00000000000000       0.00000000000000
    1     -1     69135.0000000000       0.00000000000000       0.00000000000000       0.00000000000000
    1     -1     69135.0000000000      -0.03260220247938      -0.59703761997125       0.04983147612256
    1     -1     69136.0000000000      -0.03260220247938      -0.59703761997125       0.04983147612256
    1     -1     69137.0000000000      -0.03260220247938      -0.59703761997125       0.04983147612256
    1     -1     69137.0000000000       0.00000000000000       0.00000000000000       0.00000000000000
    1     -1     69137.0000000000       0.00000000000000       0.00000000000000       0.00000000000000
    1     -1     69137.0000000000      -0.02921661984773      -0.59760469815802       0.04488889778259
    1     -1     69138.0000000000      -0.02921661984773      -0.59760469815802       0.04488889778259
    1     -1     69139.0000000000      -0.02921661984773      -0.59760469815802       0.04488889778259
    1     -1     69139.0000000000       0.00000000000000       0.00000000000000       0.00000000000000
    1     -1     69139.0000000000       0.00000000000000       0.00000000000000       0.00000000000000
    1     -1     69139.0000000000      -0.02581471194193      -0.59811263556685       0.03993588740261
    1     -1     69140.0000000000      -0.02581471194193      -0.59811263556685       0.03993588740261
    1     -1     69141.0000000000      -0.02581471194193      -0.59811263556685       0.03993588740261
    1     -1     69141.0000000000       0.00000000000000       0.00000000000000       0.00000000000000
    1     -1     69141.0000000000       0.00000000000000       0.00000000000000       0.00000000000000
    1     -1     69141.0000000000      -0.02239727283616      -0.59856097686155       0.03497311007122
    1     -1     69142.0000000000      -0.02239727283616      -0.59856097686155       0.03497311007122
    1     -1     69143.0000000000      -0.02239727283616      -0.59856097686155       0.03497311007122
    1     -1     69143.0000000000       0.00000000000000       0.00000000000000       0.00000000000000
    1     -1     69143.0000000000       0.00000000000000       0.00000000000000       0.00000000000000
    1     -1     69143.0000000000      -0.01896510290203      -0.59894928825770       0.03000123743296
    1     -1     69144.0000000000      -0.01896510290203      -0.59894928825770       0.03000123743296
    1     -1     69145.0000000000      -0.01896510290203      -0.59894928825770       0.03000123743296
    1     -1     69145.0000000000       0.00000000000000       0.00000000000000       0.00000000000000
    1     -1     69145.0000000000       0.00000000000000       0.00000000000000       0.00000000000000
    1     -1     69145.0000000000      -0.01551900817307      -0.59927715780168       0.02502094727348
    1     -1     69146.0000000000      -0.01551900817307      -0.59927715780168       0.02502094727348
    1     -1     69147.0000000000      -0.01551900817307      -0.59927715780168       0.02502094727348
    1     -1     69147.0000000000       0.00000000000000       0.00000000000000       0.00000000000000
    1     -1     69147.0000000000       0.00000000000000       0.00000000000000       0.00000000000000
    1     -1     69147.0000000000      -0.01205979981564      -0.59954419561870       0.02003292311002
    1     -1     69148.0000000000      -0.01205979981564      -0.59954419561870       0.02003292311002
    1     -1     69149.0000000000      -0.01205979981564      -0.59954419561870       0.02003292311002
    1     -1     69149.0000000000       0.00000000000000       0.00000000000000       0.00000000000000
    1     -1     69149.0000000000       0.00000000000000       0.00000000000000       0.00000000000000
    1     -1     69149.0000000000      -0.00858829373430      -0.59975003413495       0.01503785376496
    1     -1     69150.0000000000      -0.00858829373430      -0.59975003413495       0.01503785376496
    1     -1     69151.0000000000      -0.00858829373430      -0.59975003413495       0.01503785376496
    1     -1     69151.0000000000       0.00000000000000       0.00000000000000       0.00000000000000
    1     -1     69151.0000000000       0.00000000000000       0.00000000000000       0.00000000000000
    1     -1     69151.0000000000      -0.00510530986053      -0.59989432828234       0.01003643292772
    1     -1     69152.0000000000      -0.00510530986053      -0.59989432828234       0.01003643292772
    1     -1     69153.0000000000      -0.00510530986053      -0.59989432828234       0.01003643292772
    1     -1     69153.0000000000       0.00000000000000       0.00000000000000       0.00000000000000
    1     -1     69153.0000000000       0.00000000000000       0.00000000000000       0.00000000000000
    1     -1     69153.0000000000      -0.00161167175303      -0.59997675567071       0.00502935870730
    1     -1     69154.0000000000      -0.00161167175303      -0.59997675567071       0.00502935870730
    1     -1     69155.0000000000      -0.00161167175303      -0.59997675567071       0.00502935870730
    1     -1     69155.0000000000       0.00000000000000       0.00000000000000       0.00000000000000
    1     -1     69155.0000000000       0.00000000000000       0.00000000000000       0.00000000000000
    1     -1     69155.0000000000       0.00189179404324      -0.59999701673830       0.00001733317833
    1     -1     69156.0000000000       0.00189179404324      -0.59999701673830       0.00001733317833
    1     -1     69157.0000000000       0.00189179404324      -0.59999701673830       0.00001733317833
    1     -1     69157.0000000000       0.00000000000000       0.00000000000000       0.00000000000000
    1     -1     69157.0000000000       0.00000000000000       0.00000000000000       0.00000000000000
    1     -1     69157.0000000000       0.00540425842251      -0.59995483487419      -0.00499893808635
    1     -1     69158.0000000000       0.00540425842251      -0.59995483487419      -0.00499893808635
    1     -1     69159.0000000000       0.00540425842251      -0.59995483487419      -0.00499893808635
    1     -1     69159.0000000000       0.00000000000000       0.00000000000000       0.00000000000000
    1     -1     69159.0000000000       0.00000000000000       0.00000000000000       0.00000000000000
    1     -1     69159.0000000000       0.00892489043607      -0.59984995651379      -0.01001874648392
    1     -1     69160.0000000000       0.00892489043607      -0.59984995651379      -0.01001874648392
    1     -1     69161.0000000000       0.00892489043607      -0.59984995651379      -0.01001874648392
    1     -1     69161.0000000000       0.00000000000000       0.00000000000000       0.00000000000000
    1     -1     69161.0000000000       0.00000000000000       0.00000000000000       0.00000000000000
    1     -1     69161.0000000000       0.01245285757338      -0.59968215120988      -0.01504138087228
    1     -1     69162.0000000000       0.01245285757338      -0.59968215120988      -0.01504138087228
    1     -1     69163.0000000000       0.01245285757338      -0.59968215120988      -0.01504138087228
    1     -1     69163.0000000000       0.00000000000000       0.00000000000000       0.00000000000000
    1     -1     69163.0000000000       0.00000000000000       0.00000000000000       0.00000000000000
    1     -1     69163.0000000000       0.01598732667461      -0.59945121166885      -0.02006612804061
    1     -1     69164.0000000000       0.01598732667461      -0.59945121166885      -0.02006612804061
    1     -1     69165.0000000000       0.01598732667461      -0.59945121166885      -0.02006612804061
    1     -1     69165.0000000000       0.00000000000000       0.00000000000000       0.00000000000000
    1     -1     69165.0000000000       0.00000000000000       0.00000000000000       0.00000000000000
    1     -1     69165.0000000000       0.01952746417139      -0.59915695376740      -0.02509227321711
    1     -1     69166.0000000000       0.01952746417139      -0.59915695376740      -0.02509227321711
    1     -1     69167.0000000000       0.01952746417139      -0.59915695376740      -0.02509227321711
    1     -1     69167.0000000000       0.00000000000000       0.00000000000000       0.00000000000000
    1     -1     69167.0000000000       0.00000000000000       0.00000000000000       0.00000000000000
    1     -1     69167.0000000000       0.02307243682607      -0.59879921653305      -0.03011910055620
    1     -1     69168.0000000000       0.02307243682607      -0.59879921653305      -0.03011910055620
    1     -1     69169.0000000000       0.02307243682607      -0.59879921653305      -0.03011910055620
    1     -1     69169.0000000000       0.00000000000000       0.00000000000000       0.00000000000000
    1     -1     69169.0000000000       0.00000000000000       0.00000000000000       0.00000000000000
    1     -1     69169.0000000000       0.02662141217324      -0.59837786210180      -0.03514589364896
    1     -1     69170.0000000000       0.02662141217324      -0.59837786210180      -0.03514589364896
    1     -1     69171.0000000000       0.02662141217324      -0.59837786210180      -0.03514589364896
    1     -1     69171.0000000000       0.00000000000000       0.00000000000000       0.00000000000000
    1     -1     69171.0000000000       0.00000000000000       0.00000000000000       0.00000000000000
    1     -1     69171.0000000000       0.03017355918190      -0.59789277564019      -0.04017193601965
    1     -1     69172.0000000000       0.03017355918190      -0.59789277564019      -0.04017193601965
    1     -1     69173.0000000000       0.03017355918190      -0.59789277564019      -0.04017193601965
    1     -1     69173.0000000000       0.00000000000000       0.00000000000000       0.00000000000000
    1     -1     69173.0000000000       0.00000000000000       0.00000000000000       0.00000000000000
    1     -1     69173.0000000000       0.03372804878248      -0.59734386524141      -0.04519651163288
    1     -1     69174.0000000000       0.03372804878248      -0.59734386524141      -0.04519651163288
    1     -1     69175.0000000000       0.03372804878248      -0.59734386524141      -0.04519651163288
    1     -1     69175.0000000000       0.00000000000000       0.00000000000000       0.00000000000000
    1     -1     69175.0000000000       0.00000000000000       0.00000000000000       0.00000000000000
    1     -1     69175.0000000000       0.03728405434193      -0.59673106179483      -0.05021890541465
    1     -1     69176.0000000000       0.03728405434193      -0.59673106179483      -0.05021890541465
    1     -1     69177.0000000000       0.03728405434193      -0.59673106179483      -0.05021890541465
    1     -1     69177.0000000000       0.00000000000000       0.00000000000000       0.00000000000000
    1     -1     69177.0000000000       0.00000000000000       0.00000000000000       0.00000000000000
    1     -1     69177.0000000000       0.04084075235333      -0.59605431881614      -0.05523840374085
    1     -1     69178.0000000000       0.04084075235333      -0.59605431881614      -0.05523840374085
    1     -1     69179.0000000000       0.04084075235333      -0.59605431881614      -0.05523840374085
    1     -1     69179.0000000000       0.00000000000000       0.00000000000000       0.00000000000000
    1     -1     69179.0000000000       0.00000000000000       0.00000000000000       0.00000000000000
    1     -1     69179.0000000000       0.04439732286053      -0.59531361225939      -0.06025429496307
    1     -1     69180.0000000000       0.04439732286053      -0.59531361225939      -0.06025429496307
    1     -1     69181.0000000000       0.04439732286053      -0.59531361225939      -0.06025429496307
    1     -1     69181.0000000000       0.00000000000000       0.00000000000000       0.00000000000000
    1     -1     69181.0000000000       0.00000000000000       0.00000000000000       0.00000000000000
    1     -1     69181.0000000000       0.04795295000106      -0.59450894029521      -0.06526586991119
    1     -1     69182.0000000000       0.04795295000106      -0.59450894029521      -0.06526586991119
    1     -1     69183.0000000000       0.04795295000106      -0.59450894029521      -0.06526586991119
    1     -1     69183.0000000000       0.00000000000000       0.00000000000000       0.00000000000000
    1     -1     69183.0000000000       0.00000000000000       0.00000000000000       0.00000000000000
    1     -1     69183.0000000000       0.05150682247122      -0.59364032306623      -0.07027242239126
    1     -1     69184.0000000000       0.05150682247122      -0.59364032306623      -0.07027242239126
    1     -1     69185.0000000000       0.05150682247122      -0.59364032306623      -0.07027242239126
    1     -1     69185.0000000000       0.00000000000000       0.00000000000000       0.00000000000000
    1     -1     69185.0000000000       0.00000000000000       0.00000000000000       0.00000000000000
    1     -1     69185.0000000000       0.05505813398393      -0.59270780242245      -0.07527324962933
    1     -1     69186.0000000000       0.05505813398393      -0.59270780242245      -0.07527324962933
    1     -1     69187.0000000000       0.05505813398393      -0.59270780242245      -0.07527324962933
    1     -1     69187.0000000000       0.00000000000000       0.00000000000000       0.00000000000000
    1     -1     69187.0000000000       0.00000000000000       0.00000000000000       0.00000000000000
    1     -1     69187.0000000000       0.05860608457630      -0.59171144160039      -0.08026765232533
    1     -1     69188.0000000000       0.05860608457630      -0.59171144160039      -0.08026765232533
    1     -1     69189.0000000000       0.05860608457630      -0.59171144160039      -0.08026765232533
    1     -1     69189.0000000000       0.00000000000000       0.00000000000000       0.00000000000000
    1     -1     69189.0000000000       0.00000000000000       0.00000000000000       0.00000000000000
    1     -1     69189.0000000000       0.06214988650574      -0.59065132457358      -0.08525493338685
    1     -1     69190.0000000000       0.06214988650574      -0.59065132457358      -0.08525493338685
    1     -1     69191.0000000000       0.06214988650574      -0.59065132457358      -0.08525493338685
    1     -1     69191.0000000000       0.00000000000000       0.00000000000000       0.00000000000000
    1     -1     69191.0000000000       0.00000000000000       0.00000000000000       0.00000000000000
    1     -1     69191.0000000000       0.06568874111248      -0.58952755619801      -0.09023441113639
    1     -1     69192.0000000000       0.06568874111248      -0.58952755619801      -0.09023441113639
    1     -1     69193.0000000000       0.06568874111248      -0.58952755619801      -0.09023441113639
    1     -1     69193.0000000000       0.00000000000000       0.00000000000000       0.00000000000000
    1     -1     69193.0000000000       0.00000000000000       0.00000000000000       0.00000000000000
    1     -1     69193.0000000000       0.06922192845507      -0.58834025843945      -0.09520536984926
    1     -1     69194.0000000000       0.06922192845507      -0.58834025843945      -0.09520536984926
    1     -1     69195.0000000000       0.06922192845507      -0.58834025843945      -0.09520536984926
    1     -1     69195.0000000000       0.00000000000000       0.00000000000000       0.00000000000000
    1     -1     69195.0000000000       0.00000000000000       0.00000000000000       0.00000000000000
    1     -1     69195.0000000000       0.01869362684310      -0.15086055638982      -0.02573910984003
    1     -1     69196.0000000000       0.01869362684310      -0.15086055638982      -0.02573910984003
    1     -1     69197.0000000000       0.01869362684310      -0.15086055638982      -0.02573910984003
    1     -1     69197.0000000000       0.00000000000000       0.00000000000000       0.00000000000000
    1     -1     69197.0000000000       0.00000000000000       0.00000000000000       0.00000000000000
    1     -1     69197.0000000000       0.00000000028759      -0.00000000220511      -0.00000000039509
    1     -1     69198.0000000000       0.00000000028759      -0.00000000220511      -0.00000000039509
    1     -1     69199.0000000000       0.00000000028759      -0.00000000220511      -0.00000000039509
    1     -1     69199.0000000000       0.00000000000000       0.00000000000000       0.00000000000000
    1     -1     69199.0000000000       0.00000000000000       0.00000000000000       0.00000000000000
    1     -1     69199.0000000000       0.00000000015499      -0.00000000113362      -0.00000000021312
    1     -1     69200.0000000000       0.00000000015499      -0.00000000113362      -0.00000000021312
    1     -1     69201.0000000000       0.00000000015499      -0.00000000113362      -0.00000000021312
    1     -1     69201.0000000000       0.00000000000000       0.00000000000000       0.00000000000000
    1     -1     69229.0000000000       0.00000000000000       0.00000000000000       0.00000000000000
    1     -1     69229.0000000000       0.00000000025093      -0.00000000106529      -0.00000000034924
    1     -1     69230.0000000000       0.00000000025093      -0.00000000106529      -0.00000000034924
    1     -1     69231.0000000000       0.00000000025093      -0.00000000106529      -0.00000000034924
    1     -1     69231.0000000000       0.00000000000000       0.00000000000000       0.00000000000000
    1     -1     69231.0000000000       0.00000000000000       0.00000000000000       0.00000000000000
    1     -1     69231.0000000000       0.00000000035498      -0.00000000146392      -0.00000000049438
    1     -1     69232.0000000000       0.00000000035498      -0.00000000146392      -0.00000000049438
    1     -1     69233.0000000000       0.00000000035498      -0.00000000146392      -0.00000000049438
    1     -1     69233.0000000000       0.00000000000000       0.00000000000000       0.00000000000000
    1     -1     69233.0000000000       0.00000000000000       0.00000000000000       0.00000000000000
    1     -1     69233.0000000000       0.00000000058367      -0.00000000233973      -0.00000000081345
    1     -1     69234.0000000000       0.00000000058367      -0.00000000233973      -0.00000000081345
    1     -1     69235.0000000000       0.00000000058367      -0.00000000233973      -0.00000000081345
    1     -1     69235.0000000000       0.00000000000000       0.00000000000000       0.00000000000000
    1     -1     69235.0000000000       0.00000000000000       0.00000000000000       0.00000000000000
    1     -1     69235.0000000000       0.00000000142263      -0.00000000554695      -0.00000000198419
    1     -1     69236.0000000000       0.00000000142263      -0.00000000554695      -0.00000000198419
    1     -1     69237.0000000000       0.00000000142263      -0.00000000554695      -0.00000000198419
    1     -1     69237.0000000000       0.00000000000000       0.00000000000000       0.00000000000000
    1     -1     69237.0000000000       0.00000000000000       0.00000000000000       0.00000000000000
    1     -1     69237.0000000000       0.00000170291508      -0.00000646528414      -0.00000237883501
    1     -1     69238.0000000000       0.00000170291508      -0.00000646528414      -0.00000237883501
    1     -1     69239.0000000000       0.00000170291508      -0.00000646528414      -0.00000237883501
    1     -1     69239.0000000000       0.00000000000000       0.00000000000000       0.00000000000000
    1     -1     69239.0000000000       0.00000000000000       0.00000000000000       0.00000000000000
    1     -1     69239.0000000000       0.14717657177778      -0.54406939092251      -0.20573660749282
    1     -1     69240.0000000000       0.14717657177778      -0.54406939092251      -0.20573660749282
    1     -1     69241.0000000000       0.14717657177778      -0.54406939092251      -0.20573660749282
    1     -1     69241.0000000000       0.00000000000000       0.00000000000000       0.00000000000000
    1     -1     69241.0000000000       0.00000000000000       0.00000000000000       0.00000000000000
    1     -1     69241.0000000000       0.15034935371838      -0.54144304995768      -0.21031997937747
    1     -1     69242.0000000000       0.15034935371838      -0.54144304995768      -0.21031997937747
    1     -1     69243.0000000000       0.15034935371838      -0.54144304995768      -0.21031997937747
    1     -1     69243.0000000000       0.00000000000000       0.00000000000000       0.00000000000000
    1     -1     69243.0000000000       0.00000000000000       0.00000000000000       0.00000000000000
    1     -1     69243.0000000000       0.15349830607853      -0.53876207685476      -0.21488064927071
    1     -1     69244.0000000000       0.15349830607853      -0.53876207685476      -0.21488064927071
    1     -1     69245.0000000000       0.15349830607853      -0.53876207685476      -0.21488064927071
    1     -1     69245.0000000000       0.00000000000000       0.00000000000000       0.00000000000000
    1     -1     69245.0000000000       0.00000000000000       0.00000000000000       0.00000000000000
    1     -1     69245.0000000000       0.15662274531205      -0.53602701436705      -0.21941821813494
    1     -1     69246.0000000000       0.15662274531205      -0.53602701436705      -0.21941821813494
    1     -1     69247.0000000000       0.15662274531205      -0.53602701436705      -0.21941821813494
    1     -1     69247.0000000000       0.00000000000000       0.00000000000000       0.00000000000000
    1     -1     69247.0000000000       0.00000000000000       0.00000000000000       0.00000000000000
    1     -1     69247.0000000000       0.15972203437029      -0.53323841384323      -0.22393227720463
    1     -1     69248.0000000000       0.15972203437029      -0.53323841384323      -0.22393227720463
    1     -1     69249.0000000000       0.15972203437029      -0.53323841384323      -0.22393227720463
    1     -1     69249.0000000000       0.00000000000000       0.00000000000000       0.00000000000000
    1     -1     69249.0000000000       0.00000000000000       0.00000000000000       0.00000000000000
    1     -1     69249.0000000000       0.16279557115915      -0.53039677435269      -0.22842255343901
    1     -1     69250.0000000000       0.16279557115915      -0.53039677435269      -0.22842255343901
    1     -1     69251.0000000000       0.16279557115915      -0.53039677435269      -0.22842255343901
    1     -1     69251.0000000000       0.00000000000000       0.00000000000000       0.00000000000000
    1     -1     69251.0000000000       0.00000000000000       0.00000000000000       0.00000000000000
    1     -1     69251.0000000000       0.16584262092930      -0.52750265395943      -0.23288875968909
    1     -1     69252.0000000000       0.16584262092930      -0.52750265395943      -0.23288875968909
    1     -1     69253.0000000000       0.16584262092930      -0.52750265395943      -0.23288875968909
    1     -1     69253.0000000000       0.00000000000000       0.00000000000000       0.00000000000000
    1     -1     69253.0000000000       0.00000000000000       0.00000000000000       0.00000000000000
    1     -1     69253.0000000000       0.16886285129544      -0.52455669005237      -0.23733018274119
    1     -1     69254.0000000000       0.16886285129544      -0.52455669005237      -0.23733018274119
    1     -1     69255.0000000000       0.16886285129544      -0.52455669005237      -0.23733018274119
    1     -1     69255.0000000000       0.00000000000000       0.00000000000000       0.00000000000000
    1     -1     69255.0000000000       0.00000000000000       0.00000000000000       0.00000000000000
    1     -1     69255.0000000000       0.17185552675825      -0.52155940238758      -0.24174669984186
    1     -1     69256.0000000000       0.17185552675825      -0.52155940238758      -0.24174669984186
    1     -1     69257.0000000000       0.17185552675825      -0.52155940238758      -0.24174669984186
    1     -1     69257.0000000000       0.00000000000000       0.00000000000000       0.00000000000000
    1     -1     69257.0000000000       0.00000000000000       0.00000000000000       0.00000000000000
    1     -1     69257.0000000000       0.17482010113712      -0.51851136048091      -0.24613796956361
    1     -1     69258.0000000000       0.17482010113712      -0.51851136048091      -0.24613796956361
    1     -1     69259.0000000000       0.17482010113712      -0.51851136048091      -0.24613796956361
    1     -1     69259.0000000000       0.00000000000000       0.00000000000000       0.00000000000000
    1     -1     69259.0000000000       0.00000000000000       0.00000000000000       0.00000000000000
    1     -1     69259.0000000000       0.17775607569001      -0.51541314122846      -0.25050363034945
    1     -1     69260.0000000000       0.17775607569001      -0.51541314122846      -0.25050363034945
    1     -1     69261.0000000000       0.17775607569001      -0.51541314122846      -0.25050363034945
    1     -1     69261.0000000000       0.00000000000000       0.00000000000000       0.00000000000000
    1     -1     69261.0000000000       0.00000000000000       0.00000000000000       0.00000000000000
    1     -1     69261.0000000000       0.13815809441204      -0.39174434231850      -0.19488602852243
    1     -1     69262.0000000000       0.13815809441204      -0.39174434231850      -0.19488602852243
    1     -1     69263.0000000000       0.13815809441204      -0.39174434231850      -0.19488602852243
    1     -1     69263.0000000000       0.00000000000000       0.00000000000000       0.00000000000000
    1     -1     69263.0000000000       0.00000000000000       0.00000000000000       0.00000000000000
    1     -1     69263.0000000000       0.00000000075523      -0.00000000209381      -0.00000000106554
    1     -1     69264.0000000000       0.00000000075523      -0.00000000209381      -0.00000000106554
    1     -1     69265.0000000000       0.00000000075523      -0.00000000209381      -0.00000000106554
    1     -1     69265.0000000000       0.00000000000000       0.00000000000000       0.00000000000000
    1     -1     69265.0000000000       0.00000000000000       0.00000000000000       0.00000000000000
    1     -1     69265.0000000000       0.00000000031326      -0.00000000084980      -0.00000000044236
    1     -1     69266.0000000000       0.00000000031326      -0.00000000084980      -0.00000000044236
    1     -1     69267.0000000000       0.00000000031326      -0.00000000084980      -0.00000000044236
    1     -1     69267.0000000000       0.00000000000000       0.00000000000000       0.00000000000000
    1     -3     69518.0000000000     -148861924.645560563        5050902.644611064          -4306.620475454       -2.7651266187502      -35.3660829618930        1.0233044416038        1147.5357765453
    1     -3     69518.0000000000     -148861924.645560563        5050902.644611064          -4306.620475454       -2.7651266187502      -35.3660829618930        1.0233044416038         599.2811564221