{
  "archives": 805,
  "groups": 283,
  "ships": 805
}
{
  "certified": [
    true
  ],
  "collected_kg": [
    528.952772073922
  ],
  "done": 1,
  "elapsed_seconds": 34.85482935300024,
  "group": "cluster_fleet_h100_v1/clusters/family_0000",
  "slot": 1,
  "total": 805
}
{
  "certified": [
    true
  ],
  "collected_kg": [
    527.3100616016427
  ],
  "done": 2,
  "elapsed_seconds": 34.85502450899912,
  "group": "cluster_fleet_h100_v1/clusters/family_0000",
  "slot": 2,
  "total": 805
}
{
  "certified": [
    true
  ],
  "collected_kg": [
    597.1252566735113
  ],
  "done": 3,
  "elapsed_seconds": 34.85507654799949,
  "group": "cluster_fleet_h100_v1/clusters/family_0001",
  "slot": 1,
  "total": 805
}
{
  "certified": [
    true
  ],
  "collected_kg": [
    604.1067761806981
  ],
  "done": 4,
  "elapsed_seconds": 34.85511249999945,
  "group": "cluster_fleet_h100_v1/clusters/family_0001",
  "slot": 2,
  "total": 805
}
{
  "certified": [
    true
  ],
  "collected_kg": [
    510.4722792607803
  ],
  "done": 5,
  "elapsed_seconds": 34.85514446799971,
  "group": "cluster_fleet_h100_v1/clusters/family_0002",
  "slot": 1,
  "total": 805
}
{
  "certified": [
    true
  ],
  "collected_kg": [
    453.7987679671458
  ],
  "done": 6,
  "elapsed_seconds": 34.855178104000515,
  "group": "cluster_fleet_h100_v1/clusters/family_0002",
  "slot": 2,
  "total": 805
}
{
  "certified": [
    true
  ],
  "collected_kg": [
    492.8131416837782
  ],
  "done": 7,
  "elapsed_seconds": 34.8552026819998,
  "group": "cluster_fleet_h100_v1/clusters/family_0003",
  "slot": 1,
  "total": 805
}
{
  "certified": [
    true
  ],
  "collected_kg": [
    498.9733059548255
  ],
  "done": 8,
  "elapsed_seconds": 34.85522758799925,
  "group": "cluster_fleet_h100_v1/clusters/family_0003",
  "slot": 2,
  "total": 805
}
{
  "certified": [
    true
  ],
  "collected_kg": [
    499.7946611909651
  ],
  "done": 9,
  "elapsed_seconds": 34.8552573500001,
  "group": "cluster_fleet_h100_v1/clusters/family_0004",
  "slot": 1,
  "total": 805
}
{
  "certified": [
    true
  ],
  "collected_kg": [
    511.29363449691994
  ],
  "done": 10,
  "elapsed_seconds": 34.85528926799998,
  "group": "cluster_fleet_h100_v1/clusters/family_0004",
  "slot": 2,
  "total": 805
}
{
  "certified": [
    true
  ],
  "collected_kg": [
    517.8644763860369
  ],
  "done": 11,
  "elapsed_seconds": 37.34727597299934,
  "group": "cluster_fleet_h100_v1/clusters/family_0005",
  "slot": 1,
  "total": 805
}
{
  "certified": [
    true
  ],
  "collected_kg": [
    526.8993839835729
  ],
  "done": 12,
  "elapsed_seconds": 37.34756551999999,
  "group": "cluster_fleet_h100_v1/clusters/family_0005",
  "slot": 2,
  "total": 805
}
{
  "certified": [
    true
  ],
  "collected_kg": [
    587.2689938398357
  ],
  "done": 13,
  "elapsed_seconds": 37.34780206200048,
  "group": "cluster_fleet_h100_v1/clusters/family_0006",
  "slot": 1,
  "total": 805
}
{
  "certified": [
    true
  ],
  "collected_kg": [
    508.82956878850104
  ],
  "done": 14,
  "elapsed_seconds": 37.34786045600049,
  "group": "cluster_fleet_h100_v1/clusters/family_0006",
  "slot": 2,
  "total": 805
}
{
  "certified": [
    true
  ],
  "collected_kg": [
    539.6303901437371
  ],
  "done": 15,
  "elapsed_seconds": 37.34789798800011,
  "group": "cluster_fleet_h100_v1/clusters/family_0007",
  "slot": 1,
  "total": 805
}
{
  "certified": [
    true
  ],
  "collected_kg": [
    583.5728952772074
  ],
  "done": 16,
  "elapsed_seconds": 37.34792494499925,
  "group": "cluster_fleet_h100_v1/clusters/family_0007",
  "slot": 2,
  "total": 805
}
{
  "certified": [
    true
  ],
  "collected_kg": [
    494.0451745379877
  ],
  "done": 17,
  "elapsed_seconds": 49.65226745399923,
  "group": "cluster_fleet_h100_v1/clusters/family_0008",
  "slot": 1,
  "total": 805
}
{
  "certified": [
    true
  ],
  "collected_kg": [
    602.8747433264887
  ],
  "done": 18,
  "elapsed_seconds": 49.65254518199981,
  "group": "cluster_fleet_h100_v1/clusters/family_0008",
  "slot": 2,
  "total": 805
}
{
  "certified": [
    true
  ],
  "collected_kg": [
    459.1375770020534
  ],
  "done": 19,
  "elapsed_seconds": 71.16588925900032,
  "group": "cluster_fleet_h100_v1/clusters/family_0008",
  "slot": 3,
  "total": 805
}
{
  "certified": [
    true
  ],
  "collected_kg": [
    520.4654346338125
  ],
  "done": 20,
  "elapsed_seconds": 71.16602660799981,
  "group": "cluster_fleet_h100_v1/clusters/family_0009",
  "slot": 1,
  "total": 805
}
{
  "certified": [
    true
  ],
  "collected_kg": [
    510.3353867214237
  ],
  "done": 21,
  "elapsed_seconds": 71.16607206499975,
  "group": "cluster_fleet_h100_v1/clusters/family_0009",
  "slot": 2,
  "total": 805
}
{
  "certified": [
    true
  ],
  "collected_kg": [
    468.9938398357289
  ],
  "done": 22,
  "elapsed_seconds": 71.16611314399961,
  "group": "cluster_fleet_h100_v1/clusters/family_0009",
  "slot": 3,
  "total": 805
}
{
  "certified": [
    true
  ],
  "collected_kg": [
    493.22381930184804
  ],
  "done": 23,
  "elapsed_seconds": 74.94079321400022,
  "group": "cluster_fleet_h100_v1/clusters/family_0010",
  "slot": 1,
  "total": 805
}
{
  "certified": [
    true
  ],
  "collected_kg": [
    480.9034907597536
  ],
  "done": 24,
  "elapsed_seconds": 74.94090356400011,
  "group": "cluster_fleet_h100_v1/clusters/family_0010",
  "slot": 2,
  "total": 805
}
{
  "certified": [
    true
  ],
  "collected_kg": [
    528.952772073922
  ],
  "done": 25,
  "elapsed_seconds": 74.94094645400037,
  "group": "cluster_fleet_h100_v1/clusters/family_0011",
  "slot": 1,
  "total": 805
}
{
  "certified": [
    true
  ],
  "collected_kg": [
    440.2464065708419
  ],
  "done": 26,
  "elapsed_seconds": 74.94098422699972,
  "group": "cluster_fleet_h100_v1/clusters/family_0011",
  "slot": 2,
  "total": 805
}
{
  "certified": [
    true
  ],
  "collected_kg": [
    534.9760438056126
  ],
  "done": 27,
  "elapsed_seconds": 74.941033952,
  "group": "cluster_fleet_h100_v1/clusters/family_0012",
  "slot": 1,
  "total": 805
}
{
  "certified": [
    true
  ],
  "collected_kg": [
    483.5044490075291
  ],
  "done": 28,
  "elapsed_seconds": 74.94106780699985,
  "group": "cluster_fleet_h100_v1/clusters/family_0012",
  "slot": 2,
  "total": 805
}
{
  "certified": [
    true
  ],
  "collected_kg": [
    496.9199178644764
  ],
  "done": 29,
  "elapsed_seconds": 74.94109941900024,
  "group": "cluster_fleet_h100_v1/clusters/family_0012",
  "slot": 3,
  "total": 805
}
{
  "certified": [
    true
  ],
  "collected_kg": [
    478.4394250513347
  ],
  "done": 30,
  "elapsed_seconds": 74.94113439799912,
  "group": "cluster_fleet_h100_v1/clusters/family_0013",
  "slot": 1,
  "total": 805
}
{
  "certified": [
    true
  ],
  "collected_kg": [
    464.88706365503083
  ],
  "done": 31,
  "elapsed_seconds": 74.94116513399968,
  "group": "cluster_fleet_h100_v1/clusters/family_0013",
  "slot": 2,
  "total": 805
}
{
  "certified": [
    true
  ],
  "collected_kg": [
    512.2518822724162
  ],
  "done": 32,
  "elapsed_seconds": 74.94119358199896,
  "group": "cluster_fleet_h100_v1/clusters/family_0014",
  "slot": 1,
  "total": 805
}
{
  "certified": [
    true
  ],
  "collected_kg": [
    449.1444216290212
  ],
  "done": 33,
  "elapsed_seconds": 76.39639232300033,
  "group": "cluster_fleet_h100_v1/clusters/family_0014",
  "slot": 2,
  "total": 805
}
{
  "certified": [
    true
  ],
  "collected_kg": [
    388.50102669404515
  ],
  "done": 34,
  "elapsed_seconds": 84.87125798099987,
  "group": "cluster_fleet_h100_v1/clusters/family_0014",
  "slot": 3,
  "total": 805
}
{
  "certified": [
    true
  ],
  "collected_kg": [
    475.1540041067762
  ],
  "done": 35,
  "elapsed_seconds": 84.87154227700012,
  "group": "cluster_fleet_h100_v1/clusters/family_0015",
  "slot": 1,
  "total": 805
}
{
  "certified": [
    true
  ],
  "collected_kg": [
    418.8911704312115
  ],
  "done": 36,
  "elapsed_seconds": 84.87160626500008,
  "group": "cluster_fleet_h100_v1/clusters/family_0015",
  "slot": 2,
  "total": 805
}
{
  "certified": [
    true
  ],
  "collected_kg": [
    550.7186858316222
  ],
  "done": 37,
  "elapsed_seconds": 84.87164173900055,
  "group": "cluster_fleet_h100_v1/clusters/family_0016",
  "slot": 1,
  "total": 805
}
{
  "certified": [
    true
  ],
  "collected_kg": [
    559.3429158110883
  ],
  "done": 38,
  "elapsed_seconds": 84.87169240299954,
  "group": "cluster_fleet_h100_v1/clusters/family_0016",
  "slot": 2,
  "total": 805
}
{
  "certified": [
    true
  ],
  "collected_kg": [
    466.5297741273101
  ],
  "done": 39,
  "elapsed_seconds": 107.79935863299943,
  "group": "cluster_fleet_h100_v1/clusters/family_0016",
  "slot": 3,
  "total": 805
}
{
  "certified": [
    true
  ],
  "collected_kg": [
    512.9363449691991
  ],
  "done": 40,
  "elapsed_seconds": 107.79960484599906,
  "group": "cluster_fleet_h100_v1/clusters/family_0017",
  "slot": 1,
  "total": 805
}
{
  "certified": [
    true
  ],
  "collected_kg": [
    451.3347022587269
  ],
  "done": 41,
  "elapsed_seconds": 107.80013184900054,
  "group": "cluster_fleet_h100_v1/clusters/family_0017",
  "slot": 2,
  "total": 805
}
{
  "certified": [
    true
  ],
  "collected_kg": [
    472.6899383983573
  ],
  "done": 42,
  "elapsed_seconds": 107.80019947800065,
  "group": "cluster_fleet_h100_v1/clusters/family_0017",
  "slot": 3,
  "total": 805
}
{
  "certified": [
    true
  ],
  "collected_kg": [
    550.7186858316221
  ],
  "done": 43,
  "elapsed_seconds": 107.80023957599951,
  "group": "cluster_fleet_h100_v1/clusters/family_0018",
  "slot": 1,
  "total": 805
}
{
  "certified": [
    true
  ],
  "collected_kg": [
    476.3860369609856
  ],
  "done": 44,
  "elapsed_seconds": 107.8002651049992,
  "group": "cluster_fleet_h100_v1/clusters/family_0018",
  "slot": 2,
  "total": 805
}
{
  "certified": [
    true
  ],
  "collected_kg": [
    411.9096509240246
  ],
  "done": 45,
  "elapsed_seconds": 111.19331231899923,
  "group": "cluster_fleet_h100_v1/clusters/family_0018",
  "slot": 3,
  "total": 805
}
{
  "certified": [
    true
  ],
  "collected_kg": [
    529.5003422313484
  ],
  "done": 46,
  "elapsed_seconds": 111.19342729799973,
  "group": "cluster_fleet_h100_v1/clusters/family_0019",
  "slot": 1,
  "total": 805
}
{
  "certified": [
    true
  ],
  "collected_kg": [
    573.7166324435318
  ],
  "done": 47,
  "elapsed_seconds": 111.19346553799915,
  "group": "cluster_fleet_h100_v1/clusters/family_0019",
  "slot": 2,
  "total": 805
}
{
  "certified": [
    true
  ],
  "collected_kg": [
    395.89322381930185
  ],
  "done": 48,
  "elapsed_seconds": 111.1935047349998,
  "group": "cluster_fleet_h100_v1/clusters/family_0019",
  "slot": 3,
  "total": 805
}
{
  "certified": [
    true
  ],
  "collected_kg": [
    501.84804928131416
  ],
  "done": 49,
  "elapsed_seconds": 114.64706433299943,
  "group": "cluster_fleet_h100_v1/clusters/family_0020",
  "slot": 1,
  "total": 805
}
{
  "certified": [
    true
  ],
  "collected_kg": [
    438.60369609856264
  ],
  "done": 50,
  "elapsed_seconds": 114.64718864499991,
  "group": "cluster_fleet_h100_v1/clusters/family_0020",
  "slot": 2,
  "total": 805
}
{
  "certified": [
    true
  ],
  "collected_kg": [
    519.5071868583162
  ],
  "done": 51,
  "elapsed_seconds": 114.64723519499967,
  "group": "cluster_fleet_h100_v1/clusters/family_0022",
  "slot": 1,
  "total": 805
}
{
  "certified": [
    true
  ],
  "collected_kg": [
    423.5455167693361
  ],
  "done": 52,
  "elapsed_seconds": 114.64726858199901,
  "group": "cluster_fleet_h100_v1/clusters/family_0022",
  "slot": 2,
  "total": 805
}
{
  "certified": [
    true
  ],
  "collected_kg": [
    480.35592060232716
  ],
  "done": 53,
  "elapsed_seconds": 115.88978895000037,
  "group": "cluster_fleet_h100_v1/clusters/family_0023",
  "slot": 1,
  "total": 805
}
{
  "certified": [
    true
  ],
  "collected_kg": [
    379.87679671457903
  ],
  "done": 54,
  "elapsed_seconds": 115.88990400799958,
  "group": "cluster_fleet_h100_v1/clusters/family_0023",
  "slot": 2,
  "total": 805
}
{
  "certified": [
    true
  ],
  "collected_kg": [
    460.3696098562628
  ],
  "done": 55,
  "elapsed_seconds": 132.7423626309992,
  "group": "cluster_fleet_h100_v1/clusters/family_0023",
  "slot": 3,
  "total": 805
}
{
  "certified": [
    true
  ],
  "collected_kg": [
    533.47022587269
  ],
  "done": 56,
  "elapsed_seconds": 132.74268665899945,
  "group": "cluster_fleet_h100_v1/clusters/family_0024",
  "slot": 1,
  "total": 805
}
{
  "certified": [
    true
  ],
  "collected_kg": [
    470.2258726899384
  ],
  "done": 57,
  "elapsed_seconds": 132.74293106299956,
  "group": "cluster_fleet_h100_v1/clusters/family_0024",
  "slot": 2,
  "total": 805
}
{
  "certified": [
    true
  ],
  "collected_kg": [
    550.3080082135524
  ],
  "done": 58,
  "elapsed_seconds": 132.74299430300016,
  "group": "cluster_fleet_h100_v1/clusters/family_0024",
  "slot": 3,
  "total": 805
}
{
  "certified": [
    true
  ],
  "collected_kg": [
    554.4147843942505
  ],
  "done": 59,
  "elapsed_seconds": 132.74302891700063,
  "group": "cluster_fleet_h100_v1/clusters/family_0025",
  "slot": 1,
  "total": 805
}
{
  "certified": [
    true
  ],
  "collected_kg": [
    542.3682409308693
  ],
  "done": 60,
  "elapsed_seconds": 132.74305907599955,
  "group": "cluster_fleet_h100_v1/clusters/family_0025",
  "slot": 2,
  "total": 805
}
{
  "certified": [
    true
  ],
  "collected_kg": [
    526.488706365503
  ],
  "done": 61,
  "elapsed_seconds": 133.66483173199958,
  "group": "cluster_fleet_h100_v1/clusters/family_0025",
  "slot": 3,
  "total": 805
}
{
  "certified": [
    true
  ],
  "collected_kg": [
    548.2546201232033
  ],
  "done": 62,
  "elapsed_seconds": 133.66494285699991,
  "group": "cluster_fleet_h100_v1/clusters/family_0028",
  "slot": 1,
  "total": 805
}
{
  "certified": [
    true
  ],
  "collected_kg": [
    572.4845995893223
  ],
  "done": 63,
  "elapsed_seconds": 133.66497973699916,
  "group": "cluster_fleet_h100_v1/clusters/family_0028",
  "slot": 2,
  "total": 805
}
{
  "certified": [
    true
  ],
  "collected_kg": [
    480.08213552361394
  ],
  "done": 64,
  "elapsed_seconds": 133.66500927500056,
  "group": "cluster_fleet_h100_v1/clusters/family_0029",
  "slot": 1,
  "total": 805
}
{
  "certified": [
    true
  ],
  "collected_kg": [
    493.0869267624915
  ],
  "done": 65,
  "elapsed_seconds": 139.97672106699974,
  "group": "cluster_fleet_h100_v1/clusters/family_0029",
  "slot": 2,
  "total": 805
}
{
  "certified": [
    true
  ],
  "collected_kg": [
    513.347022587269
  ],
  "done": 66,
  "elapsed_seconds": 139.97685794400059,
  "group": "cluster_fleet_h100_v1/clusters/family_0032",
  "slot": 1,
  "total": 805
}
{
  "certified": [
    true
  ],
  "collected_kg": [
    422.99794661190964
  ],
  "done": 67,
  "elapsed_seconds": 139.97690073400008,
  "group": "cluster_fleet_h100_v1/clusters/family_0032",
  "slot": 2,
  "total": 805
}
{
  "certified": [
    true
  ],
  "collected_kg": [
    300.3422313483915
  ],
  "done": 68,
  "elapsed_seconds": 139.97693533100028,
  "group": "cluster_fleet_h100_v1/clusters/family_0032",
  "slot": 3,
  "total": 805
}
{
  "certified": [
    true
  ],
  "collected_kg": [
    467.7618069815195
  ],
  "done": 69,
  "elapsed_seconds": 139.97696442599954,
  "group": "cluster_fleet_h100_v1/clusters/family_0033",
  "slot": 1,
  "total": 805
}
{
  "certified": [
    true
  ],
  "collected_kg": [
    454.20944558521563
  ],
  "done": 70,
  "elapsed_seconds": 156.44712357000026,
  "group": "cluster_fleet_h100_v1/clusters/family_0033",
  "slot": 2,
  "total": 805
}
{
  "certified": [
    true
  ],
  "collected_kg": [
    462.8336755646817
  ],
  "done": 71,
  "elapsed_seconds": 156.44724068699907,
  "group": "cluster_fleet_h100_v1/clusters/family_0033",
  "slot": 3,
  "total": 805
}
{
  "certified": [
    true
  ],
  "collected_kg": [
    368.37782340862424
  ],
  "done": 72,
  "elapsed_seconds": 156.44728944999952,
  "group": "cluster_fleet_h100_v1/clusters/family_0033",
  "slot": 4,
  "total": 805
}
{
  "certified": [
    true
  ],
  "collected_kg": [
    545.3798767967146
  ],
  "done": 73,
  "elapsed_seconds": 156.44731915599914,
  "group": "cluster_fleet_h100_v1/clusters/family_0035",
  "slot": 1,
  "total": 805
}
{
  "certified": [
    true
  ],
  "collected_kg": [
    517.4537987679671
  ],
  "done": 74,
  "elapsed_seconds": 156.44734575700022,
  "group": "cluster_fleet_h100_v1/clusters/family_0035",
  "slot": 2,
  "total": 805
}
{
  "certified": [
    true
  ],
  "collected_kg": [
    428.7474332648871
  ],
  "done": 75,
  "elapsed_seconds": 156.4473815199999,
  "group": "cluster_fleet_h100_v1/clusters/family_0035",
  "slot": 3,
  "total": 805
}
{
  "certified": [
    true
  ],
  "collected_kg": [
    499.38398357289526
  ],
  "done": 76,
  "elapsed_seconds": 156.44741039600012,
  "group": "cluster_fleet_h100_v1/clusters/family_0036",
  "slot": 1,
  "total": 805
}
{
  "certified": [
    true
  ],
  "collected_kg": [
    551.5400410677618
  ],
  "done": 77,
  "elapsed_seconds": 158.0217938049991,
  "group": "cluster_fleet_h100_v1/clusters/family_0036",
  "slot": 2,
  "total": 805
}
{
  "certified": [
    true
  ],
  "collected_kg": [
    514.1683778234086
  ],
  "done": 78,
  "elapsed_seconds": 163.3587613439995,
  "group": "cluster_fleet_h100_v1/clusters/family_0038",
  "slot": 1,
  "total": 805
}
{
  "certified": [
    true
  ],
  "collected_kg": [
    495.55099247091033
  ],
  "done": 79,
  "elapsed_seconds": 163.35902205399907,
  "group": "cluster_fleet_h100_v1/clusters/family_0038",
  "slot": 2,
  "total": 805
}
{
  "certified": [
    true
  ],
  "collected_kg": [
    445.3114305270363
  ],
  "done": 80,
  "elapsed_seconds": 163.35918306200074,
  "group": "cluster_fleet_h100_v1/clusters/family_0038",
  "slot": 3,
  "total": 805
}
{
  "certified": [
    true
  ],
  "collected_kg": [
    544.0109514031485
  ],
  "done": 81,
  "elapsed_seconds": 163.35926640800062,
  "group": "cluster_fleet_h100_v1/clusters/family_0040",
  "slot": 1,
  "total": 805
}
{
  "certified": [
    true
  ],
  "collected_kg": [
    453.7987679671458
  ],
  "done": 82,
  "elapsed_seconds": 163.35930572600046,
  "group": "cluster_fleet_h100_v1/clusters/family_0040",
  "slot": 2,
  "total": 805
}
{
  "certified": [
    true
  ],
  "collected_kg": [
    404.517453798768
  ],
  "done": 83,
  "elapsed_seconds": 163.70782784699986,
  "group": "cluster_fleet_h100_v1/clusters/family_0040",
  "slot": 3,
  "total": 805
}
{
  "certified": [
    true
  ],
  "collected_kg": [
    444.0793976728268
  ],
  "done": 84,
  "elapsed_seconds": 163.70926344799955,
  "group": "cluster_fleet_h100_v1/clusters/family_0051",
  "slot": 1,
  "total": 805
}
{
  "certified": [
    true
  ],
  "collected_kg": [
    458.72689938398355
  ],
  "done": 85,
  "elapsed_seconds": 168.61878575800074,
  "group": "cluster_fleet_h100_v1/clusters/family_0051",
  "slot": 2,
  "total": 805
}
{
  "certified": [
    true
  ],
  "collected_kg": [
    468.1724845995893
  ],
  "done": 86,
  "elapsed_seconds": 174.1347639199994,
  "group": "cluster_fleet_h100_v1/clusters/family_0052",
  "slot": 1,
  "total": 805
}
{
  "certified": [
    true
  ],
  "collected_kg": [
    602.8747433264887
  ],
  "done": 87,
  "elapsed_seconds": 174.1350478259992,
  "group": "cluster_fleet_h100_v1/clusters/family_0054",
  "slot": 1,
  "total": 805
}
{
  "certified": [
    true
  ],
  "collected_kg": [
    533.47022587269
  ],
  "done": 88,
  "elapsed_seconds": 174.1352022810006,
  "group": "cluster_fleet_h100_v1/clusters/family_0054",
  "slot": 2,
  "total": 805
}
{
  "certified": [
    true
  ],
  "collected_kg": [
    422.99794661190964
  ],
  "done": 89,
  "elapsed_seconds": 174.13525156499963,
  "group": "cluster_fleet_h100_v1/clusters/family_0060",
  "slot": 1,
  "total": 805
}
{
  "certified": [
    true
  ],
  "collected_kg": [
    444.76386036960986
  ],
  "done": 90,
  "elapsed_seconds": 178.71631728300054,
  "group": "cluster_fleet_h100_v1/clusters/family_0060",
  "slot": 2,
  "total": 805
}
{
  "certified": [
    true
  ],
  "collected_kg": [
    559.3429158110883
  ],
  "done": 91,
  "elapsed_seconds": 178.7164363640004,
  "group": "cluster_fleet_h100_v1/clusters/family_0065",
  "slot": 1,
  "total": 805
}
{
  "certified": [
    true
  ],
  "collected_kg": [
    533.8809034907597
  ],
  "done": 92,
  "elapsed_seconds": 178.7164735940005,
  "group": "cluster_fleet_h100_v1/clusters/family_0065",
  "slot": 2,
  "total": 805
}
{
  "certified": [
    true
  ],
  "collected_kg": [
    464.476386036961
  ],
  "done": 93,
  "elapsed_seconds": 184.16116945499925,
  "group": "cluster_fleet_h100_v1/clusters/family_0065",
  "slot": 3,
  "total": 805
}
{
  "certified": [
    true
  ],
  "collected_kg": [
    501.57426420260094
  ],
  "done": 94,
  "elapsed_seconds": 184.16133156899923,
  "group": "cluster_fleet_h100_v1/clusters/family_0080",
  "slot": 1,
  "total": 805
}
{
  "certified": [
    true
  ],
  "collected_kg": [
    446.4065708418891
  ],
  "done": 95,
  "elapsed_seconds": 191.23494125099933,
  "group": "cluster_fleet_h100_v1/clusters/family_0080",
  "slot": 2,
  "total": 805
}
{
  "certified": [
    true
  ],
  "collected_kg": [
    418.0698151950719
  ],
  "done": 96,
  "elapsed_seconds": 191.2351798769996,
  "group": "cluster_fleet_h100_v1/clusters/family_0080",
  "slot": 3,
  "total": 805
}
{
  "certified": [
    true
  ],
  "collected_kg": [
    517.0431211498974
  ],
  "done": 97,
  "elapsed_seconds": 191.23524108700076,
  "group": "cluster_fleet_h100_v1/clusters/family_0085",
  "slot": 1,
  "total": 805
}
{
  "certified": [
    true
  ],
  "collected_kg": [
    354.2778918548939
  ],
  "done": 98,
  "elapsed_seconds": 191.23528023899962,
  "group": "cluster_fleet_h100_v1/clusters/family_0085",
  "slot": 2,
  "total": 805
}
{
  "certified": [
    true
  ],
  "collected_kg": [
    517.8644763860369
  ],
  "done": 99,
  "elapsed_seconds": 212.22075629199935,
  "group": "cluster_fleet_h100_v1/clusters/family_0086",
  "slot": 1,
  "total": 805
}
{
  "certified": [
    true
  ],
  "collected_kg": [
    503.49075975359347
  ],
  "done": 100,
  "elapsed_seconds": 212.2208878069996,
  "group": "cluster_fleet_h100_v1/clusters/family_0086",
  "slot": 2,
  "total": 805
}
{
  "certified": [
    true
  ],
  "collected_kg": [
    555.6468172484599
  ],
  "done": 101,
  "elapsed_seconds": 212.22093704799954,
  "group": "cluster_fleet_h100_v1/clusters/family_0090",
  "slot": 1,
  "total": 805
}
{
  "certified": [
    true
  ],
  "collected_kg": [
    519.0965092402464
  ],
  "done": 102,
  "elapsed_seconds": 212.2209766800006,
  "group": "cluster_fleet_h100_v1/clusters/family_0090",
  "slot": 2,
  "total": 805
}
{
  "certified": [
    true
  ],
  "collected_kg": [
    443.8056125941136
  ],
  "done": 103,
  "elapsed_seconds": 212.2210172089999,
  "group": "cluster_fleet_h100_v1/clusters/family_0096",
  "slot": 1,
  "total": 805
}
{
  "certified": [
    true
  ],
  "collected_kg": [
    475.56468172484597
  ],
  "done": 104,
  "elapsed_seconds": 212.22105239700068,
  "group": "cluster_fleet_h100_v1/clusters/family_0096",
  "slot": 2,
  "total": 805
}
{
  "certified": [
    true
  ],
  "collected_kg": [
    433.26488706365507
  ],
  "done": 105,
  "elapsed_seconds": 212.22108349200062,
  "group": "cluster_fleet_h100_v1/clusters/family_0096",
  "slot": 3,
  "total": 805
}
{
  "certified": [
    true
  ],
  "collected_kg": [
    492.8131416837782
  ],
  "done": 106,
  "elapsed_seconds": 212.22111028399922,
  "group": "cluster_fleet_h100_v1/clusters/family_0099",
  "slot": 1,
  "total": 805
}
{
  "certified": [
    true
  ],
  "collected_kg": [
    460.3696098562628
  ],
  "done": 107,
  "elapsed_seconds": 212.22114017199965,
  "group": "cluster_fleet_h100_v1/clusters/family_0099",
  "slot": 2,
  "total": 805
}
{
  "certified": [
    true
  ],
  "collected_kg": [
    429.9794661190965
  ],
  "done": 108,
  "elapsed_seconds": 212.22116653800003,
  "group": "cluster_fleet_h100_v1/clusters/family_0103",
  "slot": 1,
  "total": 805
}
{
  "certified": [
    true
  ],
  "collected_kg": [
    405.33880903490757
  ],
  "done": 109,
  "elapsed_seconds": 212.22119707799902,
  "group": "cluster_fleet_h100_v1/clusters/family_0103",
  "slot": 2,
  "total": 805
}
{
  "certified": [
    true
  ],
  "collected_kg": [
    270.6365503080082
  ],
  "done": 110,
  "elapsed_seconds": 212.22122652100006,
  "group": "cluster_fleet_h100_v1/clusters/family_0103",
  "slot": 3,
  "total": 805
}
{
  "certified": [
    true
  ],
  "collected_kg": [
    489.80150581793293
  ],
  "done": 111,
  "elapsed_seconds": 219.11347644499983,
  "group": "cluster_fleet_h100_v1/clusters/family_0108",
  "slot": 1,
  "total": 805
}
{
  "certified": [
    true
  ],
  "collected_kg": [
    447.6386036960986
  ],
  "done": 112,
  "elapsed_seconds": 219.1137326650005,
  "group": "cluster_fleet_h100_v1/clusters/family_0108",
  "slot": 2,
  "total": 805
}
{
  "certified": [
    true
  ],
  "collected_kg": [
    354.8254620123203
  ],
  "done": 113,
  "elapsed_seconds": 219.11577813999975,
  "group": "cluster_fleet_h100_v1/clusters/family_0108",
  "slot": 3,
  "total": 805
}
{
  "certified": [
    true
  ],
  "collected_kg": [
    555.2361396303902
  ],
  "done": 114,
  "elapsed_seconds": 219.1158480390004,
  "group": "cluster_fleet_h100_v1/clusters/family_0109",
  "slot": 1,
  "total": 805
}
{
  "certified": [
    true
  ],
  "collected_kg": [
    531.1430527036276
  ],
  "done": 115,
  "elapsed_seconds": 219.1159901739993,
  "group": "cluster_fleet_h100_v1/clusters/family_0109",
  "slot": 2,
  "total": 805
}
{
  "certified": [
    true
  ],
  "collected_kg": [
    369.60985626283366
  ],
  "done": 116,
  "elapsed_seconds": 221.55793038400043,
  "group": "cluster_fleet_h100_v1/clusters/family_0109",
  "slot": 3,
  "total": 805
}
{
  "certified": [
    true
  ],
  "collected_kg": [
    502.258726899384
  ],
  "done": 117,
  "elapsed_seconds": 241.6245159659993,
  "group": "cluster_fleet_v1/clusters/family_0000",
  "slot": 1,
  "total": 805
}
{
  "certified": [
    true
  ],
  "collected_kg": [
    494.8665297741273
  ],
  "done": 118,
  "elapsed_seconds": 241.6248075580006,
  "group": "cluster_fleet_v1/clusters/family_0000",
  "slot": 3,
  "total": 805
}
{
  "certified": [
    true
  ],
  "collected_kg": [
    486.24229979466116
  ],
  "done": 119,
  "elapsed_seconds": 241.6249885519992,
  "group": "cluster_fleet_v1/clusters/family_0001",
  "slot": 1,
  "total": 805
}
{
  "certified": [
    true
  ],
  "collected_kg": [
    448.4599589322382
  ],
  "done": 120,
  "elapsed_seconds": 241.62508344100024,
  "group": "cluster_fleet_v1/clusters/family_0003",
  "slot": 1,
  "total": 805
}
{
  "certified": [
    true
  ],
  "collected_kg": [
    322.29979466119096
  ],
  "done": 121,
  "elapsed_seconds": 241.6251307599996,
  "group": "cluster_fleet_v1/clusters/family_0003",
  "slot": 2,
  "total": 805
}
{
  "certified": [
    true
  ],
  "collected_kg": [
    379.98631074606436
  ],
  "done": 122,
  "elapsed_seconds": 241.62516410900025,
  "group": "cluster_fleet_v1/clusters/family_0003",
  "slot": 3,
  "total": 805
}
{
  "certified": [
    true
  ],
  "collected_kg": [
    447.33744010951403
  ],
  "done": 123,
  "elapsed_seconds": 241.62520601299912,
  "group": "cluster_fleet_v1/clusters/family_0004",
  "slot": 1,
  "total": 805
}
{
  "certified": [
    true
  ],
  "collected_kg": [
    461.19096509240245
  ],
  "done": 124,
  "elapsed_seconds": 251.05554718500025,
  "group": "cluster_fleet_v1/clusters/family_0004",
  "slot": 2,
  "total": 805
}
{
  "certified": [
    true
  ],
  "collected_kg": [
    512.1149897330596
  ],
  "done": 125,
  "elapsed_seconds": 251.0556686180007,
  "group": "cluster_fleet_v1/clusters/family_0004",
  "slot": 3,
  "total": 805
}
{
  "certified": [
    true
  ],
  "collected_kg": [
    453.22381930184804
  ],
  "done": 126,
  "elapsed_seconds": 251.05570795200038,
  "group": "cluster_fleet_v1/clusters/family_0005",
  "slot": 2,
  "total": 805
}
{
  "certified": [
    true
  ],
  "collected_kg": [
    450.485968514716
  ],
  "done": 127,
  "elapsed_seconds": 251.05575140600013,
  "group": "cluster_fleet_v1/clusters/family_0005",
  "slot": 3,
  "total": 805
}
{
  "certified": [
    true
  ],
  "collected_kg": [
    91.77275838466804
  ],
  "done": 128,
  "elapsed_seconds": 251.05578468599924,
  "group": "cluster_fleet_v1/clusters/family_0006",
  "slot": 1,
  "total": 805
}
{
  "certified": [
    true
  ],
  "collected_kg": [
    210.02053388090349
  ],
  "done": 129,
  "elapsed_seconds": 251.05581164000068,
  "group": "cluster_fleet_v1/clusters/family_0007",
  "slot": 1,
  "total": 805
}
{
  "certified": [
    true
  ],
  "collected_kg": [
    476.7693360711841
  ],
  "done": 130,
  "elapsed_seconds": 251.05584877900037,
  "group": "cluster_fleet_v1/clusters/family_0007",
  "slot": 2,
  "total": 805
}
{
  "certified": [
    true
  ],
  "collected_kg": [
    446.4065708418891
  ],
  "done": 131,
  "elapsed_seconds": 251.05588504200023,
  "group": "cluster_fleet_v1/clusters/family_0007",
  "slot": 3,
  "total": 805
}
{
  "certified": [
    true
  ],
  "collected_kg": [
    94.51060917180014
  ],
  "done": 132,
  "elapsed_seconds": 251.05591034099962,
  "group": "cluster_fleet_v1/clusters/family_0008",
  "slot": 1,
  "total": 805
}
{
  "certified": [
    true
  ],
  "collected_kg": [
    397.8644763860369
  ],
  "done": 133,
  "elapsed_seconds": 261.78127482499985,
  "group": "cluster_fleet_v1/clusters/family_0009",
  "slot": 1,
  "total": 805
}
{
  "certified": [
    true
  ],
  "collected_kg": [
    334.6201232032854
  ],
  "done": 134,
  "elapsed_seconds": 261.78152324000075,
  "group": "cluster_fleet_v1/clusters/family_0009",
  "slot": 2,
  "total": 805
}
{
  "certified": [
    true
  ],
  "collected_kg": [
    403.2854209445585
  ],
  "done": 135,
  "elapsed_seconds": 261.78378163900015,
  "group": "cluster_fleet_v1/clusters/family_0010",
  "slot": 1,
  "total": 805
}
{
  "certified": [
    true
  ],
  "collected_kg": [
    474.33264887063655
  ],
  "done": 136,
  "elapsed_seconds": 261.7838501570004,
  "group": "cluster_fleet_v1/clusters/family_0010",
  "slot": 2,
  "total": 805
}
{
  "certified": [
    true
  ],
  "collected_kg": [
    389.73305954825463
  ],
  "done": 137,
  "elapsed_seconds": 266.46402784100064,
  "group": "cluster_fleet_v1/clusters/family_0011",
  "slot": 1,
  "total": 805
}
{
  "certified": [
    true
  ],
  "collected_kg": [
    299.24709103353865
  ],
  "done": 138,
  "elapsed_seconds": 266.46430924000015,
  "group": "cluster_fleet_v1/clusters/family_0011",
  "slot": 2,
  "total": 805
}
{
  "certified": [
    true
  ],
  "collected_kg": [
    294.3737166324435
  ],
  "done": 139,
  "elapsed_seconds": 266.4645617690003,
  "group": "cluster_fleet_v1/clusters/family_0011",
  "slot": 3,
  "total": 805
}
{
  "certified": [
    true
  ],
  "collected_kg": [
    408.2135523613963
  ],
  "done": 140,
  "elapsed_seconds": 277.9875484080003,
  "group": "cluster_fleet_v1/clusters/family_0013",
  "slot": 1,
  "total": 805
}
{
  "certified": [
    true
  ],
  "collected_kg": [
    326.4887063655031
  ],
  "done": 141,
  "elapsed_seconds": 277.98783917699984,
  "group": "cluster_fleet_v1/clusters/family_0013",
  "slot": 2,
  "total": 805
}
{
  "certified": [
    true
  ],
  "collected_kg": [
    355.9753593429158
  ],
  "done": 142,
  "elapsed_seconds": 277.98794961800013,
  "group": "cluster_fleet_v1/clusters/family_0013",
  "slot": 3,
  "total": 805
}
{
  "certified": [
    true
  ],
  "collected_kg": [
    464.88706365503083
  ],
  "done": 143,
  "elapsed_seconds": 277.9880075279998,
  "group": "cluster_fleet_v1/clusters/family_0014",
  "slot": 1,
  "total": 805
}
{
  "certified": [
    true
  ],
  "collected_kg": [
    403.6960985626283
  ],
  "done": 144,
  "elapsed_seconds": 277.9880424259991,
  "group": "cluster_fleet_v1/clusters/family_0014",
  "slot": 2,
  "total": 805
}
{
  "certified": [
    true
  ],
  "collected_kg": [
    398.7679671457905
  ],
  "done": 145,
  "elapsed_seconds": 277.9880720759993,
  "group": "cluster_fleet_v1/clusters/family_0014",
  "slot": 3,
  "total": 805
}
{
  "certified": [
    true
  ],
  "collected_kg": [
    402.8747433264887
  ],
  "done": 146,
  "elapsed_seconds": 283.54616225099926,
  "group": "cluster_fleet_v1/clusters/family_0015",
  "slot": 1,
  "total": 805
}
{
  "certified": [
    true
  ],
  "collected_kg": [
    498.56262833675567
  ],
  "done": 147,
  "elapsed_seconds": 283.5464173670007,
  "group": "cluster_fleet_v1/clusters/family_0015",
  "slot": 2,
  "total": 805
}
{
  "certified": [
    true
  ],
  "collected_kg": [
    553.5934291581109
  ],
  "done": 148,
  "elapsed_seconds": 289.876490364999,
  "group": "cluster_fleet_v1/clusters/family_0015",
  "slot": 3,
  "total": 805
}
{
  "certified": [
    true
  ],
  "collected_kg": [
    295.2772073921971
  ],
  "done": 149,
  "elapsed_seconds": 289.87679292699977,
  "group": "cluster_fleet_v1/clusters/family_0016",
  "slot": 1,
  "total": 805
}
{
  "certified": [
    true
  ],
  "collected_kg": [
    226.91307323750857
  ],
  "done": 150,
  "elapsed_seconds": 289.8768951809998,
  "group": "cluster_fleet_v1/clusters/family_0016",
  "slot": 2,
  "total": 805
}
{
  "certified": [
    true
  ],
  "collected_kg": [
    452.5667351129363
  ],
  "done": 151,
  "elapsed_seconds": 295.26278823900066,
  "group": "cluster_fleet_v1/clusters/family_0018",
  "slot": 1,
  "total": 805
}
{
  "certified": [
    true
  ],
  "collected_kg": [
    493.22381930184804
  ],
  "done": 152,
  "elapsed_seconds": 302.28944772700015,
  "group": "cluster_fleet_v1/clusters/family_0018",
  "slot": 2,
  "total": 805
}
{
  "certified": [
    true
  ],
  "collected_kg": [
    489.1170431211499
  ],
  "done": 153,
  "elapsed_seconds": 302.28971215399906,
  "group": "cluster_fleet_v1/clusters/family_0018",
  "slot": 3,
  "total": 805
}
{
  "certified": [
    true
  ],
  "collected_kg": [
    336.26283367556465
  ],
  "done": 154,
  "elapsed_seconds": 302.2898178760006,
  "group": "cluster_fleet_v1/clusters/family_0020",
  "slot": 1,
  "total": 805
}
{
  "certified": [
    true
  ],
  "collected_kg": [
    304.5859000684463
  ],
  "done": 155,
  "elapsed_seconds": 302.2898642370001,
  "group": "cluster_fleet_v1/clusters/family_0022",
  "slot": 1,
  "total": 805
}
{
  "certified": [
    true
  ],
  "collected_kg": [
    406.57084188911705
  ],
  "done": 156,
  "elapsed_seconds": 302.289893096,
  "group": "cluster_fleet_v1/clusters/family_0022",
  "slot": 2,
  "total": 805
}
{
  "certified": [
    true
  ],
  "collected_kg": [
    432.85420944558524
  ],
  "done": 157,
  "elapsed_seconds": 302.2899221890002,
  "group": "cluster_fleet_v1/clusters/family_0022",
  "slot": 3,
  "total": 805
}
{
  "certified": [
    true
  ],
  "collected_kg": [
    278.7132101300479
  ],
  "done": 158,
  "elapsed_seconds": 302.2899512690001,
  "group": "cluster_fleet_v1/clusters/family_0023",
  "slot": 1,
  "total": 805
}
{
  "certified": [
    true
  ],
  "collected_kg": [
    299.38398357289526
  ],
  "done": 159,
  "elapsed_seconds": 302.28997853200053,
  "group": "cluster_fleet_v1/clusters/family_0023",
  "slot": 2,
  "total": 805
}
{
  "certified": [
    true
  ],
  "collected_kg": [
    541.2731006160164
  ],
  "done": 160,
  "elapsed_seconds": 302.29000342499967,
  "group": "cluster_fleet_v1/clusters/family_0024",
  "slot": 2,
  "total": 805
}
{
  "certified": [
    true
  ],
  "collected_kg": [
    539.6303901437371
  ],
  "done": 161,
  "elapsed_seconds": 302.2900275899992,
  "group": "cluster_fleet_v1/clusters/family_0024",
  "slot": 3,
  "total": 805
}
{
  "certified": [
    true
  ],
  "collected_kg": [
    516.6324435318276
  ],
  "done": 162,
  "elapsed_seconds": 309.9239175679995,
  "group": "cluster_fleet_v1/clusters/family_0025",
  "slot": 1,
  "total": 805
}
{
  "certified": [
    true
  ],
  "collected_kg": [
    411.088295687885
  ],
  "done": 163,
  "elapsed_seconds": 315.1937038010001,
  "group": "cluster_fleet_v1/clusters/family_0025",
  "slot": 2,
  "total": 805
}
{
  "certified": [
    true
  ],
  "collected_kg": [
    365.8316221765914
  ],
  "done": 164,
  "elapsed_seconds": 318.0841154289992,
  "group": "cluster_fleet_v1/clusters/family_0025",
  "slot": 3,
  "total": 805
}
{
  "certified": [
    true
  ],
  "collected_kg": [
    411.49897330595485
  ],
  "done": 165,
  "elapsed_seconds": 318.36833326300075,
  "group": "cluster_fleet_v1/clusters/family_0026",
  "slot": 1,
  "total": 805
}
{
  "certified": [
    true
  ],
  "collected_kg": [
    281.3141683778234
  ],
  "done": 166,
  "elapsed_seconds": 318.36860560899913,
  "group": "cluster_fleet_v1/clusters/family_0026",
  "slot": 2,
  "total": 805
}
{
  "certified": [
    true
  ],
  "collected_kg": [
    455.03080082135523
  ],
  "done": 167,
  "elapsed_seconds": 322.48907994599904,
  "group": "cluster_fleet_v1/clusters/family_0027",
  "slot": 1,
  "total": 805
}
{
  "certified": [
    true
  ],
  "collected_kg": [
    439.7535934291581
  ],
  "done": 168,
  "elapsed_seconds": 331.3726678139992,
  "group": "cluster_fleet_v1/clusters/family_0027",
  "slot": 2,
  "total": 805
}
{
  "certified": [
    true
  ],
  "collected_kg": [
    181.6290212183436
  ],
  "done": 169,
  "elapsed_seconds": 331.37280510799974,
  "group": "cluster_fleet_v1/clusters/family_0027",
  "slot": 3,
  "total": 805
}
{
  "certified": [
    true
  ],
  "collected_kg": [
    403.6960985626283
  ],
  "done": 170,
  "elapsed_seconds": 331.3728465059994,
  "group": "cluster_fleet_v1/clusters/family_0030",
  "slot": 1,
  "total": 805
}
{
  "certified": [
    true
  ],
  "collected_kg": [
    164.9281314168378
  ],
  "done": 171,
  "elapsed_seconds": 331.37288651900053,
  "group": "cluster_fleet_v1/clusters/family_0030",
  "slot": 3,
  "total": 805
}
{
  "certified": [
    true
  ],
  "collected_kg": [
    296.8377823408624
  ],
  "done": 172,
  "elapsed_seconds": 331.37291337199895,
  "group": "cluster_fleet_v1/clusters/family_0031",
  "slot": 1,
  "total": 805
}
{
  "certified": [
    true
  ],
  "collected_kg": [
    253.19644079397673
  ],
  "done": 173,
  "elapsed_seconds": 335.88978882800075,
  "group": "cluster_fleet_v1/clusters/family_0032",
  "slot": 1,
  "total": 805
}
{
  "certified": [
    true
  ],
  "collected_kg": [
    438.60369609856264
  ],
  "done": 174,
  "elapsed_seconds": 335.8899029580007,
  "group": "cluster_fleet_v1/clusters/family_0033",
  "slot": 1,
  "total": 805
}
{
  "certified": [
    true
  ],
  "collected_kg": [
    528.5420944558522
  ],
  "done": 175,
  "elapsed_seconds": 335.8899409299993,
  "group": "cluster_fleet_v1/clusters/family_0033",
  "slot": 2,
  "total": 805
}
{
  "certified": [
    true
  ],
  "collected_kg": [
    338.80903490759755
  ],
  "done": 176,
  "elapsed_seconds": 335.8899697939996,
  "group": "cluster_fleet_v1/clusters/family_0033",
  "slot": 3,
  "total": 805
}
{
  "certified": [
    true
  ],
  "collected_kg": [
    174.2368240930869
  ],
  "done": 177,
  "elapsed_seconds": 335.88999503800005,
  "group": "cluster_fleet_v1/clusters/family_0034",
  "slot": 1,
  "total": 805
}
{
  "certified": [
    true
  ],
  "collected_kg": [
    94.92128678986995
  ],
  "done": 178,
  "elapsed_seconds": 335.89001900400035,
  "group": "cluster_fleet_v1/clusters/family_0034",
  "slot": 2,
  "total": 805
}
{
  "certified": [
    true
  ],
  "collected_kg": [
    416.0164271047228
  ],
  "done": 179,
  "elapsed_seconds": 335.89004324800044,
  "group": "cluster_fleet_v1/clusters/family_0034",
  "slot": 3,
  "total": 805
}
{
  "certified": [
    true
  ],
  "collected_kg": [
    404.435318275154
  ],
  "done": 180,
  "elapsed_seconds": 335.8900677370002,
  "group": "cluster_fleet_v1/clusters/family_0036",
  "slot": 1,
  "total": 805
}
{
  "certified": [
    true
  ],
  "collected_kg": [
    455.2772073921971
  ],
  "done": 181,
  "elapsed_seconds": 347.40763587499896,
  "group": "cluster_fleet_v1/clusters/family_0036",
  "slot": 2,
  "total": 805
}
{
  "certified": [
    true
  ],
  "collected_kg": [
    140.28747433264886
  ],
  "done": 182,
  "elapsed_seconds": 367.9978171139992,
  "group": "cluster_fleet_v1/clusters/family_0038",
  "slot": 1,
  "total": 805
}
{
  "certified": [
    true
  ],
  "collected_kg": [
    253.9356605065024
  ],
  "done": 183,
  "elapsed_seconds": 367.999788146999,
  "group": "cluster_fleet_v1/clusters/family_0038",
  "slot": 2,
  "total": 805
}
{
  "certified": [
    true
  ],
  "collected_kg": [
    244.435318275154
  ],
  "done": 184,
  "elapsed_seconds": 367.99990238899954,
  "group": "cluster_fleet_v1/clusters/family_0038",
  "slot": 3,
  "total": 805
}
{
  "certified": [
    true
  ],
  "collected_kg": [
    313.347022587269
  ],
  "done": 185,
  "elapsed_seconds": 367.99994689199957,
  "group": "cluster_fleet_v1/clusters/family_0043",
  "slot": 1,
  "total": 805
}
{
  "certified": [
    true
  ],
  "collected_kg": [
    210.26694045174537
  ],
  "done": 186,
  "elapsed_seconds": 367.99998296299964,
  "group": "cluster_fleet_v1/clusters/family_0043",
  "slot": 2,
  "total": 805
}
{
  "certified": [
    true
  ],
  "collected_kg": [
    453.7713894592745
  ],
  "done": 187,
  "elapsed_seconds": 368.0000335019995,
  "group": "cluster_fleet_v1/clusters/family_0045",
  "slot": 1,
  "total": 805
}
{
  "certified": [
    true
  ],
  "collected_kg": [
    449.60985626283366
  ],
  "done": 188,
  "elapsed_seconds": 368.00023022999994,
  "group": "cluster_fleet_v1/clusters/family_0045",
  "slot": 2,
  "total": 805
}
{
  "certified": [
    true
  ],
  "collected_kg": [
    462.94318959616703
  ],
  "done": 189,
  "elapsed_seconds": 368.0002717919997,
  "group": "cluster_fleet_v1/clusters/family_0045",
  "slot": 3,
  "total": 805
}
{
  "certified": [
    true
  ],
  "collected_kg": [
    292.40246406570844
  ],
  "done": 190,
  "elapsed_seconds": 368.00030538899955,
  "group": "cluster_fleet_v1/clusters/family_0046",
  "slot": 1,
  "total": 805
}
{
  "certified": [
    true
  ],
  "collected_kg": [
    354.8254620123203
  ],
  "done": 191,
  "elapsed_seconds": 368.00033802100006,
  "group": "cluster_fleet_v1/clusters/family_0046",
  "slot": 2,
  "total": 805
}
{
  "certified": [
    true
  ],
  "collected_kg": [
    438.1930184804928
  ],
  "done": 192,
  "elapsed_seconds": 368.000365459,
  "group": "cluster_fleet_v1/clusters/family_0046",
  "slot": 3,
  "total": 805
}
{
  "certified": [
    true
  ],
  "collected_kg": [
    463.21697467488025
  ],
  "done": 193,
  "elapsed_seconds": 368.00040505700053,
  "group": "cluster_fleet_v1/clusters/family_0047",
  "slot": 1,
  "total": 805
}
{
  "certified": [
    true
  ],
  "collected_kg": [
    160.73921971252568
  ],
  "done": 194,
  "elapsed_seconds": 368.00043906300016,
  "group": "cluster_fleet_v1/clusters/family_0047",
  "slot": 2,
  "total": 805
}
{
  "certified": [
    true
  ],
  "collected_kg": [
    415.9342915811088
  ],
  "done": 195,
  "elapsed_seconds": 381.6574501640007,
  "group": "cluster_fleet_v1/clusters/family_0047",
  "slot": 3,
  "total": 805
}
{
  "certified": [
    true
  ],
  "collected_kg": [
    420.50650239561946
  ],
  "done": 196,
  "elapsed_seconds": 381.6577009419998,
  "group": "cluster_fleet_v1/clusters/family_0049",
  "slot": 2,
  "total": 805
}
{
  "certified": [
    true
  ],
  "collected_kg": [
    111.75906913073237
  ],
  "done": 197,
  "elapsed_seconds": 381.65785767499983,
  "group": "cluster_fleet_v1/clusters/family_0049",
  "slot": 3,
  "total": 805
}
{
  "certified": [
    true
  ],
  "collected_kg": [
    420.12320328542097
  ],
  "done": 198,
  "elapsed_seconds": 381.65790070299954,
  "group": "cluster_fleet_v1/clusters/family_0051",
  "slot": 1,
  "total": 805
}
{
  "certified": [
    true
  ],
  "collected_kg": [
    412.73100616016427
  ],
  "done": 199,
  "elapsed_seconds": 381.65793654700065,
  "group": "cluster_fleet_v1/clusters/family_0051",
  "slot": 2,
  "total": 805
}
{
  "certified": [
    true
  ],
  "collected_kg": [
    501.43737166324433
  ],
  "done": 200,
  "elapsed_seconds": 381.6579684980006,
  "group": "cluster_fleet_v1/clusters/family_0065",
  "slot": 1,
  "total": 805
}
{
  "certified": [
    true
  ],
  "collected_kg": [
    507.84394250513344
  ],
  "done": 201,
  "elapsed_seconds": 381.6580006029999,
  "group": "cluster_fleet_v1/clusters/family_0065",
  "slot": 2,
  "total": 805
}
{
  "certified": [
    true
  ],
  "collected_kg": [
    468.993839835729
  ],
  "done": 202,
  "elapsed_seconds": 381.6580416430006,
  "group": "cluster_fleet_v1/clusters/family_0065",
  "slot": 3,
  "total": 805
}
{
  "certified": [
    true
  ],
  "collected_kg": [
    397.9466119096509
  ],
  "done": 203,
  "elapsed_seconds": 393.25138793299993,
  "group": "cluster_fleet_v1/clusters/family_0069",
  "slot": 1,
  "total": 805
}
{
  "certified": [
    true
  ],
  "collected_kg": [
    358.11088295687887
  ],
  "done": 204,
  "elapsed_seconds": 393.2516459489998,
  "group": "cluster_fleet_v1/clusters/family_0069",
  "slot": 2,
  "total": 805
}
{
  "certified": [
    true
  ],
  "collected_kg": [
    427.92607802874744
  ],
  "done": 205,
  "elapsed_seconds": 393.25277473499955,
  "group": "cluster_fleet_v1/clusters/family_0069",
  "slot": 3,
  "total": 805
}
{
  "certified": [
    true
  ],
  "collected_kg": [
    409.4455852156058
  ],
  "done": 206,
  "elapsed_seconds": 393.2528510869997,
  "group": "cluster_fleet_v1/clusters/family_0080",
  "slot": 2,
  "total": 805
}
{
  "certified": [
    true
  ],
  "collected_kg": [
    122.79260780287476
  ],
  "done": 207,
  "elapsed_seconds": 393.2528834700006,
  "group": "cluster_fleet_v1/clusters/family_0080",
  "slot": 3,
  "total": 805
}
{
  "certified": [
    true
  ],
  "collected_kg": [
    321.5605749486653
  ],
  "done": 208,
  "elapsed_seconds": 393.2529167419998,
  "group": "cluster_fleet_v1/clusters/family_0083",
  "slot": 1,
  "total": 805
}
{
  "certified": [
    true
  ],
  "collected_kg": [
    424.1478439425051
  ],
  "done": 209,
  "elapsed_seconds": 393.25294231299995,
  "group": "cluster_fleet_v1/clusters/family_0091",
  "slot": 1,
  "total": 805
}
{
  "certified": [
    true
  ],
  "collected_kg": [
    307.1868583162218
  ],
  "done": 210,
  "elapsed_seconds": 393.25297394100016,
  "group": "cluster_fleet_v1/clusters/family_0092",
  "slot": 2,
  "total": 805
}
{
  "certified": [
    true
  ],
  "collected_kg": [
    343.65503080082135
  ],
  "done": 211,
  "elapsed_seconds": 395.02132071099913,
  "group": "cluster_fleet_v1/clusters/family_0100",
  "slot": 1,
  "total": 805
}
{
  "certified": [
    true
  ],
  "collected_kg": [
    291.3073237508556
  ],
  "done": 212,
  "elapsed_seconds": 395.0214468609993,
  "group": "cluster_fleet_v1/clusters/family_0102",
  "slot": 1,
  "total": 805
}
{
  "certified": [
    true
  ],
  "collected_kg": [
    98.7542778918549
  ],
  "done": 213,
  "elapsed_seconds": 395.0214979230004,
  "group": "cluster_fleet_v1/clusters/family_0111",
  "slot": 1,
  "total": 805
}
{
  "certified": [
    true
  ],
  "collected_kg": [
    100.94455852156058
  ],
  "done": 214,
  "elapsed_seconds": 395.02152562399897,
  "group": "cluster_fleet_v1/clusters/family_0111",
  "slot": 3,
  "total": 805
}
{
  "certified": [
    true
  ],
  "collected_kg": [
    360.08213552361394
  ],
  "done": 215,
  "elapsed_seconds": 395.02155794899954,
  "group": "cluster_fleet_v1/clusters/family_0112",
  "slot": 1,
  "total": 805
}
{
  "certified": [
    true
  ],
  "collected_kg": [
    415.19507186858317
  ],
  "done": 216,
  "elapsed_seconds": 398.3034926950004,
  "group": "cluster_fleet_v1/clusters/family_0112",
  "slot": 2,
  "total": 805
}
{
  "certified": [
    true
  ],
  "collected_kg": [
    306.77618069815196
  ],
  "done": 217,
  "elapsed_seconds": 399.8230271699995,
  "group": "cluster_fleet_v1/clusters/family_0112",
  "slot": 3,
  "total": 805
}
{
  "certified": [
    true
  ],
  "collected_kg": [
    421.3552361396304
  ],
  "done": 218,
  "elapsed_seconds": 405.2317891999992,
  "group": "cluster_fleet_v1/clusters/family_0114",
  "slot": 1,
  "total": 805
}
{
  "certified": [
    true
  ],
  "collected_kg": [
    216.50924024640656
  ],
  "done": 219,
  "elapsed_seconds": 405.231915761,
  "group": "cluster_fleet_v1/clusters/family_0114",
  "slot": 2,
  "total": 805
}
{
  "certified": [
    true
  ],
  "collected_kg": [
    394.90759753593426
  ],
  "done": 220,
  "elapsed_seconds": 405.2319669490007,
  "group": "cluster_fleet_v1/clusters/family_0121",
  "slot": 1,
  "total": 805
}
{
  "certified": [
    true
  ],
  "collected_kg": [
    430.39014373716634
  ],
  "done": 221,
  "elapsed_seconds": 405.2320044419994,
  "group": "cluster_fleet_v1/clusters/family_0121",
  "slot": 2,
  "total": 805
}
{
  "certified": [
    true
  ],
  "collected_kg": [
    171.82751540041068
  ],
  "done": 222,
  "elapsed_seconds": 405.2320344809996,
  "group": "cluster_fleet_v1/clusters/family_0121",
  "slot": 3,
  "total": 805
}
{
  "certified": [
    true
  ],
  "collected_kg": [
    458.3162217659137
  ],
  "done": 223,
  "elapsed_seconds": 411.66133447599896,
  "group": "cluster_fleet_v1/clusters/family_0122",
  "slot": 1,
  "total": 805
}
{
  "certified": [
    true
  ],
  "collected_kg": [
    373.7166324435318
  ],
  "done": 224,
  "elapsed_seconds": 411.66161086399916,
  "group": "cluster_fleet_v1/clusters/family_0122",
  "slot": 2,
  "total": 805
}
{
  "certified": [
    true
  ],
  "collected_kg": [
    363.3675564681725
  ],
  "done": 225,
  "elapsed_seconds": 411.6617008920002,
  "group": "cluster_fleet_v1/clusters/family_0135",
  "slot": 1,
  "total": 805
}
{
  "certified": [
    true
  ],
  "collected_kg": [
    394.2505133470226
  ],
  "done": 226,
  "elapsed_seconds": 411.6617533560002,
  "group": "cluster_fleet_v1/clusters/family_0135",
  "slot": 2,
  "total": 805
}
{
  "certified": [
    true
  ],
  "collected_kg": [
    170.4312114989733
  ],
  "done": 227,
  "elapsed_seconds": 411.6617914039998,
  "group": "cluster_fleet_v1/clusters/family_0135",
  "slot": 3,
  "total": 805
}
{
  "certified": [
    true
  ],
  "collected_kg": [
    346.11909650924025
  ],
  "done": 228,
  "elapsed_seconds": 411.6618274190005,
  "group": "cluster_fleet_v1/clusters/family_0160",
  "slot": 1,
  "total": 805
}
{
  "certified": [
    true
  ],
  "collected_kg": [
    336.34496919917865
  ],
  "done": 229,
  "elapsed_seconds": 427.7401396229998,
  "group": "cluster_fleet_v1/clusters/family_0160",
  "slot": 2,
  "total": 805
}
{
  "certified": [
    true
  ],
  "collected_kg": [
    210.02053388090349
  ],
  "done": 230,
  "elapsed_seconds": 427.7402732449991,
  "group": "cluster_fleet_v1/clusters/family_0160",
  "slot": 3,
  "total": 805
}
{
  "certified": [
    true
  ],
  "collected_kg": [
    350.71868583162217
  ],
  "done": 231,
  "elapsed_seconds": 427.7403184630002,
  "group": "cluster_fleet_v1/clusters/family_0164",
  "slot": 1,
  "total": 805
}
{
  "certified": [
    true
  ],
  "collected_kg": [
    439.01437371663246
  ],
  "done": 232,
  "elapsed_seconds": 427.7403492020003,
  "group": "cluster_fleet_v1/clusters/family_0164",
  "slot": 2,
  "total": 805
}
{
  "certified": [
    true
  ],
  "collected_kg": [
    458.72689938398355
  ],
  "done": 233,
  "elapsed_seconds": 427.740375587,
  "group": "cluster_fleet_v1/clusters/family_0169",
  "slot": 1,
  "total": 805
}
{
  "certified": [
    true
  ],
  "collected_kg": [
    445.1745379876797
  ],
  "done": 234,
  "elapsed_seconds": 435.54179713399935,
  "group": "cluster_fleet_v1/clusters/family_0169",
  "slot": 2,
  "total": 805
}
{
  "certified": [
    true
  ],
  "collected_kg": [
    326.8993839835729
  ],
  "done": 235,
  "elapsed_seconds": 435.54194162299973,
  "group": "cluster_fleet_v1/clusters/family_0170",
  "slot": 1,
  "total": 805
}
{
  "certified": [
    true
  ],
  "collected_kg": [
    96.4271047227926
  ],
  "done": 236,
  "elapsed_seconds": 435.5419873939991,
  "group": "cluster_fleet_v1/clusters/family_0170",
  "slot": 2,
  "total": 805
}
{
  "certified": [
    true
  ],
  "collected_kg": [
    406.1601642710472
  ],
  "done": 237,
  "elapsed_seconds": 435.5420203699996,
  "group": "cluster_fleet_v1/clusters/family_0178",
  "slot": 2,
  "total": 805
}
{
  "certified": [
    true
  ],
  "collected_kg": [
    398.35728952772075
  ],
  "done": 238,
  "elapsed_seconds": 435.5420470989993,
  "group": "cluster_fleet_v1/clusters/family_0178",
  "slot": 3,
  "total": 805
}
{
  "certified": [
    true
  ],
  "collected_kg": [
    432.6899383983573
  ],
  "done": 239,
  "elapsed_seconds": 438.1341823139992,
  "group": "cluster_fleet_v1/clusters/family_0183",
  "slot": 1,
  "total": 805
}
{
  "certified": [
    true
  ],
  "collected_kg": [
    455.03080082135523
  ],
  "done": 240,
  "elapsed_seconds": 438.1342909590003,
  "group": "cluster_fleet_v1/clusters/family_0183",
  "slot": 2,
  "total": 805
}
{
  "certified": [
    true
  ],
  "collected_kg": [
    190.93771389459275
  ],
  "done": 241,
  "elapsed_seconds": 438.13433202600027,
  "group": "cluster_fleet_v1/clusters/family_0185",
  "slot": 2,
  "total": 805
}
{
  "certified": [
    true
  ],
  "collected_kg": [
    399.5893223819302
  ],
  "done": 242,
  "elapsed_seconds": 438.1343657889993,
  "group": "cluster_fleet_v1/clusters/family_0185",
  "slot": 3,
  "total": 805
}
{
  "certified": [
    true
  ],
  "collected_kg": [
    287.61122518822725
  ],
  "done": 243,
  "elapsed_seconds": 440.87426174699976,
  "group": "cluster_fleet_v1/clusters/family_0203",
  "slot": 1,
  "total": 805
}
{
  "certified": [
    true
  ],
  "collected_kg": [
    362.5462012320329
  ],
  "done": 244,
  "elapsed_seconds": 442.1218144630002,
  "group": "cluster_fleet_v1/clusters/family_0203",
  "slot": 2,
  "total": 805
}
{
  "certified": [
    true
  ],
  "collected_kg": [
    196.4681724845996
  ],
  "done": 245,
  "elapsed_seconds": 442.1220901409997,
  "group": "cluster_fleet_v1/clusters/family_0203",
  "slot": 3,
  "total": 805
}
{
  "certified": [
    true
  ],
  "collected_kg": [
    353.18275154004107
  ],
  "done": 246,
  "elapsed_seconds": 442.12230661399917,
  "group": "cluster_fleet_v1/clusters/family_0219",
  "slot": 1,
  "total": 805
}
{
  "certified": [
    true
  ],
  "collected_kg": [
    100.80766598220397
  ],
  "done": 247,
  "elapsed_seconds": 442.1223470339992,
  "group": "cluster_fleet_v1/clusters/family_0219",
  "slot": 2,
  "total": 805
}
{
  "certified": [
    true
  ],
  "collected_kg": [
    428.74743326488704
  ],
  "done": 248,
  "elapsed_seconds": 442.1223794969992,
  "group": "cluster_fleet_v1/clusters/family_0252",
  "slot": 1,
  "total": 805
}
{
  "certified": [
    true
  ],
  "collected_kg": [
    328.5420944558522
  ],
  "done": 249,
  "elapsed_seconds": 459.2008979679995,
  "group": "cluster_fleet_v1/clusters/family_0252",
  "slot": 3,
  "total": 805
}
{
  "certified": [
    true
  ],
  "collected_kg": [
    115.1813826146475
  ],
  "done": 250,
  "elapsed_seconds": 459.2011854480006,
  "group": "cluster_fleet_v1/clusters/family_0253",
  "slot": 3,
  "total": 805
}
{
  "certified": [
    true
  ],
  "collected_kg": [
    327.22792607802876
  ],
  "done": 251,
  "elapsed_seconds": 459.20136152899977,
  "group": "cluster_fleet_v1/clusters/family_0256",
  "slot": 1,
  "total": 805
}
{
  "certified": [
    true
  ],
  "collected_kg": [
    323.6139630390144
  ],
  "done": 252,
  "elapsed_seconds": 459.20145767400027,
  "group": "cluster_fleet_v1/clusters/family_0256",
  "slot": 2,
  "total": 805
}
{
  "certified": [
    true
  ],
  "collected_kg": [
    337.57700205338807
  ],
  "done": 253,
  "elapsed_seconds": 459.2014969440006,
  "group": "cluster_fleet_v1/clusters/family_0272",
  "slot": 1,
  "total": 805
}
{
  "certified": [
    true
  ],
  "collected_kg": [
    460.7802874743327
  ],
  "done": 254,
  "elapsed_seconds": 459.20152667100047,
  "group": "cluster_fleet_v1/clusters/family_0272",
  "slot": 2,
  "total": 805
}
{
  "certified": [
    true
  ],
  "collected_kg": [
    110.80082135523614
  ],
  "done": 255,
  "elapsed_seconds": 459.2015600089999,
  "group": "cluster_fleet_v1/clusters/family_0291",
  "slot": 3,
  "total": 805
}
{
  "certified": [
    true
  ],
  "collected_kg": [
    332.6488706365503
  ],
  "done": 256,
  "elapsed_seconds": 471.97939639799915,
  "group": "cluster_fleet_v1/clusters/family_0293",
  "slot": 1,
  "total": 805
}
{
  "certified": [
    true
  ],
  "collected_kg": [
    327.3100616016427
  ],
  "done": 257,
  "elapsed_seconds": 471.97962566500064,
  "group": "cluster_fleet_v1/clusters/family_0293",
  "slot": 2,
  "total": 805
}
{
  "certified": [
    true
  ],
  "collected_kg": [
    288.2956878850103
  ],
  "done": 258,
  "elapsed_seconds": 471.97970894399987,
  "group": "cluster_fleet_v1/clusters/family_0293",
  "slot": 3,
  "total": 805
}
{
  "certified": [
    true
  ],
  "collected_kg": [
    316.22176591375774
  ],
  "done": 259,
  "elapsed_seconds": 471.9797613749997,
  "group": "cluster_fleet_v1/clusters/family_0294",
  "slot": 1,
  "total": 805
}
{
  "certified": [
    true
  ],
  "collected_kg": [
    240.41067761806983
  ],
  "done": 260,
  "elapsed_seconds": 471.97979354199924,
  "group": "cluster_fleet_v1/clusters/family_0294",
  "slot": 3,
  "total": 805
}
{
  "certified": [
    true
  ],
  "collected_kg": [
    196.13963039014374
  ],
  "done": 261,
  "elapsed_seconds": 471.97982443900037,
  "group": "cluster_fleet_v1/clusters/family_0328",
  "slot": 2,
  "total": 805
}
{
  "certified": [
    true
  ],
  "collected_kg": [
    461.57426420260094
  ],
  "done": 262,
  "elapsed_seconds": 475.6946183990003,
  "group": "cluster_fleet_v1/clusters/family_0328",
  "slot": 3,
  "total": 805
}
{
  "certified": [
    true
  ],
  "collected_kg": [
    103.54551676933607
  ],
  "done": 263,
  "elapsed_seconds": 475.69778276099896,
  "group": "cluster_fleet_v1/clusters/family_0349",
  "slot": 1,
  "total": 805
}
{
  "certified": [
    true
  ],
  "collected_kg": [
    236.7693360711841
  ],
  "done": 264,
  "elapsed_seconds": 475.6978644409992,
  "group": "cluster_fleet_v1/clusters/family_0358",
  "slot": 2,
  "total": 805
}
{
  "certified": [
    true
  ],
  "collected_kg": [
    183.68240930869268
  ],
  "done": 265,
  "elapsed_seconds": 475.69789904199934,
  "group": "cluster_fleet_v1/clusters/family_0373",
  "slot": 2,
  "total": 805
}
{
  "certified": [
    true
  ],
  "collected_kg": [
    332.15605749486656
  ],
  "done": 266,
  "elapsed_seconds": 476.73422151200066,
  "group": "cluster_fleet_v1/clusters/family_0373",
  "slot": 3,
  "total": 805
}
{
  "certified": [
    true
  ],
  "collected_kg": [
    465.13347022587266
  ],
  "done": 267,
  "elapsed_seconds": 476.7344770039999,
  "group": "cluster_fleet_v2_deep/clusters/family_0000",
  "slot": 1,
  "total": 805
}
{
  "certified": [
    true
  ],
  "collected_kg": [
    302.3956194387406
  ],
  "done": 268,
  "elapsed_seconds": 476.7345282799997,
  "group": "cluster_fleet_v2_deep/clusters/family_0000",
  "slot": 3,
  "total": 805
}
{
  "certified": [
    true
  ],
  "collected_kg": [
    486.24229979466116
  ],
  "done": 269,
  "elapsed_seconds": 477.60846676800065,
  "group": "cluster_fleet_v2_deep/clusters/family_0001",
  "slot": 1,
  "total": 805
}
{
  "certified": [
    true
  ],
  "collected_kg": [
    402.8747433264887
  ],
  "done": 270,
  "elapsed_seconds": 492.2243180610003,
  "group": "cluster_fleet_v2_deep/clusters/family_0015",
  "slot": 1,
  "total": 805
}
{
  "certified": [
    true
  ],
  "collected_kg": [
    498.56262833675567
  ],
  "done": 271,
  "elapsed_seconds": 492.22444097100015,
  "group": "cluster_fleet_v2_deep/clusters/family_0015",
  "slot": 2,
  "total": 805
}
{
  "certified": [
    true
  ],
  "collected_kg": [
    530.5954825462012
  ],
  "done": 272,
  "elapsed_seconds": 492.22447868999916,
  "group": "cluster_fleet_v2_deep/clusters/family_0015",
  "slot": 3,
  "total": 805
}
{
  "certified": [
    true
  ],
  "collected_kg": [
    192.1971252566735
  ],
  "done": 273,
  "elapsed_seconds": 492.2245074000002,
  "group": "cluster_fleet_v2_deep/clusters/family_0015",
  "slot": 4,
  "total": 805
}
{
  "certified": [
    true
  ],
  "collected_kg": [
    423.40862422997947
  ],
  "done": 274,
  "elapsed_seconds": 494.1236263739993,
  "group": "cluster_fleet_v3_repair/clusters/family_0003",
  "slot": 1,
  "total": 805
}
{
  "certified": [
    true
  ],
  "collected_kg": [
    322.29979466119096
  ],
  "done": 275,
  "elapsed_seconds": 494.1239480719996,
  "group": "cluster_fleet_v3_repair/clusters/family_0003",
  "slot": 2,
  "total": 805
}
{
  "certified": [
    true
  ],
  "collected_kg": [
    379.98631074606436
  ],
  "done": 276,
  "elapsed_seconds": 494.1241513210007,
  "group": "cluster_fleet_v3_repair/clusters/family_0003",
  "slot": 3,
  "total": 805
}
{
  "certified": [
    true
  ],
  "collected_kg": [
    353.5112936344969
  ],
  "done": 277,
  "elapsed_seconds": 494.1242035849991,
  "group": "cluster_fleet_v3_repair/clusters/family_0003",
  "slot": 4,
  "total": 805
}
{
  "certified": [
    true
  ],
  "collected_kg": [
    296.09856262833677
  ],
  "done": 278,
  "elapsed_seconds": 494.1242404280001,
  "group": "cluster_fleet_v3_repair/clusters/family_0007",
  "slot": 1,
  "total": 805
}
{
  "certified": [
    true
  ],
  "collected_kg": [
    498.15195071868584
  ],
  "done": 279,
  "elapsed_seconds": 495.2513387199997,
  "group": "cluster_fleet_v3_repair/clusters/family_0007",
  "slot": 2,
  "total": 805
}
{
  "certified": [
    true
  ],
  "collected_kg": [
    416.01642710472277
  ],
  "done": 280,
  "elapsed_seconds": 501.4630469040003,
  "group": "cluster_fleet_v3_repair/clusters/family_0007",
  "slot": 3,
  "total": 805
}
{
  "certified": [
    true
  ],
  "collected_kg": [
    293.08692676249143
  ],
  "done": 281,
  "elapsed_seconds": 501.4633458640001,
  "group": "cluster_fleet_v3_repair/clusters/family_0007",
  "slot": 4,
  "total": 805
}
{
  "certified": [
    true
  ],
  "collected_kg": [
    309.24024640657086
  ],
  "done": 282,
  "elapsed_seconds": 501.463539811999,
  "group": "cluster_fleet_v3_repair/clusters/family_0019",
  "slot": 1,
  "total": 805
}
{
  "certified": [
    true
  ],
  "collected_kg": [
    394.1683778234086
  ],
  "done": 283,
  "elapsed_seconds": 501.46358428200074,
  "group": "cluster_fleet_v3_repair/clusters/family_0019",
  "slot": 2,
  "total": 805
}
{
  "certified": [
    true
  ],
  "collected_kg": [
    393.8398357289528
  ],
  "done": 284,
  "elapsed_seconds": 501.4636175380001,
  "group": "cluster_fleet_v3_repair/clusters/family_0019",
  "slot": 3,
  "total": 805
}
{
  "certified": [
    true
  ],
  "collected_kg": [
    374.0451745379877
  ],
  "done": 285,
  "elapsed_seconds": 509.62848414399923,
  "group": "cluster_fleet_v3_repair/clusters/family_0019",
  "slot": 4,
  "total": 805
}
{
  "certified": [
    true
  ],
  "collected_kg": [
    516.6324435318276
  ],
  "done": 286,
  "elapsed_seconds": 509.62862209599916,
  "group": "cluster_fleet_v3_repair/clusters/family_0025",
  "slot": 1,
  "total": 805
}
{
  "certified": [
    true
  ],
  "collected_kg": [
    400.3285420944558
  ],
  "done": 287,
  "elapsed_seconds": 509.6286770930001,
  "group": "cluster_fleet_v3_repair/clusters/family_0025",
  "slot": 2,
  "total": 805
}
{
  "certified": [
    true
  ],
  "collected_kg": [
    437.3716632443532
  ],
  "done": 288,
  "elapsed_seconds": 509.8443811800007,
  "group": "cluster_fleet_v3_repair/clusters/family_0025",
  "slot": 3,
  "total": 805
}
{
  "certified": [
    true
  ],
  "collected_kg": [
    314.71594798083504
  ],
  "done": 289,
  "elapsed_seconds": 509.84449219199996,
  "group": "cluster_fleet_v3_repair/clusters/family_0025",
  "slot": 4,
  "total": 805
}
{
  "certified": [
    true
  ],
  "collected_kg": [
    425.87268993839837
  ],
  "done": 290,
  "elapsed_seconds": 534.6377881930002,
  "group": "cluster_fleet_v3_repair/clusters/family_0066",
  "slot": 1,
  "total": 805
}
{
  "certified": [
    true
  ],
  "collected_kg": [
    417.65913757700207
  ],
  "done": 291,
  "elapsed_seconds": 534.6379137029999,
  "group": "cluster_fleet_v3_repair/clusters/family_0066",
  "slot": 2,
  "total": 805
}
{
  "certified": [
    true
  ],
  "collected_kg": [
    363.03901437371667
  ],
  "done": 292,
  "elapsed_seconds": 534.6379583950002,
  "group": "cluster_fleet_v3_repair/clusters/family_0066",
  "slot": 3,
  "total": 805
}
{
  "certified": [
    true
  ],
  "collected_kg": [
    314.71594798083504
  ],
  "done": 293,
  "elapsed_seconds": 534.637993888,
  "group": "cluster_fleet_v3_repair/clusters/family_0138",
  "slot": 1,
  "total": 805
}
{
  "certified": [
    true
  ],
  "collected_kg": [
    168.4873374401095
  ],
  "done": 294,
  "elapsed_seconds": 534.6380270169993,
  "group": "cluster_fleet_v3_repair/clusters/family_0138",
  "slot": 2,
  "total": 805
}
{
  "certified": [
    true
  ],
  "collected_kg": [
    342.6420260095825
  ],
  "done": 295,
  "elapsed_seconds": 534.6380569819994,
  "group": "cluster_fleet_v3_repair/clusters/family_0371",
  "slot": 1,
  "total": 805
}
{
  "certified": [
    true
  ],
  "collected_kg": [
    161.23203285420945
  ],
  "done": 296,
  "elapsed_seconds": 534.6380940029994,
  "group": "cluster_fleet_v3_repair/clusters/family_0371",
  "slot": 2,
  "total": 805
}
{
  "certified": [
    true
  ],
  "collected_kg": [
    270.17111567419573
  ],
  "done": 297,
  "elapsed_seconds": 534.6381203879992,
  "group": "cluster_fleet_v4/clusters/family_0000",
  "slot": 1,
  "total": 805
}
{
  "certified": [
    true
  ],
  "collected_kg": [
    338.72689938398355
  ],
  "done": 298,
  "elapsed_seconds": 534.6381449119999,
  "group": "cluster_fleet_v4/clusters/family_0000",
  "slot": 2,
  "total": 805
}
{
  "certified": [
    true
  ],
  "collected_kg": [
    283.91512662559893
  ],
  "done": 299,
  "elapsed_seconds": 543.5106765870005,
  "group": "cluster_fleet_v4/clusters/family_0000",
  "slot": 3,
  "total": 805
}
{
  "certified": [
    true
  ],
  "collected_kg": [
    351.86858316221765
  ],
  "done": 300,
  "elapsed_seconds": 543.5108219430003,
  "group": "cluster_fleet_v4/clusters/family_0000",
  "slot": 4,
  "total": 805
}
{
  "certified": [
    true
  ],
  "collected_kg": [
    370.0205338809035
  ],
  "done": 301,
  "elapsed_seconds": 543.5108748080002,
  "group": "cluster_fleet_v4/clusters/family_0001",
  "slot": 1,
  "total": 805
}
{
  "certified": [
    true
  ],
  "collected_kg": [
    378.15195071868584
  ],
  "done": 302,
  "elapsed_seconds": 543.5109081409992,
  "group": "cluster_fleet_v4/clusters/family_0001",
  "slot": 2,
  "total": 805
}
{
  "certified": [
    true
  ],
  "collected_kg": [
    434.08624229979466
  ],
  "done": 303,
  "elapsed_seconds": 566.4423050149999,
  "group": "cluster_fleet_v4/clusters/family_0001",
  "slot": 3,
  "total": 805
}
{
  "certified": [
    true
  ],
  "collected_kg": [
    365.91375770020534
  ],
  "done": 304,
  "elapsed_seconds": 566.4427804740008,
  "group": "cluster_fleet_v4/clusters/family_0001",
  "slot": 4,
  "total": 805
}
{
  "certified": [
    true
  ],
  "collected_kg": [
    441.88911704312113
  ],
  "done": 305,
  "elapsed_seconds": 566.442858725999,
  "group": "cluster_fleet_v4/clusters/family_0002",
  "slot": 1,
  "total": 805
}
{
  "certified": [
    true
  ],
  "collected_kg": [
    428.33675564681727
  ],
  "done": 306,
  "elapsed_seconds": 566.4429063320003,
  "group": "cluster_fleet_v4/clusters/family_0002",
  "slot": 2,
  "total": 805
}
{
  "certified": [
    true
  ],
  "collected_kg": [
    482.95687885010267
  ],
  "done": 307,
  "elapsed_seconds": 566.4429568199994,
  "group": "cluster_fleet_v4/clusters/family_0002",
  "slot": 3,
  "total": 805
}
{
  "certified": [
    true
  ],
  "collected_kg": [
    374.53798767967146
  ],
  "done": 308,
  "elapsed_seconds": 566.4431081820003,
  "group": "cluster_fleet_v4/clusters/family_0002",
  "slot": 4,
  "total": 805
}
{
  "certified": [
    true
  ],
  "collected_kg": [
    505.1334702258727
  ],
  "done": 309,
  "elapsed_seconds": 566.4431475969996,
  "group": "cluster_fleet_v4/clusters/family_0003",
  "slot": 2,
  "total": 805
}
{
  "certified": [
    true
  ],
  "collected_kg": [
    461.19096509240245
  ],
  "done": 310,
  "elapsed_seconds": 566.4431873779995,
  "group": "cluster_fleet_v4/clusters/family_0003",
  "slot": 3,
  "total": 805
}
{
  "certified": [
    true
  ],
  "collected_kg": [
    412.1560574948665
  ],
  "done": 311,
  "elapsed_seconds": 566.4432242679995,
  "group": "cluster_fleet_v4/clusters/family_0003",
  "slot": 4,
  "total": 805
}
{
  "certified": [
    true
  ],
  "collected_kg": [
    453.388090349076
  ],
  "done": 312,
  "elapsed_seconds": 566.4432581260007,
  "group": "cluster_fleet_v4/clusters/family_0004",
  "slot": 2,
  "total": 805
}
{
  "certified": [
    true
  ],
  "collected_kg": [
    499.38398357289526
  ],
  "done": 313,
  "elapsed_seconds": 566.4432929739996,
  "group": "cluster_fleet_v4/clusters/family_0004",
  "slot": 3,
  "total": 805
}
{
  "certified": [
    true
  ],
  "collected_kg": [
    521.1498973305955
  ],
  "done": 314,
  "elapsed_seconds": 566.4433254680007,
  "group": "cluster_fleet_v4/clusters/family_0004",
  "slot": 4,
  "total": 805
}
{
  "certified": [
    true
  ],
  "collected_kg": [
    418.06981519507184
  ],
  "done": 315,
  "elapsed_seconds": 566.4433590730005,
  "group": "cluster_fleet_v4/clusters/family_0005",
  "slot": 1,
  "total": 805
}
{
  "certified": [
    true
  ],
  "collected_kg": [
    494.86652977412734
  ],
  "done": 316,
  "elapsed_seconds": 566.4433916020007,
  "group": "cluster_fleet_v4/clusters/family_0005",
  "slot": 2,
  "total": 805
}
{
  "certified": [
    true
  ],
  "collected_kg": [
    407.39219712525664
  ],
  "done": 317,
  "elapsed_seconds": 566.4434275040003,
  "group": "cluster_fleet_v4/clusters/family_0007",
  "slot": 1,
  "total": 805
}
{
  "certified": [
    true
  ],
  "collected_kg": [
    374.12731006160163
  ],
  "done": 318,
  "elapsed_seconds": 568.9279406850001,
  "group": "cluster_fleet_v4/clusters/family_0007",
  "slot": 2,
  "total": 805
}
{
  "certified": [
    true
  ],
  "collected_kg": [
    437.782340862423
  ],
  "done": 319,
  "elapsed_seconds": 568.9280810569999,
  "group": "cluster_fleet_v4/clusters/family_0007",
  "slot": 3,
  "total": 805
}
{
  "certified": [
    true
  ],
  "collected_kg": [
    413.5523613963039
  ],
  "done": 320,
  "elapsed_seconds": 568.9281319210004,
  "group": "cluster_fleet_v4/clusters/family_0007",
  "slot": 4,
  "total": 805
}
{
  "certified": [
    true
  ],
  "collected_kg": [
    397.5359342915811
  ],
  "done": 321,
  "elapsed_seconds": 573.8753299239997,
  "group": "cluster_fleet_v4/clusters/family_0008",
  "slot": 1,
  "total": 805
}
{
  "certified": [
    true
  ],
  "collected_kg": [
    363.36755646817244
  ],
  "done": 322,
  "elapsed_seconds": 573.8756016120005,
  "group": "cluster_fleet_v4/clusters/family_0008",
  "slot": 2,
  "total": 805
}
{
  "certified": [
    true
  ],
  "collected_kg": [
    297.05681040383297
  ],
  "done": 323,
  "elapsed_seconds": 578.6190600539994,
  "group": "cluster_fleet_v4/clusters/family_0008",
  "slot": 3,
  "total": 805
}
{
  "certified": [
    true
  ],
  "collected_kg": [
    337.90554414784395
  ],
  "done": 324,
  "elapsed_seconds": 584.5088936320008,
  "group": "cluster_fleet_v4/clusters/family_0008",
  "slot": 4,
  "total": 805
}
{
  "certified": [
    true
  ],
  "collected_kg": [
    493.22381930184804
  ],
  "done": 325,
  "elapsed_seconds": 584.5091875380003,
  "group": "cluster_fleet_v4/clusters/family_0009",
  "slot": 1,
  "total": 805
}
{
  "certified": [
    true
  ],
  "collected_kg": [
    404.9281314168378
  ],
  "done": 326,
  "elapsed_seconds": 584.5093715599996,
  "group": "cluster_fleet_v4/clusters/family_0009",
  "slot": 2,
  "total": 805
}
{
  "certified": [
    true
  ],
  "collected_kg": [
    445.01026694045174
  ],
  "done": 327,
  "elapsed_seconds": 584.5094370549996,
  "group": "cluster_fleet_v4/clusters/family_0009",
  "slot": 3,
  "total": 805
}
{
  "certified": [
    true
  ],
  "collected_kg": [
    453.388090349076
  ],
  "done": 328,
  "elapsed_seconds": 584.509487035999,
  "group": "cluster_fleet_v4/clusters/family_0009",
  "slot": 4,
  "total": 805
}
{
  "certified": [
    true
  ],
  "collected_kg": [
    400.0
  ],
  "done": 329,
  "elapsed_seconds": 584.5095232450003,
  "group": "cluster_fleet_v4/clusters/family_0010",
  "slot": 1,
  "total": 805
}
{
  "certified": [
    true
  ],
  "collected_kg": [
    334.7022587268994
  ],
  "done": 330,
  "elapsed_seconds": 594.6822006460006,
  "group": "cluster_fleet_v4/clusters/family_0010",
  "slot": 2,
  "total": 805
}
{
  "certified": [
    true
  ],
  "collected_kg": [
    383.9835728952772
  ],
  "done": 331,
  "elapsed_seconds": 596.0724480080007,
  "group": "cluster_fleet_v4/clusters/family_0010",
  "slot": 3,
  "total": 805
}
{
  "certified": [
    true
  ],
  "collected_kg": [
    432.0328542094456
  ],
  "done": 332,
  "elapsed_seconds": 596.0727010650007,
  "group": "cluster_fleet_v4/clusters/family_0010",
  "slot": 4,
  "total": 805
}
{
  "certified": [
    true
  ],
  "collected_kg": [
    361.8069815195072
  ],
  "done": 333,
  "elapsed_seconds": 596.0728339769994,
  "group": "cluster_fleet_v4/clusters/family_0011",
  "slot": 1,
  "total": 805
}
{
  "certified": [
    true
  ],
  "collected_kg": [
    388.5010266940452
  ],
  "done": 334,
  "elapsed_seconds": 596.4288433469992,
  "group": "cluster_fleet_v4/clusters/family_0011",
  "slot": 2,
  "total": 805
}
{
  "certified": [
    true
  ],
  "collected_kg": [
    481.64271047227925
  ],
  "done": 335,
  "elapsed_seconds": 596.4289556629992,
  "group": "cluster_fleet_v4/clusters/family_0011",
  "slot": 3,
  "total": 805
}
{
  "certified": [
    true
  ],
  "collected_kg": [
    392.11498973305953
  ],
  "done": 336,
  "elapsed_seconds": 596.4289977869994,
  "group": "cluster_fleet_v4/clusters/family_0011",
  "slot": 4,
  "total": 805
}
{
  "certified": [
    true
  ],
  "collected_kg": [
    421.7659137577002
  ],
  "done": 337,
  "elapsed_seconds": 601.4619396719991,
  "group": "cluster_fleet_v4/clusters/family_0013",
  "slot": 1,
  "total": 805
}
{
  "certified": [
    true
  ],
  "collected_kg": [
    342.9158110882957
  ],
  "done": 338,
  "elapsed_seconds": 601.4621824089991,
  "group": "cluster_fleet_v4/clusters/family_0013",
  "slot": 2,
  "total": 805
}
{
  "certified": [
    true
  ],
  "collected_kg": [
    299.38398357289526
  ],
  "done": 339,
  "elapsed_seconds": 601.4623344680003,
  "group": "cluster_fleet_v4/clusters/family_0015",
  "slot": 1,
  "total": 805
}
{
  "certified": [
    true
  ],
  "collected_kg": [
    395.7289527720739
  ],
  "done": 340,
  "elapsed_seconds": 601.4623744130004,
  "group": "cluster_fleet_v4/clusters/family_0015",
  "slot": 3,
  "total": 805
}
{
  "certified": [
    true
  ],
  "collected_kg": [
    382.258726899384
  ],
  "done": 341,
  "elapsed_seconds": 601.9358931520001,
  "group": "cluster_fleet_v4/clusters/family_0016",
  "slot": 1,
  "total": 805
}
{
  "certified": [
    true
  ],
  "collected_kg": [
    463.2443531827515
  ],
  "done": 342,
  "elapsed_seconds": 604.1928218689991,
  "group": "cluster_fleet_v4/clusters/family_0016",
  "slot": 2,
  "total": 805
}
{
  "certified": [
    true
  ],
  "collected_kg": [
    381.4373716632444
  ],
  "done": 343,
  "elapsed_seconds": 616.2335468429992,
  "group": "cluster_fleet_v4/clusters/family_0016",
  "slot": 3,
  "total": 805
}
{
  "certified": [
    true
  ],
  "collected_kg": [
    524.0246406570842
  ],
  "done": 344,
  "elapsed_seconds": 616.2338374709998,
  "group": "cluster_fleet_v4/clusters/family_0017",
  "slot": 1,
  "total": 805
}
{
  "certified": [
    true
  ],
  "collected_kg": [
    446.81724845995893
  ],
  "done": 345,
  "elapsed_seconds": 616.2340174719993,
  "group": "cluster_fleet_v4/clusters/family_0017",
  "slot": 2,
  "total": 805
}
{
  "certified": [
    true
  ],
  "collected_kg": [
    423.40862422997947
  ],
  "done": 346,
  "elapsed_seconds": 616.2340610470001,
  "group": "cluster_fleet_v4/clusters/family_0017",
  "slot": 3,
  "total": 805
}
{
  "certified": [
    true
  ],
  "collected_kg": [
    533.8809034907598
  ],
  "done": 347,
  "elapsed_seconds": 622.7434839050002,
  "group": "cluster_fleet_v4/clusters/family_0017",
  "slot": 4,
  "total": 805
}
{
  "certified": [
    true
  ],
  "collected_kg": [
    501.02669404517457
  ],
  "done": 348,
  "elapsed_seconds": 622.85155442,
  "group": "cluster_fleet_v4/clusters/family_0020",
  "slot": 1,
  "total": 805
}
{
  "certified": [
    true
  ],
  "collected_kg": [
    439.8357289527721
  ],
  "done": 349,
  "elapsed_seconds": 624.8661223809995,
  "group": "cluster_fleet_v4/clusters/family_0020",
  "slot": 2,
  "total": 805
}
{
  "certified": [
    true
  ],
  "collected_kg": [
    427.92607802874744
  ],
  "done": 350,
  "elapsed_seconds": 624.8663979659996,
  "group": "cluster_fleet_v4/clusters/family_0020",
  "slot": 3,
  "total": 805
}
{
  "certified": [
    true
  ],
  "collected_kg": [
    388.0082135523614
  ],
  "done": 351,
  "elapsed_seconds": 625.6076624090001,
  "group": "cluster_fleet_v4/clusters/family_0020",
  "slot": 4,
  "total": 805
}
{
  "certified": [
    true
  ],
  "collected_kg": [
    379.05544147843943
  ],
  "done": 352,
  "elapsed_seconds": 625.6077902540001,
  "group": "cluster_fleet_v4/clusters/family_0023",
  "slot": 1,
  "total": 805
}
{
  "certified": [
    true
  ],
  "collected_kg": [
    306.694045174538
  ],
  "done": 353,
  "elapsed_seconds": 625.6078369450006,
  "group": "cluster_fleet_v4/clusters/family_0023",
  "slot": 2,
  "total": 805
}
{
  "certified": [
    true
  ],
  "collected_kg": [
    370.84188911704314
  ],
  "done": 354,
  "elapsed_seconds": 625.6078726220003,
  "group": "cluster_fleet_v4/clusters/family_0023",
  "slot": 3,
  "total": 805
}
{
  "certified": [
    true
  ],
  "collected_kg": [
    361.3141683778234
  ],
  "done": 355,
  "elapsed_seconds": 625.6079028029999,
  "group": "cluster_fleet_v4/clusters/family_0023",
  "slot": 4,
  "total": 805
}
{
  "certified": [
    true
  ],
  "collected_kg": [
    355.23613963039014
  ],
  "done": 356,
  "elapsed_seconds": 625.6079581529993,
  "group": "cluster_fleet_v4/clusters/family_0024",
  "slot": 1,
  "total": 805
}
{
  "certified": [
    true
  ],
  "collected_kg": [
    491.9917864476386
  ],
  "done": 357,
  "elapsed_seconds": 625.6079856369997,
  "group": "cluster_fleet_v4/clusters/family_0030",
  "slot": 1,
  "total": 805
}
{
  "certified": [
    true
  ],
  "collected_kg": [
    488.29568788501024
  ],
  "done": 358,
  "elapsed_seconds": 625.915795638999,
  "group": "cluster_fleet_v4/clusters/family_0030",
  "slot": 2,
  "total": 805
}
{
  "certified": [
    true
  ],
  "collected_kg": [
    436.13963039014374
  ],
  "done": 359,
  "elapsed_seconds": 631.8937215719998,
  "group": "cluster_fleet_v4/clusters/family_0030",
  "slot": 3,
  "total": 805
}
{
  "certified": [
    true
  ],
  "collected_kg": [
    388.0082135523614
  ],
  "done": 360,
  "elapsed_seconds": 635.9672105049995,
  "group": "cluster_fleet_v4/clusters/family_0030",
  "slot": 4,
  "total": 805
}
{
  "certified": [
    true
  ],
  "collected_kg": [
    362.54620123203284
  ],
  "done": 361,
  "elapsed_seconds": 659.8873934460007,
  "group": "cluster_fleet_v4/clusters/family_0044",
  "slot": 1,
  "total": 805
}
{
  "certified": [
    true
  ],
  "collected_kg": [
    354.41478439425055
  ],
  "done": 362,
  "elapsed_seconds": 659.8876749259998,
  "group": "cluster_fleet_v4/clusters/family_0044",
  "slot": 2,
  "total": 805
}
{
  "certified": [
    true
  ],
  "collected_kg": [
    471.04722792607805
  ],
  "done": 363,
  "elapsed_seconds": 659.8877569670003,
  "group": "cluster_fleet_v4/clusters/family_0044",
  "slot": 3,
  "total": 805
}
{
  "certified": [
    true
  ],
  "collected_kg": [
    491.17043121149896
  ],
  "done": 364,
  "elapsed_seconds": 659.8877968870001,
  "group": "cluster_fleet_v4/clusters/family_0044",
  "slot": 4,
  "total": 805
}
{
  "certified": [
    true
  ],
  "collected_kg": [
    210.4312114989733
  ],
  "done": 365,
  "elapsed_seconds": 659.8878374159995,
  "group": "cluster_fleet_v4/clusters/family_0070",
  "slot": 3,
  "total": 805
}
{
  "certified": [
    true
  ],
  "collected_kg": [
    182.50513347022587
  ],
  "done": 366,
  "elapsed_seconds": 659.8878667070003,
  "group": "cluster_fleet_v4/clusters/family_0070",
  "slot": 4,
  "total": 805
}
{
  "certified": [
    true
  ],
  "collected_kg": [
    234.57905544147843
  ],
  "done": 367,
  "elapsed_seconds": 659.8878966299999,
  "group": "cluster_fleet_v4/clusters/family_0081",
  "slot": 1,
  "total": 805
}
{
  "certified": [
    true
  ],
  "collected_kg": [
    395.89322381930185
  ],
  "done": 368,
  "elapsed_seconds": 659.8879267989996,
  "group": "cluster_fleet_v4/clusters/family_0081",
  "slot": 2,
  "total": 805
}
{
  "certified": [
    true
  ],
  "collected_kg": [
    377.82340862422996
  ],
  "done": 369,
  "elapsed_seconds": 659.8879546440003,
  "group": "cluster_fleet_v4/clusters/family_0081",
  "slot": 3,
  "total": 805
}
{
  "certified": [
    true
  ],
  "collected_kg": [
    406.57084188911705
  ],
  "done": 370,
  "elapsed_seconds": 659.8879780389998,
  "group": "cluster_fleet_v4/clusters/family_0081",
  "slot": 4,
  "total": 805
}
{
  "certified": [
    true
  ],
  "collected_kg": [
    282.54620123203284
  ],
  "done": 371,
  "elapsed_seconds": 659.8880021120003,
  "group": "cluster_fleet_v4/clusters/family_0083",
  "slot": 2,
  "total": 805
}
{
  "certified": [
    true
  ],
  "collected_kg": [
    337.0841889117043
  ],
  "done": 372,
  "elapsed_seconds": 659.8880245719993,
  "group": "cluster_fleet_v4/clusters/family_0083",
  "slot": 3,
  "total": 805
}
{
  "certified": [
    true
  ],
  "collected_kg": [
    286.9815195071869
  ],
  "done": 373,
  "elapsed_seconds": 659.8880517510006,
  "group": "cluster_fleet_v4/clusters/family_0087",
  "slot": 1,
  "total": 805
}
{
  "certified": [
    true
  ],
  "collected_kg": [
    263.1074606433949
  ],
  "done": 374,
  "elapsed_seconds": 659.888074724,
  "group": "cluster_fleet_v4/clusters/family_0087",
  "slot": 2,
  "total": 805
}
{
  "certified": [
    true
  ],
  "collected_kg": [
    341.19096509240245
  ],
  "done": 375,
  "elapsed_seconds": 667.7857905250003,
  "group": "cluster_fleet_v4/clusters/family_0087",
  "slot": 3,
  "total": 805
}
{
  "certified": [
    true
  ],
  "collected_kg": [
    418.8911704312115
  ],
  "done": 376,
  "elapsed_seconds": 667.7860740849992,
  "group": "cluster_fleet_v4/clusters/family_0093",
  "slot": 1,
  "total": 805
}
{
  "certified": [
    true
  ],
  "collected_kg": [
    312.52566735112936
  ],
  "done": 377,
  "elapsed_seconds": 667.786258176,
  "group": "cluster_fleet_v4/clusters/family_0093",
  "slot": 2,
  "total": 805
}
{
  "certified": [
    true
  ],
  "collected_kg": [
    417.24845995893224
  ],
  "done": 378,
  "elapsed_seconds": 667.7995268729992,
  "group": "cluster_fleet_v4/clusters/family_0093",
  "slot": 3,
  "total": 805
}
{
  "certified": [
    true
  ],
  "collected_kg": [
    279.8083504449007
  ],
  "done": 379,
  "elapsed_seconds": 692.1677961389996,
  "group": "cluster_fleet_v4/clusters/family_0093",
  "slot": 4,
  "total": 805
}
{
  "certified": [
    true
  ],
  "collected_kg": [
    357.97399041752226
  ],
  "done": 380,
  "elapsed_seconds": 692.1679250929992,
  "group": "cluster_fleet_v4/clusters/family_0105",
  "slot": 1,
  "total": 805
}
{
  "certified": [
    true
  ],
  "collected_kg": [
    396.2217659137577
  ],
  "done": 381,
  "elapsed_seconds": 692.1679839650005,
  "group": "cluster_fleet_v4/clusters/family_0105",
  "slot": 2,
  "total": 805
}
{
  "certified": [
    true
  ],
  "collected_kg": [
    401.64271047227925
  ],
  "done": 382,
  "elapsed_seconds": 692.1680166869992,
  "group": "cluster_fleet_v4/clusters/family_0105",
  "slot": 3,
  "total": 805
}
{
  "certified": [
    true
  ],
  "collected_kg": [
    383.025325119781
  ],
  "done": 383,
  "elapsed_seconds": 692.1680423559992,
  "group": "cluster_fleet_v4/clusters/family_0105",
  "slot": 4,
  "total": 805
}
{
  "certified": [
    true
  ],
  "collected_kg": [
    336.34496919917865
  ],
  "done": 384,
  "elapsed_seconds": 692.1680663749994,
  "group": "cluster_fleet_v4/clusters/family_0240",
  "slot": 1,
  "total": 805
}
{
  "certified": [
    true
  ],
  "collected_kg": [
    448.870636550308
  ],
  "done": 385,
  "elapsed_seconds": 692.1680964770003,
  "group": "cluster_fleet_v4/clusters/family_0240",
  "slot": 2,
  "total": 805
}
{
  "certified": [
    true
  ],
  "collected_kg": [
    364.6817248459959
  ],
  "done": 386,
  "elapsed_seconds": 692.1681219530001,
  "group": "cluster_fleet_v4/clusters/family_0240",
  "slot": 3,
  "total": 805
}
{
  "certified": [
    true
  ],
  "collected_kg": [
    488.70636550308006
  ],
  "done": 387,
  "elapsed_seconds": 692.1681469899995,
  "group": "cluster_fleet_v4/clusters/family_0247",
  "slot": 3,
  "total": 805
}
{
  "certified": [
    true
  ],
  "collected_kg": [
    395.89322381930185
  ],
  "done": 388,
  "elapsed_seconds": 692.1681739390006,
  "group": "cluster_fleet_v4/clusters/family_0247",
  "slot": 4,
  "total": 805
}
{
  "certified": [
    true
  ],
  "collected_kg": [
    466.5297741273101
  ],
  "done": 389,
  "elapsed_seconds": 692.1682007260006,
  "group": "cluster_fleet_v4/clusters/family_0274",
  "slot": 1,
  "total": 805
}
{
  "certified": [
    true
  ],
  "collected_kg": [
    346.9404517453799
  ],
  "done": 390,
  "elapsed_seconds": 692.1682289279997,
  "group": "cluster_fleet_v4/clusters/family_0274",
  "slot": 2,
  "total": 805
}
{
  "certified": [
    true
  ],
  "collected_kg": [
    395.0718685831622
  ],
  "done": 391,
  "elapsed_seconds": 692.1682528229994,
  "group": "cluster_fleet_v4/clusters/family_0275",
  "slot": 1,
  "total": 805
}
{
  "certified": [
    true
  ],
  "collected_kg": [
    323.6139630390144
  ],
  "done": 392,
  "elapsed_seconds": 692.1682766560007,
  "group": "cluster_fleet_v4/clusters/family_0275",
  "slot": 2,
  "total": 805
}
{
  "certified": [
    true
  ],
  "collected_kg": [
    386.0369609856263
  ],
  "done": 393,
  "elapsed_seconds": 695.0430497840007,
  "group": "cluster_fleet_v4/clusters/family_0275",
  "slot": 3,
  "total": 805
}
{
  "certified": [
    true
  ],
  "collected_kg": [
    436.55030800821356
  ],
  "done": 394,
  "elapsed_seconds": 704.0672613749994,
  "group": "cluster_fleet_v4/clusters/family_0280",
  "slot": 3,
  "total": 805
}
{
  "certified": [
    true
  ],
  "collected_kg": [
    396.7145790554415
  ],
  "done": 395,
  "elapsed_seconds": 709.8921823799992,
  "group": "cluster_fleet_v4/clusters/family_0280",
  "slot": 4,
  "total": 805
}
{
  "certified": [
    true
  ],
  "collected_kg": [
    468.993839835729
  ],
  "done": 396,
  "elapsed_seconds": 709.8924547080005,
  "group": "cluster_fleet_v4/clusters/family_0291",
  "slot": 3,
  "total": 805
}
{
  "certified": [
    true
  ],
  "collected_kg": [
    476.79671457905545
  ],
  "done": 397,
  "elapsed_seconds": 709.8925996910002,
  "group": "cluster_fleet_v4/clusters/family_0291",
  "slot": 4,
  "total": 805
}
{
  "certified": [
    true
  ],
  "collected_kg": [
    404.517453798768
  ],
  "done": 398,
  "elapsed_seconds": 709.8926881490006,
  "group": "cluster_fleet_v4/clusters/family_0324",
  "slot": 1,
  "total": 805
}
{
  "certified": [
    true
  ],
  "collected_kg": [
    512.5256673511294
  ],
  "done": 399,
  "elapsed_seconds": 709.8927261059998,
  "group": "cluster_fleet_v4/clusters/family_0324",
  "slot": 2,
  "total": 805
}
{
  "certified": [
    true
  ],
  "collected_kg": [
    226.44763860369608
  ],
  "done": 400,
  "elapsed_seconds": 709.8927688969998,
  "group": "cluster_fleet_v4/clusters/family_0353",
  "slot": 1,
  "total": 805
}
{
  "certified": [
    true
  ],
  "collected_kg": [
    375.68788501026694
  ],
  "done": 401,
  "elapsed_seconds": 720.3331809119991,
  "group": "cluster_fleet_v4/clusters/family_0353",
  "slot": 2,
  "total": 805
}
{
  "certified": [
    true
  ],
  "collected_kg": [
    537.5770020533881
  ],
  "done": 402,
  "elapsed_seconds": 720.3332954750003,
  "group": "cluster_fleet_v4/clusters/family_0355",
  "slot": 1,
  "total": 805
}
{
  "certified": [
    true
  ],
  "collected_kg": [
    403.2854209445585
  ],
  "done": 403,
  "elapsed_seconds": 720.3333391209999,
  "group": "cluster_fleet_v4/clusters/family_0355",
  "slot": 2,
  "total": 805
}
{
  "certified": [
    true
  ],
  "collected_kg": [
    305.9548254620123
  ],
  "done": 404,
  "elapsed_seconds": 720.333373170999,
  "group": "cluster_fleet_v4/clusters/family_0363",
  "slot": 2,
  "total": 805
}
{
  "certified": [
    true
  ],
  "collected_kg": [
    402.8747433264887
  ],
  "done": 405,
  "elapsed_seconds": 720.3383489949993,
  "group": "cluster_fleet_v4/clusters/family_0363",
  "slot": 3,
  "total": 805
}
{
  "certified": [
    true
  ],
  "collected_kg": [
    450.9240246406571
  ],
  "done": 406,
  "elapsed_seconds": 720.3384438060002,
  "group": "cluster_fleet_v4/clusters/family_0410",
  "slot": 1,
  "total": 805
}
{
  "certified": [
    true
  ],
  "collected_kg": [
    456.2628336755647
  ],
  "done": 407,
  "elapsed_seconds": 724.9128545559997,
  "group": "cluster_fleet_v4/clusters/family_0410",
  "slot": 2,
  "total": 805
}
{
  "certified": [
    true
  ],
  "collected_kg": [
    564.271047227926
  ],
  "done": 408,
  "elapsed_seconds": 726.2986942890002,
  "group": "cluster_fleet_v4/clusters/family_0430",
  "slot": 1,
  "total": 805
}
{
  "certified": [
    true
  ],
  "collected_kg": [
    475.15400410677614
  ],
  "done": 409,
  "elapsed_seconds": 727.5043426979992,
  "group": "cluster_fleet_v4/clusters/family_0430",
  "slot": 2,
  "total": 805
}
{
  "certified": [
    true
  ],
  "collected_kg": [
    463.2443531827515
  ],
  "done": 410,
  "elapsed_seconds": 733.3088830449997,
  "group": "cluster_fleet_v4/clusters/family_0459",
  "slot": 1,
  "total": 805
}
{
  "certified": [
    true
  ],
  "collected_kg": [
    472.2792607802875
  ],
  "done": 411,
  "elapsed_seconds": 748.6803107779997,
  "group": "cluster_fleet_v4/clusters/family_0459",
  "slot": 2,
  "total": 805
}
{
  "certified": [
    true
  ],
  "collected_kg": [
    388.0903490759754
  ],
  "done": 412,
  "elapsed_seconds": 748.6804482419993,
  "group": "cluster_fleet_v4/clusters/family_0462",
  "slot": 1,
  "total": 805
}
{
  "certified": [
    true
  ],
  "collected_kg": [
    424.22997946611906
  ],
  "done": 413,
  "elapsed_seconds": 748.6805016679991,
  "group": "cluster_fleet_v4/clusters/family_0462",
  "slot": 2,
  "total": 805
}
{
  "certified": [
    true
  ],
  "collected_kg": [
    445.1745379876797
  ],
  "done": 414,
  "elapsed_seconds": 748.6805312289998,
  "group": "cluster_fleet_v4/clusters/family_0497",
  "slot": 1,
  "total": 805
}
{
  "certified": [
    true
  ],
  "collected_kg": [
    353.5934291581109
  ],
  "done": 415,
  "elapsed_seconds": 748.6805577249997,
  "group": "cluster_fleet_v4/clusters/family_0497",
  "slot": 2,
  "total": 805
}
{
  "certified": [
    true
  ],
  "collected_kg": [
    256.2628336755647
  ],
  "done": 416,
  "elapsed_seconds": 748.6805823939994,
  "group": "cluster_fleet_v5/clusters/family_0000",
  "slot": 1,
  "total": 805
}
{
  "certified": [
    true
  ],
  "collected_kg": [
    520.3285420944559
  ],
  "done": 417,
  "elapsed_seconds": 748.6806088409994,
  "group": "cluster_fleet_v5/clusters/family_0000",
  "slot": 2,
  "total": 805
}
{
  "certified": [
    true
  ],
  "collected_kg": [
    487.0636550308008
  ],
  "done": 418,
  "elapsed_seconds": 748.6806297599996,
  "group": "cluster_fleet_v5/clusters/family_0000",
  "slot": 3,
  "total": 805
}
{
  "certified": [
    true
  ],
  "collected_kg": [
    557.2895277207392
  ],
  "done": 419,
  "elapsed_seconds": 748.6806557119999,
  "group": "cluster_fleet_v5/clusters/family_0000",
  "slot": 4,
  "total": 805
}
{
  "certified": [
    true
  ],
  "collected_kg": [
    468.1724845995893
  ],
  "done": 420,
  "elapsed_seconds": 748.6806840720001,
  "group": "cluster_fleet_v5/clusters/family_0001",
  "slot": 1,
  "total": 805
}
{
  "certified": [
    true
  ],
  "collected_kg": [
    433.7850787132101
  ],
  "done": 421,
  "elapsed_seconds": 748.6807147660002,
  "group": "cluster_fleet_v5/clusters/family_0001",
  "slot": 2,
  "total": 805
}
{
  "certified": [
    true
  ],
  "collected_kg": [
    448.870636550308
  ],
  "done": 422,
  "elapsed_seconds": 748.6807541380003,
  "group": "cluster_fleet_v5/clusters/family_0001",
  "slot": 3,
  "total": 805
}
{
  "certified": [
    true
  ],
  "collected_kg": [
    442.984257357974
  ],
  "done": 423,
  "elapsed_seconds": 753.5457841589996,
  "group": "cluster_fleet_v5/clusters/family_0001",
  "slot": 4,
  "total": 805
}
{
  "certified": [
    true
  ],
  "collected_kg": [
    513.7577002053388
  ],
  "done": 424,
  "elapsed_seconds": 753.5559758740001,
  "group": "cluster_fleet_v5/clusters/family_0002",
  "slot": 1,
  "total": 805
}
{
  "certified": [
    true
  ],
  "collected_kg": [
    480.49281314168377
  ],
  "done": 425,
  "elapsed_seconds": 766.3553893629996,
  "group": "cluster_fleet_v5/clusters/family_0002",
  "slot": 2,
  "total": 805
}
{
  "certified": [
    true
  ],
  "collected_kg": [
    506.77618069815196
  ],
  "done": 426,
  "elapsed_seconds": 766.3556616080004,
  "group": "cluster_fleet_v5/clusters/family_0002",
  "slot": 3,
  "total": 805
}
{
  "certified": [
    true
  ],
  "collected_kg": [
    549.0759753593429
  ],
  "done": 427,
  "elapsed_seconds": 766.3559403750005,
  "group": "cluster_fleet_v5/clusters/family_0002",
  "slot": 4,
  "total": 805
}
{
  "certified": [
    true
  ],
  "collected_kg": [
    546.2012320328543
  ],
  "done": 428,
  "elapsed_seconds": 766.3560305350002,
  "group": "cluster_fleet_v5/clusters/family_0003",
  "slot": 2,
  "total": 805
}
{
  "certified": [
    true
  ],
  "collected_kg": [
    524.435318275154
  ],
  "done": 429,
  "elapsed_seconds": 766.3560682219995,
  "group": "cluster_fleet_v5/clusters/family_0003",
  "slot": 3,
  "total": 805
}
{
  "certified": [
    true
  ],
  "collected_kg": [
    471.86858316221765
  ],
  "done": 430,
  "elapsed_seconds": 766.3560983339994,
  "group": "cluster_fleet_v5/clusters/family_0003",
  "slot": 4,
  "total": 805
}
{
  "certified": [
    true
  ],
  "collected_kg": [
    472.2792607802875
  ],
  "done": 431,
  "elapsed_seconds": 766.356143953999,
  "group": "cluster_fleet_v5/clusters/family_0004",
  "slot": 2,
  "total": 805
}
{
  "certified": [
    true
  ],
  "collected_kg": [
    558.1108829568789
  ],
  "done": 432,
  "elapsed_seconds": 766.3561675029996,
  "group": "cluster_fleet_v5/clusters/family_0004",
  "slot": 3,
  "total": 805
}
{
  "certified": [
    true
  ],
  "collected_kg": [
    535.523613963039
  ],
  "done": 433,
  "elapsed_seconds": 771.0276875710006,
  "group": "cluster_fleet_v5/clusters/family_0004",
  "slot": 4,
  "total": 805
}
{
  "certified": [
    true
  ],
  "collected_kg": [
    497.741273100616
  ],
  "done": 434,
  "elapsed_seconds": 771.0278188310003,
  "group": "cluster_fleet_v5/clusters/family_0005",
  "slot": 1,
  "total": 805
}
{
  "certified": [
    true
  ],
  "collected_kg": [
    475.564681724846
  ],
  "done": 435,
  "elapsed_seconds": 771.0278677759998,
  "group": "cluster_fleet_v5/clusters/family_0005",
  "slot": 2,
  "total": 805
}
{
  "certified": [
    true
  ],
  "collected_kg": [
    457.0841889117043
  ],
  "done": 436,
  "elapsed_seconds": 774.0597150630001,
  "group": "cluster_fleet_v5/clusters/family_0005",
  "slot": 3,
  "total": 805
}
{
  "certified": [
    true
  ],
  "collected_kg": [
    365.0650239561944
  ],
  "done": 437,
  "elapsed_seconds": 774.0600332960003,
  "group": "cluster_fleet_v5/clusters/family_0005",
  "slot": 4,
  "total": 805
}
{
  "certified": [
    true
  ],
  "collected_kg": [
    469.8151950718686
  ],
  "done": 438,
  "elapsed_seconds": 776.5644455940001,
  "group": "cluster_fleet_v5/clusters/family_0006",
  "slot": 1,
  "total": 805
}
{
  "certified": [
    true
  ],
  "collected_kg": [
    425.73579739904176
  ],
  "done": 439,
  "elapsed_seconds": 779.0160013969999,
  "group": "cluster_fleet_v5/clusters/family_0006",
  "slot": 2,
  "total": 805
}
{
  "certified": [
    true
  ],
  "collected_kg": [
    511.29363449691994
  ],
  "done": 440,
  "elapsed_seconds": 783.339802565999,
  "group": "cluster_fleet_v5/clusters/family_0006",
  "slot": 3,
  "total": 805
}
{
  "certified": [
    true
  ],
  "collected_kg": [
    478.02874743326487
  ],
  "done": 441,
  "elapsed_seconds": 783.3400786790007,
  "group": "cluster_fleet_v5/clusters/family_0006",
  "slot": 4,
  "total": 805
}
{
  "certified": [
    true
  ],
  "collected_kg": [
    399.1786447638604
  ],
  "done": 442,
  "elapsed_seconds": 783.3401847320001,
  "group": "cluster_fleet_v5/clusters/family_0007",
  "slot": 1,
  "total": 805
}
{
  "certified": [
    true
  ],
  "collected_kg": [
    461.46475017111567
  ],
  "done": 443,
  "elapsed_seconds": 789.0008556829998,
  "group": "cluster_fleet_v5/clusters/family_0007",
  "slot": 2,
  "total": 805
}
{
  "certified": [
    true
  ],
  "collected_kg": [
    484.1889117043121
  ],
  "done": 444,
  "elapsed_seconds": 789.0009988959991,
  "group": "cluster_fleet_v5/clusters/family_0007",
  "slot": 3,
  "total": 805
}
{
  "certified": [
    true
  ],
  "collected_kg": [
    390.14373716632446
  ],
  "done": 445,
  "elapsed_seconds": 789.0010502210007,
  "group": "cluster_fleet_v5/clusters/family_0007",
  "slot": 4,
  "total": 805
}
{
  "certified": [
    true
  ],
  "collected_kg": [
    479.6714579055441
  ],
  "done": 446,
  "elapsed_seconds": 793.3654081980003,
  "group": "cluster_fleet_v5/clusters/family_0008",
  "slot": 1,
  "total": 805
}
{
  "certified": [
    true
  ],
  "collected_kg": [
    498.97330595482543
  ],
  "done": 447,
  "elapsed_seconds": 793.3886297749996,
  "group": "cluster_fleet_v5/clusters/family_0008",
  "slot": 2,
  "total": 805
}
{
  "certified": [
    true
  ],
  "collected_kg": [
    498.15195071868584
  ],
  "done": 448,
  "elapsed_seconds": 797.5266074529991,
  "group": "cluster_fleet_v5/clusters/family_0008",
  "slot": 4,
  "total": 805
}
{
  "certified": [
    true
  ],
  "collected_kg": [
    558.1108829568789
  ],
  "done": 449,
  "elapsed_seconds": 797.5297842489999,
  "group": "cluster_fleet_v5/clusters/family_0009",
  "slot": 1,
  "total": 805
}
{
  "certified": [
    true
  ],
  "collected_kg": [
    534.2915811088296
  ],
  "done": 450,
  "elapsed_seconds": 797.5298922429993,
  "group": "cluster_fleet_v5/clusters/family_0009",
  "slot": 2,
  "total": 805
}
{
  "certified": [
    true
  ],
  "collected_kg": [
    510.8829568788501
  ],
  "done": 451,
  "elapsed_seconds": 811.5994813399993,
  "group": "cluster_fleet_v5/clusters/family_0009",
  "slot": 3,
  "total": 805
}
{
  "certified": [
    true
  ],
  "collected_kg": [
    544.1478439425051
  ],
  "done": 452,
  "elapsed_seconds": 811.5996104149999,
  "group": "cluster_fleet_v5/clusters/family_0009",
  "slot": 4,
  "total": 805
}
{
  "certified": [
    true
  ],
  "collected_kg": [
    424.22997946611906
  ],
  "done": 453,
  "elapsed_seconds": 811.5996644690003,
  "group": "cluster_fleet_v5/clusters/family_0010",
  "slot": 1,
  "total": 805
}
{
  "certified": [
    true
  ],
  "collected_kg": [
    406.9815195071869
  ],
  "done": 454,
  "elapsed_seconds": 811.5996943030004,
  "group": "cluster_fleet_v5/clusters/family_0010",
  "slot": 2,
  "total": 805
}
{
  "certified": [
    true
  ],
  "collected_kg": [
    349.8973305954826
  ],
  "done": 455,
  "elapsed_seconds": 811.5997214620002,
  "group": "cluster_fleet_v5/clusters/family_0010",
  "slot": 3,
  "total": 805
}
{
  "certified": [
    true
  ],
  "collected_kg": [
    453.388090349076
  ],
  "done": 456,
  "elapsed_seconds": 811.5997664339993,
  "group": "cluster_fleet_v5/clusters/family_0010",
  "slot": 4,
  "total": 805
}
{
  "certified": [
    true
  ],
  "collected_kg": [
    471.04722792607805
  ],
  "done": 457,
  "elapsed_seconds": 811.5997965709994,
  "group": "cluster_fleet_v5/clusters/family_0011",
  "slot": 1,
  "total": 805
}
{
  "certified": [
    true
  ],
  "collected_kg": [
    528.5420944558522
  ],
  "done": 458,
  "elapsed_seconds": 818.9586233949994,
  "group": "cluster_fleet_v5/clusters/family_0011",
  "slot": 2,
  "total": 805
}
{
  "certified": [
    true
  ],
  "collected_kg": [
    550.7186858316221
  ],
  "done": 459,
  "elapsed_seconds": 818.959019038999,
  "group": "cluster_fleet_v5/clusters/family_0011",
  "slot": 3,
  "total": 805
}
{
  "certified": [
    true
  ],
  "collected_kg": [
    513.347022587269
  ],
  "done": 460,
  "elapsed_seconds": 818.9591070389997,
  "group": "cluster_fleet_v5/clusters/family_0011",
  "slot": 4,
  "total": 805
}
{
  "certified": [
    true
  ],
  "collected_kg": [
    276.3860369609856
  ],
  "done": 461,
  "elapsed_seconds": 818.9591500070001,
  "group": "cluster_fleet_v5/clusters/family_0012",
  "slot": 1,
  "total": 805
}
{
  "certified": [
    true
  ],
  "collected_kg": [
    380.8350444900753
  ],
  "done": 462,
  "elapsed_seconds": 818.9591842369991,
  "group": "cluster_fleet_v5/clusters/family_0012",
  "slot": 2,
  "total": 805
}
{
  "certified": [
    true
  ],
  "collected_kg": [
    160.16427104722794
  ],
  "done": 463,
  "elapsed_seconds": 818.9592116999993,
  "group": "cluster_fleet_v5/clusters/family_0012",
  "slot": 3,
  "total": 805
}
{
  "certified": [
    true
  ],
  "collected_kg": [
    381.93018480492816
  ],
  "done": 464,
  "elapsed_seconds": 823.573508006999,
  "group": "cluster_fleet_v5/clusters/family_0012",
  "slot": 4,
  "total": 805
}
{
  "certified": [
    true
  ],
  "collected_kg": [
    416.42710472279265
  ],
  "done": 465,
  "elapsed_seconds": 823.5736114539995,
  "group": "cluster_fleet_v5/clusters/family_0013",
  "slot": 1,
  "total": 805
}
{
  "certified": [
    true
  ],
  "collected_kg": [
    412.73100616016427
  ],
  "done": 466,
  "elapsed_seconds": 823.5736496659993,
  "group": "cluster_fleet_v5/clusters/family_0013",
  "slot": 2,
  "total": 805
}
{
  "certified": [
    true
  ],
  "collected_kg": [
    402.8747433264887
  ],
  "done": 467,
  "elapsed_seconds": 823.5736814699994,
  "group": "cluster_fleet_v5/clusters/family_0013",
  "slot": 3,
  "total": 805
}
{
  "certified": [
    false
  ],
  "collected_kg": [
    0.0
  ],
  "done": 468,
  "elapsed_seconds": 827.3463678589997,
  "group": "cluster_fleet_v5/clusters/family_0013",
  "slot": 4,
  "total": 805
}
{
  "certified": [
    true
  ],
  "collected_kg": [
    498.9733059548255
  ],
  "done": 469,
  "elapsed_seconds": 828.3027951950007,
  "group": "cluster_fleet_v5/clusters/family_0015",
  "slot": 1,
  "total": 805
}
{
  "certified": [
    true
  ],
  "collected_kg": [
    508.4188911704312
  ],
  "done": 470,
  "elapsed_seconds": 828.3031123389992,
  "group": "cluster_fleet_v5/clusters/family_0015",
  "slot": 2,
  "total": 805
}
{
  "certified": [
    true
  ],
  "collected_kg": [
    403.0116358658453
  ],
  "done": 471,
  "elapsed_seconds": 828.3031648659999,
  "group": "cluster_fleet_v5/clusters/family_0015",
  "slot": 3,
  "total": 805
}
{
  "certified": [
    true
  ],
  "collected_kg": [
    480.9034907597536
  ],
  "done": 472,
  "elapsed_seconds": 830.1538122139991,
  "group": "cluster_fleet_v5/clusters/family_0015",
  "slot": 4,
  "total": 805
}
{
  "certified": [
    false
  ],
  "collected_kg": [
    0.0
  ],
  "done": 473,
  "elapsed_seconds": 830.1539312320001,
  "group": "cluster_fleet_v5/clusters/family_0016",
  "slot": 1,
  "total": 805
}
{
  "certified": [
    true
  ],
  "collected_kg": [
    437.23477070499655
  ],
  "done": 474,
  "elapsed_seconds": 830.438992469999,
  "group": "cluster_fleet_v5/clusters/family_0016",
  "slot": 2,
  "total": 805
}
{
  "certified": [
    true
  ],
  "collected_kg": [
    505.1334702258727
  ],
  "done": 475,
  "elapsed_seconds": 831.6762928539993,
  "group": "cluster_fleet_v5/clusters/family_0016",
  "slot": 3,
  "total": 805
}
{
  "certified": [
    true
  ],
  "collected_kg": [
    485.01026694045174
  ],
  "done": 476,
  "elapsed_seconds": 837.9303321970001,
  "group": "cluster_fleet_v5/clusters/family_0016",
  "slot": 4,
  "total": 805
}
{
  "certified": [
    true
  ],
  "collected_kg": [
    549.0759753593429
  ],
  "done": 477,
  "elapsed_seconds": 848.241794345,
  "group": "cluster_fleet_v5/clusters/family_0017",
  "slot": 1,
  "total": 805
}
{
  "certified": [
    true
  ],
  "collected_kg": [
    479.26078028747435
  ],
  "done": 478,
  "elapsed_seconds": 848.2419107829992,
  "group": "cluster_fleet_v5/clusters/family_0017",
  "slot": 2,
  "total": 805
}
{
  "certified": [
    true
  ],
  "collected_kg": [
    482.5462012320329
  ],
  "done": 479,
  "elapsed_seconds": 852.5605694829992,
  "group": "cluster_fleet_v5/clusters/family_0017",
  "slot": 3,
  "total": 805
}
{
  "certified": [
    true
  ],
  "collected_kg": [
    570.0205338809035
  ],
  "done": 480,
  "elapsed_seconds": 852.5606925289994,
  "group": "cluster_fleet_v5/clusters/family_0017",
  "slot": 4,
  "total": 805
}
{
  "certified": [
    true
  ],
  "collected_kg": [
    397.9466119096509
  ],
  "done": 481,
  "elapsed_seconds": 852.5607318679995,
  "group": "cluster_fleet_v5/clusters/family_0019",
  "slot": 1,
  "total": 805
}
{
  "certified": [
    true
  ],
  "collected_kg": [
    463.2443531827515
  ],
  "done": 482,
  "elapsed_seconds": 852.5607773440006,
  "group": "cluster_fleet_v5/clusters/family_0019",
  "slot": 2,
  "total": 805
}
{
  "certified": [
    true
  ],
  "collected_kg": [
    398.35728952772075
  ],
  "done": 483,
  "elapsed_seconds": 852.560804933999,
  "group": "cluster_fleet_v5/clusters/family_0019",
  "slot": 3,
  "total": 805
}
{
  "certified": [
    true
  ],
  "collected_kg": [
    474.33264887063655
  ],
  "done": 484,
  "elapsed_seconds": 852.5608411659996,
  "group": "cluster_fleet_v5/clusters/family_0019",
  "slot": 4,
  "total": 805
}
{
  "certified": [
    true
  ],
  "collected_kg": [
    515.8110882956879
  ],
  "done": 485,
  "elapsed_seconds": 861.2684847189994,
  "group": "cluster_fleet_v5/clusters/family_0020",
  "slot": 1,
  "total": 805
}
{
  "certified": [
    true
  ],
  "collected_kg": [
    487.88501026694047
  ],
  "done": 486,
  "elapsed_seconds": 861.2707777329997,
  "group": "cluster_fleet_v5/clusters/family_0020",
  "slot": 2,
  "total": 805
}
{
  "certified": [
    true
  ],
  "collected_kg": [
    497.741273100616
  ],
  "done": 487,
  "elapsed_seconds": 861.2708565079993,
  "group": "cluster_fleet_v5/clusters/family_0020",
  "slot": 3,
  "total": 805
}
{
  "certified": [
    true
  ],
  "collected_kg": [
    524.8459958932239
  ],
  "done": 488,
  "elapsed_seconds": 861.5416094079992,
  "group": "cluster_fleet_v5/clusters/family_0020",
  "slot": 4,
  "total": 805
}
{
  "certified": [
    true
  ],
  "collected_kg": [
    448.4599589322382
  ],
  "done": 489,
  "elapsed_seconds": 861.5417276150001,
  "group": "cluster_fleet_v5/clusters/family_0023",
  "slot": 1,
  "total": 805
}
{
  "certified": [
    true
  ],
  "collected_kg": [
    439.01437371663246
  ],
  "done": 490,
  "elapsed_seconds": 861.5417863919993,
  "group": "cluster_fleet_v5/clusters/family_0023",
  "slot": 2,
  "total": 805
}
{
  "certified": [
    true
  ],
  "collected_kg": [
    407.39219712525664
  ],
  "done": 491,
  "elapsed_seconds": 861.5418171719994,
  "group": "cluster_fleet_v5/clusters/family_0023",
  "slot": 3,
  "total": 805
}
{
  "certified": [
    true
  ],
  "collected_kg": [
    508.0082135523614
  ],
  "done": 492,
  "elapsed_seconds": 869.2724010799993,
  "group": "cluster_fleet_v5/clusters/family_0023",
  "slot": 4,
  "total": 805
}
{
  "certified": [
    true
  ],
  "collected_kg": [
    412.73100616016427
  ],
  "done": 493,
  "elapsed_seconds": 869.2725285790002,
  "group": "cluster_fleet_v5/clusters/family_0024",
  "slot": 1,
  "total": 805
}
{
  "certified": [
    true
  ],
  "collected_kg": [
    425.0513347022587
  ],
  "done": 494,
  "elapsed_seconds": 877.2024685270007,
  "group": "cluster_fleet_v5/clusters/family_0024",
  "slot": 2,
  "total": 805
}
{
  "certified": [
    true
  ],
  "collected_kg": [
    411.9096509240246
  ],
  "done": 495,
  "elapsed_seconds": 877.2025788810006,
  "group": "cluster_fleet_v5/clusters/family_0024",
  "slot": 3,
  "total": 805
}
{
  "certified": [
    true
  ],
  "collected_kg": [
    395.0718685831622
  ],
  "done": 496,
  "elapsed_seconds": 877.202724716999,
  "group": "cluster_fleet_v5/clusters/family_0024",
  "slot": 4,
  "total": 805
}
{
  "certified": [
    true
  ],
  "collected_kg": [
    429.5687885010267
  ],
  "done": 497,
  "elapsed_seconds": 877.2027795899994,
  "group": "cluster_fleet_v5/clusters/family_0044",
  "slot": 1,
  "total": 805
}
{
  "certified": [
    true
  ],
  "collected_kg": [
    488.29568788501024
  ],
  "done": 498,
  "elapsed_seconds": 877.2028193599999,
  "group": "cluster_fleet_v5/clusters/family_0044",
  "slot": 2,
  "total": 805
}
{
  "certified": [
    true
  ],
  "collected_kg": [
    465.2977412731006
  ],
  "done": 499,
  "elapsed_seconds": 877.2028456070002,
  "group": "cluster_fleet_v5/clusters/family_0044",
  "slot": 3,
  "total": 805
}
{
  "certified": [
    true
  ],
  "collected_kg": [
    450.1026694045174
  ],
  "done": 500,
  "elapsed_seconds": 877.2028729760004,
  "group": "cluster_fleet_v5/clusters/family_0044",
  "slot": 4,
  "total": 805
}
{
  "certified": [
    true
  ],
  "collected_kg": [
    354.4147843942505
  ],
  "done": 501,
  "elapsed_seconds": 890.0142434970003,
  "group": "cluster_fleet_v5/clusters/family_0070",
  "slot": 1,
  "total": 805
}
{
  "certified": [
    true
  ],
  "collected_kg": [
    199.31553730321696
  ],
  "done": 502,
  "elapsed_seconds": 890.0145040970001,
  "group": "cluster_fleet_v5/clusters/family_0070",
  "slot": 2,
  "total": 805
}
{
  "certified": [
    true
  ],
  "collected_kg": [
    455.03080082135523
  ],
  "done": 503,
  "elapsed_seconds": 890.0146773710003,
  "group": "cluster_fleet_v5/clusters/family_0070",
  "slot": 3,
  "total": 805
}
{
  "certified": [
    true
  ],
  "collected_kg": [
    455.8521560574949
  ],
  "done": 504,
  "elapsed_seconds": 890.0147264999996,
  "group": "cluster_fleet_v5/clusters/family_0070",
  "slot": 4,
  "total": 805
}
{
  "certified": [
    true
  ],
  "collected_kg": [
    425.46201232032854
  ],
  "done": 505,
  "elapsed_seconds": 890.0147739929998,
  "group": "cluster_fleet_v5/clusters/family_0081",
  "slot": 1,
  "total": 805
}
{
  "certified": [
    false
  ],
  "collected_kg": [
    0.0
  ],
  "done": 506,
  "elapsed_seconds": 918.0835274349993,
  "group": "cluster_fleet_v5/clusters/family_0081",
  "slot": 2,
  "total": 805
}
{
  "certified": [
    true
  ],
  "collected_kg": [
    420.1232032854209
  ],
  "done": 507,
  "elapsed_seconds": 918.0836584970002,
  "group": "cluster_fleet_v5/clusters/family_0081",
  "slot": 3,
  "total": 805
}
{
  "certified": [
    true
  ],
  "collected_kg": [
    367.14579055441476
  ],
  "done": 508,
  "elapsed_seconds": 918.0837067480006,
  "group": "cluster_fleet_v5/clusters/family_0081",
  "slot": 4,
  "total": 805
}
{
  "certified": [
    true
  ],
  "collected_kg": [
    406.9815195071869
  ],
  "done": 509,
  "elapsed_seconds": 918.083746680999,
  "group": "cluster_fleet_v5/clusters/family_0083",
  "slot": 1,
  "total": 805
}
{
  "certified": [
    true
  ],
  "collected_kg": [
    476.79671457905545
  ],
  "done": 510,
  "elapsed_seconds": 918.0837840189997,
  "group": "cluster_fleet_v5/clusters/family_0083",
  "slot": 2,
  "total": 805
}
{
  "certified": [
    true
  ],
  "collected_kg": [
    472.6899383983573
  ],
  "done": 511,
  "elapsed_seconds": 918.0838130640004,
  "group": "cluster_fleet_v5/clusters/family_0083",
  "slot": 3,
  "total": 805
}
{
  "certified": [
    true
  ],
  "collected_kg": [
    346.611909650924
  ],
  "done": 512,
  "elapsed_seconds": 918.0838442679997,
  "group": "cluster_fleet_v5/clusters/family_0083",
  "slot": 4,
  "total": 805
}
{
  "certified": [
    true
  ],
  "collected_kg": [
    444.76386036960986
  ],
  "done": 513,
  "elapsed_seconds": 918.0838706920003,
  "group": "cluster_fleet_v5/clusters/family_0093",
  "slot": 1,
  "total": 805
}
{
  "certified": [
    true
  ],
  "collected_kg": [
    448.4599589322382
  ],
  "done": 514,
  "elapsed_seconds": 918.0838943519993,
  "group": "cluster_fleet_v5/clusters/family_0093",
  "slot": 2,
  "total": 805
}
{
  "certified": [
    true
  ],
  "collected_kg": [
    416.01642710472277
  ],
  "done": 515,
  "elapsed_seconds": 918.0839163389992,
  "group": "cluster_fleet_v5/clusters/family_0093",
  "slot": 3,
  "total": 805
}
{
  "certified": [
    true
  ],
  "collected_kg": [
    416.0164271047228
  ],
  "done": 516,
  "elapsed_seconds": 918.0839411870002,
  "group": "cluster_fleet_v5/clusters/family_0093",
  "slot": 4,
  "total": 805
}
{
  "certified": [
    true
  ],
  "collected_kg": [
    413.1416837782341
  ],
  "done": 517,
  "elapsed_seconds": 925.8647843769995,
  "group": "cluster_fleet_v5/clusters/family_0240",
  "slot": 1,
  "total": 805
}
{
  "certified": [
    true
  ],
  "collected_kg": [
    443.53182751540044
  ],
  "done": 518,
  "elapsed_seconds": 925.8648952509993,
  "group": "cluster_fleet_v5/clusters/family_0240",
  "slot": 2,
  "total": 805
}
{
  "certified": [
    true
  ],
  "collected_kg": [
    365.5030800821355
  ],
  "done": 519,
  "elapsed_seconds": 925.8649335419996,
  "group": "cluster_fleet_v5/clusters/family_0240",
  "slot": 3,
  "total": 805
}
{
  "certified": [
    true
  ],
  "collected_kg": [
    547.0225872689939
  ],
  "done": 520,
  "elapsed_seconds": 925.8649650749994,
  "group": "cluster_fleet_v5/clusters/family_0247",
  "slot": 3,
  "total": 805
}
{
  "certified": [
    true
  ],
  "collected_kg": [
    439.01437371663246
  ],
  "done": 521,
  "elapsed_seconds": 925.8649935880003,
  "group": "cluster_fleet_v5/clusters/family_0247",
  "slot": 4,
  "total": 805
}
{
  "certified": [
    true
  ],
  "collected_kg": [
    331.55373032169746
  ],
  "done": 522,
  "elapsed_seconds": 925.8650226560003,
  "group": "cluster_fleet_v5/clusters/family_0261",
  "slot": 1,
  "total": 805
}
{
  "certified": [
    true
  ],
  "collected_kg": [
    418.8911704312115
  ],
  "done": 523,
  "elapsed_seconds": 926.8978194569991,
  "group": "cluster_fleet_v5/clusters/family_0261",
  "slot": 2,
  "total": 805
}
{
  "certified": [
    true
  ],
  "collected_kg": [
    522.7926078028747
  ],
  "done": 524,
  "elapsed_seconds": 926.8979265550006,
  "group": "cluster_fleet_v5/clusters/family_0274",
  "slot": 1,
  "total": 805
}
{
  "certified": [
    true
  ],
  "collected_kg": [
    407.39219712525664
  ],
  "done": 525,
  "elapsed_seconds": 926.8979758959995,
  "group": "cluster_fleet_v5/clusters/family_0274",
  "slot": 2,
  "total": 805
}
{
  "certified": [
    true
  ],
  "collected_kg": [
    362.217659137577
  ],
  "done": 526,
  "elapsed_seconds": 929.5398637689996,
  "group": "cluster_fleet_v5/clusters/family_0274",
  "slot": 3,
  "total": 805
}
{
  "certified": [
    true
  ],
  "collected_kg": [
    466.94045174537985
  ],
  "done": 527,
  "elapsed_seconds": 929.539987492999,
  "group": "cluster_fleet_v5/clusters/family_0275",
  "slot": 1,
  "total": 805
}
{
  "certified": [
    true
  ],
  "collected_kg": [
    436.13963039014374
  ],
  "done": 528,
  "elapsed_seconds": 937.6533083279992,
  "group": "cluster_fleet_v5/clusters/family_0275",
  "slot": 2,
  "total": 805
}
{
  "certified": [
    true
  ],
  "collected_kg": [
    137.7138945927447
  ],
  "done": 529,
  "elapsed_seconds": 937.653440357999,
  "group": "cluster_fleet_v5/clusters/family_0275",
  "slot": 3,
  "total": 805
}
{
  "certified": [
    true
  ],
  "collected_kg": [
    368.78850102669406
  ],
  "done": 530,
  "elapsed_seconds": 937.6534999800006,
  "group": "cluster_fleet_v5/clusters/family_0280",
  "slot": 2,
  "total": 805
}
{
  "certified": [
    true
  ],
  "collected_kg": [
    354.9623545516769
  ],
  "done": 531,
  "elapsed_seconds": 942.1089301829998,
  "group": "cluster_fleet_v5/clusters/family_0280",
  "slot": 3,
  "total": 805
}
{
  "certified": [
    true
  ],
  "collected_kg": [
    365.5030800821355
  ],
  "done": 532,
  "elapsed_seconds": 942.1092333249999,
  "group": "cluster_fleet_v5/clusters/family_0292",
  "slot": 1,
  "total": 805
}
{
  "certified": [
    true
  ],
  "collected_kg": [
    454.20944558521563
  ],
  "done": 533,
  "elapsed_seconds": 942.1092956680004,
  "group": "cluster_fleet_v5/clusters/family_0292",
  "slot": 2,
  "total": 805
}
{
  "certified": [
    true
  ],
  "collected_kg": [
    452.97741273100615
  ],
  "done": 534,
  "elapsed_seconds": 942.1093298729993,
  "group": "cluster_fleet_v5/clusters/family_0324",
  "slot": 1,
  "total": 805
}
{
  "certified": [
    true
  ],
  "collected_kg": [
    518.6858316221766
  ],
  "done": 535,
  "elapsed_seconds": 942.1093586730003,
  "group": "cluster_fleet_v5/clusters/family_0324",
  "slot": 2,
  "total": 805
}
{
  "certified": [
    true
  ],
  "collected_kg": [
    393.42915811088295
  ],
  "done": 536,
  "elapsed_seconds": 942.1093978240006,
  "group": "cluster_fleet_v5/clusters/family_0353",
  "slot": 1,
  "total": 805
}
{
  "certified": [
    true
  ],
  "collected_kg": [
    443.53182751540044
  ],
  "done": 537,
  "elapsed_seconds": 950.3134761719994,
  "group": "cluster_fleet_v5/clusters/family_0353",
  "slot": 2,
  "total": 805
}
{
  "certified": [
    true
  ],
  "collected_kg": [
    496.0985626283367
  ],
  "done": 538,
  "elapsed_seconds": 950.3138490509991,
  "group": "cluster_fleet_v5/clusters/family_0410",
  "slot": 1,
  "total": 805
}
{
  "certified": [
    true
  ],
  "collected_kg": [
    418.8911704312115
  ],
  "done": 539,
  "elapsed_seconds": 950.3139275220001,
  "group": "cluster_fleet_v5/clusters/family_0410",
  "slot": 2,
  "total": 805
}
{
  "certified": [
    true
  ],
  "collected_kg": [
    370.0205338809035
  ],
  "done": 540,
  "elapsed_seconds": 951.8871546770006,
  "group": "cluster_fleet_v5/clusters/family_0459",
  "slot": 1,
  "total": 805
}
{
  "certified": [
    true
  ],
  "collected_kg": [
    570.8418891170431
  ],
  "done": 541,
  "elapsed_seconds": 958.4350150829996,
  "group": "cluster_fleet_v5/clusters/family_0459",
  "slot": 2,
  "total": 805
}
{
  "certified": [
    true
  ],
  "collected_kg": [
    496.91991786447636
  ],
  "done": 542,
  "elapsed_seconds": 958.4354013749999,
  "group": "cluster_fleet_v5/clusters/family_0462",
  "slot": 1,
  "total": 805
}
{
  "certified": [
    true
  ],
  "collected_kg": [
    250.92402464065708
  ],
  "done": 543,
  "elapsed_seconds": 958.4354564040004,
  "group": "cluster_fleet_v5/clusters/family_0462",
  "slot": 2,
  "total": 805
}
{
  "certified": [
    true
  ],
  "collected_kg": [
    455.03080082135523
  ],
  "done": 544,
  "elapsed_seconds": 965.0775713580006,
  "group": "cluster_fleet_v5c/clusters/family_0000",
  "slot": 1,
  "total": 805
}
{
  "certified": [
    true
  ],
  "collected_kg": [
    563.0390143737167
  ],
  "done": 545,
  "elapsed_seconds": 965.0778502619996,
  "group": "cluster_fleet_v5c/clusters/family_0000",
  "slot": 2,
  "total": 805
}
{
  "certified": [
    true
  ],
  "collected_kg": [
    385.6262833675565
  ],
  "done": 546,
  "elapsed_seconds": 965.2910238620007,
  "group": "cluster_fleet_v5c/clusters/family_0000",
  "slot": 3,
  "total": 805
}
{
  "certified": [
    true
  ],
  "collected_kg": [
    554.0041067761807
  ],
  "done": 547,
  "elapsed_seconds": 979.3622709970005,
  "group": "cluster_fleet_v5c/clusters/family_0000",
  "slot": 4,
  "total": 805
}
{
  "certified": [
    true
  ],
  "collected_kg": [
    507.1868583162218
  ],
  "done": 548,
  "elapsed_seconds": 979.3625417570001,
  "group": "cluster_fleet_v5c/clusters/family_0001",
  "slot": 2,
  "total": 805
}
{
  "certified": [
    true
  ],
  "collected_kg": [
    559.3429158110883
  ],
  "done": 549,
  "elapsed_seconds": 979.3627232929994,
  "group": "cluster_fleet_v5c/clusters/family_0001",
  "slot": 3,
  "total": 805
}
{
  "certified": [
    true
  ],
  "collected_kg": [
    533.8809034907598
  ],
  "done": 550,
  "elapsed_seconds": 979.3628265949992,
  "group": "cluster_fleet_v5c/clusters/family_0001",
  "slot": 4,
  "total": 805
}
{
  "certified": [
    true
  ],
  "collected_kg": [
    468.58316221765915
  ],
  "done": 551,
  "elapsed_seconds": 979.3628711519996,
  "group": "cluster_fleet_v5c/clusters/family_0002",
  "slot": 1,
  "total": 805
}
{
  "certified": [
    true
  ],
  "collected_kg": [
    499.3839835728953
  ],
  "done": 552,
  "elapsed_seconds": 979.3629153179991,
  "group": "cluster_fleet_v5c/clusters/family_0002",
  "slot": 2,
  "total": 805
}
{
  "certified": [
    true
  ],
  "collected_kg": [
    428.33675564681727
  ],
  "done": 553,
  "elapsed_seconds": 979.3629570419998,
  "group": "cluster_fleet_v5c/clusters/family_0002",
  "slot": 3,
  "total": 805
}
{
  "certified": [
    true
  ],
  "collected_kg": [
    549.4866529774127
  ],
  "done": 554,
  "elapsed_seconds": 979.362993109,
  "group": "cluster_fleet_v5c/clusters/family_0002",
  "slot": 4,
  "total": 805
}
{
  "certified": [
    true
  ],
  "collected_kg": [
    496.78302532511975
  ],
  "done": 555,
  "elapsed_seconds": 979.3630260959999,
  "group": "cluster_fleet_v5c/clusters/family_0003",
  "slot": 1,
  "total": 805
}
{
  "certified": [
    true
  ],
  "collected_kg": [
    547.4332648870636
  ],
  "done": 556,
  "elapsed_seconds": 983.563511635999,
  "group": "cluster_fleet_v5c/clusters/family_0003",
  "slot": 2,
  "total": 805
}
{
  "certified": [
    true
  ],
  "collected_kg": [
    504.7227926078029
  ],
  "done": 557,
  "elapsed_seconds": 994.3977911540005,
  "group": "cluster_fleet_v5c/clusters/family_0003",
  "slot": 3,
  "total": 805
}
{
  "certified": [
    true
  ],
  "collected_kg": [
    462.0123203285421
  ],
  "done": 558,
  "elapsed_seconds": 994.3979048799993,
  "group": "cluster_fleet_v5c/clusters/family_0003",
  "slot": 4,
  "total": 805
}
{
  "certified": [
    true
  ],
  "collected_kg": [
    523.2032854209446
  ],
  "done": 559,
  "elapsed_seconds": 994.3979441829997,
  "group": "cluster_fleet_v5c/clusters/family_0004",
  "slot": 1,
  "total": 805
}
{
  "certified": [
    true
  ],
  "collected_kg": [
    498.15195071868584
  ],
  "done": 560,
  "elapsed_seconds": 994.3979734829991,
  "group": "cluster_fleet_v5c/clusters/family_0004",
  "slot": 2,
  "total": 805
}
{
  "certified": [
    true
  ],
  "collected_kg": [
    507.5975359342916
  ],
  "done": 561,
  "elapsed_seconds": 994.3979998310006,
  "group": "cluster_fleet_v5c/clusters/family_0004",
  "slot": 3,
  "total": 805
}
{
  "certified": [
    true
  ],
  "collected_kg": [
    518.2751540041068
  ],
  "done": 562,
  "elapsed_seconds": 995.1172209590004,
  "group": "cluster_fleet_v5c/clusters/family_0004",
  "slot": 4,
  "total": 805
}
{
  "certified": [
    true
  ],
  "collected_kg": [
    460.36960985626285
  ],
  "done": 563,
  "elapsed_seconds": 1004.3793155999992,
  "group": "cluster_fleet_v5c/clusters/family_0005",
  "slot": 1,
  "total": 805
}
{
  "certified": [
    true
  ],
  "collected_kg": [
    464.0657084188912
  ],
  "done": 564,
  "elapsed_seconds": 1004.3794306489999,
  "group": "cluster_fleet_v5c/clusters/family_0005",
  "slot": 2,
  "total": 805
}
{
  "certified": [
    true
  ],
  "collected_kg": [
    558.9322381930185
  ],
  "done": 565,
  "elapsed_seconds": 1004.3794730440004,
  "group": "cluster_fleet_v5c/clusters/family_0005",
  "slot": 3,
  "total": 805
}
{
  "certified": [
    true
  ],
  "collected_kg": [
    524.2984257357974
  ],
  "done": 566,
  "elapsed_seconds": 1004.3795232190005,
  "group": "cluster_fleet_v5c/clusters/family_0005",
  "slot": 4,
  "total": 805
}
{
  "certified": [
    true
  ],
  "collected_kg": [
    485.8316221765914
  ],
  "done": 567,
  "elapsed_seconds": 1012.5096628720003,
  "group": "cluster_fleet_v5c/clusters/family_0006",
  "slot": 1,
  "total": 805
}
{
  "certified": [
    true
  ],
  "collected_kg": [
    505.9548254620123
  ],
  "done": 568,
  "elapsed_seconds": 1012.509926200999,
  "group": "cluster_fleet_v5c/clusters/family_0006",
  "slot": 2,
  "total": 805
}
{
  "certified": [
    true
  ],
  "collected_kg": [
    386.4476386036961
  ],
  "done": 569,
  "elapsed_seconds": 1012.5100692340002,
  "group": "cluster_fleet_v5c/clusters/family_0006",
  "slot": 3,
  "total": 805
}
{
  "certified": [
    true
  ],
  "collected_kg": [
    520.7392197125257
  ],
  "done": 570,
  "elapsed_seconds": 1012.5101066070001,
  "group": "cluster_fleet_v5c/clusters/family_0006",
  "slot": 4,
  "total": 805
}
{
  "certified": [
    true
  ],
  "collected_kg": [
    475.56468172484597
  ],
  "done": 571,
  "elapsed_seconds": 1012.5101450109996,
  "group": "cluster_fleet_v5c/clusters/family_0007",
  "slot": 1,
  "total": 805
}
{
  "certified": [
    true
  ],
  "collected_kg": [
    274.05886379192333
  ],
  "done": 572,
  "elapsed_seconds": 1012.5101716289992,
  "group": "cluster_fleet_v5c/clusters/family_0007",
  "slot": 2,
  "total": 805
}
{
  "certified": [
    true
  ],
  "collected_kg": [
    441.06776180698154
  ],
  "done": 573,
  "elapsed_seconds": 1012.5102019320002,
  "group": "cluster_fleet_v5c/clusters/family_0007",
  "slot": 3,
  "total": 805
}
{
  "certified": [
    true
  ],
  "collected_kg": [
    462.42299794661193
  ],
  "done": 574,
  "elapsed_seconds": 1014.4905627539993,
  "group": "cluster_fleet_v5c/clusters/family_0007",
  "slot": 4,
  "total": 805
}
{
  "certified": [
    true
  ],
  "collected_kg": [
    478.02874743326487
  ],
  "done": 575,
  "elapsed_seconds": 1014.4908757060002,
  "group": "cluster_fleet_v5c/clusters/family_0008",
  "slot": 1,
  "total": 805
}
{
  "certified": [
    true
  ],
  "collected_kg": [
    439.4250513347023
  ],
  "done": 576,
  "elapsed_seconds": 1037.426339611,
  "group": "cluster_fleet_v5c/clusters/family_0008",
  "slot": 2,
  "total": 805
}
{
  "certified": [
    true
  ],
  "collected_kg": [
    354.14099931553733
  ],
  "done": 577,
  "elapsed_seconds": 1037.427775881999,
  "group": "cluster_fleet_v5c/clusters/family_0008",
  "slot": 3,
  "total": 805
}
{
  "certified": [
    true
  ],
  "collected_kg": [
    493.63449691991786
  ],
  "done": 578,
  "elapsed_seconds": 1037.4278426189994,
  "group": "cluster_fleet_v5c/clusters/family_0008",
  "slot": 4,
  "total": 805
}
{
  "certified": [
    true
  ],
  "collected_kg": [
    441.4784394250513
  ],
  "done": 579,
  "elapsed_seconds": 1037.4278763900002,
  "group": "cluster_fleet_v5c/clusters/family_0009",
  "slot": 1,
  "total": 805
}
{
  "certified": [
    true
  ],
  "collected_kg": [
    496.5092402464066
  ],
  "done": 580,
  "elapsed_seconds": 1037.4279057450003,
  "group": "cluster_fleet_v5c/clusters/family_0009",
  "slot": 2,
  "total": 805
}
{
  "certified": [
    true
  ],
  "collected_kg": [
    458.3162217659137
  ],
  "done": 581,
  "elapsed_seconds": 1037.4279397110004,
  "group": "cluster_fleet_v5c/clusters/family_0009",
  "slot": 3,
  "total": 805
}
{
  "certified": [
    true
  ],
  "collected_kg": [
    424.64065708418894
  ],
  "done": 582,
  "elapsed_seconds": 1037.4279751979993,
  "group": "cluster_fleet_v5c/clusters/family_0009",
  "slot": 4,
  "total": 805
}
{
  "certified": [
    true
  ],
  "collected_kg": [
    507.5975359342916
  ],
  "done": 583,
  "elapsed_seconds": 1037.428001454,
  "group": "cluster_fleet_v5c/clusters/family_0011",
  "slot": 1,
  "total": 805
}
{
  "certified": [
    true
  ],
  "collected_kg": [
    467.3511293634497
  ],
  "done": 584,
  "elapsed_seconds": 1037.428142326,
  "group": "cluster_fleet_v5c/clusters/family_0011",
  "slot": 2,
  "total": 805
}
{
  "certified": [
    true
  ],
  "collected_kg": [
    338.9459274469541
  ],
  "done": 585,
  "elapsed_seconds": 1037.4281728679998,
  "group": "cluster_fleet_v5c/clusters/family_0011",
  "slot": 3,
  "total": 805
}
{
  "certified": [
    true
  ],
  "collected_kg": [
    433.67556468172484
  ],
  "done": 586,
  "elapsed_seconds": 1037.4281988679995,
  "group": "cluster_fleet_v5c/clusters/family_0011",
  "slot": 4,
  "total": 805
}
{
  "certified": [
    true
  ],
  "collected_kg": [
    530.1848049281314
  ],
  "done": 587,
  "elapsed_seconds": 1048.001248864999,
  "group": "cluster_fleet_v5c/clusters/family_0012",
  "slot": 1,
  "total": 805
}
{
  "certified": [
    true
  ],
  "collected_kg": [
    484.1889117043121
  ],
  "done": 588,
  "elapsed_seconds": 1048.0013785419997,
  "group": "cluster_fleet_v5c/clusters/family_0012",
  "slot": 2,
  "total": 805
}
{
  "certified": [
    true
  ],
  "collected_kg": [
    477.6180698151951
  ],
  "done": 589,
  "elapsed_seconds": 1048.0016295919995,
  "group": "cluster_fleet_v5c/clusters/family_0012",
  "slot": 3,
  "total": 805
}
{
  "certified": [
    true
  ],
  "collected_kg": [
    505.9548254620123
  ],
  "done": 590,
  "elapsed_seconds": 1048.0016761860006,
  "group": "cluster_fleet_v5c/clusters/family_0012",
  "slot": 4,
  "total": 805
}
{
  "certified": [
    true
  ],
  "collected_kg": [
    457.49486652977413
  ],
  "done": 591,
  "elapsed_seconds": 1048.0017119090007,
  "group": "cluster_fleet_v5c/clusters/family_0014",
  "slot": 1,
  "total": 805
}
{
  "certified": [
    true
  ],
  "collected_kg": [
    421.9028062970568
  ],
  "done": 592,
  "elapsed_seconds": 1048.0017571600001,
  "group": "cluster_fleet_v5c/clusters/family_0014",
  "slot": 2,
  "total": 805
}
{
  "certified": [
    true
  ],
  "collected_kg": [
    410.26694045174537
  ],
  "done": 593,
  "elapsed_seconds": 1056.3377785640005,
  "group": "cluster_fleet_v5c/clusters/family_0014",
  "slot": 3,
  "total": 805
}
{
  "certified": [
    true
  ],
  "collected_kg": [
    489.93839835728954
  ],
  "done": 594,
  "elapsed_seconds": 1056.3379063600005,
  "group": "cluster_fleet_v5c/clusters/family_0014",
  "slot": 4,
  "total": 805
}
{
  "certified": [
    true
  ],
  "collected_kg": [
    387.26899383983573
  ],
  "done": 595,
  "elapsed_seconds": 1056.3379554879994,
  "group": "cluster_fleet_v5c/clusters/family_0015",
  "slot": 1,
  "total": 805
}
{
  "certified": [
    true
  ],
  "collected_kg": [
    565.9137577002053
  ],
  "done": 596,
  "elapsed_seconds": 1056.3379957500001,
  "group": "cluster_fleet_v5c/clusters/family_0015",
  "slot": 2,
  "total": 805
}
{
  "certified": [
    true
  ],
  "collected_kg": [
    620.1232032854209
  ],
  "done": 597,
  "elapsed_seconds": 1058.2106410519991,
  "group": "cluster_fleet_v5c/clusters/family_0015",
  "slot": 3,
  "total": 805
}
{
  "certified": [
    true
  ],
  "collected_kg": [
    506.36550308008214
  ],
  "done": 598,
  "elapsed_seconds": 1065.6724441469996,
  "group": "cluster_fleet_v5c/clusters/family_0015",
  "slot": 4,
  "total": 805
}
{
  "certified": [
    true
  ],
  "collected_kg": [
    508.0082135523614
  ],
  "done": 599,
  "elapsed_seconds": 1065.6727033940006,
  "group": "cluster_fleet_v5c/clusters/family_0016",
  "slot": 2,
  "total": 805
}
{
  "certified": [
    true
  ],
  "collected_kg": [
    402.87474332648867
  ],
  "done": 600,
  "elapsed_seconds": 1065.6728617869994,
  "group": "cluster_fleet_v5c/clusters/family_0016",
  "slot": 3,
  "total": 805
}
{
  "certified": [
    true
  ],
  "collected_kg": [
    494.0451745379877
  ],
  "done": 601,
  "elapsed_seconds": 1065.8661283019992,
  "group": "cluster_fleet_v5c/clusters/family_0016",
  "slot": 4,
  "total": 805
}
{
  "certified": [
    true
  ],
  "collected_kg": [
    508.0082135523614
  ],
  "done": 602,
  "elapsed_seconds": 1065.866234908999,
  "group": "cluster_fleet_v5c/clusters/family_0019",
  "slot": 1,
  "total": 805
}
{
  "certified": [
    true
  ],
  "collected_kg": [
    496.91991786447636
  ],
  "done": 603,
  "elapsed_seconds": 1065.8662711479992,
  "group": "cluster_fleet_v5c/clusters/family_0019",
  "slot": 2,
  "total": 805
}
{
  "certified": [
    true
  ],
  "collected_kg": [
    445.58521560574945
  ],
  "done": 604,
  "elapsed_seconds": 1071.0905214939994,
  "group": "cluster_fleet_v5c/clusters/family_0019",
  "slot": 3,
  "total": 805
}
{
  "certified": [
    true
  ],
  "collected_kg": [
    452.1560574948665
  ],
  "done": 605,
  "elapsed_seconds": 1071.0906766989992,
  "group": "cluster_fleet_v5c/clusters/family_0019",
  "slot": 4,
  "total": 805
}
{
  "certified": [
    true
  ],
  "collected_kg": [
    464.0657084188912
  ],
  "done": 606,
  "elapsed_seconds": 1071.0907312309992,
  "group": "cluster_fleet_v5c/clusters/family_0021",
  "slot": 1,
  "total": 805
}
{
  "certified": [
    true
  ],
  "collected_kg": [
    519.0965092402464
  ],
  "done": 607,
  "elapsed_seconds": 1073.2204718640005,
  "group": "cluster_fleet_v5c/clusters/family_0021",
  "slot": 2,
  "total": 805
}
{
  "certified": [
    true
  ],
  "collected_kg": [
    422.5872689938398
  ],
  "done": 608,
  "elapsed_seconds": 1073.2207527449991,
  "group": "cluster_fleet_v5c/clusters/family_0021",
  "slot": 3,
  "total": 805
}
{
  "certified": [
    true
  ],
  "collected_kg": [
    418.8911704312115
  ],
  "done": 609,
  "elapsed_seconds": 1073.2208213499998,
  "group": "cluster_fleet_v5c/clusters/family_0021",
  "slot": 4,
  "total": 805
}
{
  "certified": [
    true
  ],
  "collected_kg": [
    505.54414784394254
  ],
  "done": 610,
  "elapsed_seconds": 1073.2208537360002,
  "group": "cluster_fleet_v5c/clusters/family_0026",
  "slot": 1,
  "total": 805
}
{
  "certified": [
    true
  ],
  "collected_kg": [
    504.7227926078029
  ],
  "done": 611,
  "elapsed_seconds": 1078.3427856950002,
  "group": "cluster_fleet_v5c/clusters/family_0026",
  "slot": 2,
  "total": 805
}
{
  "certified": [
    true
  ],
  "collected_kg": [
    559.7535934291581
  ],
  "done": 612,
  "elapsed_seconds": 1085.3736160110002,
  "group": "cluster_fleet_v5c/clusters/family_0026",
  "slot": 3,
  "total": 805
}
{
  "certified": [
    true
  ],
  "collected_kg": [
    518.6858316221766
  ],
  "done": 613,
  "elapsed_seconds": 1088.5940458589994,
  "group": "cluster_fleet_v5c/clusters/family_0026",
  "slot": 4,
  "total": 805
}
{
  "certified": [
    true
  ],
  "collected_kg": [
    535.7973990417522
  ],
  "done": 614,
  "elapsed_seconds": 1093.331415958999,
  "group": "cluster_fleet_v5c/clusters/family_0031",
  "slot": 1,
  "total": 805
}
{
  "certified": [
    true
  ],
  "collected_kg": [
    524.8459958932239
  ],
  "done": 615,
  "elapsed_seconds": 1093.3317001840005,
  "group": "cluster_fleet_v5c/clusters/family_0031",
  "slot": 2,
  "total": 805
}
{
  "certified": [
    true
  ],
  "collected_kg": [
    529.7741273100615
  ],
  "done": 616,
  "elapsed_seconds": 1093.331896755999,
  "group": "cluster_fleet_v5c/clusters/family_0031",
  "slot": 3,
  "total": 805
}
{
  "certified": [
    true
  ],
  "collected_kg": [
    486.652977412731
  ],
  "done": 617,
  "elapsed_seconds": 1102.0242159459995,
  "group": "cluster_fleet_v5c/clusters/family_0031",
  "slot": 4,
  "total": 805
}
{
  "certified": [
    true
  ],
  "collected_kg": [
    477.61806981519504
  ],
  "done": 618,
  "elapsed_seconds": 1102.0243471209997,
  "group": "cluster_fleet_v5c/clusters/family_0064",
  "slot": 1,
  "total": 805
}
{
  "certified": [
    true
  ],
  "collected_kg": [
    451.3347022587269
  ],
  "done": 619,
  "elapsed_seconds": 1102.024391629,
  "group": "cluster_fleet_v5c/clusters/family_0064",
  "slot": 2,
  "total": 805
}
{
  "certified": [
    true
  ],
  "collected_kg": [
    534.2915811088295
  ],
  "done": 620,
  "elapsed_seconds": 1102.0244417909998,
  "group": "cluster_fleet_v5c/clusters/family_0064",
  "slot": 3,
  "total": 805
}
{
  "certified": [
    true
  ],
  "collected_kg": [
    399.5893223819302
  ],
  "done": 621,
  "elapsed_seconds": 1102.0244689600004,
  "group": "cluster_fleet_v5c/clusters/family_0064",
  "slot": 4,
  "total": 805
}
{
  "certified": [
    true
  ],
  "collected_kg": [
    426.2833675564682
  ],
  "done": 622,
  "elapsed_seconds": 1102.0244937320003,
  "group": "cluster_fleet_v5c/clusters/family_0087",
  "slot": 1,
  "total": 805
}
{
  "certified": [
    true
  ],
  "collected_kg": [
    419.71252566735114
  ],
  "done": 623,
  "elapsed_seconds": 1102.0245204589992,
  "group": "cluster_fleet_v5c/clusters/family_0087",
  "slot": 2,
  "total": 805
}
{
  "certified": [
    true
  ],
  "collected_kg": [
    388.911704312115
  ],
  "done": 624,
  "elapsed_seconds": 1102.0245456899993,
  "group": "cluster_fleet_v5c/clusters/family_0087",
  "slot": 3,
  "total": 805
}
{
  "certified": [
    true
  ],
  "collected_kg": [
    462.0123203285421
  ],
  "done": 625,
  "elapsed_seconds": 1102.0245776150005,
  "group": "cluster_fleet_v5c/clusters/family_0087",
  "slot": 4,
  "total": 805
}
{
  "certified": [
    true
  ],
  "collected_kg": [
    439.83572895277206
  ],
  "done": 626,
  "elapsed_seconds": 1102.024600666,
  "group": "cluster_fleet_v5c/clusters/family_0274",
  "slot": 1,
  "total": 805
}
{
  "certified": [
    true
  ],
  "collected_kg": [
    381.51950718685833
  ],
  "done": 627,
  "elapsed_seconds": 1117.7317924439994,
  "group": "cluster_fleet_v5c/clusters/family_0274",
  "slot": 2,
  "total": 805
}
{
  "certified": [
    true
  ],
  "collected_kg": [
    426.2833675564682
  ],
  "done": 628,
  "elapsed_seconds": 1117.7319669839999,
  "group": "cluster_fleet_v5c/clusters/family_0319",
  "slot": 1,
  "total": 805
}
{
  "certified": [
    true
  ],
  "collected_kg": [
    355.23613963039014
  ],
  "done": 629,
  "elapsed_seconds": 1117.732031350999,
  "group": "cluster_fleet_v5c/clusters/family_0319",
  "slot": 2,
  "total": 805
}
{
  "certified": [
    true
  ],
  "collected_kg": [
    345.3798767967146
  ],
  "done": 630,
  "elapsed_seconds": 1117.732071385999,
  "group": "cluster_fleet_v5c/clusters/family_0337",
  "slot": 2,
  "total": 805
}
{
  "certified": [
    true
  ],
  "collected_kg": [
    348.25462012320327
  ],
  "done": 631,
  "elapsed_seconds": 1117.7321073420007,
  "group": "cluster_fleet_v5c/clusters/family_0337",
  "slot": 3,
  "total": 805
}
{
  "certified": [
    true
  ],
  "collected_kg": [
    469.8151950718686
  ],
  "done": 632,
  "elapsed_seconds": 1133.4524999019995,
  "group": "cluster_fleet_v5c/clusters/family_0384",
  "slot": 1,
  "total": 805
}
{
  "certified": [
    true
  ],
  "collected_kg": [
    345.7905544147844
  ],
  "done": 633,
  "elapsed_seconds": 1133.452798749,
  "group": "cluster_fleet_v5c/clusters/family_0384",
  "slot": 2,
  "total": 805
}
{
  "certified": [
    true
  ],
  "collected_kg": [
    528.1314168377824
  ],
  "done": 634,
  "elapsed_seconds": 1133.452990333999,
  "group": "cluster_fleet_v5c/clusters/family_0429",
  "slot": 2,
  "total": 805
}
{
  "certified": [
    true
  ],
  "collected_kg": [
    360.98562628336754
  ],
  "done": 635,
  "elapsed_seconds": 1133.453100409999,
  "group": "cluster_fleet_v5c/clusters/family_0429",
  "slot": 3,
  "total": 805
}
{
  "certified": [
    true
  ],
  "collected_kg": [
    457.0841889117043
  ],
  "done": 636,
  "elapsed_seconds": 1133.4531484140007,
  "group": "cluster_fleet_v5c/clusters/family_0442",
  "slot": 1,
  "total": 805
}
{
  "certified": [
    true
  ],
  "collected_kg": [
    183.9835728952772
  ],
  "done": 637,
  "elapsed_seconds": 1133.4531793780006,
  "group": "cluster_fleet_v5c/clusters/family_0442",
  "slot": 2,
  "total": 805
}
{
  "certified": [
    true
  ],
  "collected_kg": [
    550.3080082135524
  ],
  "done": 638,
  "elapsed_seconds": 1133.453232890999,
  "group": "cluster_fleet_v6/clusters/family_0000",
  "slot": 1,
  "total": 805
}
{
  "certified": [
    true
  ],
  "collected_kg": [
    525.6673511293634
  ],
  "done": 639,
  "elapsed_seconds": 1133.453266172999,
  "group": "cluster_fleet_v6/clusters/family_0000",
  "slot": 2,
  "total": 805
}
{
  "certified": [
    true
  ],
  "collected_kg": [
    537.5770020533881
  ],
  "done": 640,
  "elapsed_seconds": 1133.4532950070006,
  "group": "cluster_fleet_v6/clusters/family_0000",
  "slot": 3,
  "total": 805
}
{
  "certified": [
    true
  ],
  "collected_kg": [
    582.7515400410678
  ],
  "done": 641,
  "elapsed_seconds": 1133.4533236989992,
  "group": "cluster_fleet_v6/clusters/family_0001",
  "slot": 1,
  "total": 805
}
{
  "certified": [
    true
  ],
  "collected_kg": [
    598.3572895277207
  ],
  "done": 642,
  "elapsed_seconds": 1144.4861803259992,
  "group": "cluster_fleet_v6/clusters/family_0001",
  "slot": 2,
  "total": 805
}
{
  "certified": [
    true
  ],
  "collected_kg": [
    484.87337440109513
  ],
  "done": 643,
  "elapsed_seconds": 1145.476791514,
  "group": "cluster_fleet_v6/clusters/family_0001",
  "slot": 3,
  "total": 805
}
{
  "certified": [
    true
  ],
  "collected_kg": [
    558.5215605749487
  ],
  "done": 644,
  "elapsed_seconds": 1145.476927578,
  "group": "cluster_fleet_v6/clusters/family_0001",
  "slot": 4,
  "total": 805
}
{
  "certified": [
    true
  ],
  "collected_kg": [
    495.68788501026694
  ],
  "done": 645,
  "elapsed_seconds": 1145.4769928780006,
  "group": "cluster_fleet_v6/clusters/family_0001",
  "slot": 5,
  "total": 805
}
{
  "certified": [
    false
  ],
  "collected_kg": [
    0.0
  ],
  "done": 646,
  "elapsed_seconds": 1174.7518341359992,
  "group": "cluster_fleet_v6/clusters/family_0002",
  "slot": 2,
  "total": 805
}
{
  "certified": [
    true
  ],
  "collected_kg": [
    464.476386036961
  ],
  "done": 647,
  "elapsed_seconds": 1174.752092409999,
  "group": "cluster_fleet_v6/clusters/family_0002",
  "slot": 3,
  "total": 805
}
{
  "certified": [
    true
  ],
  "collected_kg": [
    444.35318275154003
  ],
  "done": 648,
  "elapsed_seconds": 1174.7522652650005,
  "group": "cluster_fleet_v6/clusters/family_0003",
  "slot": 1,
  "total": 805
}
{
  "certified": [
    true
  ],
  "collected_kg": [
    493.63449691991786
  ],
  "done": 649,
  "elapsed_seconds": 1174.7523200079995,
  "group": "cluster_fleet_v6/clusters/family_0003",
  "slot": 2,
  "total": 805
}
{
  "certified": [
    true
  ],
  "collected_kg": [
    407.80287474332647
  ],
  "done": 650,
  "elapsed_seconds": 1174.7523688620004,
  "group": "cluster_fleet_v6/clusters/family_0003",
  "slot": 3,
  "total": 805
}
{
  "certified": [
    true
  ],
  "collected_kg": [
    395.07186858316226
  ],
  "done": 651,
  "elapsed_seconds": 1174.7524029140004,
  "group": "cluster_fleet_v6/clusters/family_0003",
  "slot": 4,
  "total": 805
}
{
  "certified": [
    true
  ],
  "collected_kg": [
    333.4702258726899
  ],
  "done": 652,
  "elapsed_seconds": 1174.752432407,
  "group": "cluster_fleet_v6/clusters/family_0003",
  "slot": 5,
  "total": 805
}
{
  "certified": [
    true
  ],
  "collected_kg": [
    488.70636550308006
  ],
  "done": 653,
  "elapsed_seconds": 1174.7524618379994,
  "group": "cluster_fleet_v6/clusters/family_0004",
  "slot": 1,
  "total": 805
}
{
  "certified": [
    true
  ],
  "collected_kg": [
    519.3702943189596
  ],
  "done": 654,
  "elapsed_seconds": 1174.7524952610001,
  "group": "cluster_fleet_v6/clusters/family_0004",
  "slot": 2,
  "total": 805
}
{
  "certified": [
    true
  ],
  "collected_kg": [
    475.01711156741953
  ],
  "done": 655,
  "elapsed_seconds": 1174.7525245020006,
  "group": "cluster_fleet_v6/clusters/family_0004",
  "slot": 3,
  "total": 805
}
{
  "certified": [
    true
  ],
  "collected_kg": [
    491.9917864476386
  ],
  "done": 656,
  "elapsed_seconds": 1174.7525560459999,
  "group": "cluster_fleet_v6/clusters/family_0004",
  "slot": 5,
  "total": 805
}
{
  "certified": [
    true
  ],
  "collected_kg": [
    506.36550308008214
  ],
  "done": 657,
  "elapsed_seconds": 1174.752596757,
  "group": "cluster_fleet_v6/clusters/family_0005",
  "slot": 1,
  "total": 805
}
{
  "certified": [
    true
  ],
  "collected_kg": [
    578.6447638603696
  ],
  "done": 658,
  "elapsed_seconds": 1175.1508964229997,
  "group": "cluster_fleet_v6/clusters/family_0005",
  "slot": 2,
  "total": 805
}
{
  "certified": [
    true
  ],
  "collected_kg": [
    565.5030800821355
  ],
  "done": 659,
  "elapsed_seconds": 1175.1510051669993,
  "group": "cluster_fleet_v6/clusters/family_0005",
  "slot": 3,
  "total": 805
}
{
  "certified": [
    true
  ],
  "collected_kg": [
    529.637234770705
  ],
  "done": 660,
  "elapsed_seconds": 1175.1510466870004,
  "group": "cluster_fleet_v6/clusters/family_0005",
  "slot": 4,
  "total": 805
}
{
  "certified": [
    true
  ],
  "collected_kg": [
    485.42094455852157
  ],
  "done": 661,
  "elapsed_seconds": 1175.9388527749998,
  "group": "cluster_fleet_v6/clusters/family_0005",
  "slot": 5,
  "total": 805
}
{
  "certified": [
    true
  ],
  "collected_kg": [
    603.2854209445585
  ],
  "done": 662,
  "elapsed_seconds": 1175.939119270999,
  "group": "cluster_fleet_v6/clusters/family_0006",
  "slot": 1,
  "total": 805
}
{
  "certified": [
    true
  ],
  "collected_kg": [
    495.68788501026694
  ],
  "done": 663,
  "elapsed_seconds": 1175.9391803460003,
  "group": "cluster_fleet_v6/clusters/family_0006",
  "slot": 2,
  "total": 805
}
{
  "certified": [
    true
  ],
  "collected_kg": [
    484.1889117043121
  ],
  "done": 664,
  "elapsed_seconds": 1182.2293498649997,
  "group": "cluster_fleet_v6/clusters/family_0006",
  "slot": 3,
  "total": 805
}
{
  "certified": [
    true
  ],
  "collected_kg": [
    463.2443531827515
  ],
  "done": 665,
  "elapsed_seconds": 1182.2294621309993,
  "group": "cluster_fleet_v6/clusters/family_0006",
  "slot": 4,
  "total": 805
}
{
  "certified": [
    true
  ],
  "collected_kg": [
    366.735112936345
  ],
  "done": 666,
  "elapsed_seconds": 1190.7614033970003,
  "group": "cluster_fleet_v6/clusters/family_0006",
  "slot": 5,
  "total": 805
}
{
  "certified": [
    true
  ],
  "collected_kg": [
    528.8158795345654
  ],
  "done": 667,
  "elapsed_seconds": 1190.761531835,
  "group": "cluster_fleet_v6/clusters/family_0007",
  "slot": 1,
  "total": 805
}
{
  "certified": [
    true
  ],
  "collected_kg": [
    573.7166324435318
  ],
  "done": 668,
  "elapsed_seconds": 1194.4468056410005,
  "group": "cluster_fleet_v6/clusters/family_0007",
  "slot": 2,
  "total": 805
}
{
  "certified": [
    true
  ],
  "collected_kg": [
    538.8090349075976
  ],
  "done": 669,
  "elapsed_seconds": 1194.4469658020007,
  "group": "cluster_fleet_v6/clusters/family_0007",
  "slot": 3,
  "total": 805
}
{
  "certified": [
    true
  ],
  "collected_kg": [
    481.58795345653664
  ],
  "done": 670,
  "elapsed_seconds": 1194.4472425210006,
  "group": "cluster_fleet_v6/clusters/family_0007",
  "slot": 4,
  "total": 805
}
{
  "certified": [
    true
  ],
  "collected_kg": [
    440.6570841889117
  ],
  "done": 671,
  "elapsed_seconds": 1194.4473060630007,
  "group": "cluster_fleet_v6/clusters/family_0007",
  "slot": 5,
  "total": 805
}
{
  "certified": [
    true
  ],
  "collected_kg": [
    558.2477754962355
  ],
  "done": 672,
  "elapsed_seconds": 1194.4473414349995,
  "group": "cluster_fleet_v6/clusters/family_0008",
  "slot": 2,
  "total": 805
}
{
  "certified": [
    true
  ],
  "collected_kg": [
    469.8151950718686
  ],
  "done": 673,
  "elapsed_seconds": 1194.4473878789995,
  "group": "cluster_fleet_v6/clusters/family_0008",
  "slot": 3,
  "total": 805
}
{
  "certified": [
    true
  ],
  "collected_kg": [
    505.27036276522927
  ],
  "done": 674,
  "elapsed_seconds": 1200.48001965,
  "group": "cluster_fleet_v6/clusters/family_0008",
  "slot": 4,
  "total": 805
}
{
  "certified": [
    true
  ],
  "collected_kg": [
    493.22381930184804
  ],
  "done": 675,
  "elapsed_seconds": 1200.4801642500006,
  "group": "cluster_fleet_v6/clusters/family_0008",
  "slot": 5,
  "total": 805
}
{
  "certified": [
    true
  ],
  "collected_kg": [
    508.0082135523614
  ],
  "done": 676,
  "elapsed_seconds": 1200.4802239260007,
  "group": "cluster_fleet_v6/clusters/family_0009",
  "slot": 1,
  "total": 805
}
{
  "certified": [
    true
  ],
  "collected_kg": [
    530.5954825462012
  ],
  "done": 677,
  "elapsed_seconds": 1204.8045639939992,
  "group": "cluster_fleet_v6/clusters/family_0009",
  "slot": 2,
  "total": 805
}
{
  "certified": [
    true
  ],
  "collected_kg": [
    392.6078028747433
  ],
  "done": 678,
  "elapsed_seconds": 1204.8046910569992,
  "group": "cluster_fleet_v6/clusters/family_0009",
  "slot": 3,
  "total": 805
}
{
  "certified": [
    true
  ],
  "collected_kg": [
    341.6837782340863
  ],
  "done": 679,
  "elapsed_seconds": 1206.0298037020002,
  "group": "cluster_fleet_v6/clusters/family_0009",
  "slot": 5,
  "total": 805
}
{
  "certified": [
    true
  ],
  "collected_kg": [
    513.6208076659822
  ],
  "done": 680,
  "elapsed_seconds": 1206.0299368710002,
  "group": "cluster_fleet_v6/clusters/family_0010",
  "slot": 1,
  "total": 805
}
{
  "certified": [
    true
  ],
  "collected_kg": [
    432.85420944558524
  ],
  "done": 681,
  "elapsed_seconds": 1213.0845562510003,
  "group": "cluster_fleet_v6/clusters/family_0010",
  "slot": 2,
  "total": 805
}
{
  "certified": [
    true
  ],
  "collected_kg": [
    477.48117727583843
  ],
  "done": 682,
  "elapsed_seconds": 1220.134630302,
  "group": "cluster_fleet_v6/clusters/family_0010",
  "slot": 3,
  "total": 805
}
{
  "certified": [
    true
  ],
  "collected_kg": [
    401.64271047227925
  ],
  "done": 683,
  "elapsed_seconds": 1220.1347833679993,
  "group": "cluster_fleet_v6/clusters/family_0010",
  "slot": 4,
  "total": 805
}
{
  "certified": [
    true
  ],
  "collected_kg": [
    373.30595482546204
  ],
  "done": 684,
  "elapsed_seconds": 1220.1349582029998,
  "group": "cluster_fleet_v6/clusters/family_0010",
  "slot": 5,
  "total": 805
}
{
  "certified": [
    true
  ],
  "collected_kg": [
    500.47912388774813
  ],
  "done": 685,
  "elapsed_seconds": 1220.1350002050003,
  "group": "cluster_fleet_v6/clusters/family_0011",
  "slot": 1,
  "total": 805
}
{
  "certified": [
    true
  ],
  "collected_kg": [
    509.24024640657086
  ],
  "done": 686,
  "elapsed_seconds": 1220.1350280900006,
  "group": "cluster_fleet_v6/clusters/family_0011",
  "slot": 2,
  "total": 805
}
{
  "certified": [
    true
  ],
  "collected_kg": [
    509.65092402464063
  ],
  "done": 687,
  "elapsed_seconds": 1220.1350520680007,
  "group": "cluster_fleet_v6/clusters/family_0011",
  "slot": 3,
  "total": 805
}
{
  "certified": [
    true
  ],
  "collected_kg": [
    369.60985626283366
  ],
  "done": 688,
  "elapsed_seconds": 1221.9662999480006,
  "group": "cluster_fleet_v6/clusters/family_0011",
  "slot": 4,
  "total": 805
}
{
  "certified": [
    true
  ],
  "collected_kg": [
    284.1889117043121
  ],
  "done": 689,
  "elapsed_seconds": 1222.0572430480006,
  "group": "cluster_fleet_v6/clusters/family_0011",
  "slot": 5,
  "total": 805
}
{
  "certified": [
    true
  ],
  "collected_kg": [
    545.7905544147844
  ],
  "done": 690,
  "elapsed_seconds": 1222.0573531850005,
  "group": "cluster_fleet_v6/clusters/family_0012",
  "slot": 1,
  "total": 805
}
{
  "certified": [
    true
  ],
  "collected_kg": [
    515.2635181382615
  ],
  "done": 691,
  "elapsed_seconds": 1232.0817944709997,
  "group": "cluster_fleet_v6/clusters/family_0012",
  "slot": 2,
  "total": 805
}
{
  "certified": [
    true
  ],
  "collected_kg": [
    463.65503080082135
  ],
  "done": 692,
  "elapsed_seconds": 1232.0819424889996,
  "group": "cluster_fleet_v6/clusters/family_0012",
  "slot": 3,
  "total": 805
}
{
  "certified": [
    true
  ],
  "collected_kg": [
    291.5811088295688
  ],
  "done": 693,
  "elapsed_seconds": 1232.0820066479992,
  "group": "cluster_fleet_v6/clusters/family_0012",
  "slot": 4,
  "total": 805
}
{
  "certified": [
    true
  ],
  "collected_kg": [
    512.2518822724162
  ],
  "done": 694,
  "elapsed_seconds": 1237.152532815,
  "group": "cluster_fleet_v6/clusters/family_0014",
  "slot": 1,
  "total": 805
}
{
  "certified": [
    true
  ],
  "collected_kg": [
    437.782340862423
  ],
  "done": 695,
  "elapsed_seconds": 1237.1528005689997,
  "group": "cluster_fleet_v6/clusters/family_0014",
  "slot": 2,
  "total": 805
}
{
  "certified": [
    true
  ],
  "collected_kg": [
    387.67967145790556
  ],
  "done": 696,
  "elapsed_seconds": 1237.1529438529997,
  "group": "cluster_fleet_v6/clusters/family_0014",
  "slot": 3,
  "total": 805
}
{
  "certified": [
    true
  ],
  "collected_kg": [
    459.00068446269677
  ],
  "done": 697,
  "elapsed_seconds": 1237.1529874240005,
  "group": "cluster_fleet_v6/clusters/family_0014",
  "slot": 4,
  "total": 805
}
{
  "certified": [
    true
  ],
  "collected_kg": [
    347.4332648870637
  ],
  "done": 698,
  "elapsed_seconds": 1237.1530247049996,
  "group": "cluster_fleet_v6/clusters/family_0014",
  "slot": 5,
  "total": 805
}
{
  "certified": [
    true
  ],
  "collected_kg": [
    468.1724845995893
  ],
  "done": 699,
  "elapsed_seconds": 1237.153058713,
  "group": "cluster_fleet_v6/clusters/family_0015",
  "slot": 1,
  "total": 805
}
{
  "certified": [
    true
  ],
  "collected_kg": [
    412.73100616016427
  ],
  "done": 700,
  "elapsed_seconds": 1246.430562767,
  "group": "cluster_fleet_v6/clusters/family_0015",
  "slot": 2,
  "total": 805
}
{
  "certified": [
    true
  ],
  "collected_kg": [
    386.03696098562625
  ],
  "done": 701,
  "elapsed_seconds": 1246.4308367970007,
  "group": "cluster_fleet_v6/clusters/family_0015",
  "slot": 3,
  "total": 805
}
{
  "certified": [
    true
  ],
  "collected_kg": [
    216.83778234086242
  ],
  "done": 702,
  "elapsed_seconds": 1252.5537881319997,
  "group": "cluster_fleet_v6/clusters/family_0015",
  "slot": 4,
  "total": 805
}
{
  "certified": [
    true
  ],
  "collected_kg": [
    505.9548254620123
  ],
  "done": 703,
  "elapsed_seconds": 1252.5540694329993,
  "group": "cluster_fleet_v6/clusters/family_0017",
  "slot": 1,
  "total": 805
}
{
  "certified": [
    true
  ],
  "collected_kg": [
    445.9958932238193
  ],
  "done": 704,
  "elapsed_seconds": 1252.554227008999,
  "group": "cluster_fleet_v6/clusters/family_0017",
  "slot": 2,
  "total": 805
}
{
  "certified": [
    true
  ],
  "collected_kg": [
    398.35728952772075
  ],
  "done": 705,
  "elapsed_seconds": 1252.692164348,
  "group": "cluster_fleet_v6/clusters/family_0017",
  "slot": 3,
  "total": 805
}
{
  "certified": [
    true
  ],
  "collected_kg": [
    432.0328542094456
  ],
  "done": 706,
  "elapsed_seconds": 1252.6922929880002,
  "group": "cluster_fleet_v6/clusters/family_0017",
  "slot": 4,
  "total": 805
}
{
  "certified": [
    true
  ],
  "collected_kg": [
    353.5934291581109
  ],
  "done": 707,
  "elapsed_seconds": 1252.8257934659996,
  "group": "cluster_fleet_v6/clusters/family_0017",
  "slot": 5,
  "total": 805
}
{
  "certified": [
    true
  ],
  "collected_kg": [
    528.1314168377824
  ],
  "done": 708,
  "elapsed_seconds": 1256.0399730749996,
  "group": "cluster_fleet_v6/clusters/family_0018",
  "slot": 1,
  "total": 805
}
{
  "certified": [
    true
  ],
  "collected_kg": [
    484.0520191649555
  ],
  "done": 709,
  "elapsed_seconds": 1257.500053063999,
  "group": "cluster_fleet_v6/clusters/family_0018",
  "slot": 2,
  "total": 805
}
{
  "certified": [
    true
  ],
  "collected_kg": [
    430.39014373716634
  ],
  "done": 710,
  "elapsed_seconds": 1261.472217098999,
  "group": "cluster_fleet_v6/clusters/family_0018",
  "slot": 3,
  "total": 805
}
{
  "certified": [
    true
  ],
  "collected_kg": [
    439.4250513347023
  ],
  "done": 711,
  "elapsed_seconds": 1261.4723248869996,
  "group": "cluster_fleet_v6/clusters/family_0018",
  "slot": 4,
  "total": 805
}
{
  "certified": [
    true
  ],
  "collected_kg": [
    319.0965092402464
  ],
  "done": 712,
  "elapsed_seconds": 1261.4723586929995,
  "group": "cluster_fleet_v6/clusters/family_0018",
  "slot": 5,
  "total": 805
}
{
  "certified": [
    true
  ],
  "collected_kg": [
    525.3935660506503
  ],
  "done": 713,
  "elapsed_seconds": 1267.1698412589994,
  "group": "cluster_fleet_v6/clusters/family_0019",
  "slot": 1,
  "total": 805
}
{
  "certified": [
    true
  ],
  "collected_kg": [
    421.7659137577002
  ],
  "done": 714,
  "elapsed_seconds": 1267.1699953949992,
  "group": "cluster_fleet_v6/clusters/family_0019",
  "slot": 2,
  "total": 805
}
{
  "certified": [
    true
  ],
  "collected_kg": [
    543.3264887063655
  ],
  "done": 715,
  "elapsed_seconds": 1267.1700373450003,
  "group": "cluster_fleet_v6/clusters/family_0019",
  "slot": 3,
  "total": 805
}
{
  "certified": [
    true
  ],
  "collected_kg": [
    319.50718685831623
  ],
  "done": 716,
  "elapsed_seconds": 1267.1700689219997,
  "group": "cluster_fleet_v6/clusters/family_0019",
  "slot": 4,
  "total": 805
}
{
  "certified": [
    true
  ],
  "collected_kg": [
    495.2772073921971
  ],
  "done": 717,
  "elapsed_seconds": 1276.233795967999,
  "group": "cluster_fleet_v6/clusters/family_0020",
  "slot": 1,
  "total": 805
}
{
  "certified": [
    true
  ],
  "collected_kg": [
    434.90759753593426
  ],
  "done": 718,
  "elapsed_seconds": 1276.2339383029994,
  "group": "cluster_fleet_v6/clusters/family_0020",
  "slot": 2,
  "total": 805
}
{
  "certified": [
    true
  ],
  "collected_kg": [
    497.3305954825462
  ],
  "done": 719,
  "elapsed_seconds": 1276.2339894689994,
  "group": "cluster_fleet_v6/clusters/family_0020",
  "slot": 3,
  "total": 805
}
{
  "certified": [
    true
  ],
  "collected_kg": [
    410.6776180698152
  ],
  "done": 720,
  "elapsed_seconds": 1280.6373172500007,
  "group": "cluster_fleet_v6/clusters/family_0020",
  "slot": 4,
  "total": 805
}
{
  "certified": [
    true
  ],
  "collected_kg": [
    503.90143737166323
  ],
  "done": 721,
  "elapsed_seconds": 1283.0564479660006,
  "group": "cluster_fleet_v6/clusters/family_0022",
  "slot": 1,
  "total": 805
}
{
  "certified": [
    true
  ],
  "collected_kg": [
    449.28131416837783
  ],
  "done": 722,
  "elapsed_seconds": 1283.056612897999,
  "group": "cluster_fleet_v6/clusters/family_0022",
  "slot": 2,
  "total": 805
}
{
  "certified": [
    true
  ],
  "collected_kg": [
    417.24845995893224
  ],
  "done": 723,
  "elapsed_seconds": 1283.056668367999,
  "group": "cluster_fleet_v6/clusters/family_0022",
  "slot": 3,
  "total": 805
}
{
  "certified": [
    true
  ],
  "collected_kg": [
    284.7364818617385
  ],
  "done": 724,
  "elapsed_seconds": 1283.0567161380004,
  "group": "cluster_fleet_v6/clusters/family_0022",
  "slot": 4,
  "total": 805
}
{
  "certified": [
    true
  ],
  "collected_kg": [
    469.8151950718686
  ],
  "done": 725,
  "elapsed_seconds": 1283.0567644509993,
  "group": "cluster_fleet_v6/clusters/family_0023",
  "slot": 1,
  "total": 805
}
{
  "certified": [
    true
  ],
  "collected_kg": [
    476.3860369609856
  ],
  "done": 726,
  "elapsed_seconds": 1298.3778189299992,
  "group": "cluster_fleet_v6/clusters/family_0023",
  "slot": 2,
  "total": 805
}
{
  "certified": [
    true
  ],
  "collected_kg": [
    390.96509240246405
  ],
  "done": 727,
  "elapsed_seconds": 1298.3779525640002,
  "group": "cluster_fleet_v6/clusters/family_0023",
  "slot": 3,
  "total": 805
}
{
  "certified": [
    true
  ],
  "collected_kg": [
    545.3798767967146
  ],
  "done": 728,
  "elapsed_seconds": 1298.3780089890006,
  "group": "cluster_fleet_v6/clusters/family_0024",
  "slot": 1,
  "total": 805
}
{
  "certified": [
    true
  ],
  "collected_kg": [
    554.0041067761807
  ],
  "done": 729,
  "elapsed_seconds": 1298.378055403,
  "group": "cluster_fleet_v6/clusters/family_0024",
  "slot": 2,
  "total": 805
}
{
  "certified": [
    true
  ],
  "collected_kg": [
    477.6180698151951
  ],
  "done": 730,
  "elapsed_seconds": 1298.3780899060002,
  "group": "cluster_fleet_v6/clusters/family_0024",
  "slot": 4,
  "total": 805
}
{
  "certified": [
    true
  ],
  "collected_kg": [
    542.5051334702259
  ],
  "done": 731,
  "elapsed_seconds": 1309.8843365520006,
  "group": "cluster_fleet_v6/clusters/family_0024",
  "slot": 5,
  "total": 805
}
{
  "certified": [
    true
  ],
  "collected_kg": [
    558.9322381930185
  ],
  "done": 732,
  "elapsed_seconds": 1309.8844857879994,
  "group": "cluster_fleet_v6/clusters/family_0025",
  "slot": 1,
  "total": 805
}
{
  "certified": [
    true
  ],
  "collected_kg": [
    496.5092402464066
  ],
  "done": 733,
  "elapsed_seconds": 1309.8845343289995,
  "group": "cluster_fleet_v6/clusters/family_0025",
  "slot": 4,
  "total": 805
}
{
  "certified": [
    true
  ],
  "collected_kg": [
    589.3223819301847
  ],
  "done": 734,
  "elapsed_seconds": 1309.8845686040004,
  "group": "cluster_fleet_v6/clusters/family_0025",
  "slot": 5,
  "total": 805
}
{
  "certified": [
    true
  ],
  "collected_kg": [
    474.7433264887064
  ],
  "done": 735,
  "elapsed_seconds": 1309.8846002320006,
  "group": "cluster_fleet_v6/clusters/family_0029",
  "slot": 1,
  "total": 805
}
{
  "certified": [
    true
  ],
  "collected_kg": [
    510.4722792607803
  ],
  "done": 736,
  "elapsed_seconds": 1309.8846307050007,
  "group": "cluster_fleet_v6/clusters/family_0029",
  "slot": 2,
  "total": 805
}
{
  "certified": [
    true
  ],
  "collected_kg": [
    418.8911704312115
  ],
  "done": 737,
  "elapsed_seconds": 1309.884670808,
  "group": "cluster_fleet_v6/clusters/family_0029",
  "slot": 3,
  "total": 805
}
{
  "certified": [
    true
  ],
  "collected_kg": [
    550.0342231348392
  ],
  "done": 738,
  "elapsed_seconds": 1323.9763967489998,
  "group": "cluster_fleet_v6/clusters/family_0035",
  "slot": 1,
  "total": 805
}
{
  "certified": [
    true
  ],
  "collected_kg": [
    554.0041067761807
  ],
  "done": 739,
  "elapsed_seconds": 1323.9777790099997,
  "group": "cluster_fleet_v6/clusters/family_0035",
  "slot": 2,
  "total": 805
}
{
  "certified": [
    true
  ],
  "collected_kg": [
    447.6386036960986
  ],
  "done": 740,
  "elapsed_seconds": 1323.9778538259998,
  "group": "cluster_fleet_v6/clusters/family_0035",
  "slot": 3,
  "total": 805
}
{
  "certified": [
    true
  ],
  "collected_kg": [
    498.56262833675567
  ],
  "done": 741,
  "elapsed_seconds": 1323.9778928340002,
  "group": "cluster_fleet_v6/clusters/family_0036",
  "slot": 1,
  "total": 805
}
{
  "certified": [
    true
  ],
  "collected_kg": [
    450.1026694045175
  ],
  "done": 742,
  "elapsed_seconds": 1333.3034857620005,
  "group": "cluster_fleet_v6/clusters/family_0036",
  "slot": 2,
  "total": 805
}
{
  "certified": [
    true
  ],
  "collected_kg": [
    479.12388774811774
  ],
  "done": 743,
  "elapsed_seconds": 1333.3036852339992,
  "group": "cluster_fleet_v6/clusters/family_0036",
  "slot": 3,
  "total": 805
}
{
  "certified": [
    true
  ],
  "collected_kg": [
    296.91991786447636
  ],
  "done": 744,
  "elapsed_seconds": 1333.3037311709995,
  "group": "cluster_fleet_v6/clusters/family_0036",
  "slot": 4,
  "total": 805
}
{
  "certified": [
    true
  ],
  "collected_kg": [
    482.40930869267623
  ],
  "done": 745,
  "elapsed_seconds": 1333.3037875619993,
  "group": "cluster_fleet_v6/clusters/family_0051",
  "slot": 1,
  "total": 805
}
{
  "certified": [
    true
  ],
  "collected_kg": [
    441.06776180698154
  ],
  "done": 746,
  "elapsed_seconds": 1333.3038208260004,
  "group": "cluster_fleet_v6/clusters/family_0051",
  "slot": 2,
  "total": 805
}
{
  "certified": [
    true
  ],
  "collected_kg": [
    400.4106776180698
  ],
  "done": 747,
  "elapsed_seconds": 1333.303850885999,
  "group": "cluster_fleet_v6/clusters/family_0051",
  "slot": 3,
  "total": 805
}
{
  "certified": [
    true
  ],
  "collected_kg": [
    281.3141683778234
  ],
  "done": 748,
  "elapsed_seconds": 1333.303885833,
  "group": "cluster_fleet_v6/clusters/family_0051",
  "slot": 4,
  "total": 805
}
{
  "certified": [
    true
  ],
  "collected_kg": [
    478.02874743326487
  ],
  "done": 749,
  "elapsed_seconds": 1333.3039146819992,
  "group": "cluster_fleet_v6/clusters/family_0052",
  "slot": 1,
  "total": 805
}
{
  "certified": [
    true
  ],
  "collected_kg": [
    420.94455852156057
  ],
  "done": 750,
  "elapsed_seconds": 1333.303943129,
  "group": "cluster_fleet_v6/clusters/family_0052",
  "slot": 2,
  "total": 805
}
{
  "certified": [
    true
  ],
  "collected_kg": [
    359.7535934291581
  ],
  "done": 751,
  "elapsed_seconds": 1333.3039853690007,
  "group": "cluster_fleet_v6/clusters/family_0052",
  "slot": 4,
  "total": 805
}
{
  "certified": [
    true
  ],
  "collected_kg": [
    603.6960985626283
  ],
  "done": 752,
  "elapsed_seconds": 1347.14764311,
  "group": "cluster_fleet_v6/clusters/family_0054",
  "slot": 1,
  "total": 805
}
{
  "certified": [
    true
  ],
  "collected_kg": [
    526.488706365503
  ],
  "done": 753,
  "elapsed_seconds": 1347.1497764249998,
  "group": "cluster_fleet_v6/clusters/family_0054",
  "slot": 2,
  "total": 805
}
{
  "certified": [
    true
  ],
  "collected_kg": [
    518.2751540041068
  ],
  "done": 754,
  "elapsed_seconds": 1347.1498465709992,
  "group": "cluster_fleet_v6/clusters/family_0054",
  "slot": 3,
  "total": 805
}
{
  "certified": [
    true
  ],
  "collected_kg": [
    187.26899383983573
  ],
  "done": 755,
  "elapsed_seconds": 1347.1498840879995,
  "group": "cluster_fleet_v6/clusters/family_0054",
  "slot": 4,
  "total": 805
}
{
  "certified": [
    true
  ],
  "collected_kg": [
    563.4496919917865
  ],
  "done": 756,
  "elapsed_seconds": 1347.1499282200002,
  "group": "cluster_fleet_v6/clusters/family_0065",
  "slot": 1,
  "total": 805
}
{
  "certified": [
    true
  ],
  "collected_kg": [
    535.523613963039
  ],
  "done": 757,
  "elapsed_seconds": 1347.1499629629998,
  "group": "cluster_fleet_v6/clusters/family_0065",
  "slot": 2,
  "total": 805
}
{
  "certified": [
    true
  ],
  "collected_kg": [
    485.8316221765914
  ],
  "done": 758,
  "elapsed_seconds": 1349.1103579760002,
  "group": "cluster_fleet_v6/clusters/family_0065",
  "slot": 3,
  "total": 805
}
{
  "certified": [
    true
  ],
  "collected_kg": [
    516.6324435318276
  ],
  "done": 759,
  "elapsed_seconds": 1353.5069422899996,
  "group": "cluster_fleet_v6/clusters/family_0086",
  "slot": 1,
  "total": 805
}
{
  "certified": [
    true
  ],
  "collected_kg": [
    446.4065708418891
  ],
  "done": 760,
  "elapsed_seconds": 1353.507071168,
  "group": "cluster_fleet_v6/clusters/family_0086",
  "slot": 2,
  "total": 805
}
{
  "certified": [
    true
  ],
  "collected_kg": [
    379.46611909650926
  ],
  "done": 761,
  "elapsed_seconds": 1355.7618171819995,
  "group": "cluster_fleet_v6/clusters/family_0086",
  "slot": 3,
  "total": 805
}
{
  "certified": [
    true
  ],
  "collected_kg": [
    521.5605749486652
  ],
  "done": 762,
  "elapsed_seconds": 1355.7621073339997,
  "group": "cluster_fleet_v6/clusters/family_0090",
  "slot": 1,
  "total": 805
}
{
  "certified": [
    true
  ],
  "collected_kg": [
    465.7084188911704
  ],
  "done": 763,
  "elapsed_seconds": 1358.6255333169993,
  "group": "cluster_fleet_v6/clusters/family_0090",
  "slot": 2,
  "total": 805
}
{
  "certified": [
    true
  ],
  "collected_kg": [
    436.9609856262834
  ],
  "done": 764,
  "elapsed_seconds": 1358.6257796629998,
  "group": "cluster_fleet_v6/clusters/family_0090",
  "slot": 3,
  "total": 805
}
{
  "certified": [
    true
  ],
  "collected_kg": [
    505.3388090349076
  ],
  "done": 765,
  "elapsed_seconds": 1358.625909458,
  "group": "cluster_fleet_v6/clusters/family_0096",
  "slot": 1,
  "total": 805
}
{
  "certified": [
    true
  ],
  "collected_kg": [
    445.9958932238193
  ],
  "done": 766,
  "elapsed_seconds": 1358.6259457670003,
  "group": "cluster_fleet_v6/clusters/family_0096",
  "slot": 2,
  "total": 805
}
{
  "certified": [
    true
  ],
  "collected_kg": [
    320.7392197125257
  ],
  "done": 767,
  "elapsed_seconds": 1358.6259759259992,
  "group": "cluster_fleet_v6/clusters/family_0096",
  "slot": 3,
  "total": 805
}
{
  "certified": [
    true
  ],
  "collected_kg": [
    495.2772073921971
  ],
  "done": 768,
  "elapsed_seconds": 1358.626003886,
  "group": "cluster_fleet_v6/clusters/family_0099",
  "slot": 1,
  "total": 805
}
{
  "certified": [
    true
  ],
  "collected_kg": [
    435.7289527720739
  ],
  "done": 769,
  "elapsed_seconds": 1358.6260319209996,
  "group": "cluster_fleet_v6/clusters/family_0099",
  "slot": 2,
  "total": 805
}
{
  "certified": [
    true
  ],
  "collected_kg": [
    353.5934291581109
  ],
  "done": 770,
  "elapsed_seconds": 1359.7903997989997,
  "group": "cluster_fleet_v6/clusters/family_0099",
  "slot": 3,
  "total": 805
}
{
  "certified": [
    true
  ],
  "collected_kg": [
    497.741273100616
  ],
  "done": 771,
  "elapsed_seconds": 1374.2457986200006,
  "group": "cluster_fleet_v6/clusters/family_0108",
  "slot": 1,
  "total": 805
}
{
  "certified": [
    true
  ],
  "collected_kg": [
    458.72689938398355
  ],
  "done": 772,
  "elapsed_seconds": 1374.2459295600001,
  "group": "cluster_fleet_v6/clusters/family_0108",
  "slot": 3,
  "total": 805
}
{
  "certified": [
    true
  ],
  "collected_kg": [
    327.3100616016427
  ],
  "done": 773,
  "elapsed_seconds": 1374.2459697180002,
  "group": "cluster_fleet_v6/clusters/family_0108",
  "slot": 4,
  "total": 805
}
{
  "certified": [
    true
  ],
  "collected_kg": [
    583.1622176591376
  ],
  "done": 774,
  "elapsed_seconds": 1374.2459975759994,
  "group": "fleet10_master_v1",
  "slot": 1,
  "total": 805
}
{
  "certified": [
    true
  ],
  "collected_kg": [
    490.34907597535937
  ],
  "done": 775,
  "elapsed_seconds": 1382.1875092139999,
  "group": "fleet10_master_v1",
  "slot": 2,
  "total": 805
}
{
  "certified": [
    true
  ],
  "collected_kg": [
    433.67556468172484
  ],
  "done": 776,
  "elapsed_seconds": 1382.1876390979996,
  "group": "fleet10_master_v1",
  "slot": 4,
  "total": 805
}
{
  "certified": [
    true
  ],
  "collected_kg": [
    452.1560574948665
  ],
  "done": 777,
  "elapsed_seconds": 1388.9375267699997,
  "group": "fleet10_master_v1",
  "slot": 5,
  "total": 805
}
{
  "certified": [
    true
  ],
  "collected_kg": [
    445.9958932238193
  ],
  "done": 778,
  "elapsed_seconds": 1395.229160682,
  "group": "fleet10_master_v1",
  "slot": 6,
  "total": 805
}
{
  "certified": [
    true
  ],
  "collected_kg": [
    448.870636550308
  ],
  "done": 779,
  "elapsed_seconds": 1395.2292839069996,
  "group": "fleet10_master_v1",
  "slot": 7,
  "total": 805
}
{
  "certified": [
    true
  ],
  "collected_kg": [
    396.7145790554415
  ],
  "done": 780,
  "elapsed_seconds": 1395.2293286639997,
  "group": "fleet10_master_v1",
  "slot": 8,
  "total": 805
}
{
  "certified": [
    true
  ],
  "collected_kg": [
    354.8254620123203
  ],
  "done": 781,
  "elapsed_seconds": 1395.2293638949996,
  "group": "fleet10_master_v1",
  "slot": 9,
  "total": 805
}
{
  "certified": [
    true
  ],
  "collected_kg": [
    373.7166324435318
  ],
  "done": 782,
  "elapsed_seconds": 1395.229407842,
  "group": "fleet10_master_v1",
  "slot": 10,
  "total": 805
}
{
  "certified": [
    true
  ],
  "collected_kg": [
    354.00410677618066
  ],
  "done": 783,
  "elapsed_seconds": 1395.2294394719993,
  "group": "probe_v4_family/clusters/family_0000",
  "slot": 1,
  "total": 805
}
{
  "certified": [
    true
  ],
  "collected_kg": [
    328.0492813141684
  ],
  "done": 784,
  "elapsed_seconds": 1395.2294706129996,
  "group": "probe_v4_family/clusters/family_0000",
  "slot": 2,
  "total": 805
}
{
  "certified": [
    true
  ],
  "collected_kg": [
    332.5667351129363
  ],
  "done": 785,
  "elapsed_seconds": 1395.2296426270004,
  "group": "probe_v4_family/clusters/family_0000",
  "slot": 3,
  "total": 805
}
{
  "certified": [
    true
  ],
  "collected_kg": [
    547.0225872689939
  ],
  "done": 786,
  "elapsed_seconds": 1395.2296784419996,
  "group": "probe_v5_family247/clusters/family_0247",
  "slot": 3,
  "total": 805
}
{
  "certified": [
    true
  ],
  "collected_kg": [
    439.01437371663246
  ],
  "done": 787,
  "elapsed_seconds": 1400.285794419,
  "group": "probe_v5_family247/clusters/family_0247",
  "slot": 4,
  "total": 805
}
{
  "certified": [
    true
  ],
  "collected_kg": [
    582.7515400410678
  ],
  "done": 788,
  "elapsed_seconds": 1400.2859193490003,
  "group": "probe_v6_family/clusters/family_0001",
  "slot": 1,
  "total": 805
}
{
  "certified": [
    true
  ],
  "collected_kg": [
    598.3572895277207
  ],
  "done": 789,
  "elapsed_seconds": 1408.847817714999,
  "group": "probe_v6_family/clusters/family_0001",
  "slot": 2,
  "total": 805
}
{
  "certified": [
    true
  ],
  "collected_kg": [
    484.87337440109513
  ],
  "done": 790,
  "elapsed_seconds": 1414.7673441780007,
  "group": "probe_v6_family/clusters/family_0001",
  "slot": 3,
  "total": 805
}
{
  "certified": [
    true
  ],
  "collected_kg": [
    558.5215605749487
  ],
  "done": 791,
  "elapsed_seconds": 1414.7674378909996,
  "group": "probe_v6_family/clusters/family_0001",
  "slot": 4,
  "total": 805
}
{
  "certified": [
    true
  ],
  "collected_kg": [
    495.68788501026694
  ],
  "done": 792,
  "elapsed_seconds": 1414.7674653039994,
  "group": "probe_v6_family/clusters/family_0001",
  "slot": 5,
  "total": 805
}
{
  "certified": [
    true
  ],
  "collected_kg": [
    575.7700205338809
  ],
  "done": 793,
  "elapsed_seconds": 1414.7674871670006,
  "group": "return_sweep_v1/ships/cluster_fleet_v5_clusters_family_0004",
  "slot": 3,
  "total": 805
}
{
  "certified": [
    true
  ],
  "collected_kg": [
    552.7720739219712
  ],
  "done": 794,
  "elapsed_seconds": 1414.7675179010002,
  "group": "return_sweep_v1/ships/cluster_fleet_v5_clusters_family_0017",
  "slot": 1,
  "total": 805
}
{
  "certified": [
    true
  ],
  "collected_kg": [
    562.6283367556468
  ],
  "done": 795,
  "elapsed_seconds": 1414.7675353260001,
  "group": "return_sweep_v1/ships/cluster_fleet_v5_clusters_family_0247",
  "slot": 3,
  "total": 805
}
{
  "certified": [
    true
  ],
  "collected_kg": [
    563.4496919917864
  ],
  "done": 796,
  "elapsed_seconds": 1414.767554647,
  "group": "return_sweep_v1/ships/cluster_fleet_v5c_clusters_family_0000",
  "slot": 2,
  "total": 805
}
{
  "certified": [
    true
  ],
  "collected_kg": [
    567.9671457905545
  ],
  "done": 797,
  "elapsed_seconds": 1414.7675732730004,
  "group": "return_sweep_v1/ships/cluster_fleet_v5c_clusters_family_0001",
  "slot": 3,
  "total": 805
}
{
  "certified": [
    true
  ],
  "collected_kg": [
    564.6817248459959
  ],
  "done": 798,
  "elapsed_seconds": 1414.7675910300004,
  "group": "return_sweep_v1/ships/cluster_fleet_v5c_clusters_family_0005",
  "slot": 3,
  "total": 805
}
{
  "certified": [
    true
  ],
  "collected_kg": [
    633.264887063655
  ],
  "done": 799,
  "elapsed_seconds": 1421.8373347340003,
  "group": "return_sweep_v1/ships/cluster_fleet_v6_clusters_family_0001",
  "slot": 2,
  "total": 805
}
{
  "certified": [
    true
  ],
  "collected_kg": [
    563.0390143737167
  ],
  "done": 800,
  "elapsed_seconds": 1421.8374079330006,
  "group": "return_sweep_v1/ships/cluster_fleet_v6_clusters_family_0001",
  "slot": 4,
  "total": 805
}
{
  "certified": [
    true
  ],
  "collected_kg": [
    590.1437371663244
  ],
  "done": 801,
  "elapsed_seconds": 1421.8374332839994,
  "group": "return_sweep_v1/ships/cluster_fleet_v6_clusters_family_0005",
  "slot": 2,
  "total": 805
}
{
  "certified": [
    true
  ],
  "collected_kg": [
    584.3942505133471
  ],
  "done": 802,
  "elapsed_seconds": 1421.837452873,
  "group": "return_sweep_v1/ships/cluster_fleet_v6_clusters_family_0005",
  "slot": 3,
  "total": 805
}
{
  "certified": [
    true
  ],
  "collected_kg": [
    533.8809034907597
  ],
  "done": 803,
  "elapsed_seconds": 1421.8374714380006,
  "group": "return_sweep_v1/ships/cluster_fleet_v6_clusters_family_0009",
  "slot": 2,
  "total": 805
}
{
  "certified": [
    true
  ],
  "collected_kg": [
    563.8603696098563
  ],
  "done": 804,
  "elapsed_seconds": 1426.1056499280003,
  "group": "return_sweep_v1/ships/cluster_fleet_v6_clusters_family_0024",
  "slot": 2,
  "total": 805
}
{
  "certified": [
    true
  ],
  "collected_kg": [
    564.6817248459959
  ],
  "done": 805,
  "elapsed_seconds": 1426.1057120210007,
  "group": "return_sweep_v1/ships/cluster_fleet_v6_clusters_family_0025",
  "slot": 1,
  "total": 805
}
{
  "asteroids": 165,
  "average_collected_kg": 575.8795345653662,
  "columns": 1055,
  "master_exhaustive": false,
  "peak_rss_mb": 501.62109375,
  "run_id": "fleet_master_h100_v1",
  "score_kg": 11517.6,
  "ships": 20,
  "status": "scored",
  "wall_seconds_total": 1615.7209177950008
}
